feature_id,Chr,Start,End,Strand,Length
lncRNA_008,Porites_evermani_scaffold_1,673926,676113,+,2188
lncRNA_009,Porites_evermani_scaffold_1,673941,676113,+,2173
lncRNA_010,Porites_evermani_scaffold_1,673950,676113,+,2164
lncRNA_011,Porites_evermani_scaffold_1,703501,725784,+,22284
lncRNA_012,Porites_evermani_scaffold_1,703951,716352,+,12402
lncRNA_013,Porites_evermani_scaffold_1,828684,829844,+,1161
lncRNA_014,Porites_evermani_scaffold_1,1585604,1591753,+,6150
lncRNA_015,Porites_evermani_scaffold_1,1713393,1715523,+,2131
lncRNA_016,Porites_evermani_scaffold_1,1795464,1795935,+,472
lncRNA_019,Porites_evermani_scaffold_1,672864,676113,+,3250
lncRNA_020,Porites_evermani_scaffold_1,1084924,1089535,+,4612
lncRNA_021,Porites_evermani_scaffold_1,1084930,1089535,+,4606
lncRNA_022,Porites_evermani_scaffold_1,1084952,1089535,+,4584
lncRNA_023,Porites_evermani_scaffold_1,1207827,1209215,+,1389
lncRNA_025,Porites_evermani_scaffold_1,1781657,1782600,+,944
lncRNA_039,Porites_evermani_scaffold_1,1352561,1354203,+,1643
lncRNA_046,Porites_evermani_scaffold_10,236549,242824,+,6276
lncRNA_047,Porites_evermani_scaffold_10,260420,263168,+,2749
lncRNA_048,Porites_evermani_scaffold_10,260442,263168,+,2727
lncRNA_049,Porites_evermani_scaffold_10,260443,263168,+,2726
lncRNA_050,Porites_evermani_scaffold_10,318814,331213,+,12400
lncRNA_052,Porites_evermani_scaffold_10,318838,331213,+,12376
lncRNA_053,Porites_evermani_scaffold_10,318851,331213,+,12363
lncRNA_054,Porites_evermani_scaffold_10,318873,331213,+,12341
lncRNA_056,Porites_evermani_scaffold_10,822395,824143,+,1749
lncRNA_057,Porites_evermani_scaffold_10,889812,892154,+,2343
lncRNA_058,Porites_evermani_scaffold_10,1071469,1085067,+,13599
lncRNA_060,Porites_evermani_scaffold_10,1071780,1085067,+,13288
lncRNA_061,Porites_evermani_scaffold_10,1072125,1085067,+,12943
lncRNA_062,Porites_evermani_scaffold_10,1075487,1085067,+,9581
lncRNA_063,Porites_evermani_scaffold_10,1076009,1085067,+,9059
lncRNA_069,Porites_evermani_scaffold_10,220293,220790,+,498
lncRNA_070,Porites_evermani_scaffold_10,220328,220790,+,463
lncRNA_071,Porites_evermani_scaffold_10,240019,241619,+,1601
lncRNA_072,Porites_evermani_scaffold_10,236931,240018,+,3088
lncRNA_073,Porites_evermani_scaffold_10,241666,243723,+,2058
lncRNA_080,Porites_evermani_scaffold_10,605252,607620,+,2369
lncRNA_081,Porites_evermani_scaffold_10,619889,622666,+,2778
lncRNA_082,Porites_evermani_scaffold_10,621843,622666,+,824
lncRNA_087,Porites_evermani_scaffold_10,224070,224865,+,796
lncRNA_104,Porites_evermani_scaffold_10,1181488,1182204,+,717
lncRNA_109,Porites_evermani_scaffold_100,207223,208108,+,886
lncRNA_110,Porites_evermani_scaffold_100,444560,446944,+,2385
lncRNA_111,Porites_evermani_scaffold_100,444572,446944,+,2373
lncRNA_112,Porites_evermani_scaffold_100,503175,507443,+,4269
lncRNA_124,Porites_evermani_scaffold_1000,42,4855,+,4814
lncRNA_127,Porites_evermani_scaffold_1000,124912,129318,+,4407
lncRNA_142,Porites_evermani_scaffold_1003,121975,130912,+,8938
lncRNA_143,Porites_evermani_scaffold_1003,122040,130454,+,8415
lncRNA_153,Porites_evermani_scaffold_1006,53244,57399,+,4156
lncRNA_154,Porites_evermani_scaffold_1006,53244,63179,+,9936
lncRNA_156,Porites_evermani_scaffold_1007,57678,59771,+,2094
lncRNA_157,Porites_evermani_scaffold_1007,68045,70667,+,2623
lncRNA_158,Porites_evermani_scaffold_1007,68377,70667,+,2291
lncRNA_159,Porites_evermani_scaffold_1007,105146,106594,+,1449
lncRNA_160,Porites_evermani_scaffold_1007,148595,149854,+,1260
lncRNA_161,Porites_evermani_scaffold_1007,68340,83829,+,15490
lncRNA_162,Porites_evermani_scaffold_1007,68340,85141,+,16802
lncRNA_163,Porites_evermani_scaffold_1007,68356,83829,+,15474
lncRNA_164,Porites_evermani_scaffold_1007,70646,83829,+,13184
lncRNA_165,Porites_evermani_scaffold_1007,70666,76930,+,6265
lncRNA_166,Porites_evermani_scaffold_1007,70723,83829,+,13107
lncRNA_169,Porites_evermani_scaffold_1007,144541,145647,+,1107
lncRNA_173,Porites_evermani_scaffold_1009,337,13453,+,13117
lncRNA_174,Porites_evermani_scaffold_1009,340,13453,+,13114
lncRNA_175,Porites_evermani_scaffold_1009,340,21039,+,20700
lncRNA_176,Porites_evermani_scaffold_1009,340,27058,+,26719
lncRNA_179,Porites_evermani_scaffold_1009,14672,16786,+,2115
lncRNA_180,Porites_evermani_scaffold_1009,1,13115,+,13115
lncRNA_182,Porites_evermani_scaffold_1009,35930,37267,+,1338
lncRNA_187,Porites_evermani_scaffold_101,327434,328858,+,1425
lncRNA_189,Porites_evermani_scaffold_101,356295,357763,+,1469
lncRNA_194,Porites_evermani_scaffold_101,310044,311602,+,1559
lncRNA_198,Porites_evermani_scaffold_1010,103511,106150,+,2640
lncRNA_202,Porites_evermani_scaffold_1011,25050,27194,+,2145
lncRNA_203,Porites_evermani_scaffold_1011,29235,31773,+,2539
lncRNA_206,Porites_evermani_scaffold_1011,37798,39570,+,1773
lncRNA_211,Porites_evermani_scaffold_1012,104067,105824,+,1758
lncRNA_212,Porites_evermani_scaffold_1012,54715,56239,+,1525
lncRNA_219,Porites_evermani_scaffold_1014,42429,42811,+,383
lncRNA_220,Porites_evermani_scaffold_1014,98580,105428,+,6849
lncRNA_221,Porites_evermani_scaffold_1014,105573,106107,+,535
lncRNA_222,Porites_evermani_scaffold_1014,105581,109738,+,4158
lncRNA_225,Porites_evermani_scaffold_1014,160331,162433,+,2103
lncRNA_226,Porites_evermani_scaffold_1014,160336,162433,+,2098
lncRNA_227,Porites_evermani_scaffold_1014,160367,162433,+,2067
lncRNA_228,Porites_evermani_scaffold_1014,671,2510,+,1840
lncRNA_232,Porites_evermani_scaffold_1015,118773,127426,+,8654
lncRNA_233,Porites_evermani_scaffold_1015,119028,127426,+,8399
lncRNA_234,Porites_evermani_scaffold_1015,119035,127835,+,8801
lncRNA_235,Porites_evermani_scaffold_1015,119122,127946,+,8825
lncRNA_239,Porites_evermani_scaffold_1016,6824,13753,+,6930
lncRNA_240,Porites_evermani_scaffold_1016,138959,147092,+,8134
lncRNA_241,Porites_evermani_scaffold_1016,151560,154633,+,3074
lncRNA_244,Porites_evermani_scaffold_1016,108576,110012,+,1437
lncRNA_247,Porites_evermani_scaffold_1016,8855,9293,+,439
lncRNA_248,Porites_evermani_scaffold_1017,9638,10952,+,1315
lncRNA_249,Porites_evermani_scaffold_1017,19216,21697,+,2482
lncRNA_251,Porites_evermani_scaffold_1017,156800,161771,+,4972
lncRNA_258,Porites_evermani_scaffold_1019,4700,6810,+,2111
lncRNA_259,Porites_evermani_scaffold_1019,96061,99476,+,3416
lncRNA_261,Porites_evermani_scaffold_1019,134899,136692,+,1794
lncRNA_262,Porites_evermani_scaffold_102,506325,509352,+,3028
lncRNA_263,Porites_evermani_scaffold_102,492429,493878,+,1450
lncRNA_275,Porites_evermani_scaffold_1021,34624,38312,+,3689
lncRNA_277,Porites_evermani_scaffold_1021,36236,38312,+,2077
lncRNA_278,Porites_evermani_scaffold_1021,52705,55719,+,3015
lncRNA_279,Porites_evermani_scaffold_1021,52571,55425,+,2855
lncRNA_280,Porites_evermani_scaffold_1021,52878,58059,+,5182
lncRNA_281,Porites_evermani_scaffold_1021,72083,75028,+,2946
lncRNA_284,Porites_evermani_scaffold_1021,92574,96478,+,3905
lncRNA_285,Porites_evermani_scaffold_1021,147893,150570,+,2678
lncRNA_290,Porites_evermani_scaffold_1022,140013,141085,+,1073
lncRNA_326,Porites_evermani_scaffold_1025,88136,93501,+,5366
lncRNA_327,Porites_evermani_scaffold_1025,3944,7699,+,3756
lncRNA_328,Porites_evermani_scaffold_1025,4350,7837,+,3488
lncRNA_330,Porites_evermani_scaffold_1025,88136,93058,+,4923
lncRNA_331,Porites_evermani_scaffold_1025,88664,94261,+,5598
lncRNA_332,Porites_evermani_scaffold_1025,93230,94276,+,1047
lncRNA_336,Porites_evermani_scaffold_1026,101472,103626,+,2155
lncRNA_341,Porites_evermani_scaffold_1027,26549,28511,+,1963
lncRNA_344,Porites_evermani_scaffold_1028,1807,2200,+,394
lncRNA_350,Porites_evermani_scaffold_103,48904,60929,+,12026
lncRNA_351,Porites_evermani_scaffold_103,68975,82765,+,13791
lncRNA_352,Porites_evermani_scaffold_103,68987,82892,+,13906
lncRNA_353,Porites_evermani_scaffold_103,250744,264716,+,13973
lncRNA_355,Porites_evermani_scaffold_103,250761,257134,+,6374
lncRNA_360,Porites_evermani_scaffold_103,301257,309002,+,7746
lncRNA_361,Porites_evermani_scaffold_103,362452,363845,+,1394
lncRNA_363,Porites_evermani_scaffold_103,501870,504281,+,2412
lncRNA_372,Porites_evermani_scaffold_1030,133859,134700,+,842
lncRNA_382,Porites_evermani_scaffold_1032,113333,117807,+,4475
lncRNA_383,Porites_evermani_scaffold_1032,112586,117807,+,5222
lncRNA_384,Porites_evermani_scaffold_1032,112740,117807,+,5068
lncRNA_385,Porites_evermani_scaffold_1032,112780,117807,+,5028
lncRNA_386,Porites_evermani_scaffold_1032,147586,151888,+,4303
lncRNA_391,Porites_evermani_scaffold_1032,158626,160212,+,1587
lncRNA_396,Porites_evermani_scaffold_1033,104707,105455,+,749
lncRNA_399,Porites_evermani_scaffold_1034,77048,85374,+,8327
lncRNA_406,Porites_evermani_scaffold_1035,60424,61852,+,1429
lncRNA_407,Porites_evermani_scaffold_1035,118207,120930,+,2724
lncRNA_408,Porites_evermani_scaffold_1035,111703,113549,+,1847
lncRNA_411,Porites_evermani_scaffold_1035,10607,15859,+,5253
lncRNA_417,Porites_evermani_scaffold_1037,157919,159871,+,1953
lncRNA_420,Porites_evermani_scaffold_1038,44183,49464,+,5282
lncRNA_422,Porites_evermani_scaffold_1038,19388,20801,+,1414
lncRNA_425,Porites_evermani_scaffold_1039,95572,101075,+,5504
lncRNA_426,Porites_evermani_scaffold_1039,101076,106946,+,5871
lncRNA_427,Porites_evermani_scaffold_1039,59624,61631,+,2008
lncRNA_435,Porites_evermani_scaffold_104,286846,289113,+,2268
lncRNA_436,Porites_evermani_scaffold_104,290846,294366,+,3521
lncRNA_437,Porites_evermani_scaffold_104,302737,306444,+,3708
lncRNA_438,Porites_evermani_scaffold_104,302739,306444,+,3706
lncRNA_439,Porites_evermani_scaffold_104,302756,306444,+,3689
lncRNA_441,Porites_evermani_scaffold_104,291663,293361,+,1699
lncRNA_442,Porites_evermani_scaffold_104,291675,293361,+,1687
lncRNA_443,Porites_evermani_scaffold_104,291702,293361,+,1660
lncRNA_450,Porites_evermani_scaffold_1040,878,2387,+,1510
lncRNA_453,Porites_evermani_scaffold_1040,85864,86844,+,981
lncRNA_456,Porites_evermani_scaffold_1041,107028,112685,+,5658
lncRNA_457,Porites_evermani_scaffold_1041,107217,113306,+,6090
lncRNA_458,Porites_evermani_scaffold_1041,107440,112685,+,5246
lncRNA_462,Porites_evermani_scaffold_1042,103395,105940,+,2546
lncRNA_463,Porites_evermani_scaffold_1042,98298,100090,+,1793
lncRNA_465,Porites_evermani_scaffold_1043,78555,97105,+,18551
lncRNA_470,Porites_evermani_scaffold_1044,5738,6102,+,365
lncRNA_484,Porites_evermani_scaffold_1046,14105,28343,+,14239
lncRNA_485,Porites_evermani_scaffold_1046,141053,144714,+,3662
lncRNA_487,Porites_evermani_scaffold_1046,151692,153278,+,1587
lncRNA_492,Porites_evermani_scaffold_1047,94651,95702,+,1052
lncRNA_494,Porites_evermani_scaffold_1048,101843,104223,+,2381
lncRNA_495,Porites_evermani_scaffold_1048,148103,158604,+,10502
lncRNA_498,Porites_evermani_scaffold_105,19641,22410,+,2770
lncRNA_500,Porites_evermani_scaffold_105,407436,407769,+,334
lncRNA_501,Porites_evermani_scaffold_105,456903,466475,+,9573
lncRNA_503,Porites_evermani_scaffold_105,295382,295995,+,614
lncRNA_504,Porites_evermani_scaffold_105,405168,406633,+,1466
lncRNA_505,Porites_evermani_scaffold_105,456903,466934,+,10032
lncRNA_508,Porites_evermani_scaffold_105,371845,373105,+,1261
lncRNA_514,Porites_evermani_scaffold_1050,70980,71300,+,321
lncRNA_515,Porites_evermani_scaffold_1050,76629,77019,+,391
lncRNA_517,Porites_evermani_scaffold_1051,1902,3115,+,1214
lncRNA_518,Porites_evermani_scaffold_1051,67237,74773,+,7537
lncRNA_519,Porites_evermani_scaffold_1051,67242,74773,+,7532
lncRNA_520,Porites_evermani_scaffold_1051,94768,97619,+,2852
lncRNA_522,Porites_evermani_scaffold_1051,1,3974,+,3974
lncRNA_523,Porites_evermani_scaffold_1051,12670,16810,+,4141
lncRNA_524,Porites_evermani_scaffold_1051,67215,74840,+,7626
lncRNA_525,Porites_evermani_scaffold_1051,71093,74840,+,3748
lncRNA_526,Porites_evermani_scaffold_1051,95829,98500,+,2672
lncRNA_527,Porites_evermani_scaffold_1051,96792,98500,+,1709
lncRNA_532,Porites_evermani_scaffold_1052,25200,28161,+,2962
lncRNA_533,Porites_evermani_scaffold_1052,25412,28161,+,2750
lncRNA_535,Porites_evermani_scaffold_1052,61269,62459,+,1191
lncRNA_538,Porites_evermani_scaffold_1052,94135,95485,+,1351
lncRNA_546,Porites_evermani_scaffold_1053,88203,89541,+,1339
lncRNA_547,Porites_evermani_scaffold_1053,62970,65673,+,2704
lncRNA_548,Porites_evermani_scaffold_1053,89311,91965,+,2655
lncRNA_549,Porites_evermani_scaffold_1053,145203,148853,+,3651
lncRNA_550,Porites_evermani_scaffold_1053,56697,57550,+,854
lncRNA_554,Porites_evermani_scaffold_1055,94557,95347,+,791
lncRNA_555,Porites_evermani_scaffold_1055,99128,106073,+,6946
lncRNA_556,Porites_evermani_scaffold_1055,101486,106073,+,4588
lncRNA_558,Porites_evermani_scaffold_1055,101486,106226,+,4741
lncRNA_559,Porites_evermani_scaffold_1055,101619,106226,+,4608
lncRNA_561,Porites_evermani_scaffold_1055,156686,158428,+,1743
lncRNA_566,Porites_evermani_scaffold_1056,86545,86878,+,334
lncRNA_569,Porites_evermani_scaffold_1057,43480,44032,+,553
lncRNA_571,Porites_evermani_scaffold_1058,150445,153478,+,3034
lncRNA_578,Porites_evermani_scaffold_1059,36,1541,+,1506
lncRNA_579,Porites_evermani_scaffold_1059,132578,137540,+,4963
lncRNA_587,Porites_evermani_scaffold_106,144238,154279,+,10042
lncRNA_588,Porites_evermani_scaffold_106,186062,186676,+,615
lncRNA_591,Porites_evermani_scaffold_106,277644,300872,+,23229
lncRNA_592,Porites_evermani_scaffold_106,288014,300872,+,12859
lncRNA_593,Porites_evermani_scaffold_106,309587,313692,+,4106
lncRNA_596,Porites_evermani_scaffold_106,340299,343470,+,3172
lncRNA_598,Porites_evermani_scaffold_106,373265,376194,+,2930
lncRNA_599,Porites_evermani_scaffold_106,376892,379900,+,3009
lncRNA_600,Porites_evermani_scaffold_106,475856,488855,+,13000
lncRNA_601,Porites_evermani_scaffold_106,476021,488720,+,12700
lncRNA_602,Porites_evermani_scaffold_106,476586,488250,+,11665
lncRNA_606,Porites_evermani_scaffold_106,167112,168819,+,1708
lncRNA_607,Porites_evermani_scaffold_106,174075,186566,+,12492
lncRNA_612,Porites_evermani_scaffold_106,277693,288398,+,10706
lncRNA_613,Porites_evermani_scaffold_106,278326,289111,+,10786
lncRNA_624,Porites_evermani_scaffold_1060,36701,37994,+,1294
lncRNA_625,Porites_evermani_scaffold_1060,37995,38977,+,983
lncRNA_627,Porites_evermani_scaffold_1061,130469,140911,+,10443
lncRNA_628,Porites_evermani_scaffold_1061,130469,142486,+,12018
lncRNA_637,Porites_evermani_scaffold_1063,110101,116026,+,5926
lncRNA_638,Porites_evermani_scaffold_1063,120894,122512,+,1619
lncRNA_639,Porites_evermani_scaffold_1063,123227,125552,+,2326
lncRNA_643,Porites_evermani_scaffold_1064,147359,153384,+,6026
lncRNA_644,Porites_evermani_scaffold_1065,154953,157025,+,2073
lncRNA_646,Porites_evermani_scaffold_1066,75334,78502,+,3169
lncRNA_653,Porites_evermani_scaffold_1068,153496,156396,+,2901
lncRNA_654,Porites_evermani_scaffold_1069,56623,66661,+,10039
lncRNA_655,Porites_evermani_scaffold_1069,4,1911,+,1908
lncRNA_656,Porites_evermani_scaffold_1069,112,1911,+,1800
lncRNA_657,Porites_evermani_scaffold_1069,178,1911,+,1734
lncRNA_658,Porites_evermani_scaffold_1069,1027,1911,+,885
lncRNA_659,Porites_evermani_scaffold_1069,116157,119707,+,3551
lncRNA_664,Porites_evermani_scaffold_107,1,3705,+,3705
lncRNA_665,Porites_evermani_scaffold_107,35482,39458,+,3977
lncRNA_669,Porites_evermani_scaffold_107,215927,220072,+,4146
lncRNA_670,Porites_evermani_scaffold_107,216181,220072,+,3892
lncRNA_672,Porites_evermani_scaffold_107,236780,237670,+,891
lncRNA_677,Porites_evermani_scaffold_107,496556,507501,+,10946
lncRNA_683,Porites_evermani_scaffold_1070,94428,95876,+,1449
lncRNA_684,Porites_evermani_scaffold_1070,77230,77845,+,616
lncRNA_685,Porites_evermani_scaffold_1070,79064,82919,+,3856
lncRNA_686,Porites_evermani_scaffold_1070,80876,92334,+,11459
lncRNA_687,Porites_evermani_scaffold_1070,92770,93730,+,961
lncRNA_688,Porites_evermani_scaffold_1070,102974,105465,+,2492
lncRNA_689,Porites_evermani_scaffold_1070,128350,138366,+,10017
lncRNA_691,Porites_evermani_scaffold_1071,82278,84275,+,1998
lncRNA_692,Porites_evermani_scaffold_1071,26680,27335,+,656
lncRNA_697,Porites_evermani_scaffold_1072,9023,14601,+,5579
lncRNA_704,Porites_evermani_scaffold_1072,156220,156757,+,538
lncRNA_713,Porites_evermani_scaffold_1075,32391,35940,+,3550
lncRNA_714,Porites_evermani_scaffold_1075,32915,36613,+,3699
lncRNA_715,Porites_evermani_scaffold_1075,32918,36613,+,3696
lncRNA_716,Porites_evermani_scaffold_1075,33320,37751,+,4432
lncRNA_717,Porites_evermani_scaffold_1075,42662,49075,+,6414
lncRNA_718,Porites_evermani_scaffold_1075,44522,49075,+,4554
lncRNA_720,Porites_evermani_scaffold_1075,61390,63070,+,1681
lncRNA_733,Porites_evermani_scaffold_1079,124918,133117,+,8200
lncRNA_734,Porites_evermani_scaffold_1079,128160,133117,+,4958
lncRNA_735,Porites_evermani_scaffold_1079,128212,133117,+,4906
lncRNA_737,Porites_evermani_scaffold_1079,128346,133117,+,4772
lncRNA_738,Porites_evermani_scaffold_1079,87854,92019,+,4166
lncRNA_740,Porites_evermani_scaffold_108,497951,499249,+,1299
lncRNA_742,Porites_evermani_scaffold_108,445345,446788,+,1444
lncRNA_754,Porites_evermani_scaffold_1081,617,4567,+,3951
lncRNA_755,Porites_evermani_scaffold_1081,631,4567,+,3937
lncRNA_760,Porites_evermani_scaffold_1081,35586,42914,+,7329
lncRNA_761,Porites_evermani_scaffold_1081,37504,42914,+,5411
lncRNA_762,Porites_evermani_scaffold_1081,71338,84577,+,13240
lncRNA_763,Porites_evermani_scaffold_1081,114680,119849,+,5170
lncRNA_765,Porites_evermani_scaffold_1081,111881,112732,+,852
lncRNA_768,Porites_evermani_scaffold_1082,136502,137383,+,882
lncRNA_769,Porites_evermani_scaffold_1082,136672,142985,+,6314
lncRNA_770,Porites_evermani_scaffold_1082,137426,142985,+,5560
lncRNA_771,Porites_evermani_scaffold_1082,137737,143206,+,5470
lncRNA_772,Porites_evermani_scaffold_1082,141612,142985,+,1374
lncRNA_775,Porites_evermani_scaffold_1083,69660,70348,+,689
lncRNA_776,Porites_evermani_scaffold_1083,147395,152069,+,4675
lncRNA_777,Porites_evermani_scaffold_1083,147917,152069,+,4153
lncRNA_778,Porites_evermani_scaffold_1083,153459,155180,+,1722
lncRNA_783,Porites_evermani_scaffold_1084,15510,16653,+,1144
lncRNA_784,Porites_evermani_scaffold_1084,564,766,+,203
lncRNA_792,Porites_evermani_scaffold_1087,86401,93513,+,7113
lncRNA_793,Porites_evermani_scaffold_1087,86677,93513,+,6837
lncRNA_794,Porites_evermani_scaffold_1087,91610,93609,+,2000
lncRNA_795,Porites_evermani_scaffold_1087,131511,131990,+,480
lncRNA_801,Porites_evermani_scaffold_109,169029,186446,+,17418
lncRNA_802,Porites_evermani_scaffold_109,169062,186446,+,17385
lncRNA_803,Porites_evermani_scaffold_109,339783,341484,+,1702
lncRNA_804,Porites_evermani_scaffold_109,499241,502641,+,3401
lncRNA_805,Porites_evermani_scaffold_109,9802,16367,+,6566
lncRNA_806,Porites_evermani_scaffold_109,9896,13118,+,3223
lncRNA_807,Porites_evermani_scaffold_109,9902,16367,+,6466
lncRNA_808,Porites_evermani_scaffold_109,229755,233700,+,3946
lncRNA_818,Porites_evermani_scaffold_1091,18420,19506,+,1087
lncRNA_819,Porites_evermani_scaffold_1091,20583,25085,+,4503
lncRNA_820,Porites_evermani_scaffold_1091,16825,19113,+,2289
lncRNA_822,Porites_evermani_scaffold_1092,33988,37937,+,3950
lncRNA_823,Porites_evermani_scaffold_1092,67244,68028,+,785
lncRNA_828,Porites_evermani_scaffold_1094,13,3253,+,3241
lncRNA_829,Porites_evermani_scaffold_1094,15952,18165,+,2214
lncRNA_833,Porites_evermani_scaffold_1095,90282,92944,+,2663
lncRNA_836,Porites_evermani_scaffold_1096,71430,82865,+,11436
lncRNA_837,Porites_evermani_scaffold_1096,71455,82865,+,11411
lncRNA_844,Porites_evermani_scaffold_1097,123749,125622,+,1874
lncRNA_845,Porites_evermani_scaffold_1097,123749,127106,+,3358
lncRNA_847,Porites_evermani_scaffold_1098,25953,27276,+,1324
lncRNA_848,Porites_evermani_scaffold_1098,122024,130923,+,8900
lncRNA_855,Porites_evermani_scaffold_1099,9699,10473,+,775
lncRNA_860,Porites_evermani_scaffold_11,306256,310294,+,4039
lncRNA_861,Porites_evermani_scaffold_11,306309,310294,+,3986
lncRNA_862,Porites_evermani_scaffold_11,375710,383076,+,7367
lncRNA_871,Porites_evermani_scaffold_11,220394,225046,+,4653
lncRNA_873,Porites_evermani_scaffold_11,590503,597900,+,7398
lncRNA_878,Porites_evermani_scaffold_11,517763,518146,+,384
lncRNA_879,Porites_evermani_scaffold_11,518753,519171,+,419
lncRNA_899,Porites_evermani_scaffold_110,129840,138744,+,8905
lncRNA_900,Porites_evermani_scaffold_110,134607,135642,+,1036
lncRNA_901,Porites_evermani_scaffold_110,70686,74719,+,4034
lncRNA_902,Porites_evermani_scaffold_110,292381,303858,+,11478
lncRNA_903,Porites_evermani_scaffold_110,304022,305560,+,1539
lncRNA_905,Porites_evermani_scaffold_110,394126,401887,+,7762
lncRNA_913,Porites_evermani_scaffold_1100,144331,147011,+,2681
lncRNA_914,Porites_evermani_scaffold_1101,130332,131936,+,1605
lncRNA_915,Porites_evermani_scaffold_1101,11728,14250,+,2523
lncRNA_916,Porites_evermani_scaffold_1101,12609,13945,+,1337
lncRNA_917,Porites_evermani_scaffold_1101,13023,13945,+,923
lncRNA_918,Porites_evermani_scaffold_1102,115526,116699,+,1174
lncRNA_919,Porites_evermani_scaffold_1102,35055,37381,+,2327
lncRNA_922,Porites_evermani_scaffold_1103,78346,86418,+,8073
lncRNA_923,Porites_evermani_scaffold_1103,78349,85695,+,7347
lncRNA_928,Porites_evermani_scaffold_1104,133276,137248,+,3973
lncRNA_942,Porites_evermani_scaffold_1105,138265,141062,+,2798
lncRNA_953,Porites_evermani_scaffold_1105,103064,105131,+,2068
lncRNA_955,Porites_evermani_scaffold_1106,149836,152010,+,2175
lncRNA_968,Porites_evermani_scaffold_1108,24520,32328,+,7809
lncRNA_969,Porites_evermani_scaffold_1108,25605,32004,+,6400
lncRNA_970,Porites_evermani_scaffold_1108,24520,32950,+,8431
lncRNA_971,Porites_evermani_scaffold_1108,29853,31797,+,1945
lncRNA_972,Porites_evermani_scaffold_1108,29881,31797,+,1917
lncRNA_973,Porites_evermani_scaffold_1108,38675,41329,+,2655
lncRNA_986,Porites_evermani_scaffold_111,281169,286347,+,5179
lncRNA_993,Porites_evermani_scaffold_1110,101356,106591,+,5236
lncRNA_994,Porites_evermani_scaffold_1110,101858,106862,+,5005
lncRNA_997,Porites_evermani_scaffold_1111,36245,38638,+,2394
lncRNA_998,Porites_evermani_scaffold_1111,37294,38638,+,1345
lncRNA_1000,Porites_evermani_scaffold_1111,32359,35593,+,3235
lncRNA_1005,Porites_evermani_scaffold_1112,145210,147021,+,1812
lncRNA_1008,Porites_evermani_scaffold_1112,148040,150083,+,2044
lncRNA_1013,Porites_evermani_scaffold_1112,83623,84652,+,1030
lncRNA_1015,Porites_evermani_scaffold_1113,74429,75169,+,741
lncRNA_1022,Porites_evermani_scaffold_1115,81363,91958,+,10596
lncRNA_1023,Porites_evermani_scaffold_1115,87124,92598,+,5475
lncRNA_1024,Porites_evermani_scaffold_1115,1,870,+,870
lncRNA_1031,Porites_evermani_scaffold_1116,63,4321,+,4259
lncRNA_1032,Porites_evermani_scaffold_1116,25777,28706,+,2930
lncRNA_1033,Porites_evermani_scaffold_1116,25923,30604,+,4682
lncRNA_1034,Porites_evermani_scaffold_1116,26005,30604,+,4600
lncRNA_1036,Porites_evermani_scaffold_1116,113347,114400,+,1054
lncRNA_1037,Porites_evermani_scaffold_1116,24332,25468,+,1137
lncRNA_1038,Porites_evermani_scaffold_1116,25991,30032,+,4042
lncRNA_1054,Porites_evermani_scaffold_1119,18395,20053,+,1659
lncRNA_1056,Porites_evermani_scaffold_1119,118544,122210,+,3667
lncRNA_1058,Porites_evermani_scaffold_1119,118020,119851,+,1832
lncRNA_1060,Porites_evermani_scaffold_112,434225,439204,+,4980
lncRNA_1061,Porites_evermani_scaffold_112,437253,439335,+,2083
lncRNA_1065,Porites_evermani_scaffold_112,402993,403683,+,691
lncRNA_1066,Porites_evermani_scaffold_112,432597,439202,+,6606
lncRNA_1067,Porites_evermani_scaffold_112,433461,439202,+,5742
lncRNA_1068,Porites_evermani_scaffold_112,433561,439202,+,5642
lncRNA_1069,Porites_evermani_scaffold_112,434222,439202,+,4981
lncRNA_1070,Porites_evermani_scaffold_112,22414,24852,+,2439
lncRNA_1075,Porites_evermani_scaffold_112,279985,280681,+,697
lncRNA_1081,Porites_evermani_scaffold_112,484933,485509,+,577
lncRNA_1086,Porites_evermani_scaffold_1120,123813,127732,+,3920
lncRNA_1087,Porites_evermani_scaffold_1120,129633,133936,+,4304
lncRNA_1093,Porites_evermani_scaffold_1121,17523,21781,+,4259
lncRNA_1094,Porites_evermani_scaffold_1121,17838,21781,+,3944
lncRNA_1098,Porites_evermani_scaffold_1122,1,11004,+,11004
lncRNA_1099,Porites_evermani_scaffold_1122,30388,31745,+,1358
lncRNA_1100,Porites_evermani_scaffold_1122,150259,151532,+,1274
lncRNA_1106,Porites_evermani_scaffold_1123,135463,138090,+,2628
lncRNA_1107,Porites_evermani_scaffold_1123,136785,138090,+,1306
lncRNA_1111,Porites_evermani_scaffold_1125,40692,41865,+,1174
lncRNA_1112,Porites_evermani_scaffold_1125,96100,100039,+,3940
lncRNA_1119,Porites_evermani_scaffold_1126,146298,150081,+,3784
lncRNA_1120,Porites_evermani_scaffold_1126,146796,150081,+,3286
lncRNA_1121,Porites_evermani_scaffold_1126,146923,150081,+,3159
lncRNA_1123,Porites_evermani_scaffold_1126,86426,87889,+,1464
lncRNA_1130,Porites_evermani_scaffold_1127,112923,118958,+,6036
lncRNA_1136,Porites_evermani_scaffold_1129,36,4828,+,4793
lncRNA_1144,Porites_evermani_scaffold_113,127894,132208,+,4315
lncRNA_1146,Porites_evermani_scaffold_113,12605,13995,+,1391
lncRNA_1147,Porites_evermani_scaffold_113,14419,16544,+,2126
lncRNA_1148,Porites_evermani_scaffold_113,14467,16206,+,1740
lncRNA_1149,Porites_evermani_scaffold_113,376985,377455,+,471
lncRNA_1151,Porites_evermani_scaffold_113,3535,4137,+,603
lncRNA_1159,Porites_evermani_scaffold_1130,52056,54799,+,2744
lncRNA_1168,Porites_evermani_scaffold_1131,117997,119675,+,1679
lncRNA_1176,Porites_evermani_scaffold_1132,124632,131410,+,6779
lncRNA_1182,Porites_evermani_scaffold_1133,34820,39128,+,4309
lncRNA_1183,Porites_evermani_scaffold_1133,35018,39128,+,4111
lncRNA_1184,Porites_evermani_scaffold_1133,35076,39128,+,4053
lncRNA_1185,Porites_evermani_scaffold_1133,35080,39128,+,4049
lncRNA_1186,Porites_evermani_scaffold_1133,35123,39128,+,4006
lncRNA_1187,Porites_evermani_scaffold_1133,36343,39128,+,2786
lncRNA_1188,Porites_evermani_scaffold_1133,38753,39128,+,376
lncRNA_1189,Porites_evermani_scaffold_1133,40498,41020,+,523
lncRNA_1190,Porites_evermani_scaffold_1133,44638,50133,+,5496
lncRNA_1191,Porites_evermani_scaffold_1133,81710,84505,+,2796
lncRNA_1193,Porites_evermani_scaffold_1133,34964,39125,+,4162
lncRNA_1196,Porites_evermani_scaffold_1135,9431,10841,+,1411
lncRNA_1215,Porites_evermani_scaffold_114,109039,114695,+,5657
lncRNA_1216,Porites_evermani_scaffold_114,109068,114695,+,5628
lncRNA_1217,Porites_evermani_scaffold_114,247778,265777,+,18000
lncRNA_1218,Porites_evermani_scaffold_114,247836,265777,+,17942
lncRNA_1220,Porites_evermani_scaffold_114,485308,487290,+,1983
lncRNA_1221,Porites_evermani_scaffold_114,62907,78691,+,15785
lncRNA_1222,Porites_evermani_scaffold_114,211800,214377,+,2578
lncRNA_1230,Porites_evermani_scaffold_1140,122459,129081,+,6623
lncRNA_1232,Porites_evermani_scaffold_1140,122461,129081,+,6621
lncRNA_1233,Porites_evermani_scaffold_1140,122461,129205,+,6745
lncRNA_1234,Porites_evermani_scaffold_1140,122461,130323,+,7863
lncRNA_1235,Porites_evermani_scaffold_1140,122769,130323,+,7555
lncRNA_1236,Porites_evermani_scaffold_1140,122846,129205,+,6360
lncRNA_1237,Porites_evermani_scaffold_1140,122846,130323,+,7478
lncRNA_1238,Porites_evermani_scaffold_1140,122942,129081,+,6140
lncRNA_1239,Porites_evermani_scaffold_1140,14364,29076,+,14713
lncRNA_1244,Porites_evermani_scaffold_1141,7741,9300,+,1560
lncRNA_1250,Porites_evermani_scaffold_1141,135146,136154,+,1009
lncRNA_1251,Porites_evermani_scaffold_1142,31972,33092,+,1121
lncRNA_1252,Porites_evermani_scaffold_1142,28515,32893,+,4379
lncRNA_1253,Porites_evermani_scaffold_1142,10332,10716,+,385
lncRNA_1256,Porites_evermani_scaffold_1143,78282,82801,+,4520
lncRNA_1258,Porites_evermani_scaffold_1143,105989,107883,+,1895
lncRNA_1265,Porites_evermani_scaffold_1144,96612,98367,+,1756
lncRNA_1275,Porites_evermani_scaffold_1146,73096,74168,+,1073
lncRNA_1277,Porites_evermani_scaffold_1147,133177,149929,+,16753
lncRNA_1278,Porites_evermani_scaffold_1148,12090,16550,+,4461
lncRNA_1280,Porites_evermani_scaffold_1148,12171,16550,+,4380
lncRNA_1283,Porites_evermani_scaffold_1148,21238,28262,+,7025
lncRNA_1284,Porites_evermani_scaffold_1148,21315,28262,+,6948
lncRNA_1285,Porites_evermani_scaffold_1148,23041,25503,+,2463
lncRNA_1286,Porites_evermani_scaffold_1148,12056,19727,+,7672
lncRNA_1287,Porites_evermani_scaffold_1148,16489,19727,+,3239
lncRNA_1288,Porites_evermani_scaffold_1148,21309,25493,+,4185
lncRNA_1289,Porites_evermani_scaffold_1148,126110,128907,+,2798
lncRNA_1293,Porites_evermani_scaffold_1149,86603,99162,+,12560
lncRNA_1294,Porites_evermani_scaffold_1149,98793,113967,+,15175
lncRNA_1295,Porites_evermani_scaffold_1149,122805,124583,+,1779
lncRNA_1296,Porites_evermani_scaffold_1149,86598,100351,+,13754
lncRNA_1297,Porites_evermani_scaffold_1149,87011,100351,+,13341
lncRNA_1302,Porites_evermani_scaffold_115,322187,328007,+,5821
lncRNA_1303,Porites_evermani_scaffold_115,386454,388402,+,1949
lncRNA_1304,Porites_evermani_scaffold_115,314534,318685,+,4152
lncRNA_1305,Porites_evermani_scaffold_115,315748,320114,+,4367
lncRNA_1306,Porites_evermani_scaffold_115,315771,320448,+,4678
lncRNA_1307,Porites_evermani_scaffold_115,318031,322114,+,4084
lncRNA_1309,Porites_evermani_scaffold_115,466566,470647,+,4082
lncRNA_1322,Porites_evermani_scaffold_1150,129598,134347,+,4750
lncRNA_1327,Porites_evermani_scaffold_1152,147234,149277,+,2044
lncRNA_1331,Porites_evermani_scaffold_1153,24447,26765,+,2319
lncRNA_1341,Porites_evermani_scaffold_1155,107017,110420,+,3404
lncRNA_1342,Porites_evermani_scaffold_1155,107247,110420,+,3174
lncRNA_1343,Porites_evermani_scaffold_1155,107918,110420,+,2503
lncRNA_1349,Porites_evermani_scaffold_1156,6198,7696,+,1499
lncRNA_1352,Porites_evermani_scaffold_1156,48285,55252,+,6968
lncRNA_1354,Porites_evermani_scaffold_1156,56996,57857,+,862
lncRNA_1357,Porites_evermani_scaffold_1157,118103,127746,+,9644
lncRNA_1358,Porites_evermani_scaffold_1157,63308,67796,+,4489
lncRNA_1359,Porites_evermani_scaffold_1157,64484,67796,+,3313
lncRNA_1360,Porites_evermani_scaffold_1157,64555,67796,+,3242
lncRNA_1365,Porites_evermani_scaffold_1158,93460,100514,+,7055
lncRNA_1369,Porites_evermani_scaffold_1159,84476,94224,+,9749
lncRNA_1371,Porites_evermani_scaffold_1159,15190,16060,+,871
lncRNA_1373,Porites_evermani_scaffold_116,473896,475123,+,1228
lncRNA_1380,Porites_evermani_scaffold_116,310584,311164,+,581
lncRNA_1388,Porites_evermani_scaffold_1161,124995,130539,+,5545
lncRNA_1389,Porites_evermani_scaffold_1161,125751,130432,+,4682
lncRNA_1390,Porites_evermani_scaffold_1161,126062,130432,+,4371
lncRNA_1392,Porites_evermani_scaffold_1162,132445,144206,+,11762
lncRNA_1398,Porites_evermani_scaffold_1164,53202,57222,+,4021
lncRNA_1400,Porites_evermani_scaffold_1164,65078,66606,+,1529
lncRNA_1401,Porites_evermani_scaffold_1164,94086,97096,+,3011
lncRNA_1402,Porites_evermani_scaffold_1164,94086,98037,+,3952
lncRNA_1403,Porites_evermani_scaffold_1164,94088,98037,+,3950
lncRNA_1404,Porites_evermani_scaffold_1164,95271,97096,+,1826
lncRNA_1405,Porites_evermani_scaffold_1164,95271,98037,+,2767
lncRNA_1407,Porites_evermani_scaffold_1164,84351,87806,+,3456
lncRNA_1410,Porites_evermani_scaffold_1165,73405,75637,+,2233
lncRNA_1411,Porites_evermani_scaffold_1165,73633,75637,+,2005
lncRNA_1428,Porites_evermani_scaffold_1169,105,1989,+,1885
lncRNA_1429,Porites_evermani_scaffold_1169,77756,96351,+,18596
lncRNA_1431,Porites_evermani_scaffold_117,38128,39240,+,1113
lncRNA_1437,Porites_evermani_scaffold_1170,8349,9230,+,882
lncRNA_1443,Porites_evermani_scaffold_1171,77912,79735,+,1824
lncRNA_1444,Porites_evermani_scaffold_1172,17968,34072,+,16105
lncRNA_1450,Porites_evermani_scaffold_1173,138486,140396,+,1911
lncRNA_1460,Porites_evermani_scaffold_1175,92199,95879,+,3681
lncRNA_1461,Porites_evermani_scaffold_1175,141145,144830,+,3686
lncRNA_1462,Porites_evermani_scaffold_1175,141177,144830,+,3654
lncRNA_1466,Porites_evermani_scaffold_1176,52809,80388,+,27580
lncRNA_1469,Porites_evermani_scaffold_1176,3959,10080,+,6122
lncRNA_1471,Porites_evermani_scaffold_1177,142567,147420,+,4854
lncRNA_1478,Porites_evermani_scaffold_1179,145009,147281,+,2273
lncRNA_1479,Porites_evermani_scaffold_1179,145420,147281,+,1862
lncRNA_1482,Porites_evermani_scaffold_118,121273,124038,+,2766
lncRNA_1483,Porites_evermani_scaffold_118,132751,138628,+,5878
lncRNA_1484,Porites_evermani_scaffold_118,184768,186304,+,1537
lncRNA_1493,Porites_evermani_scaffold_1180,29,9921,+,9893
lncRNA_1494,Porites_evermani_scaffold_1180,1928,9915,+,7988
lncRNA_1496,Porites_evermani_scaffold_1181,49458,50255,+,798
lncRNA_1499,Porites_evermani_scaffold_1181,127878,128153,+,276
lncRNA_1508,Porites_evermani_scaffold_1183,49156,52057,+,2902
lncRNA_1512,Porites_evermani_scaffold_1184,128105,130673,+,2569
lncRNA_1513,Porites_evermani_scaffold_1185,15945,22082,+,6138
lncRNA_1514,Porites_evermani_scaffold_1185,41472,54496,+,13025
lncRNA_1515,Porites_evermani_scaffold_1185,15587,22082,+,6496
lncRNA_1517,Porites_evermani_scaffold_1185,15632,20436,+,4805
lncRNA_1518,Porites_evermani_scaffold_1185,15809,22082,+,6274
lncRNA_1519,Porites_evermani_scaffold_1185,16068,22082,+,6015
lncRNA_1521,Porites_evermani_scaffold_1185,16102,22082,+,5981
lncRNA_1523,Porites_evermani_scaffold_1186,137948,145087,+,7140
lncRNA_1530,Porites_evermani_scaffold_1187,72733,80658,+,7926
lncRNA_1544,Porites_evermani_scaffold_119,423221,446462,+,23242
lncRNA_1545,Porites_evermani_scaffold_119,4327,17272,+,12946
lncRNA_1546,Porites_evermani_scaffold_119,59487,62786,+,3300
lncRNA_1555,Porites_evermani_scaffold_1191,127681,128381,+,701
lncRNA_1556,Porites_evermani_scaffold_1192,961,7289,+,6329
lncRNA_1566,Porites_evermani_scaffold_1193,12063,14505,+,2443
lncRNA_1570,Porites_evermani_scaffold_1194,1948,5246,+,3299
lncRNA_1571,Porites_evermani_scaffold_1194,81542,89208,+,7667
lncRNA_1574,Porites_evermani_scaffold_1194,122623,144666,+,22044
lncRNA_1575,Porites_evermani_scaffold_1194,122741,144666,+,21926
lncRNA_1576,Porites_evermani_scaffold_1194,727,3041,+,2315
lncRNA_1578,Porites_evermani_scaffold_1194,75252,76037,+,786
lncRNA_1579,Porites_evermani_scaffold_1194,81462,88068,+,6607
lncRNA_1582,Porites_evermani_scaffold_1195,130485,133262,+,2778
lncRNA_1583,Porites_evermani_scaffold_1195,130514,133262,+,2749
lncRNA_1587,Porites_evermani_scaffold_1195,130490,134154,+,3665
lncRNA_1588,Porites_evermani_scaffold_1195,130516,133106,+,2591
lncRNA_1589,Porites_evermani_scaffold_1195,130544,132669,+,2126
lncRNA_1614,Porites_evermani_scaffold_12,380329,381772,+,1444
lncRNA_1615,Porites_evermani_scaffold_12,380339,381554,+,1216
lncRNA_1616,Porites_evermani_scaffold_12,380363,382429,+,2067
lncRNA_1617,Porites_evermani_scaffold_12,738681,739574,+,894
lncRNA_1618,Porites_evermani_scaffold_12,834136,841226,+,7091
lncRNA_1619,Porites_evermani_scaffold_12,899986,903324,+,3339
lncRNA_1626,Porites_evermani_scaffold_12,378036,378295,+,260
lncRNA_1630,Porites_evermani_scaffold_12,1025400,1026328,+,929
lncRNA_1631,Porites_evermani_scaffold_12,1115349,1117838,+,2490
lncRNA_1632,Porites_evermani_scaffold_12,1115479,1117838,+,2360
lncRNA_1634,Porites_evermani_scaffold_12,1115727,1117838,+,2112
lncRNA_1639,Porites_evermani_scaffold_12,233293,233790,+,498
lncRNA_1651,Porites_evermani_scaffold_120,386384,399391,+,13008
lncRNA_1664,Porites_evermani_scaffold_1200,97230,97740,+,511
lncRNA_1668,Porites_evermani_scaffold_1201,1,1345,+,1345
lncRNA_1669,Porites_evermani_scaffold_1201,65212,66895,+,1684
lncRNA_1671,Porites_evermani_scaffold_1202,1718,4528,+,2811
lncRNA_1677,Porites_evermani_scaffold_1204,21676,23371,+,1696
lncRNA_1682,Porites_evermani_scaffold_1206,122950,125268,+,2319
lncRNA_1683,Porites_evermani_scaffold_1206,29143,30231,+,1089
lncRNA_1684,Porites_evermani_scaffold_1206,109786,119048,+,9263
lncRNA_1686,Porites_evermani_scaffold_1206,103702,107939,+,4238
lncRNA_1688,Porites_evermani_scaffold_1207,1110,9491,+,8382
lncRNA_1689,Porites_evermani_scaffold_1207,113708,114837,+,1130
lncRNA_1693,Porites_evermani_scaffold_1209,116709,119561,+,2853
lncRNA_1694,Porites_evermani_scaffold_121,33705,34563,+,859
lncRNA_1696,Porites_evermani_scaffold_121,323790,331197,+,7408
lncRNA_1698,Porites_evermani_scaffold_121,337828,341785,+,3958
lncRNA_1699,Porites_evermani_scaffold_121,337879,342501,+,4623
lncRNA_1701,Porites_evermani_scaffold_121,68551,69497,+,947
lncRNA_1702,Porites_evermani_scaffold_121,89002,104546,+,15545
lncRNA_1703,Porites_evermani_scaffold_121,89470,104772,+,15303
lncRNA_1710,Porites_evermani_scaffold_1210,35724,38780,+,3057
lncRNA_1712,Porites_evermani_scaffold_1211,39448,41785,+,2338
lncRNA_1717,Porites_evermani_scaffold_1212,97350,99923,+,2574
lncRNA_1720,Porites_evermani_scaffold_1213,1,4131,+,4131
lncRNA_1725,Porites_evermani_scaffold_1214,100461,109857,+,9397
lncRNA_1726,Porites_evermani_scaffold_1214,101231,110212,+,8982
lncRNA_1727,Porites_evermani_scaffold_1214,131864,143964,+,12101
lncRNA_1731,Porites_evermani_scaffold_1215,82687,84291,+,1605
lncRNA_1737,Porites_evermani_scaffold_1217,78418,79972,+,1555
lncRNA_1738,Porites_evermani_scaffold_1217,85514,86876,+,1363
lncRNA_1739,Porites_evermani_scaffold_1217,72026,77923,+,5898
lncRNA_1740,Porites_evermani_scaffold_1217,72427,77923,+,5497
lncRNA_1741,Porites_evermani_scaffold_1218,9015,11130,+,2116
lncRNA_1745,Porites_evermani_scaffold_1219,42682,45968,+,3287
lncRNA_1746,Porites_evermani_scaffold_1219,43611,45968,+,2358
lncRNA_1752,Porites_evermani_scaffold_1219,100173,101653,+,1481
lncRNA_1755,Porites_evermani_scaffold_122,283658,288970,+,5313
lncRNA_1767,Porites_evermani_scaffold_1220,30144,34417,+,4274
lncRNA_1768,Porites_evermani_scaffold_1220,30420,34417,+,3998
lncRNA_1769,Porites_evermani_scaffold_1220,118003,124095,+,6093
lncRNA_1771,Porites_evermani_scaffold_1220,118016,124095,+,6080
lncRNA_1772,Porites_evermani_scaffold_1220,118031,124095,+,6065
lncRNA_1773,Porites_evermani_scaffold_1220,120922,124095,+,3174
lncRNA_1780,Porites_evermani_scaffold_1221,116992,121622,+,4631
lncRNA_1781,Porites_evermani_scaffold_1221,123331,126064,+,2734
lncRNA_1782,Porites_evermani_scaffold_1221,123635,126652,+,3018
lncRNA_1783,Porites_evermani_scaffold_1221,59610,62626,+,3017
lncRNA_1784,Porites_evermani_scaffold_1221,59651,62626,+,2976
lncRNA_1786,Porites_evermani_scaffold_1221,123104,126737,+,3634
lncRNA_1789,Porites_evermani_scaffold_1222,30853,33804,+,2952
lncRNA_1790,Porites_evermani_scaffold_1222,30865,33804,+,2940
lncRNA_1791,Porites_evermani_scaffold_1222,32330,33804,+,1475
lncRNA_1792,Porites_evermani_scaffold_1222,16409,17815,+,1407
lncRNA_1804,Porites_evermani_scaffold_1224,9111,12824,+,3714
lncRNA_1807,Porites_evermani_scaffold_1226,107166,108256,+,1091
lncRNA_1818,Porites_evermani_scaffold_1227,97209,98822,+,1614
lncRNA_1820,Porites_evermani_scaffold_1228,5,5081,+,5077
lncRNA_1821,Porites_evermani_scaffold_1228,113780,117074,+,3295
lncRNA_1828,Porites_evermani_scaffold_123,183576,189040,+,5465
lncRNA_1829,Porites_evermani_scaffold_123,183631,189040,+,5410
lncRNA_1830,Porites_evermani_scaffold_123,275210,280794,+,5585
lncRNA_1831,Porites_evermani_scaffold_123,275213,280794,+,5582
lncRNA_1832,Porites_evermani_scaffold_123,275225,280794,+,5570
lncRNA_1836,Porites_evermani_scaffold_123,199015,202242,+,3228
lncRNA_1837,Porites_evermani_scaffold_123,239818,293427,+,53610
lncRNA_1838,Porites_evermani_scaffold_123,178075,180034,+,1960
lncRNA_1839,Porites_evermani_scaffold_123,194784,199294,+,4511
lncRNA_1844,Porites_evermani_scaffold_1230,38547,43806,+,5260
lncRNA_1845,Porites_evermani_scaffold_1230,46606,58025,+,11420
lncRNA_1846,Porites_evermani_scaffold_1230,46617,50861,+,4245
lncRNA_1849,Porites_evermani_scaffold_1231,23570,28988,+,5419
lncRNA_1852,Porites_evermani_scaffold_1234,31441,35136,+,3696
lncRNA_1866,Porites_evermani_scaffold_1237,29599,31410,+,1812
lncRNA_1875,Porites_evermani_scaffold_124,446927,448108,+,1182
lncRNA_1876,Porites_evermani_scaffold_124,66089,66400,+,312
lncRNA_1886,Porites_evermani_scaffold_1240,43720,44346,+,627
lncRNA_1893,Porites_evermani_scaffold_1240,130050,131627,+,1578
lncRNA_1898,Porites_evermani_scaffold_1241,142023,142967,+,945
lncRNA_1899,Porites_evermani_scaffold_1242,50219,54791,+,4573
lncRNA_1900,Porites_evermani_scaffold_1242,60931,64437,+,3507
lncRNA_1901,Porites_evermani_scaffold_1242,17445,19035,+,1591
lncRNA_1902,Porites_evermani_scaffold_1242,17982,19035,+,1054
lncRNA_1903,Porites_evermani_scaffold_1242,44945,46221,+,1277
lncRNA_1905,Porites_evermani_scaffold_1242,120295,122797,+,2503
lncRNA_1907,Porites_evermani_scaffold_1243,137186,139206,+,2021
lncRNA_1912,Porites_evermani_scaffold_1244,3386,7534,+,4149
lncRNA_1916,Porites_evermani_scaffold_1244,137046,138507,+,1462
lncRNA_1935,Porites_evermani_scaffold_1247,41779,44779,+,3001
lncRNA_1940,Porites_evermani_scaffold_1247,1,4231,+,4231
lncRNA_1945,Porites_evermani_scaffold_1248,123849,126227,+,2379
lncRNA_1946,Porites_evermani_scaffold_1248,131311,135068,+,3758
lncRNA_1947,Porites_evermani_scaffold_1248,131445,135068,+,3624
lncRNA_1954,Porites_evermani_scaffold_1249,28650,32758,+,4109
lncRNA_1955,Porites_evermani_scaffold_1249,29039,32982,+,3944
lncRNA_1956,Porites_evermani_scaffold_1249,30168,33976,+,3809
lncRNA_1960,Porites_evermani_scaffold_1249,71645,79388,+,7744
lncRNA_1961,Porites_evermani_scaffold_1249,72148,79388,+,7241
lncRNA_1962,Porites_evermani_scaffold_1249,73356,77307,+,3952
lncRNA_1965,Porites_evermani_scaffold_125,403083,404423,+,1341
lncRNA_1966,Porites_evermani_scaffold_125,452312,455806,+,3495
lncRNA_1981,Porites_evermani_scaffold_1251,79084,80152,+,1069
lncRNA_1982,Porites_evermani_scaffold_1251,87787,94185,+,6399
lncRNA_1988,Porites_evermani_scaffold_1252,33161,37958,+,4798
lncRNA_1989,Porites_evermani_scaffold_1252,33173,37958,+,4786
lncRNA_1990,Porites_evermani_scaffold_1252,78704,79207,+,504
lncRNA_1991,Porites_evermani_scaffold_1252,33163,36748,+,3586
lncRNA_1996,Porites_evermani_scaffold_1253,33159,38263,+,5105
lncRNA_1997,Porites_evermani_scaffold_1253,33252,38263,+,5012
lncRNA_1998,Porites_evermani_scaffold_1253,38324,41617,+,3294
lncRNA_1999,Porites_evermani_scaffold_1253,69047,73701,+,4655
lncRNA_2000,Porites_evermani_scaffold_1253,95434,116707,+,21274
lncRNA_2001,Porites_evermani_scaffold_1253,102432,116707,+,14276
lncRNA_2002,Porites_evermani_scaffold_1253,104442,116707,+,12266
lncRNA_2009,Porites_evermani_scaffold_1254,23113,24856,+,1744
lncRNA_2010,Porites_evermani_scaffold_1254,23114,24856,+,1743
lncRNA_2011,Porites_evermani_scaffold_1254,23136,24856,+,1721
lncRNA_2015,Porites_evermani_scaffold_1255,46071,48797,+,2727
lncRNA_2016,Porites_evermani_scaffold_1255,62148,65222,+,3075
lncRNA_2017,Porites_evermani_scaffold_1255,62385,64561,+,2177
lncRNA_2018,Porites_evermani_scaffold_1255,90847,95790,+,4944
lncRNA_2021,Porites_evermani_scaffold_1255,62806,64561,+,1756
lncRNA_2025,Porites_evermani_scaffold_1255,84222,85572,+,1351
lncRNA_2026,Porites_evermani_scaffold_1255,86367,89447,+,3081
lncRNA_2027,Porites_evermani_scaffold_1255,95736,112440,+,16705
lncRNA_2032,Porites_evermani_scaffold_1256,46741,62215,+,15475
lncRNA_2033,Porites_evermani_scaffold_1256,47227,48362,+,1136
lncRNA_2037,Porites_evermani_scaffold_1256,119901,120996,+,1096
lncRNA_2038,Porites_evermani_scaffold_1256,49420,49948,+,529
lncRNA_2046,Porites_evermani_scaffold_1258,24870,37751,+,12882
lncRNA_2047,Porites_evermani_scaffold_1258,24927,37751,+,12825
lncRNA_2048,Porites_evermani_scaffold_1258,24952,37751,+,12800
lncRNA_2049,Porites_evermani_scaffold_1258,24942,34137,+,9196
lncRNA_2050,Porites_evermani_scaffold_1258,27468,34137,+,6670
lncRNA_2051,Porites_evermani_scaffold_1258,27514,34137,+,6624
lncRNA_2053,Porites_evermani_scaffold_1259,81894,108557,+,26664
lncRNA_2056,Porites_evermani_scaffold_1259,61251,62605,+,1355
lncRNA_2068,Porites_evermani_scaffold_1260,69791,72465,+,2675
lncRNA_2072,Porites_evermani_scaffold_1260,105746,118486,+,12741
lncRNA_2073,Porites_evermani_scaffold_1260,106882,119533,+,12652
lncRNA_2075,Porites_evermani_scaffold_1260,114557,121991,+,7435
lncRNA_2085,Porites_evermani_scaffold_1262,67132,68093,+,962
lncRNA_2086,Porites_evermani_scaffold_1262,67136,68764,+,1629
lncRNA_2087,Porites_evermani_scaffold_1262,41842,62052,+,20211
lncRNA_2088,Porites_evermani_scaffold_1262,43476,47068,+,3593
lncRNA_2090,Porites_evermani_scaffold_1263,96838,98289,+,1452
lncRNA_2097,Porites_evermani_scaffold_1264,16729,20482,+,3754
lncRNA_2099,Porites_evermani_scaffold_1264,127614,131751,+,4138
lncRNA_2100,Porites_evermani_scaffold_1264,140361,141124,+,764
lncRNA_2103,Porites_evermani_scaffold_1265,95704,99705,+,4002
lncRNA_2108,Porites_evermani_scaffold_1265,139089,140877,+,1789
lncRNA_2110,Porites_evermani_scaffold_1266,112814,114622,+,1809
lncRNA_2111,Porites_evermani_scaffold_1266,116226,121217,+,4992
lncRNA_2112,Porites_evermani_scaffold_1266,56215,57213,+,999
lncRNA_2113,Porites_evermani_scaffold_1266,132691,137528,+,4838
lncRNA_2114,Porites_evermani_scaffold_1266,132914,137528,+,4615
lncRNA_2119,Porites_evermani_scaffold_1267,122587,124169,+,1583
lncRNA_2120,Porites_evermani_scaffold_1267,13940,15873,+,1934
lncRNA_2121,Porites_evermani_scaffold_1267,14025,15445,+,1421
lncRNA_2122,Porites_evermani_scaffold_1268,96235,97697,+,1463
lncRNA_2128,Porites_evermani_scaffold_1269,116617,118271,+,1655
lncRNA_2136,Porites_evermani_scaffold_127,317834,320838,+,3005
lncRNA_2137,Porites_evermani_scaffold_127,368184,369264,+,1081
lncRNA_2138,Porites_evermani_scaffold_127,389467,390029,+,563
lncRNA_2139,Porites_evermani_scaffold_127,406534,416878,+,10345
lncRNA_2140,Porites_evermani_scaffold_127,408635,416878,+,8244
lncRNA_2142,Porites_evermani_scaffold_127,276228,276546,+,319
lncRNA_2157,Porites_evermani_scaffold_1270,5005,9883,+,4879
lncRNA_2166,Porites_evermani_scaffold_1271,20791,21058,+,268
lncRNA_2168,Porites_evermani_scaffold_1271,72296,74194,+,1899
lncRNA_2170,Porites_evermani_scaffold_1272,63148,64821,+,1674
lncRNA_2171,Porites_evermani_scaffold_1272,63199,64821,+,1623
lncRNA_2193,Porites_evermani_scaffold_1277,107556,108831,+,1276
lncRNA_2194,Porites_evermani_scaffold_1277,54068,55596,+,1529
lncRNA_2197,Porites_evermani_scaffold_1278,5770,7593,+,1824
lncRNA_2203,Porites_evermani_scaffold_1278,51166,51609,+,444
lncRNA_2205,Porites_evermani_scaffold_1279,94931,99034,+,4104
lncRNA_2206,Porites_evermani_scaffold_1279,136334,139291,+,2958
lncRNA_2207,Porites_evermani_scaffold_1279,137258,139291,+,2034
lncRNA_2208,Porites_evermani_scaffold_1279,137289,139291,+,2003
lncRNA_2209,Porites_evermani_scaffold_1279,137396,139291,+,1896
lncRNA_2210,Porites_evermani_scaffold_1279,40691,46104,+,5414
lncRNA_2211,Porites_evermani_scaffold_1279,41314,46104,+,4791
lncRNA_2212,Porites_evermani_scaffold_1279,112374,113607,+,1234
lncRNA_2214,Porites_evermani_scaffold_1279,132864,134170,+,1307
lncRNA_2218,Porites_evermani_scaffold_1279,64526,65026,+,501
lncRNA_2220,Porites_evermani_scaffold_128,8479,12794,+,4316
lncRNA_2223,Porites_evermani_scaffold_128,300472,301768,+,1297
lncRNA_2224,Porites_evermani_scaffold_128,440114,441881,+,1768
lncRNA_2226,Porites_evermani_scaffold_128,208224,230107,+,21884
lncRNA_2227,Porites_evermani_scaffold_128,210262,228214,+,17953
lncRNA_2229,Porites_evermani_scaffold_128,440149,442060,+,1912
lncRNA_2236,Porites_evermani_scaffold_1281,65285,66347,+,1063
lncRNA_2237,Porites_evermani_scaffold_1281,98897,104209,+,5313
lncRNA_2238,Porites_evermani_scaffold_1281,103012,104145,+,1134
lncRNA_2240,Porites_evermani_scaffold_1282,84275,86977,+,2703
lncRNA_2247,Porites_evermani_scaffold_1283,83443,88336,+,4894
lncRNA_2249,Porites_evermani_scaffold_1283,111654,113836,+,2183
lncRNA_2251,Porites_evermani_scaffold_1283,6277,10873,+,4597
lncRNA_2254,Porites_evermani_scaffold_1284,20358,35261,+,14904
lncRNA_2258,Porites_evermani_scaffold_1284,137913,138764,+,852
lncRNA_2259,Porites_evermani_scaffold_1285,88308,108399,+,20092
lncRNA_2260,Porites_evermani_scaffold_1285,91683,108399,+,16717
lncRNA_2271,Porites_evermani_scaffold_1287,5721,7650,+,1930
lncRNA_2283,Porites_evermani_scaffold_1289,22531,24724,+,2194
lncRNA_2287,Porites_evermani_scaffold_1289,122695,125269,+,2575
lncRNA_2288,Porites_evermani_scaffold_129,52093,60087,+,7995
lncRNA_2290,Porites_evermani_scaffold_129,132511,134315,+,1805
lncRNA_2291,Porites_evermani_scaffold_129,184597,185270,+,674
lncRNA_2292,Porites_evermani_scaffold_129,259856,260678,+,823
lncRNA_2296,Porites_evermani_scaffold_129,111756,117558,+,5803
lncRNA_2297,Porites_evermani_scaffold_129,163919,167185,+,3267
lncRNA_2298,Porites_evermani_scaffold_129,184676,186616,+,1941
lncRNA_2299,Porites_evermani_scaffold_129,259545,260222,+,678
lncRNA_2300,Porites_evermani_scaffold_129,263568,277488,+,13921
lncRNA_2301,Porites_evermani_scaffold_129,324702,326621,+,1920
lncRNA_2307,Porites_evermani_scaffold_1290,434,3636,+,3203
lncRNA_2308,Porites_evermani_scaffold_1290,584,3387,+,2804
lncRNA_2314,Porites_evermani_scaffold_1290,34502,37453,+,2952
lncRNA_2315,Porites_evermani_scaffold_1291,52020,55613,+,3594
lncRNA_2316,Porites_evermani_scaffold_1291,73316,87606,+,14291
lncRNA_2324,Porites_evermani_scaffold_1292,116565,121364,+,4800
lncRNA_2332,Porites_evermani_scaffold_1293,134779,135861,+,1083
lncRNA_2333,Porites_evermani_scaffold_1294,46532,47577,+,1046
lncRNA_2334,Porites_evermani_scaffold_1294,48164,54621,+,6458
lncRNA_2335,Porites_evermani_scaffold_1294,61565,65241,+,3677
lncRNA_2336,Porites_evermani_scaffold_1294,64100,67030,+,2931
lncRNA_2337,Porites_evermani_scaffold_1294,64108,67266,+,3159
lncRNA_2338,Porites_evermani_scaffold_1294,74335,76298,+,1964
lncRNA_2339,Porites_evermani_scaffold_1294,79010,81848,+,2839
lncRNA_2340,Porites_evermani_scaffold_1294,98035,100795,+,2761
lncRNA_2341,Porites_evermani_scaffold_1294,48182,54602,+,6421
lncRNA_2342,Porites_evermani_scaffold_1294,36117,37482,+,1366
lncRNA_2344,Porites_evermani_scaffold_1294,41392,43149,+,1758
lncRNA_2345,Porites_evermani_scaffold_1294,56806,57625,+,820
lncRNA_2347,Porites_evermani_scaffold_1295,22892,25086,+,2195
lncRNA_2357,Porites_evermani_scaffold_1297,136232,137560,+,1329
lncRNA_2358,Porites_evermani_scaffold_1298,110660,114514,+,3855
lncRNA_2359,Porites_evermani_scaffold_1298,110940,114514,+,3575
lncRNA_2363,Porites_evermani_scaffold_1299,23955,24688,+,734
lncRNA_2367,Porites_evermani_scaffold_13,108604,119957,+,11354
lncRNA_2368,Porites_evermani_scaffold_13,108643,119957,+,11315
lncRNA_2369,Porites_evermani_scaffold_13,108675,119957,+,11283
lncRNA_2370,Porites_evermani_scaffold_13,108743,119957,+,11215
lncRNA_2371,Porites_evermani_scaffold_13,417265,429035,+,11771
lncRNA_2372,Porites_evermani_scaffold_13,516876,520260,+,3385
lncRNA_2373,Porites_evermani_scaffold_13,828216,843793,+,15578
lncRNA_2374,Porites_evermani_scaffold_13,887261,939833,+,52573
lncRNA_2375,Porites_evermani_scaffold_13,892913,925739,+,32827
lncRNA_2376,Porites_evermani_scaffold_13,898008,925739,+,27732
lncRNA_2377,Porites_evermani_scaffold_13,907476,939833,+,32358
lncRNA_2380,Porites_evermani_scaffold_13,212872,215039,+,2168
lncRNA_2382,Porites_evermani_scaffold_13,685411,686279,+,869
lncRNA_2383,Porites_evermani_scaffold_13,740259,742420,+,2162
lncRNA_2393,Porites_evermani_scaffold_130,394112,399482,+,5371
lncRNA_2394,Porites_evermani_scaffold_130,26935,28925,+,1991
lncRNA_2395,Porites_evermani_scaffold_130,457794,458731,+,938
lncRNA_2396,Porites_evermani_scaffold_130,45663,47534,+,1872
lncRNA_2407,Porites_evermani_scaffold_1300,25599,30770,+,5172
lncRNA_2408,Porites_evermani_scaffold_1300,69708,84298,+,14591
lncRNA_2412,Porites_evermani_scaffold_1300,64746,67191,+,2446
lncRNA_2418,Porites_evermani_scaffold_1302,23907,31658,+,7752
lncRNA_2419,Porites_evermani_scaffold_1302,30482,32214,+,1733
lncRNA_2421,Porites_evermani_scaffold_1303,34072,38548,+,4477
lncRNA_2422,Porites_evermani_scaffold_1303,34072,45438,+,11367
lncRNA_2424,Porites_evermani_scaffold_1303,36945,38548,+,1604
lncRNA_2425,Porites_evermani_scaffold_1303,36959,38548,+,1590
lncRNA_2426,Porites_evermani_scaffold_1303,43164,45438,+,2275
lncRNA_2427,Porites_evermani_scaffold_1303,44151,45438,+,1288
lncRNA_2428,Porites_evermani_scaffold_1303,89328,90123,+,796
lncRNA_2429,Porites_evermani_scaffold_1303,38221,45703,+,7483
lncRNA_2433,Porites_evermani_scaffold_1304,102669,135491,+,32823
lncRNA_2434,Porites_evermani_scaffold_1304,102669,137056,+,34388
lncRNA_2436,Porites_evermani_scaffold_1304,115242,137056,+,21815
lncRNA_2443,Porites_evermani_scaffold_1306,6756,10872,+,4117
lncRNA_2446,Porites_evermani_scaffold_1306,66428,67399,+,972
lncRNA_2451,Porites_evermani_scaffold_1308,85637,87041,+,1405
lncRNA_2452,Porites_evermani_scaffold_1308,85817,87041,+,1225
lncRNA_2453,Porites_evermani_scaffold_1308,133130,133955,+,826
lncRNA_2457,Porites_evermani_scaffold_1308,1,388,+,388
lncRNA_2459,Porites_evermani_scaffold_1309,94782,98369,+,3588
lncRNA_2461,Porites_evermani_scaffold_1309,15130,16639,+,1510
lncRNA_2464,Porites_evermani_scaffold_131,294570,311369,+,16800
lncRNA_2470,Porites_evermani_scaffold_131,189951,194416,+,4466
lncRNA_2471,Porites_evermani_scaffold_131,220239,221235,+,997
lncRNA_2473,Porites_evermani_scaffold_131,421637,426092,+,4456
lncRNA_2483,Porites_evermani_scaffold_131,315409,319106,+,3698
lncRNA_2490,Porites_evermani_scaffold_1310,6527,14932,+,8406
lncRNA_2491,Porites_evermani_scaffold_1310,86986,107084,+,20099
lncRNA_2492,Porites_evermani_scaffold_1310,87191,107084,+,19894
lncRNA_2494,Porites_evermani_scaffold_1311,31543,36418,+,4876
lncRNA_2495,Porites_evermani_scaffold_1311,98616,99935,+,1320
lncRNA_2496,Porites_evermani_scaffold_1311,33974,36303,+,2330
lncRNA_2501,Porites_evermani_scaffold_1312,96182,96724,+,543
lncRNA_2504,Porites_evermani_scaffold_1313,86107,87672,+,1566
lncRNA_2510,Porites_evermani_scaffold_1314,90911,92044,+,1134
lncRNA_2522,Porites_evermani_scaffold_1316,23469,23957,+,489
lncRNA_2526,Porites_evermani_scaffold_1317,118644,121813,+,3170
lncRNA_2527,Porites_evermani_scaffold_1317,65923,67583,+,1661
lncRNA_2529,Porites_evermani_scaffold_1317,78692,79563,+,872
lncRNA_2539,Porites_evermani_scaffold_132,170773,175372,+,4600
lncRNA_2543,Porites_evermani_scaffold_132,251063,251575,+,513
lncRNA_2544,Porites_evermani_scaffold_132,338190,339211,+,1022
lncRNA_2545,Porites_evermani_scaffold_132,25179,49787,+,24609
lncRNA_2546,Porites_evermani_scaffold_132,25185,49787,+,24603
lncRNA_2549,Porites_evermani_scaffold_132,128178,130359,+,2182
lncRNA_2576,Porites_evermani_scaffold_1324,14364,17341,+,2978
lncRNA_2583,Porites_evermani_scaffold_1325,50077,50974,+,898
lncRNA_2585,Porites_evermani_scaffold_1326,94317,95647,+,1331
lncRNA_2586,Porites_evermani_scaffold_1326,105835,107947,+,2113
lncRNA_2597,Porites_evermani_scaffold_1328,57547,61211,+,3665
lncRNA_2598,Porites_evermani_scaffold_1328,73591,75043,+,1453
lncRNA_2599,Porites_evermani_scaffold_1328,73592,74829,+,1238
lncRNA_2603,Porites_evermani_scaffold_1329,30860,32284,+,1425
lncRNA_2611,Porites_evermani_scaffold_133,80659,114441,+,33783
lncRNA_2612,Porites_evermani_scaffold_133,103240,105095,+,1856
lncRNA_2613,Porites_evermani_scaffold_133,116089,119900,+,3812
lncRNA_2614,Porites_evermani_scaffold_133,116091,119900,+,3810
lncRNA_2615,Porites_evermani_scaffold_133,117644,121362,+,3719
lncRNA_2616,Porites_evermani_scaffold_133,118765,122307,+,3543
lncRNA_2617,Porites_evermani_scaffold_133,124400,126098,+,1699
lncRNA_2618,Porites_evermani_scaffold_133,124913,126098,+,1186
lncRNA_2619,Porites_evermani_scaffold_133,236632,237132,+,501
lncRNA_2621,Porites_evermani_scaffold_133,267116,269637,+,2522
lncRNA_2623,Porites_evermani_scaffold_133,72687,80833,+,8147
lncRNA_2624,Porites_evermani_scaffold_133,185570,189305,+,3736
lncRNA_2625,Porites_evermani_scaffold_133,185570,208251,+,22682
lncRNA_2626,Porites_evermani_scaffold_133,185623,208251,+,22629
lncRNA_2629,Porites_evermani_scaffold_133,231437,234508,+,3072
lncRNA_2631,Porites_evermani_scaffold_133,45097,45904,+,808
lncRNA_2632,Porites_evermani_scaffold_133,46145,46416,+,272
lncRNA_2637,Porites_evermani_scaffold_1331,923,5649,+,4727
lncRNA_2653,Porites_evermani_scaffold_1334,51144,52620,+,1477
lncRNA_2654,Porites_evermani_scaffold_1334,120976,130871,+,9896
lncRNA_2657,Porites_evermani_scaffold_1335,21429,24372,+,2944
lncRNA_2660,Porites_evermani_scaffold_1336,3158,5854,+,2697
lncRNA_2661,Porites_evermani_scaffold_1336,3300,5854,+,2555
lncRNA_2662,Porites_evermani_scaffold_1336,3562,5854,+,2293
lncRNA_2678,Porites_evermani_scaffold_1338,1,1683,+,1683
lncRNA_2679,Porites_evermani_scaffold_1338,23588,32878,+,9291
lncRNA_2680,Porites_evermani_scaffold_1339,56347,61860,+,5514
lncRNA_2681,Porites_evermani_scaffold_134,118253,120740,+,2488
lncRNA_2682,Porites_evermani_scaffold_134,198406,199112,+,707
lncRNA_2683,Porites_evermani_scaffold_134,294104,298052,+,3949
lncRNA_2684,Porites_evermani_scaffold_134,295861,298052,+,2192
lncRNA_2685,Porites_evermani_scaffold_134,296038,298052,+,2015
lncRNA_2688,Porites_evermani_scaffold_134,337363,340107,+,2745
lncRNA_2689,Porites_evermani_scaffold_134,821,4529,+,3709
lncRNA_2692,Porites_evermani_scaffold_134,294630,298052,+,3423
lncRNA_2693,Porites_evermani_scaffold_134,305266,306974,+,1709
lncRNA_2705,Porites_evermani_scaffold_134,265490,265730,+,241
lncRNA_2707,Porites_evermani_scaffold_1340,3645,4238,+,594
lncRNA_2714,Porites_evermani_scaffold_1341,116496,117448,+,953
lncRNA_2715,Porites_evermani_scaffold_1341,129856,133043,+,3188
lncRNA_2716,Porites_evermani_scaffold_1341,307,6685,+,6379
lncRNA_2721,Porites_evermani_scaffold_1342,109207,113951,+,4745
lncRNA_2725,Porites_evermani_scaffold_1343,128371,134374,+,6004
lncRNA_2727,Porites_evermani_scaffold_1343,129492,134374,+,4883
lncRNA_2728,Porites_evermani_scaffold_1343,98300,103453,+,5154
lncRNA_2729,Porites_evermani_scaffold_1343,98327,106097,+,7771
lncRNA_2730,Porites_evermani_scaffold_1343,98331,106097,+,7767
lncRNA_2731,Porites_evermani_scaffold_1343,98336,106097,+,7762
lncRNA_2732,Porites_evermani_scaffold_1343,98344,103874,+,5531
lncRNA_2733,Porites_evermani_scaffold_1343,99876,106097,+,6222
lncRNA_2734,Porites_evermani_scaffold_1343,99918,105399,+,5482
lncRNA_2735,Porites_evermani_scaffold_1343,99918,106097,+,6180
lncRNA_2739,Porites_evermani_scaffold_1344,54362,58390,+,4029
lncRNA_2740,Porites_evermani_scaffold_1344,130629,134050,+,3422
lncRNA_2743,Porites_evermani_scaffold_1344,131196,134050,+,2855
lncRNA_2745,Porites_evermani_scaffold_1344,52980,53993,+,1014
lncRNA_2746,Porites_evermani_scaffold_1346,65062,76908,+,11847
lncRNA_2747,Porites_evermani_scaffold_1346,73980,76908,+,2929
lncRNA_2748,Porites_evermani_scaffold_1346,33840,37972,+,4133
lncRNA_2750,Porites_evermani_scaffold_1347,97796,100203,+,2408
lncRNA_2754,Porites_evermani_scaffold_1348,52173,53786,+,1614
lncRNA_2755,Porites_evermani_scaffold_1348,53937,65043,+,11107
lncRNA_2760,Porites_evermani_scaffold_1349,51073,59750,+,8678
lncRNA_2763,Porites_evermani_scaffold_1349,38521,41019,+,2499
lncRNA_2775,Porites_evermani_scaffold_135,441948,444768,+,2821
lncRNA_2776,Porites_evermani_scaffold_135,441949,444768,+,2820
lncRNA_2778,Porites_evermani_scaffold_135,214977,216416,+,1440
lncRNA_2779,Porites_evermani_scaffold_135,329405,331241,+,1837
lncRNA_2780,Porites_evermani_scaffold_135,329413,331241,+,1829
lncRNA_2786,Porites_evermani_scaffold_1351,9588,10786,+,1199
lncRNA_2787,Porites_evermani_scaffold_1351,9732,10786,+,1055
lncRNA_2788,Porites_evermani_scaffold_1351,9757,10786,+,1030
lncRNA_2789,Porites_evermani_scaffold_1351,9842,10786,+,945
lncRNA_2791,Porites_evermani_scaffold_1352,78397,85990,+,7594
lncRNA_2794,Porites_evermani_scaffold_1353,1,6200,+,6200
lncRNA_2802,Porites_evermani_scaffold_1354,115245,118506,+,3262
lncRNA_2803,Porites_evermani_scaffold_1354,115247,118506,+,3260
lncRNA_2807,Porites_evermani_scaffold_1354,114986,118506,+,3521
lncRNA_2812,Porites_evermani_scaffold_1355,82356,84048,+,1693
lncRNA_2813,Porites_evermani_scaffold_1355,83178,84843,+,1666
lncRNA_2814,Porites_evermani_scaffold_1355,117838,118701,+,864
lncRNA_2816,Porites_evermani_scaffold_1356,50254,51355,+,1102
lncRNA_2823,Porites_evermani_scaffold_1359,5721,8092,+,2372
lncRNA_2824,Porites_evermani_scaffold_1359,75707,102301,+,26595
lncRNA_2825,Porites_evermani_scaffold_1359,98659,103381,+,4723
lncRNA_2827,Porites_evermani_scaffold_136,326084,329411,+,3328
lncRNA_2833,Porites_evermani_scaffold_136,211472,220279,+,8808
lncRNA_2850,Porites_evermani_scaffold_136,306218,306901,+,684
lncRNA_2864,Porites_evermani_scaffold_1361,132415,133117,+,703
lncRNA_2868,Porites_evermani_scaffold_1362,1422,1748,+,327
lncRNA_2872,Porites_evermani_scaffold_1364,12627,27347,+,14721
lncRNA_2873,Porites_evermani_scaffold_1364,23667,50660,+,26994
lncRNA_2874,Porites_evermani_scaffold_1364,24213,33750,+,9538
lncRNA_2878,Porites_evermani_scaffold_1365,2,1237,+,1236
lncRNA_2882,Porites_evermani_scaffold_1366,123795,129026,+,5232
lncRNA_2886,Porites_evermani_scaffold_1366,76860,77634,+,775
lncRNA_2888,Porites_evermani_scaffold_1367,87079,88978,+,1900
lncRNA_2889,Porites_evermani_scaffold_1367,87096,88978,+,1883
lncRNA_2891,Porites_evermani_scaffold_1367,121699,131335,+,9637
lncRNA_2892,Porites_evermani_scaffold_1367,31862,48196,+,16335
lncRNA_2893,Porites_evermani_scaffold_1367,52799,55906,+,3108
lncRNA_2894,Porites_evermani_scaffold_1367,57339,66265,+,8927
lncRNA_2895,Porites_evermani_scaffold_1367,57468,79457,+,21990
lncRNA_2901,Porites_evermani_scaffold_1369,115706,119139,+,3434
lncRNA_2902,Porites_evermani_scaffold_1369,127387,132059,+,4673
lncRNA_2903,Porites_evermani_scaffold_137,70926,72490,+,1565
lncRNA_2904,Porites_evermani_scaffold_137,78125,85549,+,7425
lncRNA_2905,Porites_evermani_scaffold_137,109460,116524,+,7065
lncRNA_2907,Porites_evermani_scaffold_137,167396,170139,+,2744
lncRNA_2909,Porites_evermani_scaffold_137,436643,438310,+,1668
lncRNA_2910,Porites_evermani_scaffold_137,109476,116524,+,7049
lncRNA_2915,Porites_evermani_scaffold_1371,6447,35303,+,28857
lncRNA_2919,Porites_evermani_scaffold_1372,123644,125121,+,1478
lncRNA_2920,Porites_evermani_scaffold_1373,3641,6893,+,3253
lncRNA_2923,Porites_evermani_scaffold_1373,3666,6893,+,3228
lncRNA_2928,Porites_evermani_scaffold_1374,40884,41975,+,1092
lncRNA_2938,Porites_evermani_scaffold_1375,25027,29491,+,4465
lncRNA_2942,Porites_evermani_scaffold_1376,35205,41838,+,6634
lncRNA_2948,Porites_evermani_scaffold_1377,45866,48367,+,2502
lncRNA_2959,Porites_evermani_scaffold_138,187155,189437,+,2283
lncRNA_2960,Porites_evermani_scaffold_138,201064,203894,+,2831
lncRNA_2961,Porites_evermani_scaffold_138,201147,203894,+,2748
lncRNA_2963,Porites_evermani_scaffold_138,201235,203894,+,2660
lncRNA_2964,Porites_evermani_scaffold_138,201179,202782,+,1604
lncRNA_2971,Porites_evermani_scaffold_1380,121491,129018,+,7528
lncRNA_2977,Porites_evermani_scaffold_1381,53538,54141,+,604
lncRNA_2981,Porites_evermani_scaffold_1381,129301,129901,+,601
lncRNA_2986,Porites_evermani_scaffold_1383,112369,114006,+,1638
lncRNA_2987,Porites_evermani_scaffold_1383,112505,114270,+,1766
lncRNA_2988,Porites_evermani_scaffold_1383,112932,114270,+,1339
lncRNA_2989,Porites_evermani_scaffold_1383,129279,131587,+,2309
lncRNA_2990,Porites_evermani_scaffold_1383,104812,108381,+,3570
lncRNA_2991,Porites_evermani_scaffold_1384,113812,114869,+,1058
lncRNA_2997,Porites_evermani_scaffold_1385,128143,131583,+,3441
lncRNA_2998,Porites_evermani_scaffold_1386,24047,31147,+,7101
lncRNA_3000,Porites_evermani_scaffold_1386,118130,120181,+,2052
lncRNA_3001,Porites_evermani_scaffold_1386,118627,120474,+,1848
lncRNA_3002,Porites_evermani_scaffold_1386,24624,31089,+,6466
lncRNA_3003,Porites_evermani_scaffold_1386,24690,31089,+,6400
lncRNA_3004,Porites_evermani_scaffold_1386,24831,31089,+,6259
lncRNA_3005,Porites_evermani_scaffold_1386,24893,31089,+,6197
lncRNA_3006,Porites_evermani_scaffold_1386,24893,31400,+,6508
lncRNA_3007,Porites_evermani_scaffold_1386,26070,31089,+,5020
lncRNA_3008,Porites_evermani_scaffold_1386,91176,97076,+,5901
lncRNA_3009,Porites_evermani_scaffold_1386,91179,97076,+,5898
lncRNA_3012,Porites_evermani_scaffold_1387,83062,85864,+,2803
lncRNA_3014,Porites_evermani_scaffold_1387,130112,131169,+,1058
lncRNA_3015,Porites_evermani_scaffold_1388,25674,49424,+,23751
lncRNA_3019,Porites_evermani_scaffold_1389,122549,130737,+,8189
lncRNA_3021,Porites_evermani_scaffold_139,54275,61478,+,7204
lncRNA_3023,Porites_evermani_scaffold_139,137423,139999,+,2577
lncRNA_3024,Porites_evermani_scaffold_139,44919,46826,+,1908
lncRNA_3026,Porites_evermani_scaffold_139,96821,99883,+,3063
lncRNA_3035,Porites_evermani_scaffold_1390,25848,28136,+,2289
lncRNA_3047,Porites_evermani_scaffold_1393,10297,11513,+,1217
lncRNA_3050,Porites_evermani_scaffold_1393,51532,60059,+,8528
lncRNA_3051,Porites_evermani_scaffold_1393,78174,79428,+,1255
lncRNA_3068,Porites_evermani_scaffold_1397,103848,107473,+,3626
lncRNA_3069,Porites_evermani_scaffold_1397,115203,115908,+,706
lncRNA_3070,Porites_evermani_scaffold_1397,115206,115908,+,703
lncRNA_3071,Porites_evermani_scaffold_1397,89958,107486,+,17529
lncRNA_3072,Porites_evermani_scaffold_1397,103950,107486,+,3537
lncRNA_3073,Porites_evermani_scaffold_1397,104093,107486,+,3394
lncRNA_3074,Porites_evermani_scaffold_1397,107596,109648,+,2053
lncRNA_3075,Porites_evermani_scaffold_1397,107820,109648,+,1829
lncRNA_3087,Porites_evermani_scaffold_1398,66118,68863,+,2746
lncRNA_3093,Porites_evermani_scaffold_14,85565,89731,+,4167
lncRNA_3094,Porites_evermani_scaffold_14,85587,89731,+,4145
lncRNA_3095,Porites_evermani_scaffold_14,86121,89731,+,3611
lncRNA_3099,Porites_evermani_scaffold_14,306561,307639,+,1079
lncRNA_3100,Porites_evermani_scaffold_14,306814,307639,+,826
lncRNA_3101,Porites_evermani_scaffold_14,306827,307639,+,813
lncRNA_3102,Porites_evermani_scaffold_14,494153,495178,+,1026
lncRNA_3103,Porites_evermani_scaffold_14,992425,996193,+,3769
lncRNA_3105,Porites_evermani_scaffold_14,1025507,1029725,+,4219
lncRNA_3107,Porites_evermani_scaffold_14,48935,57131,+,8197
lncRNA_3108,Porites_evermani_scaffold_14,70871,81153,+,10283
lncRNA_3109,Porites_evermani_scaffold_14,72777,77722,+,4946
lncRNA_3110,Porites_evermani_scaffold_14,73948,78000,+,4053
lncRNA_3111,Porites_evermani_scaffold_14,305118,307639,+,2522
lncRNA_3112,Porites_evermani_scaffold_14,351633,353422,+,1790
lncRNA_3113,Porites_evermani_scaffold_14,634808,637647,+,2840
lncRNA_3115,Porites_evermani_scaffold_14,831703,847019,+,15317
lncRNA_3116,Porites_evermani_scaffold_14,902365,904788,+,2424
lncRNA_3117,Porites_evermani_scaffold_14,1009788,1010906,+,1119
lncRNA_3139,Porites_evermani_scaffold_140,325862,327842,+,1981
lncRNA_3140,Porites_evermani_scaffold_140,168408,170581,+,2174
lncRNA_3141,Porites_evermani_scaffold_140,200768,201475,+,708
lncRNA_3142,Porites_evermani_scaffold_140,253071,260214,+,7144
lncRNA_3143,Porites_evermani_scaffold_140,253306,260214,+,6909
lncRNA_3151,Porites_evermani_scaffold_1400,129850,130562,+,713
lncRNA_3162,Porites_evermani_scaffold_1401,70638,71138,+,501
lncRNA_3166,Porites_evermani_scaffold_1402,102343,109254,+,6912
lncRNA_3167,Porites_evermani_scaffold_1402,89424,94661,+,5238
lncRNA_3173,Porites_evermani_scaffold_1404,17,1805,+,1789
lncRNA_3174,Porites_evermani_scaffold_1404,20,1805,+,1786
lncRNA_3192,Porites_evermani_scaffold_1408,56384,60039,+,3656
lncRNA_3193,Porites_evermani_scaffold_1408,56386,60245,+,3860
lncRNA_3196,Porites_evermani_scaffold_1408,48337,53032,+,4696
lncRNA_3197,Porites_evermani_scaffold_1408,56396,60364,+,3969
lncRNA_3200,Porites_evermani_scaffold_1409,62760,64963,+,2204
lncRNA_3201,Porites_evermani_scaffold_1409,62839,64963,+,2125
lncRNA_3206,Porites_evermani_scaffold_141,125930,127864,+,1935
lncRNA_3209,Porites_evermani_scaffold_141,396511,400989,+,4479
lncRNA_3210,Porites_evermani_scaffold_141,397236,402506,+,5271
lncRNA_3211,Porites_evermani_scaffold_141,397606,403216,+,5611
lncRNA_3216,Porites_evermani_scaffold_141,110015,111136,+,1122
lncRNA_3223,Porites_evermani_scaffold_141,245859,247044,+,1186
lncRNA_3234,Porites_evermani_scaffold_1411,47356,55771,+,8416
lncRNA_3236,Porites_evermani_scaffold_1411,48926,55771,+,6846
lncRNA_3237,Porites_evermani_scaffold_1411,49100,55771,+,6672
lncRNA_3238,Porites_evermani_scaffold_1411,49609,55771,+,6163
lncRNA_3244,Porites_evermani_scaffold_1411,66975,67657,+,683
lncRNA_3257,Porites_evermani_scaffold_1413,1,1599,+,1599
lncRNA_3259,Porites_evermani_scaffold_1414,126564,129705,+,3142
lncRNA_3260,Porites_evermani_scaffold_1414,42118,45562,+,3445
lncRNA_3261,Porites_evermani_scaffold_1414,82953,85035,+,2083
lncRNA_3265,Porites_evermani_scaffold_1415,43792,45857,+,2066
lncRNA_3266,Porites_evermani_scaffold_1415,43525,45849,+,2325
lncRNA_3269,Porites_evermani_scaffold_1416,112639,116247,+,3609
lncRNA_3270,Porites_evermani_scaffold_1416,113407,116942,+,3536
lncRNA_3271,Porites_evermani_scaffold_1417,10040,10300,+,261
lncRNA_3282,Porites_evermani_scaffold_1419,23025,53689,+,30665
lncRNA_3283,Porites_evermani_scaffold_1419,23256,51874,+,28619
lncRNA_3286,Porites_evermani_scaffold_142,240988,260815,+,19828
lncRNA_3288,Porites_evermani_scaffold_142,262365,270092,+,7728
lncRNA_3289,Porites_evermani_scaffold_142,12,1882,+,1871
lncRNA_3304,Porites_evermani_scaffold_1422,86585,86998,+,414
lncRNA_3308,Porites_evermani_scaffold_1423,22881,29390,+,6510
lncRNA_3323,Porites_evermani_scaffold_1428,18805,20097,+,1293
lncRNA_3324,Porites_evermani_scaffold_1428,96075,98452,+,2378
lncRNA_3329,Porites_evermani_scaffold_143,314458,318762,+,4305
lncRNA_3333,Porites_evermani_scaffold_143,285879,286512,+,634
lncRNA_3334,Porites_evermani_scaffold_143,290033,295875,+,5843
lncRNA_3346,Porites_evermani_scaffold_1432,44038,51114,+,7077
lncRNA_3354,Porites_evermani_scaffold_1434,28658,29243,+,586
lncRNA_3355,Porites_evermani_scaffold_1434,37643,43379,+,5737
lncRNA_3362,Porites_evermani_scaffold_1436,40230,43707,+,3478
lncRNA_3372,Porites_evermani_scaffold_1438,124905,126878,+,1974
lncRNA_3373,Porites_evermani_scaffold_1438,125105,126878,+,1774
lncRNA_3377,Porites_evermani_scaffold_1439,7954,10214,+,2261
lncRNA_3379,Porites_evermani_scaffold_1439,63369,64111,+,743
lncRNA_3386,Porites_evermani_scaffold_144,44905,48896,+,3992
lncRNA_3388,Porites_evermani_scaffold_144,385598,386884,+,1287
lncRNA_3389,Porites_evermani_scaffold_144,278269,278734,+,466
lncRNA_3392,Porites_evermani_scaffold_144,122547,122839,+,293
lncRNA_3399,Porites_evermani_scaffold_144,370192,370824,+,633
lncRNA_3403,Porites_evermani_scaffold_1441,784,4545,+,3762
lncRNA_3405,Porites_evermani_scaffold_1441,88700,90347,+,1648
lncRNA_3406,Porites_evermani_scaffold_1441,108621,123251,+,14631
lncRNA_3408,Porites_evermani_scaffold_1441,119866,123485,+,3620
lncRNA_3409,Porites_evermani_scaffold_1441,122014,123485,+,1472
lncRNA_3410,Porites_evermani_scaffold_1442,115669,121007,+,5339
lncRNA_3411,Porites_evermani_scaffold_1442,59464,60706,+,1243
lncRNA_3412,Porites_evermani_scaffold_1442,119364,122357,+,2994
lncRNA_3413,Porites_evermani_scaffold_1442,120683,122357,+,1675
lncRNA_3418,Porites_evermani_scaffold_1442,124992,128053,+,3062
lncRNA_3419,Porites_evermani_scaffold_1443,92110,101757,+,9648
lncRNA_3432,Porites_evermani_scaffold_1445,77645,79523,+,1879
lncRNA_3436,Porites_evermani_scaffold_1445,77648,79523,+,1876
lncRNA_3440,Porites_evermani_scaffold_1446,113998,116015,+,2018
lncRNA_3441,Porites_evermani_scaffold_1446,114008,116015,+,2008
lncRNA_3444,Porites_evermani_scaffold_1447,36996,41175,+,4180
lncRNA_3450,Porites_evermani_scaffold_1447,69908,78755,+,8848
lncRNA_3452,Porites_evermani_scaffold_1447,103067,109153,+,6087
lncRNA_3454,Porites_evermani_scaffold_1447,16701,17157,+,457
lncRNA_3455,Porites_evermani_scaffold_1448,115168,117241,+,2074
lncRNA_3457,Porites_evermani_scaffold_1449,5398,30925,+,25528
lncRNA_3463,Porites_evermani_scaffold_145,20835,25333,+,4499
lncRNA_3464,Porites_evermani_scaffold_145,21547,25333,+,3787
lncRNA_3466,Porites_evermani_scaffold_145,112860,124926,+,12067
lncRNA_3469,Porites_evermani_scaffold_145,185667,198147,+,12481
lncRNA_3470,Porites_evermani_scaffold_145,185750,198147,+,12398
lncRNA_3473,Porites_evermani_scaffold_145,103511,112893,+,9383
lncRNA_3475,Porites_evermani_scaffold_145,145464,146687,+,1224
lncRNA_3476,Porites_evermani_scaffold_145,163184,167905,+,4722
lncRNA_3477,Porites_evermani_scaffold_145,171868,173043,+,1176
lncRNA_3478,Porites_evermani_scaffold_145,185453,186499,+,1047
lncRNA_3479,Porites_evermani_scaffold_145,282455,283671,+,1217
lncRNA_3481,Porites_evermani_scaffold_145,314669,318168,+,3500
lncRNA_3485,Porites_evermani_scaffold_145,73831,74285,+,455
lncRNA_3490,Porites_evermani_scaffold_1450,70054,72798,+,2745
lncRNA_3496,Porites_evermani_scaffold_1451,104024,106667,+,2644
lncRNA_3497,Porites_evermani_scaffold_1451,117487,121010,+,3524
lncRNA_3498,Porites_evermani_scaffold_1451,117492,121010,+,3519
lncRNA_3500,Porites_evermani_scaffold_1451,119109,122385,+,3277
lncRNA_3504,Porites_evermani_scaffold_1452,17933,18781,+,849
lncRNA_3505,Porites_evermani_scaffold_1452,62725,63778,+,1054
lncRNA_3508,Porites_evermani_scaffold_1453,85943,86756,+,814
lncRNA_3509,Porites_evermani_scaffold_1454,28983,30274,+,1292
lncRNA_3510,Porites_evermani_scaffold_1454,80089,84577,+,4489
lncRNA_3512,Porites_evermani_scaffold_1454,125785,127076,+,1292
lncRNA_3514,Porites_evermani_scaffold_1455,38350,41542,+,3193
lncRNA_3522,Porites_evermani_scaffold_1456,46713,55607,+,8895
lncRNA_3523,Porites_evermani_scaffold_1456,62057,63900,+,1844
lncRNA_3525,Porites_evermani_scaffold_1456,72001,95330,+,23330
lncRNA_3541,Porites_evermani_scaffold_1459,56465,58566,+,2102
lncRNA_3542,Porites_evermani_scaffold_1459,1561,17709,+,16149
lncRNA_3543,Porites_evermani_scaffold_1459,1562,1968,+,407
lncRNA_3544,Porites_evermani_scaffold_1459,26362,32810,+,6449
lncRNA_3545,Porites_evermani_scaffold_1459,24994,25464,+,471
lncRNA_3547,Porites_evermani_scaffold_146,199682,219672,+,19991
lncRNA_3549,Porites_evermani_scaffold_146,370888,372743,+,1856
lncRNA_3565,Porites_evermani_scaffold_1463,24440,31641,+,7202
lncRNA_3566,Porites_evermani_scaffold_1463,25050,31641,+,6592
lncRNA_3569,Porites_evermani_scaffold_1463,25199,27779,+,2581
lncRNA_3570,Porites_evermani_scaffold_1463,25700,30504,+,4805
lncRNA_3571,Porites_evermani_scaffold_1463,43323,48974,+,5652
lncRNA_3578,Porites_evermani_scaffold_1463,119239,121010,+,1772
lncRNA_3579,Porites_evermani_scaffold_1464,33063,39820,+,6758
lncRNA_3580,Porites_evermani_scaffold_1464,45572,47842,+,2271
lncRNA_3581,Porites_evermani_scaffold_1465,12619,23112,+,10494
lncRNA_3582,Porites_evermani_scaffold_1465,1,1550,+,1550
lncRNA_3583,Porites_evermani_scaffold_1465,8,1550,+,1543
lncRNA_3584,Porites_evermani_scaffold_1465,45790,50945,+,5156
lncRNA_3591,Porites_evermani_scaffold_1467,47635,48651,+,1017
lncRNA_3596,Porites_evermani_scaffold_1468,105859,106317,+,459
lncRNA_3597,Porites_evermani_scaffold_1468,2585,8200,+,5616
lncRNA_3598,Porites_evermani_scaffold_1468,3057,7528,+,4472
lncRNA_3600,Porites_evermani_scaffold_1468,20375,39386,+,19012
lncRNA_3601,Porites_evermani_scaffold_1468,93626,98260,+,4635
lncRNA_3602,Porites_evermani_scaffold_1468,94448,98260,+,3813
lncRNA_3603,Porites_evermani_scaffold_1468,105998,107064,+,1067
lncRNA_3604,Porites_evermani_scaffold_1468,106143,108153,+,2011
lncRNA_3605,Porites_evermani_scaffold_1468,107065,108153,+,1089
lncRNA_3609,Porites_evermani_scaffold_1469,47738,50918,+,3181
lncRNA_3610,Porites_evermani_scaffold_1469,98338,103193,+,4856
lncRNA_3614,Porites_evermani_scaffold_147,403602,405792,+,2191
lncRNA_3624,Porites_evermani_scaffold_1470,2804,6716,+,3913
lncRNA_3625,Porites_evermani_scaffold_1470,17973,26811,+,8839
lncRNA_3626,Porites_evermani_scaffold_1470,18008,26811,+,8804
lncRNA_3627,Porites_evermani_scaffold_1470,67865,68073,+,209
lncRNA_3628,Porites_evermani_scaffold_1470,24453,26811,+,2359
lncRNA_3629,Porites_evermani_scaffold_1470,67884,72841,+,4958
lncRNA_3630,Porites_evermani_scaffold_1470,260,1423,+,1164
lncRNA_3636,Porites_evermani_scaffold_1473,12620,103817,+,91198
lncRNA_3637,Porites_evermani_scaffold_1473,12760,105401,+,92642
lncRNA_3638,Porites_evermani_scaffold_1473,43763,103817,+,60055
lncRNA_3639,Porites_evermani_scaffold_1473,48497,103817,+,55321
lncRNA_3641,Porites_evermani_scaffold_1473,54266,105401,+,51136
lncRNA_3642,Porites_evermani_scaffold_1473,54276,103817,+,49542
lncRNA_3643,Porites_evermani_scaffold_1473,54330,105401,+,51072
lncRNA_3644,Porites_evermani_scaffold_1473,20,19323,+,19304
lncRNA_3645,Porites_evermani_scaffold_1473,105,19323,+,19219
lncRNA_3647,Porites_evermani_scaffold_1473,22285,30821,+,8537
lncRNA_3651,Porites_evermani_scaffold_1474,46990,60470,+,13481
lncRNA_3652,Porites_evermani_scaffold_1474,47024,60470,+,13447
lncRNA_3653,Porites_evermani_scaffold_1474,63974,67056,+,3083
lncRNA_3661,Porites_evermani_scaffold_1476,115157,121472,+,6316
lncRNA_3662,Porites_evermani_scaffold_1476,117230,123558,+,6329
lncRNA_3663,Porites_evermani_scaffold_1477,86391,90108,+,3718
lncRNA_3664,Porites_evermani_scaffold_1477,82466,88590,+,6125
lncRNA_3666,Porites_evermani_scaffold_1477,103349,108102,+,4754
lncRNA_3669,Porites_evermani_scaffold_1479,102992,115945,+,12954
lncRNA_3674,Porites_evermani_scaffold_148,39446,44486,+,5041
lncRNA_3675,Porites_evermani_scaffold_148,43549,44486,+,938
lncRNA_3676,Porites_evermani_scaffold_148,40107,44946,+,4840
lncRNA_3677,Porites_evermani_scaffold_148,75775,76463,+,689
lncRNA_3679,Porites_evermani_scaffold_148,58937,61990,+,3054
lncRNA_3680,Porites_evermani_scaffold_148,58954,61441,+,2488
lncRNA_3681,Porites_evermani_scaffold_148,230839,258206,+,27368
lncRNA_3682,Porites_evermani_scaffold_148,333770,336354,+,2585
lncRNA_3686,Porites_evermani_scaffold_148,391134,394041,+,2908
lncRNA_3688,Porites_evermani_scaffold_1481,63234,67325,+,4092
lncRNA_3689,Porites_evermani_scaffold_1481,63304,67325,+,4022
lncRNA_3690,Porites_evermani_scaffold_1481,65950,67430,+,1481
lncRNA_3694,Porites_evermani_scaffold_1482,73561,73987,+,427
lncRNA_3696,Porites_evermani_scaffold_1482,73820,80993,+,7174
lncRNA_3697,Porites_evermani_scaffold_1482,90033,91526,+,1494
lncRNA_3703,Porites_evermani_scaffold_1483,69000,73768,+,4769
lncRNA_3704,Porites_evermani_scaffold_1483,59164,63481,+,4318
lncRNA_3709,Porites_evermani_scaffold_1484,51362,52420,+,1059
lncRNA_3711,Porites_evermani_scaffold_1484,35592,37383,+,1792
lncRNA_3712,Porites_evermani_scaffold_1484,10641,11410,+,770
lncRNA_3714,Porites_evermani_scaffold_1485,117055,119572,+,2518
lncRNA_3722,Porites_evermani_scaffold_1487,121853,123823,+,1971
lncRNA_3723,Porites_evermani_scaffold_1488,89322,95099,+,5778
lncRNA_3725,Porites_evermani_scaffold_1488,97809,105726,+,7918
lncRNA_3726,Porites_evermani_scaffold_1488,56269,58307,+,2039
lncRNA_3727,Porites_evermani_scaffold_1488,75578,88973,+,13396
lncRNA_3728,Porites_evermani_scaffold_1488,78502,79641,+,1140
lncRNA_3729,Porites_evermani_scaffold_1488,90115,93061,+,2947
lncRNA_3734,Porites_evermani_scaffold_1489,90409,101041,+,10633
lncRNA_3735,Porites_evermani_scaffold_1489,91139,101041,+,9903
lncRNA_3736,Porites_evermani_scaffold_1489,100242,101041,+,800
lncRNA_3737,Porites_evermani_scaffold_149,3689,19221,+,15533
lncRNA_3738,Porites_evermani_scaffold_149,16374,19221,+,2848
lncRNA_3740,Porites_evermani_scaffold_149,245778,256021,+,10244
lncRNA_3741,Porites_evermani_scaffold_149,245869,256021,+,10153
lncRNA_3742,Porites_evermani_scaffold_149,245981,256021,+,10041
lncRNA_3749,Porites_evermani_scaffold_149,158297,161067,+,2771
lncRNA_3750,Porites_evermani_scaffold_149,180938,182202,+,1265
lncRNA_3751,Porites_evermani_scaffold_149,353627,357676,+,4050
lncRNA_3754,Porites_evermani_scaffold_149,22429,22946,+,518
lncRNA_3775,Porites_evermani_scaffold_1492,29927,36009,+,6083
lncRNA_3776,Porites_evermani_scaffold_1492,50641,51882,+,1242
lncRNA_3777,Porites_evermani_scaffold_1492,1982,5628,+,3647
lncRNA_3779,Porites_evermani_scaffold_1493,73948,74838,+,891
lncRNA_3780,Porites_evermani_scaffold_1494,17774,20388,+,2615
lncRNA_3781,Porites_evermani_scaffold_1494,18452,22818,+,4367
lncRNA_3782,Porites_evermani_scaffold_1494,18544,22818,+,4275
lncRNA_3787,Porites_evermani_scaffold_1495,58763,61955,+,3193
lncRNA_3788,Porites_evermani_scaffold_1495,99273,101356,+,2084
lncRNA_3789,Porites_evermani_scaffold_1495,100697,101815,+,1119
lncRNA_3790,Porites_evermani_scaffold_1495,8153,61413,+,53261
lncRNA_3797,Porites_evermani_scaffold_1495,92526,92760,+,235
lncRNA_3800,Porites_evermani_scaffold_1497,19766,20137,+,372
lncRNA_3806,Porites_evermani_scaffold_1498,102828,109552,+,6725
lncRNA_3815,Porites_evermani_scaffold_15,73316,78902,+,5587
lncRNA_3817,Porites_evermani_scaffold_15,305425,316554,+,11130
lncRNA_3818,Porites_evermani_scaffold_15,305840,310292,+,4453
lncRNA_3819,Porites_evermani_scaffold_15,306651,316554,+,9904
lncRNA_3820,Porites_evermani_scaffold_15,306676,316554,+,9879
lncRNA_3821,Porites_evermani_scaffold_15,307744,310292,+,2549
lncRNA_3822,Porites_evermani_scaffold_15,408159,410296,+,2138
lncRNA_3823,Porites_evermani_scaffold_15,497796,499054,+,1259
lncRNA_3824,Porites_evermani_scaffold_15,792314,800059,+,7746
lncRNA_3833,Porites_evermani_scaffold_15,265572,268410,+,2839
lncRNA_3834,Porites_evermani_scaffold_15,271277,272044,+,768
lncRNA_3835,Porites_evermani_scaffold_15,304982,316554,+,11573
lncRNA_3836,Porites_evermani_scaffold_15,306244,316554,+,10311
lncRNA_3837,Porites_evermani_scaffold_15,560240,562675,+,2436
lncRNA_3838,Porites_evermani_scaffold_15,583014,584271,+,1258
lncRNA_3839,Porites_evermani_scaffold_15,902663,903229,+,567
lncRNA_3840,Porites_evermani_scaffold_15,908637,910389,+,1753
lncRNA_3841,Porites_evermani_scaffold_15,1019146,1022775,+,3630
lncRNA_3842,Porites_evermani_scaffold_15,1022013,1022775,+,763
lncRNA_3851,Porites_evermani_scaffold_150,3331,9813,+,6483
lncRNA_3855,Porites_evermani_scaffold_150,316529,317956,+,1428
lncRNA_3858,Porites_evermani_scaffold_1500,34186,39893,+,5708
lncRNA_3859,Porites_evermani_scaffold_1500,107132,108777,+,1646
lncRNA_3874,Porites_evermani_scaffold_1503,40830,41097,+,268
lncRNA_3876,Porites_evermani_scaffold_1504,79555,94914,+,15360
lncRNA_3877,Porites_evermani_scaffold_1504,13439,14881,+,1443
lncRNA_3878,Porites_evermani_scaffold_1504,66919,67592,+,674
lncRNA_3879,Porites_evermani_scaffold_1504,66941,67592,+,652
lncRNA_3880,Porites_evermani_scaffold_1504,17590,18192,+,603
lncRNA_3884,Porites_evermani_scaffold_1506,101257,103482,+,2226
lncRNA_3885,Porites_evermani_scaffold_1507,6784,11439,+,4656
lncRNA_3886,Porites_evermani_scaffold_1507,6785,11379,+,4595
lncRNA_3887,Porites_evermani_scaffold_1507,6788,11439,+,4652
lncRNA_3888,Porites_evermani_scaffold_1507,6792,11439,+,4648
lncRNA_3890,Porites_evermani_scaffold_1507,69793,82591,+,12799
lncRNA_3891,Porites_evermani_scaffold_1507,81581,87910,+,6330
lncRNA_3893,Porites_evermani_scaffold_1507,62673,63997,+,1325
lncRNA_3894,Porites_evermani_scaffold_1507,1,950,+,950
lncRNA_3896,Porites_evermani_scaffold_1508,18243,19197,+,955
lncRNA_3898,Porites_evermani_scaffold_1508,83961,88799,+,4839
lncRNA_3900,Porites_evermani_scaffold_1508,120451,121948,+,1498
lncRNA_3901,Porites_evermani_scaffold_1508,70413,71371,+,959
lncRNA_3913,Porites_evermani_scaffold_1511,37255,38272,+,1018
lncRNA_3915,Porites_evermani_scaffold_1512,53457,56208,+,2752
lncRNA_3916,Porites_evermani_scaffold_1512,53948,56208,+,2261
lncRNA_3917,Porites_evermani_scaffold_1512,70250,83518,+,13269
lncRNA_3918,Porites_evermani_scaffold_1512,70338,83518,+,13181
lncRNA_3919,Porites_evermani_scaffold_1512,50850,52786,+,1937
lncRNA_3923,Porites_evermani_scaffold_1513,109044,111230,+,2187
lncRNA_3924,Porites_evermani_scaffold_1513,111838,121540,+,9703
lncRNA_3926,Porites_evermani_scaffold_1513,102304,103597,+,1294
lncRNA_3942,Porites_evermani_scaffold_1516,412,2514,+,2103
lncRNA_3944,Porites_evermani_scaffold_1516,56121,57344,+,1224
lncRNA_3945,Porites_evermani_scaffold_1516,56166,57344,+,1179
lncRNA_3947,Porites_evermani_scaffold_1518,8338,9537,+,1200
lncRNA_3950,Porites_evermani_scaffold_1518,23407,35186,+,11780
lncRNA_3951,Porites_evermani_scaffold_1518,65411,70419,+,5009
lncRNA_3955,Porites_evermani_scaffold_1519,46196,46583,+,388
lncRNA_3957,Porites_evermani_scaffold_1519,107750,110302,+,2553
lncRNA_3963,Porites_evermani_scaffold_152,75367,77175,+,1809
lncRNA_3964,Porites_evermani_scaffold_152,75660,77175,+,1516
lncRNA_3965,Porites_evermani_scaffold_152,75774,77175,+,1402
lncRNA_3966,Porites_evermani_scaffold_152,108187,110645,+,2459
lncRNA_3967,Porites_evermani_scaffold_152,111048,111651,+,604
lncRNA_3968,Porites_evermani_scaffold_152,193751,197685,+,3935
lncRNA_3969,Porites_evermani_scaffold_152,193779,197685,+,3907
lncRNA_3971,Porites_evermani_scaffold_152,205128,206330,+,1203
lncRNA_3972,Porites_evermani_scaffold_152,226520,226785,+,266
lncRNA_3973,Porites_evermani_scaffold_152,328452,329191,+,740
lncRNA_3982,Porites_evermani_scaffold_1522,31687,33022,+,1336
lncRNA_3983,Porites_evermani_scaffold_1522,56023,57310,+,1288
lncRNA_3984,Porites_evermani_scaffold_1522,91038,94813,+,3776
lncRNA_3986,Porites_evermani_scaffold_1522,120174,120986,+,813
lncRNA_3987,Porites_evermani_scaffold_1523,79208,84300,+,5093
lncRNA_3988,Porites_evermani_scaffold_1523,97729,99817,+,2089
lncRNA_3990,Porites_evermani_scaffold_1523,97834,99817,+,1984
lncRNA_3999,Porites_evermani_scaffold_1525,82166,83824,+,1659
lncRNA_4002,Porites_evermani_scaffold_1526,62715,64116,+,1402
lncRNA_4003,Porites_evermani_scaffold_1526,62757,64116,+,1360
lncRNA_4004,Porites_evermani_scaffold_1526,94910,100805,+,5896
lncRNA_4005,Porites_evermani_scaffold_1526,95770,100805,+,5036
lncRNA_4006,Porites_evermani_scaffold_1526,96615,100805,+,4191
lncRNA_4016,Porites_evermani_scaffold_1528,13019,14960,+,1942
lncRNA_4018,Porites_evermani_scaffold_1528,67849,71295,+,3447
lncRNA_4019,Porites_evermani_scaffold_1528,68091,73442,+,5352
lncRNA_4020,Porites_evermani_scaffold_1528,68292,73442,+,5151
lncRNA_4022,Porites_evermani_scaffold_1528,78981,81372,+,2392
lncRNA_4023,Porites_evermani_scaffold_1528,79221,81372,+,2152
lncRNA_4028,Porites_evermani_scaffold_153,136679,140205,+,3527
lncRNA_4032,Porites_evermani_scaffold_153,165916,167648,+,1733
lncRNA_4033,Porites_evermani_scaffold_153,167995,168559,+,565
lncRNA_4035,Porites_evermani_scaffold_153,324068,326083,+,2016
lncRNA_4036,Porites_evermani_scaffold_153,64224,64534,+,311
lncRNA_4037,Porites_evermani_scaffold_153,94933,95480,+,548
lncRNA_4043,Porites_evermani_scaffold_1530,97457,108096,+,10640
lncRNA_4052,Porites_evermani_scaffold_1532,37211,39941,+,2731
lncRNA_4055,Porites_evermani_scaffold_1533,95238,101405,+,6168
lncRNA_4057,Porites_evermani_scaffold_1533,51036,52445,+,1410
lncRNA_4058,Porites_evermani_scaffold_1533,51249,52445,+,1197
lncRNA_4059,Porites_evermani_scaffold_1533,95286,110554,+,15269
lncRNA_4060,Porites_evermani_scaffold_1533,98710,110554,+,11845
lncRNA_4061,Porites_evermani_scaffold_1533,100923,110554,+,9632
lncRNA_4062,Porites_evermani_scaffold_1533,101336,110554,+,9219
lncRNA_4064,Porites_evermani_scaffold_1534,118251,120078,+,1828
lncRNA_4065,Porites_evermani_scaffold_1534,31898,32518,+,621
lncRNA_4068,Porites_evermani_scaffold_1535,86641,94441,+,7801
lncRNA_4069,Porites_evermani_scaffold_1535,91907,94441,+,2535
lncRNA_4071,Porites_evermani_scaffold_1535,99126,106476,+,7351
lncRNA_4072,Porites_evermani_scaffold_1535,99129,101761,+,2633
lncRNA_4076,Porites_evermani_scaffold_1535,45367,46110,+,744
lncRNA_4081,Porites_evermani_scaffold_1536,3195,7783,+,4589
lncRNA_4082,Porites_evermani_scaffold_1536,74671,86398,+,11728
lncRNA_4086,Porites_evermani_scaffold_1536,87170,88819,+,1650
lncRNA_4093,Porites_evermani_scaffold_1537,113681,115825,+,2145
lncRNA_4096,Porites_evermani_scaffold_154,348758,350593,+,1836
lncRNA_4097,Porites_evermani_scaffold_154,363965,364960,+,996
lncRNA_4098,Porites_evermani_scaffold_154,148836,150909,+,2074
lncRNA_4099,Porites_evermani_scaffold_154,149629,150909,+,1281
lncRNA_4123,Porites_evermani_scaffold_1544,35777,39614,+,3838
lncRNA_4124,Porites_evermani_scaffold_1544,85802,116365,+,30564
lncRNA_4132,Porites_evermani_scaffold_1545,66820,73282,+,6463
lncRNA_4133,Porites_evermani_scaffold_1545,111931,112384,+,454
lncRNA_4142,Porites_evermani_scaffold_1548,43642,50201,+,6560
lncRNA_4143,Porites_evermani_scaffold_1548,44237,49443,+,5207
lncRNA_4144,Porites_evermani_scaffold_1548,45982,50201,+,4220
lncRNA_4145,Porites_evermani_scaffold_1548,54879,67431,+,12553
lncRNA_4146,Porites_evermani_scaffold_1548,54983,67431,+,12449
lncRNA_4147,Porites_evermani_scaffold_1548,54987,66978,+,11992
lncRNA_4148,Porites_evermani_scaffold_1548,74834,76261,+,1428
lncRNA_4154,Porites_evermani_scaffold_155,161922,167324,+,5403
lncRNA_4156,Porites_evermani_scaffold_155,163393,164259,+,867
lncRNA_4158,Porites_evermani_scaffold_1550,53203,64564,+,11362
lncRNA_4159,Porites_evermani_scaffold_1550,111101,112232,+,1132
lncRNA_4160,Porites_evermani_scaffold_1551,45992,62231,+,16240
lncRNA_4161,Porites_evermani_scaffold_1552,1,2034,+,2034
lncRNA_4165,Porites_evermani_scaffold_1553,36407,54709,+,18303
lncRNA_4166,Porites_evermani_scaffold_1553,65407,86440,+,21034
lncRNA_4167,Porites_evermani_scaffold_1553,66577,86440,+,19864
lncRNA_4171,Porites_evermani_scaffold_1553,58784,64535,+,5752
lncRNA_4180,Porites_evermani_scaffold_1556,64759,72156,+,7398
lncRNA_4184,Porites_evermani_scaffold_1558,17063,18763,+,1701
lncRNA_4188,Porites_evermani_scaffold_156,204578,206123,+,1546
lncRNA_4189,Porites_evermani_scaffold_156,256755,258701,+,1947
lncRNA_4190,Porites_evermani_scaffold_156,330859,332895,+,2037
lncRNA_4193,Porites_evermani_scaffold_156,263517,264175,+,659
lncRNA_4220,Porites_evermani_scaffold_1564,45324,51643,+,6320
lncRNA_4222,Porites_evermani_scaffold_1564,94594,98511,+,3918
lncRNA_4227,Porites_evermani_scaffold_1565,55675,56955,+,1281
lncRNA_4228,Porites_evermani_scaffold_1565,49847,51444,+,1598
lncRNA_4229,Porites_evermani_scaffold_1565,129,13479,+,13351
lncRNA_4230,Porites_evermani_scaffold_1565,454,5752,+,5299
lncRNA_4231,Porites_evermani_scaffold_1565,458,13479,+,13022
lncRNA_4232,Porites_evermani_scaffold_1565,461,13479,+,13019
lncRNA_4233,Porites_evermani_scaffold_1565,35156,39386,+,4231
lncRNA_4234,Porites_evermani_scaffold_1565,84907,89082,+,4176
lncRNA_4235,Porites_evermani_scaffold_1566,1429,6095,+,4667
lncRNA_4236,Porites_evermani_scaffold_1566,46118,54973,+,8856
lncRNA_4237,Porites_evermani_scaffold_1566,53476,54973,+,1498
lncRNA_4238,Porites_evermani_scaffold_1566,93342,108948,+,15607
lncRNA_4239,Porites_evermani_scaffold_1566,96597,113031,+,16435
lncRNA_4253,Porites_evermani_scaffold_1569,74360,81161,+,6802
lncRNA_4257,Porites_evermani_scaffold_1569,77909,81161,+,3253
lncRNA_4260,Porites_evermani_scaffold_157,281148,284371,+,3224
lncRNA_4261,Porites_evermani_scaffold_157,302887,305787,+,2901
lncRNA_4285,Porites_evermani_scaffold_1575,85855,96461,+,10607
lncRNA_4286,Porites_evermani_scaffold_1575,94501,101479,+,6979
lncRNA_4287,Porites_evermani_scaffold_1575,95648,101479,+,5832
lncRNA_4288,Porites_evermani_scaffold_1575,30711,31755,+,1045
lncRNA_4290,Porites_evermani_scaffold_1576,22369,24207,+,1839
lncRNA_4291,Porites_evermani_scaffold_1576,106666,109169,+,2504
lncRNA_4292,Porites_evermani_scaffold_1577,13220,64565,+,51346
lncRNA_4293,Porites_evermani_scaffold_1577,26240,64565,+,38326
lncRNA_4295,Porites_evermani_scaffold_1578,16257,23539,+,7283
lncRNA_4298,Porites_evermani_scaffold_1578,13670,18169,+,4500
lncRNA_4302,Porites_evermani_scaffold_1579,17931,20576,+,2646
lncRNA_4304,Porites_evermani_scaffold_1579,43859,47601,+,3743
lncRNA_4305,Porites_evermani_scaffold_1579,43887,47395,+,3509
lncRNA_4306,Porites_evermani_scaffold_1579,44124,47517,+,3394
lncRNA_4307,Porites_evermani_scaffold_1579,44245,47601,+,3357
lncRNA_4310,Porites_evermani_scaffold_158,315455,318068,+,2614
lncRNA_4312,Porites_evermani_scaffold_158,126678,127322,+,645
lncRNA_4313,Porites_evermani_scaffold_158,143764,146685,+,2922
lncRNA_4314,Porites_evermani_scaffold_158,315455,318425,+,2971
lncRNA_4316,Porites_evermani_scaffold_158,66337,69278,+,2942
lncRNA_4321,Porites_evermani_scaffold_1580,16827,24107,+,7281
lncRNA_4322,Porites_evermani_scaffold_1580,17570,24107,+,6538
lncRNA_4323,Porites_evermani_scaffold_1580,64865,67874,+,3010
lncRNA_4324,Porites_evermani_scaffold_1580,65455,67874,+,2420
lncRNA_4325,Porites_evermani_scaffold_1580,68552,81112,+,12561
lncRNA_4326,Porites_evermani_scaffold_1580,68104,81407,+,13304
lncRNA_4327,Porites_evermani_scaffold_1580,72401,81407,+,9007
lncRNA_4328,Porites_evermani_scaffold_1580,91428,94330,+,2903
lncRNA_4333,Porites_evermani_scaffold_1581,23151,26156,+,3006
lncRNA_4335,Porites_evermani_scaffold_1581,31877,38522,+,6646
lncRNA_4337,Porites_evermani_scaffold_1581,30077,30787,+,711
lncRNA_4343,Porites_evermani_scaffold_1583,91527,92340,+,814
lncRNA_4344,Porites_evermani_scaffold_1583,91147,91488,+,342
lncRNA_4345,Porites_evermani_scaffold_1583,96669,104216,+,7548
lncRNA_4347,Porites_evermani_scaffold_1584,100273,106368,+,6096
lncRNA_4348,Porites_evermani_scaffold_1584,101897,106368,+,4472
lncRNA_4353,Porites_evermani_scaffold_1585,61267,63808,+,2542
lncRNA_4360,Porites_evermani_scaffold_1586,80024,84524,+,4501
lncRNA_4382,Porites_evermani_scaffold_159,323173,327348,+,4176
lncRNA_4383,Porites_evermani_scaffold_159,372867,377203,+,4337
lncRNA_4386,Porites_evermani_scaffold_159,244613,250871,+,6259
lncRNA_4387,Porites_evermani_scaffold_159,245090,250155,+,5066
lncRNA_4388,Porites_evermani_scaffold_159,271131,273099,+,1969
lncRNA_4389,Porites_evermani_scaffold_159,278253,280300,+,2048
lncRNA_4402,Porites_evermani_scaffold_1591,38999,50611,+,11613
lncRNA_4403,Porites_evermani_scaffold_1591,39512,47892,+,8381
lncRNA_4404,Porites_evermani_scaffold_1591,39703,41935,+,2233
lncRNA_4405,Porites_evermani_scaffold_1591,41165,50611,+,9447
lncRNA_4406,Porites_evermani_scaffold_1591,41261,50611,+,9351
lncRNA_4407,Porites_evermani_scaffold_1591,41936,50611,+,8676
lncRNA_4411,Porites_evermani_scaffold_1592,98268,100419,+,2152
lncRNA_4412,Porites_evermani_scaffold_1592,99107,100419,+,1313
lncRNA_4413,Porites_evermani_scaffold_1592,40977,42344,+,1368
lncRNA_4414,Porites_evermani_scaffold_1592,41046,42344,+,1299
lncRNA_4426,Porites_evermani_scaffold_1594,51589,61969,+,10381
lncRNA_4427,Porites_evermani_scaffold_1594,59104,71157,+,12054
lncRNA_4428,Porites_evermani_scaffold_1594,59588,71157,+,11570
lncRNA_4434,Porites_evermani_scaffold_1596,19742,20867,+,1126
lncRNA_4436,Porites_evermani_scaffold_1597,43665,45987,+,2323
lncRNA_4437,Porites_evermani_scaffold_1597,59162,60316,+,1155
lncRNA_4440,Porites_evermani_scaffold_1597,99996,110131,+,10136
lncRNA_4444,Porites_evermani_scaffold_1597,43055,45987,+,2933
lncRNA_4445,Porites_evermani_scaffold_1597,87095,89547,+,2453
lncRNA_4446,Porites_evermani_scaffold_1597,47193,47810,+,618
lncRNA_4458,Porites_evermani_scaffold_16,749816,800376,+,50561
lncRNA_4459,Porites_evermani_scaffold_16,755813,800376,+,44564
lncRNA_4460,Porites_evermani_scaffold_16,802464,803523,+,1060
lncRNA_4461,Porites_evermani_scaffold_16,802484,803523,+,1040
lncRNA_4462,Porites_evermani_scaffold_16,90442,91367,+,926
lncRNA_4463,Porites_evermani_scaffold_16,97954,99210,+,1257
lncRNA_4465,Porites_evermani_scaffold_16,871813,874401,+,2589
lncRNA_4466,Porites_evermani_scaffold_16,914956,917018,+,2063
lncRNA_4475,Porites_evermani_scaffold_160,78000,78612,+,613
lncRNA_4493,Porites_evermani_scaffold_1604,10733,28976,+,18244
lncRNA_4494,Porites_evermani_scaffold_1604,13526,15041,+,1516
lncRNA_4497,Porites_evermani_scaffold_1605,75542,79507,+,3966
lncRNA_4504,Porites_evermani_scaffold_1607,103696,104658,+,963
lncRNA_4513,Porites_evermani_scaffold_161,12560,14342,+,1783
lncRNA_4516,Porites_evermani_scaffold_161,38248,43086,+,4839
lncRNA_4517,Porites_evermani_scaffold_161,80063,83983,+,3921
lncRNA_4520,Porites_evermani_scaffold_161,308420,309855,+,1436
lncRNA_4522,Porites_evermani_scaffold_161,408967,410469,+,1503
lncRNA_4523,Porites_evermani_scaffold_161,408990,410237,+,1248
lncRNA_4527,Porites_evermani_scaffold_161,43800,47481,+,3682
lncRNA_4528,Porites_evermani_scaffold_161,43803,47481,+,3679
lncRNA_4529,Porites_evermani_scaffold_161,300195,307057,+,6863
lncRNA_4530,Porites_evermani_scaffold_161,300349,306239,+,5891
lncRNA_4531,Porites_evermani_scaffold_161,300629,307057,+,6429
lncRNA_4532,Porites_evermani_scaffold_161,300668,307057,+,6390
lncRNA_4533,Porites_evermani_scaffold_161,301085,306239,+,5155
lncRNA_4534,Porites_evermani_scaffold_161,386413,393147,+,6735
lncRNA_4535,Porites_evermani_scaffold_161,405778,407975,+,2198
lncRNA_4537,Porites_evermani_scaffold_161,159603,160311,+,709
lncRNA_4539,Porites_evermani_scaffold_1610,54380,55192,+,813
lncRNA_4540,Porites_evermani_scaffold_1611,100759,104893,+,4135
lncRNA_4541,Porites_evermani_scaffold_1612,26589,27269,+,681
lncRNA_4542,Porites_evermani_scaffold_1612,45247,48251,+,3005
lncRNA_4543,Porites_evermani_scaffold_1612,45327,48432,+,3106
lncRNA_4545,Porites_evermani_scaffold_1613,26943,28911,+,1969
lncRNA_4547,Porites_evermani_scaffold_1613,52560,60757,+,8198
lncRNA_4548,Porites_evermani_scaffold_1613,52873,60757,+,7885
lncRNA_4555,Porites_evermani_scaffold_1614,42624,57051,+,14428
lncRNA_4556,Porites_evermani_scaffold_1614,47351,56848,+,9498
lncRNA_4557,Porites_evermani_scaffold_1614,109864,110676,+,813
lncRNA_4560,Porites_evermani_scaffold_1615,28656,37090,+,8435
lncRNA_4561,Porites_evermani_scaffold_1615,28678,37651,+,8974
lncRNA_4562,Porites_evermani_scaffold_1615,29461,37651,+,8191
lncRNA_4563,Porites_evermani_scaffold_1615,56211,56942,+,732
lncRNA_4569,Porites_evermani_scaffold_1616,111666,115160,+,3495
lncRNA_4575,Porites_evermani_scaffold_1617,90616,92489,+,1874
lncRNA_4583,Porites_evermani_scaffold_162,50223,55656,+,5434
lncRNA_4584,Porites_evermani_scaffold_162,52783,55656,+,2874
lncRNA_4585,Porites_evermani_scaffold_162,85636,89411,+,3776
lncRNA_4589,Porites_evermani_scaffold_162,13,460,+,448
lncRNA_4602,Porites_evermani_scaffold_1622,49699,50312,+,614
lncRNA_4605,Porites_evermani_scaffold_1622,22079,30430,+,8352
lncRNA_4606,Porites_evermani_scaffold_1622,22519,30430,+,7912
lncRNA_4607,Porites_evermani_scaffold_1622,35116,37129,+,2014
lncRNA_4608,Porites_evermani_scaffold_1622,35584,36578,+,995
lncRNA_4610,Porites_evermani_scaffold_1622,100507,102663,+,2157
lncRNA_4612,Porites_evermani_scaffold_1623,912,10984,+,10073
lncRNA_4614,Porites_evermani_scaffold_1623,107087,110545,+,3459
lncRNA_4617,Porites_evermani_scaffold_1623,104763,105473,+,711
lncRNA_4620,Porites_evermani_scaffold_1624,89801,101859,+,12059
lncRNA_4621,Porites_evermani_scaffold_1624,89852,101859,+,12008
lncRNA_4628,Porites_evermani_scaffold_1625,65323,65954,+,632
lncRNA_4632,Porites_evermani_scaffold_1626,18867,24970,+,6104
lncRNA_4633,Porites_evermani_scaffold_1626,18897,24970,+,6074
lncRNA_4634,Porites_evermani_scaffold_1626,26803,28805,+,2003
lncRNA_4637,Porites_evermani_scaffold_1626,24608,25131,+,524
lncRNA_4638,Porites_evermani_scaffold_1626,24608,26102,+,1495
lncRNA_4642,Porites_evermani_scaffold_1628,75554,79247,+,3694
lncRNA_4643,Porites_evermani_scaffold_1628,108745,113017,+,4273
lncRNA_4644,Porites_evermani_scaffold_1628,76639,79110,+,2472
lncRNA_4648,Porites_evermani_scaffold_163,19899,38253,+,18355
lncRNA_4649,Porites_evermani_scaffold_163,19922,38253,+,18332
lncRNA_4666,Porites_evermani_scaffold_163,40720,51735,+,11016
lncRNA_4667,Porites_evermani_scaffold_163,40720,52567,+,11848
lncRNA_4668,Porites_evermani_scaffold_163,40769,51569,+,10801
lncRNA_4669,Porites_evermani_scaffold_163,92069,93221,+,1153
lncRNA_4670,Porites_evermani_scaffold_163,92292,93221,+,930
lncRNA_4671,Porites_evermani_scaffold_163,163731,168107,+,4377
lncRNA_4672,Porites_evermani_scaffold_163,352456,355981,+,3526
lncRNA_4673,Porites_evermani_scaffold_163,359905,362052,+,2148
lncRNA_4681,Porites_evermani_scaffold_163,145451,147859,+,2409
lncRNA_4688,Porites_evermani_scaffold_1631,1837,5252,+,3416
lncRNA_4696,Porites_evermani_scaffold_1633,79891,83749,+,3859
lncRNA_4698,Porites_evermani_scaffold_1634,40248,44189,+,3942
lncRNA_4699,Porites_evermani_scaffold_1634,40880,44189,+,3310
lncRNA_4701,Porites_evermani_scaffold_1635,17028,30748,+,13721
lncRNA_4702,Porites_evermani_scaffold_1635,41638,49162,+,7525
lncRNA_4703,Porites_evermani_scaffold_1635,48637,55817,+,7181
lncRNA_4704,Porites_evermani_scaffold_1635,49056,55828,+,6773
lncRNA_4708,Porites_evermani_scaffold_164,29183,30914,+,1732
lncRNA_4709,Porites_evermani_scaffold_164,279869,281187,+,1319
lncRNA_4710,Porites_evermani_scaffold_164,279897,281187,+,1291
lncRNA_4711,Porites_evermani_scaffold_164,184992,193300,+,8309
lncRNA_4712,Porites_evermani_scaffold_164,184995,199793,+,14799
lncRNA_4717,Porites_evermani_scaffold_1641,52457,55176,+,2720
lncRNA_4718,Porites_evermani_scaffold_1641,95820,97962,+,2143
lncRNA_4719,Porites_evermani_scaffold_1641,95822,97962,+,2141
lncRNA_4724,Porites_evermani_scaffold_1642,21312,39798,+,18487
lncRNA_4725,Porites_evermani_scaffold_1642,34010,39798,+,5789
lncRNA_4726,Porites_evermani_scaffold_1643,39193,39904,+,712
lncRNA_4727,Porites_evermani_scaffold_1643,1,928,+,928
lncRNA_4754,Porites_evermani_scaffold_165,57712,79909,+,22198
lncRNA_4773,Porites_evermani_scaffold_165,332980,335190,+,2211
lncRNA_4779,Porites_evermani_scaffold_1651,63028,67027,+,4000
lncRNA_4780,Porites_evermani_scaffold_1651,63233,67027,+,3795
lncRNA_4781,Porites_evermani_scaffold_1651,50250,56959,+,6710
lncRNA_4782,Porites_evermani_scaffold_1651,63013,64927,+,1915
lncRNA_4786,Porites_evermani_scaffold_1652,107509,112638,+,5130
lncRNA_4788,Porites_evermani_scaffold_1652,108281,112204,+,3924
lncRNA_4789,Porites_evermani_scaffold_1653,20644,28080,+,7437
lncRNA_4794,Porites_evermani_scaffold_1654,1,3990,+,3990
lncRNA_4800,Porites_evermani_scaffold_1656,16267,17598,+,1332
lncRNA_4803,Porites_evermani_scaffold_1656,13431,15462,+,2032
lncRNA_4806,Porites_evermani_scaffold_1657,68097,69349,+,1253
lncRNA_4821,Porites_evermani_scaffold_166,284381,287487,+,3107
lncRNA_4823,Porites_evermani_scaffold_166,382606,386445,+,3840
lncRNA_4824,Porites_evermani_scaffold_166,3510,11421,+,7912
lncRNA_4825,Porites_evermani_scaffold_166,12845,14772,+,1928
lncRNA_4826,Porites_evermani_scaffold_166,284381,290039,+,5659
lncRNA_4827,Porites_evermani_scaffold_166,284397,290039,+,5643
lncRNA_4828,Porites_evermani_scaffold_166,372841,379192,+,6352
lncRNA_4831,Porites_evermani_scaffold_1660,20317,22985,+,2669
lncRNA_4833,Porites_evermani_scaffold_1661,1897,2605,+,709
lncRNA_4834,Porites_evermani_scaffold_1661,35998,40691,+,4694
lncRNA_4835,Porites_evermani_scaffold_1662,59487,62237,+,2751
lncRNA_4840,Porites_evermani_scaffold_1663,28357,60844,+,32488
lncRNA_4841,Porites_evermani_scaffold_1663,28385,60844,+,32460
lncRNA_4842,Porites_evermani_scaffold_1663,28417,60844,+,32428
lncRNA_4843,Porites_evermani_scaffold_1663,28428,55833,+,27406
lncRNA_4844,Porites_evermani_scaffold_1663,28433,56770,+,28338
lncRNA_4845,Porites_evermani_scaffold_1663,28444,56770,+,28327
lncRNA_4858,Porites_evermani_scaffold_1665,92036,94571,+,2536
lncRNA_4860,Porites_evermani_scaffold_1666,59182,62715,+,3534
lncRNA_4861,Porites_evermani_scaffold_1666,104619,106046,+,1428
lncRNA_4869,Porites_evermani_scaffold_1668,76829,77779,+,951
lncRNA_4874,Porites_evermani_scaffold_1669,4077,20909,+,16833
lncRNA_4879,Porites_evermani_scaffold_1669,25199,26015,+,817
lncRNA_4882,Porites_evermani_scaffold_167,277135,278564,+,1430
lncRNA_4883,Porites_evermani_scaffold_167,295964,297492,+,1529
lncRNA_4884,Porites_evermani_scaffold_167,246875,268667,+,21793
lncRNA_4885,Porites_evermani_scaffold_167,264572,276209,+,11638
lncRNA_4886,Porites_evermani_scaffold_167,264574,276209,+,11636
lncRNA_4887,Porites_evermani_scaffold_167,264694,276209,+,11516
lncRNA_4888,Porites_evermani_scaffold_167,265286,276209,+,10924
lncRNA_4889,Porites_evermani_scaffold_167,401565,406993,+,5429
lncRNA_4890,Porites_evermani_scaffold_167,401571,406993,+,5423
lncRNA_4891,Porites_evermani_scaffold_167,402038,406993,+,4956
lncRNA_4892,Porites_evermani_scaffold_167,404653,405629,+,977
lncRNA_4893,Porites_evermani_scaffold_167,405630,406993,+,1364
lncRNA_4894,Porites_evermani_scaffold_1670,5350,24824,+,19475
lncRNA_4895,Porites_evermani_scaffold_1670,72565,77039,+,4475
lncRNA_4899,Porites_evermani_scaffold_1671,27258,33239,+,5982
lncRNA_4903,Porites_evermani_scaffold_1672,12124,13688,+,1565
lncRNA_4904,Porites_evermani_scaffold_1672,12208,13688,+,1481
lncRNA_4905,Porites_evermani_scaffold_1672,44259,47063,+,2805
lncRNA_4907,Porites_evermani_scaffold_1673,109856,111711,+,1856
lncRNA_4908,Porites_evermani_scaffold_1674,73183,75075,+,1893
lncRNA_4909,Porites_evermani_scaffold_1674,1235,5262,+,4028
lncRNA_4910,Porites_evermani_scaffold_1674,65856,68144,+,2289
lncRNA_4912,Porites_evermani_scaffold_1675,11836,12483,+,648
lncRNA_4921,Porites_evermani_scaffold_1677,1,2210,+,2210
lncRNA_4934,Porites_evermani_scaffold_168,87825,88154,+,330
lncRNA_4936,Porites_evermani_scaffold_168,373640,375631,+,1992
lncRNA_4937,Porites_evermani_scaffold_168,384589,385500,+,912
lncRNA_4938,Porites_evermani_scaffold_168,199261,199979,+,719
lncRNA_4939,Porites_evermani_scaffold_168,223405,224376,+,972
lncRNA_4940,Porites_evermani_scaffold_168,345037,347542,+,2506
lncRNA_4941,Porites_evermani_scaffold_168,373635,379513,+,5879
lncRNA_4950,Porites_evermani_scaffold_1680,18116,21471,+,3356
lncRNA_4961,Porites_evermani_scaffold_1683,3548,6827,+,3280
lncRNA_4962,Porites_evermani_scaffold_1683,35550,40799,+,5250
lncRNA_4963,Porites_evermani_scaffold_1683,35578,51388,+,15811
lncRNA_4975,Porites_evermani_scaffold_1686,4,4701,+,4698
lncRNA_4976,Porites_evermani_scaffold_1686,6619,9720,+,3102
lncRNA_4977,Porites_evermani_scaffold_1686,7335,9720,+,2386
lncRNA_4979,Porites_evermani_scaffold_1686,57556,58157,+,602
lncRNA_4980,Porites_evermani_scaffold_1686,58412,59774,+,1363
lncRNA_4982,Porites_evermani_scaffold_1686,58026,59121,+,1096
lncRNA_4983,Porites_evermani_scaffold_1686,58228,59121,+,894
lncRNA_4986,Porites_evermani_scaffold_1687,54169,56107,+,1939
lncRNA_4987,Porites_evermani_scaffold_1687,71983,77822,+,5840
lncRNA_4988,Porites_evermani_scaffold_1687,72024,83092,+,11069
lncRNA_4991,Porites_evermani_scaffold_1687,74814,79851,+,5038
lncRNA_5002,Porites_evermani_scaffold_169,22504,52654,+,30151
lncRNA_5003,Porites_evermani_scaffold_169,38828,52654,+,13827
lncRNA_5004,Porites_evermani_scaffold_169,38873,57338,+,18466
lncRNA_5005,Porites_evermani_scaffold_169,51972,57068,+,5097
lncRNA_5006,Porites_evermani_scaffold_169,51976,57338,+,5363
lncRNA_5007,Porites_evermani_scaffold_169,51981,57338,+,5358
lncRNA_5008,Porites_evermani_scaffold_169,37577,55751,+,18175
lncRNA_5009,Porites_evermani_scaffold_169,53583,58301,+,4719
lncRNA_5010,Porites_evermani_scaffold_169,227926,233116,+,5191
lncRNA_5011,Porites_evermani_scaffold_169,227932,233116,+,5185
lncRNA_5013,Porites_evermani_scaffold_169,10517,12322,+,1806
lncRNA_5017,Porites_evermani_scaffold_169,78788,80190,+,1403
lncRNA_5018,Porites_evermani_scaffold_169,201066,204596,+,3531
lncRNA_5027,Porites_evermani_scaffold_1691,91467,96811,+,5345
lncRNA_5028,Porites_evermani_scaffold_1691,91957,96811,+,4855
lncRNA_5029,Porites_evermani_scaffold_1691,22190,23676,+,1487
lncRNA_5036,Porites_evermani_scaffold_1693,70089,83773,+,13685
lncRNA_5041,Porites_evermani_scaffold_1695,68637,73586,+,4950
lncRNA_5042,Porites_evermani_scaffold_1695,68658,73586,+,4929
lncRNA_5043,Porites_evermani_scaffold_1695,68683,73586,+,4904
lncRNA_5044,Porites_evermani_scaffold_1695,68893,73586,+,4694
lncRNA_5045,Porites_evermani_scaffold_1695,79899,82490,+,2592
lncRNA_5050,Porites_evermani_scaffold_1697,58025,66646,+,8622
lncRNA_5052,Porites_evermani_scaffold_1697,58473,66646,+,8174
lncRNA_5053,Porites_evermani_scaffold_1697,79887,85978,+,6092
lncRNA_5060,Porites_evermani_scaffold_1698,63221,65290,+,2070
lncRNA_5063,Porites_evermani_scaffold_1699,56899,59378,+,2480
lncRNA_5064,Porites_evermani_scaffold_1699,61411,62591,+,1181
lncRNA_5066,Porites_evermani_scaffold_1699,41845,42236,+,392
lncRNA_5067,Porites_evermani_scaffold_1699,60107,61010,+,904
lncRNA_5068,Porites_evermani_scaffold_17,130176,133023,+,2848
lncRNA_5069,Porites_evermani_scaffold_17,630978,633699,+,2722
lncRNA_5071,Porites_evermani_scaffold_17,69391,71373,+,1983
lncRNA_5072,Porites_evermani_scaffold_17,631041,632635,+,1595
lncRNA_5074,Porites_evermani_scaffold_17,916750,922207,+,5458
lncRNA_5082,Porites_evermani_scaffold_17,605179,608273,+,3095
lncRNA_5086,Porites_evermani_scaffold_170,51331,63120,+,11790
lncRNA_5087,Porites_evermani_scaffold_170,61689,63081,+,1393
lncRNA_5088,Porites_evermani_scaffold_170,84955,85939,+,985
lncRNA_5089,Porites_evermani_scaffold_170,99660,102391,+,2732
lncRNA_5090,Porites_evermani_scaffold_170,396405,405114,+,8710
lncRNA_5091,Porites_evermani_scaffold_170,7325,10595,+,3271
lncRNA_5092,Porites_evermani_scaffold_170,8455,10595,+,2141
lncRNA_5093,Porites_evermani_scaffold_170,132131,134219,+,2089
lncRNA_5097,Porites_evermani_scaffold_1700,44386,48740,+,4355
lncRNA_5098,Porites_evermani_scaffold_1700,46587,50285,+,3699
lncRNA_5100,Porites_evermani_scaffold_1700,46597,50285,+,3689
lncRNA_5101,Porites_evermani_scaffold_1700,47963,50151,+,2189
lncRNA_5102,Porites_evermani_scaffold_1700,56758,59429,+,2672
lncRNA_5103,Porites_evermani_scaffold_1700,97467,98509,+,1043
lncRNA_5104,Porites_evermani_scaffold_1700,22552,34345,+,11794
lncRNA_5105,Porites_evermani_scaffold_1700,5502,6739,+,1238
lncRNA_5107,Porites_evermani_scaffold_1701,789,1908,+,1120
lncRNA_5108,Porites_evermani_scaffold_1701,101530,103120,+,1591
lncRNA_5109,Porites_evermani_scaffold_1701,4565,5117,+,553
lncRNA_5110,Porites_evermani_scaffold_1701,14403,15651,+,1249
lncRNA_5111,Porites_evermani_scaffold_1701,63263,67169,+,3907
lncRNA_5113,Porites_evermani_scaffold_1701,45450,45943,+,494
lncRNA_5114,Porites_evermani_scaffold_1702,59552,61582,+,2031
lncRNA_5115,Porites_evermani_scaffold_1702,80695,93966,+,13272
lncRNA_5116,Porites_evermani_scaffold_1702,81504,93966,+,12463
lncRNA_5127,Porites_evermani_scaffold_1703,71261,74426,+,3166
lncRNA_5128,Porites_evermani_scaffold_1704,88660,93072,+,4413
lncRNA_5133,Porites_evermani_scaffold_1704,106890,108908,+,2019
lncRNA_5135,Porites_evermani_scaffold_1705,100174,109428,+,9255
lncRNA_5136,Porites_evermani_scaffold_1705,170,6855,+,6686
lncRNA_5137,Porites_evermani_scaffold_1705,248,6855,+,6608
lncRNA_5138,Porites_evermani_scaffold_1706,107978,109236,+,1259
lncRNA_5147,Porites_evermani_scaffold_171,8016,10536,+,2521
lncRNA_5148,Porites_evermani_scaffold_171,50482,58144,+,7663
lncRNA_5149,Porites_evermani_scaffold_171,80692,83320,+,2629
lncRNA_5150,Porites_evermani_scaffold_171,336844,337636,+,793
lncRNA_5152,Porites_evermani_scaffold_171,339945,343314,+,3370
lncRNA_5153,Porites_evermani_scaffold_171,346472,350455,+,3984
lncRNA_5154,Porites_evermani_scaffold_171,43883,58144,+,14262
lncRNA_5155,Porites_evermani_scaffold_171,44634,58144,+,13511
lncRNA_5156,Porites_evermani_scaffold_171,44687,58144,+,13458
lncRNA_5158,Porites_evermani_scaffold_171,44784,58144,+,13361
lncRNA_5160,Porites_evermani_scaffold_171,46067,58144,+,12078
lncRNA_5161,Porites_evermani_scaffold_171,46294,58144,+,11851
lncRNA_5162,Porites_evermani_scaffold_171,46826,52442,+,5617
lncRNA_5163,Porites_evermani_scaffold_171,54984,58144,+,3161
lncRNA_5167,Porites_evermani_scaffold_1710,77485,79498,+,2014
lncRNA_5168,Porites_evermani_scaffold_1710,104904,106659,+,1756
lncRNA_5171,Porites_evermani_scaffold_1710,92756,99486,+,6731
lncRNA_5182,Porites_evermani_scaffold_1714,51130,59703,+,8574
lncRNA_5183,Porites_evermani_scaffold_1714,51168,59703,+,8536
lncRNA_5184,Porites_evermani_scaffold_1714,54756,59703,+,4948
lncRNA_5185,Porites_evermani_scaffold_1714,55603,59703,+,4101
lncRNA_5199,Porites_evermani_scaffold_1719,56,3275,+,3220
lncRNA_5201,Porites_evermani_scaffold_1719,42209,42849,+,641
lncRNA_5207,Porites_evermani_scaffold_172,145274,150314,+,5041
lncRNA_5216,Porites_evermani_scaffold_1723,30420,35848,+,5429
lncRNA_5218,Porites_evermani_scaffold_1723,58045,59120,+,1076
lncRNA_5219,Porites_evermani_scaffold_1723,93068,95226,+,2159
lncRNA_5220,Porites_evermani_scaffold_1723,47871,49092,+,1222
lncRNA_5222,Porites_evermani_scaffold_1724,2037,13353,+,11317
lncRNA_5223,Porites_evermani_scaffold_1724,30565,34438,+,3874
lncRNA_5224,Porites_evermani_scaffold_1724,107029,108211,+,1183
lncRNA_5226,Porites_evermani_scaffold_1724,42501,43281,+,781
lncRNA_5227,Porites_evermani_scaffold_1724,70061,70839,+,779
lncRNA_5242,Porites_evermani_scaffold_1728,33118,33907,+,790
lncRNA_5243,Porites_evermani_scaffold_1728,25528,29372,+,3845
lncRNA_5244,Porites_evermani_scaffold_1728,34055,36198,+,2144
lncRNA_5247,Porites_evermani_scaffold_1729,11867,20590,+,8724
lncRNA_5248,Porites_evermani_scaffold_1729,57128,65872,+,8745
lncRNA_5249,Porites_evermani_scaffold_1729,57215,65872,+,8658
lncRNA_5254,Porites_evermani_scaffold_173,123791,130933,+,7143
lncRNA_5255,Porites_evermani_scaffold_173,123801,130933,+,7133
lncRNA_5256,Porites_evermani_scaffold_173,123809,130933,+,7125
lncRNA_5257,Porites_evermani_scaffold_173,128778,130933,+,2156
lncRNA_5258,Porites_evermani_scaffold_173,296570,297741,+,1172
lncRNA_5259,Porites_evermani_scaffold_173,296588,297741,+,1154
lncRNA_5260,Porites_evermani_scaffold_173,296612,297320,+,709
lncRNA_5261,Porites_evermani_scaffold_173,328581,335240,+,6660
lncRNA_5262,Porites_evermani_scaffold_173,209698,211129,+,1432
lncRNA_5263,Porites_evermani_scaffold_173,209775,211359,+,1585
lncRNA_5264,Porites_evermani_scaffold_173,230575,234444,+,3870
lncRNA_5266,Porites_evermani_scaffold_173,329357,336728,+,7372
lncRNA_5268,Porites_evermani_scaffold_173,351808,353328,+,1521
lncRNA_5282,Porites_evermani_scaffold_1731,38496,39371,+,876
lncRNA_5283,Porites_evermani_scaffold_1731,38496,45504,+,7009
lncRNA_5284,Porites_evermani_scaffold_1731,38527,45504,+,6978
lncRNA_5289,Porites_evermani_scaffold_1732,82362,92801,+,10440
lncRNA_5290,Porites_evermani_scaffold_1732,82379,92801,+,10423
lncRNA_5293,Porites_evermani_scaffold_1733,55210,60429,+,5220
lncRNA_5294,Porites_evermani_scaffold_1733,55226,60429,+,5204
lncRNA_5296,Porites_evermani_scaffold_1733,55249,60429,+,5181
lncRNA_5298,Porites_evermani_scaffold_1734,72267,76024,+,3758
lncRNA_5299,Porites_evermani_scaffold_1734,72283,75995,+,3713
lncRNA_5300,Porites_evermani_scaffold_1734,80439,81306,+,868
lncRNA_5301,Porites_evermani_scaffold_1735,50188,52403,+,2216
lncRNA_5302,Porites_evermani_scaffold_1735,70533,72260,+,1728
lncRNA_5303,Porites_evermani_scaffold_1735,28340,31699,+,3360
lncRNA_5304,Porites_evermani_scaffold_1736,565,2459,+,1895
lncRNA_5307,Porites_evermani_scaffold_1736,75135,78319,+,3185
lncRNA_5308,Porites_evermani_scaffold_1736,92226,98392,+,6167
lncRNA_5309,Porites_evermani_scaffold_1736,92235,97139,+,4905
lncRNA_5310,Porites_evermani_scaffold_1736,28527,29974,+,1448
lncRNA_5311,Porites_evermani_scaffold_1736,73438,73894,+,457
lncRNA_5322,Porites_evermani_scaffold_1739,106123,106436,+,314
lncRNA_5329,Porites_evermani_scaffold_174,285577,288865,+,3289
lncRNA_5332,Porites_evermani_scaffold_174,74237,75257,+,1021
lncRNA_5337,Porites_evermani_scaffold_174,24302,29733,+,5432
lncRNA_5340,Porites_evermani_scaffold_174,191891,195151,+,3261
lncRNA_5345,Porites_evermani_scaffold_1740,630,7892,+,7263
lncRNA_5351,Porites_evermani_scaffold_1741,74301,78679,+,4379
lncRNA_5352,Porites_evermani_scaffold_1741,74338,78679,+,4342
lncRNA_5354,Porites_evermani_scaffold_1741,88725,92458,+,3734
lncRNA_5368,Porites_evermani_scaffold_1743,96778,98837,+,2060
lncRNA_5378,Porites_evermani_scaffold_1746,55353,55909,+,557
lncRNA_5379,Porites_evermani_scaffold_1747,10507,14760,+,4254
lncRNA_5382,Porites_evermani_scaffold_1747,13298,17362,+,4065
lncRNA_5383,Porites_evermani_scaffold_1747,13628,17362,+,3735
lncRNA_5384,Porites_evermani_scaffold_1747,92009,93786,+,1778
lncRNA_5386,Porites_evermani_scaffold_1747,64137,65038,+,902
lncRNA_5389,Porites_evermani_scaffold_1748,8255,12681,+,4427
lncRNA_5390,Porites_evermani_scaffold_1748,86050,86746,+,697
lncRNA_5392,Porites_evermani_scaffold_1749,25958,38160,+,12203
lncRNA_5393,Porites_evermani_scaffold_1749,25979,35980,+,10002
lncRNA_5395,Porites_evermani_scaffold_1749,1,345,+,345
lncRNA_5401,Porites_evermani_scaffold_175,204445,208010,+,3566
lncRNA_5402,Porites_evermani_scaffold_175,238591,247511,+,8921
lncRNA_5405,Porites_evermani_scaffold_175,12548,18077,+,5530
lncRNA_5406,Porites_evermani_scaffold_175,12681,20322,+,7642
lncRNA_5407,Porites_evermani_scaffold_175,22165,28350,+,6186
lncRNA_5408,Porites_evermani_scaffold_175,24734,27204,+,2471
lncRNA_5409,Porites_evermani_scaffold_175,24734,28350,+,3617
lncRNA_5410,Porites_evermani_scaffold_175,24740,28350,+,3611
lncRNA_5411,Porites_evermani_scaffold_175,24759,27204,+,2446
lncRNA_5412,Porites_evermani_scaffold_175,133318,140204,+,6887
lncRNA_5413,Porites_evermani_scaffold_175,133394,140204,+,6811
lncRNA_5414,Porites_evermani_scaffold_175,159015,160473,+,1459
lncRNA_5415,Porites_evermani_scaffold_175,167097,169977,+,2881
lncRNA_5416,Porites_evermani_scaffold_175,198460,202757,+,4298
lncRNA_5417,Porites_evermani_scaffold_175,207838,209073,+,1236
lncRNA_5418,Porites_evermani_scaffold_175,238722,247511,+,8790
lncRNA_5431,Porites_evermani_scaffold_175,192347,192751,+,405
lncRNA_5439,Porites_evermani_scaffold_175,400262,401364,+,1103
lncRNA_5440,Porites_evermani_scaffold_1750,98597,102960,+,4364
lncRNA_5442,Porites_evermani_scaffold_1750,104859,106729,+,1871
lncRNA_5443,Porites_evermani_scaffold_1751,12679,13768,+,1090
lncRNA_5444,Porites_evermani_scaffold_1751,80667,89413,+,8747
lncRNA_5445,Porites_evermani_scaffold_1751,105379,106733,+,1355
lncRNA_5446,Porites_evermani_scaffold_1752,11116,11716,+,601
lncRNA_5447,Porites_evermani_scaffold_1752,12803,13353,+,551
lncRNA_5448,Porites_evermani_scaffold_1752,29095,31823,+,2729
lncRNA_5449,Porites_evermani_scaffold_1752,29110,31823,+,2714
lncRNA_5450,Porites_evermani_scaffold_1752,30805,31823,+,1019
lncRNA_5451,Porites_evermani_scaffold_1752,30949,31823,+,875
lncRNA_5453,Porites_evermani_scaffold_1752,86770,88389,+,1620
lncRNA_5454,Porites_evermani_scaffold_1752,29092,31802,+,2711
lncRNA_5455,Porites_evermani_scaffold_1752,29095,31802,+,2708
lncRNA_5460,Porites_evermani_scaffold_1753,15935,19256,+,3322
lncRNA_5472,Porites_evermani_scaffold_1756,103049,103715,+,667
lncRNA_5473,Porites_evermani_scaffold_1757,63660,64315,+,656
lncRNA_5474,Porites_evermani_scaffold_1757,88347,90045,+,1699
lncRNA_5488,Porites_evermani_scaffold_1760,47210,48535,+,1326
lncRNA_5489,Porites_evermani_scaffold_1760,49215,52416,+,3202
lncRNA_5490,Porites_evermani_scaffold_1760,49574,52416,+,2843
lncRNA_5493,Porites_evermani_scaffold_1760,43656,52765,+,9110
lncRNA_5494,Porites_evermani_scaffold_1760,43683,52074,+,8392
lncRNA_5495,Porites_evermani_scaffold_1760,83096,89860,+,6765
lncRNA_5496,Porites_evermani_scaffold_1760,83103,89860,+,6758
lncRNA_5497,Porites_evermani_scaffold_1760,83254,89860,+,6607
lncRNA_5498,Porites_evermani_scaffold_1760,91964,97085,+,5122
lncRNA_5501,Porites_evermani_scaffold_1761,62484,64663,+,2180
lncRNA_5502,Porites_evermani_scaffold_1761,102756,103627,+,872
lncRNA_5505,Porites_evermani_scaffold_1762,98091,100144,+,2054
lncRNA_5507,Porites_evermani_scaffold_1762,85472,89688,+,4217
lncRNA_5508,Porites_evermani_scaffold_1762,89724,91461,+,1738
lncRNA_5514,Porites_evermani_scaffold_1763,107,3016,+,2910
lncRNA_5516,Porites_evermani_scaffold_1763,78664,89492,+,10829
lncRNA_5521,Porites_evermani_scaffold_1764,3025,16309,+,13285
lncRNA_5522,Porites_evermani_scaffold_1764,4771,16309,+,11539
lncRNA_5525,Porites_evermani_scaffold_1765,19571,31854,+,12284
lncRNA_5526,Porites_evermani_scaffold_1765,7978,8292,+,315
lncRNA_5528,Porites_evermani_scaffold_1766,40091,44327,+,4237
lncRNA_5535,Porites_evermani_scaffold_1768,67624,67876,+,253
lncRNA_5538,Porites_evermani_scaffold_177,75392,79728,+,4337
lncRNA_5539,Porites_evermani_scaffold_177,75394,79728,+,4335
lncRNA_5540,Porites_evermani_scaffold_177,170667,173388,+,2722
lncRNA_5542,Porites_evermani_scaffold_177,1,4840,+,4840
lncRNA_5544,Porites_evermani_scaffold_177,76759,79726,+,2968
lncRNA_5547,Porites_evermani_scaffold_177,330511,334928,+,4418
lncRNA_5555,Porites_evermani_scaffold_177,304448,305471,+,1024
lncRNA_5557,Porites_evermani_scaffold_1771,57510,60310,+,2801
lncRNA_5558,Porites_evermani_scaffold_1771,57513,60310,+,2798
lncRNA_5560,Porites_evermani_scaffold_1772,39400,40749,+,1350
lncRNA_5561,Porites_evermani_scaffold_1772,50199,51377,+,1179
lncRNA_5568,Porites_evermani_scaffold_1775,67,4093,+,4027
lncRNA_5576,Porites_evermani_scaffold_1776,7487,15418,+,7932
lncRNA_5584,Porites_evermani_scaffold_1779,7499,8977,+,1479
lncRNA_5585,Porites_evermani_scaffold_1779,1,5099,+,5099
lncRNA_5586,Porites_evermani_scaffold_1779,51244,52427,+,1184
lncRNA_5587,Porites_evermani_scaffold_1779,53381,64939,+,11559
lncRNA_5589,Porites_evermani_scaffold_1779,54223,64939,+,10717
lncRNA_5596,Porites_evermani_scaffold_1780,62356,63513,+,1158
lncRNA_5597,Porites_evermani_scaffold_1781,75161,76088,+,928
lncRNA_5603,Porites_evermani_scaffold_1783,12094,12694,+,601
lncRNA_5604,Porites_evermani_scaffold_1783,12129,12694,+,566
lncRNA_5607,Porites_evermani_scaffold_1784,32781,40725,+,7945
lncRNA_5608,Porites_evermani_scaffold_1784,90184,95934,+,5751
lncRNA_5611,Porites_evermani_scaffold_1785,6102,7385,+,1284
lncRNA_5615,Porites_evermani_scaffold_1786,97065,97492,+,428
lncRNA_5628,Porites_evermani_scaffold_1787,58663,59758,+,1096
lncRNA_5631,Porites_evermani_scaffold_1788,71220,74166,+,2947
lncRNA_5637,Porites_evermani_scaffold_1789,42920,45422,+,2503
lncRNA_5655,Porites_evermani_scaffold_1790,62758,74231,+,11474
lncRNA_5657,Porites_evermani_scaffold_1790,62791,74231,+,11441
lncRNA_5658,Porites_evermani_scaffold_1790,64972,74231,+,9260
lncRNA_5666,Porites_evermani_scaffold_1793,29078,54872,+,25795
lncRNA_5668,Porites_evermani_scaffold_1793,29231,34271,+,5041
lncRNA_5669,Porites_evermani_scaffold_1793,29943,60205,+,30263
lncRNA_5670,Porites_evermani_scaffold_1793,29945,56186,+,26242
lncRNA_5672,Porites_evermani_scaffold_1793,85770,87258,+,1489
lncRNA_5680,Porites_evermani_scaffold_1795,14487,15735,+,1249
lncRNA_5681,Porites_evermani_scaffold_1795,25866,27763,+,1898
lncRNA_5683,Porites_evermani_scaffold_1796,13660,22926,+,9267
lncRNA_5684,Porites_evermani_scaffold_1796,56243,63870,+,7628
lncRNA_5685,Porites_evermani_scaffold_1796,24007,26927,+,2921
lncRNA_5693,Porites_evermani_scaffold_1799,33803,37726,+,3924
lncRNA_5694,Porites_evermani_scaffold_1799,33897,37726,+,3830
lncRNA_5695,Porites_evermani_scaffold_1799,35948,37726,+,1779
lncRNA_5700,Porites_evermani_scaffold_18,42970,51070,+,8101
lncRNA_5703,Porites_evermani_scaffold_18,194212,194714,+,503
lncRNA_5705,Porites_evermani_scaffold_18,280521,284650,+,4130
lncRNA_5706,Porites_evermani_scaffold_18,887361,887964,+,604
lncRNA_5713,Porites_evermani_scaffold_18,505893,506359,+,467
lncRNA_5714,Porites_evermani_scaffold_18,505894,506359,+,466
lncRNA_5740,Porites_evermani_scaffold_180,383154,397243,+,14090
lncRNA_5741,Porites_evermani_scaffold_180,392188,397243,+,5056
lncRNA_5751,Porites_evermani_scaffold_1800,8056,10277,+,2222
lncRNA_5752,Porites_evermani_scaffold_1800,43080,44411,+,1332
lncRNA_5765,Porites_evermani_scaffold_1805,32917,58503,+,25587
lncRNA_5775,Porites_evermani_scaffold_1808,92195,93788,+,1594
lncRNA_5776,Porites_evermani_scaffold_1808,91528,103300,+,11773
lncRNA_5777,Porites_evermani_scaffold_1809,41005,44121,+,3117
lncRNA_5785,Porites_evermani_scaffold_181,1836,6801,+,4966
lncRNA_5786,Porites_evermani_scaffold_181,15081,34659,+,19579
lncRNA_5788,Porites_evermani_scaffold_181,41827,51712,+,9886
lncRNA_5803,Porites_evermani_scaffold_1811,60137,60658,+,522
lncRNA_5805,Porites_evermani_scaffold_1812,44909,50792,+,5884
lncRNA_5806,Porites_evermani_scaffold_1812,59853,60523,+,671
lncRNA_5807,Porites_evermani_scaffold_1812,45121,49758,+,4638
lncRNA_5809,Porites_evermani_scaffold_1813,8357,14622,+,6266
lncRNA_5810,Porites_evermani_scaffold_1813,8469,14378,+,5910
lncRNA_5811,Porites_evermani_scaffold_1813,8485,14378,+,5894
lncRNA_5818,Porites_evermani_scaffold_1814,7590,13204,+,5615
lncRNA_5820,Porites_evermani_scaffold_1814,8250,13204,+,4955
lncRNA_5821,Porites_evermani_scaffold_1814,8267,13204,+,4938
lncRNA_5825,Porites_evermani_scaffold_1814,63685,64266,+,582
lncRNA_5830,Porites_evermani_scaffold_1815,52588,53280,+,693
lncRNA_5838,Porites_evermani_scaffold_1815,96308,99350,+,3043
lncRNA_5839,Porites_evermani_scaffold_1815,96391,99234,+,2844
lncRNA_5843,Porites_evermani_scaffold_1815,74607,75294,+,688
lncRNA_5848,Porites_evermani_scaffold_1817,64397,64779,+,383
lncRNA_5849,Porites_evermani_scaffold_1817,76820,80027,+,3208
lncRNA_5850,Porites_evermani_scaffold_1817,78949,79370,+,422
lncRNA_5851,Porites_evermani_scaffold_1817,78950,79824,+,875
lncRNA_5852,Porites_evermani_scaffold_1817,64035,67000,+,2966
lncRNA_5857,Porites_evermani_scaffold_182,317552,322704,+,5153
lncRNA_5858,Porites_evermani_scaffold_182,74849,76982,+,2134
lncRNA_5863,Porites_evermani_scaffold_182,300410,301115,+,706
lncRNA_5866,Porites_evermani_scaffold_1821,26925,28039,+,1115
lncRNA_5867,Porites_evermani_scaffold_1822,8337,12098,+,3762
lncRNA_5868,Porites_evermani_scaffold_1822,20958,23073,+,2116
lncRNA_5869,Porites_evermani_scaffold_1822,28837,31420,+,2584
lncRNA_5871,Porites_evermani_scaffold_1822,16314,16725,+,412
lncRNA_5874,Porites_evermani_scaffold_1823,36,4485,+,4450
lncRNA_5892,Porites_evermani_scaffold_1827,4619,6616,+,1998
lncRNA_5894,Porites_evermani_scaffold_1827,87518,91129,+,3612
lncRNA_5895,Porites_evermani_scaffold_1827,3776,34103,+,30328
lncRNA_5896,Porites_evermani_scaffold_1827,84511,87634,+,3124
lncRNA_5897,Porites_evermani_scaffold_1827,86128,89695,+,3568
lncRNA_5898,Porites_evermani_scaffold_1828,2945,8034,+,5090
lncRNA_5899,Porites_evermani_scaffold_1828,3040,8034,+,4995
lncRNA_5902,Porites_evermani_scaffold_1828,3041,8034,+,4994
lncRNA_5906,Porites_evermani_scaffold_1828,4698,8228,+,3531
lncRNA_5907,Porites_evermani_scaffold_1828,3048,9095,+,6048
lncRNA_5908,Porites_evermani_scaffold_1828,3049,9095,+,6047
lncRNA_5910,Porites_evermani_scaffold_1829,55596,59778,+,4183
lncRNA_5911,Porites_evermani_scaffold_1829,55735,59778,+,4044
lncRNA_5913,Porites_evermani_scaffold_1829,54859,57444,+,2586
lncRNA_5916,Porites_evermani_scaffold_1829,62065,63247,+,1183
lncRNA_5928,Porites_evermani_scaffold_1831,95966,102173,+,6208
lncRNA_5935,Porites_evermani_scaffold_1832,44972,45425,+,454
lncRNA_5942,Porites_evermani_scaffold_1834,9302,10404,+,1103
lncRNA_5945,Porites_evermani_scaffold_1834,77670,78916,+,1247
lncRNA_5950,Porites_evermani_scaffold_1835,27676,29696,+,2021
lncRNA_5954,Porites_evermani_scaffold_1836,51543,55238,+,3696
lncRNA_5955,Porites_evermani_scaffold_1836,60866,62750,+,1885
lncRNA_5956,Porites_evermani_scaffold_1836,51545,53744,+,2200
lncRNA_5957,Porites_evermani_scaffold_1836,58524,59685,+,1162
lncRNA_5958,Porites_evermani_scaffold_1836,100587,101669,+,1083
lncRNA_5959,Porites_evermani_scaffold_1836,100603,101669,+,1067
lncRNA_5964,Porites_evermani_scaffold_1837,75123,81080,+,5958
lncRNA_5970,Porites_evermani_scaffold_1837,66210,78365,+,12156
lncRNA_5971,Porites_evermani_scaffold_1837,73171,78365,+,5195
lncRNA_5972,Porites_evermani_scaffold_1837,73491,81177,+,7687
lncRNA_5976,Porites_evermani_scaffold_1837,81858,84622,+,2765
lncRNA_5978,Porites_evermani_scaffold_1838,66306,66647,+,342
lncRNA_5980,Porites_evermani_scaffold_1839,67638,78001,+,10364
lncRNA_5981,Porites_evermani_scaffold_1839,67739,78001,+,10263
lncRNA_5983,Porites_evermani_scaffold_1839,2259,3336,+,1078
lncRNA_5984,Porites_evermani_scaffold_1839,4555,5516,+,962
lncRNA_5987,Porites_evermani_scaffold_184,182574,187723,+,5150
lncRNA_5990,Porites_evermani_scaffold_184,43376,45323,+,1948
lncRNA_5991,Porites_evermani_scaffold_184,60078,60977,+,900
lncRNA_5993,Porites_evermani_scaffold_184,166937,187492,+,20556
lncRNA_5994,Porites_evermani_scaffold_184,167576,187492,+,19917
lncRNA_6001,Porites_evermani_scaffold_1841,51004,83038,+,32035
lncRNA_6002,Porites_evermani_scaffold_1841,59060,61580,+,2521
lncRNA_6009,Porites_evermani_scaffold_1843,2035,8341,+,6307
lncRNA_6010,Porites_evermani_scaffold_1843,2038,8341,+,6304
lncRNA_6011,Porites_evermani_scaffold_1843,9881,13486,+,3606
lncRNA_6012,Porites_evermani_scaffold_1843,9960,13486,+,3527
lncRNA_6013,Porites_evermani_scaffold_1843,9961,13486,+,3526
lncRNA_6014,Porites_evermani_scaffold_1843,23531,24175,+,645
lncRNA_6019,Porites_evermani_scaffold_1844,71364,77097,+,5734
lncRNA_6020,Porites_evermani_scaffold_1844,73889,77097,+,3209
lncRNA_6022,Porites_evermani_scaffold_1844,73121,79154,+,6034
lncRNA_6028,Porites_evermani_scaffold_1846,17659,17939,+,281
lncRNA_6030,Porites_evermani_scaffold_1846,99979,101263,+,1285
lncRNA_6034,Porites_evermani_scaffold_1849,6539,11788,+,5250
lncRNA_6036,Porites_evermani_scaffold_185,74444,75352,+,909
lncRNA_6060,Porites_evermani_scaffold_1850,97954,100662,+,2709
lncRNA_6061,Porites_evermani_scaffold_1851,8234,18192,+,9959
lncRNA_6062,Porites_evermani_scaffold_1851,17017,18192,+,1176
lncRNA_6063,Porites_evermani_scaffold_1851,22909,24866,+,1958
lncRNA_6070,Porites_evermani_scaffold_1852,43475,50015,+,6541
lncRNA_6071,Porites_evermani_scaffold_1852,47067,54023,+,6957
lncRNA_6073,Porites_evermani_scaffold_1852,63480,65626,+,2147
lncRNA_6083,Porites_evermani_scaffold_1854,28589,29753,+,1165
lncRNA_6084,Porites_evermani_scaffold_1855,20272,21951,+,1680
lncRNA_6089,Porites_evermani_scaffold_1856,32972,33425,+,454
lncRNA_6093,Porites_evermani_scaffold_1856,99240,100920,+,1681
lncRNA_6094,Porites_evermani_scaffold_1857,13338,14949,+,1612
lncRNA_6099,Porites_evermani_scaffold_1859,846,4067,+,3222
lncRNA_6101,Porites_evermani_scaffold_186,62326,65432,+,3107
lncRNA_6102,Porites_evermani_scaffold_186,62415,65432,+,3018
lncRNA_6104,Porites_evermani_scaffold_186,292852,303254,+,10403
lncRNA_6105,Porites_evermani_scaffold_186,60986,75281,+,14296
lncRNA_6106,Porites_evermani_scaffold_186,61368,65375,+,4008
lncRNA_6107,Porites_evermani_scaffold_186,61390,65375,+,3986
lncRNA_6108,Porites_evermani_scaffold_186,61819,65375,+,3557
lncRNA_6109,Porites_evermani_scaffold_186,62326,65375,+,3050
lncRNA_6111,Porites_evermani_scaffold_186,75765,77205,+,1441
lncRNA_6112,Porites_evermani_scaffold_186,76679,77205,+,527
lncRNA_6114,Porites_evermani_scaffold_186,390938,392898,+,1961
lncRNA_6119,Porites_evermani_scaffold_1860,42560,46760,+,4201
lncRNA_6122,Porites_evermani_scaffold_1862,71387,76250,+,4864
lncRNA_6123,Porites_evermani_scaffold_1862,71520,76250,+,4731
lncRNA_6128,Porites_evermani_scaffold_1863,20904,23246,+,2343
lncRNA_6133,Porites_evermani_scaffold_1864,33488,37507,+,4020
lncRNA_6135,Porites_evermani_scaffold_1865,43058,43711,+,654
lncRNA_6145,Porites_evermani_scaffold_1867,50421,55219,+,4799
lncRNA_6146,Porites_evermani_scaffold_1867,83711,84894,+,1184
lncRNA_6147,Porites_evermani_scaffold_1867,80264,83694,+,3431
lncRNA_6156,Porites_evermani_scaffold_1868,42372,43343,+,972
lncRNA_6160,Porites_evermani_scaffold_1869,33963,35538,+,1576
lncRNA_6161,Porites_evermani_scaffold_187,7558,22229,+,14672
lncRNA_6164,Porites_evermani_scaffold_187,112256,117350,+,5095
lncRNA_6165,Porites_evermani_scaffold_187,112263,117350,+,5088
lncRNA_6166,Porites_evermani_scaffold_187,127080,132642,+,5563
lncRNA_6167,Porites_evermani_scaffold_187,220604,228829,+,8226
lncRNA_6174,Porites_evermani_scaffold_1870,35017,38071,+,3055
lncRNA_6175,Porites_evermani_scaffold_1870,40279,45762,+,5484
lncRNA_6176,Porites_evermani_scaffold_1870,50645,59691,+,9047
lncRNA_6179,Porites_evermani_scaffold_1870,20015,24431,+,4417
lncRNA_6180,Porites_evermani_scaffold_1870,20179,24034,+,3856
lncRNA_6189,Porites_evermani_scaffold_1874,95177,98461,+,3285
lncRNA_6190,Porites_evermani_scaffold_1874,95315,98461,+,3147
lncRNA_6193,Porites_evermani_scaffold_1874,99538,100438,+,901
lncRNA_6194,Porites_evermani_scaffold_1875,61033,64339,+,3307
lncRNA_6195,Porites_evermani_scaffold_1875,61981,65171,+,3191
lncRNA_6196,Porites_evermani_scaffold_1875,94194,100450,+,6257
lncRNA_6200,Porites_evermani_scaffold_1875,94457,100450,+,5994
lncRNA_6201,Porites_evermani_scaffold_1875,94822,100450,+,5629
lncRNA_6202,Porites_evermani_scaffold_1875,57557,59724,+,2168
lncRNA_6203,Porites_evermani_scaffold_1875,73740,87133,+,13394
lncRNA_6204,Porites_evermani_scaffold_1875,94674,100450,+,5777
lncRNA_6205,Porites_evermani_scaffold_1875,94723,100450,+,5728
lncRNA_6206,Porites_evermani_scaffold_1875,94741,100450,+,5710
lncRNA_6207,Porites_evermani_scaffold_1875,95262,100450,+,5189
lncRNA_6208,Porites_evermani_scaffold_1875,95352,100450,+,5099
lncRNA_6216,Porites_evermani_scaffold_1877,91467,93384,+,1918
lncRNA_6217,Porites_evermani_scaffold_1877,11199,26266,+,15068
lncRNA_6218,Porites_evermani_scaffold_1877,92432,93382,+,951
lncRNA_6219,Porites_evermani_scaffold_1877,97588,100365,+,2778
lncRNA_6221,Porites_evermani_scaffold_1877,93898,95888,+,1991
lncRNA_6223,Porites_evermani_scaffold_1878,56302,68073,+,11772
lncRNA_6226,Porites_evermani_scaffold_188,117049,120229,+,3181
lncRNA_6230,Porites_evermani_scaffold_188,268017,270525,+,2509
lncRNA_6233,Porites_evermani_scaffold_188,21209,22961,+,1753
lncRNA_6237,Porites_evermani_scaffold_188,270122,273066,+,2945
lncRNA_6248,Porites_evermani_scaffold_1880,99231,100240,+,1010
lncRNA_6249,Porites_evermani_scaffold_1881,96864,97949,+,1086
lncRNA_6251,Porites_evermani_scaffold_1882,57704,58325,+,622
lncRNA_6253,Porites_evermani_scaffold_1883,59814,86770,+,26957
lncRNA_6254,Porites_evermani_scaffold_1883,68093,70727,+,2635
lncRNA_6255,Porites_evermani_scaffold_1883,81648,90405,+,8758
lncRNA_6256,Porites_evermani_scaffold_1883,83454,90405,+,6952
lncRNA_6258,Porites_evermani_scaffold_1883,83337,92126,+,8790
lncRNA_6267,Porites_evermani_scaffold_1885,87510,93081,+,5572
lncRNA_6268,Porites_evermani_scaffold_1885,52433,59515,+,7083
lncRNA_6270,Porites_evermani_scaffold_1886,2505,9397,+,6893
lncRNA_6271,Porites_evermani_scaffold_1887,30913,32852,+,1940
lncRNA_6277,Porites_evermani_scaffold_1889,1341,6381,+,5041
lncRNA_6278,Porites_evermani_scaffold_1889,18833,22540,+,3708
lncRNA_6283,Porites_evermani_scaffold_189,106716,108921,+,2206
lncRNA_6284,Porites_evermani_scaffold_189,117146,119974,+,2829
lncRNA_6285,Porites_evermani_scaffold_189,260736,261407,+,672
lncRNA_6286,Porites_evermani_scaffold_189,323949,324301,+,353
lncRNA_6287,Porites_evermani_scaffold_189,258858,259166,+,309
lncRNA_6288,Porites_evermani_scaffold_189,326560,332754,+,6195
lncRNA_6289,Porites_evermani_scaffold_189,326651,332498,+,5848
lncRNA_6290,Porites_evermani_scaffold_189,329427,332754,+,3328
lncRNA_6291,Porites_evermani_scaffold_189,384413,385148,+,736
lncRNA_6299,Porites_evermani_scaffold_1891,35425,37794,+,2370
lncRNA_6300,Porites_evermani_scaffold_1891,35428,38550,+,3123
lncRNA_6302,Porites_evermani_scaffold_1892,10830,18991,+,8162
lncRNA_6304,Porites_evermani_scaffold_1892,36084,36742,+,659
lncRNA_6308,Porites_evermani_scaffold_1894,79724,82119,+,2396
lncRNA_6310,Porites_evermani_scaffold_1895,78516,79073,+,558
lncRNA_6314,Porites_evermani_scaffold_1896,43900,44793,+,894
lncRNA_6315,Porites_evermani_scaffold_1896,74759,75400,+,642
lncRNA_6316,Porites_evermani_scaffold_1898,4916,48225,+,43310
lncRNA_6317,Porites_evermani_scaffold_1898,4990,50654,+,45665
lncRNA_6318,Porites_evermani_scaffold_1898,9686,51352,+,41667
lncRNA_6319,Porites_evermani_scaffold_1899,11072,15052,+,3981
lncRNA_6320,Porites_evermani_scaffold_1899,17405,18480,+,1076
lncRNA_6321,Porites_evermani_scaffold_1899,17455,19185,+,1731
lncRNA_6322,Porites_evermani_scaffold_1899,89419,91553,+,2135
lncRNA_6323,Porites_evermani_scaffold_1899,89617,91553,+,1937
lncRNA_6325,Porites_evermani_scaffold_1899,87108,89066,+,1959
lncRNA_6326,Porites_evermani_scaffold_19,249933,252684,+,2752
lncRNA_6327,Porites_evermani_scaffold_19,444584,451312,+,6729
lncRNA_6328,Porites_evermani_scaffold_19,637016,639911,+,2896
lncRNA_6329,Porites_evermani_scaffold_19,736439,737246,+,808
lncRNA_6333,Porites_evermani_scaffold_19,277276,278235,+,960
lncRNA_6334,Porites_evermani_scaffold_19,284218,285357,+,1140
lncRNA_6335,Porites_evermani_scaffold_19,387458,388386,+,929
lncRNA_6336,Porites_evermani_scaffold_19,482911,487484,+,4574
lncRNA_6337,Porites_evermani_scaffold_19,495503,497615,+,2113
lncRNA_6338,Porites_evermani_scaffold_19,638428,639374,+,947
lncRNA_6350,Porites_evermani_scaffold_190,206180,227103,+,20924
lncRNA_6351,Porites_evermani_scaffold_190,216406,227103,+,10698
lncRNA_6352,Porites_evermani_scaffold_190,216984,227103,+,10120
lncRNA_6357,Porites_evermani_scaffold_190,235577,256964,+,21388
lncRNA_6367,Porites_evermani_scaffold_1900,84434,85905,+,1472
lncRNA_6374,Porites_evermani_scaffold_1901,84567,86331,+,1765
lncRNA_6378,Porites_evermani_scaffold_1906,52504,53327,+,824
lncRNA_6381,Porites_evermani_scaffold_1909,31184,32424,+,1241
lncRNA_6383,Porites_evermani_scaffold_1909,23832,30747,+,6916
lncRNA_6386,Porites_evermani_scaffold_191,89414,93983,+,4570
lncRNA_6387,Porites_evermani_scaffold_191,89551,94633,+,5083
lncRNA_6388,Porites_evermani_scaffold_191,90028,94633,+,4606
lncRNA_6389,Porites_evermani_scaffold_191,90973,93983,+,3011
lncRNA_6391,Porites_evermani_scaffold_191,1170,2878,+,1709
lncRNA_6398,Porites_evermani_scaffold_191,255881,263174,+,7294
lncRNA_6400,Porites_evermani_scaffold_1911,7096,10357,+,3262
lncRNA_6404,Porites_evermani_scaffold_1913,70093,73907,+,3815
lncRNA_6405,Porites_evermani_scaffold_1913,14102,14705,+,604
lncRNA_6406,Porites_evermani_scaffold_1913,70854,73875,+,3022
lncRNA_6418,Porites_evermani_scaffold_1916,62367,62947,+,581
lncRNA_6422,Porites_evermani_scaffold_1917,25996,28666,+,2671
lncRNA_6423,Porites_evermani_scaffold_1917,26062,28666,+,2605
lncRNA_6424,Porites_evermani_scaffold_1917,26841,28666,+,1826
lncRNA_6425,Porites_evermani_scaffold_1917,37415,47854,+,10440
lncRNA_6426,Porites_evermani_scaffold_1917,25993,28666,+,2674
lncRNA_6427,Porites_evermani_scaffold_1917,26033,28666,+,2634
lncRNA_6429,Porites_evermani_scaffold_1917,55203,62784,+,7582
lncRNA_6435,Porites_evermani_scaffold_1918,62849,65784,+,2936
lncRNA_6436,Porites_evermani_scaffold_1919,17176,19025,+,1850
lncRNA_6437,Porites_evermani_scaffold_1919,53386,55893,+,2508
lncRNA_6442,Porites_evermani_scaffold_192,339664,341019,+,1356
lncRNA_6451,Porites_evermani_scaffold_1920,14416,16063,+,1648
lncRNA_6452,Porites_evermani_scaffold_1920,14446,15423,+,978
lncRNA_6454,Porites_evermani_scaffold_1920,63960,65648,+,1689
lncRNA_6463,Porites_evermani_scaffold_1924,22755,25281,+,2527
lncRNA_6468,Porites_evermani_scaffold_1925,1098,4372,+,3275
lncRNA_6469,Porites_evermani_scaffold_1925,10774,12864,+,2091
lncRNA_6471,Porites_evermani_scaffold_1926,50483,51232,+,750
lncRNA_6473,Porites_evermani_scaffold_1927,1267,1987,+,721
lncRNA_6477,Porites_evermani_scaffold_1928,33534,34880,+,1347
lncRNA_6484,Porites_evermani_scaffold_1929,91772,94580,+,2809
lncRNA_6485,Porites_evermani_scaffold_1929,69070,71663,+,2594
lncRNA_6487,Porites_evermani_scaffold_1929,96200,97264,+,1065
lncRNA_6492,Porites_evermani_scaffold_193,147851,158244,+,10394
lncRNA_6493,Porites_evermani_scaffold_193,162728,169167,+,6440
lncRNA_6495,Porites_evermani_scaffold_193,147139,157519,+,10381
lncRNA_6496,Porites_evermani_scaffold_193,168093,168797,+,705
lncRNA_6497,Porites_evermani_scaffold_193,209630,212023,+,2394
lncRNA_6509,Porites_evermani_scaffold_1932,22664,25114,+,2451
lncRNA_6510,Porites_evermani_scaffold_1932,22808,26718,+,3911
lncRNA_6511,Porites_evermani_scaffold_1932,22813,25141,+,2329
lncRNA_6512,Porites_evermani_scaffold_1932,22816,26718,+,3903
lncRNA_6513,Porites_evermani_scaffold_1932,22806,25141,+,2336
lncRNA_6515,Porites_evermani_scaffold_1933,42983,45435,+,2453
lncRNA_6531,Porites_evermani_scaffold_1935,93178,96910,+,3733
lncRNA_6534,Porites_evermani_scaffold_1936,380,2981,+,2602
lncRNA_6541,Porites_evermani_scaffold_1938,19397,21515,+,2119
lncRNA_6544,Porites_evermani_scaffold_1939,1866,4098,+,2233
lncRNA_6545,Porites_evermani_scaffold_1939,47909,50178,+,2270
lncRNA_6546,Porites_evermani_scaffold_1939,85060,89474,+,4415
lncRNA_6547,Porites_evermani_scaffold_194,83732,86814,+,3083
lncRNA_6548,Porites_evermani_scaffold_194,97908,98996,+,1089
lncRNA_6552,Porites_evermani_scaffold_194,263296,270472,+,7177
lncRNA_6555,Porites_evermani_scaffold_194,71309,74810,+,3502
lncRNA_6557,Porites_evermani_scaffold_194,129618,131367,+,1750
lncRNA_6564,Porites_evermani_scaffold_194,158614,158899,+,286
lncRNA_6571,Porites_evermani_scaffold_1942,39229,41140,+,1912
lncRNA_6573,Porites_evermani_scaffold_1942,12416,16267,+,3852
lncRNA_6577,Porites_evermani_scaffold_1943,75682,80981,+,5300
lncRNA_6578,Porites_evermani_scaffold_1943,76749,78764,+,2016
lncRNA_6579,Porites_evermani_scaffold_1943,1790,5025,+,3236
lncRNA_6582,Porites_evermani_scaffold_1943,75673,81186,+,5514
lncRNA_6583,Porites_evermani_scaffold_1943,75724,80978,+,5255
lncRNA_6596,Porites_evermani_scaffold_1945,23287,24975,+,1689
lncRNA_6598,Porites_evermani_scaffold_1945,38174,40550,+,2377
lncRNA_6599,Porites_evermani_scaffold_1946,52492,55006,+,2515
lncRNA_6601,Porites_evermani_scaffold_1949,21893,28473,+,6581
lncRNA_6606,Porites_evermani_scaffold_195,130546,134523,+,3978
lncRNA_6607,Porites_evermani_scaffold_195,130832,134183,+,3352
lncRNA_6608,Porites_evermani_scaffold_195,130876,134183,+,3308
lncRNA_6610,Porites_evermani_scaffold_195,284475,286052,+,1578
lncRNA_6615,Porites_evermani_scaffold_195,107539,112386,+,4848
lncRNA_6617,Porites_evermani_scaffold_195,131038,134087,+,3050
lncRNA_6618,Porites_evermani_scaffold_195,132711,134087,+,1377
lncRNA_6621,Porites_evermani_scaffold_195,293894,295070,+,1177
lncRNA_6625,Porites_evermani_scaffold_1950,68653,70099,+,1447
lncRNA_6626,Porites_evermani_scaffold_1950,73319,74523,+,1205
lncRNA_6627,Porites_evermani_scaffold_1950,76993,77511,+,519
lncRNA_6628,Porites_evermani_scaffold_1950,77005,77676,+,672
lncRNA_6635,Porites_evermani_scaffold_1952,51935,56566,+,4632
lncRNA_6636,Porites_evermani_scaffold_1952,52041,56566,+,4526
lncRNA_6637,Porites_evermani_scaffold_1952,26351,69804,+,43454
lncRNA_6644,Porites_evermani_scaffold_1954,69253,70141,+,889
lncRNA_6648,Porites_evermani_scaffold_1954,72073,73727,+,1655
lncRNA_6650,Porites_evermani_scaffold_1955,88917,90650,+,1734
lncRNA_6651,Porites_evermani_scaffold_1955,94452,94868,+,417
lncRNA_6653,Porites_evermani_scaffold_1956,72397,79960,+,7564
lncRNA_6654,Porites_evermani_scaffold_1956,72834,77070,+,4237
lncRNA_6661,Porites_evermani_scaffold_1957,69985,70742,+,758
lncRNA_6662,Porites_evermani_scaffold_1957,71346,72656,+,1311
lncRNA_6665,Porites_evermani_scaffold_1958,6971,11171,+,4201
lncRNA_6670,Porites_evermani_scaffold_1959,68819,69637,+,819
lncRNA_6672,Porites_evermani_scaffold_196,337928,340944,+,3017
lncRNA_6673,Porites_evermani_scaffold_196,344824,346285,+,1462
lncRNA_6675,Porites_evermani_scaffold_196,133546,135667,+,2122
lncRNA_6682,Porites_evermani_scaffold_1963,32023,33734,+,1712
lncRNA_6684,Porites_evermani_scaffold_1963,90367,95670,+,5304
lncRNA_6693,Porites_evermani_scaffold_1965,89831,95565,+,5735
lncRNA_6695,Porites_evermani_scaffold_1965,55924,60323,+,4400
lncRNA_6699,Porites_evermani_scaffold_1966,86966,94660,+,7695
lncRNA_6706,Porites_evermani_scaffold_1969,38511,42471,+,3961
lncRNA_6709,Porites_evermani_scaffold_197,110796,112896,+,2101
lncRNA_6710,Porites_evermani_scaffold_197,289937,290714,+,778
lncRNA_6711,Porites_evermani_scaffold_197,309,1901,+,1593
lncRNA_6712,Porites_evermani_scaffold_197,37668,39841,+,2174
lncRNA_6713,Porites_evermani_scaffold_197,188841,191532,+,2692
lncRNA_6716,Porites_evermani_scaffold_197,348515,372384,+,23870
lncRNA_6717,Porites_evermani_scaffold_197,348744,352826,+,4083
lncRNA_6718,Porites_evermani_scaffold_197,349132,350380,+,1249
lncRNA_6719,Porites_evermani_scaffold_197,349707,352843,+,3137
lncRNA_6722,Porites_evermani_scaffold_197,98031,99103,+,1073
lncRNA_6732,Porites_evermani_scaffold_1974,18098,23983,+,5886
lncRNA_6734,Porites_evermani_scaffold_1974,6658,8640,+,1983
lncRNA_6739,Porites_evermani_scaffold_1976,19167,22619,+,3453
lncRNA_6741,Porites_evermani_scaffold_1976,28055,29057,+,1003
lncRNA_6748,Porites_evermani_scaffold_1979,22406,24626,+,2221
lncRNA_6750,Porites_evermani_scaffold_1979,22421,24012,+,1592
lncRNA_6751,Porites_evermani_scaffold_1979,49876,55522,+,5647
lncRNA_6753,Porites_evermani_scaffold_1979,721,13429,+,12709
lncRNA_6754,Porites_evermani_scaffold_1979,91159,91930,+,772
lncRNA_6758,Porites_evermani_scaffold_198,282802,288204,+,5403
lncRNA_6759,Porites_evermani_scaffold_198,1078,4882,+,3805
lncRNA_6760,Porites_evermani_scaffold_198,32419,38686,+,6268
lncRNA_6765,Porites_evermani_scaffold_198,343111,345364,+,2254
lncRNA_6777,Porites_evermani_scaffold_1984,20747,23112,+,2366
lncRNA_6778,Porites_evermani_scaffold_1984,20761,23112,+,2352
lncRNA_6779,Porites_evermani_scaffold_1984,91393,94594,+,3202
lncRNA_6788,Porites_evermani_scaffold_1987,59221,69630,+,10410
lncRNA_6791,Porites_evermani_scaffold_1988,40974,43451,+,2478
lncRNA_6793,Porites_evermani_scaffold_1988,1,17986,+,17986
lncRNA_6794,Porites_evermani_scaffold_1988,40974,43520,+,2547
lncRNA_6795,Porites_evermani_scaffold_1988,41765,43520,+,1756
lncRNA_6796,Porites_evermani_scaffold_1988,41796,43520,+,1725
lncRNA_6797,Porites_evermani_scaffold_1988,54864,55265,+,402
lncRNA_6801,Porites_evermani_scaffold_199,123361,124000,+,640
lncRNA_6808,Porites_evermani_scaffold_199,292582,295970,+,3389
lncRNA_6809,Porites_evermani_scaffold_199,301464,305382,+,3919
lncRNA_6818,Porites_evermani_scaffold_1991,69913,73966,+,4054
lncRNA_6822,Porites_evermani_scaffold_1992,31473,43432,+,11960
lncRNA_6826,Porites_evermani_scaffold_1992,80538,81354,+,817
lncRNA_6833,Porites_evermani_scaffold_1994,6532,51690,+,45159
lncRNA_6835,Porites_evermani_scaffold_1995,13055,15213,+,2159
lncRNA_6853,Porites_evermani_scaffold_1999,1,1014,+,1014
lncRNA_6859,Porites_evermani_scaffold_2,291620,297911,+,6292
lncRNA_6860,Porites_evermani_scaffold_2,1069113,1079298,+,10186
lncRNA_6863,Porites_evermani_scaffold_2,1540195,1545622,+,5428
lncRNA_6864,Porites_evermani_scaffold_2,128615,137815,+,9201
lncRNA_6865,Porites_evermani_scaffold_2,128661,136388,+,7728
lncRNA_6868,Porites_evermani_scaffold_2,478937,479451,+,515
lncRNA_6870,Porites_evermani_scaffold_2,577024,604768,+,27745
lncRNA_6871,Porites_evermani_scaffold_2,577024,624015,+,46992
lncRNA_6872,Porites_evermani_scaffold_2,577383,624015,+,46633
lncRNA_6873,Porites_evermani_scaffold_2,577387,603056,+,25670
lncRNA_6874,Porites_evermani_scaffold_2,578120,624015,+,45896
lncRNA_6875,Porites_evermani_scaffold_2,578123,594900,+,16778
lncRNA_6876,Porites_evermani_scaffold_2,578124,592399,+,14276
lncRNA_6877,Porites_evermani_scaffold_2,775508,776927,+,1420
lncRNA_6879,Porites_evermani_scaffold_2,1002440,1002720,+,281
lncRNA_6880,Porites_evermani_scaffold_2,1153985,1156363,+,2379
lncRNA_6887,Porites_evermani_scaffold_2,1720259,1721163,+,905
lncRNA_6899,Porites_evermani_scaffold_2,729466,729886,+,421
lncRNA_6918,Porites_evermani_scaffold_20,314773,316047,+,1275
lncRNA_6919,Porites_evermani_scaffold_20,426788,427856,+,1069
lncRNA_6923,Porites_evermani_scaffold_20,690276,692251,+,1976
lncRNA_6924,Porites_evermani_scaffold_20,29790,30202,+,413
lncRNA_6925,Porites_evermani_scaffold_20,128994,130040,+,1047
lncRNA_6935,Porites_evermani_scaffold_20,451538,455817,+,4280
lncRNA_6945,Porites_evermani_scaffold_20,870737,871142,+,406
lncRNA_6946,Porites_evermani_scaffold_200,100071,101437,+,1367
lncRNA_6947,Porites_evermani_scaffold_200,203355,226846,+,23492
lncRNA_6958,Porites_evermani_scaffold_2001,6247,9902,+,3656
lncRNA_6959,Porites_evermani_scaffold_2001,7381,11315,+,3935
lncRNA_6960,Porites_evermani_scaffold_2001,8907,12980,+,4074
lncRNA_6964,Porites_evermani_scaffold_2001,81472,82994,+,1523
lncRNA_6965,Porites_evermani_scaffold_2001,6641,13454,+,6814
lncRNA_6966,Porites_evermani_scaffold_2001,8918,12963,+,4046
lncRNA_6967,Porites_evermani_scaffold_2001,9681,13454,+,3774
lncRNA_6968,Porites_evermani_scaffold_2001,88416,93807,+,5392
lncRNA_6973,Porites_evermani_scaffold_2003,32293,53220,+,20928
lncRNA_6975,Porites_evermani_scaffold_2003,46352,59041,+,12690
lncRNA_6976,Porites_evermani_scaffold_2003,47086,59041,+,11956
lncRNA_6978,Porites_evermani_scaffold_2003,48620,59041,+,10422
lncRNA_6982,Porites_evermani_scaffold_2004,4992,8804,+,3813
lncRNA_6984,Porites_evermani_scaffold_2004,627,10577,+,9951
lncRNA_6985,Porites_evermani_scaffold_2004,57113,58850,+,1738
lncRNA_6986,Porites_evermani_scaffold_2004,72645,76314,+,3670
lncRNA_7003,Porites_evermani_scaffold_2009,89475,93423,+,3949
lncRNA_7004,Porites_evermani_scaffold_2009,88572,93423,+,4852
lncRNA_7006,Porites_evermani_scaffold_201,362,6158,+,5797
lncRNA_7007,Porites_evermani_scaffold_201,631,5612,+,4982
lncRNA_7008,Porites_evermani_scaffold_201,157893,174955,+,17063
lncRNA_7009,Porites_evermani_scaffold_201,157910,174955,+,17046
lncRNA_7010,Porites_evermani_scaffold_201,215689,216585,+,897
lncRNA_7011,Porites_evermani_scaffold_201,18157,18762,+,606
lncRNA_7012,Porites_evermani_scaffold_201,155040,162842,+,7803
lncRNA_7013,Porites_evermani_scaffold_201,263085,304901,+,41817
lncRNA_7014,Porites_evermani_scaffold_201,264953,304901,+,39949
lncRNA_7015,Porites_evermani_scaffold_201,277798,280230,+,2433
lncRNA_7016,Porites_evermani_scaffold_201,277816,304901,+,27086
lncRNA_7019,Porites_evermani_scaffold_201,70765,74089,+,3325
lncRNA_7021,Porites_evermani_scaffold_2010,22618,26709,+,4092
lncRNA_7022,Porites_evermani_scaffold_2010,91370,92945,+,1576
lncRNA_7024,Porites_evermani_scaffold_2012,30262,35153,+,4892
lncRNA_7025,Porites_evermani_scaffold_2012,30664,35153,+,4490
lncRNA_7027,Porites_evermani_scaffold_2012,82757,86422,+,3666
lncRNA_7028,Porites_evermani_scaffold_2012,82827,87899,+,5073
lncRNA_7032,Porites_evermani_scaffold_2013,42654,50017,+,7364
lncRNA_7033,Porites_evermani_scaffold_2013,47241,54562,+,7322
lncRNA_7034,Porites_evermani_scaffold_2013,85038,87735,+,2698
lncRNA_7035,Porites_evermani_scaffold_2013,38743,46565,+,7823
lncRNA_7036,Porites_evermani_scaffold_2014,12428,14172,+,1745
lncRNA_7037,Porites_evermani_scaffold_2014,3226,3765,+,540
lncRNA_7039,Porites_evermani_scaffold_2015,74356,81958,+,7603
lncRNA_7041,Porites_evermani_scaffold_2015,74680,82365,+,7686
lncRNA_7042,Porites_evermani_scaffold_2015,90273,90866,+,594
lncRNA_7044,Porites_evermani_scaffold_2015,63772,70561,+,6790
lncRNA_7045,Porites_evermani_scaffold_2015,67957,72466,+,4510
lncRNA_7060,Porites_evermani_scaffold_2019,42665,43848,+,1184
lncRNA_7061,Porites_evermani_scaffold_2019,42786,43848,+,1063
lncRNA_7063,Porites_evermani_scaffold_202,265064,267553,+,2490
lncRNA_7064,Porites_evermani_scaffold_202,254435,255097,+,663
lncRNA_7065,Porites_evermani_scaffold_202,276433,281775,+,5343
lncRNA_7066,Porites_evermani_scaffold_202,277310,281775,+,4466
lncRNA_7072,Porites_evermani_scaffold_2021,47656,51556,+,3901
lncRNA_7073,Porites_evermani_scaffold_2021,39574,46243,+,6670
lncRNA_7075,Porites_evermani_scaffold_2023,9405,14539,+,5135
lncRNA_7085,Porites_evermani_scaffold_2026,10122,12465,+,2344
lncRNA_7086,Porites_evermani_scaffold_2026,10124,12465,+,2342
lncRNA_7087,Porites_evermani_scaffold_2026,19616,23101,+,3486
lncRNA_7090,Porites_evermani_scaffold_2026,88173,92231,+,4059
lncRNA_7091,Porites_evermani_scaffold_2026,88486,92231,+,3746
lncRNA_7092,Porites_evermani_scaffold_2026,88507,92231,+,3725
lncRNA_7096,Porites_evermani_scaffold_2027,71361,72310,+,950
lncRNA_7109,Porites_evermani_scaffold_2030,30189,33023,+,2835
lncRNA_7112,Porites_evermani_scaffold_2031,57272,59234,+,1963
lncRNA_7115,Porites_evermani_scaffold_2031,90250,92043,+,1794
lncRNA_7121,Porites_evermani_scaffold_2033,74841,80278,+,5438
lncRNA_7125,Porites_evermani_scaffold_2034,88607,90445,+,1839
lncRNA_7127,Porites_evermani_scaffold_2036,1,7859,+,7859
lncRNA_7135,Porites_evermani_scaffold_2038,31252,39731,+,8480
lncRNA_7139,Porites_evermani_scaffold_204,330112,335979,+,5868
lncRNA_7140,Porites_evermani_scaffold_204,13409,14398,+,990
lncRNA_7141,Porites_evermani_scaffold_204,74610,76475,+,1866
lncRNA_7143,Porites_evermani_scaffold_204,351295,352745,+,1451
lncRNA_7144,Porites_evermani_scaffold_204,72423,73231,+,809
lncRNA_7147,Porites_evermani_scaffold_2040,14382,22263,+,7882
lncRNA_7151,Porites_evermani_scaffold_2040,27153,28100,+,948
lncRNA_7157,Porites_evermani_scaffold_2041,1755,2304,+,550
lncRNA_7162,Porites_evermani_scaffold_2042,5912,9252,+,3341
lncRNA_7169,Porites_evermani_scaffold_2044,83686,87663,+,3978
lncRNA_7170,Porites_evermani_scaffold_2044,84268,87663,+,3396
lncRNA_7171,Porites_evermani_scaffold_2044,83686,86997,+,3312
lncRNA_7172,Porites_evermani_scaffold_2044,83719,86997,+,3279
lncRNA_7180,Porites_evermani_scaffold_2046,13087,15887,+,2801
lncRNA_7187,Porites_evermani_scaffold_2046,57258,58522,+,1265
lncRNA_7192,Porites_evermani_scaffold_205,175867,183990,+,8124
lncRNA_7194,Porites_evermani_scaffold_205,335452,338401,+,2950
lncRNA_7200,Porites_evermani_scaffold_205,175870,183920,+,8051
lncRNA_7210,Porites_evermani_scaffold_205,97692,98891,+,1200
lncRNA_7218,Porites_evermani_scaffold_2051,52093,55307,+,3215
lncRNA_7222,Porites_evermani_scaffold_2054,22842,23813,+,972
lncRNA_7223,Porites_evermani_scaffold_2054,26939,34437,+,7499
lncRNA_7224,Porites_evermani_scaffold_2054,38338,43361,+,5024
lncRNA_7228,Porites_evermani_scaffold_2056,1425,2861,+,1437
lncRNA_7234,Porites_evermani_scaffold_2057,41939,42674,+,736
lncRNA_7246,Porites_evermani_scaffold_206,265558,266898,+,1341
lncRNA_7247,Porites_evermani_scaffold_206,267100,268242,+,1143
lncRNA_7248,Porites_evermani_scaffold_2060,60557,66251,+,5695
lncRNA_7251,Porites_evermani_scaffold_2060,53162,64143,+,10982
lncRNA_7252,Porites_evermani_scaffold_2060,61258,89750,+,28493
lncRNA_7253,Porites_evermani_scaffold_2060,64169,89750,+,25582
lncRNA_7254,Porites_evermani_scaffold_2060,71212,89750,+,18539
lncRNA_7256,Porites_evermani_scaffold_2062,71143,76347,+,5205
lncRNA_7257,Porites_evermani_scaffold_2062,72682,76426,+,3745
lncRNA_7263,Porites_evermani_scaffold_2064,17752,19506,+,1755
lncRNA_7264,Porites_evermani_scaffold_2064,24564,26776,+,2213
lncRNA_7265,Porites_evermani_scaffold_2064,24180,26803,+,2624
lncRNA_7274,Porites_evermani_scaffold_2067,32464,38632,+,6169
lncRNA_7276,Porites_evermani_scaffold_2067,32466,38632,+,6167
lncRNA_7281,Porites_evermani_scaffold_2068,44361,45033,+,673
lncRNA_7289,Porites_evermani_scaffold_207,146055,149466,+,3412
lncRNA_7290,Porites_evermani_scaffold_207,107312,109280,+,1969
lncRNA_7300,Porites_evermani_scaffold_2070,53331,54370,+,1040
lncRNA_7302,Porites_evermani_scaffold_2070,88997,89300,+,304
lncRNA_7310,Porites_evermani_scaffold_2072,88418,89875,+,1458
lncRNA_7311,Porites_evermani_scaffold_2073,3663,5002,+,1340
lncRNA_7312,Porites_evermani_scaffold_2073,6126,6562,+,437
lncRNA_7314,Porites_evermani_scaffold_2074,87654,89985,+,2332
lncRNA_7323,Porites_evermani_scaffold_2077,52583,54016,+,1434
lncRNA_7324,Porites_evermani_scaffold_2077,41501,49611,+,8111
lncRNA_7331,Porites_evermani_scaffold_2079,13334,16481,+,3148
lncRNA_7332,Porites_evermani_scaffold_2079,13622,16481,+,2860
lncRNA_7334,Porites_evermani_scaffold_2079,43918,44832,+,915
lncRNA_7338,Porites_evermani_scaffold_208,47625,51956,+,4332
lncRNA_7339,Porites_evermani_scaffold_208,48823,51329,+,2507
lncRNA_7340,Porites_evermani_scaffold_208,88501,91952,+,3452
lncRNA_7341,Porites_evermani_scaffold_208,18472,22298,+,3827
lncRNA_7342,Porites_evermani_scaffold_208,19141,22298,+,3158
lncRNA_7343,Porites_evermani_scaffold_208,19142,22298,+,3157
lncRNA_7344,Porites_evermani_scaffold_208,19480,22298,+,2819
lncRNA_7345,Porites_evermani_scaffold_208,39979,42602,+,2624
lncRNA_7346,Porites_evermani_scaffold_208,104222,106822,+,2601
lncRNA_7347,Porites_evermani_scaffold_208,104501,106822,+,2322
lncRNA_7348,Porites_evermani_scaffold_208,145456,146009,+,554
lncRNA_7349,Porites_evermani_scaffold_208,146322,146773,+,452
lncRNA_7350,Porites_evermani_scaffold_208,164940,166529,+,1590
lncRNA_7351,Porites_evermani_scaffold_208,285323,287058,+,1736
lncRNA_7358,Porites_evermani_scaffold_208,322475,323177,+,703
lncRNA_7376,Porites_evermani_scaffold_2084,83789,89297,+,5509
lncRNA_7377,Porites_evermani_scaffold_2084,83799,84761,+,963
lncRNA_7378,Porites_evermani_scaffold_2084,83937,89297,+,5361
lncRNA_7382,Porites_evermani_scaffold_2086,84233,86001,+,1769
lncRNA_7383,Porites_evermani_scaffold_2086,84296,87308,+,3013
lncRNA_7385,Porites_evermani_scaffold_2087,79550,89542,+,9993
lncRNA_7386,Porites_evermani_scaffold_2087,79556,89542,+,9987
lncRNA_7387,Porites_evermani_scaffold_2087,79581,89542,+,9962
lncRNA_7388,Porites_evermani_scaffold_2087,79582,89542,+,9961
lncRNA_7389,Porites_evermani_scaffold_2088,48812,58872,+,10061
lncRNA_7391,Porites_evermani_scaffold_2088,62976,65044,+,2069
lncRNA_7392,Porites_evermani_scaffold_2089,72697,76270,+,3574
lncRNA_7393,Porites_evermani_scaffold_2089,72915,76270,+,3356
lncRNA_7395,Porites_evermani_scaffold_2089,72922,76270,+,3349
lncRNA_7397,Porites_evermani_scaffold_2089,72923,76270,+,3348
lncRNA_7398,Porites_evermani_scaffold_2089,72950,76270,+,3321
lncRNA_7399,Porites_evermani_scaffold_2089,73047,76270,+,3224
lncRNA_7401,Porites_evermani_scaffold_2089,53262,89371,+,36110
lncRNA_7403,Porites_evermani_scaffold_2089,8293,9611,+,1319
lncRNA_7404,Porites_evermani_scaffold_209,268988,272067,+,3080
lncRNA_7405,Porites_evermani_scaffold_209,269071,272067,+,2997
lncRNA_7437,Porites_evermani_scaffold_2097,76745,79591,+,2847
lncRNA_7440,Porites_evermani_scaffold_2098,22467,27896,+,5430
lncRNA_7448,Porites_evermani_scaffold_2099,33506,36209,+,2704
lncRNA_7449,Porites_evermani_scaffold_2099,33759,36209,+,2451
lncRNA_7454,Porites_evermani_scaffold_21,103120,112312,+,9193
lncRNA_7456,Porites_evermani_scaffold_21,616129,618240,+,2112
lncRNA_7459,Porites_evermani_scaffold_21,73524,82020,+,8497
lncRNA_7460,Porites_evermani_scaffold_21,73546,77569,+,4024
lncRNA_7461,Porites_evermani_scaffold_21,73589,78384,+,4796
lncRNA_7462,Porites_evermani_scaffold_21,709298,712745,+,3448
lncRNA_7465,Porites_evermani_scaffold_21,835552,837540,+,1989
lncRNA_7466,Porites_evermani_scaffold_21,961275,962702,+,1428
lncRNA_7467,Porites_evermani_scaffold_21,29428,30399,+,972
lncRNA_7478,Porites_evermani_scaffold_21,524115,526449,+,2335
lncRNA_7496,Porites_evermani_scaffold_210,46935,49807,+,2873
lncRNA_7497,Porites_evermani_scaffold_210,62917,65036,+,2120
lncRNA_7500,Porites_evermani_scaffold_2100,39226,40522,+,1297
lncRNA_7505,Porites_evermani_scaffold_2103,42456,46736,+,4281
lncRNA_7506,Porites_evermani_scaffold_2103,45169,49258,+,4090
lncRNA_7507,Porites_evermani_scaffold_2103,41509,45834,+,4326
lncRNA_7510,Porites_evermani_scaffold_2105,64186,81705,+,17520
lncRNA_7511,Porites_evermani_scaffold_2105,64244,71062,+,6819
lncRNA_7512,Porites_evermani_scaffold_2105,72239,81705,+,9467
lncRNA_7513,Porites_evermani_scaffold_2105,21862,25360,+,3499
lncRNA_7514,Porites_evermani_scaffold_2105,25075,25360,+,286
lncRNA_7515,Porites_evermani_scaffold_2105,70006,72309,+,2304
lncRNA_7522,Porites_evermani_scaffold_2107,447,16073,+,15627
lncRNA_7523,Porites_evermani_scaffold_2107,12108,16073,+,3966
lncRNA_7535,Porites_evermani_scaffold_211,284577,288460,+,3884
lncRNA_7536,Porites_evermani_scaffold_211,351281,360560,+,9280
lncRNA_7538,Porites_evermani_scaffold_211,351803,352711,+,909
lncRNA_7539,Porites_evermani_scaffold_211,153173,155805,+,2633
lncRNA_7540,Porites_evermani_scaffold_211,153205,155805,+,2601
lncRNA_7554,Porites_evermani_scaffold_2113,24237,26298,+,2062
lncRNA_7559,Porites_evermani_scaffold_2114,31778,33079,+,1302
lncRNA_7565,Porites_evermani_scaffold_2115,57323,61632,+,4310
lncRNA_7566,Porites_evermani_scaffold_2115,57327,61264,+,3938
lncRNA_7568,Porites_evermani_scaffold_2115,59924,61564,+,1641
lncRNA_7569,Porites_evermani_scaffold_2115,59964,61564,+,1601
lncRNA_7570,Porites_evermani_scaffold_2115,60664,61564,+,901
lncRNA_7571,Porites_evermani_scaffold_2115,60744,61564,+,821
lncRNA_7589,Porites_evermani_scaffold_2119,82287,83673,+,1387
lncRNA_7590,Porites_evermani_scaffold_212,97608,121797,+,24190
lncRNA_7599,Porites_evermani_scaffold_2120,10002,13452,+,3451
lncRNA_7601,Porites_evermani_scaffold_2120,42847,45761,+,2915
lncRNA_7623,Porites_evermani_scaffold_2123,33614,34874,+,1261
lncRNA_7626,Porites_evermani_scaffold_2124,78423,83795,+,5373
lncRNA_7632,Porites_evermani_scaffold_2125,44255,46392,+,2138
lncRNA_7633,Porites_evermani_scaffold_2125,44360,45747,+,1388
lncRNA_7636,Porites_evermani_scaffold_2126,30015,30835,+,821
lncRNA_7637,Porites_evermani_scaffold_2126,2889,9510,+,6622
lncRNA_7641,Porites_evermani_scaffold_2127,64256,66125,+,1870
lncRNA_7643,Porites_evermani_scaffold_2128,73988,79742,+,5755
lncRNA_7645,Porites_evermani_scaffold_2129,5185,8639,+,3455
lncRNA_7646,Porites_evermani_scaffold_2129,47940,51832,+,3893
lncRNA_7648,Porites_evermani_scaffold_2129,81457,86774,+,5318
lncRNA_7652,Porites_evermani_scaffold_213,33016,35637,+,2622
lncRNA_7655,Porites_evermani_scaffold_213,273261,284386,+,11126
lncRNA_7656,Porites_evermani_scaffold_213,314423,317874,+,3452
lncRNA_7661,Porites_evermani_scaffold_2132,47745,49107,+,1363
lncRNA_7662,Porites_evermani_scaffold_2132,48899,50122,+,1224
lncRNA_7666,Porites_evermani_scaffold_2134,203,9966,+,9764
lncRNA_7669,Porites_evermani_scaffold_2135,56392,57417,+,1026
lncRNA_7671,Porites_evermani_scaffold_2136,89,1445,+,1357
lncRNA_7672,Porites_evermani_scaffold_2136,117,1445,+,1329
lncRNA_7673,Porites_evermani_scaffold_2136,7607,10394,+,2788
lncRNA_7674,Porites_evermani_scaffold_2136,7755,9478,+,1724
lncRNA_7675,Porites_evermani_scaffold_2136,7791,9850,+,2060
lncRNA_7678,Porites_evermani_scaffold_2137,33196,36097,+,2902
lncRNA_7687,Porites_evermani_scaffold_214,33413,35040,+,1628
lncRNA_7688,Porites_evermani_scaffold_214,43170,44537,+,1368
lncRNA_7689,Porites_evermani_scaffold_214,71532,72412,+,881
lncRNA_7690,Porites_evermani_scaffold_214,284160,287462,+,3303
lncRNA_7691,Porites_evermani_scaffold_214,34330,36856,+,2527
lncRNA_7692,Porites_evermani_scaffold_214,113382,115833,+,2452
lncRNA_7693,Porites_evermani_scaffold_214,222893,224939,+,2047
lncRNA_7695,Porites_evermani_scaffold_214,281946,287462,+,5517
lncRNA_7700,Porites_evermani_scaffold_214,258664,259077,+,414
lncRNA_7704,Porites_evermani_scaffold_2140,79568,81060,+,1493
lncRNA_7707,Porites_evermani_scaffold_2141,56954,62809,+,5856
lncRNA_7708,Porites_evermani_scaffold_2141,57718,63658,+,5941
lncRNA_7711,Porites_evermani_scaffold_2143,340,4402,+,4063
lncRNA_7722,Porites_evermani_scaffold_2144,27443,31973,+,4531
lncRNA_7723,Porites_evermani_scaffold_2144,39001,43761,+,4761
lncRNA_7727,Porites_evermani_scaffold_2146,4650,7383,+,2734
lncRNA_7730,Porites_evermani_scaffold_2147,15300,17919,+,2620
lncRNA_7736,Porites_evermani_scaffold_2148,48613,50870,+,2258
lncRNA_7737,Porites_evermani_scaffold_2148,51248,53977,+,2730
lncRNA_7742,Porites_evermani_scaffold_215,186573,187372,+,800
lncRNA_7744,Porites_evermani_scaffold_215,277683,278562,+,880
lncRNA_7745,Porites_evermani_scaffold_215,277683,278793,+,1111
lncRNA_7746,Porites_evermani_scaffold_215,277697,278793,+,1097
lncRNA_7748,Porites_evermani_scaffold_215,102585,108729,+,6145
lncRNA_7751,Porites_evermani_scaffold_215,277699,280726,+,3028
lncRNA_7762,Porites_evermani_scaffold_2152,17977,19572,+,1596
lncRNA_7765,Porites_evermani_scaffold_2153,27978,28937,+,960
lncRNA_7766,Porites_evermani_scaffold_2153,2027,2831,+,805
lncRNA_7769,Porites_evermani_scaffold_2156,17094,21098,+,4005
lncRNA_7777,Porites_evermani_scaffold_2159,13888,15172,+,1285
lncRNA_7778,Porites_evermani_scaffold_2159,14032,15172,+,1141
lncRNA_7779,Porites_evermani_scaffold_2159,79241,82257,+,3017
lncRNA_7780,Porites_evermani_scaffold_2159,4,2755,+,2752
lncRNA_7781,Porites_evermani_scaffold_2159,30670,37770,+,7101
lncRNA_7782,Porites_evermani_scaffold_2159,30900,37770,+,6871
lncRNA_7785,Porites_evermani_scaffold_216,118135,143301,+,25167
lncRNA_7786,Porites_evermani_scaffold_216,118320,143301,+,24982
lncRNA_7787,Porites_evermani_scaffold_216,121529,141858,+,20330
lncRNA_7791,Porites_evermani_scaffold_216,208698,210583,+,1886
lncRNA_7792,Porites_evermani_scaffold_216,208868,210583,+,1716
lncRNA_7802,Porites_evermani_scaffold_2161,40433,66686,+,26254
lncRNA_7803,Porites_evermani_scaffold_2161,40443,83096,+,42654
lncRNA_7804,Porites_evermani_scaffold_2161,40468,83096,+,42629
lncRNA_7805,Porites_evermani_scaffold_2161,40477,55810,+,15334
lncRNA_7806,Porites_evermani_scaffold_2161,40543,55810,+,15268
lncRNA_7807,Porites_evermani_scaffold_2161,40679,55810,+,15132
lncRNA_7808,Porites_evermani_scaffold_2161,55842,83096,+,27255
lncRNA_7811,Porites_evermani_scaffold_2161,56379,83096,+,26718
lncRNA_7816,Porites_evermani_scaffold_2162,47082,53602,+,6521
lncRNA_7817,Porites_evermani_scaffold_2162,66427,68076,+,1650
lncRNA_7820,Porites_evermani_scaffold_2163,84332,86172,+,1841
lncRNA_7822,Porites_evermani_scaffold_2165,27594,30369,+,2776
lncRNA_7830,Porites_evermani_scaffold_2169,56441,85865,+,29425
lncRNA_7835,Porites_evermani_scaffold_217,192272,202210,+,9939
lncRNA_7836,Porites_evermani_scaffold_217,200990,214126,+,13137
lncRNA_7837,Porites_evermani_scaffold_217,200995,202210,+,1216
lncRNA_7838,Porites_evermani_scaffold_217,193693,197632,+,3940
lncRNA_7841,Porites_evermani_scaffold_217,184943,187679,+,2737
lncRNA_7843,Porites_evermani_scaffold_217,184943,190696,+,5754
lncRNA_7844,Porites_evermani_scaffold_217,192059,194627,+,2569
lncRNA_7845,Porites_evermani_scaffold_217,192059,203124,+,11066
lncRNA_7846,Porites_evermani_scaffold_217,192249,203124,+,10876
lncRNA_7847,Porites_evermani_scaffold_217,297309,299956,+,2648
lncRNA_7855,Porites_evermani_scaffold_2171,22264,28804,+,6541
lncRNA_7860,Porites_evermani_scaffold_2172,62439,66935,+,4497
lncRNA_7861,Porites_evermani_scaffold_2172,63742,66909,+,3168
lncRNA_7862,Porites_evermani_scaffold_2173,21512,33782,+,12271
lncRNA_7872,Porites_evermani_scaffold_2177,9682,15099,+,5418
lncRNA_7874,Porites_evermani_scaffold_2177,51942,54494,+,2553
lncRNA_7876,Porites_evermani_scaffold_2177,48381,54422,+,6042
lncRNA_7877,Porites_evermani_scaffold_2177,48842,51941,+,3100
lncRNA_7882,Porites_evermani_scaffold_218,54207,95098,+,40892
lncRNA_7884,Porites_evermani_scaffold_218,145538,160218,+,14681
lncRNA_7885,Porites_evermani_scaffold_218,49911,52435,+,2525
lncRNA_7886,Porites_evermani_scaffold_218,49923,52435,+,2513
lncRNA_7887,Porites_evermani_scaffold_218,50397,93230,+,42834
lncRNA_7890,Porites_evermani_scaffold_218,120852,123673,+,2822
lncRNA_7891,Porites_evermani_scaffold_218,136551,138505,+,1955
lncRNA_7892,Porites_evermani_scaffold_218,137523,138505,+,983
lncRNA_7893,Porites_evermani_scaffold_218,147037,167577,+,20541
lncRNA_7894,Porites_evermani_scaffold_218,170237,177464,+,7228
lncRNA_7895,Porites_evermani_scaffold_218,195499,205270,+,9772
lncRNA_7897,Porites_evermani_scaffold_218,190325,191124,+,800
lncRNA_7898,Porites_evermani_scaffold_218,192147,193202,+,1056
lncRNA_7904,Porites_evermani_scaffold_2181,5101,9252,+,4152
lncRNA_7905,Porites_evermani_scaffold_2181,13975,16203,+,2229
lncRNA_7909,Porites_evermani_scaffold_2184,1,6445,+,6445
lncRNA_7916,Porites_evermani_scaffold_2187,28874,30708,+,1835
lncRNA_7919,Porites_evermani_scaffold_2187,56901,58039,+,1139
lncRNA_7920,Porites_evermani_scaffold_2187,73486,74970,+,1485
lncRNA_7922,Porites_evermani_scaffold_2188,5706,20238,+,14533
lncRNA_7924,Porites_evermani_scaffold_2188,37280,39306,+,2027
lncRNA_7925,Porites_evermani_scaffold_2188,37393,39306,+,1914
lncRNA_7926,Porites_evermani_scaffold_2188,83246,84825,+,1580
lncRNA_7929,Porites_evermani_scaffold_219,15096,28163,+,13068
lncRNA_7931,Porites_evermani_scaffold_219,99536,106051,+,6516
lncRNA_7932,Porites_evermani_scaffold_219,99542,106051,+,6510
lncRNA_7933,Porites_evermani_scaffold_219,174726,175578,+,853
lncRNA_7934,Porites_evermani_scaffold_219,10,4545,+,4536
lncRNA_7935,Porites_evermani_scaffold_219,64,4545,+,4482
lncRNA_7937,Porites_evermani_scaffold_219,122,4545,+,4424
lncRNA_7938,Porites_evermani_scaffold_219,8283,12877,+,4595
lncRNA_7940,Porites_evermani_scaffold_219,49687,52036,+,2350
lncRNA_7941,Porites_evermani_scaffold_219,49888,52036,+,2149
lncRNA_7942,Porites_evermani_scaffold_219,99505,105267,+,5763
lncRNA_7943,Porites_evermani_scaffold_219,149553,150735,+,1183
lncRNA_7947,Porites_evermani_scaffold_219,284926,287783,+,2858
lncRNA_7948,Porites_evermani_scaffold_219,285213,287783,+,2571
lncRNA_7949,Porites_evermani_scaffold_219,285449,287783,+,2335
lncRNA_7950,Porites_evermani_scaffold_219,308218,308806,+,589
lncRNA_7951,Porites_evermani_scaffold_2190,60293,61725,+,1433
lncRNA_7957,Porites_evermani_scaffold_2192,25923,27683,+,1761
lncRNA_7959,Porites_evermani_scaffold_2194,15947,21746,+,5800
lncRNA_7968,Porites_evermani_scaffold_2197,40436,44871,+,4436
lncRNA_7969,Porites_evermani_scaffold_2197,78669,83109,+,4441
lncRNA_7970,Porites_evermani_scaffold_2197,79091,83109,+,4019
lncRNA_7971,Porites_evermani_scaffold_2198,1732,2550,+,819
lncRNA_7972,Porites_evermani_scaffold_2198,26624,30682,+,4059
lncRNA_7973,Porites_evermani_scaffold_2198,26731,30041,+,3311
lncRNA_7979,Porites_evermani_scaffold_2199,73407,75129,+,1723
lncRNA_7980,Porites_evermani_scaffold_22,93123,93755,+,633
lncRNA_7981,Porites_evermani_scaffold_22,470419,470742,+,324
lncRNA_7984,Porites_evermani_scaffold_22,132901,139578,+,6678
lncRNA_7985,Porites_evermani_scaffold_22,200043,204106,+,4064
lncRNA_7986,Porites_evermani_scaffold_22,200053,204654,+,4602
lncRNA_7987,Porites_evermani_scaffold_22,230674,232015,+,1342
lncRNA_7988,Porites_evermani_scaffold_22,317971,319940,+,1970
lncRNA_7989,Porites_evermani_scaffold_22,332286,338564,+,6279
lncRNA_7994,Porites_evermani_scaffold_22,803202,803628,+,427
lncRNA_7996,Porites_evermani_scaffold_22,194150,194481,+,332
lncRNA_8010,Porites_evermani_scaffold_220,198775,201079,+,2305
lncRNA_8011,Porites_evermani_scaffold_220,206852,208539,+,1688
lncRNA_8012,Porites_evermani_scaffold_220,196592,201527,+,4936
lncRNA_8013,Porites_evermani_scaffold_220,196594,199468,+,2875
lncRNA_8014,Porites_evermani_scaffold_220,282248,283275,+,1028
lncRNA_8016,Porites_evermani_scaffold_2200,42510,72491,+,29982
lncRNA_8018,Porites_evermani_scaffold_2201,42493,45560,+,3068
lncRNA_8019,Porites_evermani_scaffold_2201,42554,45560,+,3007
lncRNA_8024,Porites_evermani_scaffold_2203,49256,51117,+,1862
lncRNA_8029,Porites_evermani_scaffold_2204,2227,6087,+,3861
lncRNA_8030,Porites_evermani_scaffold_2204,64520,69571,+,5052
lncRNA_8036,Porites_evermani_scaffold_2206,78044,83931,+,5888
lncRNA_8038,Porites_evermani_scaffold_2207,8888,11841,+,2954
lncRNA_8039,Porites_evermani_scaffold_2207,69592,70751,+,1160
lncRNA_8040,Porites_evermani_scaffold_2207,36982,38602,+,1621
lncRNA_8041,Porites_evermani_scaffold_2207,42908,46568,+,3661
lncRNA_8043,Porites_evermani_scaffold_2207,837,1253,+,417
lncRNA_8045,Porites_evermani_scaffold_2208,6,3452,+,3447
lncRNA_8046,Porites_evermani_scaffold_2208,74,3634,+,3561
lncRNA_8047,Porites_evermani_scaffold_2208,4928,5435,+,508
lncRNA_8048,Porites_evermani_scaffold_2208,1,4729,+,4729
lncRNA_8050,Porites_evermani_scaffold_2208,6,3518,+,3513
lncRNA_8051,Porites_evermani_scaffold_2208,8,4729,+,4722
lncRNA_8052,Porites_evermani_scaffold_2208,16,4729,+,4714
lncRNA_8053,Porites_evermani_scaffold_2208,964,4729,+,3766
lncRNA_8054,Porites_evermani_scaffold_2208,4741,6219,+,1479
lncRNA_8055,Porites_evermani_scaffold_2208,11609,16878,+,5270
lncRNA_8056,Porites_evermani_scaffold_2208,53901,57104,+,3204
lncRNA_8058,Porites_evermani_scaffold_2208,63419,70076,+,6658
lncRNA_8059,Porites_evermani_scaffold_2208,50380,52044,+,1665
lncRNA_8068,Porites_evermani_scaffold_221,1,2731,+,2731
lncRNA_8073,Porites_evermani_scaffold_2210,157,5649,+,5493
lncRNA_8074,Porites_evermani_scaffold_2210,224,5649,+,5426
lncRNA_8088,Porites_evermani_scaffold_2216,1,20013,+,20013
lncRNA_8095,Porites_evermani_scaffold_2217,63060,67998,+,4939
lncRNA_8098,Porites_evermani_scaffold_2219,2117,5830,+,3714
lncRNA_8100,Porites_evermani_scaffold_2219,26546,28672,+,2127
lncRNA_8101,Porites_evermani_scaffold_2219,47099,50776,+,3678
lncRNA_8102,Porites_evermani_scaffold_2219,48080,49991,+,1912
lncRNA_8103,Porites_evermani_scaffold_2219,61891,62732,+,842
lncRNA_8104,Porites_evermani_scaffold_2219,28990,37523,+,8534
lncRNA_8105,Porites_evermani_scaffold_2219,48897,52072,+,3176
lncRNA_8106,Porites_evermani_scaffold_2219,61043,62523,+,1481
lncRNA_8107,Porites_evermani_scaffold_222,33011,35751,+,2741
lncRNA_8108,Porites_evermani_scaffold_222,241457,246007,+,4551
lncRNA_8109,Porites_evermani_scaffold_222,241500,246007,+,4508
lncRNA_8110,Porites_evermani_scaffold_222,243420,247477,+,4058
lncRNA_8111,Porites_evermani_scaffold_222,243498,247477,+,3980
lncRNA_8112,Porites_evermani_scaffold_222,243648,247477,+,3830
lncRNA_8113,Porites_evermani_scaffold_222,244390,247477,+,3088
lncRNA_8114,Porites_evermani_scaffold_222,316377,317554,+,1178
lncRNA_8115,Porites_evermani_scaffold_222,194977,197493,+,2517
lncRNA_8117,Porites_evermani_scaffold_222,231145,237424,+,6280
lncRNA_8118,Porites_evermani_scaffold_222,234724,241854,+,7131
lncRNA_8119,Porites_evermani_scaffold_222,239366,242313,+,2948
lncRNA_8123,Porites_evermani_scaffold_222,220978,221616,+,639
lncRNA_8125,Porites_evermani_scaffold_222,283957,285862,+,1906
lncRNA_8128,Porites_evermani_scaffold_2220,31916,57671,+,25756
lncRNA_8129,Porites_evermani_scaffold_2220,33022,57671,+,24650
lncRNA_8130,Porites_evermani_scaffold_2220,33107,57671,+,24565
lncRNA_8131,Porites_evermani_scaffold_2220,33109,57671,+,24563
lncRNA_8132,Porites_evermani_scaffold_2220,33132,57671,+,24540
lncRNA_8133,Porites_evermani_scaffold_2220,58279,79283,+,21005
lncRNA_8134,Porites_evermani_scaffold_2220,58320,79283,+,20964
lncRNA_8135,Porites_evermani_scaffold_2220,56811,57661,+,851
lncRNA_8136,Porites_evermani_scaffold_2220,74853,79160,+,4308
lncRNA_8139,Porites_evermani_scaffold_2221,68603,72092,+,3490
lncRNA_8144,Porites_evermani_scaffold_2224,1449,4250,+,2802
lncRNA_8145,Porites_evermani_scaffold_2224,58224,60193,+,1970
lncRNA_8146,Porites_evermani_scaffold_2224,59425,60193,+,769
lncRNA_8147,Porites_evermani_scaffold_2224,81652,83249,+,1598
lncRNA_8156,Porites_evermani_scaffold_2226,883,2122,+,1240
lncRNA_8160,Porites_evermani_scaffold_2227,1411,4389,+,2979
lncRNA_8161,Porites_evermani_scaffold_2227,5099,7065,+,1967
lncRNA_8169,Porites_evermani_scaffold_2229,430,1950,+,1521
lncRNA_8175,Porites_evermani_scaffold_223,348043,348986,+,944
lncRNA_8178,Porites_evermani_scaffold_223,225972,227657,+,1686
lncRNA_8180,Porites_evermani_scaffold_2230,77026,78103,+,1078
lncRNA_8187,Porites_evermani_scaffold_2231,55103,62803,+,7701
lncRNA_8188,Porites_evermani_scaffold_2232,81849,82902,+,1054
lncRNA_8210,Porites_evermani_scaffold_2239,6937,7661,+,725
lncRNA_8212,Porites_evermani_scaffold_224,236505,239574,+,3070
lncRNA_8213,Porites_evermani_scaffold_224,237944,239574,+,1631
lncRNA_8216,Porites_evermani_scaffold_224,322829,325678,+,2850
lncRNA_8217,Porites_evermani_scaffold_224,338922,339769,+,848
lncRNA_8218,Porites_evermani_scaffold_224,339036,339769,+,734
lncRNA_8223,Porites_evermani_scaffold_224,286146,289129,+,2984
lncRNA_8230,Porites_evermani_scaffold_2242,15806,16306,+,501
lncRNA_8232,Porites_evermani_scaffold_2243,10566,23080,+,12515
lncRNA_8233,Porites_evermani_scaffold_2243,21056,23080,+,2025
lncRNA_8234,Porites_evermani_scaffold_2243,10826,11227,+,402
lncRNA_8235,Porites_evermani_scaffold_2243,25647,31559,+,5913
lncRNA_8236,Porites_evermani_scaffold_2243,63229,68185,+,4957
lncRNA_8239,Porites_evermani_scaffold_2245,77216,82561,+,5346
lncRNA_8240,Porites_evermani_scaffold_2245,77219,82561,+,5343
lncRNA_8241,Porites_evermani_scaffold_2245,77221,82561,+,5341
lncRNA_8243,Porites_evermani_scaffold_2246,59032,60931,+,1900
lncRNA_8244,Porites_evermani_scaffold_2246,28631,32618,+,3988
lncRNA_8246,Porites_evermani_scaffold_2246,58955,61541,+,2587
lncRNA_8252,Porites_evermani_scaffold_2249,906,4212,+,3307
lncRNA_8256,Porites_evermani_scaffold_225,83289,86394,+,3106
lncRNA_8257,Porites_evermani_scaffold_225,123814,128367,+,4554
lncRNA_8260,Porites_evermani_scaffold_2250,70006,73073,+,3068
lncRNA_8261,Porites_evermani_scaffold_2250,68738,72143,+,3406
lncRNA_8262,Porites_evermani_scaffold_2250,68942,72143,+,3202
lncRNA_8263,Porites_evermani_scaffold_2250,69631,72143,+,2513
lncRNA_8269,Porites_evermani_scaffold_2252,13700,14161,+,462
lncRNA_8270,Porites_evermani_scaffold_2253,65759,68884,+,3126
lncRNA_8271,Porites_evermani_scaffold_2253,67768,68695,+,928
lncRNA_8272,Porites_evermani_scaffold_2253,44211,52550,+,8340
lncRNA_8274,Porites_evermani_scaffold_2253,44262,52274,+,8013
lncRNA_8275,Porites_evermani_scaffold_2253,44272,52550,+,8279
lncRNA_8276,Porites_evermani_scaffold_2253,59886,62357,+,2472
lncRNA_8277,Porites_evermani_scaffold_2254,60042,61833,+,1792
lncRNA_8278,Porites_evermani_scaffold_2254,65282,71858,+,6577
lncRNA_8279,Porites_evermani_scaffold_2254,66577,69840,+,3264
lncRNA_8280,Porites_evermani_scaffold_2254,67053,69840,+,2788
lncRNA_8281,Porites_evermani_scaffold_2254,54264,55250,+,987
lncRNA_8282,Porites_evermani_scaffold_2254,66748,71858,+,5111
lncRNA_8284,Porites_evermani_scaffold_2255,1,2688,+,2688
lncRNA_8285,Porites_evermani_scaffold_2255,24986,26888,+,1903
lncRNA_8287,Porites_evermani_scaffold_2256,12280,16239,+,3960
lncRNA_8289,Porites_evermani_scaffold_2257,3199,12525,+,9327
lncRNA_8290,Porites_evermani_scaffold_2257,3200,12525,+,9326
lncRNA_8291,Porites_evermani_scaffold_2257,13948,14895,+,948
lncRNA_8292,Porites_evermani_scaffold_2257,45702,50123,+,4422
lncRNA_8294,Porites_evermani_scaffold_2258,59395,61019,+,1625
lncRNA_8296,Porites_evermani_scaffold_2259,89,1909,+,1821
lncRNA_8299,Porites_evermani_scaffold_226,2095,8538,+,6444
lncRNA_8300,Porites_evermani_scaffold_226,18204,21416,+,3213
lncRNA_8301,Porites_evermani_scaffold_226,30976,34030,+,3055
lncRNA_8302,Porites_evermani_scaffold_226,76458,77002,+,545
lncRNA_8303,Porites_evermani_scaffold_226,137588,139313,+,1726
lncRNA_8312,Porites_evermani_scaffold_226,98809,99929,+,1121
lncRNA_8313,Porites_evermani_scaffold_2260,11511,13075,+,1565
lncRNA_8315,Porites_evermani_scaffold_2261,59765,62674,+,2910
lncRNA_8319,Porites_evermani_scaffold_2262,24189,27666,+,3478
lncRNA_8320,Porites_evermani_scaffold_2262,29362,35115,+,5754
lncRNA_8333,Porites_evermani_scaffold_2265,52693,54054,+,1362
lncRNA_8338,Porites_evermani_scaffold_2267,7141,9376,+,2236
lncRNA_8340,Porites_evermani_scaffold_2267,7046,9652,+,2607
lncRNA_8341,Porites_evermani_scaffold_2267,7142,9652,+,2511
lncRNA_8342,Porites_evermani_scaffold_2268,37398,41132,+,3735
lncRNA_8343,Porites_evermani_scaffold_2268,37470,41132,+,3663
lncRNA_8344,Porites_evermani_scaffold_2268,37582,41132,+,3551
lncRNA_8349,Porites_evermani_scaffold_2269,1,3970,+,3970
lncRNA_8352,Porites_evermani_scaffold_2269,141,3970,+,3830
lncRNA_8355,Porites_evermani_scaffold_2269,66115,68538,+,2424
lncRNA_8356,Porites_evermani_scaffold_227,64834,65964,+,1131
lncRNA_8360,Porites_evermani_scaffold_227,158407,164094,+,5688
lncRNA_8365,Porites_evermani_scaffold_227,305487,307111,+,1625
lncRNA_8366,Porites_evermani_scaffold_2270,70942,73020,+,2079
lncRNA_8367,Porites_evermani_scaffold_2270,70957,73328,+,2372
lncRNA_8369,Porites_evermani_scaffold_2270,44750,52551,+,7802
lncRNA_8371,Porites_evermani_scaffold_2270,70942,72811,+,1870
lncRNA_8373,Porites_evermani_scaffold_2273,1,1817,+,1817
lncRNA_8377,Porites_evermani_scaffold_2275,80335,80953,+,619
lncRNA_8379,Porites_evermani_scaffold_2277,50788,57205,+,6418
lncRNA_8380,Porites_evermani_scaffold_2277,50788,57362,+,6575
lncRNA_8381,Porites_evermani_scaffold_2277,50789,57737,+,6949
lncRNA_8382,Porites_evermani_scaffold_2277,50801,57666,+,6866
lncRNA_8383,Porites_evermani_scaffold_2277,50856,57362,+,6507
lncRNA_8384,Porites_evermani_scaffold_2277,50856,57666,+,6811
lncRNA_8386,Porites_evermani_scaffold_2277,9856,14213,+,4358
lncRNA_8388,Porites_evermani_scaffold_2278,46771,50215,+,3445
lncRNA_8393,Porites_evermani_scaffold_228,167839,181232,+,13394
lncRNA_8394,Porites_evermani_scaffold_228,188746,191367,+,2622
lncRNA_8396,Porites_evermani_scaffold_228,304997,311875,+,6879
lncRNA_8397,Porites_evermani_scaffold_228,305086,311875,+,6790
lncRNA_8398,Porites_evermani_scaffold_228,319563,323520,+,3958
lncRNA_8399,Porites_evermani_scaffold_228,320224,323714,+,3491
lncRNA_8400,Porites_evermani_scaffold_228,321254,325206,+,3953
lncRNA_8401,Porites_evermani_scaffold_228,321397,325206,+,3810
lncRNA_8402,Porites_evermani_scaffold_228,189797,190438,+,642
lncRNA_8403,Porites_evermani_scaffold_228,296135,312084,+,15950
lncRNA_8404,Porites_evermani_scaffold_228,296769,310151,+,13383
lncRNA_8405,Porites_evermani_scaffold_228,304557,312084,+,7528
lncRNA_8406,Porites_evermani_scaffold_228,304642,312084,+,7443
lncRNA_8407,Porites_evermani_scaffold_228,319977,326027,+,6051
lncRNA_8410,Porites_evermani_scaffold_228,19374,19782,+,409
lncRNA_8413,Porites_evermani_scaffold_228,66231,66551,+,321
lncRNA_8420,Porites_evermani_scaffold_2281,71535,80180,+,8646
lncRNA_8426,Porites_evermani_scaffold_2282,67587,80651,+,13065
lncRNA_8427,Porites_evermani_scaffold_2282,68267,80651,+,12385
lncRNA_8428,Porites_evermani_scaffold_2282,53018,54821,+,1804
lncRNA_8429,Porites_evermani_scaffold_2283,4580,6921,+,2342
lncRNA_8430,Porites_evermani_scaffold_2283,66927,69730,+,2804
lncRNA_8431,Porites_evermani_scaffold_2283,32191,44765,+,12575
lncRNA_8435,Porites_evermani_scaffold_2283,73767,76949,+,3183
lncRNA_8437,Porites_evermani_scaffold_2283,79134,80583,+,1450
lncRNA_8438,Porites_evermani_scaffold_2284,56503,62573,+,6071
lncRNA_8439,Porites_evermani_scaffold_2284,57550,62573,+,5024
lncRNA_8461,Porites_evermani_scaffold_2288,33122,34195,+,1074
lncRNA_8465,Porites_evermani_scaffold_229,48582,50660,+,2079
lncRNA_8466,Porites_evermani_scaffold_229,71006,72935,+,1930
lncRNA_8468,Porites_evermani_scaffold_229,65637,69563,+,3927
lncRNA_8469,Porites_evermani_scaffold_229,289034,293153,+,4120
lncRNA_8471,Porites_evermani_scaffold_229,75942,79654,+,3713
lncRNA_8479,Porites_evermani_scaffold_2293,9066,9656,+,591
lncRNA_8480,Porites_evermani_scaffold_2293,38735,47989,+,9255
lncRNA_8481,Porites_evermani_scaffold_2293,43434,47989,+,4556
lncRNA_8483,Porites_evermani_scaffold_2293,32591,35390,+,2800
lncRNA_8484,Porites_evermani_scaffold_2293,40331,45328,+,4998
lncRNA_8485,Porites_evermani_scaffold_2293,42638,48004,+,5367
lncRNA_8486,Porites_evermani_scaffold_2293,42647,48004,+,5358
lncRNA_8487,Porites_evermani_scaffold_2293,53006,61845,+,8840
lncRNA_8489,Porites_evermani_scaffold_2293,57954,61845,+,3892
lncRNA_8490,Porites_evermani_scaffold_2293,57954,67304,+,9351
lncRNA_8492,Porites_evermani_scaffold_2294,88,1025,+,938
lncRNA_8499,Porites_evermani_scaffold_2297,16485,17591,+,1107
lncRNA_8500,Porites_evermani_scaffold_2297,40963,49250,+,8288
lncRNA_8501,Porites_evermani_scaffold_2297,42004,49757,+,7754
lncRNA_8507,Porites_evermani_scaffold_2298,1,550,+,550
lncRNA_8509,Porites_evermani_scaffold_2299,74727,75768,+,1042
lncRNA_8510,Porites_evermani_scaffold_2299,1,1131,+,1131
lncRNA_8512,Porites_evermani_scaffold_23,111857,119035,+,7179
lncRNA_8513,Porites_evermani_scaffold_23,114530,128757,+,14228
lncRNA_8514,Porites_evermani_scaffold_23,119036,130366,+,11331
lncRNA_8517,Porites_evermani_scaffold_23,174273,175859,+,1587
lncRNA_8519,Porites_evermani_scaffold_23,484591,487190,+,2600
lncRNA_8520,Porites_evermani_scaffold_23,484719,486761,+,2043
lncRNA_8521,Porites_evermani_scaffold_23,581811,582640,+,830
lncRNA_8522,Porites_evermani_scaffold_23,808516,810972,+,2457
lncRNA_8523,Porites_evermani_scaffold_23,828157,831923,+,3767
lncRNA_8524,Porites_evermani_scaffold_23,99359,130970,+,31612
lncRNA_8528,Porites_evermani_scaffold_23,700035,705503,+,5469
lncRNA_8532,Porites_evermani_scaffold_23,775710,786008,+,10299
lncRNA_8533,Porites_evermani_scaffold_23,836878,837608,+,731
lncRNA_8542,Porites_evermani_scaffold_230,80490,82484,+,1995
lncRNA_8544,Porites_evermani_scaffold_230,209826,211082,+,1257
lncRNA_8547,Porites_evermani_scaffold_230,305745,334650,+,28906
lncRNA_8548,Porites_evermani_scaffold_230,132978,133738,+,761
lncRNA_8549,Porites_evermani_scaffold_230,195956,199898,+,3943
lncRNA_8550,Porites_evermani_scaffold_230,196688,198167,+,1480
lncRNA_8551,Porites_evermani_scaffold_230,279172,309738,+,30567
lncRNA_8554,Porites_evermani_scaffold_230,263913,266171,+,2259
lncRNA_8565,Porites_evermani_scaffold_2300,45190,46675,+,1486
lncRNA_8577,Porites_evermani_scaffold_2308,35053,36578,+,1526
lncRNA_8578,Porites_evermani_scaffold_231,72425,72683,+,259
lncRNA_8581,Porites_evermani_scaffold_231,31849,34500,+,2652
lncRNA_8582,Porites_evermani_scaffold_231,31870,34500,+,2631
lncRNA_8583,Porites_evermani_scaffold_231,53145,61489,+,8345
lncRNA_8586,Porites_evermani_scaffold_231,53150,61489,+,8340
lncRNA_8587,Porites_evermani_scaffold_231,53165,61489,+,8325
lncRNA_8590,Porites_evermani_scaffold_231,309068,309806,+,739
lncRNA_8591,Porites_evermani_scaffold_2310,61528,62461,+,934
lncRNA_8592,Porites_evermani_scaffold_2310,61536,62461,+,926
lncRNA_8593,Porites_evermani_scaffold_2310,61768,62821,+,1054
lncRNA_8601,Porites_evermani_scaffold_2314,70248,79106,+,8859
lncRNA_8607,Porites_evermani_scaffold_2315,23237,25494,+,2258
lncRNA_8610,Porites_evermani_scaffold_2315,1,5713,+,5713
lncRNA_8611,Porites_evermani_scaffold_2315,19256,21332,+,2077
lncRNA_8614,Porites_evermani_scaffold_2318,75363,76365,+,1003
lncRNA_8615,Porites_evermani_scaffold_2318,75738,76706,+,969
lncRNA_8622,Porites_evermani_scaffold_232,175225,176137,+,913
lncRNA_8624,Porites_evermani_scaffold_232,320431,324268,+,3838
lncRNA_8625,Porites_evermani_scaffold_232,348413,350636,+,2224
lncRNA_8634,Porites_evermani_scaffold_2323,16722,21540,+,4819
lncRNA_8635,Porites_evermani_scaffold_2323,30147,38799,+,8653
lncRNA_8636,Porites_evermani_scaffold_2323,59774,61738,+,1965
lncRNA_8637,Porites_evermani_scaffold_2323,51851,56188,+,4338
lncRNA_8642,Porites_evermani_scaffold_2324,9266,12512,+,3247
lncRNA_8643,Porites_evermani_scaffold_2324,9505,12512,+,3008
lncRNA_8648,Porites_evermani_scaffold_2326,1553,2300,+,748
lncRNA_8650,Porites_evermani_scaffold_2327,75897,76932,+,1036
lncRNA_8651,Porites_evermani_scaffold_2328,43196,43683,+,488
lncRNA_8655,Porites_evermani_scaffold_233,119989,121285,+,1297
lncRNA_8656,Porites_evermani_scaffold_233,236469,239811,+,3343
lncRNA_8657,Porites_evermani_scaffold_233,333043,340040,+,6998
lncRNA_8658,Porites_evermani_scaffold_233,352373,353068,+,696
lncRNA_8659,Porites_evermani_scaffold_233,157577,162745,+,5169
lncRNA_8676,Porites_evermani_scaffold_2337,13945,24895,+,10951
lncRNA_8677,Porites_evermani_scaffold_2338,21925,23782,+,1858
lncRNA_8681,Porites_evermani_scaffold_2339,68855,74410,+,5556
lncRNA_8682,Porites_evermani_scaffold_2339,72303,77580,+,5278
lncRNA_8685,Porites_evermani_scaffold_2339,1265,2712,+,1448
lncRNA_8688,Porites_evermani_scaffold_234,198981,199859,+,879
lncRNA_8698,Porites_evermani_scaffold_2341,54858,65745,+,10888
lncRNA_8699,Porites_evermani_scaffold_2341,57005,63274,+,6270
lncRNA_8701,Porites_evermani_scaffold_2342,41286,50069,+,8784
lncRNA_8702,Porites_evermani_scaffold_2342,41290,50069,+,8780
lncRNA_8709,Porites_evermani_scaffold_2343,204,4245,+,4042
lncRNA_8713,Porites_evermani_scaffold_2344,39552,58309,+,18758
lncRNA_8720,Porites_evermani_scaffold_2345,14744,17388,+,2645
lncRNA_8725,Porites_evermani_scaffold_2348,14573,38351,+,23779
lncRNA_8726,Porites_evermani_scaffold_2348,29221,46402,+,17182
lncRNA_8728,Porites_evermani_scaffold_2348,14165,40429,+,26265
lncRNA_8729,Porites_evermani_scaffold_2348,15223,28008,+,12786
lncRNA_8735,Porites_evermani_scaffold_235,129471,166838,+,37368
lncRNA_8736,Porites_evermani_scaffold_235,129472,166768,+,37297
lncRNA_8737,Porites_evermani_scaffold_235,129477,166838,+,37362
lncRNA_8765,Porites_evermani_scaffold_2353,381,4329,+,3949
lncRNA_8766,Porites_evermani_scaffold_2354,62019,67945,+,5927
lncRNA_8767,Porites_evermani_scaffold_2354,62090,67945,+,5856
lncRNA_8772,Porites_evermani_scaffold_2356,59847,62856,+,3010
lncRNA_8773,Porites_evermani_scaffold_2356,25408,26947,+,1540
lncRNA_8776,Porites_evermani_scaffold_2356,14435,18310,+,3876
lncRNA_8778,Porites_evermani_scaffold_2357,15078,17113,+,2036
lncRNA_8780,Porites_evermani_scaffold_2358,8,6064,+,6057
lncRNA_8782,Porites_evermani_scaffold_2359,1016,3634,+,2619
lncRNA_8787,Porites_evermani_scaffold_236,34836,36578,+,1743
lncRNA_8805,Porites_evermani_scaffold_2361,3606,9481,+,5876
lncRNA_8806,Porites_evermani_scaffold_2361,15487,18547,+,3061
lncRNA_8814,Porites_evermani_scaffold_2365,55580,56027,+,448
lncRNA_8827,Porites_evermani_scaffold_237,44560,68861,+,24302
lncRNA_8828,Porites_evermani_scaffold_237,44641,68861,+,24221
lncRNA_8829,Porites_evermani_scaffold_237,89946,91979,+,2034
lncRNA_8834,Porites_evermani_scaffold_2372,71255,77961,+,6707
lncRNA_8835,Porites_evermani_scaffold_2372,71297,77961,+,6665
lncRNA_8844,Porites_evermani_scaffold_2374,38342,39174,+,833
lncRNA_8845,Porites_evermani_scaffold_2374,76923,77927,+,1005
lncRNA_8847,Porites_evermani_scaffold_2374,61765,70693,+,8929
lncRNA_8874,Porites_evermani_scaffold_2384,58151,59254,+,1104
lncRNA_8876,Porites_evermani_scaffold_2384,71356,75564,+,4209
lncRNA_8877,Porites_evermani_scaffold_2384,39683,40735,+,1053
lncRNA_8883,Porites_evermani_scaffold_2385,75662,77347,+,1686
lncRNA_8886,Porites_evermani_scaffold_2386,42467,43468,+,1002
lncRNA_8890,Porites_evermani_scaffold_2387,14761,15555,+,795
lncRNA_8893,Porites_evermani_scaffold_2387,18663,20773,+,2111
lncRNA_8898,Porites_evermani_scaffold_2389,29812,31453,+,1642
lncRNA_8900,Porites_evermani_scaffold_2389,66168,69161,+,2994
lncRNA_8901,Porites_evermani_scaffold_2389,71226,75982,+,4757
lncRNA_8902,Porites_evermani_scaffold_2389,74929,75982,+,1054
lncRNA_8910,Porites_evermani_scaffold_239,250706,258372,+,7667
lncRNA_8912,Porites_evermani_scaffold_239,273441,273848,+,408
lncRNA_8913,Porites_evermani_scaffold_239,290247,290564,+,318
lncRNA_8927,Porites_evermani_scaffold_2391,5979,13249,+,7271
lncRNA_8929,Porites_evermani_scaffold_2391,31,3071,+,3041
lncRNA_8944,Porites_evermani_scaffold_2397,65794,70939,+,5146
lncRNA_8950,Porites_evermani_scaffold_2399,36470,43560,+,7091
lncRNA_8951,Porites_evermani_scaffold_2399,68771,69684,+,914
lncRNA_8952,Porites_evermani_scaffold_2399,42789,50625,+,7837
lncRNA_8953,Porites_evermani_scaffold_24,164749,165092,+,344
lncRNA_8955,Porites_evermani_scaffold_24,583301,586818,+,3518
lncRNA_8956,Porites_evermani_scaffold_24,583455,586264,+,2810
lncRNA_8957,Porites_evermani_scaffold_24,687976,689250,+,1275
lncRNA_8958,Porites_evermani_scaffold_24,688674,689464,+,791
lncRNA_8959,Porites_evermani_scaffold_24,856467,894585,+,38119
lncRNA_8962,Porites_evermani_scaffold_24,923831,924539,+,709
lncRNA_8963,Porites_evermani_scaffold_24,145231,146403,+,1173
lncRNA_8964,Porites_evermani_scaffold_24,371986,374728,+,2743
lncRNA_8965,Porites_evermani_scaffold_24,372123,374728,+,2606
lncRNA_8967,Porites_evermani_scaffold_24,689203,695302,+,6100
lncRNA_8968,Porites_evermani_scaffold_24,689864,694768,+,4905
lncRNA_8969,Porites_evermani_scaffold_24,690086,694109,+,4024
lncRNA_8971,Porites_evermani_scaffold_24,746918,749593,+,2676
lncRNA_8972,Porites_evermani_scaffold_24,748501,749593,+,1093
lncRNA_8974,Porites_evermani_scaffold_24,856654,874183,+,17530
lncRNA_8983,Porites_evermani_scaffold_24,926654,926950,+,297
lncRNA_8984,Porites_evermani_scaffold_240,61927,63060,+,1134
lncRNA_8990,Porites_evermani_scaffold_240,250076,254074,+,3999
lncRNA_8995,Porites_evermani_scaffold_2402,57917,66477,+,8561
lncRNA_8996,Porites_evermani_scaffold_2403,47877,49273,+,1397
lncRNA_8998,Porites_evermani_scaffold_2403,18,1951,+,1934
lncRNA_9000,Porites_evermani_scaffold_2404,8,2560,+,2553
lncRNA_9005,Porites_evermani_scaffold_2406,39142,56353,+,17212
lncRNA_9011,Porites_evermani_scaffold_2408,4127,5009,+,883
lncRNA_9012,Porites_evermani_scaffold_2408,17337,20494,+,3158
lncRNA_9014,Porites_evermani_scaffold_2408,70027,73646,+,3620
lncRNA_9022,Porites_evermani_scaffold_241,76535,77800,+,1266
lncRNA_9023,Porites_evermani_scaffold_241,76789,77800,+,1012
lncRNA_9024,Porites_evermani_scaffold_241,78524,83355,+,4832
lncRNA_9025,Porites_evermani_scaffold_241,222501,224775,+,2275
lncRNA_9026,Porites_evermani_scaffold_241,222534,224775,+,2242
lncRNA_9027,Porites_evermani_scaffold_241,222622,224775,+,2154
lncRNA_9028,Porites_evermani_scaffold_241,275255,283777,+,8523
lncRNA_9029,Porites_evermani_scaffold_241,198,546,+,349
lncRNA_9030,Porites_evermani_scaffold_241,31856,36410,+,4555
lncRNA_9032,Porites_evermani_scaffold_241,318104,320297,+,2194
lncRNA_9036,Porites_evermani_scaffold_241,321433,324057,+,2625
lncRNA_9037,Porites_evermani_scaffold_241,321502,324057,+,2556
lncRNA_9041,Porites_evermani_scaffold_2410,1,1047,+,1047
lncRNA_9046,Porites_evermani_scaffold_2411,45897,50530,+,4634
lncRNA_9047,Porites_evermani_scaffold_2411,46611,50530,+,3920
lncRNA_9048,Porites_evermani_scaffold_2411,46933,50473,+,3541
lncRNA_9049,Porites_evermani_scaffold_2411,29683,32290,+,2608
lncRNA_9050,Porites_evermani_scaffold_2411,74685,76191,+,1507
lncRNA_9051,Porites_evermani_scaffold_2411,74690,76191,+,1502
lncRNA_9052,Porites_evermani_scaffold_2414,20995,22333,+,1339
lncRNA_9062,Porites_evermani_scaffold_2418,16166,18877,+,2712
lncRNA_9063,Porites_evermani_scaffold_2418,16181,18877,+,2697
lncRNA_9064,Porites_evermani_scaffold_2418,19201,27684,+,8484
lncRNA_9065,Porites_evermani_scaffold_2418,23231,27684,+,4454
lncRNA_9067,Porites_evermani_scaffold_2419,725,2023,+,1299
lncRNA_9069,Porites_evermani_scaffold_2419,5113,6423,+,1311
lncRNA_9071,Porites_evermani_scaffold_242,79939,83288,+,3350
lncRNA_9075,Porites_evermani_scaffold_242,169720,170324,+,605
lncRNA_9083,Porites_evermani_scaffold_242,327681,330009,+,2329
lncRNA_9089,Porites_evermani_scaffold_2423,9355,11319,+,1965
lncRNA_9093,Porites_evermani_scaffold_2424,1,10984,+,10984
lncRNA_9094,Porites_evermani_scaffold_2424,142,10984,+,10843
lncRNA_9095,Porites_evermani_scaffold_2424,1,4190,+,4190
lncRNA_9096,Porites_evermani_scaffold_2424,15,12157,+,12143
lncRNA_9097,Porites_evermani_scaffold_2424,69833,75730,+,5898
lncRNA_9098,Porites_evermani_scaffold_2424,69910,75730,+,5821
lncRNA_9108,Porites_evermani_scaffold_2429,2978,4696,+,1719
lncRNA_9109,Porites_evermani_scaffold_2429,69944,74779,+,4836
lncRNA_9110,Porites_evermani_scaffold_243,187848,188181,+,334
lncRNA_9111,Porites_evermani_scaffold_243,242102,243851,+,1750
lncRNA_9112,Porites_evermani_scaffold_243,283916,285058,+,1143
lncRNA_9113,Porites_evermani_scaffold_243,122478,123020,+,543
lncRNA_9118,Porites_evermani_scaffold_2431,44662,46293,+,1632
lncRNA_9119,Porites_evermani_scaffold_2431,29467,36301,+,6835
lncRNA_9121,Porites_evermani_scaffold_2432,9070,10382,+,1313
lncRNA_9124,Porites_evermani_scaffold_2432,21235,21449,+,215
lncRNA_9126,Porites_evermani_scaffold_2433,51000,51904,+,905
lncRNA_9127,Porites_evermani_scaffold_2433,51059,51904,+,846
lncRNA_9128,Porites_evermani_scaffold_2433,5218,8401,+,3184
lncRNA_9129,Porites_evermani_scaffold_2434,39732,42356,+,2625
lncRNA_9136,Porites_evermani_scaffold_2438,4821,5226,+,406
lncRNA_9137,Porites_evermani_scaffold_2438,23035,35246,+,12212
lncRNA_9138,Porites_evermani_scaffold_2438,23252,39490,+,16239
lncRNA_9148,Porites_evermani_scaffold_244,211415,212472,+,1058
lncRNA_9149,Porites_evermani_scaffold_244,214641,217673,+,3033
lncRNA_9150,Porites_evermani_scaffold_244,214650,217673,+,3024
lncRNA_9151,Porites_evermani_scaffold_244,214660,217673,+,3014
lncRNA_9152,Porites_evermani_scaffold_244,215480,217673,+,2194
lncRNA_9155,Porites_evermani_scaffold_244,241811,243227,+,1417
lncRNA_9159,Porites_evermani_scaffold_2440,23723,32348,+,8626
lncRNA_9160,Porites_evermani_scaffold_2440,23727,32348,+,8622
lncRNA_9161,Porites_evermani_scaffold_2440,23900,32348,+,8449
lncRNA_9162,Porites_evermani_scaffold_2440,23940,32348,+,8409
lncRNA_9163,Porites_evermani_scaffold_2440,23941,32348,+,8408
lncRNA_9164,Porites_evermani_scaffold_2440,25337,32348,+,7012
lncRNA_9165,Porites_evermani_scaffold_2440,23344,30150,+,6807
lncRNA_9168,Porites_evermani_scaffold_2444,33242,34512,+,1271
lncRNA_9169,Porites_evermani_scaffold_2444,1,486,+,486
lncRNA_9175,Porites_evermani_scaffold_2448,14136,15412,+,1277
lncRNA_9176,Porites_evermani_scaffold_2448,14240,15412,+,1173
lncRNA_9177,Porites_evermani_scaffold_2448,12052,12350,+,299
lncRNA_9178,Porites_evermani_scaffold_2449,4420,10407,+,5988
lncRNA_9179,Porites_evermani_scaffold_2449,4440,9865,+,5426
lncRNA_9181,Porites_evermani_scaffold_2449,4419,10404,+,5986
lncRNA_9182,Porites_evermani_scaffold_2449,20436,23705,+,3270
lncRNA_9183,Porites_evermani_scaffold_2449,2,1915,+,1914
lncRNA_9185,Porites_evermani_scaffold_245,58033,69940,+,11908
lncRNA_9187,Porites_evermani_scaffold_245,146378,148537,+,2160
lncRNA_9190,Porites_evermani_scaffold_245,188549,190670,+,2122
lncRNA_9191,Porites_evermani_scaffold_245,318989,320515,+,1527
lncRNA_9199,Porites_evermani_scaffold_2450,381,714,+,334
lncRNA_9212,Porites_evermani_scaffold_2453,73743,74829,+,1087
lncRNA_9217,Porites_evermani_scaffold_2457,58172,60471,+,2300
lncRNA_9218,Porites_evermani_scaffold_2457,64058,64284,+,227
lncRNA_9220,Porites_evermani_scaffold_2459,139,2675,+,2537
lncRNA_9222,Porites_evermani_scaffold_246,249303,254014,+,4712
lncRNA_9229,Porites_evermani_scaffold_2461,19436,20902,+,1467
lncRNA_9232,Porites_evermani_scaffold_2461,56998,62746,+,5749
lncRNA_9233,Porites_evermani_scaffold_2461,57025,62746,+,5722
lncRNA_9235,Porites_evermani_scaffold_2461,56982,62763,+,5782
lncRNA_9236,Porites_evermani_scaffold_2461,57013,62763,+,5751
lncRNA_9241,Porites_evermani_scaffold_2462,70026,72114,+,2089
lncRNA_9242,Porites_evermani_scaffold_2462,28956,29485,+,530
lncRNA_9250,Porites_evermani_scaffold_2464,1,1633,+,1633
lncRNA_9252,Porites_evermani_scaffold_2466,45823,58403,+,12581
lncRNA_9253,Porites_evermani_scaffold_2466,47361,56268,+,8908
lncRNA_9254,Porites_evermani_scaffold_2466,50016,56268,+,6253
lncRNA_9258,Porites_evermani_scaffold_2467,1,1760,+,1760
lncRNA_9261,Porites_evermani_scaffold_2469,69546,72906,+,3361
lncRNA_9265,Porites_evermani_scaffold_247,80698,103983,+,23286
lncRNA_9275,Porites_evermani_scaffold_2471,61874,64817,+,2944
lncRNA_9276,Porites_evermani_scaffold_2471,62525,64817,+,2293
lncRNA_9279,Porites_evermani_scaffold_2472,62232,65953,+,3722
lncRNA_9281,Porites_evermani_scaffold_2473,15235,16078,+,844
lncRNA_9282,Porites_evermani_scaffold_2473,5164,13524,+,8361
lncRNA_9283,Porites_evermani_scaffold_2473,1,1219,+,1219
lncRNA_9297,Porites_evermani_scaffold_2479,10394,10806,+,413
lncRNA_9299,Porites_evermani_scaffold_2479,6743,12658,+,5916
lncRNA_9300,Porites_evermani_scaffold_2479,59351,62423,+,3073
lncRNA_9302,Porites_evermani_scaffold_248,1,2237,+,2237
lncRNA_9304,Porites_evermani_scaffold_248,191231,191859,+,629
lncRNA_9308,Porites_evermani_scaffold_248,201384,208964,+,7581
lncRNA_9310,Porites_evermani_scaffold_248,329317,331238,+,1922
lncRNA_9311,Porites_evermani_scaffold_248,330189,331761,+,1573
lncRNA_9312,Porites_evermani_scaffold_248,335909,336961,+,1053
lncRNA_9313,Porites_evermani_scaffold_248,335920,336961,+,1042
lncRNA_9319,Porites_evermani_scaffold_2481,34333,37144,+,2812
lncRNA_9320,Porites_evermani_scaffold_2481,3935,68930,+,64996
lncRNA_9321,Porites_evermani_scaffold_2481,3990,68930,+,64941
lncRNA_9326,Porites_evermani_scaffold_2483,33318,34954,+,1637
lncRNA_9328,Porites_evermani_scaffold_2483,2535,5926,+,3392
lncRNA_9334,Porites_evermani_scaffold_2486,70103,72692,+,2590
lncRNA_9336,Porites_evermani_scaffold_2486,4,6088,+,6085
lncRNA_9340,Porites_evermani_scaffold_2487,30418,32273,+,1856
lncRNA_9341,Porites_evermani_scaffold_2487,30424,32273,+,1850
lncRNA_9342,Porites_evermani_scaffold_2487,30429,32273,+,1845
lncRNA_9343,Porites_evermani_scaffold_2488,62878,64230,+,1353
lncRNA_9345,Porites_evermani_scaffold_2488,4927,6442,+,1516
lncRNA_9350,Porites_evermani_scaffold_249,313605,319280,+,5676
lncRNA_9366,Porites_evermani_scaffold_2491,51058,53902,+,2845
lncRNA_9367,Porites_evermani_scaffold_2492,45935,46734,+,800
lncRNA_9368,Porites_evermani_scaffold_2492,69949,71791,+,1843
lncRNA_9371,Porites_evermani_scaffold_2494,2379,2619,+,241
lncRNA_9376,Porites_evermani_scaffold_2497,52357,56369,+,4013
lncRNA_9380,Porites_evermani_scaffold_2498,57536,68650,+,11115
lncRNA_9381,Porites_evermani_scaffold_2498,57673,68650,+,10978
lncRNA_9382,Porites_evermani_scaffold_2498,57686,68650,+,10965
lncRNA_9383,Porites_evermani_scaffold_2498,58880,66431,+,7552
lncRNA_9384,Porites_evermani_scaffold_2498,58971,66431,+,7461
lncRNA_9385,Porites_evermani_scaffold_2498,58975,66431,+,7457
lncRNA_9386,Porites_evermani_scaffold_2498,58980,67253,+,8274
lncRNA_9387,Porites_evermani_scaffold_2498,59133,67253,+,8121
lncRNA_9392,Porites_evermani_scaffold_25,42615,46915,+,4301
lncRNA_9394,Porites_evermani_scaffold_25,120220,123767,+,3548
lncRNA_9395,Porites_evermani_scaffold_25,129640,134086,+,4447
lncRNA_9396,Porites_evermani_scaffold_25,313545,315368,+,1824
lncRNA_9400,Porites_evermani_scaffold_25,692604,693920,+,1317
lncRNA_9401,Porites_evermani_scaffold_25,738655,740412,+,1758
lncRNA_9402,Porites_evermani_scaffold_25,738783,739542,+,760
lncRNA_9403,Porites_evermani_scaffold_25,864435,865552,+,1118
lncRNA_9406,Porites_evermani_scaffold_25,689667,692221,+,2555
lncRNA_9414,Porites_evermani_scaffold_25,425237,426713,+,1477
lncRNA_9421,Porites_evermani_scaffold_250,216793,218574,+,1782
lncRNA_9422,Porites_evermani_scaffold_250,251626,255998,+,4373
lncRNA_9423,Porites_evermani_scaffold_250,264228,278267,+,14040
lncRNA_9424,Porites_evermani_scaffold_250,264235,270882,+,6648
lncRNA_9428,Porites_evermani_scaffold_250,82187,84699,+,2513
lncRNA_9429,Porites_evermani_scaffold_250,233199,242730,+,9532
lncRNA_9435,Porites_evermani_scaffold_2500,49194,56220,+,7027
lncRNA_9449,Porites_evermani_scaffold_2505,26406,29300,+,2895
lncRNA_9455,Porites_evermani_scaffold_2507,30145,32408,+,2264
lncRNA_9457,Porites_evermani_scaffold_2508,8508,10513,+,2006
lncRNA_9460,Porites_evermani_scaffold_251,118294,119977,+,1684
lncRNA_9461,Porites_evermani_scaffold_251,118539,119977,+,1439
lncRNA_9462,Porites_evermani_scaffold_251,131339,135671,+,4333
lncRNA_9467,Porites_evermani_scaffold_251,289680,291648,+,1969
lncRNA_9471,Porites_evermani_scaffold_2512,7534,10605,+,3072
lncRNA_9472,Porites_evermani_scaffold_2512,37402,41360,+,3959
lncRNA_9475,Porites_evermani_scaffold_2513,59924,60305,+,382
lncRNA_9476,Porites_evermani_scaffold_2514,171,14196,+,14026
lncRNA_9478,Porites_evermani_scaffold_2516,15329,16431,+,1103
lncRNA_9479,Porites_evermani_scaffold_2516,540,3474,+,2935
lncRNA_9480,Porites_evermani_scaffold_2516,31925,34648,+,2724
lncRNA_9481,Porites_evermani_scaffold_2516,31925,35728,+,3804
lncRNA_9483,Porites_evermani_scaffold_2517,56532,57495,+,964
lncRNA_9488,Porites_evermani_scaffold_2518,36963,44262,+,7300
lncRNA_9489,Porites_evermani_scaffold_2518,36963,45905,+,8943
lncRNA_9490,Porites_evermani_scaffold_2518,37271,44262,+,6992
lncRNA_9491,Porites_evermani_scaffold_2518,2685,21108,+,18424
lncRNA_9492,Porites_evermani_scaffold_2518,9835,12966,+,3132
lncRNA_9500,Porites_evermani_scaffold_252,219730,220895,+,1166
lncRNA_9503,Porites_evermani_scaffold_252,95501,98945,+,3445
lncRNA_9506,Porites_evermani_scaffold_252,246888,247322,+,435
lncRNA_9509,Porites_evermani_scaffold_252,315363,316314,+,952
lncRNA_9511,Porites_evermani_scaffold_2520,1970,3848,+,1879
lncRNA_9513,Porites_evermani_scaffold_2521,15413,17656,+,2244
lncRNA_9515,Porites_evermani_scaffold_2522,6498,6824,+,327
lncRNA_9516,Porites_evermani_scaffold_2522,10123,13592,+,3470
lncRNA_9533,Porites_evermani_scaffold_2528,53324,53916,+,593
lncRNA_9537,Porites_evermani_scaffold_2529,13,3758,+,3746
lncRNA_9538,Porites_evermani_scaffold_2529,25192,25942,+,751
lncRNA_9540,Porites_evermani_scaffold_2529,46707,48145,+,1439
lncRNA_9541,Porites_evermani_scaffold_253,107475,109052,+,1578
lncRNA_9543,Porites_evermani_scaffold_253,329365,329935,+,571
lncRNA_9562,Porites_evermani_scaffold_2533,39167,71993,+,32827
lncRNA_9571,Porites_evermani_scaffold_2537,33729,34981,+,1253
lncRNA_9572,Porites_evermani_scaffold_2537,37833,41617,+,3785
lncRNA_9573,Porites_evermani_scaffold_2537,22183,29966,+,7784
lncRNA_9574,Porites_evermani_scaffold_2538,67916,71493,+,3578
lncRNA_9579,Porites_evermani_scaffold_254,211517,223058,+,11542
lncRNA_9585,Porites_evermani_scaffold_254,102447,103836,+,1390
lncRNA_9588,Porites_evermani_scaffold_2540,11698,14660,+,2963
lncRNA_9591,Porites_evermani_scaffold_2541,32125,33002,+,878
lncRNA_9593,Porites_evermani_scaffold_2543,36149,43829,+,7681
lncRNA_9594,Porites_evermani_scaffold_2543,633,35211,+,34579
lncRNA_9595,Porites_evermani_scaffold_2543,642,8194,+,7553
lncRNA_9615,Porites_evermani_scaffold_2548,51878,55563,+,3686
lncRNA_9616,Porites_evermani_scaffold_2548,61850,65688,+,3839
lncRNA_9617,Porites_evermani_scaffold_2548,63578,65688,+,2111
lncRNA_9620,Porites_evermani_scaffold_2549,56676,62556,+,5881
lncRNA_9623,Porites_evermani_scaffold_255,1257,9651,+,8395
lncRNA_9624,Porites_evermani_scaffold_255,228380,228645,+,266
lncRNA_9627,Porites_evermani_scaffold_2550,25220,26424,+,1205
lncRNA_9628,Porites_evermani_scaffold_2550,25265,26424,+,1160
lncRNA_9629,Porites_evermani_scaffold_2550,43943,47336,+,3394
lncRNA_9630,Porites_evermani_scaffold_2550,25221,59567,+,34347
lncRNA_9631,Porites_evermani_scaffold_2550,25283,59567,+,34285
lncRNA_9632,Porites_evermani_scaffold_2550,25446,59567,+,34122
lncRNA_9633,Porites_evermani_scaffold_2550,60692,63023,+,2332
lncRNA_9634,Porites_evermani_scaffold_2550,64937,70982,+,6046
lncRNA_9635,Porites_evermani_scaffold_2550,67733,70982,+,3250
lncRNA_9646,Porites_evermani_scaffold_2557,29175,54492,+,25318
lncRNA_9647,Porites_evermani_scaffold_2557,29197,54492,+,25296
lncRNA_9648,Porites_evermani_scaffold_2557,29877,54492,+,24616
lncRNA_9649,Porites_evermani_scaffold_2557,29928,54492,+,24565
lncRNA_9650,Porites_evermani_scaffold_2557,29996,54492,+,24497
lncRNA_9651,Porites_evermani_scaffold_2557,30063,54492,+,24430
lncRNA_9652,Porites_evermani_scaffold_2557,30556,54492,+,23937
lncRNA_9653,Porites_evermani_scaffold_2557,30905,54492,+,23588
lncRNA_9660,Porites_evermani_scaffold_2559,65733,69914,+,4182
lncRNA_9663,Porites_evermani_scaffold_256,215614,217398,+,1785
lncRNA_9670,Porites_evermani_scaffold_2561,58467,66311,+,7845
lncRNA_9671,Porites_evermani_scaffold_2561,59552,66311,+,6760
lncRNA_9673,Porites_evermani_scaffold_2561,59553,66311,+,6759
lncRNA_9674,Porites_evermani_scaffold_2561,59562,66311,+,6750
lncRNA_9676,Porites_evermani_scaffold_2561,59623,62823,+,3201
lncRNA_9678,Porites_evermani_scaffold_2561,60514,66311,+,5798
lncRNA_9689,Porites_evermani_scaffold_2564,43138,47221,+,4084
lncRNA_9690,Porites_evermani_scaffold_2564,32577,35987,+,3411
lncRNA_9691,Porites_evermani_scaffold_2564,32655,36932,+,4278
lncRNA_9692,Porites_evermani_scaffold_2564,43264,47108,+,3845
lncRNA_9694,Porites_evermani_scaffold_2565,40984,47356,+,6373
lncRNA_9696,Porites_evermani_scaffold_2565,70032,70532,+,501
lncRNA_9712,Porites_evermani_scaffold_2569,30435,34311,+,3877
lncRNA_9714,Porites_evermani_scaffold_2569,41594,43819,+,2226
lncRNA_9723,Porites_evermani_scaffold_2571,17198,18625,+,1428
lncRNA_9724,Porites_evermani_scaffold_2571,17202,18625,+,1424
lncRNA_9726,Porites_evermani_scaffold_2571,68190,69032,+,843
lncRNA_9733,Porites_evermani_scaffold_2577,5344,7189,+,1846
lncRNA_9734,Porites_evermani_scaffold_2577,5561,7189,+,1629
lncRNA_9736,Porites_evermani_scaffold_2578,18732,24045,+,5314
lncRNA_9738,Porites_evermani_scaffold_2578,18695,22275,+,3581
lncRNA_9739,Porites_evermani_scaffold_2578,18723,24047,+,5325
lncRNA_9740,Porites_evermani_scaffold_2578,18730,22275,+,3546
lncRNA_9741,Porites_evermani_scaffold_2578,19907,24047,+,4141
lncRNA_9746,Porites_evermani_scaffold_258,166102,189204,+,23103
lncRNA_9759,Porites_evermani_scaffold_2580,60700,63910,+,3211
lncRNA_9766,Porites_evermani_scaffold_2583,10213,21328,+,11116
lncRNA_9768,Porites_evermani_scaffold_2583,10215,20613,+,10399
lncRNA_9769,Porites_evermani_scaffold_2583,10283,21328,+,11046
lncRNA_9770,Porites_evermani_scaffold_2583,11413,20613,+,9201
lncRNA_9771,Porites_evermani_scaffold_2583,20236,21334,+,1099
lncRNA_9772,Porites_evermani_scaffold_2583,20253,21334,+,1082
lncRNA_9773,Porites_evermani_scaffold_2583,47191,48100,+,910
lncRNA_9776,Porites_evermani_scaffold_2584,46634,48374,+,1741
lncRNA_9778,Porites_evermani_scaffold_2584,67755,70273,+,2519
lncRNA_9780,Porites_evermani_scaffold_2585,28889,29660,+,772
lncRNA_9782,Porites_evermani_scaffold_2586,37283,38962,+,1680
lncRNA_9784,Porites_evermani_scaffold_2587,64209,66584,+,2376
lncRNA_9787,Porites_evermani_scaffold_259,48305,51325,+,3021
lncRNA_9788,Porites_evermani_scaffold_259,48307,51325,+,3019
lncRNA_9789,Porites_evermani_scaffold_259,69233,70752,+,1520
lncRNA_9790,Porites_evermani_scaffold_259,198230,206743,+,8514
lncRNA_9792,Porites_evermani_scaffold_259,291403,300623,+,9221
lncRNA_9793,Porites_evermani_scaffold_259,329468,332180,+,2713
lncRNA_9794,Porites_evermani_scaffold_259,42492,44939,+,2448
lncRNA_9797,Porites_evermani_scaffold_259,232098,234315,+,2218
lncRNA_9798,Porites_evermani_scaffold_259,237744,240821,+,3078
lncRNA_9799,Porites_evermani_scaffold_259,239265,240821,+,1557
lncRNA_9800,Porites_evermani_scaffold_259,239312,240821,+,1510
lncRNA_9801,Porites_evermani_scaffold_259,277981,280231,+,2251
lncRNA_9802,Porites_evermani_scaffold_259,72528,74312,+,1785
lncRNA_9814,Porites_evermani_scaffold_2594,38929,43228,+,4300
lncRNA_9816,Porites_evermani_scaffold_2594,39643,43228,+,3586
lncRNA_9817,Porites_evermani_scaffold_2594,55001,59078,+,4078
lncRNA_9818,Porites_evermani_scaffold_2594,55426,59599,+,4174
lncRNA_9819,Porites_evermani_scaffold_2594,38930,40336,+,1407
lncRNA_9820,Porites_evermani_scaffold_2595,67717,69550,+,1834
lncRNA_9821,Porites_evermani_scaffold_2595,67728,69550,+,1823
lncRNA_9823,Porites_evermani_scaffold_2595,67725,69550,+,1826
lncRNA_9827,Porites_evermani_scaffold_2598,9549,11981,+,2433
lncRNA_9831,Porites_evermani_scaffold_26,70795,106503,+,35709
lncRNA_9832,Porites_evermani_scaffold_26,93958,106503,+,12546
lncRNA_9833,Porites_evermani_scaffold_26,99388,106503,+,7116
lncRNA_9834,Porites_evermani_scaffold_26,106651,118210,+,11560
lncRNA_9835,Porites_evermani_scaffold_26,432317,434111,+,1795
lncRNA_9836,Porites_evermani_scaffold_26,511171,519882,+,8712
lncRNA_9844,Porites_evermani_scaffold_26,53537,55095,+,1559
lncRNA_9845,Porites_evermani_scaffold_26,104760,107998,+,3239
lncRNA_9846,Porites_evermani_scaffold_26,105771,118257,+,12487
lncRNA_9847,Porites_evermani_scaffold_26,106007,106800,+,794
lncRNA_9848,Porites_evermani_scaffold_26,129927,132981,+,3055
lncRNA_9849,Porites_evermani_scaffold_26,363163,370239,+,7077
lncRNA_9850,Porites_evermani_scaffold_26,363413,370239,+,6827
lncRNA_9852,Porites_evermani_scaffold_26,367855,375249,+,7395
lncRNA_9860,Porites_evermani_scaffold_260,161025,163587,+,2563
lncRNA_9862,Porites_evermani_scaffold_260,230063,231796,+,1734
lncRNA_9864,Porites_evermani_scaffold_260,1,682,+,682
lncRNA_9870,Porites_evermani_scaffold_2600,42476,42797,+,322
lncRNA_9877,Porites_evermani_scaffold_2603,7262,19202,+,11941
lncRNA_9887,Porites_evermani_scaffold_2606,1716,7379,+,5664
lncRNA_9888,Porites_evermani_scaffold_2607,12734,13587,+,854
lncRNA_9889,Porites_evermani_scaffold_2607,23036,36086,+,13051
lncRNA_9890,Porites_evermani_scaffold_2607,55854,57992,+,2139
lncRNA_9891,Porites_evermani_scaffold_2607,60232,63664,+,3433
lncRNA_9897,Porites_evermani_scaffold_261,72081,87580,+,15500
lncRNA_9898,Porites_evermani_scaffold_261,72222,87580,+,15359
lncRNA_9899,Porites_evermani_scaffold_261,83186,87580,+,4395
lncRNA_9900,Porites_evermani_scaffold_261,170235,172496,+,2262
lncRNA_9908,Porites_evermani_scaffold_2611,11198,12381,+,1184
lncRNA_9924,Porites_evermani_scaffold_2615,62181,67641,+,5461
lncRNA_9925,Porites_evermani_scaffold_2615,62172,66912,+,4741
lncRNA_9929,Porites_evermani_scaffold_2618,12417,13702,+,1286
lncRNA_9937,Porites_evermani_scaffold_262,290573,295340,+,4768
lncRNA_9940,Porites_evermani_scaffold_262,89060,100897,+,11838
lncRNA_9949,Porites_evermani_scaffold_2622,31383,38404,+,7022
lncRNA_9960,Porites_evermani_scaffold_2626,8972,9868,+,897
lncRNA_9963,Porites_evermani_scaffold_2627,8651,12725,+,4075
lncRNA_9965,Porites_evermani_scaffold_2627,13784,16356,+,2573
lncRNA_9966,Porites_evermani_scaffold_2627,35935,37091,+,1157
lncRNA_9967,Porites_evermani_scaffold_2628,1,6479,+,6479
lncRNA_9968,Porites_evermani_scaffold_2628,20240,23375,+,3136
lncRNA_9969,Porites_evermani_scaffold_2629,24908,51221,+,26314
lncRNA_9971,Porites_evermani_scaffold_2629,25001,51221,+,26221
lncRNA_9972,Porites_evermani_scaffold_2629,25037,51221,+,26185
lncRNA_9973,Porites_evermani_scaffold_2629,25095,51221,+,26127
lncRNA_9974,Porites_evermani_scaffold_2629,25101,51221,+,26121
lncRNA_9975,Porites_evermani_scaffold_2629,25632,51221,+,25590
lncRNA_9976,Porites_evermani_scaffold_2629,25937,51221,+,25285
lncRNA_9978,Porites_evermani_scaffold_2629,26104,51221,+,25118
lncRNA_9979,Porites_evermani_scaffold_2629,28700,51221,+,22522
lncRNA_9980,Porites_evermani_scaffold_2629,39741,51221,+,11481
lncRNA_9983,Porites_evermani_scaffold_2629,50666,51118,+,453
lncRNA_9985,Porites_evermani_scaffold_263,19998,22897,+,2900
lncRNA_9986,Porites_evermani_scaffold_263,74611,74904,+,294
lncRNA_9987,Porites_evermani_scaffold_263,156404,157337,+,934
lncRNA_9992,Porites_evermani_scaffold_263,144476,153677,+,9202
lncRNA_10002,Porites_evermani_scaffold_263,329862,330467,+,606
lncRNA_10003,Porites_evermani_scaffold_2630,8493,31536,+,23044
lncRNA_10013,Porites_evermani_scaffold_2634,36343,41016,+,4674
lncRNA_10020,Porites_evermani_scaffold_2635,26491,28816,+,2326
lncRNA_10028,Porites_evermani_scaffold_264,3229,3857,+,629
lncRNA_10033,Porites_evermani_scaffold_264,106945,121051,+,14107
lncRNA_10037,Porites_evermani_scaffold_264,215725,219596,+,3872
lncRNA_10045,Porites_evermani_scaffold_2640,11881,18955,+,7075
lncRNA_10046,Porites_evermani_scaffold_2640,11924,18619,+,6696
lncRNA_10047,Porites_evermani_scaffold_2640,24823,50603,+,25781
lncRNA_10048,Porites_evermani_scaffold_2640,30644,59134,+,28491
lncRNA_10049,Porites_evermani_scaffold_2640,55149,59134,+,3986
lncRNA_10050,Porites_evermani_scaffold_2640,58048,59134,+,1087
lncRNA_10051,Porites_evermani_scaffold_2640,45569,47612,+,2044
lncRNA_10052,Porites_evermani_scaffold_2640,50604,53019,+,2416
lncRNA_10055,Porites_evermani_scaffold_2640,26,4656,+,4631
lncRNA_10056,Porites_evermani_scaffold_2640,2658,4656,+,1999
lncRNA_10057,Porites_evermani_scaffold_2640,19236,20140,+,905
lncRNA_10058,Porites_evermani_scaffold_2640,45792,56618,+,10827
lncRNA_10059,Porites_evermani_scaffold_2640,48018,62621,+,14604
lncRNA_10062,Porites_evermani_scaffold_2640,8662,10821,+,2160
lncRNA_10063,Porites_evermani_scaffold_2640,63698,67210,+,3513
lncRNA_10067,Porites_evermani_scaffold_2641,35894,36464,+,571
lncRNA_10068,Porites_evermani_scaffold_2642,15919,19468,+,3550
lncRNA_10073,Porites_evermani_scaffold_2643,31971,32176,+,206
lncRNA_10076,Porites_evermani_scaffold_2647,29515,30149,+,635
lncRNA_10077,Porites_evermani_scaffold_2647,64578,67060,+,2483
lncRNA_10081,Porites_evermani_scaffold_265,200373,225355,+,24983
lncRNA_10089,Porites_evermani_scaffold_2650,4836,8382,+,3547
lncRNA_10093,Porites_evermani_scaffold_2653,14261,17160,+,2900
lncRNA_10096,Porites_evermani_scaffold_2653,32000,38327,+,6328
lncRNA_10102,Porites_evermani_scaffold_2657,15785,16393,+,609
lncRNA_10103,Porites_evermani_scaffold_2658,35564,36215,+,652
lncRNA_10104,Porites_evermani_scaffold_2658,26941,28889,+,1949
lncRNA_10105,Porites_evermani_scaffold_2658,27322,28889,+,1568
lncRNA_10107,Porites_evermani_scaffold_2659,20281,24362,+,4082
lncRNA_10108,Porites_evermani_scaffold_2659,20367,24362,+,3996
lncRNA_10111,Porites_evermani_scaffold_2659,45390,46512,+,1123
lncRNA_10113,Porites_evermani_scaffold_266,297,3588,+,3292
lncRNA_10114,Porites_evermani_scaffold_266,11517,15671,+,4155
lncRNA_10115,Porites_evermani_scaffold_266,104446,107809,+,3364
lncRNA_10116,Porites_evermani_scaffold_266,109690,111532,+,1843
lncRNA_10117,Porites_evermani_scaffold_266,278276,288866,+,10591
lncRNA_10118,Porites_evermani_scaffold_266,56774,57866,+,1093
lncRNA_10119,Porites_evermani_scaffold_266,118915,123596,+,4682
lncRNA_10128,Porites_evermani_scaffold_2660,42220,43639,+,1420
lncRNA_10133,Porites_evermani_scaffold_2661,1991,21152,+,19162
lncRNA_10142,Porites_evermani_scaffold_2663,60312,60640,+,329
lncRNA_10143,Porites_evermani_scaffold_2664,53568,65287,+,11720
lncRNA_10148,Porites_evermani_scaffold_2665,65255,66618,+,1364
lncRNA_10149,Porites_evermani_scaffold_2666,1503,14299,+,12797
lncRNA_10162,Porites_evermani_scaffold_267,88932,93083,+,4152
lncRNA_10164,Porites_evermani_scaffold_267,74433,80252,+,5820
lncRNA_10165,Porites_evermani_scaffold_267,74455,82680,+,8226
lncRNA_10167,Porites_evermani_scaffold_267,243173,246823,+,3651
lncRNA_10168,Porites_evermani_scaffold_267,196,2796,+,2601
lncRNA_10176,Porites_evermani_scaffold_2671,1,6097,+,6097
lncRNA_10182,Porites_evermani_scaffold_2673,32969,39056,+,6088
lncRNA_10183,Porites_evermani_scaffold_2673,34498,39056,+,4559
lncRNA_10184,Porites_evermani_scaffold_2673,48053,56788,+,8736
lncRNA_10185,Porites_evermani_scaffold_2673,32754,37311,+,4558
lncRNA_10186,Porites_evermani_scaffold_2673,33183,39056,+,5874
lncRNA_10187,Porites_evermani_scaffold_2673,39831,41111,+,1281
lncRNA_10191,Porites_evermani_scaffold_2674,48319,49283,+,965
lncRNA_10192,Porites_evermani_scaffold_2674,48350,49283,+,934
lncRNA_10196,Porites_evermani_scaffold_2676,9072,11124,+,2053
lncRNA_10209,Porites_evermani_scaffold_268,131354,134126,+,2773
lncRNA_10210,Porites_evermani_scaffold_268,137900,139056,+,1157
lncRNA_10211,Porites_evermani_scaffold_268,138011,139056,+,1046
lncRNA_10212,Porites_evermani_scaffold_268,169056,172085,+,3030
lncRNA_10213,Porites_evermani_scaffold_268,169180,172085,+,2906
lncRNA_10214,Porites_evermani_scaffold_268,4450,5381,+,932
lncRNA_10216,Porites_evermani_scaffold_268,20549,37442,+,16894
lncRNA_10218,Porites_evermani_scaffold_268,33313,37442,+,4130
lncRNA_10221,Porites_evermani_scaffold_268,309144,309701,+,558
lncRNA_10241,Porites_evermani_scaffold_2686,451,4091,+,3641
lncRNA_10247,Porites_evermani_scaffold_2687,13746,18475,+,4730
lncRNA_10252,Porites_evermani_scaffold_2687,12783,16255,+,3473
lncRNA_10255,Porites_evermani_scaffold_2688,52466,53777,+,1312
lncRNA_10256,Porites_evermani_scaffold_2688,54120,65004,+,10885
lncRNA_10257,Porites_evermani_scaffold_2688,54120,66020,+,11901
lncRNA_10258,Porites_evermani_scaffold_2688,54704,66020,+,11317
lncRNA_10260,Porites_evermani_scaffold_2688,54724,65004,+,10281
lncRNA_10261,Porites_evermani_scaffold_2688,54760,65004,+,10245
lncRNA_10262,Porites_evermani_scaffold_2688,54900,65004,+,10105
lncRNA_10273,Porites_evermani_scaffold_269,296372,298799,+,2428
lncRNA_10274,Porites_evermani_scaffold_2690,12256,13700,+,1445
lncRNA_10275,Porites_evermani_scaffold_2690,23102,24650,+,1549
lncRNA_10279,Porites_evermani_scaffold_2691,59809,65820,+,6012
lncRNA_10283,Porites_evermani_scaffold_2692,5792,9523,+,3732
lncRNA_10285,Porites_evermani_scaffold_2692,9688,12009,+,2322
lncRNA_10288,Porites_evermani_scaffold_2695,55602,59354,+,3753
lncRNA_10289,Porites_evermani_scaffold_2696,6100,11901,+,5802
lncRNA_10291,Porites_evermani_scaffold_2696,6592,11901,+,5310
lncRNA_10292,Porites_evermani_scaffold_2696,6603,11901,+,5299
lncRNA_10303,Porites_evermani_scaffold_2699,8386,9637,+,1252
lncRNA_10304,Porites_evermani_scaffold_2699,8420,9637,+,1218
lncRNA_10305,Porites_evermani_scaffold_2699,8461,9637,+,1177
lncRNA_10318,Porites_evermani_scaffold_27,609775,616882,+,7108
lncRNA_10321,Porites_evermani_scaffold_27,671080,672016,+,937
lncRNA_10322,Porites_evermani_scaffold_27,716611,719166,+,2556
lncRNA_10323,Porites_evermani_scaffold_27,1048,5793,+,4746
lncRNA_10326,Porites_evermani_scaffold_27,257286,289834,+,32549
lncRNA_10327,Porites_evermani_scaffold_27,265732,288879,+,23148
lncRNA_10328,Porites_evermani_scaffold_27,606903,615055,+,8153
lncRNA_10329,Porites_evermani_scaffold_27,607499,618587,+,11089
lncRNA_10330,Porites_evermani_scaffold_27,607564,609587,+,2024
lncRNA_10331,Porites_evermani_scaffold_27,607831,615459,+,7629
lncRNA_10334,Porites_evermani_scaffold_27,26725,34124,+,7400
lncRNA_10346,Porites_evermani_scaffold_27,324094,326388,+,2295
lncRNA_10352,Porites_evermani_scaffold_27,762802,767098,+,4297
lncRNA_10354,Porites_evermani_scaffold_270,47737,53008,+,5272
lncRNA_10355,Porites_evermani_scaffold_270,49457,52078,+,2622
lncRNA_10356,Porites_evermani_scaffold_270,49849,52482,+,2634
lncRNA_10357,Porites_evermani_scaffold_270,227711,228142,+,432
lncRNA_10358,Porites_evermani_scaffold_270,85575,96276,+,10702
lncRNA_10359,Porites_evermani_scaffold_270,85819,96276,+,10458
lncRNA_10360,Porites_evermani_scaffold_270,87292,96276,+,8985
lncRNA_10361,Porites_evermani_scaffold_270,114533,116288,+,1756
lncRNA_10362,Porites_evermani_scaffold_270,114535,122218,+,7684
lncRNA_10363,Porites_evermani_scaffold_270,114541,122218,+,7678
lncRNA_10365,Porites_evermani_scaffold_270,135551,137713,+,2163
lncRNA_10366,Porites_evermani_scaffold_270,135591,137713,+,2123
lncRNA_10367,Porites_evermani_scaffold_270,144730,146915,+,2186
lncRNA_10368,Porites_evermani_scaffold_270,160110,163222,+,3113
lncRNA_10369,Porites_evermani_scaffold_270,161139,162791,+,1653
lncRNA_10370,Porites_evermani_scaffold_270,161139,163790,+,2652
lncRNA_10371,Porites_evermani_scaffold_270,161139,164014,+,2876
lncRNA_10377,Porites_evermani_scaffold_270,181390,182624,+,1235
lncRNA_10380,Porites_evermani_scaffold_2701,63399,65739,+,2341
lncRNA_10381,Porites_evermani_scaffold_2702,13874,16603,+,2730
lncRNA_10387,Porites_evermani_scaffold_2705,2672,6507,+,3836
lncRNA_10388,Porites_evermani_scaffold_2705,2716,7220,+,4505
lncRNA_10390,Porites_evermani_scaffold_2705,2719,7220,+,4502
lncRNA_10401,Porites_evermani_scaffold_271,68970,70540,+,1571
lncRNA_10402,Porites_evermani_scaffold_271,132115,134037,+,1923
lncRNA_10404,Porites_evermani_scaffold_271,155202,158122,+,2921
lncRNA_10406,Porites_evermani_scaffold_271,174850,178364,+,3515
lncRNA_10409,Porites_evermani_scaffold_271,173310,178346,+,5037
lncRNA_10410,Porites_evermani_scaffold_271,219378,221159,+,1782
lncRNA_10411,Porites_evermani_scaffold_271,314490,316852,+,2363
lncRNA_10413,Porites_evermani_scaffold_271,203721,204733,+,1013
lncRNA_10416,Porites_evermani_scaffold_2711,125,2385,+,2261
lncRNA_10420,Porites_evermani_scaffold_2713,17040,22940,+,5901
lncRNA_10421,Porites_evermani_scaffold_2713,7698,8843,+,1146
lncRNA_10422,Porites_evermani_scaffold_2714,198,3230,+,3033
lncRNA_10423,Porites_evermani_scaffold_2714,256,3230,+,2975
lncRNA_10453,Porites_evermani_scaffold_272,210974,212900,+,1927
lncRNA_10454,Porites_evermani_scaffold_272,291999,297437,+,5439
lncRNA_10458,Porites_evermani_scaffold_272,103251,109504,+,6254
lncRNA_10459,Porites_evermani_scaffold_272,121414,126536,+,5123
lncRNA_10460,Porites_evermani_scaffold_272,189366,191641,+,2276
lncRNA_10461,Porites_evermani_scaffold_272,287970,299814,+,11845
lncRNA_10473,Porites_evermani_scaffold_2724,11007,13286,+,2280
lncRNA_10474,Porites_evermani_scaffold_2724,63569,65225,+,1657
lncRNA_10475,Porites_evermani_scaffold_2725,59081,60747,+,1667
lncRNA_10476,Porites_evermani_scaffold_2727,696,2180,+,1485
lncRNA_10477,Porites_evermani_scaffold_2728,25583,26382,+,800
lncRNA_10478,Porites_evermani_scaffold_2728,46442,50978,+,4537
lncRNA_10484,Porites_evermani_scaffold_273,26013,27272,+,1260
lncRNA_10485,Porites_evermani_scaffold_273,26016,27272,+,1257
lncRNA_10496,Porites_evermani_scaffold_2734,2726,26354,+,23629
lncRNA_10497,Porites_evermani_scaffold_2734,2726,27284,+,24559
lncRNA_10498,Porites_evermani_scaffold_2734,143,1265,+,1123
lncRNA_10499,Porites_evermani_scaffold_2735,53373,54087,+,715
lncRNA_10504,Porites_evermani_scaffold_2737,49148,52459,+,3312
lncRNA_10505,Porites_evermani_scaffold_2738,274,5732,+,5459
lncRNA_10506,Porites_evermani_scaffold_2738,64020,64880,+,861
lncRNA_10507,Porites_evermani_scaffold_2739,7339,9693,+,2355
lncRNA_10508,Porites_evermani_scaffold_2739,7588,9693,+,2106
lncRNA_10509,Porites_evermani_scaffold_2739,7618,9693,+,2076
lncRNA_10510,Porites_evermani_scaffold_2739,7619,9693,+,2075
lncRNA_10511,Porites_evermani_scaffold_2739,7623,9693,+,2071
lncRNA_10512,Porites_evermani_scaffold_2739,15350,18792,+,3443
lncRNA_10513,Porites_evermani_scaffold_2739,49619,54338,+,4720
lncRNA_10514,Porites_evermani_scaffold_2739,1001,2799,+,1799
lncRNA_10519,Porites_evermani_scaffold_274,23082,24467,+,1386
lncRNA_10520,Porites_evermani_scaffold_274,23096,24467,+,1372
lncRNA_10522,Porites_evermani_scaffold_274,198894,203252,+,4359
lncRNA_10523,Porites_evermani_scaffold_274,199034,203252,+,4219
lncRNA_10524,Porites_evermani_scaffold_274,303950,307277,+,3328
lncRNA_10526,Porites_evermani_scaffold_274,19313,23116,+,3804
lncRNA_10527,Porites_evermani_scaffold_274,85215,86051,+,837
lncRNA_10528,Porites_evermani_scaffold_274,306101,310774,+,4674
lncRNA_10535,Porites_evermani_scaffold_2742,17474,30142,+,12669
lncRNA_10537,Porites_evermani_scaffold_2743,63243,64750,+,1508
lncRNA_10540,Porites_evermani_scaffold_2746,18,2279,+,2262
lncRNA_10542,Porites_evermani_scaffold_2747,53786,55367,+,1582
lncRNA_10543,Porites_evermani_scaffold_2747,31415,35141,+,3727
lncRNA_10546,Porites_evermani_scaffold_2748,44239,46984,+,2746
lncRNA_10547,Porites_evermani_scaffold_2748,43960,49095,+,5136
lncRNA_10548,Porites_evermani_scaffold_2748,52402,53922,+,1521
lncRNA_10549,Porites_evermani_scaffold_275,50534,56347,+,5814
lncRNA_10552,Porites_evermani_scaffold_275,208516,209828,+,1313
lncRNA_10556,Porites_evermani_scaffold_275,82665,84890,+,2226
lncRNA_10557,Porites_evermani_scaffold_275,85620,86978,+,1359
lncRNA_10562,Porites_evermani_scaffold_2750,61686,63194,+,1509
lncRNA_10571,Porites_evermani_scaffold_2753,17010,18675,+,1666
lncRNA_10572,Porites_evermani_scaffold_2753,16995,51363,+,34369
lncRNA_10583,Porites_evermani_scaffold_2757,61623,62406,+,784
lncRNA_10588,Porites_evermani_scaffold_276,111173,115482,+,4310
lncRNA_10589,Porites_evermani_scaffold_276,142065,145056,+,2992
lncRNA_10590,Porites_evermani_scaffold_276,142676,145056,+,2381
lncRNA_10591,Porites_evermani_scaffold_276,142705,145056,+,2352
lncRNA_10592,Porites_evermani_scaffold_276,142759,145056,+,2298
lncRNA_10593,Porites_evermani_scaffold_276,142953,145056,+,2104
lncRNA_10594,Porites_evermani_scaffold_276,142955,145056,+,2102
lncRNA_10595,Porites_evermani_scaffold_276,143172,145056,+,1885
lncRNA_10596,Porites_evermani_scaffold_276,143300,145056,+,1757
lncRNA_10598,Porites_evermani_scaffold_276,291154,322454,+,31301
lncRNA_10599,Porites_evermani_scaffold_276,266022,272263,+,6242
lncRNA_10600,Porites_evermani_scaffold_276,142126,145037,+,2912
lncRNA_10601,Porites_evermani_scaffold_276,142352,145037,+,2686
lncRNA_10602,Porites_evermani_scaffold_276,142715,145037,+,2323
lncRNA_10603,Porites_evermani_scaffold_276,215991,218019,+,2029
lncRNA_10604,Porites_evermani_scaffold_276,216252,219476,+,3225
lncRNA_10605,Porites_evermani_scaffold_276,74499,75214,+,716
lncRNA_10609,Porites_evermani_scaffold_2760,29636,31062,+,1427
lncRNA_10613,Porites_evermani_scaffold_2763,26006,32445,+,6440
lncRNA_10614,Porites_evermani_scaffold_2763,26087,46879,+,20793
lncRNA_10615,Porites_evermani_scaffold_2763,26138,42393,+,16256
lncRNA_10616,Porites_evermani_scaffold_2763,26245,42511,+,16267
lncRNA_10617,Porites_evermani_scaffold_2763,26255,49702,+,23448
lncRNA_10619,Porites_evermani_scaffold_2764,5680,9647,+,3968
lncRNA_10622,Porites_evermani_scaffold_2765,5272,5492,+,221
lncRNA_10628,Porites_evermani_scaffold_277,209536,210715,+,1180
lncRNA_10629,Porites_evermani_scaffold_277,245940,255170,+,9231
lncRNA_10630,Porites_evermani_scaffold_277,245942,255170,+,9229
lncRNA_10631,Porites_evermani_scaffold_277,273878,275997,+,2120
lncRNA_10635,Porites_evermani_scaffold_277,246317,253745,+,7429
lncRNA_10636,Porites_evermani_scaffold_277,293131,300724,+,7594
lncRNA_10637,Porites_evermani_scaffold_277,293148,300724,+,7577
lncRNA_10638,Porites_evermani_scaffold_277,289054,290563,+,1510
lncRNA_10641,Porites_evermani_scaffold_2770,21775,22783,+,1009
lncRNA_10656,Porites_evermani_scaffold_2777,44085,44580,+,496
lncRNA_10659,Porites_evermani_scaffold_2778,7097,17048,+,9952
lncRNA_10666,Porites_evermani_scaffold_2779,3783,43241,+,39459
lncRNA_10667,Porites_evermani_scaffold_2779,395,43159,+,42765
lncRNA_10670,Porites_evermani_scaffold_278,176696,178411,+,1716
lncRNA_10677,Porites_evermani_scaffold_2781,36,1716,+,1681
lncRNA_10678,Porites_evermani_scaffold_2781,50,1716,+,1667
lncRNA_10679,Porites_evermani_scaffold_2781,3914,12550,+,8637
lncRNA_10681,Porites_evermani_scaffold_2782,13415,14306,+,892
lncRNA_10682,Porites_evermani_scaffold_2782,19616,20101,+,486
lncRNA_10703,Porites_evermani_scaffold_2793,39266,43408,+,4143
lncRNA_10706,Porites_evermani_scaffold_2797,4185,7422,+,3238
lncRNA_10708,Porites_evermani_scaffold_2797,5016,7422,+,2407
lncRNA_10709,Porites_evermani_scaffold_2797,5094,7422,+,2329
lncRNA_10711,Porites_evermani_scaffold_28,224670,228534,+,3865
lncRNA_10715,Porites_evermani_scaffold_28,246459,252125,+,5667
lncRNA_10716,Porites_evermani_scaffold_28,406245,406935,+,691
lncRNA_10721,Porites_evermani_scaffold_28,783106,785330,+,2225
lncRNA_10722,Porites_evermani_scaffold_28,803628,804094,+,467
lncRNA_10729,Porites_evermani_scaffold_28,743249,744481,+,1233
lncRNA_10735,Porites_evermani_scaffold_280,79500,80278,+,779
lncRNA_10746,Porites_evermani_scaffold_280,274787,275034,+,248
lncRNA_10750,Porites_evermani_scaffold_2801,7124,9146,+,2023
lncRNA_10751,Porites_evermani_scaffold_2801,45274,45822,+,549
lncRNA_10752,Porites_evermani_scaffold_2801,62608,62925,+,318
lncRNA_10754,Porites_evermani_scaffold_2802,60529,62988,+,2460
lncRNA_10755,Porites_evermani_scaffold_2803,6188,9436,+,3249
lncRNA_10756,Porites_evermani_scaffold_2803,6253,9436,+,3184
lncRNA_10757,Porites_evermani_scaffold_2803,6269,9436,+,3168
lncRNA_10758,Porites_evermani_scaffold_2803,22997,24185,+,1189
lncRNA_10759,Porites_evermani_scaffold_2803,6329,9354,+,3026
lncRNA_10768,Porites_evermani_scaffold_2809,171,1664,+,1494
lncRNA_10769,Porites_evermani_scaffold_281,129274,132602,+,3329
lncRNA_10771,Porites_evermani_scaffold_281,214856,215207,+,352
lncRNA_10773,Porites_evermani_scaffold_281,198603,200494,+,1892
lncRNA_10782,Porites_evermani_scaffold_2811,7443,8471,+,1029
lncRNA_10784,Porites_evermani_scaffold_2812,16586,19843,+,3258
lncRNA_10785,Porites_evermani_scaffold_2812,1,923,+,923
lncRNA_10787,Porites_evermani_scaffold_2814,45391,48671,+,3281
lncRNA_10789,Porites_evermani_scaffold_2814,60400,62279,+,1880
lncRNA_10790,Porites_evermani_scaffold_2816,258,2984,+,2727
lncRNA_10791,Porites_evermani_scaffold_2816,801,2984,+,2184
lncRNA_10792,Porites_evermani_scaffold_2818,3624,5745,+,2122
lncRNA_10793,Porites_evermani_scaffold_2818,24347,47599,+,23253
lncRNA_10795,Porites_evermani_scaffold_2818,50519,51564,+,1046
lncRNA_10796,Porites_evermani_scaffold_2818,50575,51564,+,990
lncRNA_10797,Porites_evermani_scaffold_2818,40065,54094,+,14030
lncRNA_10798,Porites_evermani_scaffold_2818,40065,54580,+,14516
lncRNA_10800,Porites_evermani_scaffold_2818,40539,54580,+,14042
lncRNA_10801,Porites_evermani_scaffold_2818,40550,55108,+,14559
lncRNA_10802,Porites_evermani_scaffold_2818,59882,61519,+,1638
lncRNA_10803,Porites_evermani_scaffold_2818,59924,61519,+,1596
lncRNA_10804,Porites_evermani_scaffold_2818,1,1100,+,1100
lncRNA_10808,Porites_evermani_scaffold_2819,3373,4399,+,1027
lncRNA_10809,Porites_evermani_scaffold_282,134819,137206,+,2388
lncRNA_10810,Porites_evermani_scaffold_282,156090,158872,+,2783
lncRNA_10811,Porites_evermani_scaffold_282,216295,218008,+,1714
lncRNA_10813,Porites_evermani_scaffold_282,193737,197237,+,3501
lncRNA_10821,Porites_evermani_scaffold_2821,39970,41347,+,1378
lncRNA_10822,Porites_evermani_scaffold_2821,58402,59758,+,1357
lncRNA_10826,Porites_evermani_scaffold_2823,40155,41319,+,1165
lncRNA_10828,Porites_evermani_scaffold_2823,59085,61863,+,2779
lncRNA_10829,Porites_evermani_scaffold_2824,56149,58142,+,1994
lncRNA_10830,Porites_evermani_scaffold_2824,56183,58142,+,1960
lncRNA_10834,Porites_evermani_scaffold_2826,24248,24941,+,694
lncRNA_10842,Porites_evermani_scaffold_283,34692,39954,+,5263
lncRNA_10852,Porites_evermani_scaffold_2830,57667,60803,+,3137
lncRNA_10853,Porites_evermani_scaffold_2830,1665,6509,+,4845
lncRNA_10854,Porites_evermani_scaffold_2830,19062,48849,+,29788
lncRNA_10855,Porites_evermani_scaffold_2830,19090,34451,+,15362
lncRNA_10858,Porites_evermani_scaffold_2831,28178,30011,+,1834
lncRNA_10859,Porites_evermani_scaffold_2831,28184,30011,+,1828
lncRNA_10864,Porites_evermani_scaffold_2834,7737,11914,+,4178
lncRNA_10865,Porites_evermani_scaffold_2834,22347,23726,+,1380
lncRNA_10866,Porites_evermani_scaffold_2834,59895,60708,+,814
lncRNA_10868,Porites_evermani_scaffold_2834,21092,21799,+,708
lncRNA_10869,Porites_evermani_scaffold_2835,42468,45381,+,2914
lncRNA_10870,Porites_evermani_scaffold_2835,42483,45381,+,2899
lncRNA_10871,Porites_evermani_scaffold_2835,1,893,+,893
lncRNA_10872,Porites_evermani_scaffold_2838,7804,13273,+,5470
lncRNA_10873,Porites_evermani_scaffold_2838,12604,13273,+,670
lncRNA_10875,Porites_evermani_scaffold_2838,17365,18072,+,708
lncRNA_10876,Porites_evermani_scaffold_2838,17365,47903,+,30539
lncRNA_10877,Porites_evermani_scaffold_2838,44411,47903,+,3493
lncRNA_10880,Porites_evermani_scaffold_2838,24008,29940,+,5933
lncRNA_10899,Porites_evermani_scaffold_284,254223,254774,+,552
lncRNA_10911,Porites_evermani_scaffold_2842,46652,48243,+,1592
lncRNA_10918,Porites_evermani_scaffold_2844,4658,6773,+,2116
lncRNA_10921,Porites_evermani_scaffold_2845,21973,22379,+,407
lncRNA_10922,Porites_evermani_scaffold_2845,42816,44125,+,1310
lncRNA_10925,Porites_evermani_scaffold_2846,15538,18670,+,3133
lncRNA_10926,Porites_evermani_scaffold_2846,16882,19883,+,3002
lncRNA_10927,Porites_evermani_scaffold_2846,15959,19996,+,4038
lncRNA_10928,Porites_evermani_scaffold_2846,16185,19906,+,3722
lncRNA_10934,Porites_evermani_scaffold_285,180948,182799,+,1852
lncRNA_10937,Porites_evermani_scaffold_285,175120,176246,+,1127
lncRNA_10938,Porites_evermani_scaffold_285,282602,285029,+,2428
lncRNA_10949,Porites_evermani_scaffold_2855,2062,6770,+,4709
lncRNA_10950,Porites_evermani_scaffold_2855,2065,6770,+,4706
lncRNA_10959,Porites_evermani_scaffold_2859,9517,18736,+,9220
lncRNA_10960,Porites_evermani_scaffold_2859,9523,18736,+,9214
lncRNA_10962,Porites_evermani_scaffold_2859,10189,18736,+,8548
lncRNA_10963,Porites_evermani_scaffold_2859,11216,25101,+,13886
lncRNA_10978,Porites_evermani_scaffold_286,269026,269604,+,579
lncRNA_10981,Porites_evermani_scaffold_2860,42698,46463,+,3766
lncRNA_10985,Porites_evermani_scaffold_2861,6997,9007,+,2011
lncRNA_10987,Porites_evermani_scaffold_2861,5095,5855,+,761
lncRNA_10988,Porites_evermani_scaffold_2861,55900,59702,+,3803
lncRNA_10989,Porites_evermani_scaffold_2862,4333,5874,+,1542
lncRNA_10990,Porites_evermani_scaffold_2862,4368,5874,+,1507
lncRNA_10991,Porites_evermani_scaffold_2862,1,429,+,429
lncRNA_11000,Porites_evermani_scaffold_2865,23395,27327,+,3933
lncRNA_11001,Porites_evermani_scaffold_2865,56226,61001,+,4776
lncRNA_11012,Porites_evermani_scaffold_287,82720,85182,+,2463
lncRNA_11019,Porites_evermani_scaffold_287,266425,270309,+,3885
lncRNA_11022,Porites_evermani_scaffold_287,19017,20756,+,1740
lncRNA_11033,Porites_evermani_scaffold_2872,15020,21068,+,6049
lncRNA_11034,Porites_evermani_scaffold_2872,15703,21415,+,5713
lncRNA_11037,Porites_evermani_scaffold_2872,40357,41264,+,908
lncRNA_11060,Porites_evermani_scaffold_2876,30098,36339,+,6242
lncRNA_11063,Porites_evermani_scaffold_2877,13130,13677,+,548
lncRNA_11064,Porites_evermani_scaffold_2877,35180,35538,+,359
lncRNA_11066,Porites_evermani_scaffold_2878,50137,57145,+,7009
lncRNA_11067,Porites_evermani_scaffold_2878,41819,43384,+,1566
lncRNA_11072,Porites_evermani_scaffold_288,49440,50017,+,578
lncRNA_11073,Porites_evermani_scaffold_288,191042,197225,+,6184
lncRNA_11075,Porites_evermani_scaffold_288,13717,14426,+,710
lncRNA_11076,Porites_evermani_scaffold_288,180065,180566,+,502
lncRNA_11077,Porites_evermani_scaffold_288,300773,305446,+,4674
lncRNA_11081,Porites_evermani_scaffold_2882,31049,31637,+,589
lncRNA_11082,Porites_evermani_scaffold_2885,1358,5038,+,3681
lncRNA_11083,Porites_evermani_scaffold_2885,42123,46744,+,4622
lncRNA_11088,Porites_evermani_scaffold_2889,43507,56034,+,12528
lncRNA_11089,Porites_evermani_scaffold_2889,44462,56034,+,11573
lncRNA_11090,Porites_evermani_scaffold_2889,11132,12759,+,1628
lncRNA_11096,Porites_evermani_scaffold_2891,42816,50784,+,7969
lncRNA_11097,Porites_evermani_scaffold_2893,140,1956,+,1817
lncRNA_11100,Porites_evermani_scaffold_2893,51888,57830,+,5943
lncRNA_11101,Porites_evermani_scaffold_2893,54610,57753,+,3144
lncRNA_11105,Porites_evermani_scaffold_2895,10419,13371,+,2953
lncRNA_11106,Porites_evermani_scaffold_2895,10517,13371,+,2855
lncRNA_11115,Porites_evermani_scaffold_2899,4850,5809,+,960
lncRNA_11118,Porites_evermani_scaffold_29,428804,429308,+,505
lncRNA_11119,Porites_evermani_scaffold_29,428947,429409,+,463
lncRNA_11120,Porites_evermani_scaffold_29,606919,608708,+,1790
lncRNA_11122,Porites_evermani_scaffold_29,110605,114316,+,3712
lncRNA_11123,Porites_evermani_scaffold_29,165116,167121,+,2006
lncRNA_11124,Porites_evermani_scaffold_29,165168,167121,+,1954
lncRNA_11138,Porites_evermani_scaffold_290,35549,35875,+,327
lncRNA_11139,Porites_evermani_scaffold_290,99253,105107,+,5855
lncRNA_11141,Porites_evermani_scaffold_290,25972,30373,+,4402
lncRNA_11142,Porites_evermani_scaffold_290,160005,161374,+,1370
lncRNA_11143,Porites_evermani_scaffold_290,169892,175980,+,6089
lncRNA_11144,Porites_evermani_scaffold_290,258241,261948,+,3708
lncRNA_11145,Porites_evermani_scaffold_290,303461,305168,+,1708
lncRNA_11149,Porites_evermani_scaffold_2901,33978,45701,+,11724
lncRNA_11150,Porites_evermani_scaffold_2901,34017,45701,+,11685
lncRNA_11152,Porites_evermani_scaffold_2901,38090,42378,+,4289
lncRNA_11153,Porites_evermani_scaffold_2901,39372,45253,+,5882
lncRNA_11157,Porites_evermani_scaffold_2902,27150,31941,+,4792
lncRNA_11159,Porites_evermani_scaffold_2902,27148,29553,+,2406
lncRNA_11169,Porites_evermani_scaffold_2904,56120,59738,+,3619
lncRNA_11170,Porites_evermani_scaffold_2904,56159,59738,+,3580
lncRNA_11175,Porites_evermani_scaffold_2908,190,1486,+,1297
lncRNA_11181,Porites_evermani_scaffold_2909,41305,42415,+,1111
lncRNA_11183,Porites_evermani_scaffold_291,71798,83356,+,11559
lncRNA_11184,Porites_evermani_scaffold_291,71809,85177,+,13369
lncRNA_11185,Porites_evermani_scaffold_291,188208,190491,+,2284
lncRNA_11187,Porites_evermani_scaffold_291,188236,190491,+,2256
lncRNA_11188,Porites_evermani_scaffold_291,188491,190491,+,2001
lncRNA_11189,Porites_evermani_scaffold_291,24053,25235,+,1183
lncRNA_11191,Porites_evermani_scaffold_291,183047,190540,+,7494
lncRNA_11192,Porites_evermani_scaffold_291,183433,190540,+,7108
lncRNA_11193,Porites_evermani_scaffold_291,187336,190540,+,3205
lncRNA_11195,Porites_evermani_scaffold_291,188216,190540,+,2325
lncRNA_11202,Porites_evermani_scaffold_2910,2640,3848,+,1209
lncRNA_11203,Porites_evermani_scaffold_2911,19621,25355,+,5735
lncRNA_11204,Porites_evermani_scaffold_2914,9132,14197,+,5066
lncRNA_11205,Porites_evermani_scaffold_2914,9190,14197,+,5008
lncRNA_11206,Porites_evermani_scaffold_2914,24741,26954,+,2214
lncRNA_11213,Porites_evermani_scaffold_2918,4110,6506,+,2397
lncRNA_11214,Porites_evermani_scaffold_2918,7434,13716,+,6283
lncRNA_11215,Porites_evermani_scaffold_2918,7610,13716,+,6107
lncRNA_11218,Porites_evermani_scaffold_292,106335,107995,+,1661
lncRNA_11220,Porites_evermani_scaffold_292,107858,109241,+,1384
lncRNA_11222,Porites_evermani_scaffold_292,107887,109029,+,1143
lncRNA_11223,Porites_evermani_scaffold_292,177500,178187,+,688
lncRNA_11234,Porites_evermani_scaffold_292,242091,245076,+,2986
lncRNA_11239,Porites_evermani_scaffold_292,311180,312511,+,1332
lncRNA_11240,Porites_evermani_scaffold_2920,13292,16944,+,3653
lncRNA_11247,Porites_evermani_scaffold_2921,48826,49396,+,571
lncRNA_11248,Porites_evermani_scaffold_2922,764,1798,+,1035
lncRNA_11250,Porites_evermani_scaffold_2924,41926,43015,+,1090
lncRNA_11251,Porites_evermani_scaffold_2924,44773,51382,+,6610
lncRNA_11259,Porites_evermani_scaffold_2927,34520,37546,+,3027
lncRNA_11260,Porites_evermani_scaffold_2927,34586,37546,+,2961
lncRNA_11262,Porites_evermani_scaffold_2927,19025,19399,+,375
lncRNA_11269,Porites_evermani_scaffold_293,157756,160155,+,2400
lncRNA_11271,Porites_evermani_scaffold_293,247070,253542,+,6473
lncRNA_11272,Porites_evermani_scaffold_293,247080,251711,+,4632
lncRNA_11273,Porites_evermani_scaffold_293,247085,251711,+,4627
lncRNA_11274,Porites_evermani_scaffold_293,247130,253542,+,6413
lncRNA_11275,Porites_evermani_scaffold_293,288794,290266,+,1473
lncRNA_11276,Porites_evermani_scaffold_293,289469,290363,+,895
lncRNA_11277,Porites_evermani_scaffold_293,19293,23446,+,4154
lncRNA_11278,Porites_evermani_scaffold_293,202652,204728,+,2077
lncRNA_11279,Porites_evermani_scaffold_293,285641,287376,+,1736
lncRNA_11281,Porites_evermani_scaffold_2932,611,2724,+,2114
lncRNA_11282,Porites_evermani_scaffold_2932,28105,32414,+,4310
lncRNA_11283,Porites_evermani_scaffold_2932,38544,39335,+,792
lncRNA_11285,Porites_evermani_scaffold_2933,226,5846,+,5621
lncRNA_11301,Porites_evermani_scaffold_2940,46879,48967,+,2089
lncRNA_11318,Porites_evermani_scaffold_2943,49445,52499,+,3055
lncRNA_11319,Porites_evermani_scaffold_2943,49760,52499,+,2740
lncRNA_11327,Porites_evermani_scaffold_2948,51832,57261,+,5430
lncRNA_11329,Porites_evermani_scaffold_295,88133,95864,+,7732
lncRNA_11330,Porites_evermani_scaffold_295,171629,177801,+,6173
lncRNA_11331,Porites_evermani_scaffold_295,171782,177801,+,6020
lncRNA_11332,Porites_evermani_scaffold_295,171968,177676,+,5709
lncRNA_11333,Porites_evermani_scaffold_295,172790,177801,+,5012
lncRNA_11334,Porites_evermani_scaffold_295,198724,201106,+,2383
lncRNA_11335,Porites_evermani_scaffold_295,241465,243556,+,2092
lncRNA_11336,Porites_evermani_scaffold_295,67552,71953,+,4402
lncRNA_11343,Porites_evermani_scaffold_2951,10026,15811,+,5786
lncRNA_11344,Porites_evermani_scaffold_2951,10026,17181,+,7156
lncRNA_11347,Porites_evermani_scaffold_2951,10274,17181,+,6908
lncRNA_11348,Porites_evermani_scaffold_2951,10279,17181,+,6903
lncRNA_11349,Porites_evermani_scaffold_2951,11044,17181,+,6138
lncRNA_11350,Porites_evermani_scaffold_2951,11053,17181,+,6129
lncRNA_11351,Porites_evermani_scaffold_2951,11082,17181,+,6100
lncRNA_11354,Porites_evermani_scaffold_2951,57961,58234,+,274
lncRNA_11355,Porites_evermani_scaffold_2952,30813,32639,+,1827
lncRNA_11356,Porites_evermani_scaffold_2952,9241,13911,+,4671
lncRNA_11357,Porites_evermani_scaffold_2952,28114,28640,+,527
lncRNA_11361,Porites_evermani_scaffold_2954,45247,50003,+,4757
lncRNA_11371,Porites_evermani_scaffold_296,217797,218803,+,1007
lncRNA_11372,Porites_evermani_scaffold_296,273541,280864,+,7324
lncRNA_11378,Porites_evermani_scaffold_296,228082,228675,+,594
lncRNA_11381,Porites_evermani_scaffold_2965,46077,46623,+,547
lncRNA_11382,Porites_evermani_scaffold_2965,42782,45558,+,2777
lncRNA_11387,Porites_evermani_scaffold_2969,15989,18088,+,2100
lncRNA_11390,Porites_evermani_scaffold_297,87205,89284,+,2080
lncRNA_11394,Porites_evermani_scaffold_297,169343,170920,+,1578
lncRNA_11397,Porites_evermani_scaffold_2970,28,1936,+,1909
lncRNA_11398,Porites_evermani_scaffold_2970,30190,32108,+,1919
lncRNA_11399,Porites_evermani_scaffold_2970,30532,32108,+,1577
lncRNA_11401,Porites_evermani_scaffold_2971,2037,3728,+,1692
lncRNA_11410,Porites_evermani_scaffold_2974,17992,19129,+,1138
lncRNA_11414,Porites_evermani_scaffold_2976,34663,41146,+,6484
lncRNA_11415,Porites_evermani_scaffold_2976,35508,41146,+,5639
lncRNA_11417,Porites_evermani_scaffold_2976,36598,37964,+,1367
lncRNA_11418,Porites_evermani_scaffold_2976,36598,41146,+,4549
lncRNA_11419,Porites_evermani_scaffold_2976,36661,41146,+,4486
lncRNA_11420,Porites_evermani_scaffold_2976,37056,41146,+,4091
lncRNA_11421,Porites_evermani_scaffold_2976,41629,43659,+,2031
lncRNA_11423,Porites_evermani_scaffold_2977,29372,34855,+,5484
lncRNA_11425,Porites_evermani_scaffold_2977,18706,20160,+,1455
lncRNA_11429,Porites_evermani_scaffold_2978,31518,42595,+,11078
lncRNA_11430,Porites_evermani_scaffold_2978,36767,46947,+,10181
lncRNA_11431,Porites_evermani_scaffold_2978,7531,13393,+,5863
lncRNA_11436,Porites_evermani_scaffold_2979,9854,13550,+,3697
lncRNA_11437,Porites_evermani_scaffold_2979,34506,35124,+,619
lncRNA_11438,Porites_evermani_scaffold_2979,51069,57315,+,6247
lncRNA_11440,Porites_evermani_scaffold_2979,7116,7571,+,456
lncRNA_11442,Porites_evermani_scaffold_298,66318,66946,+,629
lncRNA_11451,Porites_evermani_scaffold_298,302898,309261,+,6364
lncRNA_11452,Porites_evermani_scaffold_2980,17080,19634,+,2555
lncRNA_11453,Porites_evermani_scaffold_2980,17266,19634,+,2369
lncRNA_11454,Porites_evermani_scaffold_2980,32722,46844,+,14123
lncRNA_11462,Porites_evermani_scaffold_2983,30134,31971,+,1838
lncRNA_11468,Porites_evermani_scaffold_299,61344,63129,+,1786
lncRNA_11469,Porites_evermani_scaffold_299,62044,63365,+,1322
lncRNA_11472,Porites_evermani_scaffold_299,286935,290417,+,3483
lncRNA_11481,Porites_evermani_scaffold_2991,25609,27318,+,1710
lncRNA_11486,Porites_evermani_scaffold_2992,18270,39315,+,21046
lncRNA_11488,Porites_evermani_scaffold_2993,46410,48951,+,2542
lncRNA_11492,Porites_evermani_scaffold_2995,36199,36860,+,662
lncRNA_11495,Porites_evermani_scaffold_2999,19,3469,+,3451
lncRNA_11496,Porites_evermani_scaffold_2999,2080,3460,+,1381
lncRNA_11497,Porites_evermani_scaffold_2999,2114,3460,+,1347
lncRNA_11498,Porites_evermani_scaffold_2999,10488,14240,+,3753
lncRNA_11499,Porites_evermani_scaffold_2999,10489,14240,+,3752
lncRNA_11502,Porites_evermani_scaffold_3,668263,672805,+,4543
lncRNA_11505,Porites_evermani_scaffold_3,963190,966747,+,3558
lncRNA_11506,Porites_evermani_scaffold_3,969093,970711,+,1619
lncRNA_11511,Porites_evermani_scaffold_3,876776,878334,+,1559
lncRNA_11513,Porites_evermani_scaffold_3,970681,982741,+,12061
lncRNA_11537,Porites_evermani_scaffold_3,1423168,1423609,+,442
lncRNA_11540,Porites_evermani_scaffold_30,3597,8006,+,4410
lncRNA_11543,Porites_evermani_scaffold_30,127342,145316,+,17975
lncRNA_11545,Porites_evermani_scaffold_30,285244,295529,+,10286
lncRNA_11546,Porites_evermani_scaffold_30,313069,315023,+,1955
lncRNA_11547,Porites_evermani_scaffold_30,399374,401774,+,2401
lncRNA_11550,Porites_evermani_scaffold_30,744598,762254,+,17657
lncRNA_11553,Porites_evermani_scaffold_30,355376,359817,+,4442
lncRNA_11554,Porites_evermani_scaffold_30,399504,401799,+,2296
lncRNA_11555,Porites_evermani_scaffold_30,25966,29127,+,3162
lncRNA_11569,Porites_evermani_scaffold_300,119117,120108,+,992
lncRNA_11570,Porites_evermani_scaffold_300,161737,163798,+,2062
lncRNA_11571,Porites_evermani_scaffold_300,271076,272541,+,1466
lncRNA_11585,Porites_evermani_scaffold_3003,19537,20802,+,1266
lncRNA_11587,Porites_evermani_scaffold_3003,14272,16704,+,2433
lncRNA_11588,Porites_evermani_scaffold_3003,18270,18954,+,685
lncRNA_11600,Porites_evermani_scaffold_3008,20882,30262,+,9381
lncRNA_11601,Porites_evermani_scaffold_3008,20908,30262,+,9355
lncRNA_11602,Porites_evermani_scaffold_3008,20916,30262,+,9347
lncRNA_11603,Porites_evermani_scaffold_3008,20966,30262,+,9297
lncRNA_11604,Porites_evermani_scaffold_3008,22236,30262,+,8027
lncRNA_11605,Porites_evermani_scaffold_3008,22255,30262,+,8008
lncRNA_11607,Porites_evermani_scaffold_3008,17931,20354,+,2424
lncRNA_11609,Porites_evermani_scaffold_3008,18599,20354,+,1756
lncRNA_11610,Porites_evermani_scaffold_3008,18613,20354,+,1742
lncRNA_11611,Porites_evermani_scaffold_3008,18637,20354,+,1718
lncRNA_11612,Porites_evermani_scaffold_3008,18681,20354,+,1674
lncRNA_11624,Porites_evermani_scaffold_3011,39395,52500,+,13106
lncRNA_11625,Porites_evermani_scaffold_3011,39400,52500,+,13101
lncRNA_11626,Porites_evermani_scaffold_3011,39443,52500,+,13058
lncRNA_11629,Porites_evermani_scaffold_3013,18413,18750,+,338
lncRNA_11634,Porites_evermani_scaffold_3017,21959,23825,+,1867
lncRNA_11635,Porites_evermani_scaffold_3017,51960,55636,+,3677
lncRNA_11636,Porites_evermani_scaffold_3018,23296,30089,+,6794
lncRNA_11637,Porites_evermani_scaffold_3018,23538,29472,+,5935
lncRNA_11638,Porites_evermani_scaffold_302,92475,100485,+,8011
lncRNA_11639,Porites_evermani_scaffold_302,92475,100818,+,8344
lncRNA_11640,Porites_evermani_scaffold_302,93109,100818,+,7710
lncRNA_11643,Porites_evermani_scaffold_302,65606,66653,+,1048
lncRNA_11644,Porites_evermani_scaffold_302,235981,245211,+,9231
lncRNA_11645,Porites_evermani_scaffold_302,236159,245211,+,9053
lncRNA_11651,Porites_evermani_scaffold_3021,26070,29612,+,3543
lncRNA_11655,Porites_evermani_scaffold_3023,38796,39839,+,1044
lncRNA_11664,Porites_evermani_scaffold_3026,53257,55235,+,1979
lncRNA_11665,Porites_evermani_scaffold_3026,53306,54788,+,1483
lncRNA_11669,Porites_evermani_scaffold_3027,415,7292,+,6878
lncRNA_11676,Porites_evermani_scaffold_3028,54548,55932,+,1385
lncRNA_11677,Porites_evermani_scaffold_3029,32695,35077,+,2383
lncRNA_11680,Porites_evermani_scaffold_303,284316,288728,+,4413
lncRNA_11681,Porites_evermani_scaffold_303,284713,288728,+,4016
lncRNA_11694,Porites_evermani_scaffold_3033,20070,23568,+,3499
lncRNA_11698,Porites_evermani_scaffold_3037,49470,54946,+,5477
lncRNA_11701,Porites_evermani_scaffold_3038,54950,55697,+,748
lncRNA_11706,Porites_evermani_scaffold_304,216000,224245,+,8246
lncRNA_11708,Porites_evermani_scaffold_304,233217,241742,+,8526
lncRNA_11711,Porites_evermani_scaffold_304,231323,237058,+,5736
lncRNA_11712,Porites_evermani_scaffold_304,240980,244084,+,3105
lncRNA_11713,Porites_evermani_scaffold_304,241058,252047,+,10990
lncRNA_11714,Porites_evermani_scaffold_304,241905,270975,+,29071
lncRNA_11715,Porites_evermani_scaffold_304,1,240,+,240
lncRNA_11724,Porites_evermani_scaffold_3040,53103,55579,+,2477
lncRNA_11725,Porites_evermani_scaffold_3041,32704,36395,+,3692
lncRNA_11730,Porites_evermani_scaffold_3045,16525,22428,+,5904
lncRNA_11732,Porites_evermani_scaffold_3045,49865,50283,+,419
lncRNA_11733,Porites_evermani_scaffold_3046,25496,26972,+,1477
lncRNA_11739,Porites_evermani_scaffold_3047,255,1141,+,887
lncRNA_11743,Porites_evermani_scaffold_3048,14706,15104,+,399
lncRNA_11744,Porites_evermani_scaffold_3048,12142,13546,+,1405
lncRNA_11745,Porites_evermani_scaffold_3048,12423,14686,+,2264
lncRNA_11750,Porites_evermani_scaffold_305,102137,105981,+,3845
lncRNA_11751,Porites_evermani_scaffold_305,195648,200764,+,5117
lncRNA_11752,Porites_evermani_scaffold_305,206184,211709,+,5526
lncRNA_11755,Porites_evermani_scaffold_305,55875,81552,+,25678
lncRNA_11767,Porites_evermani_scaffold_3053,23892,27797,+,3906
lncRNA_11768,Porites_evermani_scaffold_3053,23780,27797,+,4018
lncRNA_11773,Porites_evermani_scaffold_3053,53618,55291,+,1674
lncRNA_11774,Porites_evermani_scaffold_3054,46667,47826,+,1160
lncRNA_11789,Porites_evermani_scaffold_3059,53999,55198,+,1200
lncRNA_11790,Porites_evermani_scaffold_306,39728,46635,+,6908
lncRNA_11791,Porites_evermani_scaffold_306,60653,61776,+,1124
lncRNA_11792,Porites_evermani_scaffold_306,68482,70083,+,1602
lncRNA_11795,Porites_evermani_scaffold_306,87847,89271,+,1425
lncRNA_11798,Porites_evermani_scaffold_3060,27762,47026,+,19265
lncRNA_11799,Porites_evermani_scaffold_3060,36304,44633,+,8330
lncRNA_11800,Porites_evermani_scaffold_3060,36348,47026,+,10679
lncRNA_11801,Porites_evermani_scaffold_3060,20042,20675,+,634
lncRNA_11802,Porites_evermani_scaffold_3062,37439,48548,+,11110
lncRNA_11803,Porites_evermani_scaffold_3062,39535,48548,+,9014
lncRNA_11807,Porites_evermani_scaffold_3063,38583,45154,+,6572
lncRNA_11813,Porites_evermani_scaffold_3065,11779,52980,+,41202
lncRNA_11822,Porites_evermani_scaffold_307,26607,29990,+,3384
lncRNA_11823,Porites_evermani_scaffold_307,26740,29990,+,3251
lncRNA_11824,Porites_evermani_scaffold_307,26969,29990,+,3022
lncRNA_11825,Porites_evermani_scaffold_307,27453,29990,+,2538
lncRNA_11826,Porites_evermani_scaffold_307,27544,29990,+,2447
lncRNA_11827,Porites_evermani_scaffold_307,28234,29990,+,1757
lncRNA_11828,Porites_evermani_scaffold_307,31156,33409,+,2254
lncRNA_11829,Porites_evermani_scaffold_307,31485,33409,+,1925
lncRNA_11830,Porites_evermani_scaffold_307,32202,33409,+,1208
lncRNA_11831,Porites_evermani_scaffold_307,34691,36181,+,1491
lncRNA_11832,Porites_evermani_scaffold_307,34691,43490,+,8800
lncRNA_11834,Porites_evermani_scaffold_307,36939,39399,+,2461
lncRNA_11835,Porites_evermani_scaffold_307,37085,39399,+,2315
lncRNA_11838,Porites_evermani_scaffold_307,44780,50782,+,6003
lncRNA_11839,Porites_evermani_scaffold_307,44797,50782,+,5986
lncRNA_11840,Porites_evermani_scaffold_307,45652,50782,+,5131
lncRNA_11841,Porites_evermani_scaffold_307,259081,260054,+,974
lncRNA_11842,Porites_evermani_scaffold_307,108374,110645,+,2272
lncRNA_11850,Porites_evermani_scaffold_3071,1398,7259,+,5862
lncRNA_11853,Porites_evermani_scaffold_3074,33762,50169,+,16408
lncRNA_11854,Porites_evermani_scaffold_3074,47627,50169,+,2543
lncRNA_11864,Porites_evermani_scaffold_3078,1047,3708,+,2662
lncRNA_11867,Porites_evermani_scaffold_3078,1048,6167,+,5120
lncRNA_11868,Porites_evermani_scaffold_3078,1061,6167,+,5107
lncRNA_11871,Porites_evermani_scaffold_3079,27498,29209,+,1712
lncRNA_11874,Porites_evermani_scaffold_308,153485,155253,+,1769
lncRNA_11884,Porites_evermani_scaffold_3081,39472,40103,+,632
lncRNA_11887,Porites_evermani_scaffold_3083,1,4661,+,4661
lncRNA_11888,Porites_evermani_scaffold_3083,32,4661,+,4630
lncRNA_11889,Porites_evermani_scaffold_3083,33222,35587,+,2366
lncRNA_11891,Porites_evermani_scaffold_3084,41808,42769,+,962
lncRNA_11892,Porites_evermani_scaffold_3084,50439,50952,+,514
lncRNA_11899,Porites_evermani_scaffold_3086,26730,40195,+,13466
lncRNA_11900,Porites_evermani_scaffold_3086,27411,40195,+,12785
lncRNA_11906,Porites_evermani_scaffold_309,9567,11038,+,1472
lncRNA_11907,Porites_evermani_scaffold_309,55670,57851,+,2182
lncRNA_11910,Porites_evermani_scaffold_309,136704,137701,+,998
lncRNA_11911,Porites_evermani_scaffold_309,279372,283671,+,4300
lncRNA_11912,Porites_evermani_scaffold_309,279422,283549,+,4128
lncRNA_11926,Porites_evermani_scaffold_3092,34452,34763,+,312
lncRNA_11927,Porites_evermani_scaffold_3092,28407,28985,+,579
lncRNA_11929,Porites_evermani_scaffold_3094,21351,24135,+,2785
lncRNA_11930,Porites_evermani_scaffold_3094,23695,25645,+,1951
lncRNA_11932,Porites_evermani_scaffold_3094,42378,43479,+,1102
lncRNA_11942,Porites_evermani_scaffold_31,290894,292594,+,1701
lncRNA_11943,Porites_evermani_scaffold_31,521130,534329,+,13200
lncRNA_11944,Porites_evermani_scaffold_31,509970,514121,+,4152
lncRNA_11947,Porites_evermani_scaffold_31,703004,704411,+,1408
lncRNA_11948,Porites_evermani_scaffold_31,167852,170822,+,2971
lncRNA_11950,Porites_evermani_scaffold_31,261667,263420,+,1754
lncRNA_11951,Porites_evermani_scaffold_31,289804,309756,+,19953
lncRNA_11952,Porites_evermani_scaffold_31,289813,309756,+,19944
lncRNA_11953,Porites_evermani_scaffold_31,291042,309756,+,18715
lncRNA_11954,Porites_evermani_scaffold_31,682955,684796,+,1842
lncRNA_11955,Porites_evermani_scaffold_31,841124,847399,+,6276
lncRNA_11956,Porites_evermani_scaffold_31,841146,847399,+,6254
lncRNA_11957,Porites_evermani_scaffold_31,843454,847399,+,3946
lncRNA_11973,Porites_evermani_scaffold_310,44932,54356,+,9425
lncRNA_11976,Porites_evermani_scaffold_310,139235,145805,+,6571
lncRNA_11981,Porites_evermani_scaffold_3102,8577,11122,+,2546
lncRNA_11982,Porites_evermani_scaffold_3102,49671,50369,+,699
lncRNA_11986,Porites_evermani_scaffold_3104,31715,34361,+,2647
lncRNA_11988,Porites_evermani_scaffold_3104,31615,36457,+,4843
lncRNA_11989,Porites_evermani_scaffold_3104,31649,36960,+,5312
lncRNA_11990,Porites_evermani_scaffold_3104,31651,36960,+,5310
lncRNA_11991,Porites_evermani_scaffold_3104,33013,36457,+,3445
lncRNA_11993,Porites_evermani_scaffold_3106,489,4597,+,4109
lncRNA_11999,Porites_evermani_scaffold_3107,51626,53353,+,1728
lncRNA_12000,Porites_evermani_scaffold_3109,32979,35733,+,2755
lncRNA_12001,Porites_evermani_scaffold_3109,33196,35733,+,2538
lncRNA_12002,Porites_evermani_scaffold_3109,1,1404,+,1404
lncRNA_12009,Porites_evermani_scaffold_311,236751,236971,+,221
lncRNA_12016,Porites_evermani_scaffold_3110,33718,37238,+,3521
lncRNA_12017,Porites_evermani_scaffold_3111,27318,30114,+,2797
lncRNA_12019,Porites_evermani_scaffold_3111,35307,36469,+,1163
lncRNA_12049,Porites_evermani_scaffold_312,53552,53795,+,244
lncRNA_12052,Porites_evermani_scaffold_312,127734,127965,+,232
lncRNA_12059,Porites_evermani_scaffold_3121,4159,5910,+,1752
lncRNA_12060,Porites_evermani_scaffold_3121,30060,31157,+,1098
lncRNA_12064,Porites_evermani_scaffold_3123,36486,39657,+,3172
lncRNA_12066,Porites_evermani_scaffold_3124,21275,24665,+,3391
lncRNA_12067,Porites_evermani_scaffold_3124,22479,25889,+,3411
lncRNA_12068,Porites_evermani_scaffold_3124,44963,53010,+,8048
lncRNA_12075,Porites_evermani_scaffold_313,155197,157589,+,2393
lncRNA_12076,Porites_evermani_scaffold_313,203682,206422,+,2741
lncRNA_12077,Porites_evermani_scaffold_313,45554,49477,+,3924
lncRNA_12078,Porites_evermani_scaffold_313,46061,49477,+,3417
lncRNA_12079,Porites_evermani_scaffold_313,89595,92458,+,2864
lncRNA_12084,Porites_evermani_scaffold_3131,6782,31381,+,24600
lncRNA_12085,Porites_evermani_scaffold_3131,27481,35089,+,7609
lncRNA_12087,Porites_evermani_scaffold_3131,51715,53044,+,1330
lncRNA_12094,Porites_evermani_scaffold_3134,52214,52883,+,670
lncRNA_12107,Porites_evermani_scaffold_3139,32476,33909,+,1434
lncRNA_12108,Porites_evermani_scaffold_314,92027,93590,+,1564
lncRNA_12109,Porites_evermani_scaffold_314,92033,93590,+,1558
lncRNA_12111,Porites_evermani_scaffold_314,215983,217957,+,1975
lncRNA_12112,Porites_evermani_scaffold_314,272933,279589,+,6657
lncRNA_12114,Porites_evermani_scaffold_314,58845,65713,+,6869
lncRNA_12115,Porites_evermani_scaffold_314,204804,206033,+,1230
lncRNA_12116,Porites_evermani_scaffold_314,242422,242871,+,450
lncRNA_12135,Porites_evermani_scaffold_3148,6371,12518,+,6148
lncRNA_12136,Porites_evermani_scaffold_3148,919,1822,+,904
lncRNA_12140,Porites_evermani_scaffold_3148,5158,12539,+,7382
lncRNA_12141,Porites_evermani_scaffold_3148,11010,12742,+,1733
lncRNA_12142,Porites_evermani_scaffold_3148,9028,19263,+,10236
lncRNA_12143,Porites_evermani_scaffold_3148,9034,10161,+,1128
lncRNA_12144,Porites_evermani_scaffold_3148,9038,10161,+,1124
lncRNA_12145,Porites_evermani_scaffold_3148,9047,10161,+,1115
lncRNA_12146,Porites_evermani_scaffold_3148,16905,18062,+,1158
lncRNA_12147,Porites_evermani_scaffold_3148,16905,19263,+,2359
lncRNA_12148,Porites_evermani_scaffold_3148,13820,15237,+,1418
lncRNA_12149,Porites_evermani_scaffold_3148,19914,23867,+,3954
lncRNA_12152,Porites_evermani_scaffold_3148,28227,29673,+,1447
lncRNA_12162,Porites_evermani_scaffold_315,193421,194791,+,1371
lncRNA_12164,Porites_evermani_scaffold_3150,751,5029,+,4279
lncRNA_12170,Porites_evermani_scaffold_3153,49621,52460,+,2840
lncRNA_12171,Porites_evermani_scaffold_3153,50796,52460,+,1665
lncRNA_12185,Porites_evermani_scaffold_316,256511,257376,+,866
lncRNA_12186,Porites_evermani_scaffold_316,1064,7090,+,6027
lncRNA_12193,Porites_evermani_scaffold_3161,12820,14809,+,1990
lncRNA_12196,Porites_evermani_scaffold_3162,29686,34950,+,5265
lncRNA_12197,Porites_evermani_scaffold_3162,49720,52209,+,2490
lncRNA_12198,Porites_evermani_scaffold_3162,49723,52209,+,2487
lncRNA_12199,Porites_evermani_scaffold_3162,29652,31649,+,1998
lncRNA_12202,Porites_evermani_scaffold_3165,49171,50830,+,1660
lncRNA_12205,Porites_evermani_scaffold_3167,38093,39294,+,1202
lncRNA_12207,Porites_evermani_scaffold_3169,2550,7909,+,5360
lncRNA_12208,Porites_evermani_scaffold_3169,2553,7909,+,5357
lncRNA_12209,Porites_evermani_scaffold_3169,2587,7639,+,5053
lncRNA_12211,Porites_evermani_scaffold_317,241778,244134,+,2357
lncRNA_12212,Porites_evermani_scaffold_317,264626,268391,+,3766
lncRNA_12213,Porites_evermani_scaffold_317,266774,268391,+,1618
lncRNA_12214,Porites_evermani_scaffold_317,266720,293423,+,26704
lncRNA_12215,Porites_evermani_scaffold_317,274830,293423,+,18594
lncRNA_12216,Porites_evermani_scaffold_317,275450,287987,+,12538
lncRNA_12217,Porites_evermani_scaffold_317,288219,293423,+,5205
lncRNA_12225,Porites_evermani_scaffold_3171,181,3400,+,3220
lncRNA_12226,Porites_evermani_scaffold_3171,14522,22063,+,7542
lncRNA_12229,Porites_evermani_scaffold_3171,14528,22063,+,7536
lncRNA_12230,Porites_evermani_scaffold_3171,15329,19311,+,3983
lncRNA_12231,Porites_evermani_scaffold_3171,17088,22063,+,4976
lncRNA_12232,Porites_evermani_scaffold_3171,14522,22120,+,7599
lncRNA_12236,Porites_evermani_scaffold_3171,14530,22120,+,7591
lncRNA_12237,Porites_evermani_scaffold_3171,15621,22120,+,6500
lncRNA_12238,Porites_evermani_scaffold_3171,16767,21795,+,5029
lncRNA_12239,Porites_evermani_scaffold_3171,36784,42065,+,5282
lncRNA_12241,Porites_evermani_scaffold_3171,23179,25100,+,1922
lncRNA_12244,Porites_evermani_scaffold_3176,33332,48852,+,15521
lncRNA_12247,Porites_evermani_scaffold_3177,45656,46595,+,940
lncRNA_12248,Porites_evermani_scaffold_3177,193,6463,+,6271
lncRNA_12250,Porites_evermani_scaffold_3177,1824,6463,+,4640
lncRNA_12251,Porites_evermani_scaffold_3177,47064,51025,+,3962
lncRNA_12256,Porites_evermani_scaffold_3179,40439,51731,+,11293
lncRNA_12258,Porites_evermani_scaffold_3179,40440,51731,+,11292
lncRNA_12259,Porites_evermani_scaffold_3179,40454,51731,+,11278
lncRNA_12260,Porites_evermani_scaffold_3179,40473,51731,+,11259
lncRNA_12261,Porites_evermani_scaffold_3179,43016,51731,+,8716
lncRNA_12264,Porites_evermani_scaffold_318,295694,300034,+,4341
lncRNA_12265,Porites_evermani_scaffold_318,222131,235762,+,13632
lncRNA_12266,Porites_evermani_scaffold_318,13824,14171,+,348
lncRNA_12269,Porites_evermani_scaffold_3180,573,22738,+,22166
lncRNA_12270,Porites_evermani_scaffold_3180,573,35434,+,34862
lncRNA_12276,Porites_evermani_scaffold_3185,27702,31014,+,3313
lncRNA_12279,Porites_evermani_scaffold_3187,36361,37867,+,1507
lncRNA_12286,Porites_evermani_scaffold_319,230802,240423,+,9622
lncRNA_12288,Porites_evermani_scaffold_319,230893,240423,+,9531
lncRNA_12289,Porites_evermani_scaffold_319,231209,240423,+,9215
lncRNA_12290,Porites_evermani_scaffold_319,231456,241834,+,10379
lncRNA_12298,Porites_evermani_scaffold_3194,42,7207,+,7166
lncRNA_12301,Porites_evermani_scaffold_3194,21930,27217,+,5288
lncRNA_12311,Porites_evermani_scaffold_3196,1735,2108,+,374
lncRNA_12312,Porites_evermani_scaffold_3196,6057,11588,+,5532
lncRNA_12313,Porites_evermani_scaffold_3196,6120,8920,+,2801
lncRNA_12314,Porites_evermani_scaffold_3197,37366,41095,+,3730
lncRNA_12317,Porites_evermani_scaffold_3198,21324,24790,+,3467
lncRNA_12320,Porites_evermani_scaffold_3199,31537,34373,+,2837
lncRNA_12322,Porites_evermani_scaffold_3199,38106,43599,+,5494
lncRNA_12325,Porites_evermani_scaffold_3199,31511,45046,+,13536
lncRNA_12326,Porites_evermani_scaffold_3199,31517,37190,+,5674
lncRNA_12327,Porites_evermani_scaffold_3199,31517,43645,+,12129
lncRNA_12328,Porites_evermani_scaffold_3199,31517,45046,+,13530
lncRNA_12329,Porites_evermani_scaffold_3199,39385,43645,+,4261
lncRNA_12330,Porites_evermani_scaffold_3199,39385,45046,+,5662
lncRNA_12332,Porites_evermani_scaffold_3199,39385,45725,+,6341
lncRNA_12333,Porites_evermani_scaffold_3199,39386,45046,+,5661
lncRNA_12334,Porites_evermani_scaffold_3199,39404,45046,+,5643
lncRNA_12335,Porites_evermani_scaffold_3199,39407,47906,+,8500
lncRNA_12336,Porites_evermani_scaffold_3199,39424,43645,+,4222
lncRNA_12337,Porites_evermani_scaffold_3199,20078,21085,+,1008
lncRNA_12338,Porites_evermani_scaffold_32,680023,682364,+,2342
lncRNA_12339,Porites_evermani_scaffold_32,781705,783120,+,1416
lncRNA_12341,Porites_evermani_scaffold_32,638148,640672,+,2525
lncRNA_12342,Porites_evermani_scaffold_32,777276,778591,+,1316
lncRNA_12357,Porites_evermani_scaffold_320,18452,18871,+,420
lncRNA_12359,Porites_evermani_scaffold_320,89226,97193,+,7968
lncRNA_12360,Porites_evermani_scaffold_320,89545,91780,+,2236
lncRNA_12367,Porites_evermani_scaffold_3200,32096,33483,+,1388
lncRNA_12369,Porites_evermani_scaffold_3201,42754,45409,+,2656
lncRNA_12373,Porites_evermani_scaffold_3207,42890,49541,+,6652
lncRNA_12375,Porites_evermani_scaffold_3208,47008,47698,+,691
lncRNA_12377,Porites_evermani_scaffold_3209,6212,7028,+,817
lncRNA_12380,Porites_evermani_scaffold_321,9611,10654,+,1044
lncRNA_12385,Porites_evermani_scaffold_321,8970,17062,+,8093
lncRNA_12386,Porites_evermani_scaffold_321,141585,142950,+,1366
lncRNA_12401,Porites_evermani_scaffold_3212,1,4280,+,4280
lncRNA_12402,Porites_evermani_scaffold_3212,1,12438,+,12438
lncRNA_12405,Porites_evermani_scaffold_3212,2698,4280,+,1583
lncRNA_12406,Porites_evermani_scaffold_3212,4281,10754,+,6474
lncRNA_12420,Porites_evermani_scaffold_322,230298,232967,+,2670
lncRNA_12421,Porites_evermani_scaffold_322,41628,48770,+,7143
lncRNA_12425,Porites_evermani_scaffold_3220,11760,11989,+,230
lncRNA_12427,Porites_evermani_scaffold_3223,1,4105,+,4105
lncRNA_12429,Porites_evermani_scaffold_3223,14,4105,+,4092
lncRNA_12430,Porites_evermani_scaffold_3223,3014,4105,+,1092
lncRNA_12431,Porites_evermani_scaffold_3224,245,5475,+,5231
lncRNA_12433,Porites_evermani_scaffold_3225,3758,7364,+,3607
lncRNA_12435,Porites_evermani_scaffold_3225,47740,50493,+,2754
lncRNA_12436,Porites_evermani_scaffold_3225,3662,10846,+,7185
lncRNA_12437,Porites_evermani_scaffold_3225,3807,10846,+,7040
lncRNA_12439,Porites_evermani_scaffold_3227,33261,38746,+,5486
lncRNA_12441,Porites_evermani_scaffold_3227,3066,6006,+,2941
lncRNA_12442,Porites_evermani_scaffold_3227,4975,7569,+,2595
lncRNA_12443,Porites_evermani_scaffold_3227,48374,50346,+,1973
lncRNA_12444,Porites_evermani_scaffold_3227,48401,50346,+,1946
lncRNA_12448,Porites_evermani_scaffold_3227,40551,42760,+,2210
lncRNA_12449,Porites_evermani_scaffold_3228,3997,9311,+,5315
lncRNA_12450,Porites_evermani_scaffold_3228,4139,9311,+,5173
lncRNA_12451,Porites_evermani_scaffold_3228,25749,26531,+,783
lncRNA_12454,Porites_evermani_scaffold_3229,441,1165,+,725
lncRNA_12455,Porites_evermani_scaffold_323,59504,69668,+,10165
lncRNA_12456,Porites_evermani_scaffold_323,99065,105973,+,6909
lncRNA_12457,Porites_evermani_scaffold_323,99111,105973,+,6863
lncRNA_12459,Porites_evermani_scaffold_3230,15164,26283,+,11120
lncRNA_12460,Porites_evermani_scaffold_3230,26368,27293,+,926
lncRNA_12461,Porites_evermani_scaffold_3230,33350,42015,+,8666
lncRNA_12465,Porites_evermani_scaffold_3231,41310,43949,+,2640
lncRNA_12468,Porites_evermani_scaffold_3234,47212,50023,+,2812
lncRNA_12480,Porites_evermani_scaffold_3239,48667,49279,+,613
lncRNA_12483,Porites_evermani_scaffold_324,95187,95619,+,433
lncRNA_12484,Porites_evermani_scaffold_324,96218,98593,+,2376
lncRNA_12485,Porites_evermani_scaffold_324,96439,98593,+,2155
lncRNA_12486,Porites_evermani_scaffold_324,96490,98593,+,2104
lncRNA_12487,Porites_evermani_scaffold_324,96683,98593,+,1911
lncRNA_12488,Porites_evermani_scaffold_324,176188,179236,+,3049
lncRNA_12489,Porites_evermani_scaffold_324,274386,288231,+,13846
lncRNA_12492,Porites_evermani_scaffold_324,45078,47146,+,2069
lncRNA_12493,Porites_evermani_scaffold_324,47533,48688,+,1156
lncRNA_12495,Porites_evermani_scaffold_324,50596,51925,+,1330
lncRNA_12503,Porites_evermani_scaffold_3242,21545,23212,+,1668
lncRNA_12512,Porites_evermani_scaffold_3245,40738,43441,+,2704
lncRNA_12522,Porites_evermani_scaffold_3249,47980,50234,+,2255
lncRNA_12524,Porites_evermani_scaffold_325,263636,265441,+,1806
lncRNA_12527,Porites_evermani_scaffold_3250,8080,10189,+,2110
lncRNA_12528,Porites_evermani_scaffold_3250,32049,36966,+,4918
lncRNA_12540,Porites_evermani_scaffold_3257,5166,6140,+,975
lncRNA_12545,Porites_evermani_scaffold_326,173,2825,+,2653
lncRNA_12546,Porites_evermani_scaffold_326,50727,54851,+,4125
lncRNA_12547,Porites_evermani_scaffold_326,50727,55577,+,4851
lncRNA_12548,Porites_evermani_scaffold_326,51906,55577,+,3672
lncRNA_12549,Porites_evermani_scaffold_326,51979,55577,+,3599
lncRNA_12551,Porites_evermani_scaffold_326,206258,211051,+,4794
lncRNA_12553,Porites_evermani_scaffold_326,53646,54890,+,1245
lncRNA_12554,Porites_evermani_scaffold_326,226471,233875,+,7405
lncRNA_12555,Porites_evermani_scaffold_326,94440,96784,+,2345
lncRNA_12573,Porites_evermani_scaffold_3265,30693,49809,+,19117
lncRNA_12575,Porites_evermani_scaffold_3266,1114,1726,+,613
lncRNA_12578,Porites_evermani_scaffold_3267,28084,42379,+,14296
lncRNA_12579,Porites_evermani_scaffold_3267,28096,32163,+,4068
lncRNA_12580,Porites_evermani_scaffold_3267,28072,31916,+,3845
lncRNA_12581,Porites_evermani_scaffold_3267,28094,34732,+,6639
lncRNA_12585,Porites_evermani_scaffold_327,81744,82041,+,298
lncRNA_12586,Porites_evermani_scaffold_327,128521,131929,+,3409
lncRNA_12587,Porites_evermani_scaffold_327,128543,131929,+,3387
lncRNA_12588,Porites_evermani_scaffold_327,128589,131929,+,3341
lncRNA_12589,Porites_evermani_scaffold_327,128591,130272,+,1682
lncRNA_12595,Porites_evermani_scaffold_327,298102,298338,+,237
lncRNA_12597,Porites_evermani_scaffold_3270,18071,21799,+,3729
lncRNA_12598,Porites_evermani_scaffold_3270,11254,11891,+,638
lncRNA_12600,Porites_evermani_scaffold_3271,25137,26808,+,1672
lncRNA_12603,Porites_evermani_scaffold_3273,2949,5037,+,2089
lncRNA_12604,Porites_evermani_scaffold_3273,19111,24241,+,5131
lncRNA_12606,Porites_evermani_scaffold_3277,29819,42132,+,12314
lncRNA_12607,Porites_evermani_scaffold_3277,42949,43430,+,482
lncRNA_12608,Porites_evermani_scaffold_3278,47,1236,+,1190
lncRNA_12613,Porites_evermani_scaffold_328,182915,187473,+,4559
lncRNA_12614,Porites_evermani_scaffold_328,270756,272417,+,1662
lncRNA_12624,Porites_evermani_scaffold_328,55608,58596,+,2989
lncRNA_12626,Porites_evermani_scaffold_3280,33277,33860,+,584
lncRNA_12636,Porites_evermani_scaffold_3283,24587,26717,+,2131
lncRNA_12638,Porites_evermani_scaffold_3284,34936,48316,+,13381
lncRNA_12642,Porites_evermani_scaffold_3286,1267,9483,+,8217
lncRNA_12643,Porites_evermani_scaffold_3286,947,11391,+,10445
lncRNA_12644,Porites_evermani_scaffold_3286,5696,11391,+,5696
lncRNA_12645,Porites_evermani_scaffold_3287,3943,44598,+,40656
lncRNA_12649,Porites_evermani_scaffold_3289,33710,35550,+,1841
lncRNA_12652,Porites_evermani_scaffold_329,48422,49104,+,683
lncRNA_12654,Porites_evermani_scaffold_329,251123,254141,+,3019
lncRNA_12658,Porites_evermani_scaffold_329,102499,106654,+,4156
lncRNA_12659,Porites_evermani_scaffold_329,102520,106654,+,4135
lncRNA_12661,Porites_evermani_scaffold_329,103615,106654,+,3040
lncRNA_12662,Porites_evermani_scaffold_329,103769,106654,+,2886
lncRNA_12663,Porites_evermani_scaffold_329,148530,168148,+,19619
lncRNA_12664,Porites_evermani_scaffold_329,164693,168148,+,3456
lncRNA_12667,Porites_evermani_scaffold_3290,882,5188,+,4307
lncRNA_12668,Porites_evermani_scaffold_3290,892,5188,+,4297
lncRNA_12674,Porites_evermani_scaffold_3292,29438,34389,+,4952
lncRNA_12675,Porites_evermani_scaffold_3292,39879,45736,+,5858
lncRNA_12676,Porites_evermani_scaffold_3292,39973,45736,+,5764
lncRNA_12679,Porites_evermani_scaffold_3294,11023,37201,+,26179
lncRNA_12681,Porites_evermani_scaffold_3296,10960,12016,+,1057
lncRNA_12683,Porites_evermani_scaffold_3298,23762,25762,+,2001
lncRNA_12685,Porites_evermani_scaffold_33,477294,483006,+,5713
lncRNA_12686,Porites_evermani_scaffold_33,681028,682420,+,1393
lncRNA_12688,Porites_evermani_scaffold_33,34088,52559,+,18472
lncRNA_12689,Porites_evermani_scaffold_33,664062,672841,+,8780
lncRNA_12690,Porites_evermani_scaffold_33,664864,668084,+,3221
lncRNA_12696,Porites_evermani_scaffold_33,389655,390808,+,1154
lncRNA_12701,Porites_evermani_scaffold_330,26042,56241,+,30200
lncRNA_12703,Porites_evermani_scaffold_330,53243,54065,+,823
lncRNA_12704,Porites_evermani_scaffold_330,106933,126673,+,19741
lncRNA_12706,Porites_evermani_scaffold_3300,1029,4811,+,3783
lncRNA_12714,Porites_evermani_scaffold_3304,26531,29978,+,3448
lncRNA_12718,Porites_evermani_scaffold_3307,18852,29148,+,10297
lncRNA_12719,Porites_evermani_scaffold_3307,18859,23450,+,4592
lncRNA_12720,Porites_evermani_scaffold_3307,18859,23924,+,5066
lncRNA_12722,Porites_evermani_scaffold_3308,42051,43272,+,1222
lncRNA_12723,Porites_evermani_scaffold_3309,45631,48587,+,2957
lncRNA_12725,Porites_evermani_scaffold_331,83247,84923,+,1677
lncRNA_12726,Porites_evermani_scaffold_331,123872,124831,+,960
lncRNA_12728,Porites_evermani_scaffold_331,158813,164129,+,5317
lncRNA_12729,Porites_evermani_scaffold_331,51739,66006,+,14268
lncRNA_12739,Porites_evermani_scaffold_3316,31499,32260,+,762
lncRNA_12748,Porites_evermani_scaffold_332,50991,51683,+,693
lncRNA_12749,Porites_evermani_scaffold_332,86633,89729,+,3097
lncRNA_12750,Porites_evermani_scaffold_332,181206,184177,+,2972
lncRNA_12767,Porites_evermani_scaffold_3324,35753,44402,+,8650
lncRNA_12768,Porites_evermani_scaffold_3324,39706,44402,+,4697
lncRNA_12769,Porites_evermani_scaffold_3324,46428,48321,+,1894
lncRNA_12770,Porites_evermani_scaffold_3324,46450,48321,+,1872
lncRNA_12772,Porites_evermani_scaffold_3324,46460,48321,+,1862
lncRNA_12778,Porites_evermani_scaffold_3328,23583,28717,+,5135
lncRNA_12780,Porites_evermani_scaffold_333,173917,174894,+,978
lncRNA_12781,Porites_evermani_scaffold_333,239214,241532,+,2319
lncRNA_12794,Porites_evermani_scaffold_3333,32684,33762,+,1079
lncRNA_12795,Porites_evermani_scaffold_3333,36581,48162,+,11582
lncRNA_12796,Porites_evermani_scaffold_3333,33187,38657,+,5471
lncRNA_12797,Porites_evermani_scaffold_3333,33313,38657,+,5345
lncRNA_12798,Porites_evermani_scaffold_3334,5634,26638,+,21005
lncRNA_12799,Porites_evermani_scaffold_3335,34727,38535,+,3809
lncRNA_12800,Porites_evermani_scaffold_3335,45096,48117,+,3022
lncRNA_12801,Porites_evermani_scaffold_3335,45149,48117,+,2969
lncRNA_12803,Porites_evermani_scaffold_3336,44624,47297,+,2674
lncRNA_12821,Porites_evermani_scaffold_3342,21636,23287,+,1652
lncRNA_12824,Porites_evermani_scaffold_3348,11191,13275,+,2085
lncRNA_12826,Porites_evermani_scaffold_3348,9768,12900,+,3133
lncRNA_12829,Porites_evermani_scaffold_335,108971,132475,+,23505
lncRNA_12830,Porites_evermani_scaffold_335,108971,132830,+,23860
lncRNA_12832,Porites_evermani_scaffold_335,283867,290556,+,6690
lncRNA_12833,Porites_evermani_scaffold_335,220613,223861,+,3249
lncRNA_12834,Porites_evermani_scaffold_335,237185,237845,+,661
lncRNA_12835,Porites_evermani_scaffold_335,239456,240662,+,1207
lncRNA_12839,Porites_evermani_scaffold_3350,5938,9055,+,3118
lncRNA_12845,Porites_evermani_scaffold_3354,45407,47615,+,2209
lncRNA_12846,Porites_evermani_scaffold_3355,1,2128,+,2128
lncRNA_12847,Porites_evermani_scaffold_3355,1,2303,+,2303
lncRNA_12848,Porites_evermani_scaffold_3355,42927,46901,+,3975
lncRNA_12849,Porites_evermani_scaffold_3355,24088,25590,+,1503
lncRNA_12858,Porites_evermani_scaffold_3358,5057,30761,+,25705
lncRNA_12859,Porites_evermani_scaffold_3358,5682,30761,+,25080
lncRNA_12860,Porites_evermani_scaffold_3358,6109,30761,+,24653
lncRNA_12861,Porites_evermani_scaffold_3358,6151,30761,+,24611
lncRNA_12862,Porites_evermani_scaffold_3358,6180,30761,+,24582
lncRNA_12863,Porites_evermani_scaffold_3358,6415,30761,+,24347
lncRNA_12864,Porites_evermani_scaffold_3358,6780,30515,+,23736
lncRNA_12865,Porites_evermani_scaffold_3358,6780,30761,+,23982
lncRNA_12866,Porites_evermani_scaffold_3358,7219,30515,+,23297
lncRNA_12867,Porites_evermani_scaffold_3359,17614,22325,+,4712
lncRNA_12868,Porites_evermani_scaffold_3359,19924,23939,+,4016
lncRNA_12869,Porites_evermani_scaffold_3359,19950,23939,+,3990
lncRNA_12870,Porites_evermani_scaffold_336,187442,193537,+,6096
lncRNA_12871,Porites_evermani_scaffold_336,171725,176385,+,4661
lncRNA_12874,Porites_evermani_scaffold_336,172386,176225,+,3840
lncRNA_12875,Porites_evermani_scaffold_336,185339,195256,+,9918
lncRNA_12876,Porites_evermani_scaffold_336,186290,192280,+,5991
lncRNA_12877,Porites_evermani_scaffold_336,186872,192280,+,5409
lncRNA_12878,Porites_evermani_scaffold_336,187073,192280,+,5208
lncRNA_12879,Porites_evermani_scaffold_336,187262,195256,+,7995
lncRNA_12880,Porites_evermani_scaffold_336,187289,192280,+,4992
lncRNA_12881,Porites_evermani_scaffold_336,187293,195256,+,7964
lncRNA_12882,Porites_evermani_scaffold_336,197237,199516,+,2280
lncRNA_12883,Porites_evermani_scaffold_336,197248,199516,+,2269
lncRNA_12884,Porites_evermani_scaffold_336,259279,264375,+,5097
lncRNA_12892,Porites_evermani_scaffold_3360,14060,18961,+,4902
lncRNA_12903,Porites_evermani_scaffold_3368,23752,25899,+,2148
lncRNA_12904,Porites_evermani_scaffold_3368,23772,29302,+,5531
lncRNA_12905,Porites_evermani_scaffold_3368,41464,42519,+,1056
lncRNA_12906,Porites_evermani_scaffold_3369,28556,34550,+,5995
lncRNA_12915,Porites_evermani_scaffold_3372,34063,36122,+,2060
lncRNA_12920,Porites_evermani_scaffold_3377,43420,45474,+,2055
lncRNA_12921,Porites_evermani_scaffold_3377,43798,45474,+,1677
lncRNA_12927,Porites_evermani_scaffold_338,13160,13593,+,434
lncRNA_12935,Porites_evermani_scaffold_3382,271,3686,+,3416
lncRNA_12936,Porites_evermani_scaffold_3384,7241,10955,+,3715
lncRNA_12941,Porites_evermani_scaffold_3387,22117,23231,+,1115
lncRNA_12945,Porites_evermani_scaffold_339,7180,8383,+,1204
lncRNA_12946,Porites_evermani_scaffold_339,91566,98377,+,6812
lncRNA_12947,Porites_evermani_scaffold_339,92596,98377,+,5782
lncRNA_12948,Porites_evermani_scaffold_339,125709,128535,+,2827
lncRNA_12949,Porites_evermani_scaffold_339,136051,146895,+,10845
lncRNA_12952,Porites_evermani_scaffold_339,204674,208610,+,3937
lncRNA_12954,Porites_evermani_scaffold_339,237507,238918,+,1412
lncRNA_12957,Porites_evermani_scaffold_3392,21454,21839,+,386
lncRNA_12959,Porites_evermani_scaffold_3395,20964,22224,+,1261
lncRNA_12964,Porites_evermani_scaffold_3397,42971,46615,+,3645
lncRNA_12982,Porites_evermani_scaffold_34,384777,385994,+,1218
lncRNA_12991,Porites_evermani_scaffold_340,266783,268209,+,1427
lncRNA_12993,Porites_evermani_scaffold_340,192808,193345,+,538
lncRNA_12994,Porites_evermani_scaffold_340,266470,270000,+,3531
lncRNA_12995,Porites_evermani_scaffold_340,266686,270000,+,3315
lncRNA_12996,Porites_evermani_scaffold_340,266779,270000,+,3222
lncRNA_12997,Porites_evermani_scaffold_340,268991,270000,+,1010
lncRNA_13011,Porites_evermani_scaffold_3401,44715,46270,+,1556
lncRNA_13021,Porites_evermani_scaffold_341,231298,239349,+,8052
lncRNA_13024,Porites_evermani_scaffold_341,262189,267761,+,5573
lncRNA_13031,Porites_evermani_scaffold_341,256947,259143,+,2197
lncRNA_13032,Porites_evermani_scaffold_3410,31036,31287,+,252
lncRNA_13041,Porites_evermani_scaffold_342,98797,104109,+,5313
lncRNA_13042,Porites_evermani_scaffold_342,123199,125591,+,2393
lncRNA_13043,Porites_evermani_scaffold_342,236752,238069,+,1318
lncRNA_13054,Porites_evermani_scaffold_3423,8820,12855,+,4036
lncRNA_13055,Porites_evermani_scaffold_3424,40570,44964,+,4395
lncRNA_13056,Porites_evermani_scaffold_3424,2581,4385,+,1805
lncRNA_13066,Porites_evermani_scaffold_3427,43775,45721,+,1947
lncRNA_13068,Porites_evermani_scaffold_3429,850,2399,+,1550
lncRNA_13073,Porites_evermani_scaffold_343,145896,149343,+,3448
lncRNA_13074,Porites_evermani_scaffold_343,146266,149343,+,3078
lncRNA_13076,Porites_evermani_scaffold_343,146861,149943,+,3083
lncRNA_13078,Porites_evermani_scaffold_343,293788,297742,+,3955
lncRNA_13081,Porites_evermani_scaffold_343,153902,154856,+,955
lncRNA_13083,Porites_evermani_scaffold_343,166463,168411,+,1949
lncRNA_13087,Porites_evermani_scaffold_3431,24368,25543,+,1176
lncRNA_13115,Porites_evermani_scaffold_3438,38160,43157,+,4998
lncRNA_13119,Porites_evermani_scaffold_344,183359,185703,+,2345
lncRNA_13131,Porites_evermani_scaffold_3443,36709,45263,+,8555
lncRNA_13132,Porites_evermani_scaffold_3444,7999,10895,+,2897
lncRNA_13134,Porites_evermani_scaffold_3449,4800,6542,+,1743
lncRNA_13135,Porites_evermani_scaffold_3449,17412,21161,+,3750
lncRNA_13136,Porites_evermani_scaffold_3449,2371,3858,+,1488
lncRNA_13137,Porites_evermani_scaffold_3449,2680,3858,+,1179
lncRNA_13138,Porites_evermani_scaffold_345,144200,144765,+,566
lncRNA_13139,Porites_evermani_scaffold_345,294438,297418,+,2981
lncRNA_13146,Porites_evermani_scaffold_3450,8340,10211,+,1872
lncRNA_13148,Porites_evermani_scaffold_3450,42715,44998,+,2284
lncRNA_13150,Porites_evermani_scaffold_3453,12416,17824,+,5409
lncRNA_13151,Porites_evermani_scaffold_3453,11417,14409,+,2993
lncRNA_13154,Porites_evermani_scaffold_3455,13035,15309,+,2275
lncRNA_13155,Porites_evermani_scaffold_3455,2233,3868,+,1636
lncRNA_13160,Porites_evermani_scaffold_3457,6642,9065,+,2424
lncRNA_13162,Porites_evermani_scaffold_346,19091,25236,+,6146
lncRNA_13170,Porites_evermani_scaffold_3464,14735,17572,+,2838
lncRNA_13171,Porites_evermani_scaffold_3464,16151,17572,+,1422
lncRNA_13188,Porites_evermani_scaffold_3471,25473,27143,+,1671
lncRNA_13190,Porites_evermani_scaffold_3472,26559,27001,+,443
lncRNA_13191,Porites_evermani_scaffold_3472,27490,27694,+,205
lncRNA_13192,Porites_evermani_scaffold_3473,18484,19761,+,1278
lncRNA_13194,Porites_evermani_scaffold_3475,14686,24897,+,10212
lncRNA_13195,Porites_evermani_scaffold_3475,15155,24897,+,9743
lncRNA_13204,Porites_evermani_scaffold_3477,8810,14761,+,5952
lncRNA_13205,Porites_evermani_scaffold_3477,8933,14761,+,5829
lncRNA_13206,Porites_evermani_scaffold_3477,8989,14761,+,5773
lncRNA_13215,Porites_evermani_scaffold_348,188165,188951,+,787
lncRNA_13217,Porites_evermani_scaffold_3483,5744,6243,+,500
lncRNA_13218,Porites_evermani_scaffold_3485,1,3883,+,3883
lncRNA_13223,Porites_evermani_scaffold_349,29937,33621,+,3685
lncRNA_13224,Porites_evermani_scaffold_349,30181,33621,+,3441
lncRNA_13225,Porites_evermani_scaffold_349,34090,43865,+,9776
lncRNA_13226,Porites_evermani_scaffold_349,199053,200858,+,1806
lncRNA_13233,Porites_evermani_scaffold_3494,9475,10618,+,1144
lncRNA_13245,Porites_evermani_scaffold_35,741099,742480,+,1382
lncRNA_13247,Porites_evermani_scaffold_35,819909,822881,+,2973
lncRNA_13248,Porites_evermani_scaffold_35,552422,558525,+,6104
lncRNA_13250,Porites_evermani_scaffold_35,800774,823540,+,22767
lncRNA_13251,Porites_evermani_scaffold_35,802276,823540,+,21265
lncRNA_13252,Porites_evermani_scaffold_35,239679,240360,+,682
lncRNA_13257,Porites_evermani_scaffold_350,148468,150041,+,1574
lncRNA_13261,Porites_evermani_scaffold_350,108040,109501,+,1462
lncRNA_13262,Porites_evermani_scaffold_350,291019,295387,+,4369
lncRNA_13263,Porites_evermani_scaffold_350,291694,295387,+,3694
lncRNA_13268,Porites_evermani_scaffold_3500,30669,33437,+,2769
lncRNA_13269,Porites_evermani_scaffold_3501,27235,30978,+,3744
lncRNA_13271,Porites_evermani_scaffold_3504,516,3729,+,3214
lncRNA_13272,Porites_evermani_scaffold_3504,1934,3729,+,1796
lncRNA_13273,Porites_evermani_scaffold_3504,2043,3729,+,1687
lncRNA_13277,Porites_evermani_scaffold_3506,7772,19725,+,11954
lncRNA_13282,Porites_evermani_scaffold_3508,7278,20896,+,13619
lncRNA_13283,Porites_evermani_scaffold_3508,7295,10818,+,3524
lncRNA_13284,Porites_evermani_scaffold_3508,7304,11837,+,4534
lncRNA_13286,Porites_evermani_scaffold_3509,12837,36428,+,23592
lncRNA_13287,Porites_evermani_scaffold_3509,12847,36428,+,23582
lncRNA_13289,Porites_evermani_scaffold_3509,12858,36428,+,23571
lncRNA_13291,Porites_evermani_scaffold_3509,41582,42003,+,422
lncRNA_13293,Porites_evermani_scaffold_351,268934,272489,+,3556
lncRNA_13294,Porites_evermani_scaffold_351,280755,284824,+,4070
lncRNA_13303,Porites_evermani_scaffold_3513,5831,6031,+,201
lncRNA_13311,Porites_evermani_scaffold_3515,43456,43690,+,235
lncRNA_13315,Porites_evermani_scaffold_352,46597,50101,+,3505
lncRNA_13316,Porites_evermani_scaffold_352,219152,226575,+,7424
lncRNA_13317,Porites_evermani_scaffold_352,227564,243966,+,16403
lncRNA_13318,Porites_evermani_scaffold_352,46013,50106,+,4094
lncRNA_13319,Porites_evermani_scaffold_352,161102,170886,+,9785
lncRNA_13320,Porites_evermani_scaffold_352,161380,170886,+,9507
lncRNA_13321,Porites_evermani_scaffold_352,249535,249924,+,390
lncRNA_13322,Porites_evermani_scaffold_352,219150,223415,+,4266
lncRNA_13323,Porites_evermani_scaffold_352,262875,266006,+,3132
lncRNA_13324,Porites_evermani_scaffold_352,263429,266006,+,2578
lncRNA_13325,Porites_evermani_scaffold_352,285302,286931,+,1630
lncRNA_13338,Porites_evermani_scaffold_3526,4867,19874,+,15008
lncRNA_13339,Porites_evermani_scaffold_3526,42191,43652,+,1462
lncRNA_13343,Porites_evermani_scaffold_3528,16054,23410,+,7357
lncRNA_13344,Porites_evermani_scaffold_3528,16074,19132,+,3059
lncRNA_13352,Porites_evermani_scaffold_353,260945,261589,+,645
lncRNA_13362,Porites_evermani_scaffold_3531,23586,25289,+,1704
lncRNA_13363,Porites_evermani_scaffold_3531,25640,26250,+,611
lncRNA_13364,Porites_evermani_scaffold_3531,12162,13048,+,887
lncRNA_13368,Porites_evermani_scaffold_3534,21724,22965,+,1242
lncRNA_13370,Porites_evermani_scaffold_3534,779,5181,+,4403
lncRNA_13372,Porites_evermani_scaffold_3534,792,4572,+,3781
lncRNA_13373,Porites_evermani_scaffold_3534,797,5201,+,4405
lncRNA_13377,Porites_evermani_scaffold_3535,40478,42252,+,1775
lncRNA_13388,Porites_evermani_scaffold_354,13590,16210,+,2621
lncRNA_13391,Porites_evermani_scaffold_354,266926,267402,+,477
lncRNA_13399,Porites_evermani_scaffold_3544,22371,23936,+,1566
lncRNA_13402,Porites_evermani_scaffold_3547,7864,11593,+,3730
lncRNA_13404,Porites_evermani_scaffold_3547,7959,11197,+,3239
lncRNA_13407,Porites_evermani_scaffold_355,193630,195550,+,1921
lncRNA_13411,Porites_evermani_scaffold_355,103219,107936,+,4718
lncRNA_13412,Porites_evermani_scaffold_355,103270,107936,+,4667
lncRNA_13414,Porites_evermani_scaffold_355,189801,193629,+,3829
lncRNA_13415,Porites_evermani_scaffold_355,290465,294636,+,4172
lncRNA_13420,Porites_evermani_scaffold_3552,750,2309,+,1560
lncRNA_13422,Porites_evermani_scaffold_3553,1,249,+,249
lncRNA_13428,Porites_evermani_scaffold_3559,12756,13580,+,825
lncRNA_13433,Porites_evermani_scaffold_356,114767,120535,+,5769
lncRNA_13434,Porites_evermani_scaffold_356,117426,120535,+,3110
lncRNA_13439,Porites_evermani_scaffold_3560,179,4185,+,4007
lncRNA_13440,Porites_evermani_scaffold_3560,35029,37078,+,2050
lncRNA_13442,Porites_evermani_scaffold_3561,40814,42654,+,1841
lncRNA_13443,Porites_evermani_scaffold_3562,24832,28014,+,3183
lncRNA_13450,Porites_evermani_scaffold_3567,13443,14722,+,1280
lncRNA_13452,Porites_evermani_scaffold_3568,37287,42550,+,5264
lncRNA_13453,Porites_evermani_scaffold_357,4441,7290,+,2850
lncRNA_13454,Porites_evermani_scaffold_357,4971,7290,+,2320
lncRNA_13456,Porites_evermani_scaffold_357,118595,122811,+,4217
lncRNA_13457,Porites_evermani_scaffold_357,118634,122811,+,4178
lncRNA_13458,Porites_evermani_scaffold_357,281511,285359,+,3849
lncRNA_13472,Porites_evermani_scaffold_3570,911,3870,+,2960
lncRNA_13476,Porites_evermani_scaffold_3572,1637,5264,+,3628
lncRNA_13488,Porites_evermani_scaffold_358,195702,196385,+,684
lncRNA_13489,Porites_evermani_scaffold_3580,31007,33296,+,2290
lncRNA_13501,Porites_evermani_scaffold_3584,16047,33566,+,17520
lncRNA_13504,Porites_evermani_scaffold_3586,1818,7471,+,5654
lncRNA_13505,Porites_evermani_scaffold_3586,8372,10666,+,2295
lncRNA_13509,Porites_evermani_scaffold_3589,487,1087,+,601
lncRNA_13512,Porites_evermani_scaffold_359,219210,220048,+,839
lncRNA_13513,Porites_evermani_scaffold_359,222250,223715,+,1466
lncRNA_13514,Porites_evermani_scaffold_359,222349,229934,+,7586
lncRNA_13515,Porites_evermani_scaffold_359,222472,229934,+,7463
lncRNA_13518,Porites_evermani_scaffold_359,222472,238572,+,16101
lncRNA_13526,Porites_evermani_scaffold_3591,28081,29954,+,1874
lncRNA_13530,Porites_evermani_scaffold_3594,23348,29749,+,6402
lncRNA_13532,Porites_evermani_scaffold_3596,39357,42038,+,2682
lncRNA_13533,Porites_evermani_scaffold_3597,5329,6893,+,1565
lncRNA_13536,Porites_evermani_scaffold_3599,16505,26117,+,9613
lncRNA_13538,Porites_evermani_scaffold_3599,16505,27822,+,11318
lncRNA_13541,Porites_evermani_scaffold_3599,16507,26117,+,9611
lncRNA_13542,Porites_evermani_scaffold_3599,19945,27822,+,7878
lncRNA_13543,Porites_evermani_scaffold_3599,16513,26184,+,9672
lncRNA_13546,Porites_evermani_scaffold_36,130870,131461,+,592
lncRNA_13547,Porites_evermani_scaffold_36,203436,207337,+,3902
lncRNA_13548,Porites_evermani_scaffold_36,203637,207337,+,3701
lncRNA_13551,Porites_evermani_scaffold_36,264369,269920,+,5552
lncRNA_13552,Porites_evermani_scaffold_36,300042,316977,+,16936
lncRNA_13553,Porites_evermani_scaffold_36,375245,378680,+,3436
lncRNA_13554,Porites_evermani_scaffold_36,391939,392865,+,927
lncRNA_13555,Porites_evermani_scaffold_36,81784,84746,+,2963
lncRNA_13556,Porites_evermani_scaffold_36,115112,117063,+,1952
lncRNA_13557,Porites_evermani_scaffold_36,172882,176802,+,3921
lncRNA_13558,Porites_evermani_scaffold_36,222304,237671,+,15368
lncRNA_13559,Porites_evermani_scaffold_36,224364,228086,+,3723
lncRNA_13560,Porites_evermani_scaffold_36,228087,237671,+,9585
lncRNA_13562,Porites_evermani_scaffold_36,367372,367774,+,403
lncRNA_13563,Porites_evermani_scaffold_36,376376,378137,+,1762
lncRNA_13564,Porites_evermani_scaffold_36,72330,74361,+,2032
lncRNA_13570,Porites_evermani_scaffold_36,582665,584019,+,1355
lncRNA_13573,Porites_evermani_scaffold_360,15021,16436,+,1416
lncRNA_13581,Porites_evermani_scaffold_3600,1,2653,+,2653
lncRNA_13585,Porites_evermani_scaffold_3605,1,2294,+,2294
lncRNA_13588,Porites_evermani_scaffold_3605,35452,40847,+,5396
lncRNA_13592,Porites_evermani_scaffold_3607,26885,27629,+,745
lncRNA_13595,Porites_evermani_scaffold_3609,44,5444,+,5401
lncRNA_13596,Porites_evermani_scaffold_3609,2831,5444,+,2614
lncRNA_13597,Porites_evermani_scaffold_3609,26612,27539,+,928
lncRNA_13605,Porites_evermani_scaffold_3610,1,634,+,634
lncRNA_13610,Porites_evermani_scaffold_3611,1,1562,+,1562
lncRNA_13617,Porites_evermani_scaffold_362,139921,141857,+,1937
lncRNA_13625,Porites_evermani_scaffold_3624,15437,25541,+,10105
lncRNA_13627,Porites_evermani_scaffold_3625,700,5672,+,4973
lncRNA_13632,Porites_evermani_scaffold_363,280219,290883,+,10665
lncRNA_13635,Porites_evermani_scaffold_363,212526,212923,+,398
lncRNA_13640,Porites_evermani_scaffold_3633,26153,29076,+,2924
lncRNA_13653,Porites_evermani_scaffold_364,232895,234170,+,1276
lncRNA_13654,Porites_evermani_scaffold_364,1,910,+,910
lncRNA_13657,Porites_evermani_scaffold_3640,33236,37600,+,4365
lncRNA_13658,Porites_evermani_scaffold_3640,33609,37600,+,3992
lncRNA_13660,Porites_evermani_scaffold_3642,28070,30382,+,2313
lncRNA_13661,Porites_evermani_scaffold_3642,28078,30382,+,2305
lncRNA_13662,Porites_evermani_scaffold_3642,31003,32032,+,1030
lncRNA_13667,Porites_evermani_scaffold_3646,9941,13828,+,3888
lncRNA_13679,Porites_evermani_scaffold_3650,13408,39407,+,26000
lncRNA_13681,Porites_evermani_scaffold_3650,2271,28635,+,26365
lncRNA_13685,Porites_evermani_scaffold_3654,22454,25657,+,3204
lncRNA_13686,Porites_evermani_scaffold_3654,22242,40593,+,18352
lncRNA_13687,Porites_evermani_scaffold_3654,22252,40593,+,18342
lncRNA_13688,Porites_evermani_scaffold_3654,22271,40593,+,18323
lncRNA_13689,Porites_evermani_scaffold_3654,22451,40593,+,18143
lncRNA_13694,Porites_evermani_scaffold_3658,29665,33942,+,4278
lncRNA_13697,Porites_evermani_scaffold_366,65919,70128,+,4210
lncRNA_13700,Porites_evermani_scaffold_366,12000,14133,+,2134
lncRNA_13704,Porites_evermani_scaffold_3660,11049,13965,+,2917
lncRNA_13713,Porites_evermani_scaffold_3665,26,4009,+,3984
lncRNA_13722,Porites_evermani_scaffold_367,111339,115159,+,3821
lncRNA_13723,Porites_evermani_scaffold_367,176450,177956,+,1507
lncRNA_13725,Porites_evermani_scaffold_367,261893,268006,+,6114
lncRNA_13727,Porites_evermani_scaffold_367,246878,258802,+,11925
lncRNA_13728,Porites_evermani_scaffold_367,260457,261830,+,1374
lncRNA_13729,Porites_evermani_scaffold_367,263543,273920,+,10378
lncRNA_13730,Porites_evermani_scaffold_367,263547,269830,+,6284
lncRNA_13731,Porites_evermani_scaffold_367,264564,269830,+,5267
lncRNA_13732,Porites_evermani_scaffold_367,266028,269830,+,3803
lncRNA_13736,Porites_evermani_scaffold_3672,36931,40222,+,3292
lncRNA_13737,Porites_evermani_scaffold_3672,7456,14063,+,6608
lncRNA_13738,Porites_evermani_scaffold_3672,9162,12538,+,3377
lncRNA_13747,Porites_evermani_scaffold_3677,29692,33757,+,4066
lncRNA_13749,Porites_evermani_scaffold_368,274850,275652,+,803
lncRNA_13750,Porites_evermani_scaffold_368,184467,201655,+,17189
lncRNA_13751,Porites_evermani_scaffold_368,185567,201655,+,16089
lncRNA_13759,Porites_evermani_scaffold_3683,29074,39119,+,10046
lncRNA_13776,Porites_evermani_scaffold_369,12909,14654,+,1746
lncRNA_13780,Porites_evermani_scaffold_369,79071,82106,+,3036
lncRNA_13781,Porites_evermani_scaffold_369,107337,110502,+,3166
lncRNA_13782,Porites_evermani_scaffold_369,108708,110502,+,1795
lncRNA_13787,Porites_evermani_scaffold_3693,37532,39659,+,2128
lncRNA_13795,Porites_evermani_scaffold_3698,29218,39683,+,10466
lncRNA_13796,Porites_evermani_scaffold_3698,29231,39683,+,10453
lncRNA_13798,Porites_evermani_scaffold_37,49162,51625,+,2464
lncRNA_13806,Porites_evermani_scaffold_37,625417,631979,+,6563
lncRNA_13808,Porites_evermani_scaffold_37,30531,31528,+,998
lncRNA_13809,Porites_evermani_scaffold_37,30550,31528,+,979
lncRNA_13810,Porites_evermani_scaffold_37,173971,178164,+,4194
lncRNA_13811,Porites_evermani_scaffold_37,231788,234177,+,2390
lncRNA_13819,Porites_evermani_scaffold_37,32202,33479,+,1278
lncRNA_13829,Porites_evermani_scaffold_370,254295,259217,+,4923
lncRNA_13831,Porites_evermani_scaffold_370,131286,132419,+,1134
lncRNA_13832,Porites_evermani_scaffold_370,273111,285106,+,11996
lncRNA_13844,Porites_evermani_scaffold_370,142227,144126,+,1900
lncRNA_13856,Porites_evermani_scaffold_3706,2008,3301,+,1294
lncRNA_13858,Porites_evermani_scaffold_3706,6803,8292,+,1490
lncRNA_13860,Porites_evermani_scaffold_3709,8129,8707,+,579
lncRNA_13861,Porites_evermani_scaffold_3709,22388,23125,+,738
lncRNA_13863,Porites_evermani_scaffold_3709,29932,32033,+,2102
lncRNA_13864,Porites_evermani_scaffold_371,16618,17650,+,1033
lncRNA_13865,Porites_evermani_scaffold_371,67574,84711,+,17138
lncRNA_13866,Porites_evermani_scaffold_371,67785,73589,+,5805
lncRNA_13867,Porites_evermani_scaffold_371,83016,84711,+,1696
lncRNA_13868,Porites_evermani_scaffold_371,117740,120800,+,3061
lncRNA_13869,Porites_evermani_scaffold_371,169304,191359,+,22056
lncRNA_13870,Porites_evermani_scaffold_371,170163,191359,+,21197
lncRNA_13871,Porites_evermani_scaffold_371,170258,191359,+,21102
lncRNA_13872,Porites_evermani_scaffold_371,88066,93744,+,5679
lncRNA_13873,Porites_evermani_scaffold_371,230529,231398,+,870
lncRNA_13874,Porites_evermani_scaffold_371,1,708,+,708
lncRNA_13879,Porites_evermani_scaffold_3711,5642,20561,+,14920
lncRNA_13880,Porites_evermani_scaffold_3711,37426,39167,+,1742
lncRNA_13883,Porites_evermani_scaffold_3712,6237,9779,+,3543
lncRNA_13885,Porites_evermani_scaffold_3712,6570,9415,+,2846
lncRNA_13887,Porites_evermani_scaffold_3712,33046,33321,+,276
lncRNA_13890,Porites_evermani_scaffold_3713,16278,19287,+,3010
lncRNA_13895,Porites_evermani_scaffold_3717,35050,39206,+,4157
lncRNA_13896,Porites_evermani_scaffold_372,232857,238298,+,5442
lncRNA_13897,Porites_evermani_scaffold_372,232979,237756,+,4778
lncRNA_13898,Porites_evermani_scaffold_372,35740,37672,+,1933
lncRNA_13900,Porites_evermani_scaffold_372,233176,238799,+,5624
lncRNA_13901,Porites_evermani_scaffold_372,233306,238799,+,5494
lncRNA_13902,Porites_evermani_scaffold_372,233307,238799,+,5493
lncRNA_13903,Porites_evermani_scaffold_372,233478,238799,+,5322
lncRNA_13914,Porites_evermani_scaffold_3723,1,2409,+,2409
lncRNA_13919,Porites_evermani_scaffold_3728,23528,27641,+,4114
lncRNA_13920,Porites_evermani_scaffold_3728,24491,27641,+,3151
lncRNA_13921,Porites_evermani_scaffold_3728,26753,36548,+,9796
lncRNA_13922,Porites_evermani_scaffold_3728,26807,36858,+,10052
lncRNA_13923,Porites_evermani_scaffold_3728,35546,36858,+,1313
lncRNA_13925,Porites_evermani_scaffold_3728,37010,38839,+,1830
lncRNA_13926,Porites_evermani_scaffold_3729,670,9954,+,9285
lncRNA_13927,Porites_evermani_scaffold_3729,720,4759,+,4040
lncRNA_13928,Porites_evermani_scaffold_3729,931,9954,+,9024
lncRNA_13929,Porites_evermani_scaffold_3729,1215,4759,+,3545
lncRNA_13930,Porites_evermani_scaffold_3729,1933,2468,+,536
lncRNA_13939,Porites_evermani_scaffold_3730,1,6151,+,6151
lncRNA_13948,Porites_evermani_scaffold_3735,12879,16962,+,4084
lncRNA_13949,Porites_evermani_scaffold_3736,1,2125,+,2125
lncRNA_13953,Porites_evermani_scaffold_3736,5555,6699,+,1145
lncRNA_13954,Porites_evermani_scaffold_3736,26110,26701,+,592
lncRNA_13974,Porites_evermani_scaffold_3740,37406,38754,+,1349
lncRNA_13978,Porites_evermani_scaffold_3743,24466,26144,+,1679
lncRNA_13979,Porites_evermani_scaffold_3743,24489,27888,+,3400
lncRNA_13980,Porites_evermani_scaffold_3744,30308,35149,+,4842
lncRNA_13984,Porites_evermani_scaffold_3746,3204,16323,+,13120
lncRNA_13992,Porites_evermani_scaffold_3748,1415,3367,+,1953
lncRNA_13993,Porites_evermani_scaffold_3748,1439,3367,+,1929
lncRNA_13995,Porites_evermani_scaffold_3748,5646,30042,+,24397
lncRNA_13998,Porites_evermani_scaffold_3749,1,11325,+,11325
lncRNA_14000,Porites_evermani_scaffold_375,170792,172885,+,2094
lncRNA_14001,Porites_evermani_scaffold_375,235613,239987,+,4375
lncRNA_14002,Porites_evermani_scaffold_375,98718,105260,+,6543
lncRNA_14003,Porites_evermani_scaffold_375,98721,105260,+,6540
lncRNA_14004,Porites_evermani_scaffold_375,98724,105260,+,6537
lncRNA_14005,Porites_evermani_scaffold_375,98735,103398,+,4664
lncRNA_14007,Porites_evermani_scaffold_375,123463,130415,+,6953
lncRNA_14008,Porites_evermani_scaffold_375,129009,130561,+,1553
lncRNA_14009,Porites_evermani_scaffold_375,146555,147721,+,1167
lncRNA_14018,Porites_evermani_scaffold_3756,1979,8728,+,6750
lncRNA_14020,Porites_evermani_scaffold_3756,26836,29092,+,2257
lncRNA_14021,Porites_evermani_scaffold_3756,24712,25540,+,829
lncRNA_14023,Porites_evermani_scaffold_3757,26063,33002,+,6940
lncRNA_14024,Porites_evermani_scaffold_376,42528,47025,+,4498
lncRNA_14025,Porites_evermani_scaffold_376,220642,221225,+,584
lncRNA_14035,Porites_evermani_scaffold_3764,22769,30788,+,8020
lncRNA_14036,Porites_evermani_scaffold_3764,22850,30788,+,7939
lncRNA_14038,Porites_evermani_scaffold_3766,1690,4314,+,2625
lncRNA_14040,Porites_evermani_scaffold_3769,4468,7423,+,2956
lncRNA_14045,Porites_evermani_scaffold_377,86178,89891,+,3714
lncRNA_14047,Porites_evermani_scaffold_377,240207,259068,+,18862
lncRNA_14057,Porites_evermani_scaffold_3772,32540,37851,+,5312
lncRNA_14070,Porites_evermani_scaffold_3779,31943,37592,+,5650
lncRNA_14073,Porites_evermani_scaffold_378,80969,82961,+,1993
lncRNA_14075,Porites_evermani_scaffold_378,80978,82961,+,1984
lncRNA_14076,Porites_evermani_scaffold_378,127826,128506,+,681
lncRNA_14086,Porites_evermani_scaffold_3783,15691,18759,+,3069
lncRNA_14088,Porites_evermani_scaffold_3786,1,528,+,528
lncRNA_14089,Porites_evermani_scaffold_3787,27768,31581,+,3814
lncRNA_14095,Porites_evermani_scaffold_379,55663,61544,+,5882
lncRNA_14096,Porites_evermani_scaffold_379,59654,61544,+,1891
lncRNA_14098,Porites_evermani_scaffold_379,106658,107543,+,886
lncRNA_14099,Porites_evermani_scaffold_379,115132,117269,+,2138
lncRNA_14112,Porites_evermani_scaffold_3792,4970,8178,+,3209
lncRNA_14122,Porites_evermani_scaffold_38,6512,10455,+,3944
lncRNA_14124,Porites_evermani_scaffold_38,167537,177579,+,10043
lncRNA_14125,Porites_evermani_scaffold_38,216815,217383,+,569
lncRNA_14126,Porites_evermani_scaffold_38,508413,519609,+,11197
lncRNA_14128,Porites_evermani_scaffold_38,7944,12258,+,4315
lncRNA_14129,Porites_evermani_scaffold_38,8214,12258,+,4045
lncRNA_14130,Porites_evermani_scaffold_38,455185,463308,+,8124
lncRNA_14131,Porites_evermani_scaffold_38,455371,463308,+,7938
lncRNA_14132,Porites_evermani_scaffold_38,455498,463308,+,7811
lncRNA_14133,Porites_evermani_scaffold_38,508419,533358,+,24940
lncRNA_14134,Porites_evermani_scaffold_38,511215,533358,+,22144
lncRNA_14139,Porites_evermani_scaffold_38,346000,346982,+,983
lncRNA_14141,Porites_evermani_scaffold_38,503960,506065,+,2106
lncRNA_14146,Porites_evermani_scaffold_38,704752,708232,+,3481
lncRNA_14148,Porites_evermani_scaffold_380,33159,35319,+,2161
lncRNA_14150,Porites_evermani_scaffold_380,61686,65150,+,3465
lncRNA_14151,Porites_evermani_scaffold_380,16975,18306,+,1332
lncRNA_14152,Porites_evermani_scaffold_380,16976,18306,+,1331
lncRNA_14153,Porites_evermani_scaffold_380,17379,18907,+,1529
lncRNA_14164,Porites_evermani_scaffold_3805,30589,32974,+,2386
lncRNA_14165,Porites_evermani_scaffold_3805,30604,32974,+,2371
lncRNA_14166,Porites_evermani_scaffold_3805,30609,35732,+,5124
lncRNA_14171,Porites_evermani_scaffold_3809,35795,36916,+,1122
lncRNA_14173,Porites_evermani_scaffold_381,170774,173332,+,2559
lncRNA_14174,Porites_evermani_scaffold_381,170850,173332,+,2483
lncRNA_14188,Porites_evermani_scaffold_3814,83,709,+,627
lncRNA_14189,Porites_evermani_scaffold_3815,32769,34041,+,1273
lncRNA_14192,Porites_evermani_scaffold_3817,9372,12815,+,3444
lncRNA_14193,Porites_evermani_scaffold_3817,9813,23380,+,13568
lncRNA_14194,Porites_evermani_scaffold_3817,9901,24143,+,14243
lncRNA_14199,Porites_evermani_scaffold_382,16575,17779,+,1205
lncRNA_14204,Porites_evermani_scaffold_3822,33979,36230,+,2252
lncRNA_14205,Porites_evermani_scaffold_3822,34040,36230,+,2191
lncRNA_14207,Porites_evermani_scaffold_3824,35399,36928,+,1530
lncRNA_14208,Porites_evermani_scaffold_3826,213,5632,+,5420
lncRNA_14214,Porites_evermani_scaffold_3828,529,12199,+,11671
lncRNA_14219,Porites_evermani_scaffold_383,21594,25446,+,3853
lncRNA_14221,Porites_evermani_scaffold_383,212939,213441,+,503
lncRNA_14225,Porites_evermani_scaffold_3831,2889,3252,+,364
lncRNA_14233,Porites_evermani_scaffold_3835,67,2107,+,2041
lncRNA_14240,Porites_evermani_scaffold_384,26723,32710,+,5988
lncRNA_14241,Porites_evermani_scaffold_384,30308,32710,+,2403
lncRNA_14242,Porites_evermani_scaffold_384,5232,6083,+,852
lncRNA_14251,Porites_evermani_scaffold_3840,29518,35649,+,6132
lncRNA_14252,Porites_evermani_scaffold_3840,31905,35649,+,3745
lncRNA_14253,Porites_evermani_scaffold_3841,18333,20708,+,2376
lncRNA_14255,Porites_evermani_scaffold_3841,33279,36743,+,3465
lncRNA_14259,Porites_evermani_scaffold_3844,22476,24569,+,2094
lncRNA_14278,Porites_evermani_scaffold_3853,35831,36578,+,748
lncRNA_14279,Porites_evermani_scaffold_3854,28164,29414,+,1251
lncRNA_14282,Porites_evermani_scaffold_3856,25715,32007,+,6293
lncRNA_14285,Porites_evermani_scaffold_3856,25835,32013,+,6179
lncRNA_14286,Porites_evermani_scaffold_3856,32417,34206,+,1790
lncRNA_14290,Porites_evermani_scaffold_386,1310,2616,+,1307
lncRNA_14292,Porites_evermani_scaffold_386,157783,159873,+,2091
lncRNA_14293,Porites_evermani_scaffold_386,182758,185718,+,2961
lncRNA_14294,Porites_evermani_scaffold_386,135097,136080,+,984
lncRNA_14295,Porites_evermani_scaffold_386,154421,154628,+,208
lncRNA_14296,Porites_evermani_scaffold_386,163060,163289,+,230
lncRNA_14298,Porites_evermani_scaffold_3860,566,13079,+,12514
lncRNA_14300,Porites_evermani_scaffold_3860,648,12455,+,11808
lncRNA_14301,Porites_evermani_scaffold_3860,670,9464,+,8795
lncRNA_14304,Porites_evermani_scaffold_3863,21134,27381,+,6248
lncRNA_14306,Porites_evermani_scaffold_3866,822,2219,+,1398
lncRNA_14312,Porites_evermani_scaffold_3869,7474,10738,+,3265
lncRNA_14318,Porites_evermani_scaffold_3870,366,1602,+,1237
lncRNA_14319,Porites_evermani_scaffold_3870,28607,29189,+,583
lncRNA_14321,Porites_evermani_scaffold_3873,5971,8265,+,2295
lncRNA_14324,Porites_evermani_scaffold_3876,158,8254,+,8097
lncRNA_14327,Porites_evermani_scaffold_3879,6845,21067,+,14223
lncRNA_14328,Porites_evermani_scaffold_3879,7633,21067,+,13435
lncRNA_14335,Porites_evermani_scaffold_388,349,1257,+,909
lncRNA_14337,Porites_evermani_scaffold_388,82019,87896,+,5878
lncRNA_14338,Porites_evermani_scaffold_388,82275,87896,+,5622
lncRNA_14341,Porites_evermani_scaffold_388,193387,194897,+,1511
lncRNA_14342,Porites_evermani_scaffold_388,242993,244517,+,1525
lncRNA_14358,Porites_evermani_scaffold_3888,29555,32647,+,3093
lncRNA_14361,Porites_evermani_scaffold_389,8098,19876,+,11779
lncRNA_14363,Porites_evermani_scaffold_389,51765,53398,+,1634
lncRNA_14364,Porites_evermani_scaffold_389,51811,53398,+,1588
lncRNA_14366,Porites_evermani_scaffold_389,166997,169616,+,2620
lncRNA_14367,Porites_evermani_scaffold_389,172310,172761,+,452
lncRNA_14368,Porites_evermani_scaffold_389,263765,264790,+,1026
lncRNA_14369,Porites_evermani_scaffold_389,40258,43187,+,2930
lncRNA_14370,Porites_evermani_scaffold_389,40687,43378,+,2692
lncRNA_14371,Porites_evermani_scaffold_389,44386,48842,+,4457
lncRNA_14372,Porites_evermani_scaffold_389,44580,49816,+,5237
lncRNA_14374,Porites_evermani_scaffold_389,44715,48709,+,3995
lncRNA_14376,Porites_evermani_scaffold_389,76698,81128,+,4431
lncRNA_14377,Porites_evermani_scaffold_389,105244,106424,+,1181
lncRNA_14378,Porites_evermani_scaffold_389,105262,110867,+,5606
lncRNA_14379,Porites_evermani_scaffold_389,105386,106424,+,1039
lncRNA_14380,Porites_evermani_scaffold_389,108773,109315,+,543
lncRNA_14381,Porites_evermani_scaffold_389,165243,169537,+,4295
lncRNA_14382,Porites_evermani_scaffold_389,191602,206083,+,14482
lncRNA_14386,Porites_evermani_scaffold_389,282543,284482,+,1940
lncRNA_14388,Porites_evermani_scaffold_389,147288,149638,+,2351
lncRNA_14390,Porites_evermani_scaffold_3890,19004,25074,+,6071
lncRNA_14393,Porites_evermani_scaffold_3893,10,6436,+,6427
lncRNA_14394,Porites_evermani_scaffold_3893,243,4310,+,4068
lncRNA_14395,Porites_evermani_scaffold_3893,2005,4310,+,2306
lncRNA_14396,Porites_evermani_scaffold_3893,3077,6446,+,3370
lncRNA_14403,Porites_evermani_scaffold_3898,4328,8004,+,3677
lncRNA_14405,Porites_evermani_scaffold_3899,4,12460,+,12457
lncRNA_14406,Porites_evermani_scaffold_3899,4,15102,+,15099
lncRNA_14416,Porites_evermani_scaffold_39,285999,288720,+,2722
lncRNA_14417,Porites_evermani_scaffold_39,420197,425059,+,4863
lncRNA_14418,Porites_evermani_scaffold_39,652402,653122,+,721
lncRNA_14420,Porites_evermani_scaffold_39,378962,382873,+,3912
lncRNA_14421,Porites_evermani_scaffold_39,379172,382873,+,3702
lncRNA_14422,Porites_evermani_scaffold_39,379344,382873,+,3530
lncRNA_14423,Porites_evermani_scaffold_39,508410,509249,+,840
lncRNA_14424,Porites_evermani_scaffold_39,723195,725042,+,1848
lncRNA_14434,Porites_evermani_scaffold_3900,26551,29055,+,2505
lncRNA_14438,Porites_evermani_scaffold_3905,27987,34802,+,6816
lncRNA_14439,Porites_evermani_scaffold_3905,21221,25334,+,4114
lncRNA_14440,Porites_evermani_scaffold_3905,21325,25334,+,4010
lncRNA_14450,Porites_evermani_scaffold_391,144528,146033,+,1506
lncRNA_14464,Porites_evermani_scaffold_392,231165,233718,+,2554
lncRNA_14465,Porites_evermani_scaffold_392,231181,233677,+,2497
lncRNA_14466,Porites_evermani_scaffold_392,229551,230602,+,1052
lncRNA_14469,Porites_evermani_scaffold_3920,13495,15699,+,2205
lncRNA_14470,Porites_evermani_scaffold_3920,4867,8055,+,3189
lncRNA_14471,Porites_evermani_scaffold_3920,23102,25843,+,2742
lncRNA_14472,Porites_evermani_scaffold_3920,26540,26890,+,351
lncRNA_14476,Porites_evermani_scaffold_3923,210,1534,+,1325
lncRNA_14477,Porites_evermani_scaffold_3924,1,431,+,431
lncRNA_14481,Porites_evermani_scaffold_3929,25112,35247,+,10136
lncRNA_14482,Porites_evermani_scaffold_393,242479,248250,+,5772
lncRNA_14485,Porites_evermani_scaffold_393,206901,208046,+,1146
lncRNA_14493,Porites_evermani_scaffold_393,280796,282542,+,1747
lncRNA_14495,Porites_evermani_scaffold_3933,4008,4677,+,670
lncRNA_14498,Porites_evermani_scaffold_3935,4477,25151,+,20675
lncRNA_14499,Porites_evermani_scaffold_3935,6700,7658,+,959
lncRNA_14501,Porites_evermani_scaffold_3935,28908,30260,+,1353
lncRNA_14508,Porites_evermani_scaffold_394,243191,248425,+,5235
lncRNA_14509,Porites_evermani_scaffold_394,260689,261957,+,1269
lncRNA_14514,Porites_evermani_scaffold_394,150498,154786,+,4289
lncRNA_14516,Porites_evermani_scaffold_3940,18990,19774,+,785
lncRNA_14523,Porites_evermani_scaffold_3945,12327,21014,+,8688
lncRNA_14528,Porites_evermani_scaffold_395,40448,43291,+,2844
lncRNA_14529,Porites_evermani_scaffold_395,239682,255574,+,15893
lncRNA_14536,Porites_evermani_scaffold_3952,31516,33199,+,1684
lncRNA_14538,Porites_evermani_scaffold_3957,1,1936,+,1936
lncRNA_14542,Porites_evermani_scaffold_396,4022,5135,+,1114
lncRNA_14553,Porites_evermani_scaffold_3966,19406,20534,+,1129
lncRNA_14559,Porites_evermani_scaffold_397,94503,99958,+,5456
lncRNA_14560,Porites_evermani_scaffold_397,94506,99958,+,5453
lncRNA_14561,Porites_evermani_scaffold_397,184815,186628,+,1814
lncRNA_14562,Porites_evermani_scaffold_397,242912,248475,+,5564
lncRNA_14565,Porites_evermani_scaffold_3970,208,1728,+,1521
lncRNA_14578,Porites_evermani_scaffold_3978,26603,28901,+,2299
lncRNA_14579,Porites_evermani_scaffold_398,210644,216052,+,5409
lncRNA_14580,Porites_evermani_scaffold_398,210645,216052,+,5408
lncRNA_14581,Porites_evermani_scaffold_398,210649,216052,+,5404
lncRNA_14585,Porites_evermani_scaffold_398,91157,91419,+,263
lncRNA_14586,Porites_evermani_scaffold_398,146864,148356,+,1493
lncRNA_14599,Porites_evermani_scaffold_3987,1,3229,+,3229
lncRNA_14601,Porites_evermani_scaffold_3988,5926,12722,+,6797
lncRNA_14602,Porites_evermani_scaffold_3988,5931,12722,+,6792
lncRNA_14603,Porites_evermani_scaffold_3988,5961,12722,+,6762
lncRNA_14604,Porites_evermani_scaffold_399,196644,200369,+,3726
lncRNA_14605,Porites_evermani_scaffold_399,278218,280636,+,2419
lncRNA_14608,Porites_evermani_scaffold_399,202262,202969,+,708
lncRNA_14609,Porites_evermani_scaffold_399,270855,272625,+,1771
lncRNA_14614,Porites_evermani_scaffold_3992,14839,15962,+,1124
lncRNA_14620,Porites_evermani_scaffold_3997,11440,12623,+,1184
lncRNA_14621,Porites_evermani_scaffold_3997,21854,22593,+,740
lncRNA_14625,Porites_evermani_scaffold_3997,30447,33514,+,3068
lncRNA_14628,Porites_evermani_scaffold_3999,25678,29704,+,4027
lncRNA_14629,Porites_evermani_scaffold_3999,24946,30392,+,5447
lncRNA_14632,Porites_evermani_scaffold_4,435131,439433,+,4303
lncRNA_14635,Porites_evermani_scaffold_4,475384,478645,+,3262
lncRNA_14637,Porites_evermani_scaffold_4,541444,547974,+,6531
lncRNA_14638,Porites_evermani_scaffold_4,609641,611701,+,2061
lncRNA_14642,Porites_evermani_scaffold_4,1017548,1021340,+,3793
lncRNA_14646,Porites_evermani_scaffold_4,1182748,1185567,+,2820
lncRNA_14647,Porites_evermani_scaffold_4,1228404,1230704,+,2301
lncRNA_14649,Porites_evermani_scaffold_4,1268370,1278712,+,10343
lncRNA_14652,Porites_evermani_scaffold_4,4794,11800,+,7007
lncRNA_14653,Porites_evermani_scaffold_4,6228,11800,+,5573
lncRNA_14655,Porites_evermani_scaffold_4,6294,10956,+,4663
lncRNA_14656,Porites_evermani_scaffold_4,15592,49207,+,33616
lncRNA_14657,Porites_evermani_scaffold_4,35901,49207,+,13307
lncRNA_14658,Porites_evermani_scaffold_4,87020,89189,+,2170
lncRNA_14661,Porites_evermani_scaffold_4,534383,536195,+,1813
lncRNA_14668,Porites_evermani_scaffold_4,1088558,1094204,+,5647
lncRNA_14670,Porites_evermani_scaffold_4,1395517,1397019,+,1503
lncRNA_14676,Porites_evermani_scaffold_4,219084,221005,+,1922
lncRNA_14710,Porites_evermani_scaffold_40,68908,76359,+,7452
lncRNA_14713,Porites_evermani_scaffold_40,697763,702444,+,4682
lncRNA_14718,Porites_evermani_scaffold_40,70238,83947,+,13710
lncRNA_14720,Porites_evermani_scaffold_40,147758,148528,+,771
lncRNA_14721,Porites_evermani_scaffold_40,148616,163428,+,14813
lncRNA_14723,Porites_evermani_scaffold_40,148618,163428,+,14811
lncRNA_14724,Porites_evermani_scaffold_40,148619,163428,+,14810
lncRNA_14725,Porites_evermani_scaffold_40,390999,393668,+,2670
lncRNA_14726,Porites_evermani_scaffold_40,430150,431622,+,1473
lncRNA_14745,Porites_evermani_scaffold_400,204983,207780,+,2798
lncRNA_14746,Porites_evermani_scaffold_400,205040,213885,+,8846
lncRNA_14747,Porites_evermani_scaffold_400,214570,215808,+,1239
lncRNA_14752,Porites_evermani_scaffold_4000,1,1492,+,1492
lncRNA_14754,Porites_evermani_scaffold_4001,10568,12289,+,1722
lncRNA_14761,Porites_evermani_scaffold_4007,30660,33675,+,3016
lncRNA_14764,Porites_evermani_scaffold_4007,2229,3509,+,1281
lncRNA_14765,Porites_evermani_scaffold_4007,6620,7673,+,1054
lncRNA_14778,Porites_evermani_scaffold_4009,3755,4588,+,834
lncRNA_14779,Porites_evermani_scaffold_4009,30588,31453,+,866
lncRNA_14781,Porites_evermani_scaffold_401,15034,29172,+,14139
lncRNA_14782,Porites_evermani_scaffold_401,118103,122686,+,4584
lncRNA_14783,Porites_evermani_scaffold_401,17901,25295,+,7395
lncRNA_14784,Porites_evermani_scaffold_401,26733,32395,+,5663
lncRNA_14785,Porites_evermani_scaffold_401,26836,30195,+,3360
lncRNA_14786,Porites_evermani_scaffold_401,26841,32395,+,5555
lncRNA_14787,Porites_evermani_scaffold_401,107623,110094,+,2472
lncRNA_14788,Porites_evermani_scaffold_401,113918,114408,+,491
lncRNA_14789,Porites_evermani_scaffold_401,122640,124831,+,2192
lncRNA_14790,Porites_evermani_scaffold_401,278996,279723,+,728
lncRNA_14795,Porites_evermani_scaffold_4011,13427,19796,+,6370
lncRNA_14800,Porites_evermani_scaffold_4016,30483,32045,+,1563
lncRNA_14807,Porites_evermani_scaffold_4021,22534,24658,+,2125
lncRNA_14808,Porites_evermani_scaffold_4021,22540,25233,+,2694
lncRNA_14809,Porites_evermani_scaffold_4021,22548,25019,+,2472
lncRNA_14810,Porites_evermani_scaffold_4022,26810,29977,+,3168
lncRNA_14813,Porites_evermani_scaffold_4024,292,2283,+,1992
lncRNA_14816,Porites_evermani_scaffold_4026,14062,15041,+,980
lncRNA_14818,Porites_evermani_scaffold_403,189746,198467,+,8722
lncRNA_14819,Porites_evermani_scaffold_403,190058,192872,+,2815
lncRNA_14820,Porites_evermani_scaffold_403,226742,233263,+,6522
lncRNA_14826,Porites_evermani_scaffold_4030,2,1020,+,1019
lncRNA_14837,Porites_evermani_scaffold_404,1746,5501,+,3756
lncRNA_14838,Porites_evermani_scaffold_404,30765,31467,+,703
lncRNA_14840,Porites_evermani_scaffold_404,184445,190606,+,6162
lncRNA_14841,Porites_evermani_scaffold_404,199659,201547,+,1889
lncRNA_14842,Porites_evermani_scaffold_404,236901,241479,+,4579
lncRNA_14844,Porites_evermani_scaffold_404,185134,194442,+,9309
lncRNA_14845,Porites_evermani_scaffold_404,222898,223486,+,589
lncRNA_14846,Porites_evermani_scaffold_404,234705,236609,+,1905
lncRNA_14853,Porites_evermani_scaffold_4040,1,2667,+,2667
lncRNA_14857,Porites_evermani_scaffold_4040,2,2667,+,2666
lncRNA_14859,Porites_evermani_scaffold_4040,5,2667,+,2663
lncRNA_14865,Porites_evermani_scaffold_4048,1644,4624,+,2981
lncRNA_14877,Porites_evermani_scaffold_4054,15219,19009,+,3791
lncRNA_14879,Porites_evermani_scaffold_4054,21369,22417,+,1049
lncRNA_14882,Porites_evermani_scaffold_4055,26533,27102,+,570
lncRNA_14883,Porites_evermani_scaffold_4057,22669,25063,+,2395
lncRNA_14894,Porites_evermani_scaffold_406,161562,162500,+,939
lncRNA_14898,Porites_evermani_scaffold_4060,2991,3767,+,777
lncRNA_14899,Porites_evermani_scaffold_4060,5447,13055,+,7609
lncRNA_14900,Porites_evermani_scaffold_4060,5448,13055,+,7608
lncRNA_14905,Porites_evermani_scaffold_4061,1426,11366,+,9941
lncRNA_14912,Porites_evermani_scaffold_4066,11160,19667,+,8508
lncRNA_14913,Porites_evermani_scaffold_4066,11369,19667,+,8299
lncRNA_14914,Porites_evermani_scaffold_4066,11536,19667,+,8132
lncRNA_14917,Porites_evermani_scaffold_4069,31999,32618,+,620
lncRNA_14918,Porites_evermani_scaffold_4069,21515,27922,+,6408
lncRNA_14919,Porites_evermani_scaffold_407,479,1382,+,904
lncRNA_14934,Porites_evermani_scaffold_4070,17185,31039,+,13855
lncRNA_14935,Porites_evermani_scaffold_4071,24761,31680,+,6920
lncRNA_14936,Porites_evermani_scaffold_4071,22755,24524,+,1770
lncRNA_14938,Porites_evermani_scaffold_4072,7248,10897,+,3650
lncRNA_14939,Porites_evermani_scaffold_4072,7255,8782,+,1528
lncRNA_14940,Porites_evermani_scaffold_4072,7238,10901,+,3664
lncRNA_14942,Porites_evermani_scaffold_4072,7246,10901,+,3656
lncRNA_14945,Porites_evermani_scaffold_4072,8709,10901,+,2193
lncRNA_14946,Porites_evermani_scaffold_4072,8717,10901,+,2185
lncRNA_14947,Porites_evermani_scaffold_4072,8756,10901,+,2146
lncRNA_14950,Porites_evermani_scaffold_4072,15983,16699,+,717
lncRNA_14953,Porites_evermani_scaffold_4073,15659,17879,+,2221
lncRNA_14954,Porites_evermani_scaffold_4073,16021,17879,+,1859
lncRNA_14956,Porites_evermani_scaffold_4073,16082,17879,+,1798
lncRNA_14957,Porites_evermani_scaffold_4073,16109,17879,+,1771
lncRNA_14958,Porites_evermani_scaffold_4073,16113,17879,+,1767
lncRNA_14960,Porites_evermani_scaffold_4073,24808,25976,+,1169
lncRNA_14961,Porites_evermani_scaffold_4073,24823,25976,+,1154
lncRNA_14962,Porites_evermani_scaffold_4073,24805,26529,+,1725
lncRNA_14964,Porites_evermani_scaffold_4074,30903,32490,+,1588
lncRNA_14967,Porites_evermani_scaffold_4076,25323,27657,+,2335
lncRNA_14969,Porites_evermani_scaffold_4076,30673,31046,+,374
lncRNA_14977,Porites_evermani_scaffold_408,117321,123604,+,6284
lncRNA_14978,Porites_evermani_scaffold_408,117602,123923,+,6322
lncRNA_14979,Porites_evermani_scaffold_408,119475,125452,+,5978
lncRNA_14980,Porites_evermani_scaffold_408,119477,125452,+,5976
lncRNA_14984,Porites_evermani_scaffold_408,216161,216423,+,263
lncRNA_14986,Porites_evermani_scaffold_4081,3757,4850,+,1094
lncRNA_14989,Porites_evermani_scaffold_4084,7,8775,+,8769
lncRNA_14991,Porites_evermani_scaffold_4085,3189,5526,+,2338
lncRNA_14994,Porites_evermani_scaffold_4087,13794,15311,+,1518
lncRNA_14995,Porites_evermani_scaffold_4088,7980,18362,+,10383
lncRNA_14997,Porites_evermani_scaffold_4088,2406,15548,+,13143
lncRNA_15002,Porites_evermani_scaffold_409,254273,255126,+,854
lncRNA_15006,Porites_evermani_scaffold_4094,210,13984,+,13775
lncRNA_15007,Porites_evermani_scaffold_4094,266,13984,+,13719
lncRNA_15008,Porites_evermani_scaffold_4094,280,13984,+,13705
lncRNA_15009,Porites_evermani_scaffold_4094,281,13984,+,13704
lncRNA_15018,Porites_evermani_scaffold_4099,19502,20622,+,1121
lncRNA_15019,Porites_evermani_scaffold_4099,20991,24358,+,3368
lncRNA_15021,Porites_evermani_scaffold_41,219762,221543,+,1782
lncRNA_15022,Porites_evermani_scaffold_41,582291,583342,+,1052
lncRNA_15023,Porites_evermani_scaffold_41,582302,583342,+,1041
lncRNA_15024,Porites_evermani_scaffold_41,600388,604294,+,3907
lncRNA_15025,Porites_evermani_scaffold_41,610382,617523,+,7142
lncRNA_15026,Porites_evermani_scaffold_41,200248,206038,+,5791
lncRNA_15027,Porites_evermani_scaffold_41,220738,224756,+,4019
lncRNA_15029,Porites_evermani_scaffold_41,428931,430459,+,1529
lncRNA_15031,Porites_evermani_scaffold_41,512397,514256,+,1860
lncRNA_15032,Porites_evermani_scaffold_41,607350,607898,+,549
lncRNA_15041,Porites_evermani_scaffold_410,82730,84744,+,2015
lncRNA_15042,Porites_evermani_scaffold_410,112205,131483,+,19279
lncRNA_15043,Porites_evermani_scaffold_410,121074,132991,+,11918
lncRNA_15045,Porites_evermani_scaffold_410,216834,221872,+,5039
lncRNA_15046,Porites_evermani_scaffold_410,223289,225700,+,2412
lncRNA_15047,Porites_evermani_scaffold_410,53614,59430,+,5817
lncRNA_15049,Porites_evermani_scaffold_410,243016,257478,+,14463
lncRNA_15068,Porites_evermani_scaffold_4108,25988,31408,+,5421
lncRNA_15069,Porites_evermani_scaffold_411,87041,87647,+,607
lncRNA_15070,Porites_evermani_scaffold_411,88166,94107,+,5942
lncRNA_15071,Porites_evermani_scaffold_411,88290,94679,+,6390
lncRNA_15072,Porites_evermani_scaffold_411,262883,266826,+,3944
lncRNA_15073,Porites_evermani_scaffold_411,86943,94679,+,7737
lncRNA_15074,Porites_evermani_scaffold_411,87041,92786,+,5746
lncRNA_15075,Porites_evermani_scaffold_411,87057,92996,+,5940
lncRNA_15076,Porites_evermani_scaffold_411,87057,94151,+,7095
lncRNA_15077,Porites_evermani_scaffold_411,88818,94468,+,5651
lncRNA_15078,Porites_evermani_scaffold_411,120015,123145,+,3131
lncRNA_15089,Porites_evermani_scaffold_4113,899,2313,+,1415
lncRNA_15095,Porites_evermani_scaffold_4119,1174,1381,+,208
lncRNA_15096,Porites_evermani_scaffold_412,16052,18073,+,2022
lncRNA_15102,Porites_evermani_scaffold_4120,151,3561,+,3411
lncRNA_15103,Porites_evermani_scaffold_4120,1810,3344,+,1535
lncRNA_15106,Porites_evermani_scaffold_4124,4821,8954,+,4134
lncRNA_15107,Porites_evermani_scaffold_4124,2469,4368,+,1900
lncRNA_15109,Porites_evermani_scaffold_4125,22707,26158,+,3452
lncRNA_15111,Porites_evermani_scaffold_4125,30050,30710,+,661
lncRNA_15113,Porites_evermani_scaffold_4126,25005,25607,+,603
lncRNA_15119,Porites_evermani_scaffold_4129,1680,2325,+,646
lncRNA_15131,Porites_evermani_scaffold_4135,26469,31467,+,4999
lncRNA_15132,Porites_evermani_scaffold_4135,26544,31467,+,4924
lncRNA_15133,Porites_evermani_scaffold_4135,26842,31467,+,4626
lncRNA_15136,Porites_evermani_scaffold_4137,2162,2518,+,357
lncRNA_15140,Porites_evermani_scaffold_414,206437,240669,+,34233
lncRNA_15160,Porites_evermani_scaffold_4144,236,1783,+,1548
lncRNA_15161,Porites_evermani_scaffold_4146,200,3331,+,3132
lncRNA_15163,Porites_evermani_scaffold_4146,28214,31361,+,3148
lncRNA_15165,Porites_evermani_scaffold_415,56134,61943,+,5810
lncRNA_15166,Porites_evermani_scaffold_415,131683,138486,+,6804
lncRNA_15168,Porites_evermani_scaffold_415,138497,139838,+,1342
lncRNA_15169,Porites_evermani_scaffold_415,138999,139838,+,840
lncRNA_15170,Porites_evermani_scaffold_415,44573,45900,+,1328
lncRNA_15171,Porites_evermani_scaffold_415,60317,61954,+,1638
lncRNA_15172,Porites_evermani_scaffold_415,80844,83529,+,2686
lncRNA_15174,Porites_evermani_scaffold_415,268876,269590,+,715
lncRNA_15180,Porites_evermani_scaffold_4151,27017,31278,+,4262
lncRNA_15183,Porites_evermani_scaffold_4152,30860,31263,+,404
lncRNA_15187,Porites_evermani_scaffold_4155,406,4666,+,4261
lncRNA_15188,Porites_evermani_scaffold_4155,29150,31164,+,2015
lncRNA_15189,Porites_evermani_scaffold_4155,481,681,+,201
lncRNA_15190,Porites_evermani_scaffold_4155,2439,4596,+,2158
lncRNA_15195,Porites_evermani_scaffold_416,1,1505,+,1505
lncRNA_15197,Porites_evermani_scaffold_416,233967,241906,+,7940
lncRNA_15198,Porites_evermani_scaffold_416,238249,241906,+,3658
lncRNA_15200,Porites_evermani_scaffold_416,87439,91361,+,3923
lncRNA_15201,Porites_evermani_scaffold_416,88511,96546,+,8036
lncRNA_15202,Porites_evermani_scaffold_416,88581,96244,+,7664
lncRNA_15203,Porites_evermani_scaffold_416,88639,90716,+,2078
lncRNA_15204,Porites_evermani_scaffold_416,220127,224140,+,4014
lncRNA_15206,Porites_evermani_scaffold_416,241453,242694,+,1242
lncRNA_15211,Porites_evermani_scaffold_4160,8275,10164,+,1890
lncRNA_15217,Porites_evermani_scaffold_4165,485,3859,+,3375
lncRNA_15219,Porites_evermani_scaffold_417,33021,33720,+,700
lncRNA_15220,Porites_evermani_scaffold_417,65364,65722,+,359
lncRNA_15222,Porites_evermani_scaffold_417,24742,31000,+,6259
lncRNA_15226,Porites_evermani_scaffold_4171,20849,22616,+,1768
lncRNA_15227,Porites_evermani_scaffold_4171,20811,30779,+,9969
lncRNA_15228,Porites_evermani_scaffold_4171,20923,26915,+,5993
lncRNA_15236,Porites_evermani_scaffold_4175,562,7640,+,7079
lncRNA_15237,Porites_evermani_scaffold_4175,562,8510,+,7949
lncRNA_15243,Porites_evermani_scaffold_4175,562,8586,+,8025
lncRNA_15249,Porites_evermani_scaffold_4179,1,3164,+,3164
lncRNA_15252,Porites_evermani_scaffold_418,227108,230402,+,3295
lncRNA_15253,Porites_evermani_scaffold_418,227118,230402,+,3285
lncRNA_15254,Porites_evermani_scaffold_418,243874,244820,+,947
lncRNA_15257,Porites_evermani_scaffold_418,267921,268205,+,285
lncRNA_15258,Porites_evermani_scaffold_4181,23322,26487,+,3166
lncRNA_15259,Porites_evermani_scaffold_4181,23333,26487,+,3155
lncRNA_15260,Porites_evermani_scaffold_4181,20937,22747,+,1811
lncRNA_15270,Porites_evermani_scaffold_4184,27008,29580,+,2573
lncRNA_15273,Porites_evermani_scaffold_4186,22352,23119,+,768
lncRNA_15278,Porites_evermani_scaffold_4189,4044,9648,+,5605
lncRNA_15279,Porites_evermani_scaffold_4189,28273,28691,+,419
lncRNA_15281,Porites_evermani_scaffold_419,177681,182931,+,5251
lncRNA_15283,Porites_evermani_scaffold_419,138794,140176,+,1383
lncRNA_15286,Porites_evermani_scaffold_4191,12282,14393,+,2112
lncRNA_15291,Porites_evermani_scaffold_4196,16051,17757,+,1707
lncRNA_15298,Porites_evermani_scaffold_42,51653,55176,+,3524
lncRNA_15299,Porites_evermani_scaffold_42,140233,141722,+,1490
lncRNA_15300,Porites_evermani_scaffold_42,140331,140942,+,612
lncRNA_15301,Porites_evermani_scaffold_42,307691,309000,+,1310
lncRNA_15302,Porites_evermani_scaffold_42,333508,335632,+,2125
lncRNA_15303,Porites_evermani_scaffold_42,333622,335632,+,2011
lncRNA_15304,Porites_evermani_scaffold_42,388454,391691,+,3238
lncRNA_15305,Porites_evermani_scaffold_42,578298,594596,+,16299
lncRNA_15307,Porites_evermani_scaffold_42,578740,588347,+,9608
lncRNA_15308,Porites_evermani_scaffold_42,578740,594596,+,15857
lncRNA_15309,Porites_evermani_scaffold_42,578867,594596,+,15730
lncRNA_15311,Porites_evermani_scaffold_42,578895,594596,+,15702
lncRNA_15313,Porites_evermani_scaffold_42,578898,594596,+,15699
lncRNA_15315,Porites_evermani_scaffold_42,578910,594596,+,15687
lncRNA_15316,Porites_evermani_scaffold_42,578912,594596,+,15685
lncRNA_15317,Porites_evermani_scaffold_42,578914,594596,+,15683
lncRNA_15319,Porites_evermani_scaffold_42,578917,594596,+,15680
lncRNA_15321,Porites_evermani_scaffold_42,578921,594596,+,15676
lncRNA_15322,Porites_evermani_scaffold_42,578923,594596,+,15674
lncRNA_15323,Porites_evermani_scaffold_42,578925,594596,+,15672
lncRNA_15331,Porites_evermani_scaffold_42,591121,594596,+,3476
lncRNA_15356,Porites_evermani_scaffold_420,30195,31967,+,1773
lncRNA_15357,Porites_evermani_scaffold_420,30367,31967,+,1601
lncRNA_15372,Porites_evermani_scaffold_4204,11527,23350,+,11824
lncRNA_15374,Porites_evermani_scaffold_4204,1296,2145,+,850
lncRNA_15378,Porites_evermani_scaffold_4208,21374,24002,+,2629
lncRNA_15379,Porites_evermani_scaffold_4208,21374,24173,+,2800
lncRNA_15380,Porites_evermani_scaffold_4208,22107,24173,+,2067
lncRNA_15388,Porites_evermani_scaffold_4210,49,5073,+,5025
lncRNA_15394,Porites_evermani_scaffold_4215,634,5219,+,4586
lncRNA_15396,Porites_evermani_scaffold_4215,14371,17781,+,3411
lncRNA_15397,Porites_evermani_scaffold_4215,14781,17781,+,3001
lncRNA_15401,Porites_evermani_scaffold_4216,14298,14529,+,232
lncRNA_15421,Porites_evermani_scaffold_4221,4747,17691,+,12945
lncRNA_15424,Porites_evermani_scaffold_4222,17604,19293,+,1690
lncRNA_15427,Porites_evermani_scaffold_4225,28169,29925,+,1757
lncRNA_15432,Porites_evermani_scaffold_4228,4454,16047,+,11594
lncRNA_15433,Porites_evermani_scaffold_4228,18584,24773,+,6190
lncRNA_15434,Porites_evermani_scaffold_4228,21258,24773,+,3516
lncRNA_15435,Porites_evermani_scaffold_4228,23826,24773,+,948
lncRNA_15441,Porites_evermani_scaffold_423,64379,65249,+,871
lncRNA_15442,Porites_evermani_scaffold_423,84244,86252,+,2009
lncRNA_15443,Porites_evermani_scaffold_423,158175,168925,+,10751
lncRNA_15444,Porites_evermani_scaffold_423,162305,171331,+,9027
lncRNA_15447,Porites_evermani_scaffold_423,211678,214506,+,2829
lncRNA_15448,Porites_evermani_scaffold_423,212106,214506,+,2401
lncRNA_15449,Porites_evermani_scaffold_423,247315,248251,+,937
lncRNA_15459,Porites_evermani_scaffold_4233,27981,29065,+,1085
lncRNA_15460,Porites_evermani_scaffold_4234,8784,23611,+,14828
lncRNA_15464,Porites_evermani_scaffold_4235,8602,12057,+,3456
lncRNA_15465,Porites_evermani_scaffold_4235,8899,12057,+,3159
lncRNA_15466,Porites_evermani_scaffold_4235,12546,13255,+,710
lncRNA_15468,Porites_evermani_scaffold_4237,12939,13990,+,1052
lncRNA_15470,Porites_evermani_scaffold_4239,23514,26801,+,3288
lncRNA_15471,Porites_evermani_scaffold_424,243638,269243,+,25606
lncRNA_15473,Porites_evermani_scaffold_424,223557,224949,+,1393
lncRNA_15474,Porites_evermani_scaffold_424,260024,263481,+,3458
lncRNA_15480,Porites_evermani_scaffold_4243,9751,16889,+,7139
lncRNA_15481,Porites_evermani_scaffold_4243,9765,16889,+,7125
lncRNA_15482,Porites_evermani_scaffold_4243,11267,17019,+,5753
lncRNA_15495,Porites_evermani_scaffold_4251,27775,28969,+,1195
lncRNA_15496,Porites_evermani_scaffold_4252,233,3623,+,3391
lncRNA_15497,Porites_evermani_scaffold_4252,233,4466,+,4234
lncRNA_15498,Porites_evermani_scaffold_4252,238,4466,+,4229
lncRNA_15501,Porites_evermani_scaffold_4254,1140,3803,+,2664
lncRNA_15509,Porites_evermani_scaffold_426,25027,25583,+,557
lncRNA_15511,Porites_evermani_scaffold_426,191786,199780,+,7995
lncRNA_15529,Porites_evermani_scaffold_4269,1,6813,+,6813
lncRNA_15530,Porites_evermani_scaffold_4269,1598,8030,+,6433
lncRNA_15531,Porites_evermani_scaffold_4269,2042,9370,+,7329
lncRNA_15532,Porites_evermani_scaffold_4269,2088,9238,+,7151
lncRNA_15533,Porites_evermani_scaffold_4269,1588,9392,+,7805
lncRNA_15534,Porites_evermani_scaffold_427,124223,136376,+,12154
lncRNA_15535,Porites_evermani_scaffold_427,124244,136376,+,12133
lncRNA_15537,Porites_evermani_scaffold_427,124252,136376,+,12125
lncRNA_15538,Porites_evermani_scaffold_427,124253,136376,+,12124
lncRNA_15548,Porites_evermani_scaffold_4273,28309,29352,+,1044
lncRNA_15554,Porites_evermani_scaffold_428,229151,230644,+,1494
lncRNA_15557,Porites_evermani_scaffold_428,1942,3954,+,2013
lncRNA_15562,Porites_evermani_scaffold_428,270203,270899,+,697
lncRNA_15573,Porites_evermani_scaffold_429,44321,54361,+,10041
lncRNA_15582,Porites_evermani_scaffold_4290,3623,11274,+,7652
lncRNA_15589,Porites_evermani_scaffold_4298,27205,28530,+,1326
lncRNA_15592,Porites_evermani_scaffold_43,30645,31026,+,382
lncRNA_15594,Porites_evermani_scaffold_43,95333,99329,+,3997
lncRNA_15595,Porites_evermani_scaffold_43,111217,114197,+,2981
lncRNA_15596,Porites_evermani_scaffold_43,210973,211286,+,314
lncRNA_15597,Porites_evermani_scaffold_43,210974,211987,+,1014
lncRNA_15605,Porites_evermani_scaffold_43,483335,483707,+,373
lncRNA_15609,Porites_evermani_scaffold_430,134937,143493,+,8557
lncRNA_15612,Porites_evermani_scaffold_4302,13593,16537,+,2945
lncRNA_15613,Porites_evermani_scaffold_4304,1,2921,+,2921
lncRNA_15615,Porites_evermani_scaffold_4304,2,2921,+,2920
lncRNA_15616,Porites_evermani_scaffold_4304,4183,7591,+,3409
lncRNA_15625,Porites_evermani_scaffold_431,189384,189777,+,394
lncRNA_15626,Porites_evermani_scaffold_431,107147,108186,+,1040
lncRNA_15648,Porites_evermani_scaffold_4319,1,4563,+,4563
lncRNA_15649,Porites_evermani_scaffold_4319,922,4563,+,3642
lncRNA_15650,Porites_evermani_scaffold_4319,1648,4563,+,2916
lncRNA_15651,Porites_evermani_scaffold_4319,1575,8448,+,6874
lncRNA_15652,Porites_evermani_scaffold_4319,13973,23679,+,9707
lncRNA_15653,Porites_evermani_scaffold_432,237720,253923,+,16204
lncRNA_15654,Porites_evermani_scaffold_432,1,6684,+,6684
lncRNA_15655,Porites_evermani_scaffold_432,261370,268148,+,6779
lncRNA_15663,Porites_evermani_scaffold_4321,5098,7346,+,2249
lncRNA_15665,Porites_evermani_scaffold_4324,24214,27895,+,3682
lncRNA_15666,Porites_evermani_scaffold_4325,12731,21266,+,8536
lncRNA_15667,Porites_evermani_scaffold_4325,13329,21266,+,7938
lncRNA_15668,Porites_evermani_scaffold_4325,13336,21266,+,7931
lncRNA_15670,Porites_evermani_scaffold_4325,14454,21266,+,6813
lncRNA_15671,Porites_evermani_scaffold_4325,14869,21266,+,6398
lncRNA_15672,Porites_evermani_scaffold_4325,15245,21266,+,6022
lncRNA_15673,Porites_evermani_scaffold_4325,12613,21272,+,8660
lncRNA_15674,Porites_evermani_scaffold_4325,15098,21272,+,6175
lncRNA_15675,Porites_evermani_scaffold_4325,15274,21272,+,5999
lncRNA_15676,Porites_evermani_scaffold_4325,16639,21272,+,4634
lncRNA_15677,Porites_evermani_scaffold_4325,17706,21600,+,3895
lncRNA_15682,Porites_evermani_scaffold_433,83508,85041,+,1534
lncRNA_15683,Porites_evermani_scaffold_433,85042,85883,+,842
lncRNA_15685,Porites_evermani_scaffold_433,114736,115183,+,448
lncRNA_15686,Porites_evermani_scaffold_433,114768,115183,+,416
lncRNA_15687,Porites_evermani_scaffold_433,127514,128535,+,1022
lncRNA_15688,Porites_evermani_scaffold_433,95755,96755,+,1001
lncRNA_15689,Porites_evermani_scaffold_433,130213,135615,+,5403
lncRNA_15690,Porites_evermani_scaffold_433,153101,162178,+,9078
lncRNA_15691,Porites_evermani_scaffold_433,177798,189365,+,11568
lncRNA_15692,Porites_evermani_scaffold_433,177807,181499,+,3693
lncRNA_15693,Porites_evermani_scaffold_433,188128,197599,+,9472
lncRNA_15703,Porites_evermani_scaffold_4334,14077,16361,+,2285
lncRNA_15719,Porites_evermani_scaffold_434,193150,197133,+,3984
lncRNA_15720,Porites_evermani_scaffold_434,201150,215234,+,14085
lncRNA_15739,Porites_evermani_scaffold_435,169370,200451,+,31082
lncRNA_15740,Porites_evermani_scaffold_435,169464,207465,+,38002
lncRNA_15741,Porites_evermani_scaffold_435,191539,207465,+,15927
lncRNA_15742,Porites_evermani_scaffold_435,192450,207465,+,15016
lncRNA_15743,Porites_evermani_scaffold_435,192997,207465,+,14469
lncRNA_15745,Porites_evermani_scaffold_435,122423,172204,+,49782
lncRNA_15748,Porites_evermani_scaffold_435,45032,47633,+,2602
lncRNA_15750,Porites_evermani_scaffold_4357,10316,11004,+,689
lncRNA_15751,Porites_evermani_scaffold_4357,19656,22269,+,2614
lncRNA_15752,Porites_evermani_scaffold_4357,19808,22015,+,2208
lncRNA_15753,Porites_evermani_scaffold_4357,19996,22269,+,2274
lncRNA_15754,Porites_evermani_scaffold_4357,19802,27339,+,7538
lncRNA_15755,Porites_evermani_scaffold_4357,19807,27339,+,7533
lncRNA_15756,Porites_evermani_scaffold_4357,19808,27339,+,7532
lncRNA_15758,Porites_evermani_scaffold_4358,15571,20852,+,5282
lncRNA_15764,Porites_evermani_scaffold_4361,1,540,+,540
lncRNA_15765,Porites_evermani_scaffold_4362,2200,3588,+,1389
lncRNA_15770,Porites_evermani_scaffold_4365,26697,27669,+,973
lncRNA_15774,Porites_evermani_scaffold_437,115661,116677,+,1017
lncRNA_15776,Porites_evermani_scaffold_437,200833,206266,+,5434
lncRNA_15777,Porites_evermani_scaffold_437,200845,206266,+,5422
lncRNA_15778,Porites_evermani_scaffold_437,14286,19730,+,5445
lncRNA_15779,Porites_evermani_scaffold_437,14527,18896,+,4370
lncRNA_15780,Porites_evermani_scaffold_437,14591,19730,+,5140
lncRNA_15781,Porites_evermani_scaffold_437,14792,19664,+,4873
lncRNA_15782,Porites_evermani_scaffold_437,120972,123462,+,2491
lncRNA_15785,Porites_evermani_scaffold_437,258003,262203,+,4201
lncRNA_15808,Porites_evermani_scaffold_438,267360,268535,+,1176
lncRNA_15809,Porites_evermani_scaffold_4380,22965,26804,+,3840
lncRNA_15813,Porites_evermani_scaffold_4386,5619,11746,+,6128
lncRNA_15815,Porites_evermani_scaffold_4386,13932,17046,+,3115
lncRNA_15818,Porites_evermani_scaffold_4386,25039,27279,+,2241
lncRNA_15820,Porites_evermani_scaffold_4388,8973,22512,+,13540
lncRNA_15822,Porites_evermani_scaffold_439,5586,7577,+,1992
lncRNA_15823,Porites_evermani_scaffold_439,152286,154991,+,2706
lncRNA_15824,Porites_evermani_scaffold_439,257225,258269,+,1045
lncRNA_15827,Porites_evermani_scaffold_439,235166,258280,+,23115
lncRNA_15828,Porites_evermani_scaffold_439,236307,258280,+,21974
lncRNA_15833,Porites_evermani_scaffold_4393,13680,17322,+,3643
lncRNA_15834,Porites_evermani_scaffold_4393,22742,26624,+,3883
lncRNA_15843,Porites_evermani_scaffold_44,45432,50813,+,5382
lncRNA_15847,Porites_evermani_scaffold_44,194174,196995,+,2822
lncRNA_15848,Porites_evermani_scaffold_44,194984,196995,+,2012
lncRNA_15849,Porites_evermani_scaffold_44,206539,207196,+,658
lncRNA_15854,Porites_evermani_scaffold_44,142722,145545,+,2824
lncRNA_15856,Porites_evermani_scaffold_44,194994,196985,+,1992
lncRNA_15858,Porites_evermani_scaffold_44,469020,480457,+,11438
lncRNA_15859,Porites_evermani_scaffold_44,469291,473737,+,4447
lncRNA_15860,Porites_evermani_scaffold_44,469367,477077,+,7711
lncRNA_15863,Porites_evermani_scaffold_44,526490,529484,+,2995
lncRNA_15871,Porites_evermani_scaffold_44,23758,25667,+,1910
lncRNA_15877,Porites_evermani_scaffold_44,190361,191192,+,832
lncRNA_15891,Porites_evermani_scaffold_4400,17517,23455,+,5939
lncRNA_15893,Porites_evermani_scaffold_4401,1,4925,+,4925
lncRNA_15907,Porites_evermani_scaffold_4415,18525,25510,+,6986
lncRNA_15908,Porites_evermani_scaffold_4415,1,453,+,453
lncRNA_15910,Porites_evermani_scaffold_4417,362,1262,+,901
lncRNA_15914,Porites_evermani_scaffold_442,30328,31893,+,1566
lncRNA_15915,Porites_evermani_scaffold_442,92851,94425,+,1575
lncRNA_15916,Porites_evermani_scaffold_442,92902,94425,+,1524
lncRNA_15917,Porites_evermani_scaffold_442,225732,227147,+,1416
lncRNA_15918,Porites_evermani_scaffold_442,23745,27590,+,3846
lncRNA_15919,Porites_evermani_scaffold_442,31832,34327,+,2496
lncRNA_15921,Porites_evermani_scaffold_442,160588,162310,+,1723
lncRNA_15922,Porites_evermani_scaffold_442,199567,210930,+,11364
lncRNA_15923,Porites_evermani_scaffold_442,213280,214352,+,1073
lncRNA_15924,Porites_evermani_scaffold_442,213287,214352,+,1066
lncRNA_15942,Porites_evermani_scaffold_443,264804,266650,+,1847
lncRNA_15944,Porites_evermani_scaffold_4431,1,1046,+,1046
lncRNA_15945,Porites_evermani_scaffold_4431,4317,8085,+,3769
lncRNA_15948,Porites_evermani_scaffold_4431,9638,13664,+,4027
lncRNA_15949,Porites_evermani_scaffold_4431,9690,13664,+,3975
lncRNA_15950,Porites_evermani_scaffold_4431,20783,21914,+,1132
lncRNA_15951,Porites_evermani_scaffold_4433,385,2805,+,2421
lncRNA_15952,Porites_evermani_scaffold_4433,367,4066,+,3700
lncRNA_15955,Porites_evermani_scaffold_4438,22639,24741,+,2103
lncRNA_15957,Porites_evermani_scaffold_4439,12438,18355,+,5918
lncRNA_15958,Porites_evermani_scaffold_444,144751,166198,+,21448
lncRNA_15963,Porites_evermani_scaffold_444,158960,166198,+,7239
lncRNA_15965,Porites_evermani_scaffold_444,133635,136989,+,3355
lncRNA_15966,Porites_evermani_scaffold_444,133771,136989,+,3219
lncRNA_15967,Porites_evermani_scaffold_444,143386,151073,+,7688
lncRNA_15968,Porites_evermani_scaffold_444,144460,151073,+,6614
lncRNA_15969,Porites_evermani_scaffold_444,156385,160040,+,3656
lncRNA_15970,Porites_evermani_scaffold_444,161803,165754,+,3952
lncRNA_15971,Porites_evermani_scaffold_444,162564,166674,+,4111
lncRNA_15972,Porites_evermani_scaffold_444,162570,166674,+,4105
lncRNA_15973,Porites_evermani_scaffold_444,249323,254560,+,5238
lncRNA_15974,Porites_evermani_scaffold_444,249637,255223,+,5587
lncRNA_15980,Porites_evermani_scaffold_4444,20279,21971,+,1693
lncRNA_15981,Porites_evermani_scaffold_4444,7372,9168,+,1797
lncRNA_15982,Porites_evermani_scaffold_4444,20312,23366,+,3055
lncRNA_15984,Porites_evermani_scaffold_4445,21670,26081,+,4412
lncRNA_15987,Porites_evermani_scaffold_445,45664,45914,+,251
lncRNA_15988,Porites_evermani_scaffold_445,90242,93684,+,3443
lncRNA_15989,Porites_evermani_scaffold_445,91507,95977,+,4471
lncRNA_15992,Porites_evermani_scaffold_445,146961,148086,+,1126
lncRNA_15993,Porites_evermani_scaffold_445,146972,149285,+,2314
lncRNA_15994,Porites_evermani_scaffold_445,148266,149285,+,1020
lncRNA_16000,Porites_evermani_scaffold_4454,12020,15114,+,3095
lncRNA_16001,Porites_evermani_scaffold_4454,2666,8708,+,6043
lncRNA_16003,Porites_evermani_scaffold_4457,5659,7681,+,2023
lncRNA_16021,Porites_evermani_scaffold_4465,3749,5080,+,1332
lncRNA_16022,Porites_evermani_scaffold_4465,1,6426,+,6426
lncRNA_16026,Porites_evermani_scaffold_4468,20937,21999,+,1063
lncRNA_16027,Porites_evermani_scaffold_4468,21015,21999,+,985
lncRNA_16028,Porites_evermani_scaffold_4468,169,4271,+,4103
lncRNA_16032,Porites_evermani_scaffold_4469,999,1276,+,278
lncRNA_16034,Porites_evermani_scaffold_447,109914,113854,+,3941
lncRNA_16035,Porites_evermani_scaffold_447,157326,160587,+,3262
lncRNA_16043,Porites_evermani_scaffold_447,250211,252294,+,2084
lncRNA_16044,Porites_evermani_scaffold_4470,1,4260,+,4260
lncRNA_16045,Porites_evermani_scaffold_4471,1,2588,+,2588
lncRNA_16050,Porites_evermani_scaffold_4476,14303,15629,+,1327
lncRNA_16051,Porites_evermani_scaffold_4478,3041,5316,+,2276
lncRNA_16054,Porites_evermani_scaffold_448,263959,265625,+,1667
lncRNA_16055,Porites_evermani_scaffold_448,89224,95482,+,6259
lncRNA_16056,Porites_evermani_scaffold_448,167040,167737,+,698
lncRNA_16058,Porites_evermani_scaffold_448,228898,233253,+,4356
lncRNA_16066,Porites_evermani_scaffold_449,9417,10124,+,708
lncRNA_16067,Porites_evermani_scaffold_449,220132,222893,+,2762
lncRNA_16068,Porites_evermani_scaffold_449,85116,86705,+,1590
lncRNA_16077,Porites_evermani_scaffold_45,30933,31406,+,474
lncRNA_16078,Porites_evermani_scaffold_45,40111,44715,+,4605
lncRNA_16079,Porites_evermani_scaffold_45,117849,127699,+,9851
lncRNA_16080,Porites_evermani_scaffold_45,117851,127699,+,9849
lncRNA_16081,Porites_evermani_scaffold_45,117860,127699,+,9840
lncRNA_16083,Porites_evermani_scaffold_45,306642,321494,+,14853
lncRNA_16085,Porites_evermani_scaffold_45,501195,501813,+,619
lncRNA_16086,Porites_evermani_scaffold_45,622755,626960,+,4206
lncRNA_16087,Porites_evermani_scaffold_45,670243,672941,+,2699
lncRNA_16088,Porites_evermani_scaffold_45,670577,672065,+,1489
lncRNA_16090,Porites_evermani_scaffold_45,711326,714432,+,3107
lncRNA_16091,Porites_evermani_scaffold_45,711992,714432,+,2441
lncRNA_16092,Porites_evermani_scaffold_45,103540,104691,+,1152
lncRNA_16097,Porites_evermani_scaffold_45,327780,329101,+,1322
lncRNA_16099,Porites_evermani_scaffold_45,502064,504622,+,2559
lncRNA_16100,Porites_evermani_scaffold_45,550978,552411,+,1434
lncRNA_16101,Porites_evermani_scaffold_45,670567,711239,+,40673
lncRNA_16103,Porites_evermani_scaffold_45,670569,674792,+,4224
lncRNA_16104,Porites_evermani_scaffold_45,670569,711239,+,40671
lncRNA_16106,Porites_evermani_scaffold_45,672726,711239,+,38514
lncRNA_16107,Porites_evermani_scaffold_45,680333,711239,+,30907
lncRNA_16113,Porites_evermani_scaffold_450,78244,85993,+,7750
lncRNA_16122,Porites_evermani_scaffold_4508,1847,2797,+,951
lncRNA_16124,Porites_evermani_scaffold_451,200837,209648,+,8812
lncRNA_16125,Porites_evermani_scaffold_451,200837,219453,+,18617
lncRNA_16126,Porites_evermani_scaffold_451,200921,209345,+,8425
lncRNA_16127,Porites_evermani_scaffold_451,206300,209345,+,3046
lncRNA_16133,Porites_evermani_scaffold_451,207625,209195,+,1571
lncRNA_16140,Porites_evermani_scaffold_4512,16138,16576,+,439
lncRNA_16145,Porites_evermani_scaffold_4513,3708,11150,+,7443
lncRNA_16146,Porites_evermani_scaffold_4513,4283,11150,+,6868
lncRNA_16147,Porites_evermani_scaffold_4513,17149,18843,+,1695
lncRNA_16148,Porites_evermani_scaffold_4513,18910,20188,+,1279
lncRNA_16149,Porites_evermani_scaffold_4513,19156,20188,+,1033
lncRNA_16150,Porites_evermani_scaffold_4513,23180,24598,+,1419
lncRNA_16151,Porites_evermani_scaffold_4513,3139,11150,+,8012
lncRNA_16152,Porites_evermani_scaffold_4513,3324,4238,+,915
lncRNA_16155,Porites_evermani_scaffold_4513,18930,21494,+,2565
lncRNA_16156,Porites_evermani_scaffold_4513,13443,14575,+,1133
lncRNA_16157,Porites_evermani_scaffold_4516,7063,11686,+,4624
lncRNA_16159,Porites_evermani_scaffold_4516,4283,5708,+,1426
lncRNA_16163,Porites_evermani_scaffold_452,202743,218498,+,15756
lncRNA_16165,Porites_evermani_scaffold_452,203680,218498,+,14819
lncRNA_16166,Porites_evermani_scaffold_452,203845,218498,+,14654
lncRNA_16167,Porites_evermani_scaffold_452,210149,218498,+,8350
lncRNA_16168,Porites_evermani_scaffold_452,215986,218498,+,2513
lncRNA_16171,Porites_evermani_scaffold_452,73713,88205,+,14493
lncRNA_16172,Porites_evermani_scaffold_452,80095,92638,+,12544
lncRNA_16173,Porites_evermani_scaffold_452,80256,92638,+,12383
lncRNA_16175,Porites_evermani_scaffold_452,80340,92638,+,12299
lncRNA_16176,Porites_evermani_scaffold_452,188923,190126,+,1204
lncRNA_16187,Porites_evermani_scaffold_4527,21911,23176,+,1266
lncRNA_16188,Porites_evermani_scaffold_4527,23882,25045,+,1164
lncRNA_16189,Porites_evermani_scaffold_4528,3522,6803,+,3282
lncRNA_16194,Porites_evermani_scaffold_453,261178,263698,+,2521
lncRNA_16195,Porites_evermani_scaffold_453,39549,39787,+,239
lncRNA_16201,Porites_evermani_scaffold_4532,5317,7415,+,2099
lncRNA_16202,Porites_evermani_scaffold_4532,5332,7415,+,2084
lncRNA_16205,Porites_evermani_scaffold_454,56064,60290,+,4227
lncRNA_16206,Porites_evermani_scaffold_454,56242,60531,+,4290
lncRNA_16207,Porites_evermani_scaffold_454,56251,60531,+,4281
lncRNA_16212,Porites_evermani_scaffold_4540,7442,15485,+,8044
lncRNA_16213,Porites_evermani_scaffold_4541,687,2676,+,1990
lncRNA_16216,Porites_evermani_scaffold_4542,6384,10731,+,4348
lncRNA_16217,Porites_evermani_scaffold_4543,1603,4758,+,3156
lncRNA_16218,Porites_evermani_scaffold_4543,1909,2954,+,1046
lncRNA_16223,Porites_evermani_scaffold_4545,11542,16602,+,5061
lncRNA_16224,Porites_evermani_scaffold_4545,11507,16587,+,5081
lncRNA_16225,Porites_evermani_scaffold_4545,11527,16587,+,5061
lncRNA_16233,Porites_evermani_scaffold_455,74766,78316,+,3551
lncRNA_16234,Porites_evermani_scaffold_455,74167,82167,+,8001
lncRNA_16240,Porites_evermani_scaffold_4555,1,1255,+,1255
lncRNA_16241,Porites_evermani_scaffold_4558,2359,3708,+,1350
lncRNA_16244,Porites_evermani_scaffold_456,231759,233878,+,2120
lncRNA_16245,Porites_evermani_scaffold_456,17099,21671,+,4573
lncRNA_16252,Porites_evermani_scaffold_4564,7264,9883,+,2620
lncRNA_16255,Porites_evermani_scaffold_4568,22354,22890,+,537
lncRNA_16266,Porites_evermani_scaffold_4573,17387,21975,+,4589
lncRNA_16268,Porites_evermani_scaffold_4574,18579,24531,+,5953
lncRNA_16269,Porites_evermani_scaffold_4576,2,3681,+,3680
lncRNA_16270,Porites_evermani_scaffold_4576,2,3870,+,3869
lncRNA_16276,Porites_evermani_scaffold_4578,24239,24497,+,259
lncRNA_16277,Porites_evermani_scaffold_4579,6226,11175,+,4950
lncRNA_16278,Porites_evermani_scaffold_4579,1139,1546,+,408
lncRNA_16281,Porites_evermani_scaffold_458,119153,129552,+,10400
lncRNA_16282,Porites_evermani_scaffold_458,119958,142307,+,22350
lncRNA_16283,Porites_evermani_scaffold_458,252226,261521,+,9296
lncRNA_16298,Porites_evermani_scaffold_459,65644,67345,+,1702
lncRNA_16299,Porites_evermani_scaffold_459,22814,25387,+,2574
lncRNA_16300,Porites_evermani_scaffold_459,23329,25387,+,2059
lncRNA_16301,Porites_evermani_scaffold_459,78133,79057,+,925
lncRNA_16302,Porites_evermani_scaffold_459,159105,166782,+,7678
lncRNA_16304,Porites_evermani_scaffold_4592,1,1060,+,1060
lncRNA_16308,Porites_evermani_scaffold_4598,16711,19098,+,2388
lncRNA_16309,Porites_evermani_scaffold_4598,20126,21058,+,933
lncRNA_16310,Porites_evermani_scaffold_4599,1,1509,+,1509
lncRNA_16312,Porites_evermani_scaffold_46,117037,121562,+,4526
lncRNA_16313,Porites_evermani_scaffold_46,117136,121562,+,4427
lncRNA_16318,Porites_evermani_scaffold_46,656029,672301,+,16273
lncRNA_16319,Porites_evermani_scaffold_46,45879,54418,+,8540
lncRNA_16321,Porites_evermani_scaffold_46,107898,111634,+,3737
lncRNA_16322,Porites_evermani_scaffold_46,111800,121702,+,9903
lncRNA_16323,Porites_evermani_scaffold_46,113241,121702,+,8462
lncRNA_16324,Porites_evermani_scaffold_46,114523,121702,+,7180
lncRNA_16325,Porites_evermani_scaffold_46,235590,265387,+,29798
lncRNA_16326,Porites_evermani_scaffold_46,257235,260306,+,3072
lncRNA_16327,Porites_evermani_scaffold_46,465756,510312,+,44557
lncRNA_16328,Porites_evermani_scaffold_46,465779,469682,+,3904
lncRNA_16329,Porites_evermani_scaffold_46,465779,510312,+,44534
lncRNA_16330,Porites_evermani_scaffold_46,465782,510312,+,44531
lncRNA_16331,Porites_evermani_scaffold_46,465790,510312,+,44523
lncRNA_16332,Porites_evermani_scaffold_46,480251,510312,+,30062
lncRNA_16333,Porites_evermani_scaffold_46,500218,510312,+,10095
lncRNA_16349,Porites_evermani_scaffold_460,20427,24427,+,4001
lncRNA_16357,Porites_evermani_scaffold_4603,17363,20114,+,2752
lncRNA_16358,Porites_evermani_scaffold_4603,17594,20114,+,2521
lncRNA_16366,Porites_evermani_scaffold_461,37470,38554,+,1085
lncRNA_16374,Porites_evermani_scaffold_462,101096,104224,+,3129
lncRNA_16376,Porites_evermani_scaffold_462,205520,207388,+,1869
lncRNA_16385,Porites_evermani_scaffold_4620,8,8523,+,8516
lncRNA_16389,Porites_evermani_scaffold_4625,16258,22506,+,6249
lncRNA_16394,Porites_evermani_scaffold_4629,3338,11502,+,8165
lncRNA_16395,Porites_evermani_scaffold_4629,3703,11502,+,7800
lncRNA_16396,Porites_evermani_scaffold_4629,19523,21937,+,2415
lncRNA_16399,Porites_evermani_scaffold_463,143714,146444,+,2731
lncRNA_16400,Porites_evermani_scaffold_463,237911,240078,+,2168
lncRNA_16402,Porites_evermani_scaffold_463,143741,144020,+,280
lncRNA_16403,Porites_evermani_scaffold_463,175283,176933,+,1651
lncRNA_16404,Porites_evermani_scaffold_463,237251,239891,+,2641
lncRNA_16405,Porites_evermani_scaffold_463,237356,239776,+,2421
lncRNA_16409,Porites_evermani_scaffold_4634,22048,23196,+,1149
lncRNA_16410,Porites_evermani_scaffold_4634,3486,10620,+,7135
lncRNA_16420,Porites_evermani_scaffold_464,203141,218069,+,14929
lncRNA_16427,Porites_evermani_scaffold_4643,21216,23274,+,2059
lncRNA_16429,Porites_evermani_scaffold_4644,7654,14389,+,6736
lncRNA_16436,Porites_evermani_scaffold_4649,4966,7041,+,2076
lncRNA_16442,Porites_evermani_scaffold_465,54042,62277,+,8236
lncRNA_16443,Porites_evermani_scaffold_465,54043,62277,+,8235
lncRNA_16444,Porites_evermani_scaffold_465,54082,62277,+,8196
lncRNA_16445,Porites_evermani_scaffold_465,54128,70631,+,16504
lncRNA_16447,Porites_evermani_scaffold_465,73549,80549,+,7001
lncRNA_16448,Porites_evermani_scaffold_465,73563,82423,+,8861
lncRNA_16449,Porites_evermani_scaffold_465,73564,82423,+,8860
lncRNA_16450,Porites_evermani_scaffold_465,73573,80549,+,6977
lncRNA_16451,Porites_evermani_scaffold_465,73587,82423,+,8837
lncRNA_16452,Porites_evermani_scaffold_465,82424,107272,+,24849
lncRNA_16454,Porites_evermani_scaffold_465,166717,167556,+,840
lncRNA_16455,Porites_evermani_scaffold_465,204966,206251,+,1286
lncRNA_16469,Porites_evermani_scaffold_4658,418,6525,+,6108
lncRNA_16471,Porites_evermani_scaffold_4659,6551,8027,+,1477
lncRNA_16472,Porites_evermani_scaffold_466,33902,35798,+,1897
lncRNA_16487,Porites_evermani_scaffold_4662,11909,12926,+,1018
lncRNA_16494,Porites_evermani_scaffold_4668,22059,22483,+,425
lncRNA_16496,Porites_evermani_scaffold_4669,1,504,+,504
lncRNA_16497,Porites_evermani_scaffold_467,137368,138412,+,1045
lncRNA_16498,Porites_evermani_scaffold_467,216493,222097,+,5605
lncRNA_16499,Porites_evermani_scaffold_467,35638,40105,+,4468
lncRNA_16500,Porites_evermani_scaffold_467,37951,40105,+,2155
lncRNA_16501,Porites_evermani_scaffold_467,75433,79117,+,3685
lncRNA_16502,Porites_evermani_scaffold_467,75453,79117,+,3665
lncRNA_16503,Porites_evermani_scaffold_467,81265,84398,+,3134
lncRNA_16504,Porites_evermani_scaffold_467,143699,144567,+,869
lncRNA_16505,Porites_evermani_scaffold_467,216309,223376,+,7068
lncRNA_16506,Porites_evermani_scaffold_467,216434,223376,+,6943
lncRNA_16507,Porites_evermani_scaffold_467,216543,223376,+,6834
lncRNA_16510,Porites_evermani_scaffold_467,40699,42164,+,1466
lncRNA_16516,Porites_evermani_scaffold_4671,2956,11102,+,8147
lncRNA_16517,Porites_evermani_scaffold_4671,8388,11050,+,2663
lncRNA_16531,Porites_evermani_scaffold_4678,761,1579,+,819
lncRNA_16532,Porites_evermani_scaffold_468,120910,122881,+,1972
lncRNA_16535,Porites_evermani_scaffold_468,255909,257506,+,1598
lncRNA_16555,Porites_evermani_scaffold_469,6086,19127,+,13042
lncRNA_16556,Porites_evermani_scaffold_469,13761,19127,+,5367
lncRNA_16559,Porites_evermani_scaffold_469,186220,188803,+,2584
lncRNA_16564,Porites_evermani_scaffold_4690,1186,2213,+,1028
lncRNA_16570,Porites_evermani_scaffold_4699,20856,21324,+,469
lncRNA_16571,Porites_evermani_scaffold_47,168515,173747,+,5233
lncRNA_16574,Porites_evermani_scaffold_47,417487,428496,+,11010
lncRNA_16575,Porites_evermani_scaffold_47,420275,421858,+,1584
lncRNA_16577,Porites_evermani_scaffold_47,713384,713818,+,435
lncRNA_16578,Porites_evermani_scaffold_47,21467,27790,+,6324
lncRNA_16579,Porites_evermani_scaffold_47,115710,116892,+,1183
lncRNA_16580,Porites_evermani_scaffold_47,125534,128030,+,2497
lncRNA_16581,Porites_evermani_scaffold_47,125734,128030,+,2297
lncRNA_16582,Porites_evermani_scaffold_47,125762,127787,+,2026
lncRNA_16583,Porites_evermani_scaffold_47,125843,127787,+,1945
lncRNA_16584,Porites_evermani_scaffold_47,125898,127787,+,1890
lncRNA_16585,Porites_evermani_scaffold_47,135872,136360,+,489
lncRNA_16586,Porites_evermani_scaffold_47,168515,173918,+,5404
lncRNA_16588,Porites_evermani_scaffold_47,669383,679012,+,9630
lncRNA_16599,Porites_evermani_scaffold_47,663351,667280,+,3930
lncRNA_16603,Porites_evermani_scaffold_470,25444,29100,+,3657
lncRNA_16608,Porites_evermani_scaffold_4700,8256,10804,+,2549
lncRNA_16610,Porites_evermani_scaffold_4702,4986,5711,+,726
lncRNA_16611,Porites_evermani_scaffold_4702,19436,20415,+,980
lncRNA_16616,Porites_evermani_scaffold_471,132557,133399,+,843
lncRNA_16617,Porites_evermani_scaffold_471,159942,160626,+,685
lncRNA_16618,Porites_evermani_scaffold_471,170685,176137,+,5453
lncRNA_16619,Porites_evermani_scaffold_471,198479,204787,+,6309
lncRNA_16623,Porites_evermani_scaffold_4711,16623,20807,+,4185
lncRNA_16624,Porites_evermani_scaffold_4711,18867,20759,+,1893
lncRNA_16625,Porites_evermani_scaffold_4712,56,2337,+,2282
lncRNA_16629,Porites_evermani_scaffold_472,206594,213637,+,7044
lncRNA_16630,Porites_evermani_scaffold_472,219536,224421,+,4886
lncRNA_16641,Porites_evermani_scaffold_4724,1809,4185,+,2377
lncRNA_16645,Porites_evermani_scaffold_4724,18698,19579,+,882
lncRNA_16646,Porites_evermani_scaffold_4725,15858,19942,+,4085
lncRNA_16648,Porites_evermani_scaffold_4726,20627,22330,+,1704
lncRNA_16649,Porites_evermani_scaffold_4727,17819,18454,+,636
lncRNA_16650,Porites_evermani_scaffold_473,71578,83528,+,11951
lncRNA_16651,Porites_evermani_scaffold_473,71611,82573,+,10963
lncRNA_16652,Porites_evermani_scaffold_473,74006,83528,+,9523
lncRNA_16653,Porites_evermani_scaffold_473,74034,83528,+,9495
lncRNA_16654,Porites_evermani_scaffold_473,145390,146972,+,1583
lncRNA_16655,Porites_evermani_scaffold_473,94188,98300,+,4113
lncRNA_16656,Porites_evermani_scaffold_473,227466,229886,+,2421
lncRNA_16668,Porites_evermani_scaffold_4731,15844,19034,+,3191
lncRNA_16669,Porites_evermani_scaffold_4732,6947,9268,+,2322
lncRNA_16671,Porites_evermani_scaffold_4736,10760,11093,+,334
lncRNA_16672,Porites_evermani_scaffold_474,80367,83213,+,2847
lncRNA_16678,Porites_evermani_scaffold_4741,9399,16802,+,7404
lncRNA_16680,Porites_evermani_scaffold_4741,19873,20910,+,1038
lncRNA_16682,Porites_evermani_scaffold_4747,6150,11043,+,4894
lncRNA_16685,Porites_evermani_scaffold_475,62462,67111,+,4650
lncRNA_16686,Porites_evermani_scaffold_475,127024,132083,+,5060
lncRNA_16687,Porites_evermani_scaffold_475,127031,132083,+,5053
lncRNA_16689,Porites_evermani_scaffold_475,148331,156107,+,7777
lncRNA_16691,Porites_evermani_scaffold_475,163854,179439,+,15586
lncRNA_16692,Porites_evermani_scaffold_475,169448,177270,+,7823
lncRNA_16694,Porites_evermani_scaffold_4750,14414,15512,+,1099
lncRNA_16695,Porites_evermani_scaffold_4752,5101,6120,+,1020
lncRNA_16696,Porites_evermani_scaffold_4752,7254,8462,+,1209
lncRNA_16699,Porites_evermani_scaffold_4757,15770,16263,+,494
lncRNA_16702,Porites_evermani_scaffold_476,10376,11386,+,1011
lncRNA_16708,Porites_evermani_scaffold_476,55334,58121,+,2788
lncRNA_16712,Porites_evermani_scaffold_4760,7201,8053,+,853
lncRNA_16714,Porites_evermani_scaffold_4760,7449,8472,+,1024
lncRNA_16715,Porites_evermani_scaffold_4761,10651,21031,+,10381
lncRNA_16716,Porites_evermani_scaffold_4762,1945,4165,+,2221
lncRNA_16717,Porites_evermani_scaffold_4764,112,748,+,637
lncRNA_16720,Porites_evermani_scaffold_477,21836,22553,+,718
lncRNA_16721,Porites_evermani_scaffold_477,22982,24855,+,1874
lncRNA_16722,Porites_evermani_scaffold_477,25557,28599,+,3043
lncRNA_16727,Porites_evermani_scaffold_4771,61,3646,+,3586
lncRNA_16728,Porites_evermani_scaffold_4771,19858,21451,+,1594
lncRNA_16736,Porites_evermani_scaffold_4782,10712,12753,+,2042
lncRNA_16737,Porites_evermani_scaffold_4782,16257,20271,+,4015
lncRNA_16738,Porites_evermani_scaffold_4782,16257,20991,+,4735
lncRNA_16740,Porites_evermani_scaffold_4783,20660,21566,+,907
lncRNA_16742,Porites_evermani_scaffold_4784,1521,7138,+,5618
lncRNA_16743,Porites_evermani_scaffold_4784,4544,11027,+,6484
lncRNA_16744,Porites_evermani_scaffold_4785,1874,4006,+,2133
lncRNA_16745,Porites_evermani_scaffold_4785,1990,4006,+,2017
lncRNA_16747,Porites_evermani_scaffold_4788,5540,10286,+,4747
lncRNA_16749,Porites_evermani_scaffold_4789,19725,21511,+,1787
lncRNA_16753,Porites_evermani_scaffold_479,30538,36424,+,5887
lncRNA_16754,Porites_evermani_scaffold_479,30556,33133,+,2578
lncRNA_16756,Porites_evermani_scaffold_4790,1583,3051,+,1469
lncRNA_16757,Porites_evermani_scaffold_4792,3714,5832,+,2119
lncRNA_16767,Porites_evermani_scaffold_48,76987,82169,+,5183
lncRNA_16769,Porites_evermani_scaffold_48,413338,421019,+,7682
lncRNA_16770,Porites_evermani_scaffold_48,515397,517115,+,1719
lncRNA_16771,Porites_evermani_scaffold_48,515425,517115,+,1691
lncRNA_16772,Porites_evermani_scaffold_48,515605,517115,+,1511
lncRNA_16777,Porites_evermani_scaffold_48,399565,428266,+,28702
lncRNA_16778,Porites_evermani_scaffold_48,414284,421046,+,6763
lncRNA_16792,Porites_evermani_scaffold_480,121467,126084,+,4618
lncRNA_16797,Porites_evermani_scaffold_4803,1,7708,+,7708
lncRNA_16802,Porites_evermani_scaffold_4806,9251,9845,+,595
lncRNA_16828,Porites_evermani_scaffold_4818,19678,21220,+,1543
lncRNA_16829,Porites_evermani_scaffold_4819,14119,21149,+,7031
lncRNA_16831,Porites_evermani_scaffold_482,12476,13014,+,539
lncRNA_16832,Porites_evermani_scaffold_482,12497,13211,+,715
lncRNA_16833,Porites_evermani_scaffold_482,17002,18826,+,1825
lncRNA_16834,Porites_evermani_scaffold_482,17439,22543,+,5105
lncRNA_16838,Porites_evermani_scaffold_482,125784,126826,+,1043
lncRNA_16845,Porites_evermani_scaffold_4821,13482,16642,+,3161
lncRNA_16846,Porites_evermani_scaffold_4821,13881,16642,+,2762
lncRNA_16847,Porites_evermani_scaffold_4821,13480,16692,+,3213
lncRNA_16848,Porites_evermani_scaffold_4821,13480,18570,+,5091
lncRNA_16849,Porites_evermani_scaffold_4821,13695,18570,+,4876
lncRNA_16850,Porites_evermani_scaffold_4821,15040,18570,+,3531
lncRNA_16851,Porites_evermani_scaffold_4821,15182,18570,+,3389
lncRNA_16855,Porites_evermani_scaffold_4823,14259,14909,+,651
lncRNA_16857,Porites_evermani_scaffold_4827,9065,13094,+,4030
lncRNA_16862,Porites_evermani_scaffold_483,207272,207811,+,540
lncRNA_16867,Porites_evermani_scaffold_483,222534,223241,+,708
lncRNA_16868,Porites_evermani_scaffold_483,237996,240486,+,2491
lncRNA_16874,Porites_evermani_scaffold_4835,9180,13219,+,4040
lncRNA_16875,Porites_evermani_scaffold_4835,10743,13219,+,2477
lncRNA_16876,Porites_evermani_scaffold_4836,713,5223,+,4511
lncRNA_16879,Porites_evermani_scaffold_4839,7916,12881,+,4966
lncRNA_16882,Porites_evermani_scaffold_484,5762,11072,+,5311
lncRNA_16883,Porites_evermani_scaffold_484,7406,11072,+,3667
lncRNA_16884,Porites_evermani_scaffold_484,49605,54507,+,4903
lncRNA_16885,Porites_evermani_scaffold_484,49613,53633,+,4021
lncRNA_16886,Porites_evermani_scaffold_484,89005,90140,+,1136
lncRNA_16887,Porites_evermani_scaffold_484,89103,90274,+,1172
lncRNA_16888,Porites_evermani_scaffold_484,89118,90274,+,1157
lncRNA_16891,Porites_evermani_scaffold_484,5155,11069,+,5915
lncRNA_16892,Porites_evermani_scaffold_484,5571,11069,+,5499
lncRNA_16893,Porites_evermani_scaffold_484,6453,11069,+,4617
lncRNA_16894,Porites_evermani_scaffold_484,49627,51223,+,1597
lncRNA_16899,Porites_evermani_scaffold_4840,20134,21028,+,895
lncRNA_16900,Porites_evermani_scaffold_4841,1888,3726,+,1839
lncRNA_16909,Porites_evermani_scaffold_485,57103,58493,+,1391
lncRNA_16910,Porites_evermani_scaffold_485,62987,63478,+,492
lncRNA_16912,Porites_evermani_scaffold_485,665,2453,+,1789
lncRNA_16916,Porites_evermani_scaffold_4851,1,3235,+,3235
lncRNA_16917,Porites_evermani_scaffold_4851,1,5548,+,5548
lncRNA_16920,Porites_evermani_scaffold_4851,17499,20935,+,3437
lncRNA_16921,Porites_evermani_scaffold_4851,18072,20935,+,2864
lncRNA_16924,Porites_evermani_scaffold_4852,6508,8731,+,2224
lncRNA_16925,Porites_evermani_scaffold_4852,6134,12620,+,6487
lncRNA_16926,Porites_evermani_scaffold_4853,11621,13205,+,1585
lncRNA_16928,Porites_evermani_scaffold_4853,16746,20902,+,4157
lncRNA_16935,Porites_evermani_scaffold_486,235188,236099,+,912
lncRNA_16937,Porites_evermani_scaffold_4860,9148,11347,+,2200
lncRNA_16938,Porites_evermani_scaffold_4860,8598,15452,+,6855
lncRNA_16939,Porites_evermani_scaffold_4860,8778,15452,+,6675
lncRNA_16941,Porites_evermani_scaffold_4861,8541,10195,+,1655
lncRNA_16942,Porites_evermani_scaffold_4861,4437,10002,+,5566
lncRNA_16943,Porites_evermani_scaffold_4862,10363,20641,+,10279
lncRNA_16944,Porites_evermani_scaffold_4862,10374,14425,+,4052
lncRNA_16945,Porites_evermani_scaffold_4863,3904,5723,+,1820
lncRNA_16946,Porites_evermani_scaffold_4863,12316,15161,+,2846
lncRNA_16947,Porites_evermani_scaffold_4863,12317,14528,+,2212
lncRNA_16958,Porites_evermani_scaffold_487,112050,118738,+,6689
lncRNA_16959,Porites_evermani_scaffold_487,112714,118738,+,6025
lncRNA_16960,Porites_evermani_scaffold_487,112818,118394,+,5577
lncRNA_16961,Porites_evermani_scaffold_487,113131,119006,+,5876
lncRNA_16962,Porites_evermani_scaffold_487,113175,119281,+,6107
lncRNA_16963,Porites_evermani_scaffold_487,113410,118394,+,4985
lncRNA_16964,Porites_evermani_scaffold_487,114042,119006,+,4965
lncRNA_16967,Porites_evermani_scaffold_487,199356,206326,+,6971
lncRNA_16968,Porites_evermani_scaffold_487,226539,228632,+,2094
lncRNA_16974,Porites_evermani_scaffold_487,56881,58268,+,1388
lncRNA_16975,Porites_evermani_scaffold_487,66445,67452,+,1008
lncRNA_16976,Porites_evermani_scaffold_487,97434,99292,+,1859
lncRNA_16977,Porites_evermani_scaffold_487,105858,111910,+,6053
lncRNA_16979,Porites_evermani_scaffold_487,107605,111910,+,4306
lncRNA_16980,Porites_evermani_scaffold_487,107715,111910,+,4196
lncRNA_16981,Porites_evermani_scaffold_487,111993,122852,+,10860
lncRNA_16982,Porites_evermani_scaffold_487,111994,122852,+,10859
lncRNA_16983,Porites_evermani_scaffold_487,112029,122852,+,10824
lncRNA_16984,Porites_evermani_scaffold_487,112034,122852,+,10819
lncRNA_16986,Porites_evermani_scaffold_487,112492,122852,+,10361
lncRNA_16987,Porites_evermani_scaffold_487,113170,122852,+,9683
lncRNA_16988,Porites_evermani_scaffold_487,129335,136156,+,6822
lncRNA_16993,Porites_evermani_scaffold_487,181109,209114,+,28006
lncRNA_16994,Porites_evermani_scaffold_487,184320,209114,+,24795
lncRNA_16995,Porites_evermani_scaffold_487,190132,209114,+,18983
lncRNA_16996,Porites_evermani_scaffold_487,190265,209114,+,18850
lncRNA_16997,Porites_evermani_scaffold_487,190479,209114,+,18636
lncRNA_16999,Porites_evermani_scaffold_487,190498,209114,+,18617
lncRNA_17000,Porites_evermani_scaffold_487,190500,202047,+,11548
lncRNA_17001,Porites_evermani_scaffold_487,190500,209114,+,18615
lncRNA_17002,Porites_evermani_scaffold_487,190504,209114,+,18611
lncRNA_17006,Porites_evermani_scaffold_487,190505,209114,+,18610
lncRNA_17007,Porites_evermani_scaffold_487,190516,209114,+,18599
lncRNA_17009,Porites_evermani_scaffold_487,190525,209114,+,18590
lncRNA_17010,Porites_evermani_scaffold_487,190526,209114,+,18589
lncRNA_17011,Porites_evermani_scaffold_487,190533,201390,+,10858
lncRNA_17012,Porites_evermani_scaffold_487,190595,201828,+,11234
lncRNA_17013,Porites_evermani_scaffold_487,190595,209114,+,18520
lncRNA_17014,Porites_evermani_scaffold_487,190598,202047,+,11450
lncRNA_17015,Porites_evermani_scaffold_487,190600,209114,+,18515
lncRNA_17018,Porites_evermani_scaffold_487,190619,202047,+,11429
lncRNA_17019,Porites_evermani_scaffold_487,193847,209114,+,15268
lncRNA_17020,Porites_evermani_scaffold_487,193991,209114,+,15124
lncRNA_17031,Porites_evermani_scaffold_4874,19551,20572,+,1022
lncRNA_17032,Porites_evermani_scaffold_4875,1,5996,+,5996
lncRNA_17034,Porites_evermani_scaffold_4876,11544,18128,+,6585
lncRNA_17036,Porites_evermani_scaffold_4876,11544,19551,+,8008
lncRNA_17039,Porites_evermani_scaffold_4878,888,3169,+,2282
lncRNA_17043,Porites_evermani_scaffold_488,181622,192457,+,10836
lncRNA_17044,Porites_evermani_scaffold_488,181934,189203,+,7270
lncRNA_17045,Porites_evermani_scaffold_488,183208,189203,+,5996
lncRNA_17046,Porites_evermani_scaffold_488,200694,211566,+,10873
lncRNA_17050,Porites_evermani_scaffold_488,235967,237140,+,1174
lncRNA_17058,Porites_evermani_scaffold_489,542,5768,+,5227
lncRNA_17060,Porites_evermani_scaffold_489,776,5768,+,4993
lncRNA_17061,Porites_evermani_scaffold_489,1577,5768,+,4192
lncRNA_17063,Porites_evermani_scaffold_489,26006,29772,+,3767
lncRNA_17064,Porites_evermani_scaffold_489,49737,64866,+,15130
lncRNA_17065,Porites_evermani_scaffold_489,4027,5917,+,1891
lncRNA_17078,Porites_evermani_scaffold_4894,1159,2181,+,1023
lncRNA_17079,Porites_evermani_scaffold_4895,16907,20178,+,3272
lncRNA_17081,Porites_evermani_scaffold_4899,18486,19787,+,1302
lncRNA_17082,Porites_evermani_scaffold_49,52641,57280,+,4640
lncRNA_17088,Porites_evermani_scaffold_49,599358,602160,+,2803
lncRNA_17090,Porites_evermani_scaffold_49,331171,333425,+,2255
lncRNA_17091,Porites_evermani_scaffold_49,334161,335673,+,1513
lncRNA_17092,Porites_evermani_scaffold_49,425384,427821,+,2438
lncRNA_17095,Porites_evermani_scaffold_49,551378,558933,+,7556
lncRNA_17096,Porites_evermani_scaffold_49,61515,61746,+,232
lncRNA_17103,Porites_evermani_scaffold_490,215985,222292,+,6308
lncRNA_17120,Porites_evermani_scaffold_4900,13488,14442,+,955
lncRNA_17128,Porites_evermani_scaffold_4907,14853,16959,+,2107
lncRNA_17129,Porites_evermani_scaffold_491,1370,11506,+,10137
lncRNA_17130,Porites_evermani_scaffold_491,65496,67084,+,1589
lncRNA_17131,Porites_evermani_scaffold_491,95588,98392,+,2805
lncRNA_17132,Porites_evermani_scaffold_491,199186,204907,+,5722
lncRNA_17133,Porites_evermani_scaffold_491,202681,205401,+,2721
lncRNA_17135,Porites_evermani_scaffold_491,2453,24563,+,22111
lncRNA_17137,Porites_evermani_scaffold_491,3390,24563,+,21174
lncRNA_17138,Porites_evermani_scaffold_491,18183,24563,+,6381
lncRNA_17139,Porites_evermani_scaffold_491,29107,46965,+,17859
lncRNA_17140,Porites_evermani_scaffold_491,29277,37375,+,8099
lncRNA_17147,Porites_evermani_scaffold_4910,2966,5740,+,2775
lncRNA_17150,Porites_evermani_scaffold_4912,15531,17040,+,1510
lncRNA_17151,Porites_evermani_scaffold_4914,1,3948,+,3948
lncRNA_17157,Porites_evermani_scaffold_492,34825,42177,+,7353
lncRNA_17158,Porites_evermani_scaffold_492,34897,42177,+,7281
lncRNA_17159,Porites_evermani_scaffold_492,59539,61459,+,1921
lncRNA_17160,Porites_evermani_scaffold_492,59555,61459,+,1905
lncRNA_17164,Porites_evermani_scaffold_492,123445,126290,+,2846
lncRNA_17172,Porites_evermani_scaffold_4921,1,2987,+,2987
lncRNA_17173,Porites_evermani_scaffold_4921,6900,8361,+,1462
lncRNA_17175,Porites_evermani_scaffold_4922,9071,9509,+,439
lncRNA_17176,Porites_evermani_scaffold_4923,61,2892,+,2832
lncRNA_17179,Porites_evermani_scaffold_4929,171,2099,+,1929
lncRNA_17182,Porites_evermani_scaffold_493,155585,159844,+,4260
lncRNA_17183,Porites_evermani_scaffold_493,158555,159844,+,1290
lncRNA_17184,Porites_evermani_scaffold_493,177457,179785,+,2329
lncRNA_17185,Porites_evermani_scaffold_493,177461,178363,+,903
lncRNA_17186,Porites_evermani_scaffold_493,177480,179059,+,1580
lncRNA_17187,Porites_evermani_scaffold_493,177482,179677,+,2196
lncRNA_17189,Porites_evermani_scaffold_493,176026,183813,+,7788
lncRNA_17190,Porites_evermani_scaffold_493,177313,183813,+,6501
lncRNA_17191,Porites_evermani_scaffold_493,177348,183813,+,6466
lncRNA_17192,Porites_evermani_scaffold_493,177520,191859,+,14340
lncRNA_17193,Porites_evermani_scaffold_493,178086,191859,+,13774
lncRNA_17194,Porites_evermani_scaffold_493,191926,198873,+,6948
lncRNA_17211,Porites_evermani_scaffold_4931,285,1008,+,724
lncRNA_17238,Porites_evermani_scaffold_4949,1,1017,+,1017
lncRNA_17239,Porites_evermani_scaffold_495,7392,11308,+,3917
lncRNA_17240,Porites_evermani_scaffold_495,7611,11997,+,4387
lncRNA_17241,Porites_evermani_scaffold_495,31741,36941,+,5201
lncRNA_17242,Porites_evermani_scaffold_495,236702,249494,+,12793
lncRNA_17243,Porites_evermani_scaffold_495,165839,167870,+,2032
lncRNA_17244,Porites_evermani_scaffold_495,175568,181784,+,6217
lncRNA_17245,Porites_evermani_scaffold_495,175688,189094,+,13407
lncRNA_17246,Porites_evermani_scaffold_495,175697,189094,+,13398
lncRNA_17255,Porites_evermani_scaffold_4953,16619,18413,+,1795
lncRNA_17262,Porites_evermani_scaffold_496,84781,86187,+,1407
lncRNA_17263,Porites_evermani_scaffold_496,204448,208417,+,3970
lncRNA_17264,Porites_evermani_scaffold_496,213427,214727,+,1301
lncRNA_17266,Porites_evermani_scaffold_496,12845,15329,+,2485
lncRNA_17267,Porites_evermani_scaffold_496,13372,15329,+,1958
lncRNA_17268,Porites_evermani_scaffold_496,170138,170787,+,650
lncRNA_17275,Porites_evermani_scaffold_4963,11409,12092,+,684
lncRNA_17284,Porites_evermani_scaffold_497,10320,13518,+,3199
lncRNA_17285,Porites_evermani_scaffold_497,239777,242532,+,2756
lncRNA_17295,Porites_evermani_scaffold_4977,8868,9330,+,463
lncRNA_17297,Porites_evermani_scaffold_498,56760,57306,+,547
lncRNA_17298,Porites_evermani_scaffold_498,97481,102796,+,5316
lncRNA_17299,Porites_evermani_scaffold_498,97484,101334,+,3851
lncRNA_17300,Porites_evermani_scaffold_498,97484,102796,+,5313
lncRNA_17301,Porites_evermani_scaffold_498,97878,101334,+,3457
lncRNA_17302,Porites_evermani_scaffold_498,35422,36849,+,1428
lncRNA_17303,Porites_evermani_scaffold_498,35452,36849,+,1398
lncRNA_17304,Porites_evermani_scaffold_498,55492,59198,+,3707
lncRNA_17305,Porites_evermani_scaffold_498,71967,75517,+,3551
lncRNA_17307,Porites_evermani_scaffold_498,144427,146210,+,1784
lncRNA_17309,Porites_evermani_scaffold_498,189556,192436,+,2881
lncRNA_17318,Porites_evermani_scaffold_4984,702,10389,+,9688
lncRNA_17319,Porites_evermani_scaffold_4984,894,10389,+,9496
lncRNA_17320,Porites_evermani_scaffold_4984,1163,10389,+,9227
lncRNA_17321,Porites_evermani_scaffold_4984,3445,10389,+,6945
lncRNA_17322,Porites_evermani_scaffold_4985,6,18705,+,18700
lncRNA_17323,Porites_evermani_scaffold_4985,22,14865,+,14844
lncRNA_17324,Porites_evermani_scaffold_499,122,11061,+,10940
lncRNA_17325,Porites_evermani_scaffold_499,146,11061,+,10916
lncRNA_17326,Porites_evermani_scaffold_499,147,11061,+,10915
lncRNA_17331,Porites_evermani_scaffold_499,191000,194325,+,3326
lncRNA_17334,Porites_evermani_scaffold_4991,15464,17521,+,2058
lncRNA_17337,Porites_evermani_scaffold_4993,13776,15514,+,1739
lncRNA_17338,Porites_evermani_scaffold_4994,240,2983,+,2744
lncRNA_17339,Porites_evermani_scaffold_4994,12186,12453,+,268
lncRNA_17342,Porites_evermani_scaffold_4999,887,2855,+,1969
lncRNA_17343,Porites_evermani_scaffold_4999,15,802,+,788
lncRNA_17344,Porites_evermani_scaffold_4999,886,2855,+,1970
lncRNA_17346,Porites_evermani_scaffold_5,2968,7588,+,4621
lncRNA_17347,Porites_evermani_scaffold_5,334135,339044,+,4910
lncRNA_17348,Porites_evermani_scaffold_5,334181,339044,+,4864
lncRNA_17350,Porites_evermani_scaffold_5,1239778,1242612,+,2835
lncRNA_17352,Porites_evermani_scaffold_5,5049,7118,+,2070
lncRNA_17354,Porites_evermani_scaffold_5,240002,244406,+,4405
lncRNA_17355,Porites_evermani_scaffold_5,240625,250150,+,9526
lncRNA_17357,Porites_evermani_scaffold_5,623446,624312,+,867
lncRNA_17363,Porites_evermani_scaffold_5,270176,271628,+,1453
lncRNA_17377,Porites_evermani_scaffold_50,284834,286837,+,2004
lncRNA_17378,Porites_evermani_scaffold_50,284988,286837,+,1850
lncRNA_17381,Porites_evermani_scaffold_50,573643,587726,+,14084
lncRNA_17382,Porites_evermani_scaffold_50,669730,693440,+,23711
lncRNA_17383,Porites_evermani_scaffold_50,669735,693440,+,23706
lncRNA_17386,Porites_evermani_scaffold_50,607735,609141,+,1407
lncRNA_17387,Porites_evermani_scaffold_50,639160,645093,+,5934
lncRNA_17397,Porites_evermani_scaffold_500,5736,8610,+,2875
lncRNA_17398,Porites_evermani_scaffold_500,9000,9995,+,996
lncRNA_17400,Porites_evermani_scaffold_500,234368,236006,+,1639
lncRNA_17401,Porites_evermani_scaffold_500,242141,244308,+,2168
lncRNA_17411,Porites_evermani_scaffold_5006,10041,11413,+,1373
lncRNA_17414,Porites_evermani_scaffold_5008,16707,17492,+,786
lncRNA_17415,Porites_evermani_scaffold_5009,211,8753,+,8543
lncRNA_17419,Porites_evermani_scaffold_501,236900,238107,+,1208
lncRNA_17420,Porites_evermani_scaffold_501,237032,238107,+,1076
lncRNA_17422,Porites_evermani_scaffold_501,232720,234557,+,1838
lncRNA_17423,Porites_evermani_scaffold_5017,3843,8079,+,4237
lncRNA_17424,Porites_evermani_scaffold_5017,5796,8079,+,2284
lncRNA_17425,Porites_evermani_scaffold_5017,1,1406,+,1406
lncRNA_17427,Porites_evermani_scaffold_5019,13467,18266,+,4800
lncRNA_17428,Porites_evermani_scaffold_502,11007,15437,+,4431
lncRNA_17429,Porites_evermani_scaffold_502,11067,15437,+,4371
lncRNA_17439,Porites_evermani_scaffold_5024,1424,2063,+,640
lncRNA_17441,Porites_evermani_scaffold_5026,16751,18258,+,1508
lncRNA_17443,Porites_evermani_scaffold_5027,81,3335,+,3255
lncRNA_17445,Porites_evermani_scaffold_503,70,1593,+,1524
lncRNA_17461,Porites_evermani_scaffold_504,49516,52076,+,2561
lncRNA_17465,Porites_evermani_scaffold_5042,17494,18042,+,549
lncRNA_17468,Porites_evermani_scaffold_5046,14792,17988,+,3197
lncRNA_17474,Porites_evermani_scaffold_505,54065,57752,+,3688
lncRNA_17475,Porites_evermani_scaffold_505,69327,70017,+,691
lncRNA_17486,Porites_evermani_scaffold_5054,15301,17627,+,2327
lncRNA_17487,Porites_evermani_scaffold_5054,1,664,+,664
lncRNA_17490,Porites_evermani_scaffold_506,178746,183332,+,4587
lncRNA_17492,Porites_evermani_scaffold_5060,1103,7999,+,6897
lncRNA_17493,Porites_evermani_scaffold_5060,1698,5332,+,3635
lncRNA_17494,Porites_evermani_scaffold_5061,10039,12439,+,2401
lncRNA_17495,Porites_evermani_scaffold_5063,11488,13903,+,2416
lncRNA_17496,Porites_evermani_scaffold_5063,11627,13903,+,2277
lncRNA_17497,Porites_evermani_scaffold_5063,11414,15918,+,4505
lncRNA_17505,Porites_evermani_scaffold_507,2095,3621,+,1527
lncRNA_17506,Porites_evermani_scaffold_507,74739,77972,+,3234
lncRNA_17507,Porites_evermani_scaffold_507,89274,93039,+,3766
lncRNA_17508,Porites_evermani_scaffold_507,111840,114606,+,2767
lncRNA_17509,Porites_evermani_scaffold_507,165343,166249,+,907
lncRNA_17511,Porites_evermani_scaffold_507,106323,106885,+,563
lncRNA_17516,Porites_evermani_scaffold_5070,3757,6406,+,2650
lncRNA_17518,Porites_evermani_scaffold_5071,12351,12944,+,594
lncRNA_17521,Porites_evermani_scaffold_5077,13025,15075,+,2051
lncRNA_17522,Porites_evermani_scaffold_5077,13192,15075,+,1884
lncRNA_17524,Porites_evermani_scaffold_5078,4739,8620,+,3882
lncRNA_17525,Porites_evermani_scaffold_5078,4740,8620,+,3881
lncRNA_17529,Porites_evermani_scaffold_508,51487,58207,+,6721
lncRNA_17530,Porites_evermani_scaffold_508,112053,115767,+,3715
lncRNA_17531,Porites_evermani_scaffold_508,122744,123533,+,790
lncRNA_17532,Porites_evermani_scaffold_508,146767,151226,+,4460
lncRNA_17553,Porites_evermani_scaffold_5091,15369,17451,+,2083
lncRNA_17555,Porites_evermani_scaffold_5092,1165,2786,+,1622
lncRNA_17556,Porites_evermani_scaffold_5092,12550,15297,+,2748
lncRNA_17557,Porites_evermani_scaffold_5092,14141,15003,+,863
lncRNA_17559,Porites_evermani_scaffold_5092,9396,13879,+,4484
lncRNA_17560,Porites_evermani_scaffold_5092,11624,13879,+,2256
lncRNA_17564,Porites_evermani_scaffold_5096,7015,15049,+,8035
lncRNA_17566,Porites_evermani_scaffold_5096,5619,15456,+,9838
lncRNA_17567,Porites_evermani_scaffold_5096,5912,14545,+,8634
lncRNA_17570,Porites_evermani_scaffold_5099,14503,15664,+,1162
lncRNA_17571,Porites_evermani_scaffold_51,45982,47402,+,1421
lncRNA_17572,Porites_evermani_scaffold_51,46002,47402,+,1401
lncRNA_17573,Porites_evermani_scaffold_51,83733,85656,+,1924
lncRNA_17574,Porites_evermani_scaffold_51,187295,190384,+,3090
lncRNA_17577,Porites_evermani_scaffold_51,599334,599964,+,631
lncRNA_17579,Porites_evermani_scaffold_51,126041,126550,+,510
lncRNA_17583,Porites_evermani_scaffold_51,317454,325864,+,8411
lncRNA_17584,Porites_evermani_scaffold_51,317456,325864,+,8409
lncRNA_17585,Porites_evermani_scaffold_51,357744,364677,+,6934
lncRNA_17589,Porites_evermani_scaffold_51,646989,647289,+,301
lncRNA_17593,Porites_evermani_scaffold_510,86662,89570,+,2909
lncRNA_17596,Porites_evermani_scaffold_510,108684,128116,+,19433
lncRNA_17597,Porites_evermani_scaffold_510,117007,127814,+,10808
lncRNA_17598,Porites_evermani_scaffold_510,121519,127814,+,6296
lncRNA_17599,Porites_evermani_scaffold_510,130680,140961,+,10282
lncRNA_17600,Porites_evermani_scaffold_510,133213,139522,+,6310
lncRNA_17601,Porites_evermani_scaffold_510,133217,139522,+,6306
lncRNA_17602,Porites_evermani_scaffold_510,135314,139522,+,4209
lncRNA_17609,Porites_evermani_scaffold_510,139628,141372,+,1745
lncRNA_17611,Porites_evermani_scaffold_510,166296,166978,+,683
lncRNA_17612,Porites_evermani_scaffold_510,18601,19244,+,644
lncRNA_17617,Porites_evermani_scaffold_5104,11052,12080,+,1029
lncRNA_17618,Porites_evermani_scaffold_5104,11722,12080,+,359
lncRNA_17625,Porites_evermani_scaffold_511,63759,66106,+,2348
lncRNA_17627,Porites_evermani_scaffold_511,240438,242316,+,1879
lncRNA_17634,Porites_evermani_scaffold_5118,4012,6171,+,2160
lncRNA_17635,Porites_evermani_scaffold_512,198904,201645,+,2742
lncRNA_17639,Porites_evermani_scaffold_512,115396,115623,+,228
lncRNA_17640,Porites_evermani_scaffold_5121,11317,16364,+,5048
lncRNA_17641,Porites_evermani_scaffold_5121,12315,16364,+,4050
lncRNA_17642,Porites_evermani_scaffold_5122,15987,17123,+,1137
lncRNA_17648,Porites_evermani_scaffold_5133,6597,7424,+,828
lncRNA_17651,Porites_evermani_scaffold_5133,15478,15859,+,382
lncRNA_17654,Porites_evermani_scaffold_514,140493,145078,+,4586
lncRNA_17658,Porites_evermani_scaffold_514,52602,52929,+,328
lncRNA_17660,Porites_evermani_scaffold_5142,16112,16922,+,811
lncRNA_17665,Porites_evermani_scaffold_5145,8011,10599,+,2589
lncRNA_17666,Porites_evermani_scaffold_5145,8011,11128,+,3118
lncRNA_17671,Porites_evermani_scaffold_515,71775,72801,+,1027
lncRNA_17672,Porites_evermani_scaffold_515,202446,215571,+,13126
lncRNA_17673,Porites_evermani_scaffold_515,71763,79226,+,7464
lncRNA_17676,Porites_evermani_scaffold_515,71775,79226,+,7452
lncRNA_17678,Porites_evermani_scaffold_515,230807,235082,+,4276
lncRNA_17694,Porites_evermani_scaffold_516,150894,153023,+,2130
lncRNA_17695,Porites_evermani_scaffold_516,200125,202771,+,2647
lncRNA_17697,Porites_evermani_scaffold_5160,11526,16513,+,4988
lncRNA_17698,Porites_evermani_scaffold_5160,12725,16513,+,3789
lncRNA_17703,Porites_evermani_scaffold_5164,299,3944,+,3646
lncRNA_17704,Porites_evermani_scaffold_5165,4327,16711,+,12385
lncRNA_17705,Porites_evermani_scaffold_5166,12,4009,+,3998
lncRNA_17706,Porites_evermani_scaffold_5166,370,4316,+,3947
lncRNA_17707,Porites_evermani_scaffold_5166,381,4316,+,3936
lncRNA_17708,Porites_evermani_scaffold_5166,17,4316,+,4300
lncRNA_17710,Porites_evermani_scaffold_517,170061,170679,+,619
lncRNA_17711,Porites_evermani_scaffold_517,181571,183939,+,2369
lncRNA_17713,Porites_evermani_scaffold_517,78167,79117,+,951
lncRNA_17714,Porites_evermani_scaffold_517,92450,93504,+,1055
lncRNA_17715,Porites_evermani_scaffold_517,170008,170497,+,490
lncRNA_17716,Porites_evermani_scaffold_517,181571,184320,+,2750
lncRNA_17717,Porites_evermani_scaffold_517,207090,207952,+,863
lncRNA_17720,Porites_evermani_scaffold_517,120756,122390,+,1635
lncRNA_17723,Porites_evermani_scaffold_5170,11559,15146,+,3588
lncRNA_17726,Porites_evermani_scaffold_5173,13226,15794,+,2569
lncRNA_17727,Porites_evermani_scaffold_5173,13217,16172,+,2956
lncRNA_17731,Porites_evermani_scaffold_5178,2807,6258,+,3452
lncRNA_17742,Porites_evermani_scaffold_5181,305,4371,+,4067
lncRNA_17744,Porites_evermani_scaffold_5182,313,2797,+,2485
lncRNA_17745,Porites_evermani_scaffold_5183,15561,16363,+,803
lncRNA_17747,Porites_evermani_scaffold_5185,13088,15900,+,2813
lncRNA_17748,Porites_evermani_scaffold_519,3539,6716,+,3178
lncRNA_17749,Porites_evermani_scaffold_519,185311,188017,+,2707
lncRNA_17751,Porites_evermani_scaffold_519,221037,222997,+,1961
lncRNA_17755,Porites_evermani_scaffold_5195,5302,6651,+,1350
lncRNA_17757,Porites_evermani_scaffold_52,136026,147488,+,11463
lncRNA_17758,Porites_evermani_scaffold_52,79653,82322,+,2670
lncRNA_17760,Porites_evermani_scaffold_52,172605,174795,+,2191
lncRNA_17762,Porites_evermani_scaffold_52,248484,251508,+,3025
lncRNA_17765,Porites_evermani_scaffold_52,259368,261281,+,1914
lncRNA_17767,Porites_evermani_scaffold_52,612695,614082,+,1388
lncRNA_17771,Porites_evermani_scaffold_52,304527,305746,+,1220
lncRNA_17773,Porites_evermani_scaffold_52,670891,671741,+,851
lncRNA_17788,Porites_evermani_scaffold_520,201195,206189,+,4995
lncRNA_17790,Porites_evermani_scaffold_520,175526,179625,+,4100
lncRNA_17791,Porites_evermani_scaffold_520,161778,171658,+,9881
lncRNA_17792,Porites_evermani_scaffold_520,225290,230217,+,4928
lncRNA_17810,Porites_evermani_scaffold_521,200820,205276,+,4457
lncRNA_17826,Porites_evermani_scaffold_5217,2839,4470,+,1632
lncRNA_17829,Porites_evermani_scaffold_522,10015,17636,+,7622
lncRNA_17832,Porites_evermani_scaffold_522,2363,4725,+,2363
lncRNA_17843,Porites_evermani_scaffold_5226,253,2084,+,1832
lncRNA_17846,Porites_evermani_scaffold_5228,13557,15874,+,2318
lncRNA_17849,Porites_evermani_scaffold_5228,10258,11097,+,840
lncRNA_17850,Porites_evermani_scaffold_5229,7830,9688,+,1859
lncRNA_17851,Porites_evermani_scaffold_5229,13381,15897,+,2517
lncRNA_17852,Porites_evermani_scaffold_5229,4389,4837,+,449
lncRNA_17855,Porites_evermani_scaffold_523,38488,41508,+,3021
lncRNA_17856,Porites_evermani_scaffold_523,39025,41508,+,2484
lncRNA_17857,Porites_evermani_scaffold_523,221435,223285,+,1851
lncRNA_17872,Porites_evermani_scaffold_5235,13617,14177,+,561
lncRNA_17873,Porites_evermani_scaffold_5236,70,8970,+,8901
lncRNA_17874,Porites_evermani_scaffold_524,15967,17039,+,1073
lncRNA_17875,Porites_evermani_scaffold_524,110004,119173,+,9170
lncRNA_17888,Porites_evermani_scaffold_5247,12851,14790,+,1940
lncRNA_17898,Porites_evermani_scaffold_525,160112,161801,+,1690
lncRNA_17899,Porites_evermani_scaffold_525,172316,173412,+,1097
lncRNA_17902,Porites_evermani_scaffold_525,216776,218537,+,1762
lncRNA_17910,Porites_evermani_scaffold_5256,9763,14814,+,5052
lncRNA_17918,Porites_evermani_scaffold_527,220839,227005,+,6167
lncRNA_17919,Porites_evermani_scaffold_527,220857,221466,+,610
lncRNA_17920,Porites_evermani_scaffold_527,222154,228384,+,6231
lncRNA_17922,Porites_evermani_scaffold_5271,9035,12538,+,3504
lncRNA_17931,Porites_evermani_scaffold_5281,8081,15352,+,7272
lncRNA_17932,Porites_evermani_scaffold_5281,11536,15352,+,3817
lncRNA_17936,Porites_evermani_scaffold_529,11225,11786,+,562
lncRNA_17937,Porites_evermani_scaffold_529,85007,85430,+,424
lncRNA_17938,Porites_evermani_scaffold_529,1,2993,+,2993
lncRNA_17939,Porites_evermani_scaffold_529,73434,77485,+,4052
lncRNA_17940,Porites_evermani_scaffold_529,143367,145216,+,1850
lncRNA_17956,Porites_evermani_scaffold_53,287783,289337,+,1555
lncRNA_17980,Porites_evermani_scaffold_530,113919,124673,+,10755
lncRNA_17984,Porites_evermani_scaffold_5301,11233,12202,+,970
lncRNA_17990,Porites_evermani_scaffold_5309,1282,10002,+,8721
lncRNA_17991,Porites_evermani_scaffold_5309,1282,14284,+,13003
lncRNA_17999,Porites_evermani_scaffold_531,203425,206601,+,3177
lncRNA_18002,Porites_evermani_scaffold_531,237382,237764,+,383
lncRNA_18004,Porites_evermani_scaffold_5311,2686,3786,+,1101
lncRNA_18006,Porites_evermani_scaffold_5314,153,3832,+,3680
lncRNA_18007,Porites_evermani_scaffold_5314,376,3832,+,3457
lncRNA_18008,Porites_evermani_scaffold_5314,13989,15077,+,1089
lncRNA_18014,Porites_evermani_scaffold_532,76088,76782,+,695
lncRNA_18019,Porites_evermani_scaffold_5322,7255,13905,+,6651
lncRNA_18020,Porites_evermani_scaffold_5327,1,5701,+,5701
lncRNA_18021,Porites_evermani_scaffold_5327,3675,5578,+,1904
lncRNA_18022,Porites_evermani_scaffold_5328,562,1762,+,1201
lncRNA_18026,Porites_evermani_scaffold_533,15378,19031,+,3654
lncRNA_18033,Porites_evermani_scaffold_533,49196,52164,+,2969
lncRNA_18034,Porites_evermani_scaffold_533,63604,71289,+,7686
lncRNA_18035,Porites_evermani_scaffold_533,64096,71289,+,7194
lncRNA_18038,Porites_evermani_scaffold_533,1818,14027,+,12210
lncRNA_18041,Porites_evermani_scaffold_533,188725,192891,+,4167
lncRNA_18042,Porites_evermani_scaffold_533,188853,192891,+,4039
lncRNA_18043,Porites_evermani_scaffold_533,168405,169988,+,1584
lncRNA_18046,Porites_evermani_scaffold_5331,8166,8650,+,485
lncRNA_18052,Porites_evermani_scaffold_534,192483,207720,+,15238
lncRNA_18053,Porites_evermani_scaffold_534,192531,207720,+,15190
lncRNA_18054,Porites_evermani_scaffold_534,222729,231678,+,8950
lncRNA_18055,Porites_evermani_scaffold_534,7917,16630,+,8714
lncRNA_18059,Porites_evermani_scaffold_534,215866,217075,+,1210
lncRNA_18063,Porites_evermani_scaffold_5344,11056,14851,+,3796
lncRNA_18064,Porites_evermani_scaffold_5345,1958,2972,+,1015
lncRNA_18066,Porites_evermani_scaffold_5349,10799,12425,+,1627
lncRNA_18068,Porites_evermani_scaffold_535,27587,31797,+,4211
lncRNA_18069,Porites_evermani_scaffold_535,29251,33865,+,4615
lncRNA_18070,Porites_evermani_scaffold_535,29256,33865,+,4610
lncRNA_18071,Porites_evermani_scaffold_535,33221,33865,+,645
lncRNA_18072,Porites_evermani_scaffold_535,114568,119126,+,4559
lncRNA_18073,Porites_evermani_scaffold_535,132880,136208,+,3329
lncRNA_18074,Porites_evermani_scaffold_535,194137,200700,+,6564
lncRNA_18078,Porites_evermani_scaffold_5355,4267,7076,+,2810
lncRNA_18080,Porites_evermani_scaffold_5357,1143,3909,+,2767
lncRNA_18081,Porites_evermani_scaffold_5357,5086,13862,+,8777
lncRNA_18084,Porites_evermani_scaffold_536,191352,193025,+,1674
lncRNA_18090,Porites_evermani_scaffold_5368,555,1452,+,898
lncRNA_18091,Porites_evermani_scaffold_537,48540,52040,+,3501
lncRNA_18094,Porites_evermani_scaffold_537,123665,129273,+,5609
lncRNA_18095,Porites_evermani_scaffold_537,171292,173021,+,1730
lncRNA_18101,Porites_evermani_scaffold_5370,7451,12135,+,4685
lncRNA_18102,Porites_evermani_scaffold_5370,8388,13155,+,4768
lncRNA_18115,Porites_evermani_scaffold_5382,11443,13034,+,1592
lncRNA_18116,Porites_evermani_scaffold_5382,11458,12637,+,1180
lncRNA_18126,Porites_evermani_scaffold_539,97585,103065,+,5481
lncRNA_18128,Porites_evermani_scaffold_539,97655,98983,+,1329
lncRNA_18129,Porites_evermani_scaffold_539,97870,108485,+,10616
lncRNA_18130,Porites_evermani_scaffold_539,77316,78035,+,720
lncRNA_18131,Porites_evermani_scaffold_539,78418,78912,+,495
lncRNA_18133,Porites_evermani_scaffold_539,224035,228591,+,4557
lncRNA_18135,Porites_evermani_scaffold_5390,13837,14275,+,439
lncRNA_18138,Porites_evermani_scaffold_5392,13195,14232,+,1038
lncRNA_18139,Porites_evermani_scaffold_5393,137,2199,+,2063
lncRNA_18140,Porites_evermani_scaffold_5393,7523,12806,+,5284
lncRNA_18142,Porites_evermani_scaffold_5393,7667,9116,+,1450
lncRNA_18143,Porites_evermani_scaffold_5393,7680,12806,+,5127
lncRNA_18145,Porites_evermani_scaffold_5395,1,2425,+,2425
lncRNA_18146,Porites_evermani_scaffold_5397,35,2162,+,2128
lncRNA_18147,Porites_evermani_scaffold_54,8548,9467,+,920
lncRNA_18148,Porites_evermani_scaffold_54,179955,180786,+,832
lncRNA_18149,Porites_evermani_scaffold_54,179956,180786,+,831
lncRNA_18150,Porites_evermani_scaffold_54,512359,524299,+,11941
lncRNA_18159,Porites_evermani_scaffold_540,10590,15577,+,4988
lncRNA_18160,Porites_evermani_scaffold_540,10610,15577,+,4968
lncRNA_18161,Porites_evermani_scaffold_540,151618,181815,+,30198
lncRNA_18162,Porites_evermani_scaffold_540,154222,182060,+,27839
lncRNA_18163,Porites_evermani_scaffold_540,11658,15450,+,3793
lncRNA_18164,Porites_evermani_scaffold_540,154810,183475,+,28666
lncRNA_18166,Porites_evermani_scaffold_540,156076,183475,+,27400
lncRNA_18175,Porites_evermani_scaffold_5403,1451,7513,+,6063
lncRNA_18178,Porites_evermani_scaffold_5404,47,467,+,421
lncRNA_18181,Porites_evermani_scaffold_5408,8975,13996,+,5022
lncRNA_18182,Porites_evermani_scaffold_541,28991,32600,+,3610
lncRNA_18186,Porites_evermani_scaffold_5413,2103,13961,+,11859
lncRNA_18188,Porites_evermani_scaffold_5416,8743,13533,+,4791
lncRNA_18192,Porites_evermani_scaffold_5419,9106,10895,+,1790
lncRNA_18193,Porites_evermani_scaffold_542,148789,153425,+,4637
lncRNA_18195,Porites_evermani_scaffold_542,179240,194369,+,15130
lncRNA_18196,Porites_evermani_scaffold_542,196741,226675,+,29935
lncRNA_18197,Porites_evermani_scaffold_542,197004,226675,+,29672
lncRNA_18198,Porites_evermani_scaffold_542,197033,226675,+,29643
lncRNA_18199,Porites_evermani_scaffold_542,197143,226675,+,29533
lncRNA_18203,Porites_evermani_scaffold_5422,7291,8387,+,1097
lncRNA_18205,Porites_evermani_scaffold_543,2429,3192,+,764
lncRNA_18219,Porites_evermani_scaffold_5430,772,1243,+,472
lncRNA_18222,Porites_evermani_scaffold_5432,45,5407,+,5363
lncRNA_18225,Porites_evermani_scaffold_5436,89,3327,+,3239
lncRNA_18250,Porites_evermani_scaffold_545,197882,200333,+,2452
lncRNA_18251,Porites_evermani_scaffold_545,160830,165302,+,4473
lncRNA_18252,Porites_evermani_scaffold_545,3200,3968,+,769
lncRNA_18260,Porites_evermani_scaffold_5457,4853,11750,+,6898
lncRNA_18267,Porites_evermani_scaffold_5461,1,751,+,751
lncRNA_18269,Porites_evermani_scaffold_5466,11002,13297,+,2296
lncRNA_18271,Porites_evermani_scaffold_547,55086,60807,+,5722
lncRNA_18272,Porites_evermani_scaffold_547,55230,60807,+,5578
lncRNA_18273,Porites_evermani_scaffold_547,57667,60807,+,3141
lncRNA_18274,Porites_evermani_scaffold_547,54810,61839,+,7030
lncRNA_18275,Porites_evermani_scaffold_547,55060,65072,+,10013
lncRNA_18276,Porites_evermani_scaffold_547,55086,61839,+,6754
lncRNA_18277,Porites_evermani_scaffold_547,55230,65072,+,9843
lncRNA_18294,Porites_evermani_scaffold_5478,9423,12734,+,3312
lncRNA_18297,Porites_evermani_scaffold_548,230312,233451,+,3140
lncRNA_18302,Porites_evermani_scaffold_5486,1,11932,+,11932
lncRNA_18305,Porites_evermani_scaffold_5486,1,12219,+,12219
lncRNA_18308,Porites_evermani_scaffold_5489,527,8945,+,8419
lncRNA_18309,Porites_evermani_scaffold_5489,6824,8945,+,2122
lncRNA_18320,Porites_evermani_scaffold_5498,2004,10300,+,8297
lncRNA_18329,Porites_evermani_scaffold_55,20651,21012,+,362
lncRNA_18332,Porites_evermani_scaffold_55,94575,98441,+,3867
lncRNA_18333,Porites_evermani_scaffold_55,158798,159614,+,817
lncRNA_18336,Porites_evermani_scaffold_55,537690,548868,+,11179
lncRNA_18348,Porites_evermani_scaffold_550,156824,167424,+,10601
lncRNA_18350,Porites_evermani_scaffold_550,158896,167424,+,8529
lncRNA_18351,Porites_evermani_scaffold_550,159095,167424,+,8330
lncRNA_18352,Porites_evermani_scaffold_550,164196,167424,+,3229
lncRNA_18353,Porites_evermani_scaffold_550,164224,167424,+,3201
lncRNA_18358,Porites_evermani_scaffold_550,164852,165991,+,1140
lncRNA_18362,Porites_evermani_scaffold_5503,1982,9058,+,7077
lncRNA_18373,Porites_evermani_scaffold_5515,379,800,+,422
lncRNA_18391,Porites_evermani_scaffold_553,86006,89953,+,3948
lncRNA_18392,Porites_evermani_scaffold_553,86467,90503,+,4037
lncRNA_18393,Porites_evermani_scaffold_553,132220,144668,+,12449
lncRNA_18394,Porites_evermani_scaffold_553,35585,38132,+,2548
lncRNA_18396,Porites_evermani_scaffold_553,106462,107077,+,616
lncRNA_18406,Porites_evermani_scaffold_554,59693,60919,+,1227
lncRNA_18408,Porites_evermani_scaffold_554,297,3506,+,3210
lncRNA_18409,Porites_evermani_scaffold_554,97509,100559,+,3051
lncRNA_18410,Porites_evermani_scaffold_554,97872,99824,+,1953
lncRNA_18426,Porites_evermani_scaffold_555,12634,29033,+,16400
lncRNA_18427,Porites_evermani_scaffold_555,13757,29033,+,15277
lncRNA_18432,Porites_evermani_scaffold_555,141006,175506,+,34501
lncRNA_18433,Porites_evermani_scaffold_555,8715,9845,+,1131
lncRNA_18437,Porites_evermani_scaffold_5551,7253,11468,+,4216
lncRNA_18442,Porites_evermani_scaffold_5556,3342,6450,+,3109
lncRNA_18445,Porites_evermani_scaffold_556,185643,189839,+,4197
lncRNA_18451,Porites_evermani_scaffold_556,202041,203307,+,1267
lncRNA_18455,Porites_evermani_scaffold_557,65913,66411,+,499
lncRNA_18456,Porites_evermani_scaffold_557,123674,134680,+,11007
lncRNA_18458,Porites_evermani_scaffold_557,119115,153237,+,34123
lncRNA_18459,Porites_evermani_scaffold_557,120076,154247,+,34172
lncRNA_18460,Porites_evermani_scaffold_557,121011,155164,+,34154
lncRNA_18461,Porites_evermani_scaffold_557,121230,143890,+,22661
lncRNA_18462,Porites_evermani_scaffold_557,174582,191633,+,17052
lncRNA_18464,Porites_evermani_scaffold_557,174587,199433,+,24847
lncRNA_18467,Porites_evermani_scaffold_557,54606,92960,+,38355
lncRNA_18468,Porites_evermani_scaffold_557,151762,185208,+,33447
lncRNA_18469,Porites_evermani_scaffold_557,180006,202935,+,22930
lncRNA_18472,Porites_evermani_scaffold_5570,4188,5468,+,1281
lncRNA_18473,Porites_evermani_scaffold_5570,8692,9535,+,844
lncRNA_18480,Porites_evermani_scaffold_5576,10885,11904,+,1020
lncRNA_18481,Porites_evermani_scaffold_5577,54,616,+,563
lncRNA_18487,Porites_evermani_scaffold_558,173093,181828,+,8736
lncRNA_18490,Porites_evermani_scaffold_558,220824,221865,+,1042
lncRNA_18491,Porites_evermani_scaffold_558,227140,229951,+,2812
lncRNA_18492,Porites_evermani_scaffold_558,227289,229209,+,1921
lncRNA_18493,Porites_evermani_scaffold_558,228166,230654,+,2489
lncRNA_18503,Porites_evermani_scaffold_5581,296,5218,+,4923
lncRNA_18504,Porites_evermani_scaffold_5581,371,5218,+,4848
lncRNA_18505,Porites_evermani_scaffold_5581,6175,11153,+,4979
lncRNA_18508,Porites_evermani_scaffold_5586,1390,2873,+,1484
lncRNA_18509,Porites_evermani_scaffold_5587,2788,11607,+,8820
lncRNA_18510,Porites_evermani_scaffold_5587,5506,11607,+,6102
lncRNA_18511,Porites_evermani_scaffold_5587,5546,9851,+,4306
lncRNA_18513,Porites_evermani_scaffold_5587,5130,11816,+,6687
lncRNA_18514,Porites_evermani_scaffold_5587,5651,10657,+,5007
lncRNA_18521,Porites_evermani_scaffold_559,193189,211959,+,18771
lncRNA_18523,Porites_evermani_scaffold_559,17684,18876,+,1193
lncRNA_18524,Porites_evermani_scaffold_559,18132,18876,+,745
lncRNA_18525,Porites_evermani_scaffold_559,56981,57651,+,671
lncRNA_18539,Porites_evermani_scaffold_56,40889,42957,+,2069
lncRNA_18540,Porites_evermani_scaffold_56,41447,50428,+,8982
lncRNA_18541,Porites_evermani_scaffold_56,108331,110409,+,2079
lncRNA_18542,Porites_evermani_scaffold_56,108508,110409,+,1902
lncRNA_18543,Porites_evermani_scaffold_56,108564,110409,+,1846
lncRNA_18544,Porites_evermani_scaffold_56,133371,149219,+,15849
lncRNA_18545,Porites_evermani_scaffold_56,175092,189057,+,13966
lncRNA_18560,Porites_evermani_scaffold_560,43892,44931,+,1040
lncRNA_18562,Porites_evermani_scaffold_560,175594,184343,+,8750
lncRNA_18563,Porites_evermani_scaffold_560,177041,182133,+,5093
lncRNA_18564,Porites_evermani_scaffold_560,177410,184343,+,6934
lncRNA_18566,Porites_evermani_scaffold_560,177436,182133,+,4698
lncRNA_18567,Porites_evermani_scaffold_560,178849,184343,+,5495
lncRNA_18568,Porites_evermani_scaffold_560,196745,197231,+,487
lncRNA_18571,Porites_evermani_scaffold_560,146128,174705,+,28578
lncRNA_18572,Porites_evermani_scaffold_560,149726,174705,+,24980
lncRNA_18573,Porites_evermani_scaffold_560,175660,181677,+,6018
lncRNA_18574,Porites_evermani_scaffold_560,176732,181677,+,4946
lncRNA_18575,Porites_evermani_scaffold_560,177431,182058,+,4628
lncRNA_18588,Porites_evermani_scaffold_561,7874,11250,+,3377
lncRNA_18589,Porites_evermani_scaffold_561,33501,36670,+,3170
lncRNA_18590,Porites_evermani_scaffold_561,36926,49775,+,12850
lncRNA_18591,Porites_evermani_scaffold_561,36926,62565,+,25640
lncRNA_18593,Porites_evermani_scaffold_561,127806,131214,+,3409
lncRNA_18594,Porites_evermani_scaffold_561,32367,32966,+,600
lncRNA_18602,Porites_evermani_scaffold_5616,5677,7185,+,1509
lncRNA_18603,Porites_evermani_scaffold_5616,5753,7185,+,1433
lncRNA_18604,Porites_evermani_scaffold_562,114429,115816,+,1388
lncRNA_18609,Porites_evermani_scaffold_562,156494,157014,+,521
lncRNA_18613,Porites_evermani_scaffold_5620,1,4922,+,4922
lncRNA_18631,Porites_evermani_scaffold_563,4467,17168,+,12702
lncRNA_18637,Porites_evermani_scaffold_563,46278,83631,+,37354
lncRNA_18638,Porites_evermani_scaffold_563,189428,199874,+,10447
lncRNA_18639,Porites_evermani_scaffold_563,195268,215902,+,20635
lncRNA_18648,Porites_evermani_scaffold_5641,6192,10839,+,4648
lncRNA_18649,Porites_evermani_scaffold_5643,393,5414,+,5022
lncRNA_18651,Porites_evermani_scaffold_5644,5225,11270,+,6046
lncRNA_18652,Porites_evermani_scaffold_5644,5314,11270,+,5957
lncRNA_18653,Porites_evermani_scaffold_5644,5348,11270,+,5923
lncRNA_18660,Porites_evermani_scaffold_5649,4843,11194,+,6352
lncRNA_18661,Porites_evermani_scaffold_5649,4900,11194,+,6295
lncRNA_18662,Porites_evermani_scaffold_5649,5637,11194,+,5558
lncRNA_18664,Porites_evermani_scaffold_5649,5672,11194,+,5523
lncRNA_18666,Porites_evermani_scaffold_565,9933,19928,+,9996
lncRNA_18667,Porites_evermani_scaffold_565,17261,25797,+,8537
lncRNA_18668,Porites_evermani_scaffold_565,51434,52744,+,1311
lncRNA_18669,Porites_evermani_scaffold_565,76580,94761,+,18182
lncRNA_18672,Porites_evermani_scaffold_565,1210,5598,+,4389
lncRNA_18673,Porites_evermani_scaffold_565,1218,5483,+,4266
lncRNA_18674,Porites_evermani_scaffold_565,14240,16112,+,1873
lncRNA_18675,Porites_evermani_scaffold_565,76580,84607,+,8028
lncRNA_18676,Porites_evermani_scaffold_565,76938,84607,+,7670
lncRNA_18677,Porites_evermani_scaffold_565,76940,84607,+,7668
lncRNA_18679,Porites_evermani_scaffold_5653,7884,8727,+,844
lncRNA_18681,Porites_evermani_scaffold_5655,8822,11135,+,2314
lncRNA_18683,Porites_evermani_scaffold_5658,9823,11096,+,1274
lncRNA_18690,Porites_evermani_scaffold_5664,614,6243,+,5630
lncRNA_18700,Porites_evermani_scaffold_5677,2651,8316,+,5666
lncRNA_18701,Porites_evermani_scaffold_5677,3322,8254,+,4933
lncRNA_18702,Porites_evermani_scaffold_5677,3418,8254,+,4837
lncRNA_18703,Porites_evermani_scaffold_568,54981,55708,+,728
lncRNA_18705,Porites_evermani_scaffold_568,38,7479,+,7442
lncRNA_18709,Porites_evermani_scaffold_568,202867,205652,+,2786
lncRNA_18710,Porites_evermani_scaffold_568,203293,205652,+,2360
lncRNA_18721,Porites_evermani_scaffold_569,12,2873,+,2862
lncRNA_18722,Porites_evermani_scaffold_569,130214,132864,+,2651
lncRNA_18724,Porites_evermani_scaffold_569,44870,45596,+,727
lncRNA_18725,Porites_evermani_scaffold_569,45740,49157,+,3418
lncRNA_18728,Porites_evermani_scaffold_5691,256,5585,+,5330
lncRNA_18729,Porites_evermani_scaffold_5693,1,492,+,492
lncRNA_18734,Porites_evermani_scaffold_57,11768,16310,+,4543
lncRNA_18737,Porites_evermani_scaffold_57,277388,289248,+,11861
lncRNA_18738,Porites_evermani_scaffold_57,277389,303376,+,25988
lncRNA_18739,Porites_evermani_scaffold_57,277407,303376,+,25970
lncRNA_18740,Porites_evermani_scaffold_57,277434,289248,+,11815
lncRNA_18741,Porites_evermani_scaffold_57,277649,279923,+,2275
lncRNA_18742,Porites_evermani_scaffold_57,657961,659058,+,1098
lncRNA_18748,Porites_evermani_scaffold_57,360756,364434,+,3679
lncRNA_18755,Porites_evermani_scaffold_57,513627,515119,+,1493
lncRNA_18766,Porites_evermani_scaffold_5703,9001,10496,+,1496
lncRNA_18772,Porites_evermani_scaffold_571,13686,18208,+,4523
lncRNA_18773,Porites_evermani_scaffold_571,104031,107703,+,3673
lncRNA_18784,Porites_evermani_scaffold_5715,6270,7487,+,1218
lncRNA_18786,Porites_evermani_scaffold_5718,10102,10305,+,204
lncRNA_18789,Porites_evermani_scaffold_5722,8652,9987,+,1336
lncRNA_18790,Porites_evermani_scaffold_5723,1607,3102,+,1496
lncRNA_18808,Porites_evermani_scaffold_5745,913,2851,+,1939
lncRNA_18810,Porites_evermani_scaffold_5745,9829,10108,+,280
lncRNA_18813,Porites_evermani_scaffold_575,139860,141705,+,1846
lncRNA_18814,Porites_evermani_scaffold_575,197868,199143,+,1276
lncRNA_18818,Porites_evermani_scaffold_5750,972,8011,+,7040
lncRNA_18819,Porites_evermani_scaffold_5750,1391,7169,+,5779
lncRNA_18820,Porites_evermani_scaffold_5750,1397,8011,+,6615
lncRNA_18822,Porites_evermani_scaffold_5752,8166,8954,+,789
lncRNA_18823,Porites_evermani_scaffold_5752,4917,6307,+,1391
lncRNA_18829,Porites_evermani_scaffold_576,71645,73246,+,1602
lncRNA_18834,Porites_evermani_scaffold_576,109085,112154,+,3070
lncRNA_18835,Porites_evermani_scaffold_576,203483,207907,+,4425
lncRNA_18836,Porites_evermani_scaffold_576,136701,146893,+,10193
lncRNA_18837,Porites_evermani_scaffold_576,137114,144968,+,7855
lncRNA_18839,Porites_evermani_scaffold_576,132124,134224,+,2101
lncRNA_18848,Porites_evermani_scaffold_577,141147,142865,+,1719
lncRNA_18850,Porites_evermani_scaffold_577,115626,117967,+,2342
lncRNA_18853,Porites_evermani_scaffold_5770,1627,9489,+,7863
lncRNA_18858,Porites_evermani_scaffold_5777,1820,9778,+,7959
lncRNA_18861,Porites_evermani_scaffold_578,98816,100208,+,1393
lncRNA_18862,Porites_evermani_scaffold_578,105030,126732,+,21703
lncRNA_18867,Porites_evermani_scaffold_5785,342,1284,+,943
lncRNA_18869,Porites_evermani_scaffold_579,10086,43432,+,33347
lncRNA_18872,Porites_evermani_scaffold_579,182309,219514,+,37206
lncRNA_18873,Porites_evermani_scaffold_579,182801,219514,+,36714
lncRNA_18876,Porites_evermani_scaffold_579,7051,13031,+,5981
lncRNA_18883,Porites_evermani_scaffold_579,139588,141199,+,1612
lncRNA_18884,Porites_evermani_scaffold_579,141516,144104,+,2589
lncRNA_18887,Porites_evermani_scaffold_5790,3375,7552,+,4178
lncRNA_18890,Porites_evermani_scaffold_5793,1151,9527,+,8377
lncRNA_18895,Porites_evermani_scaffold_58,222615,228149,+,5535
lncRNA_18898,Porites_evermani_scaffold_58,183676,184705,+,1030
lncRNA_18900,Porites_evermani_scaffold_58,420937,451566,+,30630
lncRNA_18910,Porites_evermani_scaffold_580,44421,46741,+,2321
lncRNA_18911,Porites_evermani_scaffold_580,51906,56483,+,4578
lncRNA_18912,Porites_evermani_scaffold_580,51920,56160,+,4241
lncRNA_18913,Porites_evermani_scaffold_580,51920,56483,+,4564
lncRNA_18914,Porites_evermani_scaffold_580,85556,86329,+,774
lncRNA_18915,Porites_evermani_scaffold_580,127928,129610,+,1683
lncRNA_18916,Porites_evermani_scaffold_580,128073,129255,+,1183
lncRNA_18917,Porites_evermani_scaffold_580,154275,160951,+,6677
lncRNA_18918,Porites_evermani_scaffold_580,1,1105,+,1105
lncRNA_18919,Porites_evermani_scaffold_580,46838,48112,+,1275
lncRNA_18924,Porites_evermani_scaffold_5803,1,2591,+,2591
lncRNA_18926,Porites_evermani_scaffold_5807,1,9454,+,9454
lncRNA_18928,Porites_evermani_scaffold_5807,602,8577,+,7976
lncRNA_18929,Porites_evermani_scaffold_5808,1,9472,+,9472
lncRNA_18936,Porites_evermani_scaffold_581,97121,98296,+,1176
lncRNA_18938,Porites_evermani_scaffold_5811,8488,9435,+,948
lncRNA_18939,Porites_evermani_scaffold_5813,626,1599,+,974
lncRNA_18940,Porites_evermani_scaffold_5813,4305,4578,+,274
lncRNA_18941,Porites_evermani_scaffold_5815,1,6271,+,6271
lncRNA_18943,Porites_evermani_scaffold_582,7847,9218,+,1372
lncRNA_18945,Porites_evermani_scaffold_582,101031,104018,+,2988
lncRNA_18951,Porites_evermani_scaffold_5823,574,7182,+,6609
lncRNA_18953,Porites_evermani_scaffold_583,97756,99476,+,1721
lncRNA_18954,Porites_evermani_scaffold_583,181069,182894,+,1826
lncRNA_18955,Porites_evermani_scaffold_583,181077,182894,+,1818
lncRNA_18956,Porites_evermani_scaffold_583,181084,182617,+,1534
lncRNA_18957,Porites_evermani_scaffold_583,181487,182894,+,1408
lncRNA_18958,Porites_evermani_scaffold_583,224961,227756,+,2796
lncRNA_18959,Porites_evermani_scaffold_5838,294,2105,+,1812
lncRNA_18960,Porites_evermani_scaffold_584,37102,45766,+,8665
lncRNA_18961,Porites_evermani_scaffold_584,51595,54414,+,2820
lncRNA_18962,Porites_evermani_scaffold_584,47882,50270,+,2389
lncRNA_18972,Porites_evermani_scaffold_585,94284,95160,+,877
lncRNA_18975,Porites_evermani_scaffold_585,160677,165808,+,5132
lncRNA_18976,Porites_evermani_scaffold_585,164363,165808,+,1446
lncRNA_18988,Porites_evermani_scaffold_586,111620,111947,+,328
lncRNA_18992,Porites_evermani_scaffold_587,57185,59716,+,2532
lncRNA_18993,Porites_evermani_scaffold_587,62977,65088,+,2112
lncRNA_18994,Porites_evermani_scaffold_587,1,1603,+,1603
lncRNA_18996,Porites_evermani_scaffold_587,60059,65930,+,5872
lncRNA_19002,Porites_evermani_scaffold_5871,6995,8626,+,1632
lncRNA_19005,Porites_evermani_scaffold_5875,6177,8030,+,1854
lncRNA_19014,Porites_evermani_scaffold_588,142908,146580,+,3673
lncRNA_19015,Porites_evermani_scaffold_588,176783,177743,+,961
lncRNA_19026,Porites_evermani_scaffold_589,125070,131398,+,6329
lncRNA_19059,Porites_evermani_scaffold_59,45624,55131,+,9508
lncRNA_19061,Porites_evermani_scaffold_59,413935,415878,+,1944
lncRNA_19077,Porites_evermani_scaffold_59,268972,270884,+,1913
lncRNA_19087,Porites_evermani_scaffold_590,8535,10305,+,1771
lncRNA_19088,Porites_evermani_scaffold_590,83358,87157,+,3800
lncRNA_19089,Porites_evermani_scaffold_590,93264,93812,+,549
lncRNA_19090,Porites_evermani_scaffold_590,138011,141355,+,3345
lncRNA_19091,Porites_evermani_scaffold_590,5574,7867,+,2294
lncRNA_19092,Porites_evermani_scaffold_590,83105,89535,+,6431
lncRNA_19093,Porites_evermani_scaffold_590,83358,87497,+,4140
lncRNA_19094,Porites_evermani_scaffold_590,85702,89535,+,3834
lncRNA_19096,Porites_evermani_scaffold_590,172154,173431,+,1278
lncRNA_19097,Porites_evermani_scaffold_590,175194,183715,+,8522
lncRNA_19098,Porites_evermani_scaffold_590,175776,184200,+,8425
lncRNA_19107,Porites_evermani_scaffold_591,69516,70974,+,1459
lncRNA_19108,Porites_evermani_scaffold_591,203972,208842,+,4871
lncRNA_19109,Porites_evermani_scaffold_591,203974,208842,+,4869
lncRNA_19111,Porites_evermani_scaffold_591,23344,25487,+,2144
lncRNA_19113,Porites_evermani_scaffold_591,132938,134340,+,1403
lncRNA_19114,Porites_evermani_scaffold_591,133389,134340,+,952
lncRNA_19115,Porites_evermani_scaffold_591,138258,145933,+,7676
lncRNA_19116,Porites_evermani_scaffold_591,203861,211129,+,7269
lncRNA_19117,Porites_evermani_scaffold_591,203997,209069,+,5073
lncRNA_19118,Porites_evermani_scaffold_591,204024,211129,+,7106
lncRNA_19119,Porites_evermani_scaffold_591,204507,211129,+,6623
lncRNA_19120,Porites_evermani_scaffold_591,204557,211129,+,6573
lncRNA_19131,Porites_evermani_scaffold_592,14961,24091,+,9131
lncRNA_19138,Porites_evermani_scaffold_5921,3487,8702,+,5216
lncRNA_19139,Porites_evermani_scaffold_5921,3516,8702,+,5187
lncRNA_19140,Porites_evermani_scaffold_5921,3804,8702,+,4899
lncRNA_19145,Porites_evermani_scaffold_593,112011,113387,+,1377
lncRNA_19147,Porites_evermani_scaffold_5933,671,3827,+,3157
lncRNA_19149,Porites_evermani_scaffold_5939,5673,8557,+,2885
lncRNA_19150,Porites_evermani_scaffold_594,62446,76318,+,13873
lncRNA_19152,Porites_evermani_scaffold_594,120866,121821,+,956
lncRNA_19153,Porites_evermani_scaffold_594,143484,160240,+,16757
lncRNA_19154,Porites_evermani_scaffold_594,169043,172716,+,3674
lncRNA_19155,Porites_evermani_scaffold_594,169070,172716,+,3647
lncRNA_19156,Porites_evermani_scaffold_594,76977,86370,+,9394
lncRNA_19157,Porites_evermani_scaffold_594,77097,86370,+,9274
lncRNA_19158,Porites_evermani_scaffold_594,77166,86370,+,9205
lncRNA_19159,Porites_evermani_scaffold_594,78615,86370,+,7756
lncRNA_19160,Porites_evermani_scaffold_594,79789,89176,+,9388
lncRNA_19163,Porites_evermani_scaffold_5941,452,8621,+,8170
lncRNA_19164,Porites_evermani_scaffold_5941,636,8621,+,7986
lncRNA_19167,Porites_evermani_scaffold_5943,7178,8627,+,1450
lncRNA_19168,Porites_evermani_scaffold_5943,7191,8627,+,1437
lncRNA_19172,Porites_evermani_scaffold_5948,2841,7170,+,4330
lncRNA_19175,Porites_evermani_scaffold_595,123488,128960,+,5473
lncRNA_19176,Porites_evermani_scaffold_595,123694,128960,+,5267
lncRNA_19177,Porites_evermani_scaffold_595,123709,128960,+,5252
lncRNA_19178,Porites_evermani_scaffold_595,43865,46511,+,2647
lncRNA_19179,Porites_evermani_scaffold_595,123816,127469,+,3654
lncRNA_19192,Porites_evermani_scaffold_5954,951,4472,+,3522
lncRNA_19202,Porites_evermani_scaffold_596,145867,157234,+,11368
lncRNA_19208,Porites_evermani_scaffold_5962,1317,8505,+,7189
lncRNA_19215,Porites_evermani_scaffold_5969,5303,6296,+,994
lncRNA_19217,Porites_evermani_scaffold_5969,5375,6573,+,1199
lncRNA_19218,Porites_evermani_scaffold_5969,5584,6573,+,990
lncRNA_19219,Porites_evermani_scaffold_5969,5599,6295,+,697
lncRNA_19220,Porites_evermani_scaffold_597,5936,11625,+,5690
lncRNA_19222,Porites_evermani_scaffold_597,129048,132105,+,3058
lncRNA_19227,Porites_evermani_scaffold_5974,317,2109,+,1793
lncRNA_19228,Porites_evermani_scaffold_5977,1,1406,+,1406
lncRNA_19230,Porites_evermani_scaffold_598,26643,29558,+,2916
lncRNA_19231,Porites_evermani_scaffold_598,68910,73701,+,4792
lncRNA_19234,Porites_evermani_scaffold_598,94701,96864,+,2164
lncRNA_19235,Porites_evermani_scaffold_598,129707,132215,+,2509
lncRNA_19238,Porites_evermani_scaffold_598,90521,90894,+,374
lncRNA_19253,Porites_evermani_scaffold_5989,4325,8433,+,4109
lncRNA_19259,Porites_evermani_scaffold_599,79497,81536,+,2040
lncRNA_19260,Porites_evermani_scaffold_599,167745,184318,+,16574
lncRNA_19262,Porites_evermani_scaffold_599,156083,159461,+,3379
lncRNA_19263,Porites_evermani_scaffold_599,156136,158517,+,2382
lncRNA_19264,Porites_evermani_scaffold_599,156302,159461,+,3160
lncRNA_19265,Porites_evermani_scaffold_599,156354,158517,+,2164
lncRNA_19266,Porites_evermani_scaffold_599,156409,158517,+,2109
lncRNA_19267,Porites_evermani_scaffold_599,156493,158517,+,2025
lncRNA_19268,Porites_evermani_scaffold_599,156525,168099,+,11575
lncRNA_19271,Porites_evermani_scaffold_5995,2617,2940,+,324
lncRNA_19278,Porites_evermani_scaffold_6,238147,241669,+,3523
lncRNA_19279,Porites_evermani_scaffold_6,238158,241150,+,2993
lncRNA_19280,Porites_evermani_scaffold_6,1140237,1143057,+,2821
lncRNA_19281,Porites_evermani_scaffold_6,80791,81583,+,793
lncRNA_19283,Porites_evermani_scaffold_6,310684,311967,+,1284
lncRNA_19284,Porites_evermani_scaffold_6,532867,533786,+,920
lncRNA_19285,Porites_evermani_scaffold_6,685360,687249,+,1890
lncRNA_19286,Porites_evermani_scaffold_6,902166,903071,+,906
lncRNA_19303,Porites_evermani_scaffold_6,1114640,1115017,+,378
lncRNA_19310,Porites_evermani_scaffold_60,980,20209,+,19230
lncRNA_19311,Porites_evermani_scaffold_60,980,20653,+,19674
lncRNA_19312,Porites_evermani_scaffold_60,980,21901,+,20922
lncRNA_19313,Porites_evermani_scaffold_60,1017,22853,+,21837
lncRNA_19314,Porites_evermani_scaffold_60,3252,21676,+,18425
lncRNA_19315,Porites_evermani_scaffold_60,23252,44519,+,21268
lncRNA_19316,Porites_evermani_scaffold_60,32374,46431,+,14058
lncRNA_19317,Porites_evermani_scaffold_60,32780,44519,+,11740
lncRNA_19320,Porites_evermani_scaffold_60,35021,45403,+,10383
lncRNA_19323,Porites_evermani_scaffold_60,579284,590493,+,11210
lncRNA_19324,Porites_evermani_scaffold_60,595209,597032,+,1824
lncRNA_19325,Porites_evermani_scaffold_60,411839,415856,+,4018
lncRNA_19326,Porites_evermani_scaffold_60,462005,463095,+,1091
lncRNA_19327,Porites_evermani_scaffold_60,462110,463095,+,986
lncRNA_19330,Porites_evermani_scaffold_60,645097,650085,+,4989
lncRNA_19331,Porites_evermani_scaffold_60,645110,650085,+,4976
lncRNA_19334,Porites_evermani_scaffold_60,91572,94260,+,2689
lncRNA_19349,Porites_evermani_scaffold_600,71079,118440,+,47362
lncRNA_19350,Porites_evermani_scaffold_600,71241,115244,+,44004
lncRNA_19351,Porites_evermani_scaffold_600,71549,115244,+,43696
lncRNA_19352,Porites_evermani_scaffold_600,71549,118440,+,46892
lncRNA_19354,Porites_evermani_scaffold_600,71556,115244,+,43689
lncRNA_19356,Porites_evermani_scaffold_600,71556,118440,+,46885
lncRNA_19358,Porites_evermani_scaffold_600,71563,115244,+,43682
lncRNA_19359,Porites_evermani_scaffold_600,71563,118440,+,46878
lncRNA_19360,Porites_evermani_scaffold_600,71565,107662,+,36098
lncRNA_19361,Porites_evermani_scaffold_600,71573,115244,+,43672
lncRNA_19362,Porites_evermani_scaffold_600,71575,115244,+,43670
lncRNA_19363,Porites_evermani_scaffold_600,71575,118440,+,46866
lncRNA_19365,Porites_evermani_scaffold_600,71580,107662,+,36083
lncRNA_19366,Porites_evermani_scaffold_600,71588,115244,+,43657
lncRNA_19368,Porites_evermani_scaffold_600,71589,118440,+,46852
lncRNA_19369,Porites_evermani_scaffold_600,71600,115244,+,43645
lncRNA_19370,Porites_evermani_scaffold_600,71600,118440,+,46841
lncRNA_19371,Porites_evermani_scaffold_600,71601,115244,+,43644
lncRNA_19372,Porites_evermani_scaffold_600,71601,118440,+,46840
lncRNA_19373,Porites_evermani_scaffold_600,71604,118440,+,46837
lncRNA_19375,Porites_evermani_scaffold_600,71676,115244,+,43569
lncRNA_19376,Porites_evermani_scaffold_600,71676,118440,+,46765
lncRNA_19378,Porites_evermani_scaffold_600,71770,118440,+,46671
lncRNA_19379,Porites_evermani_scaffold_600,71771,118440,+,46670
lncRNA_19380,Porites_evermani_scaffold_600,71772,90792,+,19021
lncRNA_19381,Porites_evermani_scaffold_600,71772,118440,+,46669
lncRNA_19382,Porites_evermani_scaffold_600,71773,90793,+,19021
lncRNA_19383,Porites_evermani_scaffold_600,71773,118440,+,46668
lncRNA_19384,Porites_evermani_scaffold_600,71794,115244,+,43451
lncRNA_19386,Porites_evermani_scaffold_600,71801,115244,+,43444
lncRNA_19387,Porites_evermani_scaffold_600,71876,115244,+,43369
lncRNA_19388,Porites_evermani_scaffold_600,128944,130335,+,1392
lncRNA_19390,Porites_evermani_scaffold_6007,6159,8366,+,2208
lncRNA_19391,Porites_evermani_scaffold_601,134314,201160,+,66847
lncRNA_19403,Porites_evermani_scaffold_6015,1784,2733,+,950
lncRNA_19404,Porites_evermani_scaffold_6017,1258,3038,+,1781
lncRNA_19405,Porites_evermani_scaffold_6019,5913,8175,+,2263
lncRNA_19406,Porites_evermani_scaffold_6019,6045,8175,+,2131
lncRNA_19407,Porites_evermani_scaffold_6019,6301,8175,+,1875
lncRNA_19409,Porites_evermani_scaffold_602,68220,71062,+,2843
lncRNA_19410,Porites_evermani_scaffold_602,77820,86192,+,8373
lncRNA_19411,Porites_evermani_scaffold_602,77822,86192,+,8371
lncRNA_19412,Porites_evermani_scaffold_602,110644,111398,+,755
lncRNA_19413,Porites_evermani_scaffold_602,67376,70265,+,2890
lncRNA_19414,Porites_evermani_scaffold_602,77992,82896,+,4905
lncRNA_19415,Porites_evermani_scaffold_602,144905,166415,+,21511
lncRNA_19417,Porites_evermani_scaffold_602,129350,130832,+,1483
lncRNA_19420,Porites_evermani_scaffold_603,62517,65204,+,2688
lncRNA_19421,Porites_evermani_scaffold_603,142228,167627,+,25400
lncRNA_19422,Porites_evermani_scaffold_603,178123,181736,+,3614
lncRNA_19432,Porites_evermani_scaffold_6030,1,1381,+,1381
lncRNA_19434,Porites_evermani_scaffold_6033,1,360,+,360
lncRNA_19439,Porites_evermani_scaffold_604,96567,97648,+,1082
lncRNA_19441,Porites_evermani_scaffold_604,129121,147570,+,18450
lncRNA_19442,Porites_evermani_scaffold_604,129128,151219,+,22092
lncRNA_19443,Porites_evermani_scaffold_604,129159,144157,+,14999
lncRNA_19444,Porites_evermani_scaffold_604,146878,151726,+,4849
lncRNA_19448,Porites_evermani_scaffold_6048,754,3660,+,2907
lncRNA_19450,Porites_evermani_scaffold_6049,5831,8167,+,2337
lncRNA_19451,Porites_evermani_scaffold_6049,6144,8167,+,2024
lncRNA_19474,Porites_evermani_scaffold_6067,14,3522,+,3509
lncRNA_19475,Porites_evermani_scaffold_607,143490,146313,+,2824
lncRNA_19477,Porites_evermani_scaffold_607,196560,203120,+,6561
lncRNA_19478,Porites_evermani_scaffold_607,51836,55342,+,3507
lncRNA_19485,Porites_evermani_scaffold_608,7237,11210,+,3974
lncRNA_19490,Porites_evermani_scaffold_608,151926,162972,+,11047
lncRNA_19491,Porites_evermani_scaffold_608,152009,162972,+,10964
lncRNA_19493,Porites_evermani_scaffold_608,152011,164454,+,12444
lncRNA_19494,Porites_evermani_scaffold_608,152020,162972,+,10953
lncRNA_19496,Porites_evermani_scaffold_608,152020,163950,+,11931
lncRNA_19497,Porites_evermani_scaffold_608,152020,164111,+,12092
lncRNA_19498,Porites_evermani_scaffold_608,152025,164454,+,12430
lncRNA_19499,Porites_evermani_scaffold_608,152040,162972,+,10933
lncRNA_19501,Porites_evermani_scaffold_608,152040,164454,+,12415
lncRNA_19502,Porites_evermani_scaffold_608,152042,164454,+,12413
lncRNA_19503,Porites_evermani_scaffold_608,152167,163981,+,11815
lncRNA_19504,Porites_evermani_scaffold_608,152220,163950,+,11731
lncRNA_19505,Porites_evermani_scaffold_608,153178,162972,+,9795
lncRNA_19506,Porites_evermani_scaffold_608,153201,162972,+,9772
lncRNA_19507,Porites_evermani_scaffold_608,154135,162972,+,8838
lncRNA_19508,Porites_evermani_scaffold_608,168173,173123,+,4951
lncRNA_19509,Porites_evermani_scaffold_608,142444,146699,+,4256
lncRNA_19510,Porites_evermani_scaffold_608,142499,146699,+,4201
lncRNA_19517,Porites_evermani_scaffold_609,98981,100780,+,1800
lncRNA_19518,Porites_evermani_scaffold_609,205902,221132,+,15231
lncRNA_19520,Porites_evermani_scaffold_609,92059,95445,+,3387
lncRNA_19524,Porites_evermani_scaffold_61,254272,285131,+,30860
lncRNA_19525,Porites_evermani_scaffold_61,254274,257549,+,3276
lncRNA_19526,Porites_evermani_scaffold_61,254274,285131,+,30858
lncRNA_19527,Porites_evermani_scaffold_61,282473,285131,+,2659
lncRNA_19529,Porites_evermani_scaffold_61,588090,592120,+,4031
lncRNA_19530,Porites_evermani_scaffold_61,588988,592120,+,3133
lncRNA_19535,Porites_evermani_scaffold_61,282477,298290,+,15814
lncRNA_19538,Porites_evermani_scaffold_61,320990,335157,+,14168
lncRNA_19547,Porites_evermani_scaffold_61,315890,317097,+,1208
lncRNA_19558,Porites_evermani_scaffold_6106,1,3464,+,3464
lncRNA_19560,Porites_evermani_scaffold_611,118358,143907,+,25550
lncRNA_19561,Porites_evermani_scaffold_611,165928,166294,+,367
lncRNA_19566,Porites_evermani_scaffold_6111,5820,7856,+,2037
lncRNA_19567,Porites_evermani_scaffold_6111,1,1333,+,1333
lncRNA_19572,Porites_evermani_scaffold_6118,6468,7785,+,1318
lncRNA_19573,Porites_evermani_scaffold_6119,1,604,+,604
lncRNA_19574,Porites_evermani_scaffold_612,169165,170608,+,1444
lncRNA_19576,Porites_evermani_scaffold_6123,6201,7009,+,809
lncRNA_19578,Porites_evermani_scaffold_6128,3333,6353,+,3021
lncRNA_19582,Porites_evermani_scaffold_613,202147,202666,+,520
lncRNA_19583,Porites_evermani_scaffold_613,100325,102317,+,1993
lncRNA_19584,Porites_evermani_scaffold_613,218806,220725,+,1920
lncRNA_19589,Porites_evermani_scaffold_6139,1,6098,+,6098
lncRNA_19592,Porites_evermani_scaffold_6140,1847,7658,+,5812
lncRNA_19607,Porites_evermani_scaffold_616,35612,43394,+,7783
lncRNA_19608,Porites_evermani_scaffold_616,41001,44766,+,3766
lncRNA_19609,Porites_evermani_scaffold_616,41308,49539,+,8232
lncRNA_19610,Porites_evermani_scaffold_616,42596,49767,+,7172
lncRNA_19613,Porites_evermani_scaffold_616,37062,42595,+,5534
lncRNA_19614,Porites_evermani_scaffold_616,42596,50019,+,7424
lncRNA_19619,Porites_evermani_scaffold_6163,3812,7335,+,3524
lncRNA_19622,Porites_evermani_scaffold_6168,2659,3385,+,727
lncRNA_19623,Porites_evermani_scaffold_6168,3,1289,+,1287
lncRNA_19628,Porites_evermani_scaffold_6173,170,2820,+,2651
lncRNA_19629,Porites_evermani_scaffold_6173,170,6000,+,5831
lncRNA_19630,Porites_evermani_scaffold_6174,4452,7269,+,2818
lncRNA_19632,Porites_evermani_scaffold_6179,358,3455,+,3098
lncRNA_19633,Porites_evermani_scaffold_618,212498,220286,+,7789
lncRNA_19638,Porites_evermani_scaffold_6184,761,4765,+,4005
lncRNA_19642,Porites_evermani_scaffold_6187,5516,5957,+,442
lncRNA_19646,Porites_evermani_scaffold_619,71732,72850,+,1119
lncRNA_19650,Porites_evermani_scaffold_619,126413,129216,+,2804
lncRNA_19653,Porites_evermani_scaffold_6191,4206,5851,+,1646
lncRNA_19660,Porites_evermani_scaffold_62,1132,4531,+,3400
lncRNA_19662,Porites_evermani_scaffold_62,65648,68344,+,2697
lncRNA_19666,Porites_evermani_scaffold_62,17685,21912,+,4228
lncRNA_19670,Porites_evermani_scaffold_62,262333,263015,+,683
lncRNA_19673,Porites_evermani_scaffold_62,621871,624571,+,2701
lncRNA_19679,Porites_evermani_scaffold_620,99686,100532,+,847
lncRNA_19685,Porites_evermani_scaffold_6204,1,1652,+,1652
lncRNA_19689,Porites_evermani_scaffold_621,73824,77978,+,4155
lncRNA_19690,Porites_evermani_scaffold_621,74901,77978,+,3078
lncRNA_19698,Porites_evermani_scaffold_622,1004,4924,+,3921
lncRNA_19699,Porites_evermani_scaffold_622,12285,13277,+,993
lncRNA_19700,Porites_evermani_scaffold_622,37968,38414,+,447
lncRNA_19701,Porites_evermani_scaffold_622,105064,108241,+,3178
lncRNA_19702,Porites_evermani_scaffold_622,105064,125908,+,20845
lncRNA_19704,Porites_evermani_scaffold_622,105144,125908,+,20765
lncRNA_19707,Porites_evermani_scaffold_622,105210,125908,+,20699
lncRNA_19709,Porites_evermani_scaffold_622,105214,125908,+,20695
lncRNA_19711,Porites_evermani_scaffold_622,105219,125908,+,20690
lncRNA_19712,Porites_evermani_scaffold_622,105222,125908,+,20687
lncRNA_19713,Porites_evermani_scaffold_622,105256,125908,+,20653
lncRNA_19715,Porites_evermani_scaffold_622,105268,125908,+,20641
lncRNA_19718,Porites_evermani_scaffold_622,100670,101036,+,367
lncRNA_19724,Porites_evermani_scaffold_6223,179,6792,+,6614
lncRNA_19725,Porites_evermani_scaffold_6226,1,6763,+,6763
lncRNA_19727,Porites_evermani_scaffold_6228,1,393,+,393
lncRNA_19728,Porites_evermani_scaffold_6228,1169,3284,+,2116
lncRNA_19732,Porites_evermani_scaffold_623,85466,86417,+,952
lncRNA_19742,Porites_evermani_scaffold_6235,703,1632,+,930
lncRNA_19746,Porites_evermani_scaffold_624,182010,192126,+,10117
lncRNA_19749,Porites_evermani_scaffold_624,184391,192126,+,7736
lncRNA_19750,Porites_evermani_scaffold_624,184492,192126,+,7635
lncRNA_19751,Porites_evermani_scaffold_624,185325,192126,+,6802
lncRNA_19756,Porites_evermani_scaffold_625,180059,181829,+,1771
lncRNA_19757,Porites_evermani_scaffold_625,7024,10066,+,3043
lncRNA_19759,Porites_evermani_scaffold_625,45577,46204,+,628
lncRNA_19760,Porites_evermani_scaffold_625,54951,55971,+,1021
lncRNA_19762,Porites_evermani_scaffold_6251,1,5944,+,5944
lncRNA_19765,Porites_evermani_scaffold_6258,4747,6233,+,1487
lncRNA_19766,Porites_evermani_scaffold_6258,1,1798,+,1798
lncRNA_19767,Porites_evermani_scaffold_6258,4739,6388,+,1650
lncRNA_19769,Porites_evermani_scaffold_626,170165,177050,+,6886
lncRNA_19770,Porites_evermani_scaffold_626,170202,176882,+,6681
lncRNA_19771,Porites_evermani_scaffold_626,174430,177050,+,2621
lncRNA_19772,Porites_evermani_scaffold_626,174461,177050,+,2590
lncRNA_19773,Porites_evermani_scaffold_626,35677,38148,+,2472
lncRNA_19774,Porites_evermani_scaffold_626,144777,147811,+,3035
lncRNA_19775,Porites_evermani_scaffold_626,168760,177050,+,8291
lncRNA_19776,Porites_evermani_scaffold_626,170093,173612,+,3520
lncRNA_19778,Porites_evermani_scaffold_6264,1246,5907,+,4662
lncRNA_19780,Porites_evermani_scaffold_627,84189,101091,+,16903
lncRNA_19781,Porites_evermani_scaffold_627,84193,101091,+,16899
lncRNA_19782,Porites_evermani_scaffold_627,113553,117711,+,4159
lncRNA_19804,Porites_evermani_scaffold_629,105434,110832,+,5399
lncRNA_19805,Porites_evermani_scaffold_629,184897,188176,+,3280
lncRNA_19811,Porites_evermani_scaffold_6298,4091,5282,+,1192
lncRNA_19814,Porites_evermani_scaffold_63,454204,455648,+,1445
lncRNA_19825,Porites_evermani_scaffold_630,104072,105170,+,1099
lncRNA_19832,Porites_evermani_scaffold_631,35455,36995,+,1541
lncRNA_19834,Porites_evermani_scaffold_631,153359,161752,+,8394
lncRNA_19842,Porites_evermani_scaffold_6317,1,1036,+,1036
lncRNA_19844,Porites_evermani_scaffold_632,173046,177361,+,4316
lncRNA_19845,Porites_evermani_scaffold_632,130724,166291,+,35568
lncRNA_19846,Porites_evermani_scaffold_632,172078,177390,+,5313
lncRNA_19847,Porites_evermani_scaffold_632,181221,183391,+,2171
lncRNA_19853,Porites_evermani_scaffold_6329,33,4132,+,4100
lncRNA_19854,Porites_evermani_scaffold_6329,120,4132,+,4013
lncRNA_19859,Porites_evermani_scaffold_633,127029,129981,+,2953
lncRNA_19862,Porites_evermani_scaffold_633,127032,129981,+,2950
lncRNA_19864,Porites_evermani_scaffold_633,127049,129981,+,2933
lncRNA_19867,Porites_evermani_scaffold_633,127409,129981,+,2573
lncRNA_19868,Porites_evermani_scaffold_633,128139,129981,+,1843
lncRNA_19881,Porites_evermani_scaffold_6333,3643,5938,+,2296
lncRNA_19882,Porites_evermani_scaffold_6334,2287,4556,+,2270
lncRNA_19886,Porites_evermani_scaffold_634,50354,53733,+,3380
lncRNA_19887,Porites_evermani_scaffold_634,51017,53733,+,2717
lncRNA_19888,Porites_evermani_scaffold_634,169002,171083,+,2082
lncRNA_19889,Porites_evermani_scaffold_634,50354,52864,+,2511
lncRNA_19890,Porites_evermani_scaffold_634,103086,113499,+,10414
lncRNA_19896,Porites_evermani_scaffold_6342,3275,5554,+,2280
lncRNA_19899,Porites_evermani_scaffold_6345,1595,5885,+,4291
lncRNA_19914,Porites_evermani_scaffold_635,79924,80919,+,996
lncRNA_19916,Porites_evermani_scaffold_6353,2459,5858,+,3400
lncRNA_19917,Porites_evermani_scaffold_6353,1089,5858,+,4770
lncRNA_19918,Porites_evermani_scaffold_6356,563,1826,+,1264
lncRNA_19920,Porites_evermani_scaffold_636,646,5479,+,4834
lncRNA_19923,Porites_evermani_scaffold_636,117825,125024,+,7200
lncRNA_19925,Porites_evermani_scaffold_636,120896,126183,+,5288
lncRNA_19937,Porites_evermani_scaffold_6366,485,2283,+,1799
lncRNA_19938,Porites_evermani_scaffold_6366,500,2283,+,1784
lncRNA_19949,Porites_evermani_scaffold_638,118055,122136,+,4082
lncRNA_19950,Porites_evermani_scaffold_638,172282,174569,+,2288
lncRNA_19955,Porites_evermani_scaffold_6381,1,2356,+,2356
lncRNA_19957,Porites_evermani_scaffold_6386,3431,5751,+,2321
lncRNA_19958,Porites_evermani_scaffold_639,19112,21072,+,1961
lncRNA_19959,Porites_evermani_scaffold_639,24492,26468,+,1977
lncRNA_19963,Porites_evermani_scaffold_639,102102,103468,+,1367
lncRNA_19972,Porites_evermani_scaffold_64,41399,42693,+,1295
lncRNA_19979,Porites_evermani_scaffold_64,46222,49251,+,3030
lncRNA_19982,Porites_evermani_scaffold_64,437192,440275,+,3084
lncRNA_19984,Porites_evermani_scaffold_64,437545,440275,+,2731
lncRNA_19987,Porites_evermani_scaffold_64,437560,440275,+,2716
lncRNA_19989,Porites_evermani_scaffold_64,437561,440275,+,2715
lncRNA_19991,Porites_evermani_scaffold_64,437572,440275,+,2704
lncRNA_19992,Porites_evermani_scaffold_64,437580,440275,+,2696
lncRNA_19993,Porites_evermani_scaffold_64,437758,440275,+,2518
lncRNA_20002,Porites_evermani_scaffold_64,547332,549094,+,1763
lncRNA_20003,Porites_evermani_scaffold_64,547336,549094,+,1759
lncRNA_20004,Porites_evermani_scaffold_64,572283,583529,+,11247
lncRNA_20005,Porites_evermani_scaffold_64,572285,581269,+,8985
lncRNA_20011,Porites_evermani_scaffold_640,141625,142323,+,699
lncRNA_20014,Porites_evermani_scaffold_640,121064,123143,+,2080
lncRNA_20017,Porites_evermani_scaffold_6402,3321,5688,+,2368
lncRNA_20020,Porites_evermani_scaffold_6406,1470,5688,+,4219
lncRNA_20051,Porites_evermani_scaffold_643,203791,204641,+,851
lncRNA_20053,Porites_evermani_scaffold_643,88829,89978,+,1150
lncRNA_20056,Porites_evermani_scaffold_6430,2353,3035,+,683
lncRNA_20057,Porites_evermani_scaffold_6430,4287,4894,+,608
lncRNA_20058,Porites_evermani_scaffold_6433,1942,2650,+,709
lncRNA_20059,Porites_evermani_scaffold_6433,5379,5644,+,266
lncRNA_20061,Porites_evermani_scaffold_6439,1,3392,+,3392
lncRNA_20064,Porites_evermani_scaffold_6440,3786,5606,+,1821
lncRNA_20065,Porites_evermani_scaffold_6443,102,2510,+,2409
lncRNA_20068,Porites_evermani_scaffold_6448,11,5596,+,5586
lncRNA_20069,Porites_evermani_scaffold_6448,39,5596,+,5558
lncRNA_20070,Porites_evermani_scaffold_645,97849,102535,+,4687
lncRNA_20071,Porites_evermani_scaffold_645,97864,102535,+,4672
lncRNA_20072,Porites_evermani_scaffold_645,97912,101640,+,3729
lncRNA_20074,Porites_evermani_scaffold_645,104718,118356,+,13639
lncRNA_20075,Porites_evermani_scaffold_645,97849,102503,+,4655
lncRNA_20078,Porites_evermani_scaffold_646,184607,185774,+,1168
lncRNA_20081,Porites_evermani_scaffold_646,138473,149748,+,11276
lncRNA_20087,Porites_evermani_scaffold_6468,685,2165,+,1481
lncRNA_20096,Porites_evermani_scaffold_6470,10,2836,+,2827
lncRNA_20109,Porites_evermani_scaffold_6484,2585,5536,+,2952
lncRNA_20110,Porites_evermani_scaffold_6484,331,1685,+,1355
lncRNA_20111,Porites_evermani_scaffold_6488,1,2632,+,2632
lncRNA_20115,Porites_evermani_scaffold_649,46579,52806,+,6228
lncRNA_20123,Porites_evermani_scaffold_6493,1,1473,+,1473
lncRNA_20124,Porites_evermani_scaffold_6495,441,5509,+,5069
lncRNA_20125,Porites_evermani_scaffold_6497,107,5378,+,5272
lncRNA_20126,Porites_evermani_scaffold_6499,1,2771,+,2771
lncRNA_20128,Porites_evermani_scaffold_6499,3725,5392,+,1668
lncRNA_20129,Porites_evermani_scaffold_65,238889,244256,+,5368
lncRNA_20130,Porites_evermani_scaffold_65,594401,600585,+,6185
lncRNA_20131,Porites_evermani_scaffold_65,79015,80154,+,1140
lncRNA_20132,Porites_evermani_scaffold_65,130985,132033,+,1049
lncRNA_20133,Porites_evermani_scaffold_65,159783,162142,+,2360
lncRNA_20134,Porites_evermani_scaffold_65,160119,162142,+,2024
lncRNA_20135,Porites_evermani_scaffold_65,201106,201959,+,854
lncRNA_20136,Porites_evermani_scaffold_65,239519,240577,+,1059
lncRNA_20138,Porites_evermani_scaffold_65,535499,537808,+,2310
lncRNA_20141,Porites_evermani_scaffold_65,255634,256612,+,979
lncRNA_20142,Porites_evermani_scaffold_65,263545,268058,+,4514
lncRNA_20144,Porites_evermani_scaffold_650,186621,188169,+,1549
lncRNA_20146,Porites_evermani_scaffold_650,132194,135055,+,2862
lncRNA_20155,Porites_evermani_scaffold_6504,506,4958,+,4453
lncRNA_20156,Porites_evermani_scaffold_6504,921,4958,+,4038
lncRNA_20161,Porites_evermani_scaffold_651,28904,30349,+,1446
lncRNA_20162,Porites_evermani_scaffold_651,58886,64671,+,5786
lncRNA_20164,Porites_evermani_scaffold_651,191576,194098,+,2523
lncRNA_20165,Porites_evermani_scaffold_651,26663,29061,+,2399
lncRNA_20166,Porites_evermani_scaffold_651,174291,187637,+,13347
lncRNA_20167,Porites_evermani_scaffold_651,174699,177723,+,3025
lncRNA_20168,Porites_evermani_scaffold_651,174744,187637,+,12894
lncRNA_20169,Porites_evermani_scaffold_651,175960,182302,+,6343
lncRNA_20170,Porites_evermani_scaffold_651,179116,187637,+,8522
lncRNA_20171,Porites_evermani_scaffold_651,184226,187637,+,3412
lncRNA_20172,Porites_evermani_scaffold_651,210609,213161,+,2553
lncRNA_20173,Porites_evermani_scaffold_651,1,841,+,841
lncRNA_20183,Porites_evermani_scaffold_6516,1,5088,+,5088
lncRNA_20188,Porites_evermani_scaffold_652,197044,200300,+,3257
lncRNA_20193,Porites_evermani_scaffold_6524,2779,5453,+,2675
lncRNA_20194,Porites_evermani_scaffold_6525,176,1883,+,1708
lncRNA_20200,Porites_evermani_scaffold_653,62504,64300,+,1797
lncRNA_20202,Porites_evermani_scaffold_653,77046,78005,+,960
lncRNA_20203,Porites_evermani_scaffold_653,77071,78005,+,935
lncRNA_20212,Porites_evermani_scaffold_653,210995,211563,+,569
lncRNA_20213,Porites_evermani_scaffold_6530,3488,5106,+,1619
lncRNA_20228,Porites_evermani_scaffold_6550,119,3728,+,3610
lncRNA_20229,Porites_evermani_scaffold_6550,163,3728,+,3566
lncRNA_20230,Porites_evermani_scaffold_6550,2612,4589,+,1978
lncRNA_20231,Porites_evermani_scaffold_6550,4640,5376,+,737
lncRNA_20235,Porites_evermani_scaffold_656,119777,121429,+,1653
lncRNA_20236,Porites_evermani_scaffold_656,199988,201465,+,1478
lncRNA_20237,Porites_evermani_scaffold_656,39152,53034,+,13883
lncRNA_20245,Porites_evermani_scaffold_656,39155,53034,+,13880
lncRNA_20247,Porites_evermani_scaffold_656,39172,53034,+,13863
lncRNA_20252,Porites_evermani_scaffold_656,39178,53034,+,13857
lncRNA_20260,Porites_evermani_scaffold_656,85213,97937,+,12725
lncRNA_20263,Porites_evermani_scaffold_656,85235,97937,+,12703
lncRNA_20265,Porites_evermani_scaffold_656,85261,97937,+,12677
lncRNA_20266,Porites_evermani_scaffold_656,85298,97937,+,12640
lncRNA_20267,Porites_evermani_scaffold_656,85307,97937,+,12631
lncRNA_20268,Porites_evermani_scaffold_656,85326,97937,+,12612
lncRNA_20269,Porites_evermani_scaffold_656,197406,199843,+,2438
lncRNA_20271,Porites_evermani_scaffold_656,107445,109310,+,1866
lncRNA_20275,Porites_evermani_scaffold_657,13895,16666,+,2772
lncRNA_20276,Porites_evermani_scaffold_657,36537,36936,+,400
lncRNA_20282,Porites_evermani_scaffold_6575,1923,5103,+,3181
lncRNA_20283,Porites_evermani_scaffold_658,81747,86517,+,4771
lncRNA_20288,Porites_evermani_scaffold_6583,3076,5304,+,2229
lncRNA_20289,Porites_evermani_scaffold_6583,1,1012,+,1012
lncRNA_20290,Porites_evermani_scaffold_659,48255,49287,+,1033
lncRNA_20291,Porites_evermani_scaffold_659,108975,111747,+,2773
lncRNA_20293,Porites_evermani_scaffold_659,47194,61555,+,14362
lncRNA_20295,Porites_evermani_scaffold_659,47244,61555,+,14312
lncRNA_20296,Porites_evermani_scaffold_659,47806,61555,+,13750
lncRNA_20297,Porites_evermani_scaffold_659,47973,61555,+,13583
lncRNA_20299,Porites_evermani_scaffold_659,48167,61555,+,13389
lncRNA_20300,Porites_evermani_scaffold_659,88054,88644,+,591
lncRNA_20302,Porites_evermani_scaffold_6590,1,1634,+,1634
lncRNA_20304,Porites_evermani_scaffold_6598,992,2400,+,1409
lncRNA_20306,Porites_evermani_scaffold_66,13334,15283,+,1950
lncRNA_20307,Porites_evermani_scaffold_66,377987,380676,+,2690
lncRNA_20308,Porites_evermani_scaffold_66,377997,380676,+,2680
lncRNA_20309,Porites_evermani_scaffold_66,467618,475952,+,8335
lncRNA_20310,Porites_evermani_scaffold_66,472421,475952,+,3532
lncRNA_20311,Porites_evermani_scaffold_66,499408,508031,+,8624
lncRNA_20312,Porites_evermani_scaffold_66,499425,508031,+,8607
lncRNA_20315,Porites_evermani_scaffold_66,9739,13089,+,3351
lncRNA_20316,Porites_evermani_scaffold_66,54471,59454,+,4984
lncRNA_20319,Porites_evermani_scaffold_66,5388,6082,+,695
lncRNA_20320,Porites_evermani_scaffold_66,342984,343768,+,785
lncRNA_20324,Porites_evermani_scaffold_660,131052,134277,+,3226
lncRNA_20330,Porites_evermani_scaffold_661,29073,31836,+,2764
lncRNA_20332,Porites_evermani_scaffold_661,136052,139516,+,3465
lncRNA_20338,Porites_evermani_scaffold_6611,1331,5300,+,3970
lncRNA_20339,Porites_evermani_scaffold_6612,1119,5300,+,4182
lncRNA_20340,Porites_evermani_scaffold_6612,1127,5300,+,4174
lncRNA_20341,Porites_evermani_scaffold_6612,1160,5300,+,4141
lncRNA_20347,Porites_evermani_scaffold_662,34472,40280,+,5809
lncRNA_20348,Porites_evermani_scaffold_662,85578,105733,+,20156
lncRNA_20351,Porites_evermani_scaffold_662,190506,193739,+,3234
lncRNA_20358,Porites_evermani_scaffold_6626,182,990,+,809
lncRNA_20359,Porites_evermani_scaffold_6626,3960,5275,+,1316
lncRNA_20361,Porites_evermani_scaffold_6627,3986,4530,+,545
lncRNA_20365,Porites_evermani_scaffold_663,96350,96802,+,453
lncRNA_20366,Porites_evermani_scaffold_663,115851,116653,+,803
lncRNA_20369,Porites_evermani_scaffold_663,104103,105833,+,1731
lncRNA_20372,Porites_evermani_scaffold_6630,1335,2037,+,703
lncRNA_20374,Porites_evermani_scaffold_6635,212,836,+,625
lncRNA_20375,Porites_evermani_scaffold_664,155570,156482,+,913
lncRNA_20377,Porites_evermani_scaffold_664,50293,53700,+,3408
lncRNA_20379,Porites_evermani_scaffold_664,72095,73505,+,1411
lncRNA_20380,Porites_evermani_scaffold_664,155203,157715,+,2513
lncRNA_20384,Porites_evermani_scaffold_665,887,18554,+,17668
lncRNA_20385,Porites_evermani_scaffold_665,890,10285,+,9396
lncRNA_20386,Porites_evermani_scaffold_665,890,18554,+,17665
lncRNA_20387,Porites_evermani_scaffold_665,151662,158637,+,6976
lncRNA_20401,Porites_evermani_scaffold_665,198547,201856,+,3310
lncRNA_20403,Porites_evermani_scaffold_665,15049,17917,+,2869
lncRNA_20404,Porites_evermani_scaffold_665,169202,180753,+,11552
lncRNA_20408,Porites_evermani_scaffold_6651,1,1577,+,1577
lncRNA_20413,Porites_evermani_scaffold_6656,2102,2622,+,521
lncRNA_20414,Porites_evermani_scaffold_6658,3478,5230,+,1753
lncRNA_20415,Porites_evermani_scaffold_6658,3790,5230,+,1441
lncRNA_20418,Porites_evermani_scaffold_666,177371,180361,+,2991
lncRNA_20420,Porites_evermani_scaffold_666,67719,69632,+,1914
lncRNA_20421,Porites_evermani_scaffold_666,179445,181087,+,1643
lncRNA_20426,Porites_evermani_scaffold_667,34627,43894,+,9268
lncRNA_20427,Porites_evermani_scaffold_667,34659,43307,+,8649
lncRNA_20428,Porites_evermani_scaffold_667,35161,43307,+,8147
lncRNA_20429,Porites_evermani_scaffold_667,51030,56769,+,5740
lncRNA_20430,Porites_evermani_scaffold_667,51263,56769,+,5507
lncRNA_20433,Porites_evermani_scaffold_667,157313,169537,+,12225
lncRNA_20443,Porites_evermani_scaffold_667,200811,203465,+,2655
lncRNA_20444,Porites_evermani_scaffold_667,33484,35820,+,2337
lncRNA_20445,Porites_evermani_scaffold_667,56822,60429,+,3608
lncRNA_20454,Porites_evermani_scaffold_668,1595,12574,+,10980
lncRNA_20458,Porites_evermani_scaffold_668,178827,182461,+,3635
lncRNA_20459,Porites_evermani_scaffold_668,181017,184639,+,3623
lncRNA_20461,Porites_evermani_scaffold_668,181627,183550,+,1924
lncRNA_20476,Porites_evermani_scaffold_669,123878,131048,+,7171
lncRNA_20477,Porites_evermani_scaffold_669,134013,134976,+,964
lncRNA_20478,Porites_evermani_scaffold_669,185470,188241,+,2772
lncRNA_20481,Porites_evermani_scaffold_669,5666,7532,+,1867
lncRNA_20482,Porites_evermani_scaffold_669,5734,7532,+,1799
lncRNA_20489,Porites_evermani_scaffold_669,188873,189893,+,1021
lncRNA_20490,Porites_evermani_scaffold_6690,283,1019,+,737
lncRNA_20495,Porites_evermani_scaffold_6698,350,5181,+,4832
lncRNA_20496,Porites_evermani_scaffold_6699,4007,5166,+,1160
lncRNA_20497,Porites_evermani_scaffold_67,21,1517,+,1497
lncRNA_20498,Porites_evermani_scaffold_67,31105,40859,+,9755
lncRNA_20499,Porites_evermani_scaffold_67,31179,40783,+,9605
lncRNA_20502,Porites_evermani_scaffold_67,125894,128741,+,2848
lncRNA_20504,Porites_evermani_scaffold_67,612296,622351,+,10056
lncRNA_20507,Porites_evermani_scaffold_67,126401,128994,+,2594
lncRNA_20519,Porites_evermani_scaffold_67,229652,234258,+,4607
lncRNA_20529,Porites_evermani_scaffold_670,185160,187226,+,2067
lncRNA_20533,Porites_evermani_scaffold_6703,1,5177,+,5177
lncRNA_20537,Porites_evermani_scaffold_671,17662,25649,+,7988
lncRNA_20538,Porites_evermani_scaffold_671,114976,125352,+,10377
lncRNA_20551,Porites_evermani_scaffold_6712,3726,4810,+,1085
lncRNA_20552,Porites_evermani_scaffold_6714,789,2224,+,1436
lncRNA_20554,Porites_evermani_scaffold_6719,184,845,+,662
lncRNA_20555,Porites_evermani_scaffold_672,150700,153026,+,2327
lncRNA_20557,Porites_evermani_scaffold_672,193595,195142,+,1548
lncRNA_20558,Porites_evermani_scaffold_672,111779,120481,+,8703
lncRNA_20560,Porites_evermani_scaffold_672,111779,120822,+,9044
lncRNA_20561,Porites_evermani_scaffold_672,150710,157151,+,6442
lncRNA_20573,Porites_evermani_scaffold_6732,4,4937,+,4934
lncRNA_20574,Porites_evermani_scaffold_6732,48,4937,+,4890
lncRNA_20575,Porites_evermani_scaffold_6732,117,4937,+,4821
lncRNA_20577,Porites_evermani_scaffold_6732,3230,4005,+,776
lncRNA_20578,Porites_evermani_scaffold_6733,15,3466,+,3452
lncRNA_20584,Porites_evermani_scaffold_674,115276,118057,+,2782
lncRNA_20592,Porites_evermani_scaffold_675,170256,174268,+,4013
lncRNA_20595,Porites_evermani_scaffold_675,115663,119777,+,4115
lncRNA_20602,Porites_evermani_scaffold_6750,216,812,+,597
lncRNA_20607,Porites_evermani_scaffold_6758,1,517,+,517
lncRNA_20608,Porites_evermani_scaffold_6759,3233,5103,+,1871
lncRNA_20609,Porites_evermani_scaffold_6759,3693,5103,+,1411
lncRNA_20611,Porites_evermani_scaffold_676,80276,81396,+,1121
lncRNA_20612,Porites_evermani_scaffold_676,118829,120101,+,1273
lncRNA_20613,Porites_evermani_scaffold_676,118829,124318,+,5490
lncRNA_20614,Porites_evermani_scaffold_676,119721,124318,+,4598
lncRNA_20615,Porites_evermani_scaffold_676,153837,190109,+,36273
lncRNA_20616,Porites_evermani_scaffold_676,118818,125040,+,6223
lncRNA_20617,Porites_evermani_scaffold_676,201665,209403,+,7739
lncRNA_20627,Porites_evermani_scaffold_6764,6,5101,+,5096
lncRNA_20631,Porites_evermani_scaffold_677,42403,43758,+,1356
lncRNA_20634,Porites_evermani_scaffold_677,16865,25690,+,8826
lncRNA_20637,Porites_evermani_scaffold_6773,3213,5078,+,1866
lncRNA_20641,Porites_evermani_scaffold_6779,1194,2363,+,1170
lncRNA_20645,Porites_evermani_scaffold_678,72091,73363,+,1273
lncRNA_20648,Porites_evermani_scaffold_6781,962,2442,+,1481
lncRNA_20651,Porites_evermani_scaffold_679,120377,132363,+,11987
lncRNA_20653,Porites_evermani_scaffold_679,43046,54039,+,10994
lncRNA_20654,Porites_evermani_scaffold_679,43190,54039,+,10850
lncRNA_20655,Porites_evermani_scaffold_679,83068,87102,+,4035
lncRNA_20656,Porites_evermani_scaffold_679,83116,87102,+,3987
lncRNA_20657,Porites_evermani_scaffold_679,100076,108008,+,7933
lncRNA_20658,Porites_evermani_scaffold_679,100262,108008,+,7747
lncRNA_20659,Porites_evermani_scaffold_679,100400,107314,+,6915
lncRNA_20660,Porites_evermani_scaffold_679,132658,136110,+,3453
lncRNA_20664,Porites_evermani_scaffold_679,32284,33367,+,1084
lncRNA_20669,Porites_evermani_scaffold_6790,4420,5052,+,633
lncRNA_20672,Porites_evermani_scaffold_6796,1,1573,+,1573
lncRNA_20674,Porites_evermani_scaffold_68,70370,71126,+,757
lncRNA_20675,Porites_evermani_scaffold_68,109274,112217,+,2944
lncRNA_20676,Porites_evermani_scaffold_68,394918,395328,+,411
lncRNA_20677,Porites_evermani_scaffold_68,505815,511318,+,5504
lncRNA_20678,Porites_evermani_scaffold_68,506094,511961,+,5868
lncRNA_20679,Porites_evermani_scaffold_68,507175,511961,+,4787
lncRNA_20680,Porites_evermani_scaffold_68,507320,511961,+,4642
lncRNA_20681,Porites_evermani_scaffold_68,507426,511318,+,3893
lncRNA_20682,Porites_evermani_scaffold_68,109275,112054,+,2780
lncRNA_20683,Porites_evermani_scaffold_68,148515,149050,+,536
lncRNA_20684,Porites_evermani_scaffold_68,195936,202305,+,6370
lncRNA_20686,Porites_evermani_scaffold_68,506157,512905,+,6749
lncRNA_20687,Porites_evermani_scaffold_68,507332,512905,+,5574
lncRNA_20688,Porites_evermani_scaffold_68,507344,512905,+,5562
lncRNA_20689,Porites_evermani_scaffold_68,565721,577959,+,12239
lncRNA_20690,Porites_evermani_scaffold_68,565890,577959,+,12070
lncRNA_20703,Porites_evermani_scaffold_6808,1,706,+,706
lncRNA_20705,Porites_evermani_scaffold_681,83116,83792,+,677
lncRNA_20712,Porites_evermani_scaffold_6814,1,4908,+,4908
lncRNA_20718,Porites_evermani_scaffold_682,24269,25261,+,993
lncRNA_20720,Porites_evermani_scaffold_682,139448,141355,+,1908
lncRNA_20721,Porites_evermani_scaffold_682,146557,148177,+,1621
lncRNA_20724,Porites_evermani_scaffold_6824,2578,4668,+,2091
lncRNA_20725,Porites_evermani_scaffold_6824,2579,4668,+,2090
lncRNA_20726,Porites_evermani_scaffold_6824,2628,4668,+,2041
lncRNA_20729,Porites_evermani_scaffold_683,3033,9273,+,6241
lncRNA_20730,Porites_evermani_scaffold_683,8199,9273,+,1075
lncRNA_20731,Porites_evermani_scaffold_683,55462,61000,+,5539
lncRNA_20732,Porites_evermani_scaffold_683,55423,61275,+,5853
lncRNA_20733,Porites_evermani_scaffold_683,55494,61275,+,5782
lncRNA_20734,Porites_evermani_scaffold_683,197544,208478,+,10935
lncRNA_20736,Porites_evermani_scaffold_6833,3202,4986,+,1785
lncRNA_20738,Porites_evermani_scaffold_6834,1,1171,+,1171
lncRNA_20740,Porites_evermani_scaffold_6838,5,4982,+,4978
lncRNA_20741,Porites_evermani_scaffold_6838,41,4982,+,4942
lncRNA_20743,Porites_evermani_scaffold_684,93851,97614,+,3764
lncRNA_20744,Porites_evermani_scaffold_684,94034,97614,+,3581
lncRNA_20745,Porites_evermani_scaffold_684,94084,97614,+,3531
lncRNA_20746,Porites_evermani_scaffold_684,94098,95857,+,1760
lncRNA_20748,Porites_evermani_scaffold_684,93977,98924,+,4948
lncRNA_20751,Porites_evermani_scaffold_684,94067,98924,+,4858
lncRNA_20752,Porites_evermani_scaffold_684,94070,98924,+,4855
lncRNA_20755,Porites_evermani_scaffold_684,94077,95857,+,1781
lncRNA_20756,Porites_evermani_scaffold_684,94096,98924,+,4829
lncRNA_20757,Porites_evermani_scaffold_684,94100,98924,+,4825
lncRNA_20758,Porites_evermani_scaffold_684,94118,98924,+,4807
lncRNA_20759,Porites_evermani_scaffold_684,94180,98924,+,4745
lncRNA_20761,Porites_evermani_scaffold_684,94763,98924,+,4162
lncRNA_20762,Porites_evermani_scaffold_684,94949,98924,+,3976
lncRNA_20763,Porites_evermani_scaffold_684,94950,98924,+,3975
lncRNA_20764,Porites_evermani_scaffold_684,103641,105035,+,1395
lncRNA_20765,Porites_evermani_scaffold_684,13495,13979,+,485
lncRNA_20767,Porites_evermani_scaffold_6845,4143,4973,+,831
lncRNA_20768,Porites_evermani_scaffold_685,61,3299,+,3239
lncRNA_20770,Porites_evermani_scaffold_685,181331,188325,+,6995
lncRNA_20771,Porites_evermani_scaffold_685,37806,39084,+,1279
lncRNA_20772,Porites_evermani_scaffold_685,91512,92023,+,512
lncRNA_20776,Porites_evermani_scaffold_685,162086,163488,+,1403
lncRNA_20780,Porites_evermani_scaffold_6856,1,4106,+,4106
lncRNA_20782,Porites_evermani_scaffold_6858,1,2775,+,2775
lncRNA_20783,Porites_evermani_scaffold_6858,929,2775,+,1847
lncRNA_20784,Porites_evermani_scaffold_6858,1,2824,+,2824
lncRNA_20785,Porites_evermani_scaffold_6858,348,2824,+,2477
lncRNA_20786,Porites_evermani_scaffold_686,28,4943,+,4916
lncRNA_20787,Porites_evermani_scaffold_686,8961,41972,+,33012
lncRNA_20790,Porites_evermani_scaffold_686,180911,190728,+,9818
lncRNA_20793,Porites_evermani_scaffold_686,32655,70502,+,37848
lncRNA_20796,Porites_evermani_scaffold_686,57508,70502,+,12995
lncRNA_20798,Porites_evermani_scaffold_686,64961,70502,+,5542
lncRNA_20799,Porites_evermani_scaffold_686,8961,41660,+,32700
lncRNA_20802,Porites_evermani_scaffold_6868,1,473,+,473
lncRNA_20803,Porites_evermani_scaffold_687,54879,57467,+,2589
lncRNA_20806,Porites_evermani_scaffold_687,181742,183333,+,1592
lncRNA_20807,Porites_evermani_scaffold_6870,3795,4622,+,828
lncRNA_20813,Porites_evermani_scaffold_6875,1202,4398,+,3197
lncRNA_20816,Porites_evermani_scaffold_688,76632,86536,+,9905
lncRNA_20817,Porites_evermani_scaffold_688,150869,172524,+,21656
lncRNA_20818,Porites_evermani_scaffold_688,152345,172524,+,20180
lncRNA_20819,Porites_evermani_scaffold_688,154929,172524,+,17596
lncRNA_20821,Porites_evermani_scaffold_688,155103,172524,+,17422
lncRNA_20822,Porites_evermani_scaffold_688,155136,172524,+,17389
lncRNA_20823,Porites_evermani_scaffold_688,155202,167050,+,11849
lncRNA_20825,Porites_evermani_scaffold_688,13417,23044,+,9628
lncRNA_20826,Porites_evermani_scaffold_688,13561,23044,+,9484
lncRNA_20827,Porites_evermani_scaffold_688,13578,23044,+,9467
lncRNA_20828,Porites_evermani_scaffold_688,14221,23044,+,8824
lncRNA_20829,Porites_evermani_scaffold_688,64822,66381,+,1560
lncRNA_20830,Porites_evermani_scaffold_688,131567,136877,+,5311
lncRNA_20838,Porites_evermani_scaffold_6887,1,4284,+,4284
lncRNA_20839,Porites_evermani_scaffold_689,91758,95378,+,3621
lncRNA_20850,Porites_evermani_scaffold_69,353433,368699,+,15267
lncRNA_20854,Porites_evermani_scaffold_69,410114,410813,+,700
lncRNA_20856,Porites_evermani_scaffold_69,430476,431792,+,1317
lncRNA_20887,Porites_evermani_scaffold_6905,15,1425,+,1411
lncRNA_20888,Porites_evermani_scaffold_6907,3577,4876,+,1300
lncRNA_20890,Porites_evermani_scaffold_6908,3080,4872,+,1793
lncRNA_20899,Porites_evermani_scaffold_692,126077,132001,+,5925
lncRNA_20904,Porites_evermani_scaffold_6921,1,1997,+,1997
lncRNA_20905,Porites_evermani_scaffold_6921,2870,3996,+,1127
lncRNA_20908,Porites_evermani_scaffold_693,81351,92104,+,10754
lncRNA_20909,Porites_evermani_scaffold_693,81353,92104,+,10752
lncRNA_20911,Porites_evermani_scaffold_693,82642,92104,+,9463
lncRNA_20912,Porites_evermani_scaffold_693,83167,92104,+,8938
lncRNA_20913,Porites_evermani_scaffold_693,83892,92104,+,8213
lncRNA_20920,Porites_evermani_scaffold_6934,22,4820,+,4799
lncRNA_20945,Porites_evermani_scaffold_696,146105,147361,+,1257
lncRNA_20952,Porites_evermani_scaffold_6966,3426,4779,+,1354
lncRNA_20959,Porites_evermani_scaffold_697,70937,71893,+,957
lncRNA_20963,Porites_evermani_scaffold_697,140676,143424,+,2749
lncRNA_20964,Porites_evermani_scaffold_697,141623,143115,+,1493
lncRNA_20965,Porites_evermani_scaffold_697,157827,158728,+,902
lncRNA_20968,Porites_evermani_scaffold_6975,2842,3774,+,933
lncRNA_20970,Porites_evermani_scaffold_6977,1,4707,+,4707
lncRNA_20973,Porites_evermani_scaffold_698,113155,113370,+,216
lncRNA_20977,Porites_evermani_scaffold_6983,1,4752,+,4752
lncRNA_20982,Porites_evermani_scaffold_6987,993,3898,+,2906
lncRNA_20984,Porites_evermani_scaffold_699,184366,186987,+,2622
lncRNA_20985,Porites_evermani_scaffold_699,184381,186987,+,2607
lncRNA_20986,Porites_evermani_scaffold_699,184393,185832,+,1440
lncRNA_20987,Porites_evermani_scaffold_699,184706,186987,+,2282
lncRNA_20988,Porites_evermani_scaffold_699,194348,196244,+,1897
lncRNA_20989,Porites_evermani_scaffold_699,194697,196244,+,1548
lncRNA_20992,Porites_evermani_scaffold_6994,2,4728,+,4727
lncRNA_20993,Porites_evermani_scaffold_6994,2345,4728,+,2384
lncRNA_20996,Porites_evermani_scaffold_7,113638,115131,+,1494
lncRNA_20998,Porites_evermani_scaffold_7,198768,199173,+,406
lncRNA_20999,Porites_evermani_scaffold_7,340489,347777,+,7289
lncRNA_21001,Porites_evermani_scaffold_7,694522,695013,+,492
lncRNA_21002,Porites_evermani_scaffold_7,694553,695013,+,461
lncRNA_21003,Porites_evermani_scaffold_7,1127385,1132550,+,5166
lncRNA_21005,Porites_evermani_scaffold_7,1164084,1166851,+,2768
lncRNA_21010,Porites_evermani_scaffold_7,830312,832457,+,2146
lncRNA_21011,Porites_evermani_scaffold_7,1192533,1192843,+,311
lncRNA_21033,Porites_evermani_scaffold_70,11450,19240,+,7791
lncRNA_21036,Porites_evermani_scaffold_70,132624,133499,+,876
lncRNA_21047,Porites_evermani_scaffold_700,49136,53139,+,4004
lncRNA_21048,Porites_evermani_scaffold_700,50433,54528,+,4096
lncRNA_21049,Porites_evermani_scaffold_700,75366,76089,+,724
lncRNA_21050,Porites_evermani_scaffold_700,125410,134798,+,9389
lncRNA_21051,Porites_evermani_scaffold_700,20882,23735,+,2854
lncRNA_21058,Porites_evermani_scaffold_7003,767,4691,+,3925
lncRNA_21059,Porites_evermani_scaffold_7003,848,4691,+,3844
lncRNA_21064,Porites_evermani_scaffold_701,95950,100393,+,4444
lncRNA_21066,Porites_evermani_scaffold_7010,220,4693,+,4474
lncRNA_21068,Porites_evermani_scaffold_7014,4293,4683,+,391
lncRNA_21080,Porites_evermani_scaffold_7035,2779,4623,+,1845
lncRNA_21081,Porites_evermani_scaffold_7036,2321,3525,+,1205
lncRNA_21082,Porites_evermani_scaffold_7036,2329,3525,+,1197
lncRNA_21084,Porites_evermani_scaffold_7037,409,3173,+,2765
lncRNA_21086,Porites_evermani_scaffold_704,116970,118189,+,1220
lncRNA_21087,Porites_evermani_scaffold_704,115760,118525,+,2766
lncRNA_21088,Porites_evermani_scaffold_704,116364,118525,+,2162
lncRNA_21089,Porites_evermani_scaffold_704,116790,118525,+,1736
lncRNA_21090,Porites_evermani_scaffold_704,116820,118525,+,1706
lncRNA_21092,Porites_evermani_scaffold_704,120694,122120,+,1427
lncRNA_21093,Porites_evermani_scaffold_704,201400,204700,+,3301
lncRNA_21100,Porites_evermani_scaffold_7045,1,4531,+,4531
lncRNA_21103,Porites_evermani_scaffold_7045,698,4591,+,3894
lncRNA_21106,Porites_evermani_scaffold_705,113634,116485,+,2852
lncRNA_21107,Porites_evermani_scaffold_705,116114,116485,+,372
lncRNA_21109,Porites_evermani_scaffold_705,150303,151930,+,1628
lncRNA_21116,Porites_evermani_scaffold_7055,1,1210,+,1210
lncRNA_21119,Porites_evermani_scaffold_706,4,4123,+,4120
lncRNA_21120,Porites_evermani_scaffold_706,65385,71838,+,6454
lncRNA_21125,Porites_evermani_scaffold_706,65755,71410,+,5656
lncRNA_21134,Porites_evermani_scaffold_7068,659,1129,+,471
lncRNA_21135,Porites_evermani_scaffold_7068,2732,4514,+,1783
lncRNA_21150,Porites_evermani_scaffold_708,131011,140622,+,9612
lncRNA_21151,Porites_evermani_scaffold_708,131745,140622,+,8878
lncRNA_21152,Porites_evermani_scaffold_708,139906,151111,+,11206
lncRNA_21153,Porites_evermani_scaffold_708,187260,189965,+,2706
lncRNA_21156,Porites_evermani_scaffold_7081,846,4375,+,3530
lncRNA_21161,Porites_evermani_scaffold_7088,1,3174,+,3174
lncRNA_21166,Porites_evermani_scaffold_709,95423,96806,+,1384
lncRNA_21167,Porites_evermani_scaffold_709,95579,96806,+,1228
lncRNA_21168,Porites_evermani_scaffold_709,121131,138840,+,17710
lncRNA_21170,Porites_evermani_scaffold_709,144813,152949,+,8137
lncRNA_21172,Porites_evermani_scaffold_709,200166,201579,+,1414
lncRNA_21175,Porites_evermani_scaffold_7093,2874,3978,+,1105
lncRNA_21182,Porites_evermani_scaffold_71,266893,270826,+,3934
lncRNA_21185,Porites_evermani_scaffold_71,613977,615314,+,1338
lncRNA_21189,Porites_evermani_scaffold_71,189169,197952,+,8784
lncRNA_21190,Porites_evermani_scaffold_71,257919,260805,+,2887
lncRNA_21191,Porites_evermani_scaffold_71,257956,260805,+,2850
lncRNA_21194,Porites_evermani_scaffold_71,616729,620305,+,3577
lncRNA_21196,Porites_evermani_scaffold_71,32487,34295,+,1809
lncRNA_21201,Porites_evermani_scaffold_71,180084,181547,+,1464
lncRNA_21204,Porites_evermani_scaffold_71,328559,329607,+,1049
lncRNA_21209,Porites_evermani_scaffold_710,24289,27316,+,3028
lncRNA_21210,Porites_evermani_scaffold_710,54973,58907,+,3935
lncRNA_21213,Porites_evermani_scaffold_7104,1,3432,+,3432
lncRNA_21217,Porites_evermani_scaffold_7108,962,2997,+,2036
lncRNA_21220,Porites_evermani_scaffold_7110,1,3822,+,3822
lncRNA_21226,Porites_evermani_scaffold_712,119705,137890,+,18186
lncRNA_21227,Porites_evermani_scaffold_712,164520,167736,+,3217
lncRNA_21228,Porites_evermani_scaffold_712,146356,154133,+,7778
lncRNA_21229,Porites_evermani_scaffold_712,181159,182990,+,1832
lncRNA_21237,Porites_evermani_scaffold_7125,1,3265,+,3265
lncRNA_21240,Porites_evermani_scaffold_713,2698,14089,+,11392
lncRNA_21241,Porites_evermani_scaffold_713,3691,14089,+,10399
lncRNA_21242,Porites_evermani_scaffold_713,3898,10192,+,6295
lncRNA_21243,Porites_evermani_scaffold_713,3904,10102,+,6199
lncRNA_21244,Porites_evermani_scaffold_713,107985,113403,+,5419
lncRNA_21245,Porites_evermani_scaffold_713,108766,113755,+,4990
lncRNA_21246,Porites_evermani_scaffold_713,109953,113403,+,3451
lncRNA_21247,Porites_evermani_scaffold_713,110463,113403,+,2941
lncRNA_21255,Porites_evermani_scaffold_7136,2776,3559,+,784
lncRNA_21259,Porites_evermani_scaffold_714,7884,8997,+,1114
lncRNA_21278,Porites_evermani_scaffold_7151,742,2142,+,1401
lncRNA_21283,Porites_evermani_scaffold_716,63006,70134,+,7129
lncRNA_21284,Porites_evermani_scaffold_716,174116,177388,+,3273
lncRNA_21285,Porites_evermani_scaffold_716,501,6821,+,6321
lncRNA_21286,Porites_evermani_scaffold_716,4383,6821,+,2439
lncRNA_21287,Porites_evermani_scaffold_716,152563,154221,+,1659
lncRNA_21288,Porites_evermani_scaffold_716,193643,194869,+,1227
lncRNA_21294,Porites_evermani_scaffold_717,29025,32168,+,3144
lncRNA_21295,Porites_evermani_scaffold_717,154843,155658,+,816
lncRNA_21296,Porites_evermani_scaffold_717,155051,155658,+,608
lncRNA_21297,Porites_evermani_scaffold_717,197382,199447,+,2066
lncRNA_21298,Porites_evermani_scaffold_717,197424,201699,+,4276
lncRNA_21307,Porites_evermani_scaffold_7172,221,3216,+,2996
lncRNA_21308,Porites_evermani_scaffold_7173,556,2995,+,2440
lncRNA_21309,Porites_evermani_scaffold_718,26116,35826,+,9711
lncRNA_21312,Porites_evermani_scaffold_7180,287,2924,+,2638
lncRNA_21313,Porites_evermani_scaffold_7181,1898,3178,+,1281
lncRNA_21314,Porites_evermani_scaffold_7183,1181,2677,+,1497
lncRNA_21317,Porites_evermani_scaffold_719,311,1185,+,875
lncRNA_21320,Porites_evermani_scaffold_7192,5,2029,+,2025
lncRNA_21322,Porites_evermani_scaffold_7196,1,2441,+,2441
lncRNA_21323,Porites_evermani_scaffold_7196,44,2441,+,2398
lncRNA_21325,Porites_evermani_scaffold_72,184638,186614,+,1977
lncRNA_21327,Porites_evermani_scaffold_72,134016,134427,+,412
lncRNA_21328,Porites_evermani_scaffold_72,189844,192817,+,2974
lncRNA_21329,Porites_evermani_scaffold_72,264389,265061,+,673
lncRNA_21330,Porites_evermani_scaffold_72,614049,619299,+,5251
lncRNA_21336,Porites_evermani_scaffold_720,193663,195357,+,1695
lncRNA_21337,Porites_evermani_scaffold_720,56540,58035,+,1496
lncRNA_21338,Porites_evermani_scaffold_720,92813,93818,+,1006
lncRNA_21340,Porites_evermani_scaffold_720,192135,195357,+,3223
lncRNA_21344,Porites_evermani_scaffold_7203,281,554,+,274
lncRNA_21346,Porites_evermani_scaffold_7207,131,2666,+,2536
lncRNA_21356,Porites_evermani_scaffold_722,24688,25202,+,515
lncRNA_21357,Porites_evermani_scaffold_722,140805,144400,+,3596
lncRNA_21358,Porites_evermani_scaffold_722,163343,176597,+,13255
lncRNA_21359,Porites_evermani_scaffold_722,170842,176597,+,5756
lncRNA_21360,Porites_evermani_scaffold_722,171337,176597,+,5261
lncRNA_21370,Porites_evermani_scaffold_723,189579,191067,+,1489
lncRNA_21371,Porites_evermani_scaffold_723,71867,72282,+,416
lncRNA_21372,Porites_evermani_scaffold_723,180639,182973,+,2335
lncRNA_21382,Porites_evermani_scaffold_7237,221,2952,+,2732
lncRNA_21383,Porites_evermani_scaffold_724,20647,23797,+,3151
lncRNA_21391,Porites_evermani_scaffold_725,20706,21222,+,517
lncRNA_21392,Porites_evermani_scaffold_725,77747,80242,+,2496
lncRNA_21393,Porites_evermani_scaffold_725,83439,90768,+,7330
lncRNA_21394,Porites_evermani_scaffold_725,85873,90768,+,4896
lncRNA_21403,Porites_evermani_scaffold_7258,1,2301,+,2301
lncRNA_21404,Porites_evermani_scaffold_726,80238,81257,+,1020
lncRNA_21405,Porites_evermani_scaffold_726,80270,80779,+,510
lncRNA_21410,Porites_evermani_scaffold_7266,77,2328,+,2252
lncRNA_21419,Porites_evermani_scaffold_7274,471,2440,+,1970
lncRNA_21420,Porites_evermani_scaffold_7279,2180,2562,+,383
lncRNA_21422,Porites_evermani_scaffold_728,104124,110308,+,6185
lncRNA_21423,Porites_evermani_scaffold_728,20403,21581,+,1179
lncRNA_21424,Porites_evermani_scaffold_728,22028,24943,+,2916
lncRNA_21427,Porites_evermani_scaffold_728,51022,54825,+,3804
lncRNA_21428,Porites_evermani_scaffold_728,51416,54825,+,3410
lncRNA_21429,Porites_evermani_scaffold_728,104134,120250,+,16117
lncRNA_21431,Porites_evermani_scaffold_728,104164,122361,+,18198
lncRNA_21432,Porites_evermani_scaffold_728,104165,120250,+,16086
lncRNA_21433,Porites_evermani_scaffold_728,104203,120250,+,16048
lncRNA_21434,Porites_evermani_scaffold_728,137123,137463,+,341
lncRNA_21439,Porites_evermani_scaffold_7284,299,2817,+,2519
lncRNA_21443,Porites_evermani_scaffold_7289,555,1620,+,1066
lncRNA_21444,Porites_evermani_scaffold_7289,1078,1620,+,543
lncRNA_21446,Porites_evermani_scaffold_729,81939,82992,+,1054
lncRNA_21451,Porites_evermani_scaffold_7295,598,2618,+,2021
lncRNA_21452,Porites_evermani_scaffold_7296,1036,2781,+,1746
lncRNA_21464,Porites_evermani_scaffold_730,1,1328,+,1328
lncRNA_21470,Porites_evermani_scaffold_7301,1498,2778,+,1281
lncRNA_21471,Porites_evermani_scaffold_7301,1816,2778,+,963
lncRNA_21474,Porites_evermani_scaffold_7302,554,2773,+,2220
lncRNA_21477,Porites_evermani_scaffold_7308,1,2712,+,2712
lncRNA_21479,Porites_evermani_scaffold_731,106461,107149,+,689
lncRNA_21483,Porites_evermani_scaffold_731,25162,26461,+,1300
lncRNA_21501,Porites_evermani_scaffold_733,191302,196169,+,4868
lncRNA_21504,Porites_evermani_scaffold_733,59149,60562,+,1414
lncRNA_21512,Porites_evermani_scaffold_7337,11,2702,+,2692
lncRNA_21514,Porites_evermani_scaffold_734,131649,135592,+,3944
lncRNA_21527,Porites_evermani_scaffold_735,88920,91292,+,2373
lncRNA_21528,Porites_evermani_scaffold_735,89905,91292,+,1388
lncRNA_21530,Porites_evermani_scaffold_7350,26,2534,+,2509
lncRNA_21533,Porites_evermani_scaffold_736,15954,32968,+,17015
lncRNA_21534,Porites_evermani_scaffold_736,123444,127011,+,3568
lncRNA_21535,Porites_evermani_scaffold_7363,1,2546,+,2546
lncRNA_21539,Porites_evermani_scaffold_737,924,2994,+,2071
lncRNA_21541,Porites_evermani_scaffold_737,929,2703,+,1775
lncRNA_21542,Porites_evermani_scaffold_737,123732,124776,+,1045
lncRNA_21543,Porites_evermani_scaffold_737,2627,3132,+,506
lncRNA_21544,Porites_evermani_scaffold_737,127529,130261,+,2733
lncRNA_21545,Porites_evermani_scaffold_737,127756,130261,+,2506
lncRNA_21546,Porites_evermani_scaffold_737,127766,130261,+,2496
lncRNA_21547,Porites_evermani_scaffold_737,127809,130261,+,2453
lncRNA_21548,Porites_evermani_scaffold_737,127863,130261,+,2399
lncRNA_21552,Porites_evermani_scaffold_738,147885,149776,+,1892
lncRNA_21554,Porites_evermani_scaffold_7381,71,2618,+,2548
lncRNA_21565,Porites_evermani_scaffold_7394,135,2495,+,2361
lncRNA_21566,Porites_evermani_scaffold_7394,311,2495,+,2185
lncRNA_21567,Porites_evermani_scaffold_7399,529,2237,+,1709
lncRNA_21576,Porites_evermani_scaffold_74,544488,547478,+,2991
lncRNA_21582,Porites_evermani_scaffold_740,73950,74507,+,558
lncRNA_21583,Porites_evermani_scaffold_740,142661,148433,+,5773
lncRNA_21584,Porites_evermani_scaffold_740,142769,148433,+,5665
lncRNA_21585,Porites_evermani_scaffold_740,163497,171299,+,7803
lncRNA_21586,Porites_evermani_scaffold_740,163782,171441,+,7660
lncRNA_21587,Porites_evermani_scaffold_740,163876,165367,+,1492
lncRNA_21588,Porites_evermani_scaffold_740,167284,174060,+,6777
lncRNA_21589,Porites_evermani_scaffold_7407,1,2565,+,2565
lncRNA_21590,Porites_evermani_scaffold_741,168179,169014,+,836
lncRNA_21591,Porites_evermani_scaffold_741,23017,23750,+,734
lncRNA_21592,Porites_evermani_scaffold_741,23206,23750,+,545
lncRNA_21593,Porites_evermani_scaffold_741,94934,95448,+,515
lncRNA_21594,Porites_evermani_scaffold_741,158115,161655,+,3541
lncRNA_21595,Porites_evermani_scaffold_741,158340,162990,+,4651
lncRNA_21600,Porites_evermani_scaffold_7411,223,2533,+,2311
lncRNA_21602,Porites_evermani_scaffold_7419,155,2196,+,2042
lncRNA_21604,Porites_evermani_scaffold_742,155319,158538,+,3220
lncRNA_21605,Porites_evermani_scaffold_742,155329,158538,+,3210
lncRNA_21606,Porites_evermani_scaffold_742,155334,158538,+,3205
lncRNA_21607,Porites_evermani_scaffold_742,111630,119303,+,7674
lncRNA_21608,Porites_evermani_scaffold_742,112263,114357,+,2095
lncRNA_21609,Porites_evermani_scaffold_742,1743,3791,+,2049
lncRNA_21619,Porites_evermani_scaffold_743,52718,54256,+,1539
lncRNA_21622,Porites_evermani_scaffold_7430,1275,2521,+,1247
lncRNA_21623,Porites_evermani_scaffold_7432,1453,2531,+,1079
lncRNA_21624,Porites_evermani_scaffold_7434,1,2357,+,2357
lncRNA_21631,Porites_evermani_scaffold_745,134058,138662,+,4605
lncRNA_21632,Porites_evermani_scaffold_745,135125,139203,+,4079
lncRNA_21633,Porites_evermani_scaffold_745,24018,31855,+,7838
lncRNA_21638,Porites_evermani_scaffold_745,134046,139569,+,5524
lncRNA_21641,Porites_evermani_scaffold_745,134053,139569,+,5517
lncRNA_21642,Porites_evermani_scaffold_745,134069,139569,+,5501
lncRNA_21647,Porites_evermani_scaffold_746,47264,52823,+,5560
lncRNA_21649,Porites_evermani_scaffold_746,141433,145580,+,4148
lncRNA_21650,Porites_evermani_scaffold_746,141656,145580,+,3925
lncRNA_21651,Porites_evermani_scaffold_746,141661,144729,+,3069
lncRNA_21652,Porites_evermani_scaffold_746,141671,145580,+,3910
lncRNA_21653,Porites_evermani_scaffold_746,141674,144984,+,3311
lncRNA_21654,Porites_evermani_scaffold_746,143622,145580,+,1959
lncRNA_21655,Porites_evermani_scaffold_746,177831,178098,+,268
lncRNA_21656,Porites_evermani_scaffold_746,142634,144967,+,2334
lncRNA_21664,Porites_evermani_scaffold_7464,1,2146,+,2146
lncRNA_21665,Porites_evermani_scaffold_7465,641,2265,+,1625
lncRNA_21666,Porites_evermani_scaffold_747,45092,46068,+,977
lncRNA_21667,Porites_evermani_scaffold_747,28962,30648,+,1687
lncRNA_21674,Porites_evermani_scaffold_748,26305,27941,+,1637
lncRNA_21675,Porites_evermani_scaffold_748,38821,44876,+,6056
lncRNA_21676,Porites_evermani_scaffold_748,92740,142796,+,50057
lncRNA_21677,Porites_evermani_scaffold_748,92740,144207,+,51468
lncRNA_21678,Porites_evermani_scaffold_748,94529,121900,+,27372
lncRNA_21679,Porites_evermani_scaffold_748,97234,121900,+,24667
lncRNA_21680,Porites_evermani_scaffold_748,111689,120628,+,8940
lncRNA_21682,Porites_evermani_scaffold_7483,11,2469,+,2459
lncRNA_21685,Porites_evermani_scaffold_7488,1,2379,+,2379
lncRNA_21686,Porites_evermani_scaffold_749,15892,24204,+,8313
lncRNA_21688,Porites_evermani_scaffold_749,152657,154883,+,2227
lncRNA_21689,Porites_evermani_scaffold_749,152635,154921,+,2287
lncRNA_21697,Porites_evermani_scaffold_75,96751,98782,+,2032
lncRNA_21698,Porites_evermani_scaffold_75,119186,121439,+,2254
lncRNA_21699,Porites_evermani_scaffold_75,135067,135329,+,263
lncRNA_21700,Porites_evermani_scaffold_75,208157,208657,+,501
lncRNA_21702,Porites_evermani_scaffold_75,409158,411393,+,2236
lncRNA_21703,Porites_evermani_scaffold_75,460661,467073,+,6413
lncRNA_21704,Porites_evermani_scaffold_75,440669,444746,+,4078
lncRNA_21706,Porites_evermani_scaffold_75,120405,121439,+,1035
lncRNA_21707,Porites_evermani_scaffold_75,324577,326563,+,1987
lncRNA_21708,Porites_evermani_scaffold_75,346398,347853,+,1456
lncRNA_21710,Porites_evermani_scaffold_75,479158,481704,+,2547
lncRNA_21719,Porites_evermani_scaffold_750,13277,28915,+,15639
lncRNA_21721,Porites_evermani_scaffold_750,13175,29499,+,16325
lncRNA_21728,Porites_evermani_scaffold_750,192386,195425,+,3040
lncRNA_21731,Porites_evermani_scaffold_7504,146,2447,+,2302
lncRNA_21732,Porites_evermani_scaffold_7509,19,2421,+,2403
lncRNA_21733,Porites_evermani_scaffold_751,105650,106994,+,1345
lncRNA_21734,Porites_evermani_scaffold_751,3990,6740,+,2751
lncRNA_21735,Porites_evermani_scaffold_751,105657,109004,+,3348
lncRNA_21740,Porites_evermani_scaffold_7511,1,1347,+,1347
lncRNA_21742,Porites_evermani_scaffold_7513,1,2066,+,2066
lncRNA_21748,Porites_evermani_scaffold_752,1716,4083,+,2368
lncRNA_21751,Porites_evermani_scaffold_7528,2122,2420,+,299
lncRNA_21752,Porites_evermani_scaffold_7529,1,1779,+,1779
lncRNA_21753,Porites_evermani_scaffold_753,27407,28900,+,1494
lncRNA_21754,Porites_evermani_scaffold_753,175429,176347,+,919
lncRNA_21755,Porites_evermani_scaffold_753,175568,176347,+,780
lncRNA_21756,Porites_evermani_scaffold_753,11151,14561,+,3411
lncRNA_21758,Porites_evermani_scaffold_753,71542,73475,+,1934
lncRNA_21759,Porites_evermani_scaffold_753,71695,73475,+,1781
lncRNA_21760,Porites_evermani_scaffold_753,145430,146263,+,834
lncRNA_21761,Porites_evermani_scaffold_753,145453,146263,+,811
lncRNA_21769,Porites_evermani_scaffold_754,138138,140037,+,1900
lncRNA_21771,Porites_evermani_scaffold_754,185305,187589,+,2285
lncRNA_21772,Porites_evermani_scaffold_754,22816,24423,+,1608
lncRNA_21780,Porites_evermani_scaffold_7541,7,1253,+,1247
lncRNA_21782,Porites_evermani_scaffold_7544,1376,2324,+,949
lncRNA_21783,Porites_evermani_scaffold_7547,52,2398,+,2347
lncRNA_21794,Porites_evermani_scaffold_7558,16,910,+,895
lncRNA_21799,Porites_evermani_scaffold_756,102240,102878,+,639
lncRNA_21800,Porites_evermani_scaffold_7561,11,1561,+,1551
lncRNA_21801,Porites_evermani_scaffold_7561,1860,2385,+,526
lncRNA_21802,Porites_evermani_scaffold_7565,7,1828,+,1822
lncRNA_21804,Porites_evermani_scaffold_7567,284,2257,+,1974
lncRNA_21805,Porites_evermani_scaffold_757,181305,193195,+,11891
lncRNA_21807,Porites_evermani_scaffold_757,181324,191836,+,10513
lncRNA_21809,Porites_evermani_scaffold_757,182787,191836,+,9050
lncRNA_21811,Porites_evermani_scaffold_757,186945,193195,+,6251
lncRNA_21812,Porites_evermani_scaffold_757,2,961,+,960
lncRNA_21814,Porites_evermani_scaffold_757,186954,193195,+,6242
lncRNA_21815,Porites_evermani_scaffold_757,187806,193195,+,5390
lncRNA_21816,Porites_evermani_scaffold_757,188993,193195,+,4203
lncRNA_21822,Porites_evermani_scaffold_757,173022,173288,+,267
lncRNA_21835,Porites_evermani_scaffold_758,184782,187426,+,2645
lncRNA_21853,Porites_evermani_scaffold_7588,1909,2359,+,451
lncRNA_21876,Porites_evermani_scaffold_76,312288,317780,+,5493
lncRNA_21879,Porites_evermani_scaffold_76,1436,4829,+,3394
lncRNA_21880,Porites_evermani_scaffold_76,1568,4829,+,3262
lncRNA_21881,Porites_evermani_scaffold_76,75030,76328,+,1299
lncRNA_21882,Porites_evermani_scaffold_76,92131,94011,+,1881
lncRNA_21902,Porites_evermani_scaffold_761,77309,81548,+,4240
lncRNA_21903,Porites_evermani_scaffold_761,90581,96467,+,5887
lncRNA_21906,Porites_evermani_scaffold_7615,15,2332,+,2318
lncRNA_21907,Porites_evermani_scaffold_7615,17,2332,+,2316
lncRNA_21915,Porites_evermani_scaffold_762,105198,105780,+,583
lncRNA_21919,Porites_evermani_scaffold_762,71604,74201,+,2598
lncRNA_21927,Porites_evermani_scaffold_7629,214,644,+,431
lncRNA_21930,Porites_evermani_scaffold_763,55668,90034,+,34367
lncRNA_21931,Porites_evermani_scaffold_763,57086,91536,+,34451
lncRNA_21935,Porites_evermani_scaffold_763,1,6460,+,6460
lncRNA_21936,Porites_evermani_scaffold_763,64512,88973,+,24462
lncRNA_21938,Porites_evermani_scaffold_763,133301,139618,+,6318
lncRNA_21939,Porites_evermani_scaffold_763,174473,176776,+,2304
lncRNA_21942,Porites_evermani_scaffold_7631,508,1794,+,1287
lncRNA_21943,Porites_evermani_scaffold_7635,1267,2314,+,1048
lncRNA_21945,Porites_evermani_scaffold_764,30622,31820,+,1199
lncRNA_21946,Porites_evermani_scaffold_7646,458,1188,+,731
lncRNA_21948,Porites_evermani_scaffold_765,17543,20513,+,2971
lncRNA_21949,Porites_evermani_scaffold_765,63601,147800,+,84200
lncRNA_21950,Porites_evermani_scaffold_765,64407,144532,+,80126
lncRNA_21951,Porites_evermani_scaffold_765,145306,145709,+,404
lncRNA_21952,Porites_evermani_scaffold_765,174073,176400,+,2328
lncRNA_21954,Porites_evermani_scaffold_765,64119,143798,+,79680
lncRNA_21955,Porites_evermani_scaffold_765,142187,143798,+,1612
lncRNA_21956,Porites_evermani_scaffold_765,139061,142186,+,3126
lncRNA_21957,Porites_evermani_scaffold_765,144479,160250,+,15772
lncRNA_21958,Porites_evermani_scaffold_765,144920,154217,+,9298
lncRNA_21959,Porites_evermani_scaffold_765,145564,159797,+,14234
lncRNA_21960,Porites_evermani_scaffold_765,145707,160250,+,14544
lncRNA_21961,Porites_evermani_scaffold_765,146419,154217,+,7799
lncRNA_21962,Porites_evermani_scaffold_765,161181,163050,+,1870
lncRNA_21963,Porites_evermani_scaffold_765,161225,163124,+,1900
lncRNA_21964,Porites_evermani_scaffold_765,166270,172475,+,6206
lncRNA_21965,Porites_evermani_scaffold_765,166359,172475,+,6117
lncRNA_21966,Porites_evermani_scaffold_765,166379,170671,+,4293
lncRNA_21967,Porites_evermani_scaffold_765,174049,177488,+,3440
lncRNA_21968,Porites_evermani_scaffold_765,176371,177488,+,1118
lncRNA_21971,Porites_evermani_scaffold_766,69935,73517,+,3583
lncRNA_21974,Porites_evermani_scaffold_766,172248,176152,+,3905
lncRNA_21975,Porites_evermani_scaffold_766,24429,30278,+,5850
lncRNA_21979,Porites_evermani_scaffold_767,59670,69399,+,9730
lncRNA_21981,Porites_evermani_scaffold_767,159795,163341,+,3547
lncRNA_21983,Porites_evermani_scaffold_767,98166,120323,+,22158
lncRNA_21984,Porites_evermani_scaffold_767,103562,108621,+,5060
lncRNA_21985,Porites_evermani_scaffold_767,145667,154594,+,8928
lncRNA_21993,Porites_evermani_scaffold_768,164807,165884,+,1078
lncRNA_21997,Porites_evermani_scaffold_7685,443,1615,+,1173
lncRNA_21998,Porites_evermani_scaffold_7688,1,2263,+,2263
lncRNA_21999,Porites_evermani_scaffold_7688,5,2263,+,2259
lncRNA_22000,Porites_evermani_scaffold_769,76418,78068,+,1651
lncRNA_22002,Porites_evermani_scaffold_769,92807,94932,+,2126
lncRNA_22006,Porites_evermani_scaffold_77,91757,93154,+,1398
lncRNA_22007,Porites_evermani_scaffold_77,109878,111425,+,1548
lncRNA_22008,Porites_evermani_scaffold_77,110489,111663,+,1175
lncRNA_22010,Porites_evermani_scaffold_77,375254,384345,+,9092
lncRNA_22011,Porites_evermani_scaffold_77,375269,384345,+,9077
lncRNA_22012,Porites_evermani_scaffold_77,378701,384345,+,5645
lncRNA_22014,Porites_evermani_scaffold_77,423491,426190,+,2700
lncRNA_22015,Porites_evermani_scaffold_77,424937,426190,+,1254
lncRNA_22016,Porites_evermani_scaffold_77,463999,466891,+,2893
lncRNA_22019,Porites_evermani_scaffold_77,553600,556120,+,2521
lncRNA_22020,Porites_evermani_scaffold_77,553748,556120,+,2373
lncRNA_22021,Porites_evermani_scaffold_77,202616,236177,+,33562
lncRNA_22022,Porites_evermani_scaffold_77,247270,249111,+,1842
lncRNA_22023,Porites_evermani_scaffold_77,263660,264939,+,1280
lncRNA_22024,Porites_evermani_scaffold_77,362407,365230,+,2824
lncRNA_22025,Porites_evermani_scaffold_77,482566,485953,+,3388
lncRNA_22028,Porites_evermani_scaffold_77,282948,284452,+,1505
lncRNA_22032,Porites_evermani_scaffold_770,9346,10585,+,1240
lncRNA_22037,Porites_evermani_scaffold_770,122909,125593,+,2685
lncRNA_22038,Porites_evermani_scaffold_770,136217,144366,+,8150
lncRNA_22039,Porites_evermani_scaffold_770,161016,163120,+,2105
lncRNA_22040,Porites_evermani_scaffold_770,161167,162599,+,1433
lncRNA_22042,Porites_evermani_scaffold_770,152511,157742,+,5232
lncRNA_22043,Porites_evermani_scaffold_770,12162,13814,+,1653
lncRNA_22044,Porites_evermani_scaffold_770,108892,114010,+,5119
lncRNA_22047,Porites_evermani_scaffold_770,135155,136344,+,1190
lncRNA_22048,Porites_evermani_scaffold_770,135169,136344,+,1176
lncRNA_22049,Porites_evermani_scaffold_770,137543,144302,+,6760
lncRNA_22054,Porites_evermani_scaffold_771,114053,117185,+,3133
lncRNA_22055,Porites_evermani_scaffold_771,5964,28678,+,22715
lncRNA_22056,Porites_evermani_scaffold_771,13959,28678,+,14720
lncRNA_22079,Porites_evermani_scaffold_773,72609,75523,+,2915
lncRNA_22080,Porites_evermani_scaffold_773,72609,81624,+,9016
lncRNA_22081,Porites_evermani_scaffold_773,158851,160658,+,1808
lncRNA_22090,Porites_evermani_scaffold_7731,1,2230,+,2230
lncRNA_22091,Porites_evermani_scaffold_7733,1,726,+,726
lncRNA_22094,Porites_evermani_scaffold_7738,1140,2026,+,887
lncRNA_22095,Porites_evermani_scaffold_774,13101,31497,+,18397
lncRNA_22102,Porites_evermani_scaffold_7752,1,2217,+,2217
lncRNA_22105,Porites_evermani_scaffold_776,1,1679,+,1679
lncRNA_22106,Porites_evermani_scaffold_776,36107,43083,+,6977
lncRNA_22110,Porites_evermani_scaffold_776,157648,158931,+,1284
lncRNA_22111,Porites_evermani_scaffold_776,23280,29605,+,6326
lncRNA_22112,Porites_evermani_scaffold_776,174686,183119,+,8434
lncRNA_22121,Porites_evermani_scaffold_7768,1,2079,+,2079
lncRNA_22128,Porites_evermani_scaffold_778,140509,140950,+,442
lncRNA_22131,Porites_evermani_scaffold_778,142817,145340,+,2524
lncRNA_22132,Porites_evermani_scaffold_778,27804,29477,+,1674
lncRNA_22136,Porites_evermani_scaffold_7782,712,2180,+,1469
lncRNA_22137,Porites_evermani_scaffold_7783,1,2193,+,2193
lncRNA_22139,Porites_evermani_scaffold_7786,1,1581,+,1581
lncRNA_22140,Porites_evermani_scaffold_7788,1,1019,+,1019
lncRNA_22141,Porites_evermani_scaffold_779,142762,145407,+,2646
lncRNA_22142,Porites_evermani_scaffold_779,35690,37357,+,1668
lncRNA_22145,Porites_evermani_scaffold_7790,1,1335,+,1335
lncRNA_22150,Porites_evermani_scaffold_7797,1,615,+,615
lncRNA_22151,Porites_evermani_scaffold_78,89456,92749,+,3294
lncRNA_22152,Porites_evermani_scaffold_78,100533,101665,+,1133
lncRNA_22154,Porites_evermani_scaffold_78,319836,323906,+,4071
lncRNA_22155,Porites_evermani_scaffold_78,320165,323906,+,3742
lncRNA_22156,Porites_evermani_scaffold_78,398404,421059,+,22656
lncRNA_22157,Porites_evermani_scaffold_78,463829,466638,+,2810
lncRNA_22158,Porites_evermani_scaffold_78,478924,482196,+,3273
lncRNA_22160,Porites_evermani_scaffold_78,564721,566296,+,1576
lncRNA_22161,Porites_evermani_scaffold_78,466045,467984,+,1940
lncRNA_22162,Porites_evermani_scaffold_78,472288,491419,+,19132
lncRNA_22163,Porites_evermani_scaffold_78,472579,491346,+,18768
lncRNA_22164,Porites_evermani_scaffold_78,473110,491346,+,18237
lncRNA_22169,Porites_evermani_scaffold_78,566269,580860,+,14592
lncRNA_22170,Porites_evermani_scaffold_78,566597,578679,+,12083
lncRNA_22171,Porites_evermani_scaffold_78,566597,584953,+,18357
lncRNA_22172,Porites_evermani_scaffold_78,566633,585161,+,18529
lncRNA_22173,Porites_evermani_scaffold_78,567113,585161,+,18049
lncRNA_22192,Porites_evermani_scaffold_780,29498,30818,+,1321
lncRNA_22193,Porites_evermani_scaffold_780,38547,57072,+,18526
lncRNA_22194,Porites_evermani_scaffold_780,44827,58265,+,13439
lncRNA_22195,Porites_evermani_scaffold_780,166265,172509,+,6245
lncRNA_22196,Porites_evermani_scaffold_780,27428,27994,+,567
lncRNA_22200,Porites_evermani_scaffold_781,37775,39057,+,1283
lncRNA_22201,Porites_evermani_scaffold_781,37888,39057,+,1170
lncRNA_22202,Porites_evermani_scaffold_781,53018,55884,+,2867
lncRNA_22203,Porites_evermani_scaffold_781,15085,15750,+,666
lncRNA_22204,Porites_evermani_scaffold_781,86536,92080,+,5545
lncRNA_22205,Porites_evermani_scaffold_781,86538,92080,+,5543
lncRNA_22206,Porites_evermani_scaffold_781,87323,92080,+,4758
lncRNA_22207,Porites_evermani_scaffold_781,87326,90687,+,3362
lncRNA_22209,Porites_evermani_scaffold_7814,1,1543,+,1543
lncRNA_22212,Porites_evermani_scaffold_782,39158,41370,+,2213
lncRNA_22214,Porites_evermani_scaffold_782,132902,138253,+,5352
lncRNA_22215,Porites_evermani_scaffold_782,134467,138253,+,3787
lncRNA_22217,Porites_evermani_scaffold_782,134645,138253,+,3609
lncRNA_22218,Porites_evermani_scaffold_782,134678,138253,+,3576
lncRNA_22235,Porites_evermani_scaffold_784,173381,175077,+,1697
lncRNA_22242,Porites_evermani_scaffold_7843,197,1595,+,1399
lncRNA_22243,Porites_evermani_scaffold_7848,316,1483,+,1168
lncRNA_22252,Porites_evermani_scaffold_786,177328,181733,+,4406
lncRNA_22253,Porites_evermani_scaffold_786,179432,183618,+,4187
lncRNA_22256,Porites_evermani_scaffold_786,69698,71443,+,1746
lncRNA_22263,Porites_evermani_scaffold_787,186191,186629,+,439
lncRNA_22264,Porites_evermani_scaffold_787,189282,189824,+,543
lncRNA_22266,Porites_evermani_scaffold_787,113902,120410,+,6509
lncRNA_22267,Porites_evermani_scaffold_787,115077,123173,+,8097
lncRNA_22271,Porites_evermani_scaffold_787,156085,158651,+,2567
lncRNA_22275,Porites_evermani_scaffold_7881,1028,2078,+,1051
lncRNA_22279,Porites_evermani_scaffold_789,61795,62840,+,1046
lncRNA_22285,Porites_evermani_scaffold_79,576,7220,+,6645
lncRNA_22286,Porites_evermani_scaffold_79,4587,7220,+,2634
lncRNA_22287,Porites_evermani_scaffold_79,129908,132057,+,2150
lncRNA_22288,Porites_evermani_scaffold_79,131419,132509,+,1091
lncRNA_22293,Porites_evermani_scaffold_79,414564,445227,+,30664
lncRNA_22296,Porites_evermani_scaffold_79,568480,571292,+,2813
lncRNA_22298,Porites_evermani_scaffold_79,191408,194161,+,2754
lncRNA_22299,Porites_evermani_scaffold_79,316881,322426,+,5546
lncRNA_22300,Porites_evermani_scaffold_79,464939,470225,+,5287
lncRNA_22301,Porites_evermani_scaffold_79,474272,476669,+,2398
lncRNA_22302,Porites_evermani_scaffold_79,507748,509940,+,2193
lncRNA_22306,Porites_evermani_scaffold_790,65659,76053,+,10395
lncRNA_22307,Porites_evermani_scaffold_790,66156,69896,+,3741
lncRNA_22308,Porites_evermani_scaffold_790,66176,76053,+,9878
lncRNA_22315,Porites_evermani_scaffold_7903,1,1412,+,1412
lncRNA_22318,Porites_evermani_scaffold_791,76005,77934,+,1930
lncRNA_22319,Porites_evermani_scaffold_791,76072,77934,+,1863
lncRNA_22320,Porites_evermani_scaffold_791,183357,189475,+,6119
lncRNA_22331,Porites_evermani_scaffold_7922,1,2110,+,2110
lncRNA_22338,Porites_evermani_scaffold_794,185574,186437,+,864
lncRNA_22339,Porites_evermani_scaffold_794,48896,53635,+,4740
lncRNA_22340,Porites_evermani_scaffold_7946,106,2053,+,1948
lncRNA_22349,Porites_evermani_scaffold_7951,104,1264,+,1161
lncRNA_22356,Porites_evermani_scaffold_796,8905,33381,+,24477
lncRNA_22357,Porites_evermani_scaffold_796,114372,115609,+,1238
lncRNA_22360,Porites_evermani_scaffold_796,39436,42309,+,2874
lncRNA_22370,Porites_evermani_scaffold_798,180934,184385,+,3452
lncRNA_22371,Porites_evermani_scaffold_798,181832,184385,+,2554
lncRNA_22372,Porites_evermani_scaffold_798,184793,187787,+,2995
lncRNA_22383,Porites_evermani_scaffold_8,183801,184246,+,446
lncRNA_22384,Porites_evermani_scaffold_8,554224,556714,+,2491
lncRNA_22385,Porites_evermani_scaffold_8,554233,556714,+,2482
lncRNA_22387,Porites_evermani_scaffold_8,795872,796667,+,796
lncRNA_22388,Porites_evermani_scaffold_8,1215157,1216506,+,1350
lncRNA_22394,Porites_evermani_scaffold_8,521259,521738,+,480
lncRNA_22396,Porites_evermani_scaffold_8,1046543,1048618,+,2076
lncRNA_22397,Porites_evermani_scaffold_8,1114127,1116209,+,2083
lncRNA_22398,Porites_evermani_scaffold_8,1114152,1116209,+,2058
lncRNA_22404,Porites_evermani_scaffold_8,993947,994810,+,864
lncRNA_22410,Porites_evermani_scaffold_80,106862,111288,+,4427
lncRNA_22414,Porites_evermani_scaffold_80,461410,462901,+,1492
lncRNA_22415,Porites_evermani_scaffold_80,567924,571902,+,3979
lncRNA_22417,Porites_evermani_scaffold_80,186652,214944,+,28293
lncRNA_22419,Porites_evermani_scaffold_80,454277,457131,+,2855
lncRNA_22420,Porites_evermani_scaffold_80,566080,567205,+,1126
lncRNA_22421,Porites_evermani_scaffold_80,567330,570938,+,3609
lncRNA_22423,Porites_evermani_scaffold_80,576214,584430,+,8217
lncRNA_22424,Porites_evermani_scaffold_80,576289,582443,+,6155
lncRNA_22425,Porites_evermani_scaffold_80,576320,584430,+,8111
lncRNA_22426,Porites_evermani_scaffold_80,577262,586017,+,8756
lncRNA_22431,Porites_evermani_scaffold_80,327133,327985,+,853
lncRNA_22432,Porites_evermani_scaffold_80,524442,525270,+,829
lncRNA_22433,Porites_evermani_scaffold_80,534524,535101,+,578
lncRNA_22435,Porites_evermani_scaffold_80,538131,540730,+,2600
lncRNA_22437,Porites_evermani_scaffold_800,1378,3558,+,2181
lncRNA_22438,Porites_evermani_scaffold_800,14633,15718,+,1086
lncRNA_22439,Porites_evermani_scaffold_800,168472,181150,+,12679
lncRNA_22457,Porites_evermani_scaffold_8017,92,1924,+,1833
lncRNA_22458,Porites_evermani_scaffold_8017,769,1924,+,1156
lncRNA_22461,Porites_evermani_scaffold_802,130383,132704,+,2322
lncRNA_22463,Porites_evermani_scaffold_802,58964,59932,+,969
lncRNA_22464,Porites_evermani_scaffold_802,130511,133690,+,3180
lncRNA_22465,Porites_evermani_scaffold_802,181786,185247,+,3462
lncRNA_22468,Porites_evermani_scaffold_8022,848,2054,+,1207
lncRNA_22471,Porites_evermani_scaffold_803,5916,9248,+,3333
lncRNA_22472,Porites_evermani_scaffold_803,18638,22071,+,3434
lncRNA_22473,Porites_evermani_scaffold_803,35308,42038,+,6731
lncRNA_22474,Porites_evermani_scaffold_803,32418,33380,+,963
lncRNA_22475,Porites_evermani_scaffold_803,78775,80249,+,1475
lncRNA_22476,Porites_evermani_scaffold_803,45163,46519,+,1357
lncRNA_22479,Porites_evermani_scaffold_8033,860,2023,+,1164
lncRNA_22480,Porites_evermani_scaffold_8036,58,1685,+,1628
lncRNA_22481,Porites_evermani_scaffold_804,39486,45317,+,5832
lncRNA_22482,Porites_evermani_scaffold_804,114321,119522,+,5202
lncRNA_22483,Porites_evermani_scaffold_804,115342,119522,+,4181
lncRNA_22484,Porites_evermani_scaffold_804,35586,37526,+,1941
lncRNA_22485,Porites_evermani_scaffold_804,43868,51484,+,7617
lncRNA_22487,Porites_evermani_scaffold_8043,189,2052,+,1864
lncRNA_22489,Porites_evermani_scaffold_805,6786,9731,+,2946
lncRNA_22490,Porites_evermani_scaffold_805,19373,21581,+,2209
lncRNA_22491,Porites_evermani_scaffold_805,13,1739,+,1727
lncRNA_22494,Porites_evermani_scaffold_805,37893,40129,+,2237
lncRNA_22510,Porites_evermani_scaffold_807,71684,74964,+,3281
lncRNA_22545,Porites_evermani_scaffold_810,41056,41881,+,826
lncRNA_22549,Porites_evermani_scaffold_8100,644,1909,+,1266
lncRNA_22551,Porites_evermani_scaffold_8108,1188,2028,+,841
lncRNA_22553,Porites_evermani_scaffold_811,31041,31669,+,629
lncRNA_22554,Porites_evermani_scaffold_811,118961,120050,+,1090
lncRNA_22556,Porites_evermani_scaffold_811,19365,26882,+,7518
lncRNA_22565,Porites_evermani_scaffold_8115,1,1280,+,1280
lncRNA_22567,Porites_evermani_scaffold_812,14722,15304,+,583
lncRNA_22571,Porites_evermani_scaffold_812,29021,33431,+,4411
lncRNA_22577,Porites_evermani_scaffold_812,40569,42234,+,1666
lncRNA_22580,Porites_evermani_scaffold_8125,157,1531,+,1375
lncRNA_22583,Porites_evermani_scaffold_813,134226,135568,+,1343
lncRNA_22584,Porites_evermani_scaffold_813,182638,185727,+,3090
lncRNA_22586,Porites_evermani_scaffold_8130,1,2000,+,2000
lncRNA_22589,Porites_evermani_scaffold_814,87024,94259,+,7236
lncRNA_22590,Porites_evermani_scaffold_814,87169,94259,+,7091
lncRNA_22591,Porites_evermani_scaffold_814,91459,93386,+,1928
lncRNA_22592,Porites_evermani_scaffold_814,92055,93386,+,1332
lncRNA_22593,Porites_evermani_scaffold_814,116033,118179,+,2147
lncRNA_22594,Porites_evermani_scaffold_814,153173,172761,+,19589
lncRNA_22595,Porites_evermani_scaffold_814,174168,176222,+,2055
lncRNA_22596,Porites_evermani_scaffold_814,126428,127446,+,1019
lncRNA_22604,Porites_evermani_scaffold_815,1,536,+,536
lncRNA_22608,Porites_evermani_scaffold_816,88862,90821,+,1960
lncRNA_22609,Porites_evermani_scaffold_816,183830,184799,+,970
lncRNA_22610,Porites_evermani_scaffold_816,46555,51471,+,4917
lncRNA_22611,Porites_evermani_scaffold_8165,1,1901,+,1901
lncRNA_22615,Porites_evermani_scaffold_817,18811,20631,+,1821
lncRNA_22616,Porites_evermani_scaffold_817,18985,19778,+,794
lncRNA_22617,Porites_evermani_scaffold_817,35767,36568,+,802
lncRNA_22618,Porites_evermani_scaffold_817,35784,36568,+,785
lncRNA_22620,Porites_evermani_scaffold_817,145033,155909,+,10877
lncRNA_22621,Porites_evermani_scaffold_817,44941,51374,+,6434
lncRNA_22622,Porites_evermani_scaffold_817,93123,96200,+,3078
lncRNA_22626,Porites_evermani_scaffold_8173,77,2005,+,1929
lncRNA_22627,Porites_evermani_scaffold_8178,2,1997,+,1996
lncRNA_22631,Porites_evermani_scaffold_819,6477,10705,+,4229
lncRNA_22632,Porites_evermani_scaffold_819,6514,10705,+,4192
lncRNA_22633,Porites_evermani_scaffold_819,6670,10705,+,4036
lncRNA_22634,Porites_evermani_scaffold_819,8849,12164,+,3316
lncRNA_22636,Porites_evermani_scaffold_819,6491,11626,+,5136
lncRNA_22637,Porites_evermani_scaffold_819,7263,12172,+,4910
lncRNA_22639,Porites_evermani_scaffold_819,181302,183735,+,2434
lncRNA_22641,Porites_evermani_scaffold_819,115849,119132,+,3284
lncRNA_22642,Porites_evermani_scaffold_82,420260,422021,+,1762
lncRNA_22645,Porites_evermani_scaffold_82,582270,583452,+,1183
lncRNA_22651,Porites_evermani_scaffold_82,237523,238079,+,557
lncRNA_22652,Porites_evermani_scaffold_82,325893,328763,+,2871
lncRNA_22660,Porites_evermani_scaffold_821,48679,49094,+,416
lncRNA_22661,Porites_evermani_scaffold_821,123474,124801,+,1328
lncRNA_22662,Porites_evermani_scaffold_822,100915,132039,+,31125
lncRNA_22663,Porites_evermani_scaffold_822,100991,132039,+,31049
lncRNA_22665,Porites_evermani_scaffold_822,83550,94555,+,11006
lncRNA_22670,Porites_evermani_scaffold_823,140785,141622,+,838
lncRNA_22681,Porites_evermani_scaffold_824,1,2168,+,2168
lncRNA_22692,Porites_evermani_scaffold_825,51244,52369,+,1126
lncRNA_22698,Porites_evermani_scaffold_826,117253,121443,+,4191
lncRNA_22699,Porites_evermani_scaffold_826,117801,121443,+,3643
lncRNA_22700,Porites_evermani_scaffold_826,118237,121443,+,3207
lncRNA_22701,Porites_evermani_scaffold_826,170408,182759,+,12352
lncRNA_22711,Porites_evermani_scaffold_827,10438,12158,+,1721
lncRNA_22725,Porites_evermani_scaffold_83,437363,442361,+,4999
lncRNA_22740,Porites_evermani_scaffold_830,6339,11492,+,5154
lncRNA_22749,Porites_evermani_scaffold_830,121773,124891,+,3119
lncRNA_22750,Porites_evermani_scaffold_831,6086,11145,+,5060
lncRNA_22754,Porites_evermani_scaffold_832,26,12682,+,12657
lncRNA_22755,Porites_evermani_scaffold_832,52,2765,+,2714
lncRNA_22756,Porites_evermani_scaffold_832,2812,13858,+,11047
lncRNA_22757,Porites_evermani_scaffold_832,54229,60785,+,6557
lncRNA_22758,Porites_evermani_scaffold_832,70547,76823,+,6277
lncRNA_22760,Porites_evermani_scaffold_832,71083,76823,+,5741
lncRNA_22761,Porites_evermani_scaffold_832,101514,106107,+,4594
lncRNA_22767,Porites_evermani_scaffold_834,124989,125944,+,956
lncRNA_22768,Porites_evermani_scaffold_834,125098,161348,+,36251
lncRNA_22769,Porites_evermani_scaffold_834,125135,161771,+,36637
lncRNA_22770,Porites_evermani_scaffold_834,125170,125990,+,821
lncRNA_22771,Porites_evermani_scaffold_834,125176,161771,+,36596
lncRNA_22772,Porites_evermani_scaffold_834,125255,125990,+,736
lncRNA_22773,Porites_evermani_scaffold_834,125255,161880,+,36626
lncRNA_22774,Porites_evermani_scaffold_834,125286,125944,+,659
lncRNA_22775,Porites_evermani_scaffold_834,125443,160884,+,35442
lncRNA_22786,Porites_evermani_scaffold_835,117454,126927,+,9474
lncRNA_22787,Porites_evermani_scaffold_835,40,1341,+,1302
lncRNA_22788,Porites_evermani_scaffold_836,65240,66082,+,843
lncRNA_22794,Porites_evermani_scaffold_837,140687,144027,+,3341
lncRNA_22798,Porites_evermani_scaffold_837,140028,144068,+,4041
lncRNA_22806,Porites_evermani_scaffold_839,145563,146221,+,659
lncRNA_22810,Porites_evermani_scaffold_84,10906,18830,+,7925
lncRNA_22811,Porites_evermani_scaffold_84,32956,35707,+,2752
lncRNA_22813,Porites_evermani_scaffold_84,195320,198190,+,2871
lncRNA_22814,Porites_evermani_scaffold_84,489573,490020,+,448
lncRNA_22815,Porites_evermani_scaffold_84,41734,44053,+,2320
lncRNA_22816,Porites_evermani_scaffold_84,49229,51012,+,1784
lncRNA_22817,Porites_evermani_scaffold_84,233667,235087,+,1421
lncRNA_22818,Porites_evermani_scaffold_84,451683,454328,+,2646
lncRNA_22819,Porites_evermani_scaffold_84,451836,454328,+,2493
lncRNA_22820,Porites_evermani_scaffold_84,451997,454328,+,2332
lncRNA_22821,Porites_evermani_scaffold_84,455027,457789,+,2763
lncRNA_22822,Porites_evermani_scaffold_84,461241,466925,+,5685
lncRNA_22829,Porites_evermani_scaffold_841,3339,6498,+,3160
lncRNA_22832,Porites_evermani_scaffold_841,72669,73041,+,373
lncRNA_22836,Porites_evermani_scaffold_842,97910,100517,+,2608
lncRNA_22847,Porites_evermani_scaffold_842,161879,163455,+,1577
lncRNA_22850,Porites_evermani_scaffold_842,161967,164003,+,2037
lncRNA_22856,Porites_evermani_scaffold_843,57114,68845,+,11732
lncRNA_22862,Porites_evermani_scaffold_844,28098,29747,+,1650
lncRNA_22863,Porites_evermani_scaffold_844,28113,29747,+,1635
lncRNA_22865,Porites_evermani_scaffold_844,70921,74074,+,3154
lncRNA_22866,Porites_evermani_scaffold_844,71110,74074,+,2965
lncRNA_22871,Porites_evermani_scaffold_844,160517,166295,+,5779
lncRNA_22885,Porites_evermani_scaffold_846,119079,121755,+,2677
lncRNA_22887,Porites_evermani_scaffold_846,172519,173282,+,764
lncRNA_22891,Porites_evermani_scaffold_847,87581,101460,+,13880
lncRNA_22892,Porites_evermani_scaffold_847,175981,181282,+,5302
lncRNA_22896,Porites_evermani_scaffold_848,8731,12559,+,3829
lncRNA_22898,Porites_evermani_scaffold_849,119083,120676,+,1594
lncRNA_22904,Porites_evermani_scaffold_85,230289,234451,+,4163
lncRNA_22905,Porites_evermani_scaffold_85,276530,293557,+,17028
lncRNA_22906,Porites_evermani_scaffold_85,276606,293557,+,16952
lncRNA_22907,Porites_evermani_scaffold_85,277959,293557,+,15599
lncRNA_22908,Porites_evermani_scaffold_85,351951,352387,+,437
lncRNA_22910,Porites_evermani_scaffold_85,556944,557838,+,895
lncRNA_22914,Porites_evermani_scaffold_85,128857,130689,+,1833
lncRNA_22916,Porites_evermani_scaffold_85,254422,256445,+,2024
lncRNA_22917,Porites_evermani_scaffold_85,254817,256445,+,1629
lncRNA_22918,Porites_evermani_scaffold_85,259480,262211,+,2732
lncRNA_22919,Porites_evermani_scaffold_85,259484,262211,+,2728
lncRNA_22921,Porites_evermani_scaffold_85,357165,358211,+,1047
lncRNA_22922,Porites_evermani_scaffold_85,360412,365790,+,5379
lncRNA_22923,Porites_evermani_scaffold_85,364318,365790,+,1473
lncRNA_22925,Porites_evermani_scaffold_85,555596,557238,+,1643
lncRNA_22929,Porites_evermani_scaffold_85,93713,96149,+,2437
lncRNA_22930,Porites_evermani_scaffold_85,96691,99955,+,3265
lncRNA_22949,Porites_evermani_scaffold_851,5768,6822,+,1055
lncRNA_22950,Porites_evermani_scaffold_851,28758,53732,+,24975
lncRNA_22951,Porites_evermani_scaffold_851,29236,54270,+,25035
lncRNA_22961,Porites_evermani_scaffold_852,78480,80250,+,1771
lncRNA_22962,Porites_evermani_scaffold_853,79891,83662,+,3772
lncRNA_22963,Porites_evermani_scaffold_853,99935,103077,+,3143
lncRNA_22964,Porites_evermani_scaffold_853,119742,125826,+,6085
lncRNA_22966,Porites_evermani_scaffold_853,154535,157346,+,2812
lncRNA_22967,Porites_evermani_scaffold_853,161933,164254,+,2322
lncRNA_22970,Porites_evermani_scaffold_853,125657,132378,+,6722
lncRNA_22971,Porites_evermani_scaffold_853,130741,149550,+,18810
lncRNA_22972,Porites_evermani_scaffold_853,123580,129479,+,5900
lncRNA_22974,Porites_evermani_scaffold_854,85670,87327,+,1658
lncRNA_22977,Porites_evermani_scaffold_855,147313,148541,+,1229
lncRNA_22990,Porites_evermani_scaffold_858,19898,20998,+,1101
lncRNA_22991,Porites_evermani_scaffold_858,20061,28977,+,8917
lncRNA_22992,Porites_evermani_scaffold_858,20644,23545,+,2902
lncRNA_22993,Porites_evermani_scaffold_858,27136,28977,+,1842
lncRNA_22994,Porites_evermani_scaffold_858,39403,39845,+,443
lncRNA_22996,Porites_evermani_scaffold_858,142461,146447,+,3987
lncRNA_22997,Porites_evermani_scaffold_858,67482,68744,+,1263
lncRNA_22998,Porites_evermani_scaffold_858,142461,145329,+,2869
lncRNA_23000,Porites_evermani_scaffold_858,143816,146447,+,2632
lncRNA_23002,Porites_evermani_scaffold_859,160226,166474,+,6249
lncRNA_23003,Porites_evermani_scaffold_859,13764,14141,+,378
lncRNA_23007,Porites_evermani_scaffold_86,44524,47016,+,2493
lncRNA_23018,Porites_evermani_scaffold_860,34787,36250,+,1464
lncRNA_23019,Porites_evermani_scaffold_860,124058,129373,+,5316
lncRNA_23020,Porites_evermani_scaffold_860,125557,126483,+,927
lncRNA_23021,Porites_evermani_scaffold_860,132714,133481,+,768
lncRNA_23025,Porites_evermani_scaffold_861,132022,133599,+,1578
lncRNA_23026,Porites_evermani_scaffold_861,132024,133493,+,1470
lncRNA_23027,Porites_evermani_scaffold_861,132030,133493,+,1464
lncRNA_23028,Porites_evermani_scaffold_861,132032,133493,+,1462
lncRNA_23031,Porites_evermani_scaffold_862,65471,67692,+,2222
lncRNA_23034,Porites_evermani_scaffold_862,158240,159685,+,1446
lncRNA_23035,Porites_evermani_scaffold_862,158269,159685,+,1417
lncRNA_23036,Porites_evermani_scaffold_862,158507,159685,+,1179
lncRNA_23040,Porites_evermani_scaffold_863,2533,6501,+,3969
lncRNA_23041,Porites_evermani_scaffold_863,143732,144457,+,726
lncRNA_23044,Porites_evermani_scaffold_864,145211,153186,+,7976
lncRNA_23085,Porites_evermani_scaffold_871,114238,116760,+,2523
lncRNA_23087,Porites_evermani_scaffold_872,13919,27907,+,13989
lncRNA_23088,Porites_evermani_scaffold_872,13971,24129,+,10159
lncRNA_23100,Porites_evermani_scaffold_874,29283,33234,+,3952
lncRNA_23101,Porites_evermani_scaffold_875,103703,140669,+,36967
lncRNA_23102,Porites_evermani_scaffold_875,103783,136139,+,32357
lncRNA_23103,Porites_evermani_scaffold_875,103789,114025,+,10237
lncRNA_23104,Porites_evermani_scaffold_875,103792,140669,+,36878
lncRNA_23108,Porites_evermani_scaffold_875,24726,27816,+,3091
lncRNA_23109,Porites_evermani_scaffold_875,25057,27816,+,2760
lncRNA_23110,Porites_evermani_scaffold_875,25377,26608,+,1232
lncRNA_23111,Porites_evermani_scaffold_875,40250,41034,+,785
lncRNA_23113,Porites_evermani_scaffold_875,109152,119733,+,10582
lncRNA_23119,Porites_evermani_scaffold_876,44289,45176,+,888
lncRNA_23121,Porites_evermani_scaffold_876,80460,82164,+,1705
lncRNA_23122,Porites_evermani_scaffold_876,80461,82164,+,1704
lncRNA_23123,Porites_evermani_scaffold_876,80476,82164,+,1689
lncRNA_23125,Porites_evermani_scaffold_877,3886,6129,+,2244
lncRNA_23131,Porites_evermani_scaffold_878,28020,29453,+,1434
lncRNA_23132,Porites_evermani_scaffold_878,126926,137449,+,10524
lncRNA_23135,Porites_evermani_scaffold_878,126936,137449,+,10514
lncRNA_23137,Porites_evermani_scaffold_878,126946,137449,+,10504
lncRNA_23138,Porites_evermani_scaffold_878,126948,133063,+,6116
lncRNA_23140,Porites_evermani_scaffold_878,146453,150601,+,4149
lncRNA_23145,Porites_evermani_scaffold_878,152130,152666,+,537
lncRNA_23146,Porites_evermani_scaffold_879,18674,52069,+,33396
lncRNA_23147,Porites_evermani_scaffold_879,29470,52069,+,22600
lncRNA_23148,Porites_evermani_scaffold_879,33390,52069,+,18680
lncRNA_23149,Porites_evermani_scaffold_879,34221,52069,+,17849
lncRNA_23151,Porites_evermani_scaffold_879,107786,111062,+,3277
lncRNA_23152,Porites_evermani_scaffold_879,107890,111062,+,3173
lncRNA_23158,Porites_evermani_scaffold_88,87622,89468,+,1847
lncRNA_23159,Porites_evermani_scaffold_88,262721,263616,+,896
lncRNA_23162,Porites_evermani_scaffold_88,352639,353216,+,578
lncRNA_23164,Porites_evermani_scaffold_88,513228,517448,+,4221
lncRNA_23165,Porites_evermani_scaffold_88,519401,521215,+,1815
lncRNA_23167,Porites_evermani_scaffold_88,117030,120685,+,3656
lncRNA_23169,Porites_evermani_scaffold_88,177714,180092,+,2379
lncRNA_23170,Porites_evermani_scaffold_88,267786,269111,+,1326
lncRNA_23171,Porites_evermani_scaffold_88,307439,307963,+,525
lncRNA_23172,Porites_evermani_scaffold_88,307495,307963,+,469
lncRNA_23173,Porites_evermani_scaffold_88,525006,525573,+,568
lncRNA_23177,Porites_evermani_scaffold_880,1090,2984,+,1895
lncRNA_23186,Porites_evermani_scaffold_881,173243,177104,+,3862
lncRNA_23189,Porites_evermani_scaffold_882,144609,154170,+,9562
lncRNA_23190,Porites_evermani_scaffold_882,144615,154170,+,9556
lncRNA_23191,Porites_evermani_scaffold_882,144633,154170,+,9538
lncRNA_23192,Porites_evermani_scaffold_882,145300,154170,+,8871
lncRNA_23193,Porites_evermani_scaffold_882,145565,154170,+,8606
lncRNA_23197,Porites_evermani_scaffold_883,34151,38500,+,4350
lncRNA_23198,Porites_evermani_scaffold_883,34155,40669,+,6515
lncRNA_23199,Porites_evermani_scaffold_883,34253,38500,+,4248
lncRNA_23202,Porites_evermani_scaffold_883,110530,115576,+,5047
lncRNA_23203,Porites_evermani_scaffold_883,110531,115576,+,5046
lncRNA_23204,Porites_evermani_scaffold_884,84409,84827,+,419
lncRNA_23207,Porites_evermani_scaffold_884,149637,151453,+,1817
lncRNA_23208,Porites_evermani_scaffold_884,149648,151453,+,1806
lncRNA_23213,Porites_evermani_scaffold_884,126428,127851,+,1424
lncRNA_23214,Porites_evermani_scaffold_885,168862,171623,+,2762
lncRNA_23215,Porites_evermani_scaffold_885,169503,171623,+,2121
lncRNA_23216,Porites_evermani_scaffold_885,169553,170778,+,1226
lncRNA_23220,Porites_evermani_scaffold_885,167249,167861,+,613
lncRNA_23222,Porites_evermani_scaffold_886,108851,110939,+,2089
lncRNA_23223,Porites_evermani_scaffold_886,108845,110801,+,1957
lncRNA_23224,Porites_evermani_scaffold_886,157766,161669,+,3904
lncRNA_23227,Porites_evermani_scaffold_886,165693,166014,+,322
lncRNA_23231,Porites_evermani_scaffold_887,28869,68172,+,39304
lncRNA_23232,Porites_evermani_scaffold_887,41256,65221,+,23966
lncRNA_23235,Porites_evermani_scaffold_888,1,3026,+,3026
lncRNA_23236,Porites_evermani_scaffold_888,4283,5921,+,1639
lncRNA_23238,Porites_evermani_scaffold_889,64599,66764,+,2166
lncRNA_23239,Porites_evermani_scaffold_889,153417,156834,+,3418
lncRNA_23240,Porites_evermani_scaffold_889,153517,169380,+,15864
lncRNA_23241,Porites_evermani_scaffold_889,153522,169380,+,15859
lncRNA_23242,Porites_evermani_scaffold_889,162043,170741,+,8699
lncRNA_23246,Porites_evermani_scaffold_89,40375,41038,+,664
lncRNA_23250,Porites_evermani_scaffold_89,514755,528775,+,14021
lncRNA_23252,Porites_evermani_scaffold_89,514827,528775,+,13949
lncRNA_23253,Porites_evermani_scaffold_89,514827,529346,+,14520
lncRNA_23254,Porites_evermani_scaffold_89,519386,529346,+,9961
lncRNA_23255,Porites_evermani_scaffold_89,523249,528775,+,5527
lncRNA_23259,Porites_evermani_scaffold_89,5507,6157,+,651
lncRNA_23260,Porites_evermani_scaffold_89,11570,13440,+,1871
lncRNA_23261,Porites_evermani_scaffold_89,117440,120158,+,2719
lncRNA_23263,Porites_evermani_scaffold_89,511192,519119,+,7928
lncRNA_23264,Porites_evermani_scaffold_89,511197,519119,+,7923
lncRNA_23265,Porites_evermani_scaffold_89,511599,519119,+,7521
lncRNA_23266,Porites_evermani_scaffold_89,522594,528381,+,5788
lncRNA_23279,Porites_evermani_scaffold_890,13197,13659,+,463
lncRNA_23280,Porites_evermani_scaffold_890,23269,25002,+,1734
lncRNA_23281,Porites_evermani_scaffold_890,58228,69955,+,11728
lncRNA_23283,Porites_evermani_scaffold_890,68199,81754,+,13556
lncRNA_23290,Porites_evermani_scaffold_891,887,3215,+,2329
lncRNA_23291,Porites_evermani_scaffold_891,5503,7765,+,2263
lncRNA_23292,Porites_evermani_scaffold_891,5854,8536,+,2683
lncRNA_23293,Porites_evermani_scaffold_891,22516,24308,+,1793
lncRNA_23294,Porites_evermani_scaffold_891,53647,55570,+,1924
lncRNA_23297,Porites_evermani_scaffold_891,52718,55523,+,2806
lncRNA_23299,Porites_evermani_scaffold_892,31809,34556,+,2748
lncRNA_23301,Porites_evermani_scaffold_892,8735,12783,+,4049
lncRNA_23302,Porites_evermani_scaffold_892,98357,100944,+,2588
lncRNA_23308,Porites_evermani_scaffold_893,158368,160780,+,2413
lncRNA_23309,Porites_evermani_scaffold_893,158436,160780,+,2345
lncRNA_23323,Porites_evermani_scaffold_895,1,2491,+,2491
lncRNA_23328,Porites_evermani_scaffold_896,4,4563,+,4560
lncRNA_23329,Porites_evermani_scaffold_896,1844,4563,+,2720
lncRNA_23330,Porites_evermani_scaffold_896,1903,4563,+,2661
lncRNA_23331,Porites_evermani_scaffold_896,1937,4284,+,2348
lncRNA_23332,Porites_evermani_scaffold_896,20152,22204,+,2053
lncRNA_23333,Porites_evermani_scaffold_896,24353,30439,+,6087
lncRNA_23334,Porites_evermani_scaffold_896,24356,30439,+,6084
lncRNA_23335,Porites_evermani_scaffold_896,26196,30439,+,4244
lncRNA_23336,Porites_evermani_scaffold_896,80254,83845,+,3592
lncRNA_23337,Porites_evermani_scaffold_896,99847,100181,+,335
lncRNA_23339,Porites_evermani_scaffold_897,97781,101825,+,4045
lncRNA_23340,Porites_evermani_scaffold_897,97782,101825,+,4044
lncRNA_23342,Porites_evermani_scaffold_897,99368,104224,+,4857
lncRNA_23343,Porites_evermani_scaffold_897,113039,125013,+,11975
lncRNA_23348,Porites_evermani_scaffold_898,64928,69020,+,4093
lncRNA_23349,Porites_evermani_scaffold_898,69756,70768,+,1013
lncRNA_23350,Porites_evermani_scaffold_898,85436,88494,+,3059
lncRNA_23352,Porites_evermani_scaffold_898,59277,67583,+,8307
lncRNA_23353,Porites_evermani_scaffold_898,60117,63217,+,3101
lncRNA_23354,Porites_evermani_scaffold_898,64378,66918,+,2541
lncRNA_23355,Porites_evermani_scaffold_898,84677,88494,+,3818
lncRNA_23359,Porites_evermani_scaffold_899,59698,60764,+,1067
lncRNA_23360,Porites_evermani_scaffold_899,90223,100541,+,10319
lncRNA_23361,Porites_evermani_scaffold_899,90226,100541,+,10316
lncRNA_23362,Porites_evermani_scaffold_899,90226,100583,+,10358
lncRNA_23363,Porites_evermani_scaffold_899,90227,100541,+,10315
lncRNA_23364,Porites_evermani_scaffold_899,97389,100541,+,3153
lncRNA_23369,Porites_evermani_scaffold_9,88794,89920,+,1127
lncRNA_23370,Porites_evermani_scaffold_9,172344,179192,+,6849
lncRNA_23371,Porites_evermani_scaffold_9,172480,179192,+,6713
lncRNA_23372,Porites_evermani_scaffold_9,258212,259519,+,1308
lncRNA_23375,Porites_evermani_scaffold_9,415417,419777,+,4361
lncRNA_23376,Porites_evermani_scaffold_9,419778,420622,+,845
lncRNA_23377,Porites_evermani_scaffold_9,597368,600353,+,2986
lncRNA_23379,Porites_evermani_scaffold_9,703767,704005,+,239
lncRNA_23381,Porites_evermani_scaffold_9,943357,943943,+,587
lncRNA_23384,Porites_evermani_scaffold_9,88825,89844,+,1020
lncRNA_23385,Porites_evermani_scaffold_9,101651,104342,+,2692
lncRNA_23386,Porites_evermani_scaffold_9,530219,546376,+,16158
lncRNA_23387,Porites_evermani_scaffold_9,530990,546376,+,15387
lncRNA_23399,Porites_evermani_scaffold_9,823151,824906,+,1756
lncRNA_23401,Porites_evermani_scaffold_90,123555,129055,+,5501
lncRNA_23402,Porites_evermani_scaffold_90,157777,160139,+,2363
lncRNA_23403,Porites_evermani_scaffold_90,158549,160139,+,1591
lncRNA_23404,Porites_evermani_scaffold_90,390216,391525,+,1310
lncRNA_23405,Porites_evermani_scaffold_90,68635,69663,+,1029
lncRNA_23406,Porites_evermani_scaffold_90,78008,80195,+,2188
lncRNA_23407,Porites_evermani_scaffold_90,120830,123294,+,2465
lncRNA_23408,Porites_evermani_scaffold_90,128400,129045,+,646
lncRNA_23409,Porites_evermani_scaffold_90,367418,369138,+,1721
lncRNA_23411,Porites_evermani_scaffold_90,389854,394450,+,4597
lncRNA_23412,Porites_evermani_scaffold_90,505618,510445,+,4828
lncRNA_23416,Porites_evermani_scaffold_90,110494,111536,+,1043
lncRNA_23422,Porites_evermani_scaffold_901,55989,60437,+,4449
lncRNA_23429,Porites_evermani_scaffold_903,32319,38342,+,6024
lncRNA_23430,Porites_evermani_scaffold_903,33201,38342,+,5142
lncRNA_23433,Porites_evermani_scaffold_903,144955,158299,+,13345
lncRNA_23434,Porites_evermani_scaffold_903,160139,173795,+,13657
lncRNA_23438,Porites_evermani_scaffold_904,43340,44322,+,983
lncRNA_23442,Porites_evermani_scaffold_905,137555,144057,+,6503
lncRNA_23443,Porites_evermani_scaffold_906,67181,68432,+,1252
lncRNA_23446,Porites_evermani_scaffold_907,22118,24630,+,2513
lncRNA_23447,Porites_evermani_scaffold_907,22220,24630,+,2411
lncRNA_23448,Porites_evermani_scaffold_907,22231,24630,+,2400
lncRNA_23449,Porites_evermani_scaffold_907,22233,24630,+,2398
lncRNA_23458,Porites_evermani_scaffold_909,106107,106712,+,606
lncRNA_23460,Porites_evermani_scaffold_91,159376,160549,+,1174
lncRNA_23462,Porites_evermani_scaffold_91,359259,360804,+,1546
lncRNA_23464,Porites_evermani_scaffold_91,517187,522034,+,4848
lncRNA_23466,Porites_evermani_scaffold_91,337670,339017,+,1348
lncRNA_23469,Porites_evermani_scaffold_91,475793,477120,+,1328
lncRNA_23470,Porites_evermani_scaffold_91,491336,492029,+,694
lncRNA_23471,Porites_evermani_scaffold_91,499177,500510,+,1334
lncRNA_23492,Porites_evermani_scaffold_910,134862,141444,+,6583
lncRNA_23494,Porites_evermani_scaffold_910,37574,57729,+,20156
lncRNA_23495,Porites_evermani_scaffold_910,87079,88419,+,1341
lncRNA_23496,Porites_evermani_scaffold_910,93203,94456,+,1254
lncRNA_23506,Porites_evermani_scaffold_912,118021,119594,+,1574
lncRNA_23516,Porites_evermani_scaffold_914,77918,80273,+,2356
lncRNA_23519,Porites_evermani_scaffold_914,70930,74661,+,3732
lncRNA_23520,Porites_evermani_scaffold_914,73574,77750,+,4177
lncRNA_23521,Porites_evermani_scaffold_914,101132,103190,+,2059
lncRNA_23522,Porites_evermani_scaffold_914,105332,111400,+,6069
lncRNA_23528,Porites_evermani_scaffold_914,162209,163962,+,1754
lncRNA_23532,Porites_evermani_scaffold_915,166030,171422,+,5393
lncRNA_23533,Porites_evermani_scaffold_915,169597,171422,+,1826
lncRNA_23538,Porites_evermani_scaffold_915,163022,163493,+,472
lncRNA_23539,Porites_evermani_scaffold_915,1,2044,+,2044
lncRNA_23540,Porites_evermani_scaffold_915,4700,5318,+,619
lncRNA_23542,Porites_evermani_scaffold_917,151862,153578,+,1717
lncRNA_23548,Porites_evermani_scaffold_917,101844,102715,+,872
lncRNA_23552,Porites_evermani_scaffold_918,62733,64056,+,1324
lncRNA_23556,Porites_evermani_scaffold_92,110326,112363,+,2038
lncRNA_23557,Porites_evermani_scaffold_92,551,2493,+,1943
lncRNA_23559,Porites_evermani_scaffold_92,166693,167203,+,511
lncRNA_23561,Porites_evermani_scaffold_92,473725,474596,+,872
lncRNA_23563,Porites_evermani_scaffold_92,73587,74273,+,687
lncRNA_23565,Porites_evermani_scaffold_92,131763,133165,+,1403
lncRNA_23569,Porites_evermani_scaffold_920,9882,10640,+,759
lncRNA_23571,Porites_evermani_scaffold_921,28264,36879,+,8616
lncRNA_23574,Porites_evermani_scaffold_922,2118,9492,+,7375
lncRNA_23575,Porites_evermani_scaffold_922,103924,106238,+,2315
lncRNA_23576,Porites_evermani_scaffold_922,103925,106238,+,2314
lncRNA_23579,Porites_evermani_scaffold_922,145055,153444,+,8390
lncRNA_23580,Porites_evermani_scaffold_922,147697,153444,+,5748
lncRNA_23586,Porites_evermani_scaffold_923,65769,74039,+,8271
lncRNA_23595,Porites_evermani_scaffold_924,170182,171698,+,1517
lncRNA_23596,Porites_evermani_scaffold_925,128892,134729,+,5838
lncRNA_23597,Porites_evermani_scaffold_925,129432,135153,+,5722
lncRNA_23598,Porites_evermani_scaffold_925,151826,154628,+,2803
lncRNA_23599,Porites_evermani_scaffold_925,82398,86573,+,4176
lncRNA_23613,Porites_evermani_scaffold_926,92233,96490,+,4258
lncRNA_23614,Porites_evermani_scaffold_926,162033,162747,+,715
lncRNA_23622,Porites_evermani_scaffold_927,125890,129979,+,4090
lncRNA_23623,Porites_evermani_scaffold_927,126234,130422,+,4189
lncRNA_23624,Porites_evermani_scaffold_927,126243,130422,+,4180
lncRNA_23625,Porites_evermani_scaffold_927,127798,133380,+,5583
lncRNA_23626,Porites_evermani_scaffold_927,82454,82925,+,472
lncRNA_23627,Porites_evermani_scaffold_927,117552,121704,+,4153
lncRNA_23628,Porites_evermani_scaffold_927,124522,129861,+,5340
lncRNA_23629,Porites_evermani_scaffold_927,125117,129861,+,4745
lncRNA_23630,Porites_evermani_scaffold_927,125766,129861,+,4096
lncRNA_23631,Porites_evermani_scaffold_927,125766,130190,+,4425
lncRNA_23632,Porites_evermani_scaffold_927,153448,155349,+,1902
lncRNA_23634,Porites_evermani_scaffold_928,84337,92499,+,8163
lncRNA_23635,Porites_evermani_scaffold_928,84337,93561,+,9225
lncRNA_23638,Porites_evermani_scaffold_928,84348,92499,+,8152
lncRNA_23640,Porites_evermani_scaffold_928,84349,93561,+,9213
lncRNA_23641,Porites_evermani_scaffold_928,84583,93561,+,8979
lncRNA_23642,Porites_evermani_scaffold_928,88939,91205,+,2267
lncRNA_23643,Porites_evermani_scaffold_928,117450,118218,+,769
lncRNA_23644,Porites_evermani_scaffold_928,122644,123591,+,948
lncRNA_23645,Porites_evermani_scaffold_928,88938,90769,+,1832
lncRNA_23647,Porites_evermani_scaffold_928,47724,49118,+,1395
lncRNA_23651,Porites_evermani_scaffold_929,8873,14070,+,5198
lncRNA_23655,Porites_evermani_scaffold_93,234551,239014,+,4464
lncRNA_23656,Porites_evermani_scaffold_93,241279,248511,+,7233
lncRNA_23658,Porites_evermani_scaffold_93,393686,412287,+,18602
lncRNA_23659,Porites_evermani_scaffold_93,410164,411835,+,1672
lncRNA_23666,Porites_evermani_scaffold_930,6767,8301,+,1535
lncRNA_23673,Porites_evermani_scaffold_931,91598,93386,+,1789
lncRNA_23676,Porites_evermani_scaffold_932,29862,32558,+,2697
lncRNA_23677,Porites_evermani_scaffold_932,7,1505,+,1499
lncRNA_23680,Porites_evermani_scaffold_932,141890,142823,+,934
lncRNA_23686,Porites_evermani_scaffold_934,35084,36191,+,1108
lncRNA_23689,Porites_evermani_scaffold_935,80951,84878,+,3928
lncRNA_23690,Porites_evermani_scaffold_935,170268,170932,+,665
lncRNA_23704,Porites_evermani_scaffold_939,120175,121574,+,1400
lncRNA_23705,Porites_evermani_scaffold_939,1,311,+,311
lncRNA_23707,Porites_evermani_scaffold_94,129006,130682,+,1677
lncRNA_23708,Porites_evermani_scaffold_94,119925,122182,+,2258
lncRNA_23709,Porites_evermani_scaffold_94,120139,122182,+,2044
lncRNA_23710,Porites_evermani_scaffold_94,128527,130876,+,2350
lncRNA_23711,Porites_evermani_scaffold_94,128582,130876,+,2295
lncRNA_23713,Porites_evermani_scaffold_94,128586,130876,+,2291
lncRNA_23714,Porites_evermani_scaffold_94,128640,130876,+,2237
lncRNA_23715,Porites_evermani_scaffold_94,152785,184242,+,31458
lncRNA_23716,Porites_evermani_scaffold_94,152785,190589,+,37805
lncRNA_23717,Porites_evermani_scaffold_94,152793,190589,+,37797
lncRNA_23718,Porites_evermani_scaffold_94,152907,167514,+,14608
lncRNA_23719,Porites_evermani_scaffold_94,188520,194290,+,5771
lncRNA_23725,Porites_evermani_scaffold_940,148712,162847,+,14136
lncRNA_23726,Porites_evermani_scaffold_940,108821,111130,+,2310
lncRNA_23731,Porites_evermani_scaffold_941,57669,60170,+,2502
lncRNA_23732,Porites_evermani_scaffold_941,123171,124292,+,1122
lncRNA_23733,Porites_evermani_scaffold_941,134653,139208,+,4556
lncRNA_23734,Porites_evermani_scaffold_941,134725,139208,+,4484
lncRNA_23735,Porites_evermani_scaffold_941,139747,143847,+,4101
lncRNA_23736,Porites_evermani_scaffold_941,139873,141462,+,1590
lncRNA_23737,Porites_evermani_scaffold_941,139934,141462,+,1529
lncRNA_23738,Porites_evermani_scaffold_941,153009,154460,+,1452
lncRNA_23739,Porites_evermani_scaffold_941,63282,64969,+,1688
lncRNA_23741,Porites_evermani_scaffold_942,79996,83723,+,3728
lncRNA_23742,Porites_evermani_scaffold_942,80781,84670,+,3890
lncRNA_23743,Porites_evermani_scaffold_942,76517,84724,+,8208
lncRNA_23745,Porites_evermani_scaffold_942,76789,84312,+,7524
lncRNA_23746,Porites_evermani_scaffold_942,76803,84724,+,7922
lncRNA_23747,Porites_evermani_scaffold_942,76810,83367,+,6558
lncRNA_23751,Porites_evermani_scaffold_943,41469,42922,+,1454
lncRNA_23752,Porites_evermani_scaffold_943,29833,31628,+,1796
lncRNA_23764,Porites_evermani_scaffold_945,73914,75299,+,1386
lncRNA_23768,Porites_evermani_scaffold_946,92913,94268,+,1356
lncRNA_23769,Porites_evermani_scaffold_946,102623,107814,+,5192
lncRNA_23770,Porites_evermani_scaffold_946,113381,115700,+,2320
lncRNA_23771,Porites_evermani_scaffold_946,94564,95909,+,1346
lncRNA_23773,Porites_evermani_scaffold_946,146617,149951,+,3335
lncRNA_23777,Porites_evermani_scaffold_946,110551,112518,+,1968
lncRNA_23784,Porites_evermani_scaffold_948,169016,170168,+,1153
lncRNA_23789,Porites_evermani_scaffold_949,47918,50608,+,2691
lncRNA_23790,Porites_evermani_scaffold_95,420523,423903,+,3381
lncRNA_23792,Porites_evermani_scaffold_95,420573,423903,+,3331
lncRNA_23797,Porites_evermani_scaffold_95,93501,95361,+,1861
lncRNA_23799,Porites_evermani_scaffold_95,180834,181738,+,905
lncRNA_23802,Porites_evermani_scaffold_950,17688,19494,+,1807
lncRNA_23804,Porites_evermani_scaffold_950,119514,126377,+,6864
lncRNA_23805,Porites_evermani_scaffold_950,124474,130239,+,5766
lncRNA_23806,Porites_evermani_scaffold_950,124515,130239,+,5725
lncRNA_23807,Porites_evermani_scaffold_950,12237,20580,+,8344
lncRNA_23808,Porites_evermani_scaffold_950,12727,20580,+,7854
lncRNA_23809,Porites_evermani_scaffold_950,16088,20580,+,4493
lncRNA_23810,Porites_evermani_scaffold_950,17738,20580,+,2843
lncRNA_23811,Porites_evermani_scaffold_950,53154,55538,+,2385
lncRNA_23812,Porites_evermani_scaffold_950,79643,80557,+,915
lncRNA_23813,Porites_evermani_scaffold_950,124396,130339,+,5944
lncRNA_23814,Porites_evermani_scaffold_950,124587,130339,+,5753
lncRNA_23818,Porites_evermani_scaffold_950,56472,57939,+,1468
lncRNA_23820,Porites_evermani_scaffold_951,101433,102347,+,915
lncRNA_23821,Porites_evermani_scaffold_951,153489,159638,+,6150
lncRNA_23822,Porites_evermani_scaffold_951,26918,31081,+,4164
lncRNA_23823,Porites_evermani_scaffold_951,28123,31081,+,2959
lncRNA_23824,Porites_evermani_scaffold_951,129077,140316,+,11240
lncRNA_23839,Porites_evermani_scaffold_953,72131,75095,+,2965
lncRNA_23841,Porites_evermani_scaffold_953,101970,105539,+,3570
lncRNA_23842,Porites_evermani_scaffold_953,104059,105932,+,1874
lncRNA_23844,Porites_evermani_scaffold_953,115630,116735,+,1106
lncRNA_23848,Porites_evermani_scaffold_954,107778,113899,+,6122
lncRNA_23860,Porites_evermani_scaffold_956,23427,25160,+,1734
lncRNA_23861,Porites_evermani_scaffold_956,143515,156399,+,12885
lncRNA_23863,Porites_evermani_scaffold_957,59843,62738,+,2896
lncRNA_23864,Porites_evermani_scaffold_957,19842,20200,+,359
lncRNA_23865,Porites_evermani_scaffold_957,64062,69228,+,5167
lncRNA_23868,Porites_evermani_scaffold_958,81987,83467,+,1481
lncRNA_23869,Porites_evermani_scaffold_958,111951,116264,+,4314
lncRNA_23870,Porites_evermani_scaffold_958,143831,147647,+,3817
lncRNA_23872,Porites_evermani_scaffold_959,23135,24512,+,1378
lncRNA_23873,Porites_evermani_scaffold_959,83239,87591,+,4353
lncRNA_23878,Porites_evermani_scaffold_96,487945,488446,+,502
lncRNA_23879,Porites_evermani_scaffold_96,397463,401960,+,4498
lncRNA_23888,Porites_evermani_scaffold_960,157445,158702,+,1258
lncRNA_23889,Porites_evermani_scaffold_960,25211,25919,+,709
lncRNA_23897,Porites_evermani_scaffold_960,136945,138640,+,1696
lncRNA_23899,Porites_evermani_scaffold_961,89102,116799,+,27698
lncRNA_23900,Porites_evermani_scaffold_961,51495,73078,+,21584
lncRNA_23901,Porites_evermani_scaffold_961,51526,73078,+,21553
lncRNA_23911,Porites_evermani_scaffold_963,51398,52227,+,830
lncRNA_23912,Porites_evermani_scaffold_963,58946,63519,+,4574
lncRNA_23914,Porites_evermani_scaffold_963,149694,154614,+,4921
lncRNA_23915,Porites_evermani_scaffold_963,163011,168029,+,5019
lncRNA_23916,Porites_evermani_scaffold_963,163265,168029,+,4765
lncRNA_23922,Porites_evermani_scaffold_965,17541,20682,+,3142
lncRNA_23923,Porites_evermani_scaffold_965,60159,61642,+,1484
lncRNA_23925,Porites_evermani_scaffold_965,104080,109151,+,5072
lncRNA_23926,Porites_evermani_scaffold_965,104098,109151,+,5054
lncRNA_23929,Porites_evermani_scaffold_965,17550,21165,+,3616
lncRNA_23931,Porites_evermani_scaffold_965,103016,108393,+,5378
lncRNA_23938,Porites_evermani_scaffold_966,148211,158499,+,10289
lncRNA_23939,Porites_evermani_scaffold_966,152783,158499,+,5717
lncRNA_23941,Porites_evermani_scaffold_966,98477,99611,+,1135
lncRNA_23949,Porites_evermani_scaffold_968,145846,151205,+,5360
lncRNA_23957,Porites_evermani_scaffold_97,35687,38473,+,2787
lncRNA_23959,Porites_evermani_scaffold_97,178340,187096,+,8757
lncRNA_23960,Porites_evermani_scaffold_97,434551,436256,+,1706
lncRNA_23961,Porites_evermani_scaffold_97,59308,66926,+,7619
lncRNA_23962,Porites_evermani_scaffold_97,69111,73148,+,4038
lncRNA_23964,Porites_evermani_scaffold_97,80724,82832,+,2109
lncRNA_23965,Porites_evermani_scaffold_97,81293,82832,+,1540
lncRNA_23966,Porites_evermani_scaffold_97,176789,178696,+,1908
lncRNA_23967,Porites_evermani_scaffold_97,222606,231562,+,8957
lncRNA_23968,Porites_evermani_scaffold_97,248021,248978,+,958
lncRNA_23969,Porites_evermani_scaffold_97,384539,384862,+,324
lncRNA_23975,Porites_evermani_scaffold_970,1808,2548,+,741
lncRNA_23976,Porites_evermani_scaffold_970,73653,78461,+,4809
lncRNA_23977,Porites_evermani_scaffold_970,88649,89163,+,515
lncRNA_23978,Porites_evermani_scaffold_971,141590,150943,+,9354
lncRNA_23982,Porites_evermani_scaffold_972,32797,34054,+,1258
lncRNA_23983,Porites_evermani_scaffold_972,32893,34054,+,1162
lncRNA_23985,Porites_evermani_scaffold_972,103325,109859,+,6535
lncRNA_23987,Porites_evermani_scaffold_972,103328,109859,+,6532
lncRNA_23989,Porites_evermani_scaffold_972,149072,155698,+,6627
lncRNA_23990,Porites_evermani_scaffold_972,149787,155698,+,5912
lncRNA_23992,Porites_evermani_scaffold_972,142316,143379,+,1064
lncRNA_23993,Porites_evermani_scaffold_972,166318,167076,+,759
lncRNA_23994,Porites_evermani_scaffold_973,58545,61184,+,2640
lncRNA_24000,Porites_evermani_scaffold_975,144068,147289,+,3222
lncRNA_24001,Porites_evermani_scaffold_975,68298,69242,+,945
lncRNA_24002,Porites_evermani_scaffold_975,68317,69242,+,926
lncRNA_24011,Porites_evermani_scaffold_977,82861,84324,+,1464
lncRNA_24012,Porites_evermani_scaffold_977,120710,122142,+,1433
lncRNA_24013,Porites_evermani_scaffold_977,120929,122142,+,1214
lncRNA_24016,Porites_evermani_scaffold_978,49613,56306,+,6694
lncRNA_24017,Porites_evermani_scaffold_978,49629,56306,+,6678
lncRNA_24019,Porites_evermani_scaffold_978,35342,42367,+,7026
lncRNA_24020,Porites_evermani_scaffold_978,52417,53924,+,1508
lncRNA_24021,Porites_evermani_scaffold_978,100534,101810,+,1277
lncRNA_24023,Porites_evermani_scaffold_979,43856,49983,+,6128
lncRNA_24027,Porites_evermani_scaffold_98,215913,219120,+,3208
lncRNA_24028,Porites_evermani_scaffold_98,266382,267339,+,958
lncRNA_24029,Porites_evermani_scaffold_98,266533,267339,+,807
lncRNA_24034,Porites_evermani_scaffold_98,462934,466348,+,3415
lncRNA_24036,Porites_evermani_scaffold_98,135514,147791,+,12278
lncRNA_24037,Porites_evermani_scaffold_98,135796,147791,+,11996
lncRNA_24040,Porites_evermani_scaffold_98,463004,471136,+,8133
lncRNA_24051,Porites_evermani_scaffold_98,261910,262122,+,213
lncRNA_24069,Porites_evermani_scaffold_982,19830,20771,+,942
lncRNA_24070,Porites_evermani_scaffold_982,87893,88897,+,1005
lncRNA_24071,Porites_evermani_scaffold_982,51435,52904,+,1470
lncRNA_24073,Porites_evermani_scaffold_982,93593,97869,+,4277
lncRNA_24075,Porites_evermani_scaffold_982,1876,2803,+,928
lncRNA_24077,Porites_evermani_scaffold_983,22832,28176,+,5345
lncRNA_24078,Porites_evermani_scaffold_983,14709,16590,+,1882
lncRNA_24079,Porites_evermani_scaffold_983,264,564,+,301
lncRNA_24080,Porites_evermani_scaffold_983,9218,10946,+,1729
lncRNA_24081,Porites_evermani_scaffold_984,33618,35019,+,1402
lncRNA_24083,Porites_evermani_scaffold_984,58134,59252,+,1119
lncRNA_24084,Porites_evermani_scaffold_984,119202,121139,+,1938
lncRNA_24086,Porites_evermani_scaffold_984,155790,157861,+,2072
lncRNA_24087,Porites_evermani_scaffold_984,78502,83005,+,4504
lncRNA_24088,Porites_evermani_scaffold_984,118886,121023,+,2138
lncRNA_24100,Porites_evermani_scaffold_987,43788,47354,+,3567
lncRNA_24101,Porites_evermani_scaffold_987,44464,47354,+,2891
lncRNA_24102,Porites_evermani_scaffold_987,101995,107048,+,5054
lncRNA_24103,Porites_evermani_scaffold_987,106192,107928,+,1737
lncRNA_24104,Porites_evermani_scaffold_987,148085,156639,+,8555
lncRNA_24107,Porites_evermani_scaffold_987,63975,66304,+,2330
lncRNA_24108,Porites_evermani_scaffold_987,64484,65669,+,1186
lncRNA_24109,Porites_evermani_scaffold_987,65670,66304,+,635
lncRNA_24110,Porites_evermani_scaffold_987,67487,68033,+,547
lncRNA_24123,Porites_evermani_scaffold_989,84665,89103,+,4439
lncRNA_24129,Porites_evermani_scaffold_99,6668,14870,+,8203
lncRNA_24137,Porites_evermani_scaffold_99,36426,37039,+,614
lncRNA_24138,Porites_evermani_scaffold_99,68573,69550,+,978
lncRNA_24151,Porites_evermani_scaffold_990,17162,20265,+,3104
lncRNA_24152,Porites_evermani_scaffold_990,17222,20265,+,3044
lncRNA_24153,Porites_evermani_scaffold_990,17529,19293,+,1765
lncRNA_24154,Porites_evermani_scaffold_990,17960,20265,+,2306
lncRNA_24155,Porites_evermani_scaffold_990,32093,35424,+,3332
lncRNA_24156,Porites_evermani_scaffold_990,89944,98876,+,8933
lncRNA_24157,Porites_evermani_scaffold_990,89982,109530,+,19549
lncRNA_24158,Porites_evermani_scaffold_990,89992,98876,+,8885
lncRNA_24159,Porites_evermani_scaffold_990,90347,93791,+,3445
lncRNA_24160,Porites_evermani_scaffold_990,1,1295,+,1295
lncRNA_24163,Porites_evermani_scaffold_990,72405,73807,+,1403
lncRNA_24164,Porites_evermani_scaffold_991,5458,13026,+,7569
lncRNA_24165,Porites_evermani_scaffold_991,6367,19011,+,12645
lncRNA_24166,Porites_evermani_scaffold_991,5473,19120,+,13648
lncRNA_24169,Porites_evermani_scaffold_991,17735,19120,+,1386
lncRNA_24171,Porites_evermani_scaffold_992,79049,91283,+,12235
lncRNA_24172,Porites_evermani_scaffold_992,79208,91283,+,12076
lncRNA_24173,Porites_evermani_scaffold_992,79441,90411,+,10971
lncRNA_24175,Porites_evermani_scaffold_992,1,1202,+,1202
lncRNA_24178,Porites_evermani_scaffold_993,48603,52266,+,3664
lncRNA_24179,Porites_evermani_scaffold_993,128642,156476,+,27835
lncRNA_24180,Porites_evermani_scaffold_993,129321,156476,+,27156
lncRNA_24185,Porites_evermani_scaffold_995,2500,6789,+,4290
lncRNA_24189,Porites_evermani_scaffold_997,85453,86397,+,945
lncRNA_24190,Porites_evermani_scaffold_997,7741,27192,+,19452
