feature_id,Chr,Start,End,Strand,Length
lncRNA_015,ntLink_2,327086,329262,+,2177
lncRNA_076,ntLink_6,48577,50741,+,2165
lncRNA_077,ntLink_6,191068,194203,+,3136
lncRNA_078,ntLink_6,191227,194203,+,2977
lncRNA_080,ntLink_6,191233,194203,+,2971
lncRNA_081,ntLink_6,191352,194203,+,2852
lncRNA_083,ntLink_6,253957,256027,+,2071
lncRNA_084,ntLink_6,254264,256027,+,1764
lncRNA_085,ntLink_6,277449,278548,+,1100
lncRNA_086,ntLink_6,318920,320775,+,1856
lncRNA_088,ntLink_6,453803,454224,+,422
lncRNA_091,ntLink_6,696814,700184,+,3371
lncRNA_092,ntLink_6,778823,796826,+,18004
lncRNA_093,ntLink_6,778897,796826,+,17930
lncRNA_094,ntLink_6,779283,780551,+,1269
lncRNA_095,ntLink_6,794661,796826,+,2166
lncRNA_096,ntLink_6,840461,843699,+,3239
lncRNA_097,ntLink_6,886898,891535,+,4638
lncRNA_098,ntLink_6,914385,916100,+,1716
lncRNA_099,ntLink_6,927634,941140,+,13507
lncRNA_100,ntLink_6,958884,962622,+,3739
lncRNA_103,ntLink_6,1001965,1007409,+,5445
lncRNA_104,ntLink_6,1001967,1007409,+,5443
lncRNA_105,ntLink_6,1014673,1022232,+,7560
lncRNA_106,ntLink_6,1068712,1075282,+,6571
lncRNA_107,ntLink_6,1089105,1089943,+,839
lncRNA_108,ntLink_6,1112582,1115713,+,3132
lncRNA_110,ntLink_6,1114259,1115713,+,1455
lncRNA_115,ntLink_6,1295151,1298285,+,3135
lncRNA_116,ntLink_6,1295155,1296270,+,1116
lncRNA_117,ntLink_6,1306061,1308409,+,2349
lncRNA_118,ntLink_6,1312488,1313664,+,1177
lncRNA_119,ntLink_6,1312572,1313664,+,1093
lncRNA_120,ntLink_6,1360690,1369050,+,8361
lncRNA_121,ntLink_6,1426450,1429659,+,3210
lncRNA_122,ntLink_6,1427007,1429659,+,2653
lncRNA_124,ntLink_6,1556692,1558759,+,2068
lncRNA_125,ntLink_6,1731319,1743244,+,11926
lncRNA_126,ntLink_6,1760015,1761569,+,1555
lncRNA_127,ntLink_6,1760056,1761569,+,1514
lncRNA_128,ntLink_6,1761984,1763233,+,1250
lncRNA_130,ntLink_6,1806058,1814095,+,8038
lncRNA_131,ntLink_6,1810106,1814095,+,3990
lncRNA_132,ntLink_6,1819017,1820144,+,1128
lncRNA_136,ntLink_6,2144465,2144907,+,443
lncRNA_137,ntLink_6,2176370,2178487,+,2118
lncRNA_138,ntLink_6,2163673,2165513,+,1841
lncRNA_139,ntLink_6,2171677,2173349,+,1673
lncRNA_140,ntLink_6,2217218,2218097,+,880
lncRNA_141,ntLink_6,2322355,2327030,+,4676
lncRNA_142,ntLink_6,2344427,2348384,+,3958
lncRNA_143,ntLink_6,2344428,2349803,+,5376
lncRNA_144,ntLink_6,2344438,2348384,+,3947
lncRNA_145,ntLink_6,2407542,2408867,+,1326
lncRNA_146,ntLink_6,2535686,2547221,+,11536
lncRNA_148,ntLink_6,2651145,2653378,+,2234
lncRNA_149,ntLink_6,2651254,2653378,+,2125
lncRNA_150,ntLink_6,2651494,2653378,+,1885
lncRNA_151,ntLink_6,2714256,2725593,+,11338
lncRNA_154,ntLink_6,3021274,3023942,+,2669
lncRNA_155,ntLink_6,3094719,3112092,+,17374
lncRNA_157,ntLink_6,3105900,3112092,+,6193
lncRNA_158,ntLink_6,3104521,3126917,+,22397
lncRNA_159,ntLink_6,3153292,3161280,+,7989
lncRNA_160,ntLink_6,3153296,3161280,+,7985
lncRNA_161,ntLink_6,3153307,3167298,+,13992
lncRNA_162,ntLink_6,3154229,3161280,+,7052
lncRNA_164,ntLink_6,3154293,3161280,+,6988
lncRNA_165,ntLink_6,3158589,3167298,+,8710
lncRNA_166,ntLink_6,3159116,3162297,+,3182
lncRNA_168,ntLink_6,3244303,3250844,+,6542
lncRNA_170,ntLink_6,3301038,3308622,+,7585
lncRNA_171,ntLink_6,3303162,3312503,+,9342
lncRNA_172,ntLink_6,3303282,3305396,+,2115
lncRNA_173,ntLink_6,3333625,3339025,+,5401
lncRNA_174,ntLink_6,3334254,3335738,+,1485
lncRNA_176,ntLink_6,3431859,3436642,+,4784
lncRNA_178,ntLink_6,3659016,3660055,+,1040
lncRNA_179,ntLink_6,3721415,3725644,+,4230
lncRNA_180,ntLink_6,3721515,3725644,+,4130
lncRNA_181,ntLink_6,3721519,3725644,+,4126
lncRNA_182,ntLink_6,3732704,3736180,+,3477
lncRNA_183,ntLink_6,3745181,3745734,+,554
lncRNA_185,ntLink_6,3797367,3797940,+,574
lncRNA_187,ntLink_6,3902464,3904211,+,1748
lncRNA_188,ntLink_6,3930134,3930680,+,547
lncRNA_189,ntLink_6,3935564,3945367,+,9804
lncRNA_190,ntLink_6,3939474,3945367,+,5894
lncRNA_194,ntLink_6,4215604,4220141,+,4538
lncRNA_195,ntLink_6,4215651,4220141,+,4491
lncRNA_196,ntLink_6,4268076,4270509,+,2434
lncRNA_200,ntLink_6,4373560,4375907,+,2348
lncRNA_201,ntLink_6,4385031,4387912,+,2882
lncRNA_202,ntLink_6,4483951,4484588,+,638
lncRNA_203,ntLink_6,4516595,4531812,+,15218
lncRNA_204,ntLink_6,4580754,4581650,+,897
lncRNA_205,ntLink_6,4586515,4588457,+,1943
lncRNA_207,ntLink_6,4639862,4644080,+,4219
lncRNA_208,ntLink_6,4644089,4695123,+,51035
lncRNA_209,ntLink_6,4660003,4678511,+,18509
lncRNA_210,ntLink_6,4691627,4695123,+,3497
lncRNA_211,ntLink_6,4701020,4704062,+,3043
lncRNA_212,ntLink_6,4769137,4772467,+,3331
lncRNA_214,ntLink_6,4934779,4937578,+,2800
lncRNA_215,ntLink_6,4935171,4937578,+,2408
lncRNA_216,ntLink_6,4940820,4943422,+,2603
lncRNA_217,ntLink_6,4957118,4958688,+,1571
lncRNA_218,ntLink_6,4983257,4986152,+,2896
lncRNA_219,ntLink_6,4983268,4984117,+,850
lncRNA_220,ntLink_6,5056290,5057301,+,1012
lncRNA_223,ntLink_6,5383870,5384900,+,1031
lncRNA_225,ntLink_6,5512072,5516503,+,4432
lncRNA_226,ntLink_6,5541909,5548638,+,6730
lncRNA_227,ntLink_6,5544010,5548638,+,4629
lncRNA_228,ntLink_6,5544096,5548638,+,4543
lncRNA_229,ntLink_6,5544097,5548638,+,4542
lncRNA_230,ntLink_6,5544103,5546852,+,2750
lncRNA_232,ntLink_6,5550879,5552122,+,1244
lncRNA_236,ntLink_6,5745194,5746351,+,1158
lncRNA_237,ntLink_6,5946490,5949214,+,2725
lncRNA_239,ntLink_6,5973492,5976849,+,3358
lncRNA_240,ntLink_6,6082962,6086044,+,3083
lncRNA_241,ntLink_6,6083012,6086044,+,3033
lncRNA_242,ntLink_6,6094934,6099073,+,4140
lncRNA_243,ntLink_6,6101566,6102197,+,632
lncRNA_244,ntLink_6,6110311,6112583,+,2273
lncRNA_245,ntLink_6,6115240,6116609,+,1370
lncRNA_246,ntLink_6,6139166,6140365,+,1200
lncRNA_248,ntLink_6,6168355,6171323,+,2969
lncRNA_249,ntLink_6,6220036,6221516,+,1481
lncRNA_250,ntLink_6,6232591,6234847,+,2257
lncRNA_252,ntLink_6,6296496,6324876,+,28381
lncRNA_253,ntLink_6,6296504,6324876,+,28373
lncRNA_254,ntLink_6,6320977,6324876,+,3900
lncRNA_255,ntLink_6,6329150,6330269,+,1120
lncRNA_256,ntLink_6,6366050,6367523,+,1474
lncRNA_258,ntLink_6,6405665,6416335,+,10671
lncRNA_259,ntLink_6,6407349,6416335,+,8987
lncRNA_264,ntLink_6,6570186,6571577,+,1392
lncRNA_267,ntLink_6,6641928,6643347,+,1420
lncRNA_271,ntLink_6,6820148,6821451,+,1304
lncRNA_272,ntLink_6,6820219,6821451,+,1233
lncRNA_274,ntLink_6,6939054,6943253,+,4200
lncRNA_275,ntLink_6,6944160,6947744,+,3585
lncRNA_276,ntLink_6,6976265,6985339,+,9075
lncRNA_277,ntLink_6,6976265,6986426,+,10162
lncRNA_282,ntLink_6,7084680,7087532,+,2853
lncRNA_283,ntLink_6,7121581,7126890,+,5310
lncRNA_285,ntLink_6,7182734,7185778,+,3045
lncRNA_286,ntLink_6,7183840,7185778,+,1939
lncRNA_287,ntLink_6,7350448,7351207,+,760
lncRNA_288,ntLink_6,7352390,7354693,+,2304
lncRNA_289,ntLink_6,7393241,7395844,+,2604
lncRNA_290,ntLink_6,7434868,7437008,+,2141
lncRNA_291,ntLink_6,7437737,7438542,+,806
lncRNA_293,ntLink_6,7465633,7467331,+,1699
lncRNA_294,ntLink_6,7490721,7509983,+,19263
lncRNA_295,ntLink_6,7490740,7509983,+,19244
lncRNA_296,ntLink_6,7490841,7506155,+,15315
lncRNA_297,ntLink_6,7491165,7506155,+,14991
lncRNA_298,ntLink_6,7491218,7509983,+,18766
lncRNA_299,ntLink_6,7491307,7494516,+,3210
lncRNA_300,ntLink_6,7534340,7551320,+,16981
lncRNA_301,ntLink_6,7543790,7551320,+,7531
lncRNA_303,ntLink_6,7548594,7551320,+,2727
lncRNA_304,ntLink_6,7548629,7551320,+,2692
lncRNA_305,ntLink_6,7548723,7551320,+,2598
lncRNA_306,ntLink_6,7860004,7861722,+,1719
lncRNA_310,ntLink_6,8200952,8208447,+,7496
lncRNA_311,ntLink_6,8235583,8238849,+,3267
lncRNA_315,ntLink_6,8539082,8541275,+,2194
lncRNA_317,ntLink_6,8849733,8886866,+,37134
lncRNA_318,ntLink_6,8860947,8872740,+,11794
lncRNA_321,ntLink_6,9216451,9221735,+,5285
lncRNA_322,ntLink_6,9216501,9219140,+,2640
lncRNA_323,ntLink_6,9263998,9265386,+,1389
lncRNA_324,ntLink_6,9264247,9265386,+,1140
lncRNA_328,ntLink_6,9484842,9489844,+,5003
lncRNA_329,ntLink_6,9496093,9496523,+,431
lncRNA_332,ntLink_6,9523927,9533302,+,9376
lncRNA_333,ntLink_6,9559920,9569279,+,9360
lncRNA_334,ntLink_6,9559987,9569279,+,9293
lncRNA_335,ntLink_6,9559998,9563721,+,3724
lncRNA_336,ntLink_6,9560022,9569279,+,9258
lncRNA_337,ntLink_6,9565981,9569279,+,3299
lncRNA_338,ntLink_6,9566015,9569279,+,3265
lncRNA_339,ntLink_6,9577497,9580805,+,3309
lncRNA_340,ntLink_6,9839311,9841241,+,1931
lncRNA_344,ntLink_6,9985171,9990249,+,5079
lncRNA_345,ntLink_6,9985196,9990773,+,5578
lncRNA_346,ntLink_6,10038998,10049684,+,10687
lncRNA_347,ntLink_6,10039290,10042968,+,3679
lncRNA_348,ntLink_6,10039972,10049684,+,9713
lncRNA_350,ntLink_6,10091953,10092669,+,717
lncRNA_351,ntLink_6,10142455,10148296,+,5842
lncRNA_352,ntLink_6,10142490,10148296,+,5807
lncRNA_353,ntLink_6,10142579,10148152,+,5574
lncRNA_354,ntLink_6,10142655,10150874,+,8220
lncRNA_359,ntLink_6,10508014,10512032,+,4019
lncRNA_362,ntLink_6,10700106,10707908,+,7803
lncRNA_363,ntLink_6,10700170,10702398,+,2229
lncRNA_364,ntLink_6,10735565,10741353,+,5789
lncRNA_366,ntLink_6,10735640,10741353,+,5714
lncRNA_367,ntLink_6,10806721,10808598,+,1878
lncRNA_368,ntLink_6,10911697,10912689,+,993
lncRNA_369,ntLink_6,10917191,10919614,+,2424
lncRNA_370,ntLink_6,10920196,10922616,+,2421
lncRNA_371,ntLink_6,10926754,10927022,+,269
lncRNA_372,ntLink_6,10952269,10963003,+,10735
lncRNA_373,ntLink_6,10952467,10961179,+,8713
lncRNA_375,ntLink_6,11049093,11054799,+,5707
lncRNA_376,ntLink_6,11190080,11191453,+,1374
lncRNA_377,ntLink_6,11234080,11235774,+,1695
lncRNA_379,ntLink_6,11328730,11330539,+,1810
lncRNA_380,ntLink_6,11328774,11330539,+,1766
lncRNA_381,ntLink_6,11403981,11406376,+,2396
lncRNA_382,ntLink_6,11404000,11406376,+,2377
lncRNA_384,ntLink_6,11454869,11456922,+,2054
lncRNA_385,ntLink_6,11472471,11478083,+,5613
lncRNA_386,ntLink_6,11472471,11478895,+,6425
lncRNA_387,ntLink_6,11473297,11478546,+,5250
lncRNA_388,ntLink_6,11473919,11479260,+,5342
lncRNA_389,ntLink_6,11475288,11480746,+,5459
lncRNA_390,ntLink_6,11545654,11547643,+,1990
lncRNA_392,ntLink_6,11625103,11633116,+,8014
lncRNA_394,ntLink_6,11733148,11756085,+,22938
lncRNA_395,ntLink_6,11733148,11756163,+,23016
lncRNA_397,ntLink_6,11785678,11789495,+,3818
lncRNA_399,ntLink_6,11851408,11853445,+,2038
lncRNA_400,ntLink_6,11895484,11896636,+,1153
lncRNA_401,ntLink_6,11906836,11907303,+,468
lncRNA_402,ntLink_6,11933837,11934938,+,1102
lncRNA_406,ntLink_6,11946412,11949530,+,3119
lncRNA_407,ntLink_6,11966111,11967019,+,909
lncRNA_408,ntLink_6,12000403,12001667,+,1265
lncRNA_412,ntLink_6,12096931,12099341,+,2411
lncRNA_413,ntLink_6,12097100,12099341,+,2242
lncRNA_416,ntLink_6,12524999,12530406,+,5408
lncRNA_417,ntLink_6,12560886,12561538,+,653
lncRNA_418,ntLink_6,12560976,12564250,+,3275
lncRNA_431,ntLink_6,12583757,12585957,+,2201
lncRNA_432,ntLink_6,12621071,12622162,+,1092
lncRNA_433,ntLink_6,12632708,12635006,+,2299
lncRNA_434,ntLink_6,12654138,12654878,+,741
lncRNA_435,ntLink_6,12814672,12817794,+,3123
lncRNA_437,ntLink_6,12832913,12855328,+,22416
lncRNA_444,ntLink_6,13210077,13212273,+,2197
lncRNA_446,ntLink_6,13210091,13212273,+,2183
lncRNA_447,ntLink_6,13210129,13212273,+,2145
lncRNA_450,ntLink_6,13261502,13264099,+,2598
lncRNA_451,ntLink_6,13307646,13309004,+,1359
lncRNA_452,ntLink_6,13511074,13522623,+,11550
lncRNA_453,ntLink_6,13514532,13522623,+,8092
lncRNA_455,ntLink_6,13514536,13522623,+,8088
lncRNA_456,ntLink_6,13521030,13522623,+,1594
lncRNA_457,ntLink_6,13699623,13700086,+,464
lncRNA_460,ntLink_6,14025432,14034708,+,9277
lncRNA_461,ntLink_6,14461648,14467395,+,5748
lncRNA_463,ntLink_6,14461738,14467395,+,5658
lncRNA_464,ntLink_6,14504166,14506751,+,2586
lncRNA_466,ntLink_6,14524062,14524471,+,410
lncRNA_469,ntLink_6,14643101,14654624,+,11524
lncRNA_475,ntLink_6,14818687,14848480,+,29794
lncRNA_476,ntLink_6,14885416,14890577,+,5162
lncRNA_477,ntLink_6,14885466,14890882,+,5417
lncRNA_480,ntLink_6,14988343,14992895,+,4553
lncRNA_481,ntLink_6,15097637,15098036,+,400
lncRNA_483,ntLink_6,15196649,15199639,+,2991
lncRNA_484,ntLink_6,15197315,15199639,+,2325
lncRNA_486,ntLink_6,15348536,15349124,+,589
lncRNA_487,ntLink_6,15351010,15362914,+,11905
lncRNA_489,ntLink_6,15536358,15568653,+,32296
lncRNA_492,ntLink_6,15563548,15568435,+,4888
lncRNA_496,ntLink_6,15841826,15843554,+,1729
lncRNA_497,ntLink_6,15909456,15914409,+,4954
lncRNA_498,ntLink_6,15912496,15914409,+,1914
lncRNA_499,ntLink_6,15938324,15941237,+,2914
lncRNA_500,ntLink_6,15941421,15945513,+,4093
lncRNA_501,ntLink_6,16035532,16035879,+,348
lncRNA_502,ntLink_6,16111385,16113946,+,2562
lncRNA_503,ntLink_6,16111485,16114836,+,3352
lncRNA_504,ntLink_6,16111557,16114836,+,3280
lncRNA_505,ntLink_6,16123708,16133733,+,10026
lncRNA_507,ntLink_6,16220068,16227080,+,7013
lncRNA_509,ntLink_6,16220088,16227080,+,6993
lncRNA_510,ntLink_6,16220089,16227080,+,6992
lncRNA_513,ntLink_6,16483660,16484602,+,943
lncRNA_515,ntLink_6,16597967,16599030,+,1064
lncRNA_521,ntLink_6,16887052,16889535,+,2484
lncRNA_522,ntLink_6,16887072,16888099,+,1028
lncRNA_523,ntLink_6,16888152,16889535,+,1384
lncRNA_530,ntLink_6,17603976,17606919,+,2944
lncRNA_541,ntLink_6,17928867,17932776,+,3910
lncRNA_544,ntLink_6,18049688,18052522,+,2835
lncRNA_545,ntLink_6,18053358,18055042,+,1685
lncRNA_546,ntLink_6,18058696,18060370,+,1675
lncRNA_547,ntLink_6,18092335,18095620,+,3286
lncRNA_550,ntLink_6,18408190,18420117,+,11928
lncRNA_551,ntLink_6,18408225,18420117,+,11893
lncRNA_553,ntLink_6,18410587,18414427,+,3841
lncRNA_572,ntLink_6,19314579,19315993,+,1415
lncRNA_577,ntLink_6,19493238,19495829,+,2592
lncRNA_578,ntLink_6,19517514,19517897,+,384
lncRNA_579,ntLink_6,19592407,19595292,+,2886
lncRNA_580,ntLink_6,19600291,19601764,+,1474
lncRNA_581,ntLink_6,19600682,19601764,+,1083
lncRNA_583,ntLink_6,19750143,19756635,+,6493
lncRNA_585,ntLink_6,19841945,19843994,+,2050
lncRNA_586,ntLink_6,19855346,19857820,+,2475
lncRNA_588,ntLink_6,20075402,20078137,+,2736
lncRNA_589,ntLink_6,20075413,20077059,+,1647
lncRNA_590,ntLink_6,20075438,20078137,+,2700
lncRNA_591,ntLink_6,20075441,20077059,+,1619
lncRNA_592,ntLink_6,20075508,20077059,+,1552
lncRNA_593,ntLink_6,20124408,20129096,+,4689
lncRNA_594,ntLink_6,20226765,20228801,+,2037
lncRNA_597,ntLink_6,20264618,20271540,+,6923
lncRNA_598,ntLink_6,20264660,20268216,+,3557
lncRNA_599,ntLink_6,20264747,20271540,+,6794
lncRNA_600,ntLink_6,20265432,20268216,+,2785
lncRNA_603,ntLink_6,20393701,20394262,+,562
lncRNA_621,ntLink_6,20668679,20703911,+,35233
lncRNA_645,ntLink_6,21102336,21131250,+,28915
lncRNA_656,ntLink_6,20707310,20720388,+,13079
lncRNA_671,ntLink_6,20798374,20843945,+,45572
lncRNA_692,ntLink_6,20894319,20938699,+,44381
lncRNA_727,ntLink_6,21185251,21237922,+,52672
lncRNA_730,ntLink_6,21201201,21250338,+,49138
lncRNA_736,ntLink_6,21251766,21455143,+,203378
lncRNA_782,ntLink_6,21757689,21783987,+,26299
lncRNA_799,ntLink_6,21823592,21853298,+,29707
lncRNA_809,ntLink_6,21870352,21890849,+,20498
lncRNA_812,ntLink_6,21925877,21945868,+,19992
lncRNA_822,ntLink_6,21926116,21965569,+,39454
lncRNA_836,ntLink_6,22299280,22300658,+,1379
lncRNA_837,ntLink_6,22299523,22300658,+,1136
lncRNA_840,ntLink_6,22687815,22692123,+,4309
lncRNA_844,ntLink_6,22844232,22846882,+,2651
lncRNA_847,ntLink_6,34253,35286,+,1034
lncRNA_848,ntLink_6,58579,62099,+,3521
lncRNA_849,ntLink_6,58585,62099,+,3515
lncRNA_850,ntLink_6,62476,69762,+,7287
lncRNA_852,ntLink_6,121973,123733,+,1761
lncRNA_853,ntLink_6,211305,213929,+,2625
lncRNA_854,ntLink_6,211312,213929,+,2618
lncRNA_855,ntLink_6,211602,213929,+,2328
lncRNA_856,ntLink_6,277362,278454,+,1093
lncRNA_857,ntLink_6,318155,318832,+,678
lncRNA_860,ntLink_6,388790,392603,+,3814
lncRNA_861,ntLink_6,396082,397009,+,928
lncRNA_862,ntLink_6,418757,421712,+,2956
lncRNA_863,ntLink_6,487019,505400,+,18382
lncRNA_864,ntLink_6,487052,505400,+,18349
lncRNA_865,ntLink_6,612175,616150,+,3976
lncRNA_866,ntLink_6,714681,717043,+,2363
lncRNA_867,ntLink_6,714785,715940,+,1156
lncRNA_868,ntLink_6,714873,717043,+,2171
lncRNA_872,ntLink_6,795106,798281,+,3176
lncRNA_873,ntLink_6,874486,876568,+,2083
lncRNA_874,ntLink_6,881280,883010,+,1731
lncRNA_875,ntLink_6,881611,883010,+,1400
lncRNA_876,ntLink_6,896315,899388,+,3074
lncRNA_877,ntLink_6,1013487,1016218,+,2732
lncRNA_878,ntLink_6,1013540,1022331,+,8792
lncRNA_879,ntLink_6,1014170,1016218,+,2049
lncRNA_882,ntLink_6,1053211,1055554,+,2344
lncRNA_884,ntLink_6,1114096,1115661,+,1566
lncRNA_891,ntLink_6,1199343,1203770,+,4428
lncRNA_892,ntLink_6,1201540,1203156,+,1617
lncRNA_894,ntLink_6,1201542,1203395,+,1854
lncRNA_895,ntLink_6,1313186,1314873,+,1688
lncRNA_896,ntLink_6,1313207,1314873,+,1667
lncRNA_897,ntLink_6,1358579,1365936,+,7358
lncRNA_899,ntLink_6,1549313,1555613,+,6301
lncRNA_902,ntLink_6,1846277,1846767,+,491
lncRNA_905,ntLink_6,2206435,2213769,+,7335
lncRNA_906,ntLink_6,2206439,2213769,+,7331
lncRNA_907,ntLink_6,2206444,2213769,+,7326
lncRNA_908,ntLink_6,2234256,2235770,+,1515
lncRNA_909,ntLink_6,2412721,2416751,+,4031
lncRNA_910,ntLink_6,2412732,2416751,+,4020
lncRNA_912,ntLink_6,2561159,2586415,+,25257
lncRNA_913,ntLink_6,2571284,2575248,+,3965
lncRNA_914,ntLink_6,2636522,2636998,+,477
lncRNA_918,ntLink_6,2796441,2814011,+,17571
lncRNA_922,ntLink_6,2990355,2997585,+,7231
lncRNA_924,ntLink_6,3121406,3124110,+,2705
lncRNA_925,ntLink_6,3130444,3133345,+,2902
lncRNA_926,ntLink_6,3130604,3131967,+,1364
lncRNA_928,ntLink_6,3283946,3285526,+,1581
lncRNA_929,ntLink_6,3264645,3265402,+,758
lncRNA_932,ntLink_6,3323011,3323461,+,451
lncRNA_933,ntLink_6,3369403,3370697,+,1295
lncRNA_934,ntLink_6,3369445,3370508,+,1064
lncRNA_936,ntLink_6,3441843,3442398,+,556
lncRNA_938,ntLink_6,3659016,3661073,+,2058
lncRNA_939,ntLink_6,3659017,3661293,+,2277
lncRNA_940,ntLink_6,3719957,3721126,+,1170
lncRNA_943,ntLink_6,3881128,3886192,+,5065
lncRNA_944,ntLink_6,3881139,3883782,+,2644
lncRNA_945,ntLink_6,3941928,3950598,+,8671
lncRNA_946,ntLink_6,3941929,3950598,+,8670
lncRNA_947,ntLink_6,3942514,3950351,+,7838
lncRNA_948,ntLink_6,3943598,3950351,+,6754
lncRNA_949,ntLink_6,3943606,3950598,+,6993
lncRNA_950,ntLink_6,3943610,3950598,+,6989
lncRNA_951,ntLink_6,3943612,3950351,+,6740
lncRNA_952,ntLink_6,3959474,3969238,+,9765
lncRNA_955,ntLink_6,4125172,4128350,+,3179
lncRNA_956,ntLink_6,4125284,4128350,+,3067
lncRNA_957,ntLink_6,4171149,4172408,+,1260
lncRNA_958,ntLink_6,4184741,4188321,+,3581
lncRNA_959,ntLink_6,4188067,4196961,+,8895
lncRNA_961,ntLink_6,4302643,4313230,+,10588
lncRNA_962,ntLink_6,4318441,4323555,+,5115
lncRNA_963,ntLink_6,4319037,4323555,+,4519
lncRNA_964,ntLink_6,4319064,4323555,+,4492
lncRNA_965,ntLink_6,4338621,4340779,+,2159
lncRNA_966,ntLink_6,4338700,4339691,+,992
lncRNA_968,ntLink_6,4361637,4364278,+,2642
lncRNA_969,ntLink_6,4419230,4420180,+,951
lncRNA_970,ntLink_6,4439905,4441787,+,1883
lncRNA_971,ntLink_6,4449180,4452494,+,3315
lncRNA_972,ntLink_6,4628235,4681371,+,53137
lncRNA_973,ntLink_6,4695088,4699231,+,4144
lncRNA_974,ntLink_6,4748870,4753736,+,4867
lncRNA_975,ntLink_6,4819397,4828293,+,8897
lncRNA_976,ntLink_6,4840243,4869331,+,29089
lncRNA_983,ntLink_6,5384652,5386204,+,1553
lncRNA_986,ntLink_6,5512047,5516295,+,4249
lncRNA_987,ntLink_6,5544010,5549015,+,5006
lncRNA_1003,ntLink_6,5952527,5952905,+,379
lncRNA_1005,ntLink_6,5983374,5986939,+,3566
lncRNA_1006,ntLink_6,5983377,5986939,+,3563
lncRNA_1007,ntLink_6,5983660,5986939,+,3280
lncRNA_1008,ntLink_6,5983717,5986939,+,3223
lncRNA_1009,ntLink_6,5983872,5986939,+,3068
lncRNA_1010,ntLink_6,5983970,5986939,+,2970
lncRNA_1011,ntLink_6,6067683,6072572,+,4890
lncRNA_1012,ntLink_6,6085128,6086717,+,1590
lncRNA_1013,ntLink_6,6138857,6140319,+,1463
lncRNA_1014,ntLink_6,6166243,6167421,+,1179
lncRNA_1016,ntLink_6,6323500,6324876,+,1377
lncRNA_1017,ntLink_6,6355498,6356615,+,1118
lncRNA_1019,ntLink_6,6373122,6381838,+,8717
lncRNA_1020,ntLink_6,6374115,6381752,+,7638
lncRNA_1021,ntLink_6,6374843,6381838,+,6996
lncRNA_1022,ntLink_6,6375717,6379227,+,3511
lncRNA_1025,ntLink_6,6399229,6400527,+,1299
lncRNA_1026,ntLink_6,6402181,6411729,+,9549
lncRNA_1028,ntLink_6,6402323,6411729,+,9407
lncRNA_1029,ntLink_6,6406961,6414629,+,7669
lncRNA_1030,ntLink_6,6552735,6559778,+,7044
lncRNA_1032,ntLink_6,6570369,6572727,+,2359
lncRNA_1033,ntLink_6,6571088,6572727,+,1640
lncRNA_1034,ntLink_6,6571114,6572727,+,1614
lncRNA_1035,ntLink_6,6631916,6634453,+,2538
lncRNA_1038,ntLink_6,6958392,6961707,+,3316
lncRNA_1039,ntLink_6,6960780,6962826,+,2047
lncRNA_1040,ntLink_6,7063971,7067147,+,3177
lncRNA_1041,ntLink_6,7064021,7067147,+,3127
lncRNA_1042,ntLink_6,7064140,7066997,+,2858
lncRNA_1043,ntLink_6,7064140,7067147,+,3008
lncRNA_1045,ntLink_6,7067218,7068799,+,1582
lncRNA_1046,ntLink_6,7167827,7172506,+,4680
lncRNA_1047,ntLink_6,7245300,7246760,+,1461
lncRNA_1048,ntLink_6,7294148,7303965,+,9818
lncRNA_1049,ntLink_6,7295559,7305612,+,10054
lncRNA_1050,ntLink_6,7295627,7303965,+,8339
lncRNA_1051,ntLink_6,7377471,7397878,+,20408
lncRNA_1052,ntLink_6,7377527,7386471,+,8945
lncRNA_1053,ntLink_6,7377532,7382961,+,5430
lncRNA_1054,ntLink_6,7377547,7380454,+,2908
lncRNA_1055,ntLink_6,7377547,7382961,+,5415
lncRNA_1056,ntLink_6,7442989,7444581,+,1593
lncRNA_1057,ntLink_6,7455851,7459283,+,3433
lncRNA_1058,ntLink_6,7455858,7462442,+,6585
lncRNA_1060,ntLink_6,7534705,7542032,+,7328
lncRNA_1061,ntLink_6,7534820,7546907,+,12088
lncRNA_1062,ntLink_6,7534840,7539049,+,4210
lncRNA_1063,ntLink_6,7534961,7542032,+,7072
lncRNA_1064,ntLink_6,7540919,7542032,+,1114
lncRNA_1065,ntLink_6,7577917,7578311,+,395
lncRNA_1068,ntLink_6,7982814,7985872,+,3059
lncRNA_1070,ntLink_6,8230219,8231218,+,1000
lncRNA_1071,ntLink_6,8242313,8245507,+,3195
lncRNA_1072,ntLink_6,8312064,8319261,+,7198
lncRNA_1073,ntLink_6,8356711,8359365,+,2655
lncRNA_1074,ntLink_6,8374197,8390668,+,16472
lncRNA_1075,ntLink_6,8374410,8376701,+,2292
lncRNA_1076,ntLink_6,8374415,8380454,+,6040
lncRNA_1077,ntLink_6,8374516,8378888,+,4373
lncRNA_1078,ntLink_6,8374519,8378888,+,4370
lncRNA_1079,ntLink_6,8408104,8409154,+,1051
lncRNA_1082,ntLink_6,8526958,8530592,+,3635
lncRNA_1083,ntLink_6,8527942,8530592,+,2651
lncRNA_1084,ntLink_6,8664386,8668540,+,4155
lncRNA_1085,ntLink_6,8664417,8678343,+,13927
lncRNA_1086,ntLink_6,8664420,8673995,+,9576
lncRNA_1087,ntLink_6,8669239,8671856,+,2618
lncRNA_1089,ntLink_6,8797641,8799388,+,1748
lncRNA_1090,ntLink_6,8841577,8842778,+,1202
lncRNA_1091,ntLink_6,8850426,8856014,+,5589
lncRNA_1092,ntLink_6,8850813,8856014,+,5202
lncRNA_1093,ntLink_6,8850889,8851914,+,1026
lncRNA_1094,ntLink_6,8851915,8872384,+,20470
lncRNA_1097,ntLink_6,8885611,8893053,+,7443
lncRNA_1098,ntLink_6,8885858,8892452,+,6595
lncRNA_1099,ntLink_6,8888308,8892134,+,3827
lncRNA_1100,ntLink_6,8890686,8892452,+,1767
lncRNA_1103,ntLink_6,9058888,9061017,+,2130
lncRNA_1104,ntLink_6,9094901,9097170,+,2270
lncRNA_1105,ntLink_6,9108016,9111266,+,3251
lncRNA_1106,ntLink_6,9249633,9255949,+,6317
lncRNA_1108,ntLink_6,9428531,9429744,+,1214
lncRNA_1110,ntLink_6,9652115,9664573,+,12459
lncRNA_1113,ntLink_6,9690139,9692274,+,2136
lncRNA_1114,ntLink_6,9690226,9692274,+,2049
lncRNA_1116,ntLink_6,9761274,9761702,+,429
lncRNA_1117,ntLink_6,9945879,9947519,+,1641
lncRNA_1123,ntLink_6,9985451,9990587,+,5137
lncRNA_1124,ntLink_6,9986047,9990587,+,4541
lncRNA_1125,ntLink_6,9986111,9988895,+,2785
lncRNA_1126,ntLink_6,9986134,9990587,+,4454
lncRNA_1127,ntLink_6,9987318,9990587,+,3270
lncRNA_1129,ntLink_6,10099331,10100010,+,680
lncRNA_1130,ntLink_6,10139172,10142120,+,2949
lncRNA_1131,ntLink_6,10166390,10168943,+,2554
lncRNA_1133,ntLink_6,10242793,10243502,+,710
lncRNA_1134,ntLink_6,10281896,10284364,+,2469
lncRNA_1135,ntLink_6,10281976,10282666,+,691
lncRNA_1136,ntLink_6,10292516,10293365,+,850
lncRNA_1138,ntLink_6,10345814,10348380,+,2567
lncRNA_1146,ntLink_6,10530582,10531117,+,536
lncRNA_1147,ntLink_6,10566076,10570152,+,4077
lncRNA_1148,ntLink_6,10591524,10593860,+,2337
lncRNA_1149,ntLink_6,10649904,10655908,+,6005
lncRNA_1150,ntLink_6,10656244,10659048,+,2805
lncRNA_1152,ntLink_6,10734433,10735889,+,1457
lncRNA_1154,ntLink_6,10802252,10803849,+,1598
lncRNA_1155,ntLink_6,10817233,10822068,+,4836
lncRNA_1156,ntLink_6,10887130,10900634,+,13505
lncRNA_1157,ntLink_6,10887141,10892030,+,4890
lncRNA_1158,ntLink_6,10887166,10899536,+,12371
lncRNA_1159,ntLink_6,10894816,10899089,+,4274
lncRNA_1162,ntLink_6,10972177,10973451,+,1275
lncRNA_1163,ntLink_6,10972198,10973451,+,1254
lncRNA_1164,ntLink_6,11096072,11102160,+,6089
lncRNA_1165,ntLink_6,11198569,11199813,+,1245
lncRNA_1167,ntLink_6,11404268,11406062,+,1795
lncRNA_1168,ntLink_6,11472964,11478393,+,5430
lncRNA_1169,ntLink_6,11531222,11532603,+,1382
lncRNA_1170,ntLink_6,11542162,11545010,+,2849
lncRNA_1171,ntLink_6,11545654,11548374,+,2721
lncRNA_1173,ntLink_6,11559779,11560427,+,649
lncRNA_1176,ntLink_6,11701727,11706482,+,4756
lncRNA_1177,ntLink_6,11733132,11756308,+,23177
lncRNA_1178,ntLink_6,11728442,11752468,+,24027
lncRNA_1180,ntLink_6,11891275,11895467,+,4193
lncRNA_1181,ntLink_6,11910766,11911728,+,963
lncRNA_1182,ntLink_6,11924762,11944391,+,19630
lncRNA_1183,ntLink_6,12094453,12099496,+,5044
lncRNA_1184,ntLink_6,12094454,12100397,+,5944
lncRNA_1188,ntLink_6,12196137,12197041,+,905
lncRNA_1189,ntLink_6,12211216,12215202,+,3987
lncRNA_1190,ntLink_6,12211377,12215202,+,3826
lncRNA_1191,ntLink_6,12211510,12215202,+,3693
lncRNA_1193,ntLink_6,12610747,12612630,+,1884
lncRNA_1194,ntLink_6,12636592,12638522,+,1931
lncRNA_1195,ntLink_6,12701368,12705919,+,4552
lncRNA_1196,ntLink_6,12834707,12855386,+,20680
lncRNA_1198,ntLink_6,12867974,12872034,+,4061
lncRNA_1199,ntLink_6,12867974,12872367,+,4394
lncRNA_1201,ntLink_6,12868286,12871313,+,3028
lncRNA_1202,ntLink_6,12868437,12871495,+,3059
lncRNA_1204,ntLink_6,12872035,12876159,+,4125
lncRNA_1205,ntLink_6,12879045,12885897,+,6853
lncRNA_1206,ntLink_6,13198305,13204111,+,5807
lncRNA_1207,ntLink_6,13198360,13207832,+,9473
lncRNA_1208,ntLink_6,13198796,13207832,+,9037
lncRNA_1209,ntLink_6,13215508,13223058,+,7551
lncRNA_1210,ntLink_6,13232049,13236103,+,4055
lncRNA_1213,ntLink_6,13443288,13444686,+,1399
lncRNA_1218,ntLink_6,13522202,13523087,+,886
lncRNA_1221,ntLink_6,13687100,13694128,+,7029
lncRNA_1222,ntLink_6,13694469,13698652,+,4184
lncRNA_1223,ntLink_6,13695178,13698652,+,3475
lncRNA_1224,ntLink_6,13782330,13783491,+,1162
lncRNA_1227,ntLink_6,13906021,13910459,+,4439
lncRNA_1228,ntLink_6,13988607,13993821,+,5215
lncRNA_1229,ntLink_6,13988881,13990747,+,1867
lncRNA_1230,ntLink_6,13990748,13993033,+,2286
lncRNA_1231,ntLink_6,14019892,14021677,+,1786
lncRNA_1232,ntLink_6,14019911,14021677,+,1767
lncRNA_1233,ntLink_6,14019978,14021677,+,1700
lncRNA_1234,ntLink_6,14019996,14021677,+,1682
lncRNA_1236,ntLink_6,14042134,14044114,+,1981
lncRNA_1239,ntLink_6,14348716,14350733,+,2018
lncRNA_1240,ntLink_6,14348842,14350733,+,1892
lncRNA_1241,ntLink_6,14382404,14384089,+,1686
lncRNA_1242,ntLink_6,14382542,14384089,+,1548
lncRNA_1243,ntLink_6,14448478,14453357,+,4880
lncRNA_1244,ntLink_6,14592406,14603574,+,11169
lncRNA_1245,ntLink_6,14666491,14679140,+,12650
lncRNA_1246,ntLink_6,14818408,14849053,+,30646
lncRNA_1247,ntLink_6,14818418,14848673,+,30256
lncRNA_1248,ntLink_6,14818425,14849053,+,30629
lncRNA_1250,ntLink_6,14885458,14891156,+,5699
lncRNA_1251,ntLink_6,14885574,14927027,+,41454
lncRNA_1252,ntLink_6,14996560,14998401,+,1842
lncRNA_1256,ntLink_6,15133896,15138665,+,4770
lncRNA_1258,ntLink_6,15257098,15272942,+,15845
lncRNA_1259,ntLink_6,15257896,15272942,+,15047
lncRNA_1262,ntLink_6,15257913,15272942,+,15030
lncRNA_1263,ntLink_6,15257923,15272942,+,15020
lncRNA_1264,ntLink_6,15257925,15272942,+,15018
lncRNA_1265,ntLink_6,15257965,15272942,+,14978
lncRNA_1266,ntLink_6,15341516,15345902,+,4387
lncRNA_1267,ntLink_6,15456350,15457565,+,1216
lncRNA_1268,ntLink_6,15576182,15578747,+,2566
lncRNA_1269,ntLink_6,15639241,15640609,+,1369
lncRNA_1270,ntLink_6,15743862,15747282,+,3421
lncRNA_1272,ntLink_6,15938633,15939402,+,770
lncRNA_1273,ntLink_6,16042703,16043541,+,839
lncRNA_1275,ntLink_6,16154681,16157674,+,2994
lncRNA_1276,ntLink_6,16155857,16157674,+,1818
lncRNA_1277,ntLink_6,16215920,16219951,+,4032
lncRNA_1278,ntLink_6,16217167,16219951,+,2785
lncRNA_1279,ntLink_6,16221377,16227606,+,6230
lncRNA_1281,ntLink_6,16303421,16304631,+,1211
lncRNA_1288,ntLink_6,16831347,16839974,+,8628
lncRNA_1289,ntLink_6,16831857,16839974,+,8118
lncRNA_1290,ntLink_6,16811279,16814018,+,2740
lncRNA_1293,ntLink_6,16894231,16898762,+,4532
lncRNA_1294,ntLink_6,16943941,16953316,+,9376
lncRNA_1295,ntLink_6,16944147,16948491,+,4345
lncRNA_1296,ntLink_6,16944307,16952129,+,7823
lncRNA_1297,ntLink_6,16944724,16946827,+,2104
lncRNA_1299,ntLink_6,16969161,16971839,+,2679
lncRNA_1301,ntLink_6,17090622,17091058,+,437
lncRNA_1304,ntLink_6,17128914,17131094,+,2181
lncRNA_1305,ntLink_6,17183062,17186704,+,3643
lncRNA_1306,ntLink_6,17183731,17185208,+,1478
lncRNA_1308,ntLink_6,17271586,17273173,+,1588
lncRNA_1309,ntLink_6,17418627,17419857,+,1231
lncRNA_1313,ntLink_6,17623746,17624341,+,596
lncRNA_1322,ntLink_6,18007501,18010613,+,3113
lncRNA_1323,ntLink_6,18007578,18010613,+,3036
lncRNA_1335,ntLink_6,19489190,19490060,+,871
lncRNA_1336,ntLink_6,19489491,19494838,+,5348
lncRNA_1337,ntLink_6,19490084,19495837,+,5754
lncRNA_1338,ntLink_6,19490747,19494838,+,4092
lncRNA_1339,ntLink_6,19491577,19495837,+,4261
lncRNA_1340,ntLink_6,19497350,19499036,+,1687
lncRNA_1341,ntLink_6,19508684,19513364,+,4681
lncRNA_1343,ntLink_6,19560938,19573449,+,12512
lncRNA_1346,ntLink_6,19589551,19597151,+,7601
lncRNA_1350,ntLink_6,19853310,19855246,+,1937
lncRNA_1351,ntLink_6,19853311,19855246,+,1936
lncRNA_1354,ntLink_6,19879624,19893765,+,14142
lncRNA_1355,ntLink_6,19886934,19889817,+,2884
lncRNA_1357,ntLink_6,20075415,20077013,+,1599
lncRNA_1358,ntLink_6,20103178,20103652,+,475
lncRNA_1359,ntLink_6,20143463,20144939,+,1477
lncRNA_1360,ntLink_6,20262514,20263929,+,1416
lncRNA_1374,ntLink_6,20620011,20628525,+,8515
lncRNA_1379,ntLink_6,20721195,20724972,+,3778
lncRNA_1380,ntLink_6,20721300,20724972,+,3673
lncRNA_1386,ntLink_6,20820818,20856848,+,36031
lncRNA_1414,ntLink_6,21100422,21131096,+,30675
lncRNA_1421,ntLink_6,21196439,21251635,+,55197
lncRNA_1454,ntLink_6,21494022,21519226,+,25205
lncRNA_1471,ntLink_6,21615504,21640789,+,25286
lncRNA_1499,ntLink_6,21963812,21973742,+,9931
lncRNA_1502,ntLink_6,21969296,21979539,+,10244
lncRNA_1506,ntLink_6,21990773,22005844,+,15072
lncRNA_1514,ntLink_6,22580665,22583429,+,2765
lncRNA_1518,ntLink_6,22633082,22634284,+,1203
lncRNA_1520,ntLink_6,22689833,22691758,+,1926
lncRNA_1521,ntLink_6,22690449,22691758,+,1310
lncRNA_1522,ntLink_6,22690513,22691758,+,1246
lncRNA_1524,ntLink_6,22773795,22775746,+,1952
lncRNA_1546,ntLink_6,982120,984750,+,2631
lncRNA_1555,ntLink_6,2369427,2370688,+,1262
lncRNA_1570,ntLink_6,3347423,3349166,+,1744
lncRNA_1571,ntLink_6,3408916,3410694,+,1779
lncRNA_1574,ntLink_6,3459687,3460797,+,1111
lncRNA_1585,ntLink_6,3683096,3683729,+,634
lncRNA_1660,ntLink_6,6550758,6552135,+,1378
lncRNA_1679,ntLink_6,7399056,7400326,+,1271
lncRNA_1682,ntLink_6,7409533,7412048,+,2516
lncRNA_1704,ntLink_6,8510592,8511548,+,957
lncRNA_1710,ntLink_6,8691448,8692429,+,982
lncRNA_1720,ntLink_6,8985996,8987551,+,1556
lncRNA_1724,ntLink_6,9103289,9106776,+,3488
lncRNA_1725,ntLink_6,9116434,9117262,+,829
lncRNA_1727,ntLink_6,9215207,9215646,+,440
lncRNA_1732,ntLink_6,9325459,9326953,+,1495
lncRNA_1743,ntLink_6,9976381,9978102,+,1722
lncRNA_1796,ntLink_6,11376437,11377856,+,1420
lncRNA_1797,ntLink_6,11378501,11380273,+,1773
lncRNA_1814,ntLink_6,12042288,12043027,+,740
lncRNA_1820,ntLink_6,12344913,12346533,+,1621
lncRNA_1822,ntLink_6,12370575,12374216,+,3642
lncRNA_1826,ntLink_6,12664110,12666222,+,2113
lncRNA_1849,ntLink_6,13505737,13506481,+,745
lncRNA_1858,ntLink_6,13785282,13787484,+,2203
lncRNA_1864,ntLink_6,13841701,13845013,+,3313
lncRNA_1876,ntLink_6,14453559,14454757,+,1199
lncRNA_1888,ntLink_6,14765871,14766604,+,734
lncRNA_1894,ntLink_6,14856699,14857006,+,308
lncRNA_1905,ntLink_6,15018374,15019803,+,1430
lncRNA_1928,ntLink_6,15703914,15705021,+,1108
lncRNA_1936,ntLink_6,16025983,16027103,+,1121
lncRNA_1954,ntLink_6,17144190,17144955,+,766
lncRNA_1986,ntLink_6,18341888,18342179,+,292
lncRNA_1999,ntLink_6,18494001,18494295,+,295
lncRNA_2052,ntLink_6,19144844,19146335,+,1492
lncRNA_2058,ntLink_6,19258800,19259872,+,1073
lncRNA_2071,ntLink_6,19322699,19324507,+,1809
lncRNA_2084,ntLink_6,19453782,19454028,+,247
lncRNA_2097,ntLink_6,19582017,19583539,+,1523
lncRNA_2100,ntLink_6,19604364,19605045,+,682
lncRNA_2113,ntLink_6,19712560,19713617,+,1058
lncRNA_2137,ntLink_6,20249243,20251808,+,2566
lncRNA_2147,ntLink_6,20404360,20405052,+,693
lncRNA_2160,ntLink_6,20479486,20480964,+,1479
lncRNA_2166,ntLink_6,20501743,20503254,+,1512
lncRNA_2235,ntLink_6,22468760,22470327,+,1568
lncRNA_2262,ntLink_6,22833205,22834962,+,1758
lncRNA_2313,ntLink_7,63866,69262,+,5397
lncRNA_2314,ntLink_7,63919,69262,+,5344
lncRNA_2326,ntLink_8,61031,62825,+,1795
lncRNA_2327,ntLink_8,77389,78597,+,1209
lncRNA_2328,ntLink_8,235090,246627,+,11538
lncRNA_2329,ntLink_8,235090,261377,+,26288
lncRNA_2330,ntLink_8,235092,239656,+,4565
lncRNA_2331,ntLink_8,235092,245145,+,10054
lncRNA_2334,ntLink_8,290422,292240,+,1819
lncRNA_2335,ntLink_8,325320,334342,+,9023
lncRNA_2336,ntLink_8,325356,334342,+,8987
lncRNA_2337,ntLink_8,325394,334342,+,8949
lncRNA_2338,ntLink_8,325407,334342,+,8936
lncRNA_2339,ntLink_8,325418,334342,+,8925
lncRNA_2340,ntLink_8,325423,334342,+,8920
lncRNA_2341,ntLink_8,325703,334342,+,8640
lncRNA_2342,ntLink_8,328930,334342,+,5413
lncRNA_2343,ntLink_8,92254,93767,+,1514
lncRNA_2348,ntLink_8,151775,174635,+,22861
lncRNA_2349,ntLink_8,248176,270184,+,22009
lncRNA_2356,ntLink_8,461065,464541,+,3477
lncRNA_2357,ntLink_8,433833,435989,+,2157
lncRNA_2359,ntLink_8,480658,482180,+,1523
lncRNA_2360,ntLink_8,486955,488032,+,1078
lncRNA_2362,ntLink_8,591579,594225,+,2647
lncRNA_2364,ntLink_8,591589,594225,+,2637
lncRNA_2365,ntLink_8,630735,634296,+,3562
lncRNA_2366,ntLink_8,631272,634296,+,3025
lncRNA_2367,ntLink_8,639535,643732,+,4198
lncRNA_2374,ntLink_8,937873,939449,+,1577
lncRNA_2375,ntLink_8,957415,958629,+,1215
lncRNA_2381,ntLink_8,1161431,1163358,+,1928
lncRNA_2382,ntLink_8,1161432,1163358,+,1927
lncRNA_2383,ntLink_8,1176925,1178955,+,2031
lncRNA_2388,ntLink_8,1252843,1253151,+,309
lncRNA_2389,ntLink_8,1395982,1408659,+,12678
lncRNA_2390,ntLink_8,1396025,1408659,+,12635
lncRNA_2391,ntLink_8,1396034,1408659,+,12626
lncRNA_2392,ntLink_8,1403124,1408659,+,5536
lncRNA_2394,ntLink_8,1403853,1405644,+,1792
lncRNA_2395,ntLink_8,1403854,1405432,+,1579
lncRNA_2407,ntLink_8,1420000,1433482,+,13483
lncRNA_2410,ntLink_8,1420231,1433482,+,13252
lncRNA_2419,ntLink_8,1709855,1712935,+,3081
lncRNA_2420,ntLink_8,1828541,1830786,+,2246
lncRNA_2421,ntLink_8,1829359,1830786,+,1428
lncRNA_2422,ntLink_8,1829552,1830786,+,1235
lncRNA_2423,ntLink_8,1829561,1830786,+,1226
lncRNA_2425,ntLink_8,1847653,1848169,+,517
lncRNA_2426,ntLink_8,2118541,2123419,+,4879
lncRNA_2427,ntLink_8,2145579,2149015,+,3437
lncRNA_2428,ntLink_8,2145698,2149015,+,3318
lncRNA_2429,ntLink_8,2317040,2320335,+,3296
lncRNA_2430,ntLink_8,2070790,2071684,+,895
lncRNA_2441,ntLink_8,2341431,2344392,+,2962
lncRNA_2442,ntLink_8,2341457,2346783,+,5327
lncRNA_2444,ntLink_8,2830963,2832261,+,1299
lncRNA_2445,ntLink_8,2833558,2834783,+,1226
lncRNA_2446,ntLink_8,2925108,2930859,+,5752
lncRNA_2447,ntLink_8,2929171,2930859,+,1689
lncRNA_2450,ntLink_8,3126970,3130152,+,3183
lncRNA_2451,ntLink_8,3240534,3241271,+,738
lncRNA_2452,ntLink_8,3281782,3282542,+,761
lncRNA_2455,ntLink_8,3381410,3382404,+,995
lncRNA_2457,ntLink_8,2622254,2626508,+,4255
lncRNA_2458,ntLink_8,2664536,2667226,+,2691
lncRNA_2459,ntLink_8,2664563,2667226,+,2664
lncRNA_2461,ntLink_8,2664718,2667226,+,2509
lncRNA_2462,ntLink_8,2761108,2763825,+,2718
lncRNA_2464,ntLink_8,2787662,2792956,+,5295
lncRNA_2465,ntLink_8,2820138,2824431,+,4294
lncRNA_2469,ntLink_8,2859725,2862141,+,2417
lncRNA_2470,ntLink_8,2869517,2870445,+,929
lncRNA_2473,ntLink_8,3180386,3183274,+,2889
lncRNA_2478,ntLink_8,3829675,3840116,+,10442
lncRNA_2480,ntLink_8,3789202,3804933,+,15732
lncRNA_2481,ntLink_8,4086658,4087211,+,554
lncRNA_2485,ntLink_8,4216734,4221865,+,5132
lncRNA_2486,ntLink_8,4521950,4524052,+,2103
lncRNA_2487,ntLink_8,4343405,4346985,+,3581
lncRNA_2490,ntLink_8,4672580,4678058,+,5479
lncRNA_2491,ntLink_8,4711642,4718982,+,7341
lncRNA_2496,ntLink_8,4784325,4801876,+,17552
lncRNA_2497,ntLink_8,4785195,4800586,+,15392
lncRNA_2498,ntLink_8,4786226,4806140,+,19915
lncRNA_2501,ntLink_8,5049989,5055361,+,5373
lncRNA_2503,ntLink_8,5059145,5060859,+,1715
lncRNA_2504,ntLink_8,5182824,5190093,+,7270
lncRNA_2509,ntLink_8,5209391,5209960,+,570
lncRNA_2513,ntLink_8,5448899,5451507,+,2609
lncRNA_2516,ntLink_8,5467020,5471395,+,4376
lncRNA_2517,ntLink_8,5467074,5471395,+,4322
lncRNA_2518,ntLink_8,5467081,5471395,+,4315
lncRNA_2519,ntLink_8,5483788,5485788,+,2001
lncRNA_2520,ntLink_8,5483880,5485788,+,1909
lncRNA_2521,ntLink_8,5484018,5485788,+,1771
lncRNA_2522,ntLink_8,5484037,5485788,+,1752
lncRNA_2523,ntLink_8,5498703,5510965,+,12263
lncRNA_2525,ntLink_8,5505221,5510965,+,5745
lncRNA_2526,ntLink_8,5506230,5510965,+,4736
lncRNA_2527,ntLink_8,5537812,5541224,+,3413
lncRNA_2528,ntLink_8,5603562,5605640,+,2079
lncRNA_2529,ntLink_8,5642773,5644586,+,1814
lncRNA_2530,ntLink_8,5729054,5729903,+,850
lncRNA_2531,ntLink_8,5746361,5748107,+,1747
lncRNA_2532,ntLink_8,5834516,5836052,+,1537
lncRNA_2534,ntLink_8,6110024,6113930,+,3907
lncRNA_2535,ntLink_8,6163721,6164386,+,666
lncRNA_2537,ntLink_8,6463117,6465560,+,2444
lncRNA_2538,ntLink_8,6463203,6465560,+,2358
lncRNA_2539,ntLink_8,6585216,6590602,+,5387
lncRNA_2540,ntLink_8,6585563,6590602,+,5040
lncRNA_2543,ntLink_8,7168926,7170358,+,1433
lncRNA_2550,ntLink_8,7356966,7364554,+,7589
lncRNA_2553,ntLink_8,7390572,7391754,+,1183
lncRNA_2554,ntLink_8,7396361,7403037,+,6677
lncRNA_2562,ntLink_8,7404287,7406178,+,1892
lncRNA_2564,ntLink_8,7527603,7530180,+,2578
lncRNA_2565,ntLink_8,7527750,7530180,+,2431
lncRNA_2568,ntLink_8,7619646,7622345,+,2700
lncRNA_2573,ntLink_8,7742948,7746791,+,3844
lncRNA_2574,ntLink_8,7742997,7746791,+,3795
lncRNA_2576,ntLink_8,8021118,8023959,+,2842
lncRNA_2577,ntLink_8,8275105,8277781,+,2677
lncRNA_2580,ntLink_8,8506875,8511972,+,5098
lncRNA_2584,ntLink_8,8661934,8664324,+,2391
lncRNA_2585,ntLink_8,8662291,8664976,+,2686
lncRNA_2586,ntLink_8,8662430,8664976,+,2547
lncRNA_2587,ntLink_8,8662526,8664324,+,1799
lncRNA_2588,ntLink_8,8662587,8664324,+,1738
lncRNA_2600,ntLink_8,8750258,8754980,+,4723
lncRNA_2606,ntLink_8,9123569,9125445,+,1877
lncRNA_2610,ntLink_8,9164002,9169823,+,5822
lncRNA_2611,ntLink_8,9339388,9340872,+,1485
lncRNA_2622,ntLink_8,9936030,9937277,+,1248
lncRNA_2624,ntLink_8,10032552,10034756,+,2205
lncRNA_2625,ntLink_8,10042002,10043845,+,1844
lncRNA_2626,ntLink_8,10042211,10043845,+,1635
lncRNA_2627,ntLink_8,10057703,10059263,+,1561
lncRNA_2664,ntLink_8,11540966,11543064,+,2099
lncRNA_2667,ntLink_8,11629683,11631617,+,1935
lncRNA_2674,ntLink_8,11734789,11739322,+,4534
lncRNA_2675,ntLink_8,11734877,11739322,+,4446
lncRNA_2682,ntLink_8,11951822,12024702,+,72881
lncRNA_2683,ntLink_8,11951824,12024702,+,72879
lncRNA_2684,ntLink_8,11951836,12026030,+,74195
lncRNA_2687,ntLink_8,12114218,12142296,+,28079
lncRNA_2688,ntLink_8,12114232,12147160,+,32929
lncRNA_2691,ntLink_8,12305531,12310969,+,5439
lncRNA_2692,ntLink_8,12307143,12322349,+,15207
lncRNA_2698,ntLink_8,12562969,12571730,+,8762
lncRNA_2701,ntLink_8,12667897,12669926,+,2030
lncRNA_2702,ntLink_8,12687652,12689159,+,1508
lncRNA_2704,ntLink_8,12994695,13002642,+,7948
lncRNA_2705,ntLink_8,12999306,13002642,+,3337
lncRNA_2715,ntLink_8,14072786,14074943,+,2158
lncRNA_2719,ntLink_8,14451183,14479048,+,27866
lncRNA_2720,ntLink_8,14492269,14502805,+,10537
lncRNA_2721,ntLink_8,14492675,14502805,+,10131
lncRNA_2722,ntLink_8,14498309,14504550,+,6242
lncRNA_2725,ntLink_8,14498630,14505856,+,7227
lncRNA_2726,ntLink_8,14498635,14505856,+,7222
lncRNA_2727,ntLink_8,14504914,14516090,+,11177
lncRNA_2728,ntLink_8,14508346,14515810,+,7465
lncRNA_2729,ntLink_8,14524955,14540838,+,15884
lncRNA_2740,ntLink_8,14529027,14547682,+,18656
lncRNA_2742,ntLink_8,14529157,14547682,+,18526
lncRNA_2746,ntLink_8,14531805,14550640,+,18836
lncRNA_2747,ntLink_8,14532370,14547472,+,15103
lncRNA_2750,ntLink_8,14535180,14547472,+,12293
lncRNA_2751,ntLink_8,14535220,14547251,+,12032
lncRNA_2752,ntLink_8,14535226,14547472,+,12247
lncRNA_2753,ntLink_8,14535235,14547472,+,12238
lncRNA_2757,ntLink_8,14535823,14547682,+,11860
lncRNA_2759,ntLink_8,14535849,14547472,+,11624
lncRNA_2760,ntLink_8,14538947,14547472,+,8526
lncRNA_2761,ntLink_8,14539127,14547472,+,8346
lncRNA_2763,ntLink_8,14539139,14547472,+,8334
lncRNA_2764,ntLink_8,14539148,14547472,+,8325
lncRNA_2765,ntLink_8,14539152,14547068,+,7917
lncRNA_2767,ntLink_8,14542386,14550640,+,8255
lncRNA_2768,ntLink_8,14562580,14589105,+,26526
lncRNA_2770,ntLink_8,14614015,14620033,+,6019
lncRNA_2771,ntLink_8,14711050,14712975,+,1926
lncRNA_2772,ntLink_8,14774401,14793980,+,19580
lncRNA_2774,ntLink_8,14837496,14853583,+,16088
lncRNA_2775,ntLink_8,14837645,14853583,+,15939
lncRNA_2776,ntLink_8,14837679,14853583,+,15905
lncRNA_2777,ntLink_8,14838324,14853583,+,15260
lncRNA_2778,ntLink_8,14838332,14853583,+,15252
lncRNA_2781,ntLink_8,14903936,14934971,+,31036
lncRNA_2782,ntLink_8,14909016,14934971,+,25956
lncRNA_2783,ntLink_8,14970801,14975384,+,4584
lncRNA_2785,ntLink_8,14984736,14984967,+,232
lncRNA_2788,ntLink_8,15153172,15154526,+,1355
lncRNA_2791,ntLink_8,15317367,15322007,+,4641
lncRNA_2797,ntLink_8,15395376,15405083,+,9708
lncRNA_2798,ntLink_8,15395392,15404305,+,8914
lncRNA_2807,ntLink_8,15907075,15910656,+,3582
lncRNA_2808,ntLink_8,15907798,15910656,+,2859
lncRNA_2809,ntLink_8,15921790,15922975,+,1186
lncRNA_2810,ntLink_8,15921799,15922975,+,1177
lncRNA_2811,ntLink_8,16062308,16066811,+,4504
lncRNA_2812,ntLink_8,16092398,16094259,+,1862
lncRNA_2813,ntLink_8,16092543,16094259,+,1717
lncRNA_2814,ntLink_8,16247606,16259762,+,12157
lncRNA_2815,ntLink_8,16211644,16225866,+,14223
lncRNA_2817,ntLink_8,16268667,16272047,+,3381
lncRNA_2818,ntLink_8,16271327,16272047,+,721
lncRNA_2821,ntLink_8,16324736,16392522,+,67787
lncRNA_2822,ntLink_8,16324780,16378853,+,54074
lncRNA_2823,ntLink_8,16325391,16358408,+,33018
lncRNA_2824,ntLink_8,16551204,16556825,+,5622
lncRNA_2825,ntLink_8,16564130,16564772,+,643
lncRNA_2826,ntLink_8,16721611,16732629,+,11019
lncRNA_2827,ntLink_8,16784511,16813430,+,28920
lncRNA_2828,ntLink_8,16812765,16842748,+,29984
lncRNA_2833,ntLink_8,16882964,16885192,+,2229
lncRNA_2835,ntLink_8,16808175,16825396,+,17222
lncRNA_2836,ntLink_8,16822906,16834253,+,11348
lncRNA_2837,ntLink_8,16822911,16839079,+,16169
lncRNA_2841,ntLink_8,17065271,17067422,+,2152
lncRNA_2842,ntLink_8,17070876,17076513,+,5638
lncRNA_2843,ntLink_8,17072298,17102982,+,30685
lncRNA_2844,ntLink_8,17073984,17104135,+,30152
lncRNA_2846,ntLink_8,17174879,17221137,+,46259
lncRNA_2847,ntLink_8,17175539,17221680,+,46142
lncRNA_2848,ntLink_8,17359047,17363535,+,4489
lncRNA_2851,ntLink_8,17416987,17418623,+,1637
lncRNA_2856,ntLink_8,17572235,17578300,+,6066
lncRNA_2857,ntLink_8,17816334,17838505,+,22172
lncRNA_2859,ntLink_8,18103353,18105312,+,1960
lncRNA_2861,ntLink_8,18194771,18197563,+,2793
lncRNA_2862,ntLink_8,18247248,18302103,+,54856
lncRNA_2863,ntLink_8,18289608,18302103,+,12496
lncRNA_2864,ntLink_8,18292272,18344653,+,52382
lncRNA_2865,ntLink_8,18292504,18302103,+,9600
lncRNA_2866,ntLink_8,18313629,18344653,+,31025
lncRNA_2867,ntLink_8,18321323,18344653,+,23331
lncRNA_2869,ntLink_8,18327912,18344653,+,16742
lncRNA_2870,ntLink_8,18328839,18344653,+,15815
lncRNA_2872,ntLink_8,18419969,18421994,+,2026
lncRNA_2875,ntLink_8,18567460,18571166,+,3707
lncRNA_2876,ntLink_8,18567864,18571166,+,3303
lncRNA_2878,ntLink_8,18608213,18611146,+,2934
lncRNA_2880,ntLink_8,18992225,18995531,+,3307
lncRNA_2881,ntLink_8,18983303,18985571,+,2269
lncRNA_2883,ntLink_8,19082052,19083161,+,1110
lncRNA_2884,ntLink_8,19099417,19103176,+,3760
lncRNA_2889,ntLink_8,19169101,19171278,+,2178
lncRNA_2890,ntLink_8,19227572,19229039,+,1468
lncRNA_2891,ntLink_8,19303627,19311689,+,8063
lncRNA_2892,ntLink_8,19303627,19312052,+,8426
lncRNA_2894,ntLink_8,19405637,19415642,+,10006
lncRNA_2895,ntLink_8,19426043,19482453,+,56411
lncRNA_2896,ntLink_8,19426051,19435070,+,9020
lncRNA_2897,ntLink_8,19426776,19435070,+,8295
lncRNA_2899,ntLink_8,19446234,19472902,+,26669
lncRNA_2900,ntLink_8,19456404,19472060,+,15657
lncRNA_2901,ntLink_8,19458328,19472060,+,13733
lncRNA_2903,ntLink_8,19470388,19479062,+,8675
lncRNA_2904,ntLink_8,19573606,19577013,+,3408
lncRNA_2905,ntLink_8,19573612,19577013,+,3402
lncRNA_2906,ntLink_8,19623387,19629164,+,5778
lncRNA_2907,ntLink_8,19680510,19682797,+,2288
lncRNA_2908,ntLink_8,19660971,19664387,+,3417
lncRNA_2910,ntLink_8,19706986,19710366,+,3381
lncRNA_2911,ntLink_8,19775931,19780356,+,4426
lncRNA_2912,ntLink_8,19784833,19787631,+,2799
lncRNA_2913,ntLink_8,19784836,19787631,+,2796
lncRNA_2916,ntLink_8,19958470,19960226,+,1757
lncRNA_2924,ntLink_8,20095485,20099561,+,4077
lncRNA_2925,ntLink_8,20096327,20099561,+,3235
lncRNA_2928,ntLink_8,20127815,20133425,+,5611
lncRNA_2942,ntLink_8,20288077,20296175,+,8099
lncRNA_2943,ntLink_8,20288303,20291971,+,3669
lncRNA_2946,ntLink_8,20294798,20357684,+,62887
lncRNA_2948,ntLink_8,20296185,20363661,+,67477
lncRNA_2949,ntLink_8,20308627,20363661,+,55035
lncRNA_2950,ntLink_8,20300448,20311647,+,11200
lncRNA_2951,ntLink_8,20300555,20365191,+,64637
lncRNA_2956,ntLink_8,20419460,20420350,+,891
lncRNA_2957,ntLink_8,20465132,20471338,+,6207
lncRNA_2960,ntLink_8,20514647,20558119,+,43473
lncRNA_2962,ntLink_8,20620003,20629672,+,9670
lncRNA_2963,ntLink_8,20651379,20653180,+,1802
lncRNA_2964,ntLink_8,20667473,20674485,+,7013
lncRNA_2965,ntLink_8,20725617,20737966,+,12350
lncRNA_2966,ntLink_8,20725619,20737966,+,12348
lncRNA_2967,ntLink_8,20726118,20737966,+,11849
lncRNA_2968,ntLink_8,20726743,20737966,+,11224
lncRNA_2969,ntLink_8,20779471,20783128,+,3658
lncRNA_2970,ntLink_8,20786347,20786833,+,487
lncRNA_2971,ntLink_8,20786952,20787918,+,967
lncRNA_2976,ntLink_8,20981954,20984572,+,2619
lncRNA_2977,ntLink_8,21011839,21017742,+,5904
lncRNA_2978,ntLink_8,21014518,21028613,+,14096
lncRNA_2979,ntLink_8,21014533,21028613,+,14081
lncRNA_2980,ntLink_8,21029880,21037667,+,7788
lncRNA_2982,ntLink_8,21032514,21041151,+,8638
lncRNA_2983,ntLink_8,21087470,21092356,+,4887
lncRNA_2984,ntLink_8,21087624,21093124,+,5501
lncRNA_2985,ntLink_8,21140865,21154986,+,14122
lncRNA_2986,ntLink_8,21151484,21184234,+,32751
lncRNA_2988,ntLink_8,21169799,21184234,+,14436
lncRNA_2989,ntLink_8,21109318,21110204,+,887
lncRNA_2991,ntLink_8,21232181,21238523,+,6343
lncRNA_2992,ntLink_8,21232181,21239628,+,7448
lncRNA_2993,ntLink_8,21232208,21238523,+,6316
lncRNA_2995,ntLink_8,21235281,21238523,+,3243
lncRNA_2996,ntLink_8,21235791,21238523,+,2733
lncRNA_2997,ntLink_8,21236060,21238523,+,2464
lncRNA_2998,ntLink_8,21244281,21247345,+,3065
lncRNA_3000,ntLink_8,21332256,21338590,+,6335
lncRNA_3001,ntLink_8,21332599,21335044,+,2446
lncRNA_3002,ntLink_8,21353806,21358956,+,5151
lncRNA_3003,ntLink_8,21372878,21375045,+,2168
lncRNA_3004,ntLink_8,21429413,21433735,+,4323
lncRNA_3005,ntLink_8,21515929,21521794,+,5866
lncRNA_3006,ntLink_8,21527293,21528706,+,1414
lncRNA_3008,ntLink_8,21630578,21633097,+,2520
lncRNA_3011,ntLink_8,21766879,21769328,+,2450
lncRNA_3012,ntLink_8,21777352,21779725,+,2374
lncRNA_3013,ntLink_8,21777378,21779725,+,2348
lncRNA_3014,ntLink_8,21813545,21859532,+,45988
lncRNA_3015,ntLink_8,21813998,21840250,+,26253
lncRNA_3016,ntLink_8,21821975,21840250,+,18276
lncRNA_3017,ntLink_8,21823751,21841596,+,17846
lncRNA_3019,ntLink_8,21856251,21858190,+,1940
lncRNA_3020,ntLink_8,21856656,21859532,+,2877
lncRNA_3022,ntLink_8,21863315,21864561,+,1247
lncRNA_3023,ntLink_8,21900448,21903719,+,3272
lncRNA_3025,ntLink_8,21971571,21972091,+,521
lncRNA_3026,ntLink_8,21972542,21976123,+,3582
lncRNA_3027,ntLink_8,21972848,21976123,+,3276
lncRNA_3028,ntLink_8,22115888,22119285,+,3398
lncRNA_3029,ntLink_8,22216209,22218541,+,2333
lncRNA_3031,ntLink_8,22278858,22280324,+,1467
lncRNA_3035,ntLink_8,22315083,22318766,+,3684
lncRNA_3037,ntLink_8,22358282,22385338,+,27057
lncRNA_3047,ntLink_8,22400147,22401841,+,1695
lncRNA_3048,ntLink_8,22467789,22475411,+,7623
lncRNA_3051,ntLink_8,22566433,22569532,+,3100
lncRNA_3052,ntLink_8,22614070,22621436,+,7367
lncRNA_3053,ntLink_8,22614374,22621436,+,7063
lncRNA_3055,ntLink_8,22615328,22621436,+,6109
lncRNA_3056,ntLink_8,22618167,22621436,+,3270
lncRNA_3058,ntLink_8,22661380,22665206,+,3827
lncRNA_3059,ntLink_8,22662300,22665206,+,2907
lncRNA_3060,ntLink_8,22662801,22665206,+,2406
lncRNA_3061,ntLink_8,22670730,22675038,+,4309
lncRNA_3064,ntLink_8,22692017,22746822,+,54806
lncRNA_3065,ntLink_8,22700462,22746822,+,46361
lncRNA_3066,ntLink_8,22703000,22707807,+,4808
lncRNA_3067,ntLink_8,22704894,22707957,+,3064
lncRNA_3068,ntLink_8,22705447,22707807,+,2361
lncRNA_3069,ntLink_8,22875784,22877456,+,1673
lncRNA_3070,ntLink_8,22902038,22906059,+,4022
lncRNA_3071,ntLink_8,22609912,22613835,+,3924
lncRNA_3072,ntLink_8,22610015,22613835,+,3821
lncRNA_3073,ntLink_8,22610036,22613835,+,3800
lncRNA_3077,ntLink_8,22949619,22952014,+,2396
lncRNA_3078,ntLink_8,22973163,22974479,+,1317
lncRNA_3081,ntLink_8,23024815,23027507,+,2693
lncRNA_3082,ntLink_8,23118809,23122453,+,3645
lncRNA_3083,ntLink_8,23177919,23178901,+,983
lncRNA_3084,ntLink_8,23258250,23260966,+,2717
lncRNA_3085,ntLink_8,23259124,23260966,+,1843
lncRNA_3086,ntLink_8,23259381,23260966,+,1586
lncRNA_3087,ntLink_8,23259391,23260966,+,1576
lncRNA_3088,ntLink_8,23259396,23260966,+,1571
lncRNA_3090,ntLink_8,23259403,23260966,+,1564
lncRNA_3091,ntLink_8,23298199,23299709,+,1511
lncRNA_3092,ntLink_8,23352284,23352773,+,490
lncRNA_3093,ntLink_8,23362344,23364168,+,1825
lncRNA_3101,ntLink_8,23437016,23443818,+,6803
lncRNA_3104,ntLink_8,23523863,23525832,+,1970
lncRNA_3105,ntLink_8,23556402,23558012,+,1611
lncRNA_3107,ntLink_8,23654939,23655312,+,374
lncRNA_3110,ntLink_8,23856840,23858013,+,1174
lncRNA_3111,ntLink_8,23906415,23912889,+,6475
lncRNA_3112,ntLink_8,23929479,23939839,+,10361
lncRNA_3113,ntLink_8,23932004,23933381,+,1378
lncRNA_3115,ntLink_8,23981748,24000576,+,18829
lncRNA_3116,ntLink_8,24071835,24074159,+,2325
lncRNA_3117,ntLink_8,24096951,24098519,+,1569
lncRNA_3118,ntLink_8,24098656,24103688,+,5033
lncRNA_3120,ntLink_8,24102285,24109756,+,7472
lncRNA_3121,ntLink_8,24102341,24109756,+,7416
lncRNA_3122,ntLink_8,24116933,24126294,+,9362
lncRNA_3126,ntLink_8,24116934,24126294,+,9361
lncRNA_3128,ntLink_8,24116936,24126294,+,9359
lncRNA_3129,ntLink_8,24116941,24126294,+,9354
lncRNA_3130,ntLink_8,24116943,24126294,+,9352
lncRNA_3131,ntLink_8,24116945,24126294,+,9350
lncRNA_3132,ntLink_8,24116948,24126294,+,9347
lncRNA_3133,ntLink_8,24116959,24126294,+,9336
lncRNA_3134,ntLink_8,24116965,24126294,+,9330
lncRNA_3135,ntLink_8,24119192,24126294,+,7103
lncRNA_3136,ntLink_8,24119740,24126294,+,6555
lncRNA_3137,ntLink_8,24135664,24139246,+,3583
lncRNA_3138,ntLink_8,24135684,24139246,+,3563
lncRNA_3143,ntLink_8,24163270,24172500,+,9231
lncRNA_3144,ntLink_8,24163273,24171163,+,7891
lncRNA_3145,ntLink_8,24163273,24172500,+,9228
lncRNA_3148,ntLink_8,24163314,24172500,+,9187
lncRNA_3157,ntLink_8,24301663,24302133,+,471
lncRNA_3158,ntLink_8,24336215,24339385,+,3171
lncRNA_3159,ntLink_8,24336224,24339385,+,3162
lncRNA_3160,ntLink_8,24420107,24421648,+,1542
lncRNA_3161,ntLink_8,24478423,24479810,+,1388
lncRNA_3162,ntLink_8,24500581,24501578,+,998
lncRNA_3163,ntLink_8,24519229,24532293,+,13065
lncRNA_3164,ntLink_8,24519252,24531478,+,12227
lncRNA_3171,ntLink_8,24590433,24592349,+,1917
lncRNA_3173,ntLink_8,24713078,24715232,+,2155
lncRNA_3174,ntLink_8,24743234,24745556,+,2323
lncRNA_3175,ntLink_8,24752911,24756188,+,3278
lncRNA_3176,ntLink_8,24817244,24819042,+,1799
lncRNA_3177,ntLink_8,25001494,25005139,+,3646
lncRNA_3178,ntLink_8,25039816,25041070,+,1255
lncRNA_3179,ntLink_8,25095530,25111292,+,15763
lncRNA_3180,ntLink_8,25198263,25198855,+,593
lncRNA_3181,ntLink_8,25174936,25177341,+,2406
lncRNA_3182,ntLink_8,25239893,25242775,+,2883
lncRNA_3184,ntLink_8,25310778,25311323,+,546
lncRNA_3188,ntLink_8,25356707,25358797,+,2091
lncRNA_3190,ntLink_8,25616768,25619289,+,2522
lncRNA_3191,ntLink_8,25597715,25599860,+,2146
lncRNA_3192,ntLink_8,25634242,25637333,+,3092
lncRNA_3193,ntLink_8,25726292,25727510,+,1219
lncRNA_3194,ntLink_8,25970446,25971565,+,1120
lncRNA_3195,ntLink_8,26000920,26016071,+,15152
lncRNA_3196,ntLink_8,26000921,26015777,+,14857
lncRNA_3197,ntLink_8,26015092,26016071,+,980
lncRNA_3198,ntLink_8,26015172,26015777,+,606
lncRNA_3199,ntLink_8,26168640,26194742,+,26103
lncRNA_3200,ntLink_8,26170845,26197388,+,26544
lncRNA_3202,ntLink_8,26182741,26189402,+,6662
lncRNA_3203,ntLink_8,26185506,26189402,+,3897
lncRNA_3206,ntLink_8,26232287,26233839,+,1553
lncRNA_3207,ntLink_8,26294171,26306729,+,12559
lncRNA_3209,ntLink_8,26333958,26338496,+,4539
lncRNA_3210,ntLink_8,26409593,26411696,+,2104
lncRNA_3211,ntLink_8,26409612,26411519,+,1908
lncRNA_3212,ntLink_8,26409638,26411519,+,1882
lncRNA_3214,ntLink_8,26535398,26539974,+,4577
lncRNA_3216,ntLink_8,26627254,26634911,+,7658
lncRNA_3217,ntLink_8,26854749,26856338,+,1590
lncRNA_3218,ntLink_8,26855566,26856338,+,773
lncRNA_3219,ntLink_8,26865374,26867110,+,1737
lncRNA_3220,ntLink_8,26908961,26911986,+,3026
lncRNA_3221,ntLink_8,26913179,26914406,+,1228
lncRNA_3222,ntLink_8,26988656,26989466,+,811
lncRNA_3223,ntLink_8,26995455,27000317,+,4863
lncRNA_3224,ntLink_8,26997182,26998616,+,1435
lncRNA_3226,ntLink_8,27248649,27250193,+,1545
lncRNA_3227,ntLink_8,27249181,27250193,+,1013
lncRNA_3229,ntLink_8,27281018,27297430,+,16413
lncRNA_3231,ntLink_8,27389053,27413794,+,24742
lncRNA_3233,ntLink_8,27407757,27414272,+,6516
lncRNA_3243,ntLink_8,27786923,27791190,+,4268
lncRNA_3247,ntLink_8,27891684,27899215,+,7532
lncRNA_3248,ntLink_8,27898917,27908489,+,9573
lncRNA_3249,ntLink_8,27920808,27924076,+,3269
lncRNA_3250,ntLink_8,27920887,27924076,+,3190
lncRNA_3251,ntLink_8,27931746,27934315,+,2570
lncRNA_3252,ntLink_8,27981951,27987424,+,5474
lncRNA_3254,ntLink_8,27993130,28000911,+,7782
lncRNA_3256,ntLink_8,28245987,28247601,+,1615
lncRNA_3264,ntLink_8,28444047,28445449,+,1403
lncRNA_3267,ntLink_8,28476883,28477917,+,1035
lncRNA_3269,ntLink_8,28898631,28901907,+,3277
lncRNA_3270,ntLink_8,28904186,28918650,+,14465
lncRNA_3272,ntLink_8,28909474,28918650,+,9177
lncRNA_3276,ntLink_8,29106454,29108823,+,2370
lncRNA_3277,ntLink_8,29106460,29108823,+,2364
lncRNA_3278,ntLink_8,29106466,29108823,+,2358
lncRNA_3280,ntLink_8,29180664,29221602,+,40939
lncRNA_3281,ntLink_8,29180768,29187536,+,6769
lncRNA_3283,ntLink_8,29230946,29240007,+,9062
lncRNA_3284,ntLink_8,29235822,29240007,+,4186
lncRNA_3286,ntLink_8,29270733,29349527,+,78795
lncRNA_3287,ntLink_8,29271785,29351485,+,79701
lncRNA_3290,ntLink_8,29458290,29460337,+,2048
lncRNA_3291,ntLink_8,29583397,29584668,+,1272
lncRNA_3295,ntLink_8,29758710,29763519,+,4810
lncRNA_3296,ntLink_8,29758810,29763519,+,4710
lncRNA_3298,ntLink_8,29758812,29763519,+,4708
lncRNA_3299,ntLink_8,29758826,29763519,+,4694
lncRNA_3300,ntLink_8,29758836,29763519,+,4684
lncRNA_3302,ntLink_8,29758838,29763519,+,4682
lncRNA_3309,ntLink_8,29904088,29907625,+,3538
lncRNA_3310,ntLink_8,29904090,29907625,+,3536
lncRNA_3312,ntLink_8,29904098,29907625,+,3528
lncRNA_3314,ntLink_8,29904100,29907625,+,3526
lncRNA_3319,ntLink_8,30094890,30099664,+,4775
lncRNA_3321,ntLink_8,30206350,30209209,+,2860
lncRNA_3322,ntLink_8,30206472,30209209,+,2738
lncRNA_3323,ntLink_8,30206489,30209209,+,2721
lncRNA_3324,ntLink_8,30206778,30209209,+,2432
lncRNA_3325,ntLink_8,30291014,30292095,+,1082
lncRNA_3326,ntLink_8,30316420,30318511,+,2092
lncRNA_3332,ntLink_8,30656410,30687184,+,30775
lncRNA_3333,ntLink_8,30667569,30670341,+,2773
lncRNA_3334,ntLink_8,30690025,30705739,+,15715
lncRNA_3335,ntLink_8,30699006,30703340,+,4335
lncRNA_3337,ntLink_8,30729849,30741950,+,12102
lncRNA_3339,ntLink_8,30783479,30789818,+,6340
lncRNA_3340,ntLink_8,30785335,30789818,+,4484
lncRNA_3341,ntLink_8,30805985,30813263,+,7279
lncRNA_3342,ntLink_8,30806096,30819003,+,12908
lncRNA_3343,ntLink_8,30806283,30819003,+,12721
lncRNA_3344,ntLink_8,30806382,30819003,+,12622
lncRNA_3345,ntLink_8,30806384,30813263,+,6880
lncRNA_3347,ntLink_8,30819277,30824429,+,5153
lncRNA_3348,ntLink_8,30820599,30824429,+,3831
lncRNA_3350,ntLink_8,30889208,30910222,+,21015
lncRNA_3351,ntLink_8,30889208,30964409,+,75202
lncRNA_3352,ntLink_8,30889231,30945467,+,56237
lncRNA_3353,ntLink_8,30945186,30964409,+,19224
lncRNA_3354,ntLink_8,30997541,30999199,+,1659
lncRNA_3355,ntLink_8,31001370,31034625,+,33256
lncRNA_3356,ntLink_8,31001424,31007792,+,6369
lncRNA_3357,ntLink_8,31001826,31013568,+,11743
lncRNA_3358,ntLink_8,31136185,31140870,+,4686
lncRNA_3359,ntLink_8,31139200,31140870,+,1671
lncRNA_3360,ntLink_8,31274141,31275147,+,1007
lncRNA_3361,ntLink_8,31274494,31275147,+,654
lncRNA_3362,ntLink_8,31349653,31352840,+,3188
lncRNA_3363,ntLink_8,31590917,31595730,+,4814
lncRNA_3364,ntLink_8,31624889,31628425,+,3537
lncRNA_3366,ntLink_8,31798738,31820661,+,21924
lncRNA_3367,ntLink_8,31804285,31810027,+,5743
lncRNA_3368,ntLink_8,31804644,31820179,+,15536
lncRNA_3369,ntLink_8,31847577,31852342,+,4766
lncRNA_3371,ntLink_8,31879425,31883928,+,4504
lncRNA_3372,ntLink_8,31879463,31883928,+,4466
lncRNA_3373,ntLink_8,32001891,32003814,+,1924
lncRNA_3374,ntLink_8,32002044,32003814,+,1771
lncRNA_3375,ntLink_8,32006048,32009203,+,3156
lncRNA_3377,ntLink_8,32110781,32111560,+,780
lncRNA_3378,ntLink_8,32257203,32260618,+,3416
lncRNA_3379,ntLink_8,32257233,32260618,+,3386
lncRNA_3381,ntLink_8,32334650,32336137,+,1488
lncRNA_3382,ntLink_8,32423396,32426071,+,2676
lncRNA_3383,ntLink_8,32423396,32432734,+,9339
lncRNA_3384,ntLink_8,32423428,32432734,+,9307
lncRNA_3385,ntLink_8,32423473,32426071,+,2599
lncRNA_3390,ntLink_8,32636746,32645038,+,8293
lncRNA_3391,ntLink_8,32640602,32645038,+,4437
lncRNA_3392,ntLink_8,32640625,32644064,+,3440
lncRNA_3393,ntLink_8,32640651,32645038,+,4388
lncRNA_3396,ntLink_8,33114656,33117273,+,2618
lncRNA_3397,ntLink_8,33130775,33132617,+,1843
lncRNA_3400,ntLink_8,33209864,33210948,+,1085
lncRNA_3401,ntLink_8,33254731,33256238,+,1508
lncRNA_3402,ntLink_8,33295051,33296008,+,958
lncRNA_3416,ntLink_8,33470079,33470647,+,569
lncRNA_3417,ntLink_8,33507501,33508685,+,1185
lncRNA_3418,ntLink_8,33566504,33571479,+,4976
lncRNA_3420,ntLink_8,33606883,33607850,+,968
lncRNA_3425,ntLink_8,33717051,33723673,+,6623
lncRNA_3426,ntLink_8,33717430,33723673,+,6244
lncRNA_3428,ntLink_8,33781572,33801077,+,19506
lncRNA_3429,ntLink_8,33799614,33817813,+,18200
lncRNA_3430,ntLink_8,33799677,33835367,+,35691
lncRNA_3431,ntLink_8,33885785,33886820,+,1036
lncRNA_3432,ntLink_8,33889420,33890798,+,1379
lncRNA_3434,ntLink_8,33915883,33920330,+,4448
lncRNA_3435,ntLink_8,33927232,33936142,+,8911
lncRNA_3437,ntLink_8,34004528,34005721,+,1194
lncRNA_3438,ntLink_8,34028254,34029707,+,1454
lncRNA_3440,ntLink_8,34093893,34095244,+,1352
lncRNA_3441,ntLink_8,34115108,34120173,+,5066
lncRNA_3443,ntLink_8,34170774,34175802,+,5029
lncRNA_3444,ntLink_8,34171708,34175802,+,4095
lncRNA_3445,ntLink_8,34199046,34202984,+,3939
lncRNA_3446,ntLink_8,34209580,34212874,+,3295
lncRNA_3447,ntLink_8,34311329,34313692,+,2364
lncRNA_3448,ntLink_8,34368900,34378623,+,9724
lncRNA_3451,ntLink_8,34438680,34450783,+,12104
lncRNA_3452,ntLink_8,34441941,34452197,+,10257
lncRNA_3453,ntLink_8,34442191,34452197,+,10007
lncRNA_3469,ntLink_8,35460505,35464031,+,3527
lncRNA_3470,ntLink_8,35461281,35464851,+,3571
lncRNA_3473,ntLink_8,35633679,35638490,+,4812
lncRNA_3488,ntLink_8,37029910,37060572,+,30663
lncRNA_3491,ntLink_8,150190,174038,+,23849
lncRNA_3492,ntLink_8,151399,174038,+,22640
lncRNA_3493,ntLink_8,244670,246528,+,1859
lncRNA_3494,ntLink_8,247718,272807,+,25090
lncRNA_3496,ntLink_8,110926,113722,+,2797
lncRNA_3504,ntLink_8,375669,384448,+,8780
lncRNA_3505,ntLink_8,375687,381119,+,5433
lncRNA_3506,ntLink_8,455510,456494,+,985
lncRNA_3507,ntLink_8,448924,449985,+,1062
lncRNA_3508,ntLink_8,481685,486485,+,4801
lncRNA_3509,ntLink_8,641356,647385,+,6030
lncRNA_3511,ntLink_8,698504,721924,+,23421
lncRNA_3514,ntLink_8,698715,721924,+,23210
lncRNA_3515,ntLink_8,698715,722089,+,23375
lncRNA_3516,ntLink_8,699736,721924,+,22189
lncRNA_3517,ntLink_8,701577,711621,+,10045
lncRNA_3518,ntLink_8,702138,721896,+,19759
lncRNA_3519,ntLink_8,702198,721896,+,19699
lncRNA_3520,ntLink_8,702272,721896,+,19625
lncRNA_3521,ntLink_8,743466,753766,+,10301
lncRNA_3522,ntLink_8,744496,753766,+,9271
lncRNA_3523,ntLink_8,744580,753766,+,9187
lncRNA_3524,ntLink_8,763906,785445,+,21540
lncRNA_3525,ntLink_8,764658,785445,+,20788
lncRNA_3526,ntLink_8,764659,784573,+,19915
lncRNA_3527,ntLink_8,764659,785445,+,20787
lncRNA_3528,ntLink_8,849424,853441,+,4018
lncRNA_3529,ntLink_8,945258,947711,+,2454
lncRNA_3537,ntLink_8,1061628,1075563,+,13936
lncRNA_3539,ntLink_8,1121004,1152795,+,31792
lncRNA_3540,ntLink_8,1217886,1225810,+,7925
lncRNA_3548,ntLink_8,1371754,1384613,+,12860
lncRNA_3549,ntLink_8,1373210,1384613,+,11404
lncRNA_3550,ntLink_8,1373289,1384613,+,11325
lncRNA_3552,ntLink_8,1373295,1381756,+,8462
lncRNA_3553,ntLink_8,1373295,1410892,+,37598
lncRNA_3554,ntLink_8,1373300,1384613,+,11314
lncRNA_3556,ntLink_8,1373307,1381099,+,7793
lncRNA_3557,ntLink_8,1373316,1381099,+,7784
lncRNA_3558,ntLink_8,1373339,1415226,+,41888
lncRNA_3560,ntLink_8,1408684,1432099,+,23416
lncRNA_3563,ntLink_8,1428515,1433540,+,5026
lncRNA_3565,ntLink_8,1459573,1460951,+,1379
lncRNA_3566,ntLink_8,1580465,1587834,+,7370
lncRNA_3567,ntLink_8,1632243,1649151,+,16909
lncRNA_3569,ntLink_8,1673691,1679860,+,6170
lncRNA_3570,ntLink_8,1685411,1691507,+,6097
lncRNA_3572,ntLink_8,2051467,2051911,+,445
lncRNA_3578,ntLink_8,2882093,2883639,+,1547
lncRNA_3583,ntLink_8,3182174,3185617,+,3444
lncRNA_3584,ntLink_8,3201854,3202142,+,289
lncRNA_3587,ntLink_8,3493305,3499930,+,6626
lncRNA_3591,ntLink_8,3652652,3654524,+,1873
lncRNA_3594,ntLink_8,3806911,3812542,+,5632
lncRNA_3600,ntLink_8,4006206,4007914,+,1709
lncRNA_3602,ntLink_8,4098281,4107162,+,8882
lncRNA_3603,ntLink_8,4098701,4107162,+,8462
lncRNA_3604,ntLink_8,4098724,4100373,+,1650
lncRNA_3605,ntLink_8,4098728,4107162,+,8435
lncRNA_3606,ntLink_8,4099592,4107162,+,7571
lncRNA_3607,ntLink_8,4290809,4294820,+,4012
lncRNA_3608,ntLink_8,4291240,4294820,+,3581
lncRNA_3614,ntLink_8,4437364,4457641,+,20278
lncRNA_3621,ntLink_8,4515331,4516842,+,1512
lncRNA_3622,ntLink_8,4651625,4653229,+,1605
lncRNA_3623,ntLink_8,4669913,4681360,+,11448
lncRNA_3624,ntLink_8,4671517,4673082,+,1566
lncRNA_3625,ntLink_8,4801902,4806181,+,4280
lncRNA_3626,ntLink_8,4808737,4809839,+,1103
lncRNA_3627,ntLink_8,4819637,4836663,+,17027
lncRNA_3628,ntLink_8,4821020,4822824,+,1805
lncRNA_3629,ntLink_8,4821210,4838243,+,17034
lncRNA_3630,ntLink_8,4829218,4836663,+,7446
lncRNA_3631,ntLink_8,4892075,4892564,+,490
lncRNA_3632,ntLink_8,4968952,4972588,+,3637
lncRNA_3633,ntLink_8,4968977,4972588,+,3612
lncRNA_3634,ntLink_8,4969120,4972588,+,3469
lncRNA_3635,ntLink_8,4969312,4972588,+,3277
lncRNA_3637,ntLink_8,4970658,4972588,+,1931
lncRNA_3639,ntLink_8,5026619,5039156,+,12538
lncRNA_3640,ntLink_8,5059048,5062689,+,3642
lncRNA_3641,ntLink_8,5059145,5062689,+,3545
lncRNA_3645,ntLink_8,5206892,5214486,+,7595
lncRNA_3646,ntLink_8,5207928,5218412,+,10485
lncRNA_3647,ntLink_8,5208802,5214486,+,5685
lncRNA_3648,ntLink_8,5213698,5214486,+,789
lncRNA_3649,ntLink_8,5267962,5269047,+,1086
lncRNA_3650,ntLink_8,5254522,5256769,+,2248
lncRNA_3651,ntLink_8,5456202,5460569,+,4368
lncRNA_3652,ntLink_8,5456898,5457552,+,655
lncRNA_3653,ntLink_8,5467047,5471045,+,3999
lncRNA_3654,ntLink_8,5559623,5561206,+,1584
lncRNA_3656,ntLink_8,5613041,5615946,+,2906
lncRNA_3657,ntLink_8,5613097,5618408,+,5312
lncRNA_3658,ntLink_8,5626324,5631228,+,4905
lncRNA_3659,ntLink_8,5626361,5631228,+,4868
lncRNA_3660,ntLink_8,5628279,5631228,+,2950
lncRNA_3661,ntLink_8,5628284,5631228,+,2945
lncRNA_3662,ntLink_8,5634344,5644586,+,10243
lncRNA_3663,ntLink_8,5634368,5639398,+,5031
lncRNA_3664,ntLink_8,5666144,5666805,+,662
lncRNA_3666,ntLink_8,5708487,5708911,+,425
lncRNA_3667,ntLink_8,5715208,5717485,+,2278
lncRNA_3668,ntLink_8,5715212,5717485,+,2274
lncRNA_3669,ntLink_8,5784660,5788086,+,3427
lncRNA_3670,ntLink_8,5784680,5788086,+,3407
lncRNA_3671,ntLink_8,5792206,5795082,+,2877
lncRNA_3672,ntLink_8,5846957,5847712,+,756
lncRNA_3677,ntLink_8,6410250,6411556,+,1307
lncRNA_3679,ntLink_8,6440445,6446820,+,6376
lncRNA_3681,ntLink_8,6441871,6446820,+,4950
lncRNA_3688,ntLink_8,7037451,7039812,+,2362
lncRNA_3689,ntLink_8,7077543,7082825,+,5283
lncRNA_3693,ntLink_8,7389781,7403609,+,13829
lncRNA_3694,ntLink_8,7390572,7404064,+,13493
lncRNA_3695,ntLink_8,7390582,7404064,+,13483
lncRNA_3696,ntLink_8,7390619,7404064,+,13446
lncRNA_3707,ntLink_8,8107412,8126944,+,19533
lncRNA_3708,ntLink_8,8315084,8316766,+,1683
lncRNA_3715,ntLink_8,8506321,8508307,+,1987
lncRNA_3716,ntLink_8,8510108,8511972,+,1865
lncRNA_3734,ntLink_8,9343824,9345596,+,1773
lncRNA_3735,ntLink_8,9387788,9394516,+,6729
lncRNA_3737,ntLink_8,9391051,9394516,+,3466
lncRNA_3738,ntLink_8,9395259,9397811,+,2553
lncRNA_3741,ntLink_8,9536355,9541011,+,4657
lncRNA_3747,ntLink_8,10042011,10044538,+,2528
lncRNA_3748,ntLink_8,10042031,10044578,+,2548
lncRNA_3749,ntLink_8,10048029,10049430,+,1402
lncRNA_3750,ntLink_8,10048064,10049430,+,1367
lncRNA_3751,ntLink_8,10055418,10056699,+,1282
lncRNA_3752,ntLink_8,10119263,10120340,+,1078
lncRNA_3753,ntLink_8,10120543,10123518,+,2976
lncRNA_3820,ntLink_8,11609864,11613733,+,3870
lncRNA_3825,ntLink_8,11680458,11684286,+,3829
lncRNA_3826,ntLink_8,11684515,11693135,+,8621
lncRNA_3827,ntLink_8,11684515,11693264,+,8750
lncRNA_3832,ntLink_8,11684527,11693264,+,8738
lncRNA_3836,ntLink_8,11684553,11693264,+,8712
lncRNA_3838,ntLink_8,11684554,11693135,+,8582
lncRNA_3839,ntLink_8,11684555,11693264,+,8710
lncRNA_3841,ntLink_8,11684556,11693264,+,8709
lncRNA_3849,ntLink_8,11858380,11858858,+,479
lncRNA_3852,ntLink_8,11897978,11901416,+,3439
lncRNA_3853,ntLink_8,11899454,11901416,+,1963
lncRNA_3855,ntLink_8,12303088,12308085,+,4998
lncRNA_3860,ntLink_8,12436439,12439300,+,2862
lncRNA_3876,ntLink_8,12999300,13002642,+,3343
lncRNA_3890,ntLink_8,14277291,14281873,+,4583
lncRNA_3891,ntLink_8,14493286,14498560,+,5275
lncRNA_3893,ntLink_8,14493774,14507952,+,14179
lncRNA_3895,ntLink_8,14496356,14507952,+,11597
lncRNA_3896,ntLink_8,14524970,14545138,+,20169
lncRNA_3911,ntLink_8,14545789,14552174,+,6386
lncRNA_3917,ntLink_8,14967437,14970670,+,3234
lncRNA_3934,ntLink_8,15396349,15404465,+,8117
lncRNA_3935,ntLink_8,15396709,15413160,+,16452
lncRNA_3936,ntLink_8,15397182,15405301,+,8120
lncRNA_3938,ntLink_8,15437763,15443656,+,5894
lncRNA_3942,ntLink_8,15576173,15581826,+,5654
lncRNA_3944,ntLink_8,15876997,15884164,+,7168
lncRNA_3945,ntLink_8,15877048,15884164,+,7117
lncRNA_3946,ntLink_8,16084344,16086525,+,2182
lncRNA_3947,ntLink_8,16084434,16086525,+,2092
lncRNA_3948,ntLink_8,16084511,16086525,+,2015
lncRNA_3949,ntLink_8,16119066,16119942,+,877
lncRNA_3950,ntLink_8,16119076,16119942,+,867
lncRNA_3952,ntLink_8,16248284,16265551,+,17268
lncRNA_3953,ntLink_8,16310888,16381429,+,70542
lncRNA_3954,ntLink_8,16310899,16378900,+,68002
lncRNA_3955,ntLink_8,16334671,16350864,+,16194
lncRNA_3956,ntLink_8,16357910,16373148,+,15239
lncRNA_3968,ntLink_8,16467777,16469377,+,1601
lncRNA_3969,ntLink_8,16467780,16469377,+,1598
lncRNA_3970,ntLink_8,16535145,16544693,+,9549
lncRNA_3971,ntLink_8,16700058,16702679,+,2622
lncRNA_3972,ntLink_8,16701352,16702679,+,1328
lncRNA_3974,ntLink_8,16729137,16733578,+,4442
lncRNA_3975,ntLink_8,16730138,16748483,+,18346
lncRNA_3976,ntLink_8,16745700,16750427,+,4728
lncRNA_3977,ntLink_8,16745798,16750427,+,4630
lncRNA_3978,ntLink_8,16746080,16750427,+,4348
lncRNA_3980,ntLink_8,16899755,16901767,+,2013
lncRNA_3983,ntLink_8,16901929,16931993,+,30065
lncRNA_3985,ntLink_8,16933132,16938492,+,5361
lncRNA_3988,ntLink_8,17067071,17134284,+,67214
lncRNA_3989,ntLink_8,17069093,17135181,+,66089
lncRNA_3991,ntLink_8,17130857,17135181,+,4325
lncRNA_3992,ntLink_8,17155431,17164346,+,8916
lncRNA_3993,ntLink_8,17158786,17217322,+,58537
lncRNA_3994,ntLink_8,17174186,17224067,+,49882
lncRNA_3995,ntLink_8,17174895,17178063,+,3169
lncRNA_3999,ntLink_8,17269149,17281320,+,12172
lncRNA_4000,ntLink_8,17269149,17304110,+,34962
lncRNA_4001,ntLink_8,17093172,17119408,+,26237
lncRNA_4004,ntLink_8,17378747,17382719,+,3973
lncRNA_4005,ntLink_8,17378829,17387156,+,8328
lncRNA_4006,ntLink_8,17378876,17386919,+,8044
lncRNA_4007,ntLink_8,17379919,17385661,+,5743
lncRNA_4008,ntLink_8,17380055,17386919,+,6865
lncRNA_4009,ntLink_8,17388983,17391482,+,2500
lncRNA_4011,ntLink_8,17388986,17391482,+,2497
lncRNA_4012,ntLink_8,17388992,17391482,+,2491
lncRNA_4013,ntLink_8,17389001,17390135,+,1135
lncRNA_4015,ntLink_8,17429995,17432493,+,2499
lncRNA_4016,ntLink_8,17470768,17473473,+,2706
lncRNA_4017,ntLink_8,17476288,17496928,+,20641
lncRNA_4018,ntLink_8,17595919,17596708,+,790
lncRNA_4019,ntLink_8,17686756,17689104,+,2349
lncRNA_4020,ntLink_8,17686845,17689104,+,2260
lncRNA_4021,ntLink_8,17686878,17689104,+,2227
lncRNA_4022,ntLink_8,17686893,17689104,+,2212
lncRNA_4023,ntLink_8,17686896,17689104,+,2209
lncRNA_4024,ntLink_8,17687046,17689104,+,2059
lncRNA_4025,ntLink_8,17687252,17689104,+,1853
lncRNA_4026,ntLink_8,17687252,17691557,+,4306
lncRNA_4027,ntLink_8,17796265,17799824,+,3560
lncRNA_4028,ntLink_8,17798742,17799824,+,1083
lncRNA_4029,ntLink_8,17809824,17829484,+,19661
lncRNA_4030,ntLink_8,17814880,17835989,+,21110
lncRNA_4031,ntLink_8,17819020,17841598,+,22579
lncRNA_4033,ntLink_8,17921832,17923962,+,2131
lncRNA_4034,ntLink_8,17936820,17940075,+,3256
lncRNA_4035,ntLink_8,17937668,17940075,+,2408
lncRNA_4036,ntLink_8,17957198,17958661,+,1464
lncRNA_4039,ntLink_8,18180902,18183526,+,2625
lncRNA_4040,ntLink_8,18182735,18185383,+,2649
lncRNA_4041,ntLink_8,18191529,18194174,+,2646
lncRNA_4042,ntLink_8,18192310,18199733,+,7424
lncRNA_4043,ntLink_8,18194894,18197602,+,2709
lncRNA_4044,ntLink_8,18205977,18208600,+,2624
lncRNA_4045,ntLink_8,18207201,18208376,+,1176
lncRNA_4046,ntLink_8,18222338,18225139,+,2802
lncRNA_4047,ntLink_8,18242852,18246953,+,4102
lncRNA_4048,ntLink_8,18247577,18265858,+,18282
lncRNA_4049,ntLink_8,18248913,18263094,+,14182
lncRNA_4050,ntLink_8,18253312,18265916,+,12605
lncRNA_4051,ntLink_8,18253696,18265916,+,12221
lncRNA_4053,ntLink_8,18366722,18373536,+,6815
lncRNA_4056,ntLink_8,18443600,18453069,+,9470
lncRNA_4057,ntLink_8,18456832,18458675,+,1844
lncRNA_4058,ntLink_8,18483660,18484798,+,1139
lncRNA_4059,ntLink_8,18574818,18581600,+,6783
lncRNA_4060,ntLink_8,18617587,18618459,+,873
lncRNA_4062,ntLink_8,18695119,18711263,+,16145
lncRNA_4063,ntLink_8,18695195,18711263,+,16069
lncRNA_4064,ntLink_8,18695797,18700908,+,5112
lncRNA_4065,ntLink_8,18695797,18710344,+,14548
lncRNA_4066,ntLink_8,18695854,18703144,+,7291
lncRNA_4067,ntLink_8,18695854,18711263,+,15410
lncRNA_4068,ntLink_8,18695868,18711263,+,15396
lncRNA_4069,ntLink_8,18695879,18711263,+,15385
lncRNA_4071,ntLink_8,18695897,18711263,+,15367
lncRNA_4072,ntLink_8,18695912,18715498,+,19587
lncRNA_4073,ntLink_8,18801391,18802520,+,1130
lncRNA_4078,ntLink_8,18962453,18964625,+,2173
lncRNA_4079,ntLink_8,18962799,18964625,+,1827
lncRNA_4081,ntLink_8,19107900,19112659,+,4760
lncRNA_4082,ntLink_8,19119348,19120841,+,1494
lncRNA_4083,ntLink_8,19170440,19172051,+,1612
lncRNA_4086,ntLink_8,19170537,19172051,+,1515
lncRNA_4087,ntLink_8,19189722,19192214,+,2493
lncRNA_4088,ntLink_8,19209081,19210694,+,1614
lncRNA_4089,ntLink_8,19226910,19228107,+,1198
lncRNA_4090,ntLink_8,19227096,19228107,+,1012
lncRNA_4091,ntLink_8,19315436,19318451,+,3016
lncRNA_4092,ntLink_8,19316364,19318451,+,2088
lncRNA_4093,ntLink_8,19316546,19318451,+,1906
lncRNA_4095,ntLink_8,19371778,19375499,+,3722
lncRNA_4096,ntLink_8,19375717,19377497,+,1781
lncRNA_4097,ntLink_8,19377600,19380217,+,2618
lncRNA_4098,ntLink_8,19405681,19410577,+,4897
lncRNA_4099,ntLink_8,19412741,19415225,+,2485
lncRNA_4100,ntLink_8,19442820,19448706,+,5887
lncRNA_4102,ntLink_8,19509895,19511388,+,1494
lncRNA_4103,ntLink_8,19692771,19694826,+,2056
lncRNA_4104,ntLink_8,19708754,19711369,+,2616
lncRNA_4108,ntLink_8,19754384,19771285,+,16902
lncRNA_4109,ntLink_8,19760066,19771850,+,11785
lncRNA_4112,ntLink_8,19868471,19875113,+,6643
lncRNA_4113,ntLink_8,19895838,19903256,+,7419
lncRNA_4114,ntLink_8,19897897,19903256,+,5360
lncRNA_4115,ntLink_8,19969753,19970929,+,1177
lncRNA_4116,ntLink_8,19978199,19979004,+,806
lncRNA_4117,ntLink_8,20085977,20092549,+,6573
lncRNA_4118,ntLink_8,20090537,20091557,+,1021
lncRNA_4121,ntLink_8,20220544,20228931,+,8388
lncRNA_4124,ntLink_8,20237442,20253896,+,16455
lncRNA_4125,ntLink_8,20237442,20255062,+,17621
lncRNA_4126,ntLink_8,20238025,20249790,+,11766
lncRNA_4127,ntLink_8,20238480,20247040,+,8561
lncRNA_4128,ntLink_8,20238643,20279324,+,40682
lncRNA_4132,ntLink_8,20271763,20285520,+,13758
lncRNA_4135,ntLink_8,20295909,20361154,+,65246
lncRNA_4136,ntLink_8,20296185,20361154,+,64970
lncRNA_4138,ntLink_8,20296222,20361154,+,64933
lncRNA_4139,ntLink_8,20296253,20297484,+,1232
lncRNA_4140,ntLink_8,20296268,20361154,+,64887
lncRNA_4141,ntLink_8,20298117,20312681,+,14565
lncRNA_4142,ntLink_8,20298117,20320064,+,21948
lncRNA_4146,ntLink_8,20209354,20213204,+,3851
lncRNA_4149,ntLink_8,20229013,20235635,+,6623
lncRNA_4151,ntLink_8,20397109,20397823,+,715
lncRNA_4152,ntLink_8,20464617,20495281,+,30665
lncRNA_4153,ntLink_8,20614644,20617225,+,2582
lncRNA_4154,ntLink_8,20614656,20623590,+,8935
lncRNA_4157,ntLink_8,20674966,20677039,+,2074
lncRNA_4158,ntLink_8,20711337,20712863,+,1527
lncRNA_4159,ntLink_8,20785369,20786645,+,1277
lncRNA_4160,ntLink_8,20798343,20800679,+,2337
lncRNA_4161,ntLink_8,20799084,20800679,+,1596
lncRNA_4165,ntLink_8,20865016,20888177,+,23162
lncRNA_4167,ntLink_8,20956588,20957388,+,801
lncRNA_4168,ntLink_8,20960730,20962778,+,2049
lncRNA_4169,ntLink_8,20969867,20983622,+,13756
lncRNA_4170,ntLink_8,21014519,21036134,+,21616
lncRNA_4171,ntLink_8,21014521,21036134,+,21614
lncRNA_4173,ntLink_8,21014527,21035511,+,20985
lncRNA_4174,ntLink_8,21014531,21035511,+,20981
lncRNA_4175,ntLink_8,21028566,21036134,+,7569
lncRNA_4176,ntLink_8,21079180,21093168,+,13989
lncRNA_4177,ntLink_8,21079938,21092387,+,12450
lncRNA_4178,ntLink_8,21111851,21115505,+,3655
lncRNA_4179,ntLink_8,21112456,21115505,+,3050
lncRNA_4180,ntLink_8,21121505,21123337,+,1833
lncRNA_4181,ntLink_8,21121794,21123337,+,1544
lncRNA_4182,ntLink_8,21121795,21123337,+,1543
lncRNA_4183,ntLink_8,21121993,21123337,+,1345
lncRNA_4184,ntLink_8,21122180,21123337,+,1158
lncRNA_4186,ntLink_8,21185697,21190530,+,4834
lncRNA_4187,ntLink_8,21207108,21210785,+,3678
lncRNA_4188,ntLink_8,21230969,21235678,+,4710
lncRNA_4190,ntLink_8,21256746,21261643,+,4898
lncRNA_4191,ntLink_8,21244698,21247772,+,3075
lncRNA_4192,ntLink_8,21372884,21373517,+,634
lncRNA_4193,ntLink_8,21396502,21398375,+,1874
lncRNA_4194,ntLink_8,21417606,21419267,+,1662
lncRNA_4195,ntLink_8,21417897,21427341,+,9445
lncRNA_4196,ntLink_8,21416503,21417132,+,630
lncRNA_4197,ntLink_8,21486047,21489978,+,3932
lncRNA_4198,ntLink_8,21489023,21489978,+,956
lncRNA_4199,ntLink_8,21495498,21496986,+,1489
lncRNA_4200,ntLink_8,21528283,21530514,+,2232
lncRNA_4201,ntLink_8,21535117,21540049,+,4933
lncRNA_4202,ntLink_8,21536840,21547890,+,11051
lncRNA_4204,ntLink_8,21575334,21576909,+,1576
lncRNA_4205,ntLink_8,21689384,21694903,+,5520
lncRNA_4206,ntLink_8,21849379,21852982,+,3604
lncRNA_4207,ntLink_8,21891544,21893092,+,1549
lncRNA_4209,ntLink_8,21971190,21971735,+,546
lncRNA_4210,ntLink_8,22003059,22006783,+,3725
lncRNA_4211,ntLink_8,22070501,22072347,+,1847
lncRNA_4217,ntLink_8,22105856,22107260,+,1405
lncRNA_4218,ntLink_8,22204205,22214319,+,10115
lncRNA_4219,ntLink_8,22204252,22214319,+,10068
lncRNA_4221,ntLink_8,22204648,22214319,+,9672
lncRNA_4222,ntLink_8,22204881,22218848,+,13968
lncRNA_4223,ntLink_8,22205472,22214319,+,8848
lncRNA_4224,ntLink_8,22205517,22214319,+,8803
lncRNA_4227,ntLink_8,22205712,22214319,+,8608
lncRNA_4230,ntLink_8,22205806,22214319,+,8514
lncRNA_4233,ntLink_8,22214320,22218848,+,4529
lncRNA_4234,ntLink_8,22215139,22218848,+,3710
lncRNA_4235,ntLink_8,22215317,22218848,+,3532
lncRNA_4236,ntLink_8,22215371,22218848,+,3478
lncRNA_4237,ntLink_8,22215945,22218848,+,2904
lncRNA_4238,ntLink_8,22216382,22218848,+,2467
lncRNA_4240,ntLink_8,22562861,22564677,+,1817
lncRNA_4241,ntLink_8,22566927,22567170,+,244
lncRNA_4242,ntLink_8,22719866,22758531,+,38666
lncRNA_4243,ntLink_8,22721600,22760500,+,38901
lncRNA_4246,ntLink_8,22972953,22975433,+,2481
lncRNA_4247,ntLink_8,22973160,22974479,+,1320
lncRNA_4248,ntLink_8,22991793,23000894,+,9102
lncRNA_4249,ntLink_8,22994891,23000894,+,6004
lncRNA_4250,ntLink_8,22996067,22998422,+,2356
lncRNA_4252,ntLink_8,23267923,23271284,+,3362
lncRNA_4253,ntLink_8,23268971,23271284,+,2314
lncRNA_4254,ntLink_8,23276364,23279323,+,2960
lncRNA_4255,ntLink_8,23281863,23292984,+,11122
lncRNA_4257,ntLink_8,23282755,23293699,+,10945
lncRNA_4258,ntLink_8,23283075,23294110,+,11036
lncRNA_4261,ntLink_8,23393323,23394663,+,1341
lncRNA_4262,ntLink_8,23393325,23394663,+,1339
lncRNA_4282,ntLink_8,23523679,23526208,+,2530
lncRNA_4284,ntLink_8,23621864,23623734,+,1871
lncRNA_4287,ntLink_8,23644729,23649862,+,5134
lncRNA_4296,ntLink_8,23869223,23871069,+,1847
lncRNA_4297,ntLink_8,23871249,23872679,+,1431
lncRNA_4298,ntLink_8,23871338,23872679,+,1342
lncRNA_4299,ntLink_8,23910383,23914190,+,3808
lncRNA_4301,ntLink_8,24006363,24012244,+,5882
lncRNA_4302,ntLink_8,24006363,24013352,+,6990
lncRNA_4303,ntLink_8,24006365,24012244,+,5880
lncRNA_4304,ntLink_8,24006392,24013335,+,6944
lncRNA_4306,ntLink_8,24096949,24098621,+,1673
lncRNA_4308,ntLink_8,24118716,24132705,+,13990
lncRNA_4309,ntLink_8,24120876,24131018,+,10143
lncRNA_4310,ntLink_8,24120876,24132705,+,11830
lncRNA_4311,ntLink_8,24128376,24132705,+,4330
lncRNA_4312,ntLink_8,24175891,24184251,+,8361
lncRNA_4313,ntLink_8,24177823,24179934,+,2112
lncRNA_4315,ntLink_8,24219033,24220706,+,1674
lncRNA_4319,ntLink_8,24478775,24479698,+,924
lncRNA_4321,ntLink_8,24539539,24540888,+,1350
lncRNA_4322,ntLink_8,24567029,24569715,+,2687
lncRNA_4323,ntLink_8,24567944,24568665,+,722
lncRNA_4324,ntLink_8,24592166,24601251,+,9086
lncRNA_4326,ntLink_8,24625891,24629296,+,3406
lncRNA_4327,ntLink_8,24626774,24629296,+,2523
lncRNA_4328,ntLink_8,24637375,24640317,+,2943
lncRNA_4329,ntLink_8,24638663,24640279,+,1617
lncRNA_4330,ntLink_8,24638691,24641267,+,2577
lncRNA_4331,ntLink_8,24683804,24697104,+,13301
lncRNA_4332,ntLink_8,24690685,24693260,+,2576
lncRNA_4334,ntLink_8,24753670,24763351,+,9682
lncRNA_4335,ntLink_8,24899418,24905391,+,5974
lncRNA_4336,ntLink_8,24899907,24914491,+,14585
lncRNA_4337,ntLink_8,24899937,24904775,+,4839
lncRNA_4340,ntLink_8,24921543,24926778,+,5236
lncRNA_4342,ntLink_8,24964632,24965776,+,1145
lncRNA_4343,ntLink_8,24969202,24973506,+,4305
lncRNA_4346,ntLink_8,25122960,25129722,+,6763
lncRNA_4347,ntLink_8,25144932,25150563,+,5632
lncRNA_4349,ntLink_8,25416114,25417621,+,1508
lncRNA_4350,ntLink_8,25526814,25531022,+,4209
lncRNA_4351,ntLink_8,25527261,25530487,+,3227
lncRNA_4352,ntLink_8,25529631,25530329,+,699
lncRNA_4353,ntLink_8,25536569,25538562,+,1994
lncRNA_4354,ntLink_8,25629934,25637054,+,7121
lncRNA_4355,ntLink_8,25630088,25637054,+,6967
lncRNA_4356,ntLink_8,25630097,25637054,+,6958
lncRNA_4357,ntLink_8,25630111,25637054,+,6944
lncRNA_4358,ntLink_8,25630117,25637054,+,6938
lncRNA_4359,ntLink_8,25630126,25637054,+,6929
lncRNA_4360,ntLink_8,25686273,25690389,+,4117
lncRNA_4361,ntLink_8,25686514,25689501,+,2988
lncRNA_4364,ntLink_8,25842722,25843446,+,725
lncRNA_4365,ntLink_8,25924186,25925811,+,1626
lncRNA_4370,ntLink_8,26332273,26335752,+,3480
lncRNA_4371,ntLink_8,26512247,26513884,+,1638
lncRNA_4374,ntLink_8,26579923,26584325,+,4403
lncRNA_4380,ntLink_8,27097443,27099691,+,2249
lncRNA_4383,ntLink_8,27279673,27289147,+,9475
lncRNA_4384,ntLink_8,27279678,27283836,+,4159
lncRNA_4385,ntLink_8,27279681,27288889,+,9209
lncRNA_4387,ntLink_8,27379968,27397011,+,17044
lncRNA_4388,ntLink_8,27385660,27386800,+,1141
lncRNA_4390,ntLink_8,27449961,27452904,+,2944
lncRNA_4397,ntLink_8,27641788,27643306,+,1519
lncRNA_4400,ntLink_8,27761121,27763353,+,2233
lncRNA_4401,ntLink_8,27782754,27784479,+,1726
lncRNA_4402,ntLink_8,27783064,27784479,+,1416
lncRNA_4404,ntLink_8,27807178,27813197,+,6020
lncRNA_4405,ntLink_8,27891715,27912196,+,20482
lncRNA_4407,ntLink_8,27899327,27912196,+,12870
lncRNA_4408,ntLink_8,27908617,27912196,+,3580
lncRNA_4409,ntLink_8,27926893,27927954,+,1062
lncRNA_4411,ntLink_8,28222011,28225512,+,3502
lncRNA_4412,ntLink_8,28244614,28247601,+,2988
lncRNA_4413,ntLink_8,28401806,28404977,+,3172
lncRNA_4415,ntLink_8,28421439,28422977,+,1539
lncRNA_4416,ntLink_8,28439917,28457843,+,17927
lncRNA_4419,ntLink_8,28536423,28537967,+,1545
lncRNA_4420,ntLink_8,28537209,28538336,+,1128
lncRNA_4421,ntLink_8,28675787,28695579,+,19793
lncRNA_4423,ntLink_8,28707324,28708275,+,952
lncRNA_4424,ntLink_8,28710053,28710975,+,923
lncRNA_4425,ntLink_8,28710055,28710975,+,921
lncRNA_4426,ntLink_8,28791027,28793195,+,2169
lncRNA_4428,ntLink_8,28811549,28812985,+,1437
lncRNA_4429,ntLink_8,28811714,28812985,+,1272
lncRNA_4430,ntLink_8,28865139,28866876,+,1738
lncRNA_4432,ntLink_8,28899630,28904836,+,5207
lncRNA_4433,ntLink_8,28950508,28951868,+,1361
lncRNA_4434,ntLink_8,28978740,28984984,+,6245
lncRNA_4436,ntLink_8,29010519,29015758,+,5240
lncRNA_4438,ntLink_8,29165727,29172402,+,6676
lncRNA_4440,ntLink_8,29240734,29247836,+,7103
lncRNA_4441,ntLink_8,29381090,29384573,+,3484
lncRNA_4444,ntLink_8,29567048,29570891,+,3844
lncRNA_4447,ntLink_8,29739480,29744416,+,4937
lncRNA_4454,ntLink_8,29905801,29908026,+,2226
lncRNA_4456,ntLink_8,30052050,30053813,+,1764
lncRNA_4457,ntLink_8,30091308,30103048,+,11741
lncRNA_4458,ntLink_8,30094922,30096788,+,1867
lncRNA_4460,ntLink_8,30137837,30145036,+,7200
lncRNA_4461,ntLink_8,30263914,30281530,+,17617
lncRNA_4462,ntLink_8,30283577,30286507,+,2931
lncRNA_4463,ntLink_8,30283577,30290593,+,7017
lncRNA_4465,ntLink_8,30283603,30284875,+,1273
lncRNA_4466,ntLink_8,30299746,30313363,+,13618
lncRNA_4467,ntLink_8,30299860,30307188,+,7329
lncRNA_4468,ntLink_8,30299860,30310545,+,10686
lncRNA_4469,ntLink_8,30300045,30310545,+,10501
lncRNA_4470,ntLink_8,30300372,30313363,+,12992
lncRNA_4473,ntLink_8,30450389,30456000,+,5612
lncRNA_4475,ntLink_8,30606295,30607697,+,1403
lncRNA_4476,ntLink_8,30667450,30713910,+,46461
lncRNA_4477,ntLink_8,30680425,30713769,+,33345
lncRNA_4478,ntLink_8,30699533,30703710,+,4178
lncRNA_4479,ntLink_8,30708390,30713910,+,5521
lncRNA_4480,ntLink_8,30724216,30729338,+,5123
lncRNA_4481,ntLink_8,30689937,30698190,+,8254
lncRNA_4482,ntLink_8,30689946,30698190,+,8245
lncRNA_4487,ntLink_8,30786426,30791561,+,5136
lncRNA_4488,ntLink_8,30819277,30826077,+,6801
lncRNA_4489,ntLink_8,30820425,30826077,+,5653
lncRNA_4490,ntLink_8,30820453,30824429,+,3977
lncRNA_4492,ntLink_8,30838336,30841240,+,2905
lncRNA_4493,ntLink_8,30843287,30856985,+,13699
lncRNA_4494,ntLink_8,30868932,30870365,+,1434
lncRNA_4495,ntLink_8,30868933,30870365,+,1433
lncRNA_4496,ntLink_8,30909963,30910952,+,990
lncRNA_4497,ntLink_8,30977675,30986250,+,8576
lncRNA_4498,ntLink_8,30984027,30986250,+,2224
lncRNA_4499,ntLink_8,30999455,31005535,+,6081
lncRNA_4500,ntLink_8,31000404,31005535,+,5132
lncRNA_4501,ntLink_8,31000843,31002120,+,1278
lncRNA_4503,ntLink_8,31045338,31048733,+,3396
lncRNA_4504,ntLink_8,31134094,31136332,+,2239
lncRNA_4505,ntLink_8,31134099,31136332,+,2234
lncRNA_4506,ntLink_8,31165458,31166376,+,919
lncRNA_4507,ntLink_8,31205585,31209612,+,4028
lncRNA_4508,ntLink_8,31205606,31209612,+,4007
lncRNA_4509,ntLink_8,31207380,31209612,+,2233
lncRNA_4510,ntLink_8,31229490,31232239,+,2750
lncRNA_4511,ntLink_8,31229779,31232197,+,2419
lncRNA_4512,ntLink_8,31354000,31356023,+,2024
lncRNA_4515,ntLink_8,31654975,31675540,+,20566
lncRNA_4516,ntLink_8,31662791,31671535,+,8745
lncRNA_4517,ntLink_8,31667371,31675047,+,7677
lncRNA_4524,ntLink_8,31808763,31811836,+,3074
lncRNA_4527,ntLink_8,31855631,31857281,+,1651
lncRNA_4528,ntLink_8,31866624,31866941,+,318
lncRNA_4529,ntLink_8,31867017,31868875,+,1859
lncRNA_4531,ntLink_8,31920933,31921739,+,807
lncRNA_4533,ntLink_8,31972485,31974658,+,2174
lncRNA_4535,ntLink_8,31972572,31979904,+,7333
lncRNA_4536,ntLink_8,31972929,31974658,+,1730
lncRNA_4537,ntLink_8,32037060,32082243,+,45184
lncRNA_4538,ntLink_8,32080779,32083652,+,2874
lncRNA_4540,ntLink_8,32179423,32189796,+,10374
lncRNA_4541,ntLink_8,32358327,32358784,+,458
lncRNA_4542,ntLink_8,32424103,32428765,+,4663
lncRNA_4543,ntLink_8,32424111,32431266,+,7156
lncRNA_4544,ntLink_8,32424190,32431266,+,7077
lncRNA_4545,ntLink_8,32424264,32426430,+,2167
lncRNA_4547,ntLink_8,32424904,32431834,+,6931
lncRNA_4548,ntLink_8,32432461,32439099,+,6639
lncRNA_4550,ntLink_8,32446129,32453623,+,7495
lncRNA_4551,ntLink_8,32472945,32569352,+,96408
lncRNA_4552,ntLink_8,32555534,32569352,+,13819
lncRNA_4558,ntLink_8,32701159,32702733,+,1575
lncRNA_4559,ntLink_8,32701569,32702733,+,1165
lncRNA_4563,ntLink_8,32912822,32921008,+,8187
lncRNA_4566,ntLink_8,32967167,32968823,+,1657
lncRNA_4567,ntLink_8,32968874,32971402,+,2529
lncRNA_4572,ntLink_8,33195623,33196995,+,1373
lncRNA_4573,ntLink_8,33208459,33212578,+,4120
lncRNA_4574,ntLink_8,33292621,33295306,+,2686
lncRNA_4575,ntLink_8,33292781,33294107,+,1327
lncRNA_4576,ntLink_8,33292781,33295306,+,2526
lncRNA_4587,ntLink_8,33569935,33572481,+,2547
lncRNA_4597,ntLink_8,33834115,33838223,+,4109
lncRNA_4598,ntLink_8,33834199,33843732,+,9534
lncRNA_4603,ntLink_8,34194392,34196137,+,1746
lncRNA_4605,ntLink_8,34301958,34306518,+,4561
lncRNA_4607,ntLink_8,34353150,34354106,+,957
lncRNA_4608,ntLink_8,34408921,34411133,+,2213
lncRNA_4609,ntLink_8,34408937,34411133,+,2197
lncRNA_4610,ntLink_8,34446240,34454016,+,7777
lncRNA_4611,ntLink_8,34482277,34483724,+,1448
lncRNA_4612,ntLink_8,34770917,34775360,+,4444
lncRNA_4613,ntLink_8,34770937,34778520,+,7584
lncRNA_4614,ntLink_8,34805226,34806473,+,1248
lncRNA_4615,ntLink_8,34874859,34882118,+,7260
lncRNA_4617,ntLink_8,35139567,35140364,+,798
lncRNA_4618,ntLink_8,35143625,35147046,+,3422
lncRNA_4620,ntLink_8,35143631,35147046,+,3416
lncRNA_4622,ntLink_8,35448472,35450982,+,2511
lncRNA_4623,ntLink_8,35448877,35450982,+,2106
lncRNA_4626,ntLink_8,35778288,35779306,+,1019
lncRNA_4629,ntLink_8,35845422,35848138,+,2717
lncRNA_4630,ntLink_8,35850806,35855430,+,4625
lncRNA_4631,ntLink_8,35884221,35885799,+,1579
lncRNA_4639,ntLink_8,36614276,36617801,+,3526
lncRNA_4641,ntLink_8,36614763,36617801,+,3039
lncRNA_4646,ntLink_8,36807832,36820591,+,12760
lncRNA_4647,ntLink_8,36808262,36844399,+,36138
lncRNA_4657,ntLink_8,37020587,37032179,+,11593
lncRNA_4679,ntLink_8,807102,807359,+,258
lncRNA_4698,ntLink_8,1707801,1709488,+,1688
lncRNA_4709,ntLink_8,2959293,2960056,+,764
lncRNA_4724,ntLink_8,4901372,4903118,+,1747
lncRNA_4731,ntLink_8,5055579,5058267,+,2689
lncRNA_4736,ntLink_8,5167661,5169214,+,1554
lncRNA_4757,ntLink_8,5428359,5429530,+,1172
lncRNA_4770,ntLink_8,5782963,5784083,+,1121
lncRNA_4793,ntLink_8,6377233,6377572,+,340
lncRNA_4852,ntLink_8,6918571,6919351,+,781
lncRNA_4863,ntLink_8,6974451,6975460,+,1010
lncRNA_4872,ntLink_8,7019480,7021880,+,2401
lncRNA_4874,ntLink_8,7054142,7056398,+,2257
lncRNA_4877,ntLink_8,7140797,7141522,+,726
lncRNA_4885,ntLink_8,7226362,7227405,+,1044
lncRNA_4890,ntLink_8,7246080,7249414,+,3335
lncRNA_4911,ntLink_8,7441892,7444053,+,2162
lncRNA_4944,ntLink_8,7685750,7686669,+,920
lncRNA_4957,ntLink_8,7760104,7763223,+,3120
lncRNA_4991,ntLink_8,7979061,7980251,+,1191
lncRNA_4994,ntLink_8,8048548,8049280,+,733
lncRNA_5013,ntLink_8,8390331,8392176,+,1846
lncRNA_5025,ntLink_8,8478707,8480332,+,1626
lncRNA_5036,ntLink_8,8614182,8616578,+,2397
lncRNA_5069,ntLink_8,9178430,9179167,+,738
lncRNA_5079,ntLink_8,9373170,9374106,+,937
lncRNA_5082,ntLink_8,9447600,9448125,+,526
lncRNA_5090,ntLink_8,9538417,9538877,+,461
lncRNA_5101,ntLink_8,9626216,9628091,+,1876
lncRNA_5123,ntLink_8,9870517,9874539,+,4023
lncRNA_5133,ntLink_8,9963682,9965026,+,1345
lncRNA_5147,ntLink_8,10070475,10071744,+,1270
lncRNA_5183,ntLink_8,10650285,10650724,+,440
lncRNA_5225,ntLink_8,11460873,11461916,+,1044
lncRNA_5247,ntLink_8,11887406,11888469,+,1064
lncRNA_5252,ntLink_8,12172692,12173397,+,706
lncRNA_5276,ntLink_8,12471964,12472829,+,866
lncRNA_5284,ntLink_8,12592129,12592387,+,259
lncRNA_5312,ntLink_8,12905377,12908027,+,2651
lncRNA_5335,ntLink_8,13067751,13068767,+,1017
lncRNA_5338,ntLink_8,13072928,13073758,+,831
lncRNA_5361,ntLink_8,13263867,13265505,+,1639
lncRNA_5483,ntLink_8,14303119,14304918,+,1800
lncRNA_5499,ntLink_8,14706253,14707461,+,1209
lncRNA_5502,ntLink_8,14777504,14778825,+,1322
lncRNA_5514,ntLink_8,14894304,14894999,+,696
lncRNA_5518,ntLink_8,14943411,14944838,+,1428
lncRNA_5523,ntLink_8,14979547,14979813,+,267
lncRNA_5531,ntLink_8,15070661,15071358,+,698
lncRNA_5540,ntLink_8,15147092,15147983,+,892
lncRNA_5541,ntLink_8,15149859,15150370,+,512
lncRNA_5556,ntLink_8,15344438,15346690,+,2253
lncRNA_5574,ntLink_8,15547206,15547736,+,531
lncRNA_5583,ntLink_8,16094696,16095709,+,1014
lncRNA_5584,ntLink_8,16413435,16414191,+,757
lncRNA_5589,ntLink_8,16562682,16563237,+,556
lncRNA_5600,ntLink_8,16883902,16884926,+,1025
lncRNA_5606,ntLink_8,17423112,17423981,+,870
lncRNA_5608,ntLink_8,17499225,17501044,+,1820
lncRNA_5610,ntLink_8,17508494,17509301,+,808
lncRNA_5630,ntLink_8,17701104,17701826,+,723
lncRNA_5633,ntLink_8,17771498,17772306,+,809
lncRNA_5654,ntLink_8,18345982,18347199,+,1218
lncRNA_5667,ntLink_8,18789855,18790556,+,702
lncRNA_5695,ntLink_8,19631184,19632576,+,1393
lncRNA_5696,ntLink_8,19639341,19640208,+,868
lncRNA_5711,ntLink_8,19918122,19920238,+,2117
lncRNA_5714,ntLink_8,19922242,19923821,+,1580
lncRNA_5726,ntLink_8,20930258,20933520,+,3263
lncRNA_5736,ntLink_8,21968416,21969198,+,783
lncRNA_5745,ntLink_8,22124064,22124785,+,722
lncRNA_5751,ntLink_8,22386230,22390288,+,4059
lncRNA_5760,ntLink_8,23039420,23043901,+,4482
lncRNA_5799,ntLink_8,24633441,24634100,+,660
lncRNA_5803,ntLink_8,24680026,24680800,+,775
lncRNA_5805,ntLink_8,24851407,24851957,+,551
lncRNA_5808,ntLink_8,24917067,24917515,+,449
lncRNA_5810,ntLink_8,24956077,24960792,+,4716
lncRNA_5813,ntLink_8,25102835,25104709,+,1875
lncRNA_5825,ntLink_8,25519543,25521597,+,2055
lncRNA_5826,ntLink_8,25522979,25524771,+,1793
lncRNA_5836,ntLink_8,25718360,25722438,+,4079
lncRNA_5846,ntLink_8,26160929,26162039,+,1111
lncRNA_5860,ntLink_8,26575415,26576655,+,1241
lncRNA_5863,ntLink_8,27058221,27059069,+,849
lncRNA_5868,ntLink_8,27135162,27137683,+,2522
lncRNA_5883,ntLink_8,27640441,27641182,+,742
lncRNA_5899,ntLink_8,28425980,28427751,+,1772
lncRNA_5900,ntLink_8,28463716,28465223,+,1508
lncRNA_5933,ntLink_8,29706592,29708555,+,1964
lncRNA_5966,ntLink_8,29963638,29964531,+,894
lncRNA_5976,ntLink_8,30071353,30072098,+,746
lncRNA_5977,ntLink_8,30109523,30111211,+,1689
lncRNA_6017,ntLink_8,32140383,32142893,+,2511
lncRNA_6059,ntLink_8,33074486,33074790,+,305
lncRNA_6075,ntLink_8,33537698,33538177,+,480
lncRNA_6088,ntLink_8,33921288,33922888,+,1601
lncRNA_6091,ntLink_8,33984330,33985158,+,829
lncRNA_6109,ntLink_8,34790225,34791731,+,1507
lncRNA_6130,ntLink_8,35130321,35131722,+,1402
lncRNA_6134,ntLink_8,35271476,35272431,+,956
lncRNA_6163,ntLink_8,35733041,35734015,+,975
lncRNA_6168,ntLink_8,35840246,35841644,+,1399
lncRNA_6197,ntLink_8,36201861,36202215,+,355
lncRNA_6338,ptg000001l,1753622,1762291,+,8670
lncRNA_6343,ptg000001l,1757964,1760508,+,2545
lncRNA_6345,ptg000001l,1757972,1760508,+,2537
lncRNA_6346,ptg000001l,1757978,1760508,+,2531
lncRNA_6347,ptg000001l,1758002,1760508,+,2507
lncRNA_6352,ptg000001l,2238193,2241991,+,3799
lncRNA_6353,ptg000001l,2238806,2241991,+,3186
lncRNA_6354,ptg000001l,2238824,2241991,+,3168
lncRNA_6355,ptg000001l,2238826,2241991,+,3166
lncRNA_6358,ptg000001l,2238827,2241991,+,3165
lncRNA_6359,ptg000001l,2238836,2241991,+,3156
lncRNA_6378,ptg000001l,3120316,3123235,+,2920
lncRNA_6382,ptg000001l,3339006,3340366,+,1361
lncRNA_6390,ptg000001l,3855791,3857887,+,2097
lncRNA_6398,ptg000001l,4358329,4359443,+,1115
lncRNA_6399,ptg000001l,4403684,4404977,+,1294
lncRNA_6403,ptg000001l,4551181,4553436,+,2256
lncRNA_6404,ptg000001l,4716789,4721828,+,5040
lncRNA_6407,ptg000001l,4837675,4841534,+,3860
lncRNA_6409,ptg000001l,4886883,4889866,+,2984
lncRNA_6410,ptg000001l,4999544,5006620,+,7077
lncRNA_6411,ptg000001l,5003096,5009869,+,6774
lncRNA_6412,ptg000001l,5126484,5127838,+,1355
lncRNA_6414,ptg000001l,5201708,5202602,+,895
lncRNA_6415,ptg000001l,5273232,5305326,+,32095
lncRNA_6416,ptg000001l,5317511,5328354,+,10844
lncRNA_6417,ptg000001l,5335089,5356015,+,20927
lncRNA_6418,ptg000001l,5335104,5356015,+,20912
lncRNA_6419,ptg000001l,5397018,5399762,+,2745
lncRNA_6420,ptg000001l,5434061,5451203,+,17143
lncRNA_6422,ptg000001l,5434119,5445110,+,10992
lncRNA_6423,ptg000001l,5561881,5562856,+,976
lncRNA_6424,ptg000001l,5562308,5566048,+,3741
lncRNA_6425,ptg000001l,5562391,5566048,+,3658
lncRNA_6426,ptg000001l,5562403,5566048,+,3646
lncRNA_6428,ptg000001l,5663172,5668094,+,4923
lncRNA_6430,ptg000001l,5751710,5777938,+,26229
lncRNA_6431,ptg000001l,5809899,5864188,+,54290
lncRNA_6432,ptg000001l,5879431,5881980,+,2550
lncRNA_6436,ptg000001l,6012076,6013613,+,1538
lncRNA_6437,ptg000001l,6012099,6013613,+,1515
lncRNA_6438,ptg000001l,6026768,6038284,+,11517
lncRNA_6440,ptg000001l,6107070,6109680,+,2611
lncRNA_6444,ptg000001l,6203180,6204591,+,1412
lncRNA_6446,ptg000001l,6275991,6281367,+,5377
lncRNA_6447,ptg000001l,6291844,6295566,+,3723
lncRNA_6448,ptg000001l,6342541,6346112,+,3572
lncRNA_6449,ptg000001l,6429532,6435720,+,6189
lncRNA_6456,ptg000001l,6591505,6592254,+,750
lncRNA_6457,ptg000001l,6609863,6612157,+,2295
lncRNA_6458,ptg000001l,6694558,6695290,+,733
lncRNA_6459,ptg000001l,6694638,6695791,+,1154
lncRNA_6460,ptg000001l,6699671,6702170,+,2500
lncRNA_6461,ptg000001l,6715822,6718291,+,2470
lncRNA_6463,ptg000001l,6865828,6866780,+,953
lncRNA_6464,ptg000001l,7205156,7208279,+,3124
lncRNA_6465,ptg000001l,7257981,7290085,+,32105
lncRNA_6473,ptg000001l,7328205,7392314,+,64110
lncRNA_6476,ptg000001l,7360885,7390238,+,29354
lncRNA_6518,ptg000001l,8314778,8317076,+,2299
lncRNA_6523,ptg000001l,8544068,8554651,+,10584
lncRNA_6524,ptg000001l,8544080,8562286,+,18207
lncRNA_6526,ptg000001l,8680097,8682733,+,2637
lncRNA_6528,ptg000001l,8838459,8845275,+,6817
lncRNA_6529,ptg000001l,8936708,8938113,+,1406
lncRNA_6531,ptg000001l,8950279,8952662,+,2384
lncRNA_6536,ptg000001l,9069939,9094599,+,24661
lncRNA_6537,ptg000001l,9072440,9098191,+,25752
lncRNA_6538,ptg000001l,9072440,9098513,+,26074
lncRNA_6539,ptg000001l,9085397,9111455,+,26059
lncRNA_6540,ptg000001l,9101112,9106188,+,5077
lncRNA_6543,ptg000001l,9239655,9245368,+,5714
lncRNA_6544,ptg000001l,9246701,9250747,+,4047
lncRNA_6545,ptg000001l,9294102,9295568,+,1467
lncRNA_6547,ptg000001l,9435291,9441459,+,6169
lncRNA_6549,ptg000001l,9566281,9567652,+,1372
lncRNA_6550,ptg000001l,9594549,9596715,+,2167
lncRNA_6551,ptg000001l,9597457,9603592,+,6136
lncRNA_6555,ptg000001l,9816995,9844206,+,27212
lncRNA_6556,ptg000001l,9816998,9843318,+,26321
lncRNA_6557,ptg000001l,9817067,9844206,+,27140
lncRNA_6558,ptg000001l,9817307,9844206,+,26900
lncRNA_6559,ptg000001l,9853857,9883350,+,29494
lncRNA_6560,ptg000001l,9853922,9883350,+,29429
lncRNA_6561,ptg000001l,9868709,9883350,+,14642
lncRNA_6562,ptg000001l,9928023,9938380,+,10358
lncRNA_6566,ptg000001l,10018717,10019838,+,1122
lncRNA_6567,ptg000001l,10046972,10047462,+,491
lncRNA_6568,ptg000001l,10077375,10080591,+,3217
lncRNA_6575,ptg000001l,10525759,10534402,+,8644
lncRNA_6576,ptg000001l,10585817,10588413,+,2597
lncRNA_6577,ptg000001l,10696794,10698982,+,2189
lncRNA_6578,ptg000001l,10696834,10698982,+,2149
lncRNA_6587,ptg000001l,11020027,11027419,+,7393
lncRNA_6590,ptg000001l,11380319,11384695,+,4377
lncRNA_6592,ptg000001l,11477949,11501847,+,23899
lncRNA_6593,ptg000001l,11493006,11517184,+,24179
lncRNA_6594,ptg000001l,11549870,11578891,+,29022
lncRNA_6596,ptg000001l,11598249,11618740,+,20492
lncRNA_6597,ptg000001l,11603716,11621646,+,17931
lncRNA_6599,ptg000001l,11700932,11703178,+,2247
lncRNA_6604,ptg000001l,11984077,12006176,+,22100
lncRNA_6605,ptg000001l,11990101,12014505,+,24405
lncRNA_6607,ptg000001l,12005471,12027746,+,22276
lncRNA_6608,ptg000001l,12154402,12161106,+,6705
lncRNA_6609,ptg000001l,12237298,12238135,+,838
lncRNA_6610,ptg000001l,12285792,12288469,+,2678
lncRNA_6611,ptg000001l,12397310,12400793,+,3484
lncRNA_6612,ptg000001l,12397318,12400793,+,3476
lncRNA_6613,ptg000001l,12397421,12400793,+,3373
lncRNA_6614,ptg000001l,12557786,12562606,+,4821
lncRNA_6631,ptg000001l,13035278,13063780,+,28503
lncRNA_6632,ptg000001l,13044161,13069004,+,24844
lncRNA_6635,ptg000001l,13151994,13154628,+,2635
lncRNA_6637,ptg000001l,13152039,13154628,+,2590
lncRNA_6638,ptg000001l,13152048,13154628,+,2581
lncRNA_6647,ptg000001l,13206634,13239277,+,32644
lncRNA_6648,ptg000001l,13213170,13236464,+,23295
lncRNA_6649,ptg000001l,13238627,13257672,+,19046
lncRNA_6653,ptg000001l,13434593,13437873,+,3281
lncRNA_6658,ptg000001l,13609084,13611487,+,2404
lncRNA_6659,ptg000001l,13623080,13625826,+,2747
lncRNA_6660,ptg000001l,13623295,13625826,+,2532
lncRNA_6661,ptg000001l,13623508,13625826,+,2319
lncRNA_6662,ptg000001l,13623520,13624960,+,1441
lncRNA_6663,ptg000001l,13623520,13625826,+,2307
lncRNA_6670,ptg000001l,13729697,13731555,+,1859
lncRNA_6671,ptg000001l,13739166,13740234,+,1069
lncRNA_6673,ptg000001l,13838634,13843964,+,5331
lncRNA_6676,ptg000001l,13923121,13925636,+,2516
lncRNA_6677,ptg000001l,13923380,13925636,+,2257
lncRNA_6678,ptg000001l,13923383,13925636,+,2254
lncRNA_6686,ptg000001l,14098892,14128085,+,29194
lncRNA_6687,ptg000001l,14098966,14103299,+,4334
lncRNA_6688,ptg000001l,14123971,14128085,+,4115
lncRNA_6692,ptg000001l,14123974,14128085,+,4112
lncRNA_6693,ptg000001l,14124008,14126392,+,2385
lncRNA_6696,ptg000001l,14258460,14280020,+,21561
lncRNA_6697,ptg000001l,14261923,14280760,+,18838
lncRNA_6699,ptg000001l,14319962,14326795,+,6834
lncRNA_6700,ptg000001l,14413659,14426689,+,13031
lncRNA_6701,ptg000001l,14568059,14572564,+,4506
lncRNA_6703,ptg000001l,14592298,14605297,+,13000
lncRNA_6704,ptg000001l,14683673,14685042,+,1370
lncRNA_6705,ptg000001l,14683695,14684283,+,589
lncRNA_6707,ptg000001l,14806998,14813965,+,6968
lncRNA_6708,ptg000001l,14807007,14813965,+,6959
lncRNA_6709,ptg000001l,14807065,14813965,+,6901
lncRNA_6710,ptg000001l,14807080,14813965,+,6886
lncRNA_6712,ptg000001l,14807092,14813965,+,6874
lncRNA_6713,ptg000001l,14807156,14813965,+,6810
lncRNA_6715,ptg000001l,14807198,14813965,+,6768
lncRNA_6717,ptg000001l,14807205,14813965,+,6761
lncRNA_6718,ptg000001l,14807230,14813965,+,6736
lncRNA_6719,ptg000001l,14807264,14813965,+,6702
lncRNA_6720,ptg000001l,14955772,14956308,+,537
lncRNA_6721,ptg000001l,15065530,15068663,+,3134
lncRNA_6722,ptg000001l,15065670,15068663,+,2994
lncRNA_6723,ptg000001l,15070031,15070637,+,607
lncRNA_6725,ptg000001l,15205162,15207564,+,2403
lncRNA_6726,ptg000001l,15206227,15207564,+,1338
lncRNA_6727,ptg000001l,15366712,15367749,+,1038
lncRNA_6728,ptg000001l,15375472,15376946,+,1475
lncRNA_6729,ptg000001l,15375488,15376946,+,1459
lncRNA_6730,ptg000001l,15412799,15413689,+,891
lncRNA_6732,ptg000001l,15520483,15525623,+,5141
lncRNA_6735,ptg000001l,15522596,15526488,+,3893
lncRNA_6736,ptg000001l,15522597,15526488,+,3892
lncRNA_6737,ptg000001l,15522608,15526488,+,3881
lncRNA_6738,ptg000001l,15522682,15526488,+,3807
lncRNA_6740,ptg000001l,15552304,15562904,+,10601
lncRNA_6741,ptg000001l,15552464,15563615,+,11152
lncRNA_6744,ptg000001l,15553700,15565456,+,11757
lncRNA_6747,ptg000001l,15556616,15567646,+,11031
lncRNA_6749,ptg000001l,15636275,15647918,+,11644
lncRNA_6750,ptg000001l,15712008,15719539,+,7532
lncRNA_6754,ptg000001l,15909571,15910832,+,1262
lncRNA_6755,ptg000001l,15912726,15926623,+,13898
lncRNA_6756,ptg000001l,15915420,15924485,+,9066
lncRNA_6758,ptg000001l,15975947,15981505,+,5559
lncRNA_6760,ptg000001l,16085630,16088556,+,2927
lncRNA_6761,ptg000001l,16093570,16096198,+,2629
lncRNA_6764,ptg000001l,16186556,16187155,+,600
lncRNA_6767,ptg000001l,16246736,16262370,+,15635
lncRNA_6771,ptg000001l,16475485,16477464,+,1980
lncRNA_6772,ptg000001l,16628175,16634300,+,6126
lncRNA_6773,ptg000001l,16604701,16608381,+,3681
lncRNA_6774,ptg000001l,16606611,16608186,+,1576
lncRNA_6776,ptg000001l,16646050,16650015,+,3966
lncRNA_6777,ptg000001l,16651154,16654442,+,3289
lncRNA_6778,ptg000001l,16652895,16654442,+,1548
lncRNA_6780,ptg000001l,16659865,16662569,+,2705
lncRNA_6781,ptg000001l,16660444,16662569,+,2126
lncRNA_6782,ptg000001l,16667398,16676137,+,8740
lncRNA_6783,ptg000001l,16667426,16676137,+,8712
lncRNA_6789,ptg000001l,16701821,16709559,+,7739
lncRNA_6791,ptg000001l,16731182,16734506,+,3325
lncRNA_6794,ptg000001l,16848248,16849174,+,927
lncRNA_6795,ptg000001l,16861926,16864143,+,2218
lncRNA_6796,ptg000001l,16879870,16905091,+,25222
lncRNA_6799,ptg000001l,16918891,16951070,+,32180
lncRNA_6800,ptg000001l,16925950,16935168,+,9219
lncRNA_6801,ptg000001l,16926106,16954127,+,28022
lncRNA_6804,ptg000001l,16980016,17002264,+,22249
lncRNA_6805,ptg000001l,16980016,17016061,+,36046
lncRNA_6808,ptg000001l,17000147,17017384,+,17238
lncRNA_6809,ptg000001l,17000578,17015189,+,14612
lncRNA_6810,ptg000001l,17000595,17017384,+,16790
lncRNA_6811,ptg000001l,17014444,17017384,+,2941
lncRNA_6814,ptg000001l,17163748,17165580,+,1833
lncRNA_6815,ptg000001l,17174930,17186923,+,11994
lncRNA_6816,ptg000001l,17180476,17184373,+,3898
lncRNA_6817,ptg000001l,17181514,17189639,+,8126
lncRNA_6818,ptg000001l,17181690,17185423,+,3734
lncRNA_6819,ptg000001l,17181744,17186923,+,5180
lncRNA_6822,ptg000001l,17243341,17251911,+,8571
lncRNA_6823,ptg000001l,17220128,17246105,+,25978
lncRNA_6824,ptg000001l,17220129,17233838,+,13710
lncRNA_6825,ptg000001l,17220129,17234658,+,14530
lncRNA_6826,ptg000001l,17225137,17238796,+,13660
lncRNA_6827,ptg000001l,17261540,17267685,+,6146
lncRNA_6828,ptg000001l,17262799,17269385,+,6587
lncRNA_6829,ptg000001l,17280565,17285013,+,4449
lncRNA_6831,ptg000001l,17290413,17295347,+,4935
lncRNA_6832,ptg000001l,17291154,17295347,+,4194
lncRNA_6833,ptg000001l,17291285,17295347,+,4063
lncRNA_6834,ptg000001l,17407480,17409803,+,2324
lncRNA_6835,ptg000001l,17440844,17442128,+,1285
lncRNA_6836,ptg000001l,17646754,17647450,+,697
lncRNA_6837,ptg000001l,17605341,17607918,+,2578
lncRNA_6846,ptg000001l,17817605,17823193,+,5589
lncRNA_6847,ptg000001l,17817611,17822799,+,5189
lncRNA_6848,ptg000001l,17817620,17823636,+,6017
lncRNA_6849,ptg000001l,17820069,17823636,+,3568
lncRNA_6850,ptg000001l,17821182,17823636,+,2455
lncRNA_6851,ptg000001l,17857537,17862089,+,4553
lncRNA_6853,ptg000001l,17876915,17884975,+,8061
lncRNA_6854,ptg000001l,17877050,17884975,+,7926
lncRNA_6855,ptg000001l,17886210,17896263,+,10054
lncRNA_6856,ptg000001l,17887130,17907703,+,20574
lncRNA_6857,ptg000001l,17887140,17908386,+,21247
lncRNA_6858,ptg000001l,17887291,17908386,+,21096
lncRNA_6859,ptg000001l,17896660,17908386,+,11727
lncRNA_6860,ptg000001l,17897284,17908386,+,11103
lncRNA_6861,ptg000001l,17898902,17910369,+,11468
lncRNA_6866,ptg000001l,18076034,18076813,+,780
lncRNA_6868,ptg000001l,18094733,18097456,+,2724
lncRNA_6871,ptg000001l,18143362,18149901,+,6540
lncRNA_6873,ptg000001l,18234496,18241444,+,6949
lncRNA_6876,ptg000001l,18424702,18424953,+,252
lncRNA_6877,ptg000001l,18595195,18599077,+,3883
lncRNA_6878,ptg000001l,18595207,18596097,+,891
lncRNA_6882,ptg000001l,18672779,18676955,+,4177
lncRNA_6890,ptg000001l,19006390,19020291,+,13902
lncRNA_6891,ptg000001l,19032304,19035709,+,3406
lncRNA_6893,ptg000001l,19171863,19173525,+,1663
lncRNA_6894,ptg000001l,19217036,19218164,+,1129
lncRNA_6906,ptg000001l,19326894,19330076,+,3183
lncRNA_6907,ptg000001l,19449371,19451931,+,2561
lncRNA_6910,ptg000001l,19584182,19586714,+,2533
lncRNA_6911,ptg000001l,19616616,19619031,+,2416
lncRNA_6912,ptg000001l,19616632,19617771,+,1140
lncRNA_6913,ptg000001l,19677841,19681847,+,4007
lncRNA_6915,ptg000001l,19682717,19689360,+,6644
lncRNA_6916,ptg000001l,19682945,19689360,+,6416
lncRNA_6917,ptg000001l,19683006,19689360,+,6355
lncRNA_6918,ptg000001l,19683061,19689360,+,6300
lncRNA_6921,ptg000001l,19683973,19689360,+,5388
lncRNA_6922,ptg000001l,19684196,19689360,+,5165
lncRNA_6923,ptg000001l,19684456,19689360,+,4905
lncRNA_6925,ptg000001l,19685590,19689360,+,3771
lncRNA_6928,ptg000001l,19685595,19689360,+,3766
lncRNA_6930,ptg000001l,19685955,19689360,+,3406
lncRNA_6931,ptg000001l,19686471,19689360,+,2890
lncRNA_6932,ptg000001l,19686489,19689360,+,2872
lncRNA_6934,ptg000001l,19687159,19689360,+,2202
lncRNA_6935,ptg000001l,19753073,19781885,+,28813
lncRNA_6936,ptg000001l,19760037,19791508,+,31472
lncRNA_6937,ptg000001l,19760248,19790239,+,29992
lncRNA_6938,ptg000001l,19763003,19792690,+,29688
lncRNA_6940,ptg000001l,19857807,19859882,+,2076
lncRNA_6941,ptg000001l,19875699,19878033,+,2335
lncRNA_6942,ptg000001l,20045887,20047328,+,1442
lncRNA_6943,ptg000001l,20062198,20069599,+,7402
lncRNA_6944,ptg000001l,20068716,20069599,+,884
lncRNA_6945,ptg000001l,20092704,20094826,+,2123
lncRNA_6946,ptg000001l,20092724,20094507,+,1784
lncRNA_6947,ptg000001l,20124534,20128793,+,4260
lncRNA_6949,ptg000001l,20154198,20164461,+,10264
lncRNA_6950,ptg000001l,20173103,20174262,+,1160
lncRNA_6951,ptg000001l,20205882,20207238,+,1357
lncRNA_6953,ptg000001l,20264407,20268867,+,4461
lncRNA_6954,ptg000001l,20264452,20272632,+,8181
lncRNA_6955,ptg000001l,20300815,20305604,+,4790
lncRNA_6956,ptg000001l,20348522,20353057,+,4536
lncRNA_6957,ptg000001l,20348532,20352420,+,3889
lncRNA_6958,ptg000001l,20348613,20353057,+,4445
lncRNA_6959,ptg000001l,20348985,20353057,+,4073
lncRNA_6962,ptg000001l,20638561,20653172,+,14612
lncRNA_6963,ptg000001l,20638901,20653435,+,14535
lncRNA_6964,ptg000001l,20638918,20653172,+,14255
lncRNA_6965,ptg000001l,20638938,20653172,+,14235
lncRNA_6968,ptg000001l,20804716,20806821,+,2106
lncRNA_6969,ptg000001l,20859794,20863184,+,3391
lncRNA_6970,ptg000001l,20870443,20873632,+,3190
lncRNA_6971,ptg000001l,20870648,20873632,+,2985
lncRNA_6972,ptg000001l,20871482,20873632,+,2151
lncRNA_6973,ptg000001l,21065814,21071053,+,5240
lncRNA_6974,ptg000001l,21066172,21071695,+,5524
lncRNA_6975,ptg000001l,21096815,21101683,+,4869
lncRNA_6976,ptg000001l,21097063,21104490,+,7428
lncRNA_6977,ptg000001l,21097357,21104676,+,7320
lncRNA_6982,ptg000001l,21119315,21120516,+,1202
lncRNA_6983,ptg000001l,21141595,21142529,+,935
lncRNA_6984,ptg000001l,21158419,21160699,+,2281
lncRNA_6985,ptg000001l,21183307,21186148,+,2842
lncRNA_6986,ptg000001l,21183726,21186148,+,2423
lncRNA_6987,ptg000001l,21183848,21186148,+,2301
lncRNA_6988,ptg000001l,21183893,21186148,+,2256
lncRNA_6989,ptg000001l,21310007,21312954,+,2948
lncRNA_6990,ptg000001l,21368891,21377607,+,8717
lncRNA_6991,ptg000001l,21369349,21371941,+,2593
lncRNA_6992,ptg000001l,21369438,21377607,+,8170
lncRNA_6993,ptg000001l,21369533,21382551,+,13019
lncRNA_6994,ptg000001l,21369565,21372454,+,2890
lncRNA_6995,ptg000001l,21405874,21419326,+,13453
lncRNA_7054,ptg000001l,1757731,1760439,+,2709
lncRNA_7086,ptg000001l,2238799,2241981,+,3183
lncRNA_7123,ptg000001l,2602853,2608718,+,5866
lncRNA_7126,ptg000001l,2863453,2868506,+,5054
lncRNA_7127,ptg000001l,2895723,2897009,+,1287
lncRNA_7128,ptg000001l,2895926,2897009,+,1084
lncRNA_7129,ptg000001l,2906845,2907689,+,845
lncRNA_7130,ptg000001l,2906894,2907689,+,796
lncRNA_7139,ptg000001l,3369121,3371384,+,2264
lncRNA_7141,ptg000001l,3625856,3631381,+,5526
lncRNA_7143,ptg000001l,3853484,3855670,+,2187
lncRNA_7145,ptg000001l,3855007,3869604,+,14598
lncRNA_7146,ptg000001l,4286328,4292326,+,5999
lncRNA_7149,ptg000001l,4487759,4493092,+,5334
lncRNA_7150,ptg000001l,4487759,4500642,+,12884
lncRNA_7152,ptg000001l,4562663,4563750,+,1088
lncRNA_7159,ptg000001l,5145717,5153703,+,7987
lncRNA_7160,ptg000001l,5145717,5153909,+,8193
lncRNA_7161,ptg000001l,5145717,5158174,+,12458
lncRNA_7162,ptg000001l,5145727,5153139,+,7413
lncRNA_7163,ptg000001l,5159911,5169630,+,9720
lncRNA_7165,ptg000001l,5302993,5307159,+,4167
lncRNA_7166,ptg000001l,5331688,5347583,+,15896
lncRNA_7167,ptg000001l,5335076,5347583,+,12508
lncRNA_7168,ptg000001l,5336655,5357869,+,21215
lncRNA_7169,ptg000001l,5340414,5360762,+,20349
lncRNA_7171,ptg000001l,5420273,5423862,+,3590
lncRNA_7178,ptg000001l,5572879,5574663,+,1785
lncRNA_7180,ptg000001l,5647002,5648054,+,1053
lncRNA_7181,ptg000001l,5647002,5648426,+,1425
lncRNA_7182,ptg000001l,5694595,5696368,+,1774
lncRNA_7185,ptg000001l,5805019,5806961,+,1943
lncRNA_7186,ptg000001l,5805843,5806961,+,1119
lncRNA_7190,ptg000001l,5873670,5875579,+,1910
lncRNA_7191,ptg000001l,5873692,5875579,+,1888
lncRNA_7195,ptg000001l,6104754,6106771,+,2018
lncRNA_7196,ptg000001l,6174545,6177569,+,3025
lncRNA_7206,ptg000001l,6518057,6520179,+,2123
lncRNA_7208,ptg000001l,6585314,6587178,+,1865
lncRNA_7209,ptg000001l,6588675,6604006,+,15332
lncRNA_7212,ptg000001l,6623425,6625997,+,2573
lncRNA_7213,ptg000001l,6642178,6645229,+,3052
lncRNA_7214,ptg000001l,6642324,6646066,+,3743
lncRNA_7216,ptg000001l,6698050,6702399,+,4350
lncRNA_7217,ptg000001l,6705810,6706400,+,591
lncRNA_7218,ptg000001l,6714537,6718372,+,3836
lncRNA_7220,ptg000001l,6879777,6881337,+,1561
lncRNA_7221,ptg000001l,6879888,6881337,+,1450
lncRNA_7222,ptg000001l,7030755,7116665,+,85911
lncRNA_7226,ptg000001l,7321859,7385922,+,64064
lncRNA_7227,ptg000001l,7391735,7455400,+,63666
lncRNA_7240,ptg000001l,7829072,7831332,+,2261
lncRNA_7243,ptg000001l,7916804,7918646,+,1843
lncRNA_7244,ptg000001l,7916809,7918646,+,1838
lncRNA_7246,ptg000001l,8115077,8116056,+,980
lncRNA_7249,ptg000001l,8224065,8240787,+,16723
lncRNA_7254,ptg000001l,8483036,8485195,+,2160
lncRNA_7255,ptg000001l,8658155,8661468,+,3314
lncRNA_7256,ptg000001l,8677780,8680320,+,2541
lncRNA_7257,ptg000001l,8812748,8818026,+,5279
lncRNA_7259,ptg000001l,8763544,8769154,+,5611
lncRNA_7261,ptg000001l,8933513,8941270,+,7758
lncRNA_7262,ptg000001l,9278831,9285009,+,6179
lncRNA_7263,ptg000001l,9279463,9284705,+,5243
lncRNA_7266,ptg000001l,9353078,9355184,+,2107
lncRNA_7267,ptg000001l,9405920,9422839,+,16920
lncRNA_7268,ptg000001l,9406302,9423638,+,17337
lncRNA_7269,ptg000001l,9418332,9459751,+,41420
lncRNA_7272,ptg000001l,9467488,9469600,+,2113
lncRNA_7273,ptg000001l,9671405,9673984,+,2580
lncRNA_7274,ptg000001l,9671405,9674809,+,3405
lncRNA_7277,ptg000001l,9671579,9673984,+,2406
lncRNA_7278,ptg000001l,9672012,9684428,+,12417
lncRNA_7279,ptg000001l,9672306,9684296,+,11991
lncRNA_7280,ptg000001l,9704324,9705713,+,1390
lncRNA_7281,ptg000001l,9704969,9706716,+,1748
lncRNA_7282,ptg000001l,9753641,9755357,+,1717
lncRNA_7283,ptg000001l,9849813,9851315,+,1503
lncRNA_7284,ptg000001l,9819963,9846043,+,26081
lncRNA_7285,ptg000001l,9828828,9836010,+,7183
lncRNA_7286,ptg000001l,9842540,9845101,+,2562
lncRNA_7287,ptg000001l,9928023,9932232,+,4210
lncRNA_7288,ptg000001l,9928355,9932232,+,3878
lncRNA_7289,ptg000001l,9988755,9991086,+,2332
lncRNA_7290,ptg000001l,10069596,10070691,+,1096
lncRNA_7291,ptg000001l,10081028,10083255,+,2228
lncRNA_7292,ptg000001l,10115291,10183528,+,68238
lncRNA_7293,ptg000001l,10220168,10223184,+,3017
lncRNA_7300,ptg000001l,10307396,10310694,+,3299
lncRNA_7308,ptg000001l,10527173,10536084,+,8912
lncRNA_7310,ptg000001l,10588777,10589564,+,788
lncRNA_7311,ptg000001l,10644460,10649600,+,5141
lncRNA_7312,ptg000001l,10644463,10649600,+,5138
lncRNA_7317,ptg000001l,11017428,11035917,+,18490
lncRNA_7318,ptg000001l,11031447,11036680,+,5234
lncRNA_7319,ptg000001l,11020401,11027419,+,7019
lncRNA_7320,ptg000001l,11026463,11033798,+,7336
lncRNA_7329,ptg000001l,11598681,11621868,+,23188
lncRNA_7332,ptg000001l,11691015,11696567,+,5553
lncRNA_7333,ptg000001l,11716036,11727174,+,11139
lncRNA_7335,ptg000001l,11869878,11889794,+,19917
lncRNA_7338,ptg000001l,11991267,12014505,+,23239
lncRNA_7339,ptg000001l,11991302,12013991,+,22690
lncRNA_7341,ptg000001l,12061262,12097775,+,36514
lncRNA_7342,ptg000001l,12130908,12141778,+,10871
lncRNA_7343,ptg000001l,12131200,12141778,+,10579
lncRNA_7344,ptg000001l,12143061,12144960,+,1900
lncRNA_7345,ptg000001l,12145001,12154680,+,9680
lncRNA_7346,ptg000001l,12149979,12154680,+,4702
lncRNA_7347,ptg000001l,12152292,12154680,+,2389
lncRNA_7348,ptg000001l,12157280,12162850,+,5571
lncRNA_7349,ptg000001l,12157775,12161008,+,3234
lncRNA_7350,ptg000001l,12183695,12190471,+,6777
lncRNA_7351,ptg000001l,12359309,12361879,+,2571
lncRNA_7352,ptg000001l,12360023,12361879,+,1857
lncRNA_7353,ptg000001l,12365150,12366488,+,1339
lncRNA_7356,ptg000001l,12437077,12437765,+,689
lncRNA_7357,ptg000001l,12438032,12438769,+,738
lncRNA_7358,ptg000001l,12513256,12514793,+,1538
lncRNA_7359,ptg000001l,12607781,12608542,+,762
lncRNA_7360,ptg000001l,12611451,12632654,+,21204
lncRNA_7362,ptg000001l,12666767,12700712,+,33946
lncRNA_7363,ptg000001l,12669628,12675283,+,5656
lncRNA_7364,ptg000001l,12684537,12730799,+,46263
lncRNA_7365,ptg000001l,12716869,12766452,+,49584
lncRNA_7368,ptg000001l,12996120,12998116,+,1997
lncRNA_7369,ptg000001l,13004634,13006710,+,2077
lncRNA_7373,ptg000001l,12737529,12737809,+,281
lncRNA_7382,ptg000001l,13034711,13063801,+,29091
lncRNA_7384,ptg000001l,13034848,13063801,+,28954
lncRNA_7386,ptg000001l,13012123,13013074,+,952
lncRNA_7387,ptg000001l,13014137,13016762,+,2626
lncRNA_7389,ptg000001l,13213140,13215395,+,2256
lncRNA_7390,ptg000001l,13213501,13215395,+,1895
lncRNA_7393,ptg000001l,13219154,13274260,+,55107
lncRNA_7395,ptg000001l,13235638,13257818,+,22181
lncRNA_7396,ptg000001l,13237737,13244319,+,6583
lncRNA_7397,ptg000001l,13366011,13372129,+,6119
lncRNA_7398,ptg000001l,13418025,13420783,+,2759
lncRNA_7400,ptg000001l,13609075,13611231,+,2157
lncRNA_7401,ptg000001l,13889230,13893669,+,4440
lncRNA_7402,ptg000001l,14107744,14118402,+,10659
lncRNA_7408,ptg000001l,13160563,13207310,+,46748
lncRNA_7411,ptg000001l,13160616,13211207,+,50592
lncRNA_7420,ptg000001l,13200571,13211207,+,10637
lncRNA_7423,ptg000001l,13191761,13193863,+,2103
lncRNA_7424,ptg000001l,13191761,13196379,+,4619
lncRNA_7427,ptg000001l,13623640,13627262,+,3623
lncRNA_7433,ptg000001l,13698882,13700824,+,1943
lncRNA_7434,ptg000001l,13816238,13871160,+,54923
lncRNA_7435,ptg000001l,13883057,13883903,+,847
lncRNA_7436,ptg000001l,13904168,13911102,+,6935
lncRNA_7438,ptg000001l,14139892,14142288,+,2397
lncRNA_7439,ptg000001l,14342348,14346120,+,3773
lncRNA_7440,ptg000001l,14469315,14500374,+,31060
lncRNA_7441,ptg000001l,14469384,14500374,+,30991
lncRNA_7443,ptg000001l,14619533,14620700,+,1168
lncRNA_7445,ptg000001l,14664259,14665894,+,1636
lncRNA_7446,ptg000001l,14684170,14684984,+,815
lncRNA_7450,ptg000001l,14692111,14693736,+,1626
lncRNA_7451,ptg000001l,14809006,14811841,+,2836
lncRNA_7452,ptg000001l,14809672,14812387,+,2716
lncRNA_7455,ptg000001l,14853311,14854680,+,1370
lncRNA_7456,ptg000001l,14853473,14855041,+,1569
lncRNA_7458,ptg000001l,15075978,15083608,+,7631
lncRNA_7465,ptg000001l,15348885,15354173,+,5289
lncRNA_7466,ptg000001l,15349088,15356567,+,7480
lncRNA_7467,ptg000001l,15349116,15356567,+,7452
lncRNA_7469,ptg000001l,15349137,15356567,+,7431
lncRNA_7470,ptg000001l,15350049,15356567,+,6519
lncRNA_7471,ptg000001l,15350052,15356567,+,6516
lncRNA_7473,ptg000001l,15350054,15356567,+,6514
lncRNA_7474,ptg000001l,15350692,15356567,+,5876
lncRNA_7475,ptg000001l,15354319,15356567,+,2249
lncRNA_7476,ptg000001l,15354347,15356567,+,2221
lncRNA_7477,ptg000001l,15370192,15374701,+,4510
lncRNA_7478,ptg000001l,15370197,15374701,+,4505
lncRNA_7479,ptg000001l,15370277,15374701,+,4425
lncRNA_7480,ptg000001l,15370361,15373633,+,3273
lncRNA_7486,ptg000001l,15379445,15382309,+,2865
lncRNA_7488,ptg000001l,15422047,15429087,+,7041
lncRNA_7490,ptg000001l,15423983,15453472,+,29490
lncRNA_7491,ptg000001l,15424181,15453886,+,29706
lncRNA_7492,ptg000001l,15455471,15456727,+,1257
lncRNA_7493,ptg000001l,15472467,15474862,+,2396
lncRNA_7494,ptg000001l,15472664,15474862,+,2199
lncRNA_7495,ptg000001l,15520484,15525263,+,4780
lncRNA_7496,ptg000001l,15520841,15525801,+,4961
lncRNA_7497,ptg000001l,15521488,15525801,+,4314
lncRNA_7498,ptg000001l,15521515,15525263,+,3749
lncRNA_7499,ptg000001l,15521676,15525801,+,4126
lncRNA_7500,ptg000001l,15521681,15525801,+,4121
lncRNA_7501,ptg000001l,15522606,15526636,+,4031
lncRNA_7502,ptg000001l,15552341,15563876,+,11536
lncRNA_7503,ptg000001l,15552550,15584637,+,32088
lncRNA_7504,ptg000001l,15562404,15592013,+,29610
lncRNA_7505,ptg000001l,15562535,15585622,+,23088
lncRNA_7506,ptg000001l,15583182,15584935,+,1754
lncRNA_7507,ptg000001l,15583197,15584637,+,1441
lncRNA_7508,ptg000001l,15583425,15584637,+,1213
lncRNA_7509,ptg000001l,15583540,15592013,+,8474
lncRNA_7512,ptg000001l,15647242,15650088,+,2847
lncRNA_7513,ptg000001l,15647331,15650088,+,2758
lncRNA_7514,ptg000001l,15666436,15667600,+,1165
lncRNA_7515,ptg000001l,15699593,15735712,+,36120
lncRNA_7517,ptg000001l,15699911,15734731,+,34821
lncRNA_7518,ptg000001l,15700178,15734731,+,34554
lncRNA_7519,ptg000001l,15700188,15720512,+,20325
lncRNA_7520,ptg000001l,15700188,15734731,+,34544
lncRNA_7521,ptg000001l,15700212,15735712,+,35501
lncRNA_7522,ptg000001l,15700302,15734731,+,34430
lncRNA_7523,ptg000001l,15705120,15722113,+,16994
lncRNA_7524,ptg000001l,15726601,15741015,+,14415
lncRNA_7525,ptg000001l,15752508,15757419,+,4912
lncRNA_7526,ptg000001l,15767865,15770878,+,3014
lncRNA_7527,ptg000001l,15805000,15807119,+,2120
lncRNA_7528,ptg000001l,15848858,15850611,+,1754
lncRNA_7529,ptg000001l,15914002,15931948,+,17947
lncRNA_7530,ptg000001l,15914375,15929624,+,15250
lncRNA_7531,ptg000001l,15914750,15932813,+,18064
lncRNA_7532,ptg000001l,15915446,15932813,+,17368
lncRNA_7533,ptg000001l,15915798,15932813,+,17016
lncRNA_7534,ptg000001l,15921872,15932813,+,10942
lncRNA_7536,ptg000001l,15922341,15932813,+,10473
lncRNA_7537,ptg000001l,15922659,15929624,+,6966
lncRNA_7538,ptg000001l,15923729,15932813,+,9085
lncRNA_7539,ptg000001l,16014530,16015568,+,1039
lncRNA_7541,ptg000001l,16075029,16081579,+,6551
lncRNA_7542,ptg000001l,16076256,16078713,+,2458
lncRNA_7543,ptg000001l,16077882,16080629,+,2748
lncRNA_7546,ptg000001l,16167977,16172144,+,4168
lncRNA_7547,ptg000001l,16304942,16321677,+,16736
lncRNA_7548,ptg000001l,16316158,16324692,+,8535
lncRNA_7549,ptg000001l,16319975,16340186,+,20212
lncRNA_7550,ptg000001l,16352566,16358007,+,5442
lncRNA_7551,ptg000001l,16352778,16358898,+,6121
lncRNA_7552,ptg000001l,16353870,16358898,+,5029
lncRNA_7553,ptg000001l,16356812,16358898,+,2087
lncRNA_7554,ptg000001l,16357057,16358898,+,1842
lncRNA_7555,ptg000001l,16358022,16358898,+,877
lncRNA_7556,ptg000001l,16371076,16371762,+,687
lncRNA_7557,ptg000001l,16378041,16381732,+,3692
lncRNA_7559,ptg000001l,16427632,16428547,+,916
lncRNA_7560,ptg000001l,16582812,16585939,+,3128
lncRNA_7561,ptg000001l,16583241,16583886,+,646
lncRNA_7562,ptg000001l,16606278,16609050,+,2773
lncRNA_7564,ptg000001l,16669665,16676313,+,6649
lncRNA_7565,ptg000001l,16488719,16491035,+,2317
lncRNA_7566,ptg000001l,16488770,16491035,+,2266
lncRNA_7567,ptg000001l,16488784,16491035,+,2252
lncRNA_7570,ptg000001l,16618940,16623255,+,4316
lncRNA_7571,ptg000001l,16659865,16666913,+,7049
lncRNA_7572,ptg000001l,16659932,16665852,+,5921
lncRNA_7573,ptg000001l,16660820,16665852,+,5033
lncRNA_7577,ptg000001l,16701613,16709559,+,7947
lncRNA_7580,ptg000001l,16727773,16728270,+,498
lncRNA_7581,ptg000001l,16728553,16730037,+,1485
lncRNA_7583,ptg000001l,16807262,16808620,+,1359
lncRNA_7586,ptg000001l,16919453,16951922,+,32470
lncRNA_7588,ptg000001l,16933542,16940300,+,6759
lncRNA_7590,ptg000001l,16985696,17013278,+,27583
lncRNA_7592,ptg000001l,16969516,16971086,+,1571
lncRNA_7594,ptg000001l,16981369,17002214,+,20846
lncRNA_7598,ptg000001l,17093054,17100270,+,7217
lncRNA_7599,ptg000001l,17144824,17147997,+,3174
lncRNA_7600,ptg000001l,17183671,17186923,+,3253
lncRNA_7601,ptg000001l,17183682,17186923,+,3242
lncRNA_7602,ptg000001l,17184318,17186923,+,2606
lncRNA_7603,ptg000001l,17221268,17236851,+,15584
lncRNA_7607,ptg000001l,17242201,17244760,+,2560
lncRNA_7608,ptg000001l,17273828,17275466,+,1639
lncRNA_7609,ptg000001l,17273842,17275466,+,1625
lncRNA_7610,ptg000001l,17410738,17416771,+,6034
lncRNA_7611,ptg000001l,17410785,17416771,+,5987
lncRNA_7612,ptg000001l,17417706,17421034,+,3329
lncRNA_7613,ptg000001l,17615542,17618035,+,2494
lncRNA_7614,ptg000001l,17673055,17673717,+,663
lncRNA_7616,ptg000001l,17789663,17791060,+,1398
lncRNA_7617,ptg000001l,17886960,17908987,+,22028
lncRNA_7618,ptg000001l,17819568,17823845,+,4278
lncRNA_7619,ptg000001l,17819610,17822712,+,3103
lncRNA_7620,ptg000001l,17820941,17822712,+,1772
lncRNA_7622,ptg000001l,17881586,17884967,+,3382
lncRNA_7625,ptg000001l,18062703,18063676,+,974
lncRNA_7627,ptg000001l,18586444,18588284,+,1841
lncRNA_7628,ptg000001l,18649707,18650966,+,1260
lncRNA_7629,ptg000001l,18658205,18664168,+,5964
lncRNA_7633,ptg000001l,18670278,18672428,+,2151
lncRNA_7634,ptg000001l,18679988,18682948,+,2961
lncRNA_7636,ptg000001l,18703366,18709680,+,6315
lncRNA_7637,ptg000001l,18703375,18709680,+,6306
lncRNA_7638,ptg000001l,18703465,18708962,+,5498
lncRNA_7639,ptg000001l,18703476,18709680,+,6205
lncRNA_7641,ptg000001l,18865217,18872671,+,7455
lncRNA_7647,ptg000001l,18919322,18928430,+,9109
lncRNA_7648,ptg000001l,18927793,18938546,+,10754
lncRNA_7649,ptg000001l,19026903,19028965,+,2063
lncRNA_7651,ptg000001l,19093145,19118619,+,25475
lncRNA_7656,ptg000001l,19247548,19252232,+,4685
lncRNA_7657,ptg000001l,19249028,19252232,+,3205
lncRNA_7659,ptg000001l,19249463,19252232,+,2770
lncRNA_7660,ptg000001l,19249570,19252232,+,2663
lncRNA_7661,ptg000001l,19249609,19252232,+,2624
lncRNA_7662,ptg000001l,19249615,19252232,+,2618
lncRNA_7667,ptg000001l,19332567,19334973,+,2407
lncRNA_7668,ptg000001l,19438372,19441576,+,3205
lncRNA_7670,ptg000001l,19496101,19501117,+,5017
lncRNA_7671,ptg000001l,19496839,19501117,+,4279
lncRNA_7672,ptg000001l,19496892,19501117,+,4226
lncRNA_7673,ptg000001l,19497516,19501117,+,3602
lncRNA_7674,ptg000001l,19497798,19501117,+,3320
lncRNA_7676,ptg000001l,19584797,19586714,+,1918
lncRNA_7679,ptg000001l,19620619,19652571,+,31953
lncRNA_7680,ptg000001l,19620636,19638223,+,17588
lncRNA_7681,ptg000001l,19620692,19681847,+,61156
lncRNA_7686,ptg000001l,19648187,19674398,+,26212
lncRNA_7691,ptg000001l,19684322,19689360,+,5039
lncRNA_7694,ptg000001l,19684486,19689360,+,4875
lncRNA_7700,ptg000001l,19685609,19689360,+,3752
lncRNA_7701,ptg000001l,19687253,19689360,+,2108
lncRNA_7703,ptg000001l,19891507,19891902,+,396
lncRNA_7704,ptg000001l,19891521,19891902,+,382
lncRNA_7705,ptg000001l,19930153,19938483,+,8331
lncRNA_7706,ptg000001l,20039996,20040589,+,594
lncRNA_7707,ptg000001l,20040018,20040589,+,572
lncRNA_7710,ptg000001l,20162178,20163151,+,974
lncRNA_7712,ptg000001l,20232245,20235499,+,3255
lncRNA_7714,ptg000001l,20232579,20235499,+,2921
lncRNA_7715,ptg000001l,20232617,20235499,+,2883
lncRNA_7716,ptg000001l,20277415,20279580,+,2166
lncRNA_7718,ptg000001l,20305015,20315337,+,10323
lncRNA_7723,ptg000001l,20632560,20635752,+,3193
lncRNA_7725,ptg000001l,20632572,20635752,+,3181
lncRNA_7727,ptg000001l,20643781,20657934,+,14154
lncRNA_7728,ptg000001l,20639311,20652528,+,13218
lncRNA_7729,ptg000001l,20704897,20710248,+,5352
lncRNA_7730,ptg000001l,20722259,20724911,+,2653
lncRNA_7731,ptg000001l,20722964,20724911,+,1948
lncRNA_7732,ptg000001l,20757636,20759208,+,1573
lncRNA_7733,ptg000001l,20871599,20875443,+,3845
lncRNA_7734,ptg000001l,20871815,20875443,+,3629
lncRNA_7735,ptg000001l,20871908,20875443,+,3536
lncRNA_7736,ptg000001l,20871914,20875443,+,3530
lncRNA_7738,ptg000001l,20866151,20869594,+,3444
lncRNA_7740,ptg000001l,20886852,20889798,+,2947
lncRNA_7741,ptg000001l,20886862,20889798,+,2937
lncRNA_7742,ptg000001l,20911712,20917369,+,5658
lncRNA_7743,ptg000001l,21096627,21099659,+,3033
lncRNA_7746,ptg000001l,21129266,21130214,+,949
lncRNA_7748,ptg000001l,21245817,21247292,+,1476
lncRNA_7750,ptg000001l,21351084,21351752,+,669
lncRNA_7751,ptg000001l,21421813,21431758,+,9946
lncRNA_7752,ptg000001l,21421828,21431758,+,9931
lncRNA_7753,ptg000001l,21422755,21431758,+,9004
lncRNA_7754,ptg000001l,21422767,21424336,+,1570
lncRNA_7755,ptg000001l,21422781,21424336,+,1556
lncRNA_7756,ptg000001l,21422911,21431758,+,8848
lncRNA_7809,ptg000001l,1700480,1701611,+,1132
lncRNA_7853,ptg000001l,3055243,3056294,+,1052
lncRNA_7874,ptg000001l,3308209,3309305,+,1097
lncRNA_7884,ptg000001l,3435531,3436933,+,1403
lncRNA_7892,ptg000001l,3542141,3542880,+,740
lncRNA_7894,ptg000001l,3622038,3624953,+,2916
lncRNA_7897,ptg000001l,3715432,3717645,+,2214
lncRNA_7927,ptg000001l,3983238,3984219,+,982
lncRNA_7965,ptg000001l,4606720,4609310,+,2591
lncRNA_7995,ptg000001l,5052742,5052955,+,214
lncRNA_8004,ptg000001l,5104047,5105340,+,1294
lncRNA_8013,ptg000001l,5674080,5674320,+,241
lncRNA_8017,ptg000001l,5784789,5786310,+,1522
lncRNA_8035,ptg000001l,6097342,6098648,+,1307
lncRNA_8052,ptg000001l,6972222,6972541,+,320
lncRNA_8087,ptg000001l,9573942,9575792,+,1851
lncRNA_8088,ptg000001l,9586267,9586909,+,643
lncRNA_8095,ptg000001l,9621238,9622288,+,1051
lncRNA_8122,ptg000001l,10261604,10263598,+,1995
lncRNA_8125,ptg000001l,10541186,10542369,+,1184
lncRNA_8127,ptg000001l,10589706,10592269,+,2564
lncRNA_8129,ptg000001l,10680030,10680863,+,834
lncRNA_8130,ptg000001l,10722391,10723441,+,1051
lncRNA_8132,ptg000001l,10926719,10928189,+,1471
lncRNA_8180,ptg000001l,12103929,12105128,+,1200
lncRNA_8195,ptg000001l,12362287,12363270,+,984
lncRNA_8200,ptg000001l,12439501,12440636,+,1136
lncRNA_8202,ptg000001l,12491787,12493127,+,1341
lncRNA_8205,ptg000001l,12801989,12802308,+,320
lncRNA_8206,ptg000001l,13660713,13661480,+,768
lncRNA_8228,ptg000001l,15099579,15101404,+,1826
lncRNA_8229,ptg000001l,15136118,15136488,+,371
lncRNA_8275,ptg000001l,16713399,16715577,+,2179
lncRNA_8320,ptg000001l,18744080,18744747,+,668
lncRNA_8331,ptg000001l,18842245,18842704,+,460
lncRNA_8375,ptg000001l,20628167,20629167,+,1001
lncRNA_8380,ptg000001l,20899427,20900883,+,1457
lncRNA_8392,ptg000002l,187205,189266,+,2062
lncRNA_8402,ptg000002l,1435864,1441128,+,5265
lncRNA_8403,ptg000002l,1435871,1440916,+,5046
lncRNA_8404,ptg000002l,1435972,1441128,+,5157
lncRNA_8407,ptg000002l,1571449,1577868,+,6420
lncRNA_8409,ptg000002l,1571662,1577868,+,6207
lncRNA_8410,ptg000002l,1574570,1580197,+,5628
lncRNA_8416,ptg000002l,2377475,2400933,+,23459
lncRNA_8419,ptg000002l,2495234,2497591,+,2358
lncRNA_8420,ptg000002l,2495292,2497591,+,2300
lncRNA_8427,ptg000002l,2715325,2718949,+,3625
lncRNA_8431,ptg000002l,2918952,2921037,+,2086
lncRNA_8432,ptg000002l,3026807,3029113,+,2307
lncRNA_8433,ptg000002l,3031503,3046156,+,14654
lncRNA_8434,ptg000002l,3086708,3089507,+,2800
lncRNA_8435,ptg000002l,3140217,3150163,+,9947
lncRNA_8436,ptg000002l,3142142,3148724,+,6583
lncRNA_8437,ptg000002l,3231102,3238171,+,7070
lncRNA_8439,ptg000002l,3231109,3238171,+,7063
lncRNA_8444,ptg000002l,3231669,3238171,+,6503
lncRNA_8452,ptg000002l,3232195,3238171,+,5977
lncRNA_8455,ptg000002l,3232247,3238171,+,5925
lncRNA_8460,ptg000002l,3233481,3238171,+,4691
lncRNA_8462,ptg000002l,3233553,3238171,+,4619
lncRNA_8463,ptg000002l,3234266,3238171,+,3906
lncRNA_8465,ptg000002l,3234267,3238171,+,3905
lncRNA_8467,ptg000002l,3294749,3295388,+,640
lncRNA_8468,ptg000002l,3312257,3316278,+,4022
lncRNA_8469,ptg000002l,3343428,3349003,+,5576
lncRNA_8470,ptg000002l,3345538,3349003,+,3466
lncRNA_8471,ptg000002l,3347337,3349003,+,1667
lncRNA_8481,ptg000002l,3729788,3731273,+,1486
lncRNA_8482,ptg000002l,3730032,3731273,+,1242
lncRNA_8488,ptg000002l,3853405,3857704,+,4300
lncRNA_8491,ptg000002l,3969728,3973979,+,4252
lncRNA_8494,ptg000002l,4203607,4207206,+,3600
lncRNA_8495,ptg000002l,4205811,4207206,+,1396
lncRNA_8501,ptg000002l,4367044,4372237,+,5194
lncRNA_8502,ptg000002l,4367052,4368644,+,1593
lncRNA_8503,ptg000002l,4367052,4372237,+,5186
lncRNA_8504,ptg000002l,4367450,4372237,+,4788
lncRNA_8507,ptg000002l,4528567,4530181,+,1615
lncRNA_8508,ptg000002l,4546493,4547398,+,906
lncRNA_8509,ptg000002l,4546631,4547368,+,738
lncRNA_8515,ptg000002l,4684514,4687997,+,3484
lncRNA_8518,ptg000002l,4931912,4932805,+,894
lncRNA_8519,ptg000002l,5112782,5113618,+,837
lncRNA_8520,ptg000002l,5174761,5177607,+,2847
lncRNA_8521,ptg000002l,5267403,5268546,+,1144
lncRNA_8522,ptg000002l,5322970,5327345,+,4376
lncRNA_8523,ptg000002l,5336444,5340071,+,3628
lncRNA_8524,ptg000002l,5336480,5340071,+,3592
lncRNA_8527,ptg000002l,5352553,5358191,+,5639
lncRNA_8529,ptg000002l,5367107,5371655,+,4549
lncRNA_8530,ptg000002l,5367154,5371655,+,4502
lncRNA_8531,ptg000002l,5367234,5371655,+,4422
lncRNA_8532,ptg000002l,5368981,5371655,+,2675
lncRNA_8533,ptg000002l,5379014,5380582,+,1569
lncRNA_8535,ptg000002l,5414932,5417632,+,2701
lncRNA_8536,ptg000002l,5429541,5443657,+,14117
lncRNA_8537,ptg000002l,5429624,5443657,+,14034
lncRNA_8538,ptg000002l,5429640,5443657,+,14018
lncRNA_8539,ptg000002l,5434133,5443657,+,9525
lncRNA_8540,ptg000002l,5434454,5443657,+,9204
lncRNA_8541,ptg000002l,5435086,5442601,+,7516
lncRNA_8542,ptg000002l,5435930,5436822,+,893
lncRNA_8543,ptg000002l,5673120,5675920,+,2801
lncRNA_8544,ptg000002l,5673128,5682855,+,9728
lncRNA_8545,ptg000002l,5682899,5710443,+,27545
lncRNA_8546,ptg000002l,5682901,5710132,+,27232
lncRNA_8547,ptg000002l,5682951,5710443,+,27493
lncRNA_8548,ptg000002l,5702769,5710443,+,7675
lncRNA_8549,ptg000002l,5702787,5710132,+,7346
lncRNA_8550,ptg000002l,5702788,5709550,+,6763
lncRNA_8554,ptg000002l,5813220,5815572,+,2353
lncRNA_8555,ptg000002l,5838666,5850553,+,11888
lncRNA_8561,ptg000002l,5943557,5956881,+,13325
lncRNA_8562,ptg000002l,5943654,5948715,+,5062
lncRNA_8564,ptg000002l,6264320,6265105,+,786
lncRNA_8566,ptg000002l,6420473,6436493,+,16021
lncRNA_8567,ptg000002l,6425208,6429598,+,4391
lncRNA_8568,ptg000002l,6428277,6429598,+,1322
lncRNA_8569,ptg000002l,6444698,6448853,+,4156
lncRNA_8570,ptg000002l,6508301,6518008,+,9708
lncRNA_8573,ptg000002l,6529639,6533922,+,4284
lncRNA_8574,ptg000002l,6529641,6540946,+,11306
lncRNA_8575,ptg000002l,6575000,6577068,+,2069
lncRNA_8576,ptg000002l,6684612,6685719,+,1108
lncRNA_8577,ptg000002l,6684631,6685719,+,1089
lncRNA_8578,ptg000002l,6691658,6691963,+,306
lncRNA_8579,ptg000002l,6695895,6698601,+,2707
lncRNA_8582,ptg000002l,6969870,6975256,+,5387
lncRNA_8583,ptg000002l,6982111,6984114,+,2004
lncRNA_8584,ptg000002l,6982147,6984114,+,1968
lncRNA_8586,ptg000002l,7090426,7095006,+,4581
lncRNA_8587,ptg000002l,7097832,7098421,+,590
lncRNA_8588,ptg000002l,7177973,7180377,+,2405
lncRNA_8590,ptg000002l,7345642,7346133,+,492
lncRNA_8591,ptg000002l,7382132,7389962,+,7831
lncRNA_8592,ptg000002l,7386207,7389962,+,3756
lncRNA_8593,ptg000002l,7382815,7400243,+,17429
lncRNA_8594,ptg000002l,7385254,7398993,+,13740
lncRNA_8596,ptg000002l,7434364,7437769,+,3406
lncRNA_8597,ptg000002l,7435581,7437841,+,2261
lncRNA_8598,ptg000002l,7436341,7437841,+,1501
lncRNA_8599,ptg000002l,7523921,7539917,+,15997
lncRNA_8600,ptg000002l,7523925,7539917,+,15993
lncRNA_8601,ptg000002l,7540995,7549509,+,8515
lncRNA_8602,ptg000002l,7572061,7573369,+,1309
lncRNA_8603,ptg000002l,7673781,7681129,+,7349
lncRNA_8604,ptg000002l,7650483,7652049,+,1567
lncRNA_8606,ptg000002l,7700043,7703908,+,3866
lncRNA_8607,ptg000002l,7744399,7745094,+,696
lncRNA_8608,ptg000002l,7786201,7787136,+,936
lncRNA_8609,ptg000002l,7793370,7795406,+,2037
lncRNA_8616,ptg000002l,8221795,8223917,+,2123
lncRNA_8617,ptg000002l,8222327,8227439,+,5113
lncRNA_8622,ptg000002l,8339527,8342554,+,3028
lncRNA_8623,ptg000002l,8339626,8342554,+,2929
lncRNA_8625,ptg000002l,8358426,8361694,+,3269
lncRNA_8627,ptg000002l,8358454,8361694,+,3241
lncRNA_8629,ptg000002l,8492656,8495177,+,2522
lncRNA_8630,ptg000002l,8523607,8526879,+,3273
lncRNA_8634,ptg000002l,8592885,8596877,+,3993
lncRNA_8635,ptg000002l,8623693,8629433,+,5741
lncRNA_8639,ptg000002l,8713912,8714649,+,738
lncRNA_8640,ptg000002l,8705532,8707972,+,2441
lncRNA_8641,ptg000002l,8714935,8717569,+,2635
lncRNA_8642,ptg000002l,8714960,8717569,+,2610
lncRNA_8644,ptg000002l,8760830,8780857,+,20028
lncRNA_8648,ptg000002l,8991985,8999366,+,7382
lncRNA_8649,ptg000002l,8991988,8999366,+,7379
lncRNA_8650,ptg000002l,8992060,8999366,+,7307
lncRNA_8651,ptg000002l,8996194,8999366,+,3173
lncRNA_8652,ptg000002l,8996254,8999366,+,3113
lncRNA_8653,ptg000002l,8996264,8999366,+,3103
lncRNA_8657,ptg000002l,8835203,8837761,+,2559
lncRNA_8663,ptg000002l,9115914,9120316,+,4403
lncRNA_8664,ptg000002l,9122203,9123735,+,1533
lncRNA_8665,ptg000002l,9154871,9156573,+,1703
lncRNA_8666,ptg000002l,9157059,9157478,+,420
lncRNA_8667,ptg000002l,9198003,9205648,+,7646
lncRNA_8668,ptg000002l,9199429,9205648,+,6220
lncRNA_8669,ptg000002l,9199474,9203138,+,3665
lncRNA_8670,ptg000002l,9199513,9203138,+,3626
lncRNA_8671,ptg000002l,9199957,9202222,+,2266
lncRNA_8672,ptg000002l,9200232,9203138,+,2907
lncRNA_8674,ptg000002l,9377427,9377836,+,410
lncRNA_8675,ptg000002l,9473991,9484558,+,10568
lncRNA_8681,ptg000002l,9633074,9637347,+,4274
lncRNA_8682,ptg000002l,9732734,9737400,+,4667
lncRNA_8683,ptg000002l,9734917,9736689,+,1773
lncRNA_8684,ptg000002l,9758368,9761480,+,3113
lncRNA_8685,ptg000002l,9791262,9792715,+,1454
lncRNA_8686,ptg000002l,9806925,9812116,+,5192
lncRNA_8687,ptg000002l,9806925,9813330,+,6406
lncRNA_8688,ptg000002l,9807023,9812116,+,5094
lncRNA_8689,ptg000002l,9807068,9812116,+,5049
lncRNA_8690,ptg000002l,9807178,9812116,+,4939
lncRNA_8691,ptg000002l,9833786,9835939,+,2154
lncRNA_8692,ptg000002l,9837141,9837758,+,618
lncRNA_8693,ptg000002l,10057172,10058477,+,1306
lncRNA_8696,ptg000002l,10109386,10115080,+,5695
lncRNA_8697,ptg000002l,10110513,10113069,+,2557
lncRNA_8698,ptg000002l,10110934,10115579,+,4646
lncRNA_8699,ptg000002l,10115695,10116179,+,485
lncRNA_8700,ptg000002l,10125565,10126197,+,633
lncRNA_8701,ptg000002l,10256290,10261567,+,5278
lncRNA_8702,ptg000002l,10277700,10283220,+,5521
lncRNA_8703,ptg000002l,10349495,10354572,+,5078
lncRNA_8704,ptg000002l,10340280,10345551,+,5272
lncRNA_8705,ptg000002l,10340422,10345551,+,5130
lncRNA_8706,ptg000002l,10340430,10344666,+,4237
lncRNA_8707,ptg000002l,10340430,10345551,+,5122
lncRNA_8708,ptg000002l,10341906,10344666,+,2761
lncRNA_8709,ptg000002l,10424099,10424932,+,834
lncRNA_8710,ptg000002l,10439750,10444348,+,4599
lncRNA_8711,ptg000002l,10439822,10444348,+,4527
lncRNA_8713,ptg000002l,10552378,10554730,+,2353
lncRNA_8714,ptg000002l,10704806,10708620,+,3815
lncRNA_8715,ptg000002l,10645399,10649976,+,4578
lncRNA_8717,ptg000002l,10785827,10791603,+,5777
lncRNA_8718,ptg000002l,10785845,10791603,+,5759
lncRNA_8719,ptg000002l,10786152,10791603,+,5452
lncRNA_8720,ptg000002l,10786225,10791603,+,5379
lncRNA_8721,ptg000002l,10786306,10791603,+,5298
lncRNA_8724,ptg000002l,10830213,10830546,+,334
lncRNA_8726,ptg000002l,11067681,11072220,+,4540
lncRNA_8727,ptg000002l,11124254,11126920,+,2667
lncRNA_8728,ptg000002l,11228002,11277823,+,49822
lncRNA_8729,ptg000002l,11261976,11277823,+,15848
lncRNA_8731,ptg000002l,11244016,11260337,+,16322
lncRNA_8734,ptg000002l,11247955,11256640,+,8686
lncRNA_8736,ptg000002l,11249744,11256640,+,6897
lncRNA_8737,ptg000002l,11250992,11258437,+,7446
lncRNA_8739,ptg000002l,11402921,11409297,+,6377
lncRNA_8740,ptg000002l,11402926,11413329,+,10404
lncRNA_8742,ptg000002l,11402930,11407294,+,4365
lncRNA_8744,ptg000002l,11453554,11457676,+,4123
lncRNA_8746,ptg000002l,11503667,11504062,+,396
lncRNA_8751,ptg000002l,11773684,11786016,+,12333
lncRNA_8752,ptg000002l,11777066,11786016,+,8951
lncRNA_8753,ptg000002l,11786809,11789705,+,2897
lncRNA_8766,ptg000002l,12004415,12004909,+,495
lncRNA_8768,ptg000002l,12048182,12049009,+,828
lncRNA_8769,ptg000002l,12057038,12057286,+,249
lncRNA_8770,ptg000002l,12083777,12085452,+,1676
lncRNA_8771,ptg000002l,12086421,12087687,+,1267
lncRNA_8773,ptg000002l,12144631,12147518,+,2888
lncRNA_8774,ptg000002l,12144634,12146894,+,2261
lncRNA_8775,ptg000002l,12144634,12147518,+,2885
lncRNA_8777,ptg000002l,12144644,12146254,+,1611
lncRNA_8778,ptg000002l,12144644,12146894,+,2251
lncRNA_8779,ptg000002l,12144649,12147518,+,2870
lncRNA_8780,ptg000002l,12258310,12260611,+,2302
lncRNA_8785,ptg000002l,12373017,12378127,+,5111
lncRNA_8786,ptg000002l,12373045,12378127,+,5083
lncRNA_8787,ptg000002l,12373046,12378127,+,5082
lncRNA_8788,ptg000002l,12373080,12378127,+,5048
lncRNA_8789,ptg000002l,12373456,12378127,+,4672
lncRNA_8790,ptg000002l,12374787,12378127,+,3341
lncRNA_8793,ptg000002l,12593905,12598283,+,4379
lncRNA_8796,ptg000002l,12664273,12671854,+,7582
lncRNA_8797,ptg000002l,12933160,12961229,+,28070
lncRNA_8798,ptg000002l,12943498,12961229,+,17732
lncRNA_8799,ptg000002l,12951933,12953545,+,1613
lncRNA_8800,ptg000002l,12951936,12961229,+,9294
lncRNA_8802,ptg000002l,12952592,12961229,+,8638
lncRNA_8803,ptg000002l,12934647,12945888,+,11242
lncRNA_8804,ptg000002l,12935491,12946940,+,11450
lncRNA_8805,ptg000002l,12958635,12967362,+,8728
lncRNA_8811,ptg000002l,13087314,13132729,+,45416
lncRNA_8812,ptg000002l,13160244,13172111,+,11868
lncRNA_8814,ptg000002l,13178663,13181075,+,2413
lncRNA_8815,ptg000002l,13178684,13181075,+,2392
lncRNA_8816,ptg000002l,13182825,13183186,+,362
lncRNA_8817,ptg000002l,13200621,13202956,+,2336
lncRNA_8819,ptg000002l,13243670,13248417,+,4748
lncRNA_8822,ptg000002l,13250052,13272682,+,22631
lncRNA_8823,ptg000002l,13250081,13285942,+,35862
lncRNA_8824,ptg000002l,13250083,13260758,+,10676
lncRNA_8825,ptg000002l,13251555,13285942,+,34388
lncRNA_8826,ptg000002l,13251618,13260758,+,9141
lncRNA_8827,ptg000002l,13260886,13286664,+,25779
lncRNA_8829,ptg000002l,13500394,13504193,+,3800
lncRNA_8830,ptg000002l,13525222,13527107,+,1886
lncRNA_8831,ptg000002l,13643038,13649733,+,6696
lncRNA_8832,ptg000002l,13692281,13697409,+,5129
lncRNA_8833,ptg000002l,13692287,13697409,+,5123
lncRNA_8835,ptg000002l,13692291,13697409,+,5119
lncRNA_8836,ptg000002l,13692303,13697409,+,5107
lncRNA_8838,ptg000002l,13692314,13697409,+,5096
lncRNA_8839,ptg000002l,13692368,13697409,+,5042
lncRNA_8840,ptg000002l,13692378,13697409,+,5032
lncRNA_8841,ptg000002l,13692694,13697409,+,4716
lncRNA_8842,ptg000002l,13812876,13813299,+,424
lncRNA_8843,ptg000002l,13818873,13826539,+,7667
lncRNA_8844,ptg000002l,13839862,13849765,+,9904
lncRNA_8845,ptg000002l,13840275,13845095,+,4821
lncRNA_8846,ptg000002l,13847453,13851509,+,4057
lncRNA_8851,ptg000002l,13894948,13896847,+,1900
lncRNA_8852,ptg000002l,13900921,13940592,+,39672
lncRNA_8856,ptg000002l,13993367,13995971,+,2605
lncRNA_8858,ptg000002l,14091615,14103018,+,11404
lncRNA_8859,ptg000002l,14140075,14142280,+,2206
lncRNA_8864,ptg000002l,14378303,14393399,+,15097
lncRNA_8865,ptg000002l,14445323,14447886,+,2564
lncRNA_8866,ptg000002l,14453932,14462398,+,8467
lncRNA_8870,ptg000002l,14453937,14462398,+,8462
lncRNA_8873,ptg000002l,14453944,14462398,+,8455
lncRNA_8874,ptg000002l,14453954,14462398,+,8445
lncRNA_8876,ptg000002l,14453985,14462398,+,8414
lncRNA_8877,ptg000002l,14453993,14462398,+,8406
lncRNA_8878,ptg000002l,14453993,14463415,+,9423
lncRNA_8880,ptg000002l,14768640,14774276,+,5637
lncRNA_8881,ptg000002l,14805361,14806859,+,1499
lncRNA_8882,ptg000002l,14849329,14864110,+,14782
lncRNA_8883,ptg000002l,14849449,14863291,+,13843
lncRNA_8884,ptg000002l,14850246,14864110,+,13865
lncRNA_8887,ptg000002l,14953124,14954252,+,1129
lncRNA_8888,ptg000002l,15060130,15063099,+,2970
lncRNA_8890,ptg000002l,15129442,15131320,+,1879
lncRNA_8891,ptg000002l,15186914,15199248,+,12335
lncRNA_8892,ptg000002l,15188472,15196965,+,8494
lncRNA_8893,ptg000002l,15188916,15202107,+,13192
lncRNA_8900,ptg000002l,15316507,15321440,+,4934
lncRNA_8901,ptg000002l,15311304,15315223,+,3920
lncRNA_8902,ptg000002l,15336158,15349865,+,13708
lncRNA_8905,ptg000002l,15346704,15357534,+,10831
lncRNA_8906,ptg000002l,15349265,15362465,+,13201
lncRNA_8907,ptg000002l,15359735,15365339,+,5605
lncRNA_8908,ptg000002l,15368468,15369813,+,1346
lncRNA_8910,ptg000002l,15478461,15483170,+,4710
lncRNA_8911,ptg000002l,15481113,15483170,+,2058
lncRNA_8915,ptg000002l,15627534,15630281,+,2748
lncRNA_8916,ptg000002l,15642962,15648355,+,5394
lncRNA_8919,ptg000002l,15846090,15867976,+,21887
lncRNA_8921,ptg000002l,15957635,16002269,+,44635
lncRNA_8925,ptg000002l,16018627,16024518,+,5892
lncRNA_8926,ptg000002l,16056529,16062559,+,6031
lncRNA_8927,ptg000002l,16084867,16095682,+,10816
lncRNA_8928,ptg000002l,16082994,16083464,+,471
lncRNA_8930,ptg000002l,16129788,16132217,+,2430
lncRNA_8931,ptg000002l,16129804,16131519,+,1716
lncRNA_8932,ptg000002l,16130101,16132217,+,2117
lncRNA_8937,ptg000002l,253751,255405,+,1655
lncRNA_8938,ptg000002l,253752,255405,+,1654
lncRNA_8948,ptg000002l,1385008,1398217,+,13210
lncRNA_8950,ptg000002l,1435073,1441128,+,6056
lncRNA_8951,ptg000002l,1435862,1441128,+,5267
lncRNA_8954,ptg000002l,1449287,1450104,+,818
lncRNA_8955,ptg000002l,1569384,1575079,+,5696
lncRNA_8956,ptg000002l,1569399,1573032,+,3634
lncRNA_8957,ptg000002l,1571432,1577783,+,6352
lncRNA_8960,ptg000002l,1807023,1807774,+,752
lncRNA_8963,ptg000002l,1875660,1878620,+,2961
lncRNA_8969,ptg000002l,2660463,2661327,+,865
lncRNA_8971,ptg000002l,2713467,2715794,+,2328
lncRNA_8974,ptg000002l,3106064,3107364,+,1301
lncRNA_8980,ptg000002l,3236619,3238200,+,1582
lncRNA_8981,ptg000002l,3295939,3299425,+,3487
lncRNA_8982,ptg000002l,3340389,3357660,+,17272
lncRNA_8983,ptg000002l,3341863,3342902,+,1040
lncRNA_8986,ptg000002l,3618045,3629663,+,11619
lncRNA_8987,ptg000002l,3627092,3629218,+,2127
lncRNA_8988,ptg000002l,3630020,3636136,+,6117
lncRNA_8989,ptg000002l,3633142,3636136,+,2995
lncRNA_8991,ptg000002l,3729210,3736680,+,7471
lncRNA_8992,ptg000002l,3729212,3731287,+,2076
lncRNA_8996,ptg000002l,3843341,3849271,+,5931
lncRNA_9008,ptg000002l,4404445,4406969,+,2525
lncRNA_9009,ptg000002l,4528567,4529585,+,1019
lncRNA_9010,ptg000002l,4622118,4624627,+,2510
lncRNA_9011,ptg000002l,4623227,4624627,+,1401
lncRNA_9012,ptg000002l,4623254,4624627,+,1374
lncRNA_9013,ptg000002l,4677529,4683516,+,5988
lncRNA_9015,ptg000002l,4680342,4689317,+,8976
lncRNA_9016,ptg000002l,4680342,4689503,+,9162
lncRNA_9018,ptg000002l,4680367,4689503,+,9137
lncRNA_9019,ptg000002l,4680556,4685072,+,4517
lncRNA_9020,ptg000002l,4680556,4687873,+,7318
lncRNA_9021,ptg000002l,4680556,4688152,+,7597
lncRNA_9022,ptg000002l,4680556,4689317,+,8762
lncRNA_9023,ptg000002l,4680556,4689503,+,8948
lncRNA_9029,ptg000002l,4680558,4688152,+,7595
lncRNA_9030,ptg000002l,4680773,4688152,+,7380
lncRNA_9031,ptg000002l,4784580,4788784,+,4205
lncRNA_9032,ptg000002l,4784592,4792564,+,7973
lncRNA_9033,ptg000002l,4764944,4766990,+,2047
lncRNA_9034,ptg000002l,4765070,4766919,+,1850
lncRNA_9035,ptg000002l,4809750,4813868,+,4119
lncRNA_9036,ptg000002l,4832619,4834531,+,1913
lncRNA_9038,ptg000002l,4975900,4980374,+,4475
lncRNA_9039,ptg000002l,4976292,4978739,+,2448
lncRNA_9041,ptg000002l,5044887,5046980,+,2094
lncRNA_9042,ptg000002l,5121457,5126754,+,5298
lncRNA_9043,ptg000002l,5122171,5124740,+,2570
lncRNA_9044,ptg000002l,5122235,5125902,+,3668
lncRNA_9045,ptg000002l,5122235,5143536,+,21302
lncRNA_9047,ptg000002l,5122813,5124740,+,1928
lncRNA_9053,ptg000002l,5162400,5163859,+,1460
lncRNA_9054,ptg000002l,5162434,5163859,+,1426
lncRNA_9055,ptg000002l,5237055,5244664,+,7610
lncRNA_9056,ptg000002l,5279438,5284538,+,5101
lncRNA_9058,ptg000002l,5336450,5341079,+,4630
lncRNA_9059,ptg000002l,5336471,5341079,+,4609
lncRNA_9060,ptg000002l,5579524,5581151,+,1628
lncRNA_9061,ptg000002l,5579542,5581151,+,1610
lncRNA_9062,ptg000002l,5590164,5590960,+,797
lncRNA_9063,ptg000002l,5594952,5599944,+,4993
lncRNA_9065,ptg000002l,5595138,5599001,+,3864
lncRNA_9066,ptg000002l,5595138,5599944,+,4807
lncRNA_9068,ptg000002l,5595153,5599944,+,4792
lncRNA_9069,ptg000002l,5595353,5599944,+,4592
lncRNA_9071,ptg000002l,5595405,5598520,+,3116
lncRNA_9072,ptg000002l,5595405,5599944,+,4540
lncRNA_9073,ptg000002l,5595591,5599944,+,4354
lncRNA_9074,ptg000002l,5595671,5599944,+,4274
lncRNA_9076,ptg000002l,5595840,5599001,+,3162
lncRNA_9078,ptg000002l,5595923,5598520,+,2598
lncRNA_9079,ptg000002l,5596247,5598520,+,2274
lncRNA_9080,ptg000002l,5611616,5612955,+,1340
lncRNA_9081,ptg000002l,5613125,5615748,+,2624
lncRNA_9082,ptg000002l,5648301,5650500,+,2200
lncRNA_9083,ptg000002l,5673858,5682855,+,8998
lncRNA_9084,ptg000002l,5674054,5682855,+,8802
lncRNA_9085,ptg000002l,5884538,5894310,+,9773
lncRNA_9087,ptg000002l,5886859,5894310,+,7452
lncRNA_9091,ptg000002l,6179637,6180090,+,454
lncRNA_9092,ptg000002l,6238935,6239552,+,618
lncRNA_9093,ptg000002l,6278968,6282728,+,3761
lncRNA_9095,ptg000002l,6278977,6282728,+,3752
lncRNA_9097,ptg000002l,6300329,6310041,+,9713
lncRNA_9098,ptg000002l,6311690,6314984,+,3295
lncRNA_9099,ptg000002l,6311751,6314984,+,3234
lncRNA_9100,ptg000002l,6311807,6314984,+,3178
lncRNA_9101,ptg000002l,6312080,6314798,+,2719
lncRNA_9104,ptg000002l,6332171,6334107,+,1937
lncRNA_9105,ptg000002l,6341650,6342189,+,540
lncRNA_9106,ptg000002l,6377627,6379829,+,2203
lncRNA_9108,ptg000002l,6412579,6428104,+,15526
lncRNA_9109,ptg000002l,6414459,6432073,+,17615
lncRNA_9114,ptg000002l,6598667,6604242,+,5576
lncRNA_9115,ptg000002l,6633088,6633861,+,774
lncRNA_9116,ptg000002l,6787109,6788378,+,1270
lncRNA_9117,ptg000002l,6857271,6866272,+,9002
lncRNA_9119,ptg000002l,6870179,6872803,+,2625
lncRNA_9123,ptg000002l,6918271,6921422,+,3152
lncRNA_9124,ptg000002l,6918570,6921422,+,2853
lncRNA_9125,ptg000002l,6918705,6920994,+,2290
lncRNA_9127,ptg000002l,7124813,7127030,+,2218
lncRNA_9128,ptg000002l,7135745,7137753,+,2009
lncRNA_9129,ptg000002l,7136510,7137753,+,1244
lncRNA_9130,ptg000002l,7162393,7165013,+,2621
lncRNA_9131,ptg000002l,7269405,7271299,+,1895
lncRNA_9132,ptg000002l,7341529,7344055,+,2527
lncRNA_9133,ptg000002l,7342611,7344241,+,1631
lncRNA_9134,ptg000002l,7377035,7379461,+,2427
lncRNA_9135,ptg000002l,7384754,7400405,+,15652
lncRNA_9136,ptg000002l,7421459,7426815,+,5357
lncRNA_9137,ptg000002l,7421597,7426696,+,5100
lncRNA_9138,ptg000002l,7421792,7426815,+,5024
lncRNA_9139,ptg000002l,7503781,7505413,+,1633
lncRNA_9140,ptg000002l,7541003,7588933,+,47931
lncRNA_9141,ptg000002l,7648788,7665304,+,16517
lncRNA_9142,ptg000002l,7648798,7650032,+,1235
lncRNA_9143,ptg000002l,7650483,7653448,+,2966
lncRNA_9144,ptg000002l,7663780,7678823,+,15044
lncRNA_9145,ptg000002l,7898701,7899556,+,856
lncRNA_9146,ptg000002l,7928223,7929739,+,1517
lncRNA_9151,ptg000002l,8340151,8342557,+,2407
lncRNA_9152,ptg000002l,8340193,8342251,+,2059
lncRNA_9154,ptg000002l,8348356,8353156,+,4801
lncRNA_9155,ptg000002l,8351487,8361694,+,10208
lncRNA_9156,ptg000002l,8365414,8368735,+,3322
lncRNA_9157,ptg000002l,8365656,8368735,+,3080
lncRNA_9158,ptg000002l,8377569,8379072,+,1504
lncRNA_9159,ptg000002l,8691537,8699607,+,8071
lncRNA_9160,ptg000002l,8694348,8699607,+,5260
lncRNA_9161,ptg000002l,8480384,8487025,+,6642
lncRNA_9164,ptg000002l,8518777,8523600,+,4824
lncRNA_9166,ptg000002l,8584895,8590682,+,5788
lncRNA_9170,ptg000002l,8595336,8597904,+,2569
lncRNA_9172,ptg000002l,8675571,8678346,+,2776
lncRNA_9173,ptg000002l,8675678,8678086,+,2409
lncRNA_9174,ptg000002l,8709532,8714649,+,5118
lncRNA_9175,ptg000002l,8709601,8713703,+,4103
lncRNA_9176,ptg000002l,8715986,8718692,+,2707
lncRNA_9177,ptg000002l,8740992,8743469,+,2478
lncRNA_9181,ptg000002l,8846185,8848113,+,1929
lncRNA_9183,ptg000002l,9137689,9139417,+,1729
lncRNA_9184,ptg000002l,9199401,9205648,+,6248
lncRNA_9185,ptg000002l,9201422,9205648,+,4227
lncRNA_9190,ptg000002l,9538303,9539827,+,1525
lncRNA_9191,ptg000002l,9610102,9627203,+,17102
lncRNA_9192,ptg000002l,9610140,9616227,+,6088
lncRNA_9193,ptg000002l,9611047,9613200,+,2154
lncRNA_9194,ptg000002l,9618106,9626329,+,8224
lncRNA_9195,ptg000002l,9633315,9635775,+,2461
lncRNA_9197,ptg000002l,9707677,9708856,+,1180
lncRNA_9198,ptg000002l,9802365,9804132,+,1768
lncRNA_9200,ptg000002l,9980495,9981098,+,604
lncRNA_9201,ptg000002l,9993133,9994431,+,1299
lncRNA_9203,ptg000002l,10054752,10056364,+,1613
lncRNA_9204,ptg000002l,10088922,10089576,+,655
lncRNA_9205,ptg000002l,10109424,10113532,+,4109
lncRNA_9206,ptg000002l,10109739,10113532,+,3794
lncRNA_9207,ptg000002l,10110211,10113532,+,3322
lncRNA_9208,ptg000002l,10110494,10113532,+,3039
lncRNA_9209,ptg000002l,10141900,10143130,+,1231
lncRNA_9210,ptg000002l,10344969,10345551,+,583
lncRNA_9211,ptg000002l,10347865,10349117,+,1253
lncRNA_9212,ptg000002l,10347891,10349117,+,1227
lncRNA_9214,ptg000002l,10439988,10445577,+,5590
lncRNA_9215,ptg000002l,10551247,10554133,+,2887
lncRNA_9216,ptg000002l,10559281,10564535,+,5255
lncRNA_9218,ptg000002l,10594867,10596267,+,1401
lncRNA_9222,ptg000002l,10639236,10641390,+,2155
lncRNA_9228,ptg000002l,10702955,10708925,+,5971
lncRNA_9229,ptg000002l,10703766,10708620,+,4855
lncRNA_9230,ptg000002l,10786164,10788802,+,2639
lncRNA_9231,ptg000002l,10786943,10788802,+,1860
lncRNA_9236,ptg000002l,11033864,11035303,+,1440
lncRNA_9237,ptg000002l,11070684,11073630,+,2947
lncRNA_9238,ptg000002l,11070684,11080846,+,10163
lncRNA_9239,ptg000002l,11103640,11104578,+,939
lncRNA_9240,ptg000002l,11241808,11282080,+,40273
lncRNA_9241,ptg000002l,11244915,11250049,+,5135
lncRNA_9244,ptg000002l,11245937,11258476,+,12540
lncRNA_9247,ptg000002l,11247162,11254069,+,6908
lncRNA_9248,ptg000002l,11263943,11276499,+,12557
lncRNA_9249,ptg000002l,11278218,11279760,+,1543
lncRNA_9250,ptg000002l,11404493,11406990,+,2498
lncRNA_9252,ptg000002l,11408339,11416776,+,8438
lncRNA_9256,ptg000002l,11469841,11494306,+,24466
lncRNA_9257,ptg000002l,11469863,11494306,+,24444
lncRNA_9258,ptg000002l,11469882,11490052,+,20171
lncRNA_9259,ptg000002l,11470013,11490118,+,20106
lncRNA_9260,ptg000002l,11481138,11494306,+,13169
lncRNA_9262,ptg000002l,11554387,11561186,+,6800
lncRNA_9263,ptg000002l,11554472,11571632,+,17161
lncRNA_9264,ptg000002l,11554491,11562810,+,8320
lncRNA_9265,ptg000002l,11555995,11559337,+,3343
lncRNA_9267,ptg000002l,11557242,11563450,+,6209
lncRNA_9269,ptg000002l,11568432,11570377,+,1946
lncRNA_9270,ptg000002l,11572414,11576357,+,3944
lncRNA_9271,ptg000002l,11572567,11576357,+,3791
lncRNA_9272,ptg000002l,11572745,11573637,+,893
lncRNA_9274,ptg000002l,11814815,11816721,+,1907
lncRNA_9275,ptg000002l,11815715,11819236,+,3522
lncRNA_9276,ptg000002l,11841227,11842781,+,1555
lncRNA_9288,ptg000002l,12204471,12209773,+,5303
lncRNA_9289,ptg000002l,12215134,12216428,+,1295
lncRNA_9295,ptg000002l,12381740,12386486,+,4747
lncRNA_9296,ptg000002l,12411593,12415613,+,4021
lncRNA_9297,ptg000002l,12411801,12415613,+,3813
lncRNA_9298,ptg000002l,12424515,12425856,+,1342
lncRNA_9299,ptg000002l,12424535,12425856,+,1322
lncRNA_9300,ptg000002l,12425038,12425856,+,819
lncRNA_9301,ptg000002l,12527403,12537197,+,9795
lncRNA_9302,ptg000002l,12576145,12577864,+,1720
lncRNA_9304,ptg000002l,12634253,12636389,+,2137
lncRNA_9305,ptg000002l,12763134,12765122,+,1989
lncRNA_9307,ptg000002l,12772917,12777520,+,4604
lncRNA_9308,ptg000002l,12772981,12777520,+,4540
lncRNA_9309,ptg000002l,12773781,12776986,+,3206
lncRNA_9310,ptg000002l,12870320,12881289,+,10970
lncRNA_9311,ptg000002l,12871661,12877802,+,6142
lncRNA_9312,ptg000002l,12952536,12961563,+,9028
lncRNA_9313,ptg000002l,12958638,12966187,+,7550
lncRNA_9314,ptg000002l,12959349,12967362,+,8014
lncRNA_9319,ptg000002l,13058763,13059569,+,807
lncRNA_9320,ptg000002l,13082976,13132878,+,49903
lncRNA_9328,ptg000002l,13172912,13173324,+,413
lncRNA_9329,ptg000002l,13174000,13178676,+,4677
lncRNA_9330,ptg000002l,13174008,13178676,+,4669
lncRNA_9331,ptg000002l,13175487,13178676,+,3190
lncRNA_9332,ptg000002l,13194099,13196742,+,2644
lncRNA_9334,ptg000002l,13474312,13475462,+,1151
lncRNA_9335,ptg000002l,13487638,13491432,+,3795
lncRNA_9337,ptg000002l,13508368,13509383,+,1016
lncRNA_9338,ptg000002l,13527159,13534283,+,7125
lncRNA_9339,ptg000002l,13527590,13551114,+,23525
lncRNA_9342,ptg000002l,13759819,13760555,+,737
lncRNA_9343,ptg000002l,13841618,13845095,+,3478
lncRNA_9344,ptg000002l,13894945,13897304,+,2360
lncRNA_9345,ptg000002l,13894955,13899716,+,4762
lncRNA_9346,ptg000002l,13936313,13941136,+,4824
lncRNA_9350,ptg000002l,14011790,14013210,+,1421
lncRNA_9351,ptg000002l,14013992,14016537,+,2546
lncRNA_9353,ptg000002l,14023554,14026441,+,2888
lncRNA_9354,ptg000002l,14052854,14053416,+,563
lncRNA_9358,ptg000002l,14230128,14252931,+,22804
lncRNA_9359,ptg000002l,14239619,14266996,+,27378
lncRNA_9360,ptg000002l,14294919,14311571,+,16653
lncRNA_9361,ptg000002l,14481362,14482632,+,1271
lncRNA_9363,ptg000002l,14660910,14662480,+,1571
lncRNA_9364,ptg000002l,14737764,14765314,+,27551
lncRNA_9366,ptg000002l,14770663,14775477,+,4815
lncRNA_9367,ptg000002l,14773231,14775477,+,2247
lncRNA_9370,ptg000002l,14849255,14864054,+,14800
lncRNA_9371,ptg000002l,14849277,14863610,+,14334
lncRNA_9372,ptg000002l,14849292,14864167,+,14876
lncRNA_9373,ptg000002l,14849443,14864054,+,14612
lncRNA_9374,ptg000002l,14849449,14863610,+,14162
lncRNA_9375,ptg000002l,14849793,14864054,+,14262
lncRNA_9376,ptg000002l,14850177,14864167,+,13991
lncRNA_9377,ptg000002l,14850973,14864167,+,13195
lncRNA_9378,ptg000002l,14862463,14863610,+,1148
lncRNA_9380,ptg000002l,14948957,14952464,+,3508
lncRNA_9381,ptg000002l,14950666,14951223,+,558
lncRNA_9382,ptg000002l,14950666,14952464,+,1799
lncRNA_9383,ptg000002l,14997068,15001795,+,4728
lncRNA_9384,ptg000002l,14997078,15002429,+,5352
lncRNA_9385,ptg000002l,14997082,15002394,+,5313
lncRNA_9386,ptg000002l,15057972,15058807,+,836
lncRNA_9387,ptg000002l,15063212,15083969,+,20758
lncRNA_9388,ptg000002l,15063257,15087170,+,23914
lncRNA_9390,ptg000002l,15180366,15181759,+,1394
lncRNA_9397,ptg000002l,15303636,15305899,+,2264
lncRNA_9398,ptg000002l,15307947,15336111,+,28165
lncRNA_9399,ptg000002l,15309310,15349906,+,40597
lncRNA_9400,ptg000002l,15309493,15349465,+,39973
lncRNA_9401,ptg000002l,15313414,15367028,+,53615
lncRNA_9402,ptg000002l,15314121,15357511,+,43391
lncRNA_9403,ptg000002l,15314126,15357511,+,43386
lncRNA_9404,ptg000002l,15314126,15360819,+,46694
lncRNA_9405,ptg000002l,15321212,15362723,+,41512
lncRNA_9406,ptg000002l,15360820,15367028,+,6209
lncRNA_9408,ptg000002l,15368292,15369929,+,1638
lncRNA_9409,ptg000002l,15433233,15436576,+,3344
lncRNA_9410,ptg000002l,15457239,15460022,+,2784
lncRNA_9411,ptg000002l,15513635,15515296,+,1662
lncRNA_9412,ptg000002l,15522494,15527313,+,4820
lncRNA_9414,ptg000002l,15523279,15527313,+,4035
lncRNA_9416,ptg000002l,15630148,15661900,+,31753
lncRNA_9418,ptg000002l,15775929,15777607,+,1679
lncRNA_9427,ptg000002l,16061943,16064063,+,2121
lncRNA_9428,ptg000002l,16072191,16077393,+,5203
lncRNA_9429,ptg000002l,16073141,16077393,+,4253
lncRNA_9430,ptg000002l,16073861,16077393,+,3533
lncRNA_9431,ptg000002l,16073887,16077393,+,3507
lncRNA_9432,ptg000002l,16073903,16077393,+,3491
lncRNA_9433,ptg000002l,16073915,16077393,+,3479
lncRNA_9434,ptg000002l,15999823,16058459,+,58637
lncRNA_9462,ptg000002l,422731,423275,+,545
lncRNA_9526,ptg000002l,1356086,1357122,+,1037
lncRNA_9551,ptg000002l,1766905,1769313,+,2409
lncRNA_9561,ptg000002l,1922964,1923791,+,828
lncRNA_9566,ptg000002l,1977816,1979937,+,2122
lncRNA_9625,ptg000002l,2640945,2641836,+,892
lncRNA_9627,ptg000002l,2654359,2655851,+,1493
lncRNA_9669,ptg000002l,3111386,3111888,+,503
lncRNA_9677,ptg000002l,3155996,3157321,+,1326
lncRNA_9682,ptg000002l,3209379,3210202,+,824
lncRNA_9706,ptg000002l,3815199,3815563,+,365
lncRNA_9717,ptg000002l,3912809,3913553,+,745
lncRNA_9729,ptg000002l,3957204,3957865,+,662
lncRNA_9730,ptg000002l,3958263,3960637,+,2375
lncRNA_9743,ptg000002l,4077440,4080577,+,3138
lncRNA_9764,ptg000002l,4667516,4669802,+,2287
lncRNA_9769,ptg000002l,4995725,4997272,+,1548
lncRNA_9793,ptg000002l,5773586,5774790,+,1205
lncRNA_9802,ptg000002l,6114590,6114881,+,292
lncRNA_9806,ptg000002l,6162733,6163644,+,912
lncRNA_9807,ptg000002l,6174529,6176161,+,1633
lncRNA_9810,ptg000002l,6353797,6356235,+,2439
lncRNA_9818,ptg000002l,6799261,6800976,+,1716
lncRNA_9823,ptg000002l,7048016,7048271,+,256
lncRNA_9827,ptg000002l,7485703,7487196,+,1494
lncRNA_9836,ptg000002l,7749946,7750721,+,776
lncRNA_9843,ptg000002l,7975714,7976697,+,984
lncRNA_9854,ptg000002l,8355602,8357442,+,1841
lncRNA_9855,ptg000002l,8362016,8364779,+,2764
lncRNA_9856,ptg000002l,8381300,8382064,+,765
lncRNA_9860,ptg000002l,8541080,8541357,+,278
lncRNA_9862,ptg000002l,8550724,8551022,+,299
lncRNA_9863,ptg000002l,8570889,8571731,+,843
lncRNA_9865,ptg000002l,8600110,8600432,+,323
lncRNA_9884,ptg000002l,9173257,9174190,+,934
lncRNA_9891,ptg000002l,9479289,9480713,+,1425
lncRNA_9895,ptg000002l,9627958,9628927,+,970
lncRNA_9905,ptg000002l,10122313,10122597,+,285
lncRNA_9911,ptg000002l,10249557,10250667,+,1111
lncRNA_9916,ptg000002l,10673187,10675769,+,2583
lncRNA_9922,ptg000002l,10923999,10925331,+,1333
lncRNA_9926,ptg000002l,11251920,11252209,+,290
lncRNA_9931,ptg000002l,11794751,11796247,+,1497
lncRNA_9943,ptg000002l,12073920,12075054,+,1135
lncRNA_9944,ptg000002l,12080320,12081201,+,882
lncRNA_9960,ptg000002l,12615584,12616658,+,1075
lncRNA_9981,ptg000002l,13657342,13658044,+,703
lncRNA_10023,ptg000002l,15246541,15246921,+,381
lncRNA_10031,ptg000002l,15601894,15603928,+,2035
lncRNA_10037,ptg000002l,15806628,15808420,+,1793
lncRNA_10044,ptg000002l,15905023,15905611,+,589
lncRNA_10049,ptg000004l,55451,64663,+,9213
lncRNA_10052,ptg000004l,55799,61672,+,5874
lncRNA_10053,ptg000004l,55840,61672,+,5833
lncRNA_10055,ptg000004l,55854,61672,+,5819
lncRNA_10056,ptg000004l,55858,61672,+,5815
lncRNA_10057,ptg000004l,55858,64663,+,8806
lncRNA_10058,ptg000004l,55860,61672,+,5813
lncRNA_10059,ptg000004l,55867,61672,+,5806
lncRNA_10060,ptg000004l,55873,61491,+,5619
lncRNA_10061,ptg000004l,57632,64079,+,6448
lncRNA_10063,ptg000004l,58733,64663,+,5931
lncRNA_10064,ptg000004l,110395,136593,+,26199
lncRNA_10065,ptg000004l,111095,122639,+,11545
lncRNA_10066,ptg000004l,123727,124697,+,971
lncRNA_10067,ptg000004l,200623,202514,+,1892
lncRNA_10068,ptg000004l,311833,315799,+,3967
lncRNA_10069,ptg000004l,328061,329031,+,971
lncRNA_10070,ptg000004l,338937,339701,+,765
lncRNA_10071,ptg000004l,437638,439032,+,1395
lncRNA_10072,ptg000004l,496866,499813,+,2948
lncRNA_10073,ptg000004l,496951,499499,+,2549
lncRNA_10074,ptg000004l,600239,602537,+,2299
lncRNA_10075,ptg000004l,673686,674966,+,1281
lncRNA_10076,ptg000004l,679510,679847,+,338
lncRNA_10078,ptg000004l,786448,789042,+,2595
lncRNA_10079,ptg000004l,786830,789042,+,2213
lncRNA_10080,ptg000004l,801069,801861,+,793
lncRNA_10082,ptg000004l,871151,873780,+,2630
lncRNA_10083,ptg000004l,900618,910973,+,10356
lncRNA_10084,ptg000004l,955907,957188,+,1282
lncRNA_10085,ptg000004l,1026504,1029517,+,3014
lncRNA_10087,ptg000004l,1170212,1172481,+,2270
lncRNA_10088,ptg000004l,1276634,1278002,+,1369
lncRNA_10089,ptg000004l,1295794,1297365,+,1572
lncRNA_10092,ptg000004l,1428990,1433284,+,4295
lncRNA_10093,ptg000004l,1429061,1433284,+,4224
lncRNA_10095,ptg000004l,1429345,1433284,+,3940
lncRNA_10096,ptg000004l,1430264,1433284,+,3021
lncRNA_10097,ptg000004l,1446674,1448269,+,1596
lncRNA_10098,ptg000004l,1447212,1448269,+,1058
lncRNA_10099,ptg000004l,1482777,1491149,+,8373
lncRNA_10100,ptg000004l,1487784,1489365,+,1582
lncRNA_10101,ptg000004l,1492368,1492850,+,483
lncRNA_10102,ptg000004l,1604614,1615259,+,10646
lncRNA_10103,ptg000004l,1605166,1615259,+,10094
lncRNA_10104,ptg000004l,1583218,1584542,+,1325
lncRNA_10105,ptg000004l,1590420,1591129,+,710
lncRNA_10115,ptg000004l,1721250,1773482,+,52233
lncRNA_10117,ptg000004l,1770319,1784193,+,13875
lncRNA_10118,ptg000004l,1775712,1783307,+,7596
lncRNA_10119,ptg000004l,1913117,1916835,+,3719
lncRNA_10126,ptg000004l,2255815,2257767,+,1953
lncRNA_10127,ptg000004l,2354034,2369238,+,15205
lncRNA_10128,ptg000004l,2391613,2398353,+,6741
lncRNA_10129,ptg000004l,2394143,2399961,+,5819
lncRNA_10133,ptg000004l,2590507,2593061,+,2555
lncRNA_10134,ptg000004l,2590566,2592737,+,2172
lncRNA_10141,ptg000004l,3248490,3259412,+,10923
lncRNA_10142,ptg000004l,3249167,3262044,+,12878
lncRNA_10143,ptg000004l,3250385,3262044,+,11660
lncRNA_10144,ptg000004l,3300594,3301376,+,783
lncRNA_10145,ptg000004l,3349052,3351118,+,2067
lncRNA_10146,ptg000004l,3354344,3356299,+,1956
lncRNA_10147,ptg000004l,2887328,2888224,+,897
lncRNA_10148,ptg000004l,2888440,2894224,+,5785
lncRNA_10150,ptg000004l,2919208,2921341,+,2134
lncRNA_10151,ptg000004l,2932547,2956037,+,23491
lncRNA_10152,ptg000004l,2948104,2959041,+,10938
lncRNA_10154,ptg000004l,3070832,3105854,+,35023
lncRNA_10155,ptg000004l,3088844,3105854,+,17011
lncRNA_10160,ptg000004l,3191417,3214182,+,22766
lncRNA_10161,ptg000004l,3191496,3213877,+,22382
lncRNA_10166,ptg000004l,3570526,3602279,+,31754
lncRNA_10170,ptg000004l,4189013,4189797,+,785
lncRNA_10173,ptg000004l,3739874,3741122,+,1249
lncRNA_10175,ptg000004l,3921945,3923569,+,1625
lncRNA_10176,ptg000004l,3922024,3923569,+,1546
lncRNA_10177,ptg000004l,3928845,3934901,+,6057
lncRNA_10179,ptg000004l,4068259,4071280,+,3022
lncRNA_10181,ptg000004l,4104409,4118146,+,13738
lncRNA_10183,ptg000004l,4625698,4632673,+,6976
lncRNA_10187,ptg000004l,4712197,4719712,+,7516
lncRNA_10188,ptg000004l,4778081,4795787,+,17707
lncRNA_10189,ptg000004l,4779121,4780420,+,1300
lncRNA_10190,ptg000004l,4805549,4806849,+,1301
lncRNA_10191,ptg000004l,4805558,4807025,+,1468
lncRNA_10192,ptg000004l,4858930,4861201,+,2272
lncRNA_10193,ptg000004l,4868889,4871216,+,2328
lncRNA_10194,ptg000004l,4927540,4929429,+,1890
lncRNA_10198,ptg000004l,5081374,5086416,+,5043
lncRNA_10199,ptg000004l,5137033,5140195,+,3163
lncRNA_10200,ptg000004l,5167887,5170486,+,2600
lncRNA_10201,ptg000004l,5178991,5180917,+,1927
lncRNA_10202,ptg000004l,5194475,5212356,+,17882
lncRNA_10203,ptg000004l,5210357,5218466,+,8110
lncRNA_10212,ptg000004l,5640780,5665246,+,24467
lncRNA_10213,ptg000004l,5645293,5653811,+,8519
lncRNA_10221,ptg000004l,6042918,6050943,+,8026
lncRNA_10225,ptg000004l,6166618,6182815,+,16198
lncRNA_10226,ptg000004l,6169003,6182815,+,13813
lncRNA_10227,ptg000004l,6171720,6182815,+,11096
lncRNA_10228,ptg000004l,6172592,6182815,+,10224
lncRNA_10230,ptg000004l,6172596,6182815,+,10220
lncRNA_10234,ptg000004l,6172759,6182815,+,10057
lncRNA_10237,ptg000004l,6237445,6268381,+,30937
lncRNA_10238,ptg000004l,6241610,6258296,+,16687
lncRNA_10239,ptg000004l,6268009,6317469,+,49461
lncRNA_10244,ptg000004l,6573214,6583134,+,9921
lncRNA_10245,ptg000004l,6573463,6583134,+,9672
lncRNA_10248,ptg000004l,6587800,6590181,+,2382
lncRNA_10250,ptg000004l,6914320,6915780,+,1461
lncRNA_10252,ptg000004l,6949981,6953600,+,3620
lncRNA_10253,ptg000004l,6950080,6953600,+,3521
lncRNA_10254,ptg000004l,6950195,6953600,+,3406
lncRNA_10255,ptg000004l,7045195,7049475,+,4281
lncRNA_10257,ptg000004l,7130012,7131729,+,1718
lncRNA_10258,ptg000004l,7130098,7131729,+,1632
lncRNA_10259,ptg000004l,7130141,7131729,+,1589
lncRNA_10260,ptg000004l,7170553,7172470,+,1918
lncRNA_10261,ptg000004l,7378865,7384987,+,6123
lncRNA_10262,ptg000004l,7560470,7565014,+,4545
lncRNA_10270,ptg000004l,7887597,7891129,+,3533
lncRNA_10273,ptg000004l,7897520,7900510,+,2991
lncRNA_10275,ptg000004l,8065923,8069108,+,3186
lncRNA_10276,ptg000004l,8066347,8069108,+,2762
lncRNA_10285,ptg000004l,8104790,8109328,+,4539
lncRNA_10286,ptg000004l,8154077,8154719,+,643
lncRNA_10287,ptg000004l,8162834,8166638,+,3805
lncRNA_10288,ptg000004l,8194443,8222586,+,28144
lncRNA_10292,ptg000004l,8342646,8347383,+,4738
lncRNA_10304,ptg000004l,8655538,8656032,+,495
lncRNA_10305,ptg000004l,8695119,8710528,+,15410
lncRNA_10312,ptg000004l,8720982,8724211,+,3230
lncRNA_10313,ptg000004l,8734747,8736252,+,1506
lncRNA_10314,ptg000004l,8734765,8736252,+,1488
lncRNA_10315,ptg000004l,8734918,8736252,+,1335
lncRNA_10320,ptg000004l,9154767,9163181,+,8415
lncRNA_10337,ptg000004l,9237850,9295089,+,57240
lncRNA_10338,ptg000004l,9237888,9295089,+,57202
lncRNA_10343,ptg000004l,9668804,9669385,+,582
lncRNA_10350,ptg000004l,10016801,10018230,+,1430
lncRNA_10352,ptg000004l,10148518,10150788,+,2271
lncRNA_10353,ptg000004l,10148545,10150788,+,2244
lncRNA_10354,ptg000004l,10148596,10150788,+,2193
lncRNA_10355,ptg000004l,10148680,10150788,+,2109
lncRNA_10356,ptg000004l,10184445,10184990,+,546
lncRNA_10357,ptg000004l,10246252,10250357,+,4106
lncRNA_10358,ptg000004l,10246315,10250357,+,4043
lncRNA_10363,ptg000004l,10401670,10403007,+,1338
lncRNA_10364,ptg000004l,10401672,10403007,+,1336
lncRNA_10365,ptg000004l,10441608,10449735,+,8128
lncRNA_10369,ptg000004l,10454939,10460572,+,5634
lncRNA_10376,ptg000004l,10478293,10489610,+,11318
lncRNA_10377,ptg000004l,10478302,10489610,+,11309
lncRNA_10385,ptg000004l,10478312,10489610,+,11299
lncRNA_10399,ptg000004l,10530888,10533049,+,2162
lncRNA_10400,ptg000004l,10530944,10533049,+,2106
lncRNA_10401,ptg000004l,10601392,10606097,+,4706
lncRNA_10407,ptg000004l,11000298,11006427,+,6130
lncRNA_10411,ptg000004l,11031664,11033099,+,1436
lncRNA_10417,ptg000004l,11393846,11397741,+,3896
lncRNA_10426,ptg000004l,11581075,11585619,+,4545
lncRNA_10428,ptg000004l,11582421,11585619,+,3199
lncRNA_10429,ptg000004l,11582461,11585619,+,3159
lncRNA_10434,ptg000004l,11848677,11851600,+,2924
lncRNA_10435,ptg000004l,11856562,11858919,+,2358
lncRNA_10444,ptg000004l,11842915,11844236,+,1322
lncRNA_10446,ptg000004l,11939820,11940881,+,1062
lncRNA_10447,ptg000004l,11939821,11940881,+,1061
lncRNA_10448,ptg000004l,11939829,11940881,+,1053
lncRNA_10449,ptg000004l,12015823,12021457,+,5635
lncRNA_10450,ptg000004l,12015952,12018960,+,3009
lncRNA_10451,ptg000004l,12015962,12018960,+,2999
lncRNA_10452,ptg000004l,12018995,12021457,+,2463
lncRNA_10461,ptg000004l,12122893,12126143,+,3251
lncRNA_10462,ptg000004l,12254436,12257257,+,2822
lncRNA_10463,ptg000004l,12365344,12368247,+,2904
lncRNA_10464,ptg000004l,12435976,12436721,+,746
lncRNA_10468,ptg000004l,12508761,12510791,+,2031
lncRNA_10469,ptg000004l,12692735,12694881,+,2147
lncRNA_10470,ptg000004l,12706398,12708898,+,2501
lncRNA_10475,ptg000004l,12734318,12761305,+,26988
lncRNA_10479,ptg000004l,12739516,12754313,+,14798
lncRNA_10484,ptg000004l,12744505,12759849,+,15345
lncRNA_10491,ptg000004l,12793561,12798055,+,4495
lncRNA_10495,ptg000004l,13139906,13141547,+,1642
lncRNA_10509,ptg000004l,13368590,13400110,+,31521
lncRNA_10510,ptg000004l,13619126,13621939,+,2814
lncRNA_10511,ptg000004l,13645025,13655836,+,10812
lncRNA_10512,ptg000004l,13841932,13845495,+,3564
lncRNA_10513,ptg000004l,13842495,13845495,+,3001
lncRNA_10516,ptg000004l,13842497,13845495,+,2999
lncRNA_10518,ptg000004l,13842503,13845495,+,2993
lncRNA_10520,ptg000004l,13842540,13845495,+,2956
lncRNA_10521,ptg000004l,13842545,13845495,+,2951
lncRNA_10522,ptg000004l,13842576,13845495,+,2920
lncRNA_10526,ptg000004l,14018617,14020548,+,1932
lncRNA_10556,ptg000004l,61500,64951,+,3452
lncRNA_10557,ptg000004l,62723,64439,+,1717
lncRNA_10558,ptg000004l,68388,71989,+,3602
lncRNA_10559,ptg000004l,280542,281520,+,979
lncRNA_10560,ptg000004l,300477,301599,+,1123
lncRNA_10561,ptg000004l,310488,317125,+,6638
lncRNA_10562,ptg000004l,310566,316968,+,6403
lncRNA_10563,ptg000004l,322380,322763,+,384
lncRNA_10564,ptg000004l,469736,472109,+,2374
lncRNA_10566,ptg000004l,579544,585105,+,5562
lncRNA_10567,ptg000004l,697003,697408,+,406
lncRNA_10568,ptg000004l,826478,829477,+,3000
lncRNA_10569,ptg000004l,826759,829477,+,2719
lncRNA_10570,ptg000004l,826761,829354,+,2594
lncRNA_10571,ptg000004l,827765,829354,+,1590
lncRNA_10572,ptg000004l,828160,829354,+,1195
lncRNA_10573,ptg000004l,828221,829089,+,869
lncRNA_10574,ptg000004l,853258,857264,+,4007
lncRNA_10575,ptg000004l,1033815,1049481,+,15667
lncRNA_10577,ptg000004l,1205305,1217536,+,12232
lncRNA_10578,ptg000004l,1205333,1217844,+,12512
lncRNA_10579,ptg000004l,1206897,1217536,+,10640
lncRNA_10580,ptg000004l,1434806,1437578,+,2773
lncRNA_10581,ptg000004l,1468589,1470200,+,1612
lncRNA_10582,ptg000004l,1491753,1495100,+,3348
lncRNA_10585,ptg000004l,1601981,1604517,+,2537
lncRNA_10586,ptg000004l,1605790,1611639,+,5850
lncRNA_10587,ptg000004l,1607277,1611639,+,4363
lncRNA_10589,ptg000004l,1684666,1705853,+,21188
lncRNA_10593,ptg000004l,2353548,2359711,+,6164
lncRNA_10595,ptg000004l,2409563,2412696,+,3134
lncRNA_10605,ptg000004l,2626652,2638561,+,11910
lncRNA_10608,ptg000004l,2738480,2739423,+,944
lncRNA_10609,ptg000004l,2877261,2878305,+,1045
lncRNA_10610,ptg000004l,2887280,2888322,+,1043
lncRNA_10618,ptg000004l,3111783,3113174,+,1392
lncRNA_10619,ptg000004l,3037234,3039223,+,1990
lncRNA_10624,ptg000004l,3234875,3238710,+,3836
lncRNA_10625,ptg000004l,3247321,3248349,+,1029
lncRNA_10632,ptg000004l,3665609,3667947,+,2339
lncRNA_10641,ptg000004l,3943035,3980484,+,37450
lncRNA_10647,ptg000004l,4074460,4108524,+,34065
lncRNA_10652,ptg000004l,4250986,4253015,+,2030
lncRNA_10654,ptg000004l,4288762,4291346,+,2585
lncRNA_10657,ptg000004l,4746732,4747858,+,1127
lncRNA_10659,ptg000004l,4861999,4872510,+,10512
lncRNA_10660,ptg000004l,4869104,4871073,+,1970
lncRNA_10661,ptg000004l,5018893,5022197,+,3305
lncRNA_10662,ptg000004l,5023327,5029614,+,6288
lncRNA_10663,ptg000004l,5034305,5040056,+,5752
lncRNA_10666,ptg000004l,5111290,5116773,+,5484
lncRNA_10667,ptg000004l,5132700,5136039,+,3340
lncRNA_10671,ptg000004l,5168488,5170099,+,1612
lncRNA_10672,ptg000004l,5173649,5175734,+,2086
lncRNA_10678,ptg000004l,5247651,5285330,+,37680
lncRNA_10681,ptg000004l,5317845,5353393,+,35549
lncRNA_10687,ptg000004l,5338870,5356813,+,17944
lncRNA_10691,ptg000004l,5528640,5539378,+,10739
lncRNA_10703,ptg000004l,6060716,6070193,+,9478
lncRNA_10705,ptg000004l,6140184,6141854,+,1671
lncRNA_10707,ptg000004l,6150108,6150723,+,616
lncRNA_10708,ptg000004l,6179296,6180613,+,1318
lncRNA_10710,ptg000004l,6223580,6228027,+,4448
lncRNA_10713,ptg000004l,6268134,6317469,+,49336
lncRNA_10724,ptg000004l,6681372,6684347,+,2976
lncRNA_10725,ptg000004l,6770674,6775671,+,4998
lncRNA_10728,ptg000004l,7024223,7034492,+,10270
lncRNA_10729,ptg000004l,7029766,7034492,+,4727
lncRNA_10730,ptg000004l,7029766,7035121,+,5356
lncRNA_10733,ptg000004l,7041768,7049390,+,7623
lncRNA_10734,ptg000004l,7041797,7049390,+,7594
lncRNA_10735,ptg000004l,7068202,7069851,+,1650
lncRNA_10736,ptg000004l,7068346,7069851,+,1506
lncRNA_10737,ptg000004l,7068349,7069851,+,1503
lncRNA_10738,ptg000004l,7068356,7069851,+,1496
lncRNA_10739,ptg000004l,7068475,7069851,+,1377
lncRNA_10740,ptg000004l,7068499,7069851,+,1353
lncRNA_10743,ptg000004l,7188963,7189625,+,663
lncRNA_10744,ptg000004l,7170626,7174816,+,4191
lncRNA_10748,ptg000004l,7223251,7224623,+,1373
lncRNA_10749,ptg000004l,7258681,7261040,+,2360
lncRNA_10755,ptg000004l,7563481,7565014,+,1534
lncRNA_10758,ptg000004l,7598407,7642201,+,43795
lncRNA_10767,ptg000004l,7789642,7794927,+,5286
lncRNA_10768,ptg000004l,7843904,7853397,+,9494
lncRNA_10772,ptg000004l,7891642,7892680,+,1039
lncRNA_10775,ptg000004l,7951447,7953165,+,1719
lncRNA_10776,ptg000004l,7951520,7953165,+,1646
lncRNA_10777,ptg000004l,7953528,7954079,+,552
lncRNA_10778,ptg000004l,7995353,7998174,+,2822
lncRNA_10784,ptg000004l,8027525,8030212,+,2688
lncRNA_10789,ptg000004l,8165820,8172631,+,6812
lncRNA_10790,ptg000004l,8242523,8244002,+,1480
lncRNA_10791,ptg000004l,8242525,8244002,+,1478
lncRNA_10794,ptg000004l,8365693,8371096,+,5404
lncRNA_10795,ptg000004l,8365804,8371096,+,5293
lncRNA_10796,ptg000004l,8365805,8371096,+,5292
lncRNA_10797,ptg000004l,8601134,8607348,+,6215
lncRNA_10799,ptg000004l,8610264,8623202,+,12939
lncRNA_10801,ptg000004l,8675710,8681989,+,6280
lncRNA_10802,ptg000004l,8675957,8681989,+,6033
lncRNA_10803,ptg000004l,8746837,8756370,+,9534
lncRNA_10804,ptg000004l,9148195,9154288,+,6094
lncRNA_10805,ptg000004l,9148493,9154288,+,5796
lncRNA_10806,ptg000004l,9149007,9152604,+,3598
lncRNA_10809,ptg000004l,9688843,9699821,+,10979
lncRNA_10810,ptg000004l,8706280,8710528,+,4249
lncRNA_10811,ptg000004l,8707206,8711352,+,4147
lncRNA_10812,ptg000004l,8740820,8743682,+,2863
lncRNA_10814,ptg000004l,8776164,8803390,+,27227
lncRNA_10818,ptg000004l,9242547,9300065,+,57519
lncRNA_10825,ptg000004l,9464122,9475929,+,11808
lncRNA_10826,ptg000004l,9464400,9508185,+,43786
lncRNA_10827,ptg000004l,9467486,9477365,+,9880
lncRNA_10828,ptg000004l,9467922,9477094,+,9173
lncRNA_10832,ptg000004l,9237587,9294259,+,56673
lncRNA_10833,ptg000004l,9375555,9380147,+,4593
lncRNA_10837,ptg000004l,9461701,9503791,+,42091
lncRNA_10839,ptg000004l,9648677,9654920,+,6244
lncRNA_10844,ptg000004l,9830047,9837101,+,7055
lncRNA_10845,ptg000004l,9883497,9884005,+,509
lncRNA_10847,ptg000004l,9933191,9936922,+,3732
lncRNA_10849,ptg000004l,10177551,10179516,+,1966
lncRNA_10850,ptg000004l,10241917,10244484,+,2568
lncRNA_10852,ptg000004l,10441608,10446517,+,4910
lncRNA_10857,ptg000004l,10455271,10460251,+,4981
lncRNA_10858,ptg000004l,10455392,10460251,+,4860
lncRNA_10859,ptg000004l,10455500,10458391,+,2892
lncRNA_10860,ptg000004l,10455531,10458391,+,2861
lncRNA_10861,ptg000004l,10456544,10458391,+,1848
lncRNA_10864,ptg000004l,10488909,10489901,+,993
lncRNA_10868,ptg000004l,10530938,10535462,+,4525
lncRNA_10869,ptg000004l,10533239,10535462,+,2224
lncRNA_10870,ptg000004l,10533290,10535462,+,2173
lncRNA_10881,ptg000004l,10740863,10744062,+,3200
lncRNA_10890,ptg000004l,11386086,11389828,+,3743
lncRNA_10891,ptg000004l,11386086,11391379,+,5294
lncRNA_10892,ptg000004l,11386086,11391800,+,5715
lncRNA_10894,ptg000004l,11386086,11397173,+,11088
lncRNA_10898,ptg000004l,11386269,11397173,+,10905
lncRNA_10899,ptg000004l,11386445,11392065,+,5621
lncRNA_10900,ptg000004l,11386463,11390899,+,4437
lncRNA_10901,ptg000004l,11387793,11390836,+,3044
lncRNA_10903,ptg000004l,11398818,11400677,+,1860
lncRNA_10910,ptg000004l,11584587,11589345,+,4759
lncRNA_10911,ptg000004l,11609106,11618652,+,9547
lncRNA_10912,ptg000004l,11614364,11618652,+,4289
lncRNA_10927,ptg000004l,11691761,11696493,+,4733
lncRNA_10928,ptg000004l,11693095,11697709,+,4615
lncRNA_10934,ptg000004l,12019968,12021460,+,1493
lncRNA_10935,ptg000004l,11856557,11858631,+,2075
lncRNA_10936,ptg000004l,11856576,11858883,+,2308
lncRNA_10940,ptg000004l,11895570,11896788,+,1219
lncRNA_10945,ptg000004l,12087178,12091626,+,4449
lncRNA_10947,ptg000004l,12244227,12251346,+,7120
lncRNA_10949,ptg000004l,12267001,12267619,+,619
lncRNA_10953,ptg000004l,12405544,12407487,+,1944
lncRNA_10956,ptg000004l,12510674,12517463,+,6790
lncRNA_10957,ptg000004l,12495334,12496531,+,1198
lncRNA_10958,ptg000004l,12566496,12574961,+,8466
lncRNA_10961,ptg000004l,12707275,12709873,+,2599
lncRNA_10971,ptg000004l,12739382,12767727,+,28346
lncRNA_10979,ptg000004l,12793298,12812793,+,19496
lncRNA_10980,ptg000004l,12807486,12812793,+,5308
lncRNA_10981,ptg000004l,12807509,12812793,+,5285
lncRNA_10983,ptg000004l,13115871,13120446,+,4576
lncRNA_10991,ptg000004l,13445579,13446212,+,634
lncRNA_10994,ptg000004l,13569638,13571776,+,2139
lncRNA_10995,ptg000004l,13574995,13576009,+,1015
lncRNA_10996,ptg000004l,13617155,13623124,+,5970
lncRNA_10997,ptg000004l,13617678,13619014,+,1337
lncRNA_11000,ptg000004l,13900695,13907813,+,7119
lncRNA_11010,ptg000004l,14639013,14693898,+,54886
lncRNA_11033,ptg000004l,617486,618037,+,552
lncRNA_11058,ptg000004l,1664734,1666206,+,1473
lncRNA_11059,ptg000004l,1668485,1669775,+,1291
lncRNA_11081,ptg000004l,2222248,2223063,+,816
lncRNA_11084,ptg000004l,2387516,2388139,+,624
lncRNA_11086,ptg000004l,2770559,2771267,+,709
lncRNA_11087,ptg000004l,2786176,2786713,+,538
lncRNA_11088,ptg000004l,3671662,3671982,+,321
lncRNA_11114,ptg000004l,5480367,5481356,+,990
lncRNA_11156,ptg000004l,6155560,6156822,+,1263
lncRNA_11165,ptg000004l,6395362,6396960,+,1599
lncRNA_11185,ptg000004l,6562875,6564619,+,1745
lncRNA_11198,ptg000004l,6706936,6708845,+,1910
lncRNA_11202,ptg000004l,6737050,6738624,+,1575
lncRNA_11203,ptg000004l,6755095,6756009,+,915
lncRNA_11210,ptg000004l,6895582,6897165,+,1584
lncRNA_11215,ptg000004l,6947169,6947904,+,736
lncRNA_11217,ptg000004l,6954439,6956280,+,1842
lncRNA_11223,ptg000004l,7111290,7111960,+,671
lncRNA_11225,ptg000004l,7200808,7203620,+,2813
lncRNA_11226,ptg000004l,7245257,7248997,+,3741
lncRNA_11265,ptg000004l,7758626,7761261,+,2636
lncRNA_11283,ptg000004l,8016045,8018134,+,2090
lncRNA_11291,ptg000004l,9336557,9336854,+,298
lncRNA_11292,ptg000004l,9667614,9667972,+,359
lncRNA_11302,ptg000004l,10103092,10103648,+,557
lncRNA_11358,ptg000004l,10924220,10926812,+,2593
lncRNA_11360,ptg000004l,10936201,10938498,+,2298
lncRNA_11426,ptg000004l,12923402,12924248,+,847
lncRNA_11443,ptg000004l,13441646,13443454,+,1809
lncRNA_11445,ptg000004l,13451341,13452600,+,1260
lncRNA_11447,ptg000004l,13625865,13626801,+,937
lncRNA_11452,ptg000004l,13681919,13682894,+,976
lncRNA_11489,ptg000004l,14113242,14113755,+,514
lncRNA_11503,ptg000004l,14219787,14222479,+,2693
lncRNA_11535,ptg000004l,14576015,14577124,+,1110
lncRNA_11537,ptg000004l,14618582,14619704,+,1123
lncRNA_11589,ptg000005l,1307684,1325659,+,17976
lncRNA_11601,ptg000005l,287548,288203,+,656
lncRNA_11603,ptg000005l,314630,315077,+,448
lncRNA_11604,ptg000005l,422464,422731,+,268
lncRNA_11606,ptg000005l,425090,427844,+,2755
lncRNA_11638,ptg000005l,1214769,1216161,+,1393
lncRNA_11680,ptg000006l,1033026,1066579,+,33554
lncRNA_11686,ptg000006l,1250341,1294256,+,43916
lncRNA_11687,ptg000006l,1250383,1296302,+,45920
lncRNA_11705,ptg000006l,1508099,1510616,+,2518
lncRNA_11708,ptg000006l,2002106,2003450,+,1345
lncRNA_11747,ptg000006l,980290,1027939,+,47650
lncRNA_11848,ptg000006l,1061028,1061887,+,860
lncRNA_11879,ptg000006l,1495972,1498967,+,2996
lncRNA_11897,ptg000006l,1837382,1839192,+,1811
lncRNA_11930,ptg000007l,252006,252663,+,658
lncRNA_11931,ptg000007l,252008,252663,+,656
lncRNA_11932,ptg000007l,268296,274588,+,6293
lncRNA_11934,ptg000007l,303569,307025,+,3457
lncRNA_11935,ptg000007l,360222,366067,+,5846
lncRNA_11938,ptg000007l,391700,394684,+,2985
lncRNA_11939,ptg000007l,403249,405199,+,1951
lncRNA_11940,ptg000007l,423685,427576,+,3892
lncRNA_11941,ptg000007l,486770,499408,+,12639
lncRNA_11944,ptg000007l,864172,868907,+,4736
lncRNA_11945,ptg000007l,865715,868907,+,3193
lncRNA_11946,ptg000007l,869303,871172,+,1870
lncRNA_11948,ptg000007l,897886,899674,+,1789
lncRNA_11949,ptg000007l,908655,910268,+,1614
lncRNA_11951,ptg000007l,945266,946799,+,1534
lncRNA_11954,ptg000007l,1071428,1072983,+,1556
lncRNA_11963,ptg000007l,1229885,1232602,+,2718
lncRNA_11964,ptg000007l,1541101,1542772,+,1672
lncRNA_11965,ptg000007l,1571190,1578047,+,6858
lncRNA_11966,ptg000007l,1571300,1578047,+,6748
lncRNA_11968,ptg000007l,1582894,1588031,+,5138
lncRNA_11969,ptg000007l,1583127,1588031,+,4905
lncRNA_11972,ptg000007l,1583133,1588031,+,4899
lncRNA_11973,ptg000007l,1583139,1588031,+,4893
lncRNA_11975,ptg000007l,1588838,1619989,+,31152
lncRNA_11976,ptg000007l,1589098,1594096,+,4999
lncRNA_11977,ptg000007l,1589274,1594096,+,4823
lncRNA_11980,ptg000007l,1642714,1644932,+,2219
lncRNA_11981,ptg000007l,1642865,1644932,+,2068
lncRNA_11982,ptg000007l,1642898,1644896,+,1999
lncRNA_11983,ptg000007l,1645704,1650367,+,4664
lncRNA_11984,ptg000007l,1654026,1676452,+,22427
lncRNA_11986,ptg000007l,1680452,1687790,+,7339
lncRNA_11987,ptg000007l,1884990,1895301,+,10312
lncRNA_11988,ptg000007l,1885465,1887589,+,2125
lncRNA_11991,ptg000007l,1911338,1913541,+,2204
lncRNA_11996,ptg000007l,2100667,2103743,+,3077
lncRNA_11997,ptg000007l,2101140,2103743,+,2604
lncRNA_11998,ptg000007l,2103930,2109106,+,5177
lncRNA_11999,ptg000007l,2215157,2225883,+,10727
lncRNA_12000,ptg000007l,2239688,2241329,+,1642
lncRNA_12001,ptg000007l,2252966,2254012,+,1047
lncRNA_12004,ptg000007l,2504474,2506829,+,2356
lncRNA_12005,ptg000007l,2504489,2506829,+,2341
lncRNA_12006,ptg000007l,2648311,2658833,+,10523
lncRNA_12007,ptg000007l,2741296,2742682,+,1387
lncRNA_12008,ptg000007l,2750332,2752764,+,2433
lncRNA_12009,ptg000007l,2809009,2815720,+,6712
lncRNA_12010,ptg000007l,2809016,2812398,+,3383
lncRNA_12011,ptg000007l,2809021,2815720,+,6700
lncRNA_12013,ptg000007l,2840123,2892948,+,52826
lncRNA_12014,ptg000007l,2852271,2874495,+,22225
lncRNA_12015,ptg000007l,2852273,2874495,+,22223
lncRNA_12018,ptg000007l,2912215,2914307,+,2093
lncRNA_12019,ptg000007l,2928699,2931274,+,2576
lncRNA_12034,ptg000007l,3253487,3254518,+,1032
lncRNA_12035,ptg000007l,3270470,3275833,+,5364
lncRNA_12036,ptg000007l,3270632,3276267,+,5636
lncRNA_12037,ptg000007l,3271313,3276267,+,4955
lncRNA_12040,ptg000007l,3319078,3320627,+,1550
lncRNA_12041,ptg000007l,3342103,3343615,+,1513
lncRNA_12042,ptg000007l,3360341,3370048,+,9708
lncRNA_12043,ptg000007l,3366973,3370048,+,3076
lncRNA_12046,ptg000007l,3481033,3482323,+,1291
lncRNA_12047,ptg000007l,3481033,3485176,+,4144
lncRNA_12048,ptg000007l,3481162,3483052,+,1891
lncRNA_12049,ptg000007l,3481166,3483730,+,2565
lncRNA_12051,ptg000007l,3599311,3622680,+,23370
lncRNA_12053,ptg000007l,3814721,3817006,+,2286
lncRNA_12054,ptg000007l,3815256,3817375,+,2120
lncRNA_12055,ptg000007l,3839123,3841329,+,2207
lncRNA_12057,ptg000007l,3883416,3886011,+,2596
lncRNA_12058,ptg000007l,3937328,3941238,+,3911
lncRNA_12059,ptg000007l,3975726,3977881,+,2156
lncRNA_12060,ptg000007l,3975814,3981382,+,5569
lncRNA_12064,ptg000007l,4211865,4213323,+,1459
lncRNA_12066,ptg000007l,4407914,4409381,+,1468
lncRNA_12070,ptg000007l,4487597,4488154,+,558
lncRNA_12071,ptg000007l,4610279,4613017,+,2739
lncRNA_12073,ptg000007l,4706598,4707734,+,1137
lncRNA_12079,ptg000007l,4780041,4781547,+,1507
lncRNA_12081,ptg000007l,5101170,5106558,+,5389
lncRNA_12082,ptg000007l,5101909,5105896,+,3988
lncRNA_12083,ptg000007l,5176736,5177747,+,1012
lncRNA_12084,ptg000007l,5227865,5228463,+,599
lncRNA_12085,ptg000007l,5293781,5295381,+,1601
lncRNA_12086,ptg000007l,5304217,5305227,+,1011
lncRNA_12088,ptg000007l,5434715,5437116,+,2402
lncRNA_12089,ptg000007l,5473739,5542915,+,69177
lncRNA_12091,ptg000007l,5522883,5542915,+,20033
lncRNA_12095,ptg000007l,5740053,5785670,+,45618
lncRNA_12108,ptg000007l,6525257,6527864,+,2608
lncRNA_12110,ptg000007l,7071131,7072524,+,1394
lncRNA_12111,ptg000007l,7071152,7072524,+,1373
lncRNA_12112,ptg000007l,7147572,7152105,+,4534
lncRNA_12115,ptg000007l,7601249,7603345,+,2097
lncRNA_12116,ptg000007l,7601263,7603345,+,2083
lncRNA_12117,ptg000007l,8092735,8093782,+,1048
lncRNA_12118,ptg000007l,8274532,8276152,+,1621
lncRNA_12120,ptg000007l,8520587,8522316,+,1730
lncRNA_12127,ptg000007l,8498868,8499743,+,876
lncRNA_12129,ptg000007l,8598660,8619481,+,20822
lncRNA_12130,ptg000007l,8598815,8619481,+,20667
lncRNA_12131,ptg000007l,8598839,8619481,+,20643
lncRNA_12132,ptg000007l,8598842,8619481,+,20640
lncRNA_12133,ptg000007l,8601502,8619481,+,17980
lncRNA_12134,ptg000007l,8778608,8819988,+,41381
lncRNA_12135,ptg000007l,8778612,8789834,+,11223
lncRNA_12136,ptg000007l,8778660,8807979,+,29320
lncRNA_12137,ptg000007l,8778713,8807979,+,29267
lncRNA_12138,ptg000007l,8778874,8814428,+,35555
lncRNA_12140,ptg000007l,8817459,8819988,+,2530
lncRNA_12141,ptg000007l,8817547,8819988,+,2442
lncRNA_12144,ptg000007l,9026946,9037005,+,10060
lncRNA_12145,ptg000007l,9026962,9037005,+,10044
lncRNA_12147,ptg000007l,9026991,9037005,+,10015
lncRNA_12148,ptg000007l,9026997,9037005,+,10009
lncRNA_12149,ptg000007l,9026998,9037005,+,10008
lncRNA_12151,ptg000007l,9027097,9037005,+,9909
lncRNA_12152,ptg000007l,9027207,9037005,+,9799
lncRNA_12173,ptg000007l,9287884,9290239,+,2356
lncRNA_12174,ptg000007l,9288474,9289847,+,1374
lncRNA_12175,ptg000007l,9288503,9290239,+,1737
lncRNA_12181,ptg000007l,9624465,9629324,+,4860
lncRNA_12182,ptg000007l,9626130,9629324,+,3195
lncRNA_12183,ptg000007l,9626158,9629324,+,3167
lncRNA_12184,ptg000007l,9626165,9629324,+,3160
lncRNA_12185,ptg000007l,9626196,9629324,+,3129
lncRNA_12186,ptg000007l,9627309,9629324,+,2016
lncRNA_12187,ptg000007l,9642495,9650976,+,8482
lncRNA_12195,ptg000007l,9992941,9997909,+,4969
lncRNA_12196,ptg000007l,10068365,10072665,+,4301
lncRNA_12202,ptg000007l,10764841,10766122,+,1282
lncRNA_12204,ptg000007l,11495523,11500629,+,5107
lncRNA_12206,ptg000007l,11592830,11596132,+,3303
lncRNA_12207,ptg000007l,11592842,11596132,+,3291
lncRNA_12208,ptg000007l,11592915,11596132,+,3218
lncRNA_12214,ptg000007l,225731,230782,+,5052
lncRNA_12215,ptg000007l,233159,234501,+,1343
lncRNA_12216,ptg000007l,288478,289287,+,810
lncRNA_12217,ptg000007l,353912,362664,+,8753
lncRNA_12218,ptg000007l,353912,367988,+,14077
lncRNA_12220,ptg000007l,354920,367225,+,12306
lncRNA_12223,ptg000007l,403018,404382,+,1365
lncRNA_12224,ptg000007l,440606,441758,+,1153
lncRNA_12225,ptg000007l,444407,454170,+,9764
lncRNA_12226,ptg000007l,444502,445904,+,1403
lncRNA_12227,ptg000007l,444571,447620,+,3050
lncRNA_12228,ptg000007l,444589,454170,+,9582
lncRNA_12232,ptg000007l,586039,586351,+,313
lncRNA_12233,ptg000007l,649650,656880,+,7231
lncRNA_12234,ptg000007l,797992,809375,+,11384
lncRNA_12237,ptg000007l,965014,965411,+,398
lncRNA_12238,ptg000007l,983038,992503,+,9466
lncRNA_12239,ptg000007l,1023263,1029098,+,5836
lncRNA_12240,ptg000007l,1026330,1029098,+,2769
lncRNA_12241,ptg000007l,1027493,1029098,+,1606
lncRNA_12242,ptg000007l,1039005,1046571,+,7567
lncRNA_12243,ptg000007l,1042407,1046571,+,4165
lncRNA_12245,ptg000007l,1056230,1062372,+,6143
lncRNA_12246,ptg000007l,1096074,1096518,+,445
lncRNA_12247,ptg000007l,1105512,1107068,+,1557
lncRNA_12252,ptg000007l,1583127,1589600,+,6474
lncRNA_12253,ptg000007l,1601335,1607754,+,6420
lncRNA_12254,ptg000007l,1601812,1607712,+,5901
lncRNA_12256,ptg000007l,1654335,1666761,+,12427
lncRNA_12257,ptg000007l,1655111,1667907,+,12797
lncRNA_12258,ptg000007l,1718886,1729972,+,11087
lncRNA_12259,ptg000007l,1720635,1721811,+,1177
lncRNA_12260,ptg000007l,1648370,1656177,+,7808
lncRNA_12261,ptg000007l,1649523,1656520,+,6998
lncRNA_12264,ptg000007l,1736461,1738933,+,2473
lncRNA_12266,ptg000007l,1778644,1780164,+,1521
lncRNA_12268,ptg000007l,1909037,1909717,+,681
lncRNA_12269,ptg000007l,2033501,2035224,+,1724
lncRNA_12270,ptg000007l,2060995,2064753,+,3759
lncRNA_12272,ptg000007l,2166490,2168083,+,1594
lncRNA_12273,ptg000007l,2252966,2255304,+,2339
lncRNA_12278,ptg000007l,2320301,2322274,+,1974
lncRNA_12279,ptg000007l,2320456,2322274,+,1819
lncRNA_12280,ptg000007l,2336368,2337426,+,1059
lncRNA_12282,ptg000007l,2489023,2504377,+,15355
lncRNA_12283,ptg000007l,2489085,2504377,+,15293
lncRNA_12286,ptg000007l,2600118,2609028,+,8911
lncRNA_12287,ptg000007l,2601488,2613754,+,12267
lncRNA_12288,ptg000007l,2601607,2613754,+,12148
lncRNA_12289,ptg000007l,2627019,2632847,+,5829
lncRNA_12291,ptg000007l,2650570,2674084,+,23515
lncRNA_12292,ptg000007l,2658094,2674084,+,15991
lncRNA_12293,ptg000007l,2658242,2674084,+,15843
lncRNA_12294,ptg000007l,2671377,2674084,+,2708
lncRNA_12296,ptg000007l,2691062,2694023,+,2962
lncRNA_12298,ptg000007l,2767137,2769499,+,2363
lncRNA_12299,ptg000007l,2809037,2874495,+,65459
lncRNA_12300,ptg000007l,2811931,2876405,+,64475
lncRNA_12301,ptg000007l,2828375,2835712,+,7338
lncRNA_12302,ptg000007l,2945429,2946518,+,1090
lncRNA_12303,ptg000007l,2998279,3000138,+,1860
lncRNA_12304,ptg000007l,3092544,3093936,+,1393
lncRNA_12305,ptg000007l,3092602,3093936,+,1335
lncRNA_12306,ptg000007l,3145590,3151002,+,5413
lncRNA_12307,ptg000007l,3145601,3146208,+,608
lncRNA_12308,ptg000007l,3171274,3176244,+,4971
lncRNA_12309,ptg000007l,3174183,3176244,+,2062
lncRNA_12311,ptg000007l,3204890,3213609,+,8720
lncRNA_12312,ptg000007l,3292301,3298329,+,6029
lncRNA_12313,ptg000007l,3316861,3318859,+,1999
lncRNA_12314,ptg000007l,3443527,3451261,+,7735
lncRNA_12315,ptg000007l,3444125,3451912,+,7788
lncRNA_12316,ptg000007l,3459842,3461777,+,1936
lncRNA_12317,ptg000007l,3475292,3477014,+,1723
lncRNA_12319,ptg000007l,3551884,3553354,+,1471
lncRNA_12320,ptg000007l,3671645,3673252,+,1608
lncRNA_12322,ptg000007l,3835556,3838244,+,2689
lncRNA_12323,ptg000007l,3843860,3846781,+,2922
lncRNA_12324,ptg000007l,3844654,3846156,+,1503
lncRNA_12325,ptg000007l,3853118,3870822,+,17705
lncRNA_12326,ptg000007l,3853251,3870822,+,17572
lncRNA_12327,ptg000007l,3853268,3883317,+,30050
lncRNA_12328,ptg000007l,3853280,3858261,+,4982
lncRNA_12329,ptg000007l,3853286,3870822,+,17537
lncRNA_12330,ptg000007l,3909003,3910070,+,1068
lncRNA_12331,ptg000007l,3909150,3910070,+,921
lncRNA_12332,ptg000007l,3909165,3910070,+,906
lncRNA_12336,ptg000007l,4062213,4071182,+,8970
lncRNA_12337,ptg000007l,4062433,4064900,+,2468
lncRNA_12338,ptg000007l,4077752,4079105,+,1354
lncRNA_12339,ptg000007l,4077880,4079105,+,1226
lncRNA_12341,ptg000007l,4144430,4146081,+,1652
lncRNA_12342,ptg000007l,4309956,4314684,+,4729
lncRNA_12344,ptg000007l,4301123,4301964,+,842
lncRNA_12345,ptg000007l,4485082,4487704,+,2623
lncRNA_12346,ptg000007l,4485082,4491260,+,6179
lncRNA_12352,ptg000007l,4780978,4797206,+,16229
lncRNA_12353,ptg000007l,4781278,4782685,+,1408
lncRNA_12354,ptg000007l,4783763,4803930,+,20168
lncRNA_12355,ptg000007l,4790478,4808920,+,18443
lncRNA_12357,ptg000007l,4790525,4808920,+,18396
lncRNA_12358,ptg000007l,4790545,4808920,+,18376
lncRNA_12359,ptg000007l,4790559,4791629,+,1071
lncRNA_12360,ptg000007l,4807159,4808920,+,1762
lncRNA_12361,ptg000007l,4805939,4810212,+,4274
lncRNA_12364,ptg000007l,4832477,4833032,+,556
lncRNA_12367,ptg000007l,4908779,4909326,+,548
lncRNA_12368,ptg000007l,4910276,4911474,+,1199
lncRNA_12372,ptg000007l,5237625,5238863,+,1239
lncRNA_12373,ptg000007l,5245209,5246307,+,1099
lncRNA_12374,ptg000007l,5289271,5290135,+,865
lncRNA_12375,ptg000007l,5425382,5426650,+,1269
lncRNA_12376,ptg000007l,5383914,5390355,+,6442
lncRNA_12377,ptg000007l,5442973,5445045,+,2073
lncRNA_12379,ptg000007l,5522883,5579899,+,57017
lncRNA_12380,ptg000007l,5522888,5554206,+,31319
lncRNA_12381,ptg000007l,5522889,5578740,+,55852
lncRNA_12382,ptg000007l,5523010,5577083,+,54074
lncRNA_12383,ptg000007l,5523476,5579899,+,56424
lncRNA_12384,ptg000007l,5542848,5579899,+,37052
lncRNA_12387,ptg000007l,5542330,5576886,+,34557
lncRNA_12389,ptg000007l,5597105,5600779,+,3675
lncRNA_12392,ptg000007l,5813512,5818035,+,4524
lncRNA_12398,ptg000007l,6007388,6008411,+,1024
lncRNA_12399,ptg000007l,6009657,6015963,+,6307
lncRNA_12400,ptg000007l,6012226,6015963,+,3738
lncRNA_12419,ptg000007l,6516059,6518873,+,2815
lncRNA_12420,ptg000007l,6516114,6518873,+,2760
lncRNA_12421,ptg000007l,6528536,6530774,+,2239
lncRNA_12428,ptg000007l,7040352,7043921,+,3570
lncRNA_12434,ptg000007l,7602258,7602953,+,696
lncRNA_12437,ptg000007l,8092738,8094448,+,1711
lncRNA_12439,ptg000007l,8173057,8184344,+,11288
lncRNA_12440,ptg000007l,8174006,8186903,+,12898
lncRNA_12445,ptg000007l,8260316,8261410,+,1095
lncRNA_12447,ptg000007l,8363618,8370281,+,6664
lncRNA_12448,ptg000007l,8363634,8370281,+,6648
lncRNA_12449,ptg000007l,8363662,8370281,+,6620
lncRNA_12451,ptg000007l,8425891,8426881,+,991
lncRNA_12452,ptg000007l,8425930,8426881,+,952
lncRNA_12453,ptg000007l,8473294,8474345,+,1052
lncRNA_12456,ptg000007l,8627501,8629540,+,2040
lncRNA_12457,ptg000007l,8627552,8629540,+,1989
lncRNA_12458,ptg000007l,8690105,8691794,+,1690
lncRNA_12460,ptg000007l,8784138,8789834,+,5697
lncRNA_12461,ptg000007l,8830696,8832999,+,2304
lncRNA_12469,ptg000007l,9135651,9136676,+,1026
lncRNA_12470,ptg000007l,9150753,9152637,+,1885
lncRNA_12474,ptg000007l,9410188,9415239,+,5052
lncRNA_12475,ptg000007l,9413678,9415239,+,1562
lncRNA_12479,ptg000007l,9686542,9691560,+,5019
lncRNA_12480,ptg000007l,9687690,9690744,+,3055
lncRNA_12482,ptg000007l,9730403,9731726,+,1324
lncRNA_12483,ptg000007l,9730697,9732308,+,1612
lncRNA_12484,ptg000007l,9863892,9867772,+,3881
lncRNA_12485,ptg000007l,9898564,9899590,+,1027
lncRNA_12493,ptg000007l,10178782,10179279,+,498
lncRNA_12494,ptg000007l,10176582,10177432,+,851
lncRNA_12496,ptg000007l,10420554,10421516,+,963
lncRNA_12499,ptg000007l,10734732,10749361,+,14630
lncRNA_12501,ptg000007l,10765393,10768638,+,3246
lncRNA_12502,ptg000007l,10765403,10768638,+,3236
lncRNA_12503,ptg000007l,10765574,10768638,+,3065
lncRNA_12504,ptg000007l,10780297,10783731,+,3435
lncRNA_12505,ptg000007l,10782489,10783731,+,1243
lncRNA_12531,ptg000007l,645129,646729,+,1601
lncRNA_12549,ptg000007l,1189027,1190034,+,1008
lncRNA_12576,ptg000007l,2753102,2753710,+,609
lncRNA_12587,ptg000007l,3121307,3122613,+,1307
lncRNA_12607,ptg000007l,4016091,4017070,+,980
lncRNA_12663,ptg000007l,6260941,6262065,+,1125
lncRNA_12672,ptg000007l,6309073,6311195,+,2123
lncRNA_12679,ptg000007l,6366607,6367690,+,1084
lncRNA_12682,ptg000007l,6376769,6378176,+,1408
lncRNA_12684,ptg000007l,6381458,6382084,+,627
lncRNA_12688,ptg000007l,6412874,6415274,+,2401
lncRNA_12691,ptg000007l,6423003,6426138,+,3136
lncRNA_12701,ptg000007l,6492403,6493374,+,972
lncRNA_12725,ptg000007l,6742294,6743547,+,1254
lncRNA_12737,ptg000007l,6866519,6868170,+,1652
lncRNA_12754,ptg000007l,6969621,6970365,+,745
lncRNA_12758,ptg000007l,6986828,6987168,+,341
lncRNA_12760,ptg000007l,6999435,7002237,+,2803
lncRNA_12778,ptg000007l,7089749,7090908,+,1160
lncRNA_12789,ptg000007l,7171472,7173884,+,2413
lncRNA_12804,ptg000007l,7311113,7311836,+,724
lncRNA_12810,ptg000007l,7339813,7340612,+,800
lncRNA_12836,ptg000007l,7553774,7555283,+,1510
lncRNA_12860,ptg000007l,7761817,7762775,+,959
lncRNA_12869,ptg000007l,7968090,7968760,+,671
lncRNA_12908,ptg000007l,8835889,8838170,+,2282
lncRNA_12910,ptg000007l,8844543,8844945,+,403
lncRNA_12914,ptg000007l,8874915,8875430,+,516
lncRNA_12948,ptg000007l,9161321,9162516,+,1196
lncRNA_12959,ptg000007l,9296809,9297833,+,1025
lncRNA_12960,ptg000007l,9299677,9300940,+,1264
lncRNA_12966,ptg000007l,9331203,9332319,+,1117
lncRNA_12981,ptg000007l,9452278,9452736,+,459
lncRNA_12984,ptg000007l,9465722,9466562,+,841
lncRNA_12985,ptg000007l,9469721,9471642,+,1922
lncRNA_13001,ptg000007l,9658613,9659249,+,637
lncRNA_13005,ptg000007l,9758703,9759463,+,761
lncRNA_13028,ptg000007l,9924862,9925587,+,726
lncRNA_13031,ptg000007l,9945555,9947469,+,1915
lncRNA_13038,ptg000007l,9989975,9991813,+,1839
lncRNA_13040,ptg000007l,10053932,10054956,+,1025
lncRNA_13050,ptg000007l,10133521,10135681,+,2161
lncRNA_13065,ptg000007l,10284089,10285403,+,1315
lncRNA_13069,ptg000007l,10427872,10430983,+,3112
lncRNA_13076,ptg000007l,10446735,10448997,+,2263
lncRNA_13081,ptg000007l,10470552,10471472,+,921
lncRNA_13082,ptg000007l,10473297,10474198,+,902
lncRNA_13084,ptg000007l,10488569,10489239,+,671
lncRNA_13113,ptg000007l,10868995,10870984,+,1990
lncRNA_13115,ptg000007l,10973450,10974392,+,943
lncRNA_13118,ptg000007l,10990218,10993099,+,2882
lncRNA_13119,ptg000007l,10995215,10996446,+,1232
lncRNA_13121,ptg000007l,11023487,11025966,+,2480
lncRNA_13128,ptg000007l,11053443,11053949,+,507
lncRNA_13130,ptg000007l,11057761,11058484,+,724
lncRNA_13134,ptg000007l,11072278,11072989,+,712
lncRNA_13149,ptg000007l,11164587,11165763,+,1177
lncRNA_13155,ptg000007l,11198560,11199633,+,1074
lncRNA_13164,ptg000007l,11314866,11316030,+,1165
lncRNA_13177,ptg000007l,11408541,11409585,+,1045
lncRNA_13182,ptg000007l,11446716,11447566,+,851
lncRNA_13184,ptg000007l,11450312,11453217,+,2906
lncRNA_13186,ptg000007l,11465984,11468608,+,2625
lncRNA_13199,ptg000007l,11681113,11682685,+,1573
lncRNA_13226,ptg000007l,12035477,12036072,+,596
lncRNA_13239,ptg000007l,12168597,12170060,+,1464
lncRNA_13255,ptg000008l,343309,344152,+,844
lncRNA_13256,ptg000008l,462947,467481,+,4535
lncRNA_13257,ptg000008l,545526,548633,+,3108
lncRNA_13259,ptg000008l,721529,727351,+,5823
lncRNA_13260,ptg000008l,732013,739051,+,7039
lncRNA_13261,ptg000008l,765290,767019,+,1730
lncRNA_13262,ptg000008l,777000,779086,+,2087
lncRNA_13263,ptg000008l,794278,801298,+,7021
lncRNA_13264,ptg000008l,893237,901734,+,8498
lncRNA_13269,ptg000008l,1263230,1267764,+,4535
lncRNA_13270,ptg000008l,1263937,1267764,+,3828
lncRNA_13271,ptg000008l,1282875,1283615,+,741
lncRNA_13272,ptg000008l,1430834,1475557,+,44724
lncRNA_13274,ptg000008l,1454258,1476966,+,22709
lncRNA_13275,ptg000008l,1455084,1456148,+,1065
lncRNA_13276,ptg000008l,1455086,1456148,+,1063
lncRNA_13278,ptg000008l,1642471,1643493,+,1023
lncRNA_13280,ptg000008l,1699225,1712475,+,13251
lncRNA_13284,ptg000008l,1775957,1784212,+,8256
lncRNA_13286,ptg000008l,1912510,1916173,+,3664
lncRNA_13287,ptg000008l,1985723,1989155,+,3433
lncRNA_13288,ptg000008l,1986918,1989155,+,2238
lncRNA_13289,ptg000008l,2044489,2046800,+,2312
lncRNA_13290,ptg000008l,2077853,2087837,+,9985
lncRNA_13291,ptg000008l,2077908,2079538,+,1631
lncRNA_13292,ptg000008l,2085955,2087837,+,1883
lncRNA_13298,ptg000008l,2257647,2259428,+,1782
lncRNA_13299,ptg000008l,2261759,2267616,+,5858
lncRNA_13300,ptg000008l,2261874,2265306,+,3433
lncRNA_13301,ptg000008l,2262113,2265306,+,3194
lncRNA_13302,ptg000008l,2262672,2265306,+,2635
lncRNA_13305,ptg000008l,2294415,2297681,+,3267
lncRNA_13306,ptg000008l,2294423,2297681,+,3259
lncRNA_13308,ptg000008l,2294430,2297681,+,3252
lncRNA_13309,ptg000008l,2294669,2297681,+,3013
lncRNA_13310,ptg000008l,2294681,2297681,+,3001
lncRNA_13311,ptg000008l,2294800,2296566,+,1767
lncRNA_13312,ptg000008l,2306619,2307262,+,644
lncRNA_13313,ptg000008l,2368584,2372429,+,3846
lncRNA_13315,ptg000008l,2374854,2379873,+,5020
lncRNA_13316,ptg000008l,2391979,2394836,+,2858
lncRNA_13317,ptg000008l,2391997,2394836,+,2840
lncRNA_13318,ptg000008l,2392016,2394836,+,2821
lncRNA_13320,ptg000008l,2530121,2537245,+,7125
lncRNA_13321,ptg000008l,2530146,2531440,+,1295
lncRNA_13322,ptg000008l,2532680,2533759,+,1080
lncRNA_13323,ptg000008l,2557925,2563508,+,5584
lncRNA_13324,ptg000008l,3216649,3217637,+,989
lncRNA_13326,ptg000008l,3345189,3347275,+,2087
lncRNA_13327,ptg000008l,3340319,3340570,+,252
lncRNA_13328,ptg000008l,3454252,3454999,+,748
lncRNA_13329,ptg000008l,3457083,3462095,+,5013
lncRNA_13330,ptg000008l,3562508,3563419,+,912
lncRNA_13331,ptg000008l,3634295,3696232,+,61938
lncRNA_13332,ptg000008l,3653132,3680330,+,27199
lncRNA_13333,ptg000008l,3656096,3708779,+,52684
lncRNA_13334,ptg000008l,3680476,3707081,+,26606
lncRNA_13337,ptg000008l,3778535,3780877,+,2343
lncRNA_13338,ptg000008l,3781652,3783220,+,1569
lncRNA_13340,ptg000008l,3876763,3878600,+,1838
lncRNA_13341,ptg000008l,3877591,3878600,+,1010
lncRNA_13343,ptg000008l,4143909,4149994,+,6086
lncRNA_13344,ptg000008l,4149669,4156705,+,7037
lncRNA_13345,ptg000008l,4346263,4347676,+,1414
lncRNA_13347,ptg000008l,4650730,4652579,+,1850
lncRNA_13348,ptg000008l,4650784,4652579,+,1796
lncRNA_13349,ptg000008l,4655990,4663716,+,7727
lncRNA_13350,ptg000008l,4666476,4670643,+,4168
lncRNA_13353,ptg000008l,4715974,4718751,+,2778
lncRNA_13354,ptg000008l,4728354,4735885,+,7532
lncRNA_13355,ptg000008l,4728753,4735885,+,7133
lncRNA_13356,ptg000008l,4728939,4735885,+,6947
lncRNA_13357,ptg000008l,4728980,4735885,+,6906
lncRNA_13358,ptg000008l,4728989,4735885,+,6897
lncRNA_13361,ptg000008l,4816494,4817711,+,1218
lncRNA_13364,ptg000008l,4983124,5007465,+,24342
lncRNA_13365,ptg000008l,5032622,5043376,+,10755
lncRNA_13366,ptg000008l,5032689,5043376,+,10688
lncRNA_13367,ptg000008l,5035786,5053304,+,17519
lncRNA_13368,ptg000008l,5045527,5053304,+,7778
lncRNA_13369,ptg000008l,5059109,5076614,+,17506
lncRNA_13370,ptg000008l,5062513,5078056,+,15544
lncRNA_13371,ptg000008l,5073280,5081574,+,8295
lncRNA_13372,ptg000008l,5088270,5093102,+,4833
lncRNA_13373,ptg000008l,5088326,5092364,+,4039
lncRNA_13374,ptg000008l,5138870,5141439,+,2570
lncRNA_13377,ptg000008l,5428994,5429838,+,845
lncRNA_13378,ptg000008l,5550384,5550999,+,616
lncRNA_13380,ptg000008l,5780000,5781164,+,1165
lncRNA_13381,ptg000008l,5817611,5820161,+,2551
lncRNA_13382,ptg000008l,5838751,5846887,+,8137
lncRNA_13383,ptg000008l,5861211,5862205,+,995
lncRNA_13386,ptg000008l,6159646,6162391,+,2746
lncRNA_13387,ptg000008l,6122818,6125545,+,2728
lncRNA_13389,ptg000008l,6255026,6256850,+,1825
lncRNA_13390,ptg000008l,6281045,6283741,+,2697
lncRNA_13392,ptg000008l,6515323,6517247,+,1925
lncRNA_13393,ptg000008l,6643041,6643960,+,920
lncRNA_13394,ptg000008l,6643086,6644337,+,1252
lncRNA_13395,ptg000008l,6643086,6644715,+,1630
lncRNA_13396,ptg000008l,6718188,6721718,+,3531
lncRNA_13397,ptg000008l,6818314,6820142,+,1829
lncRNA_13399,ptg000008l,7049244,7050557,+,1314
lncRNA_13400,ptg000008l,7089697,7091552,+,1856
lncRNA_13401,ptg000008l,7089700,7091189,+,1490
lncRNA_13402,ptg000008l,7089700,7091552,+,1853
lncRNA_13403,ptg000008l,7090331,7091552,+,1222
lncRNA_13406,ptg000008l,7140397,7190766,+,50370
lncRNA_13409,ptg000008l,7242034,7256423,+,14390
lncRNA_13410,ptg000008l,7307467,7314828,+,7362
lncRNA_13411,ptg000008l,7307615,7314828,+,7214
lncRNA_13412,ptg000008l,7307735,7314828,+,7094
lncRNA_13413,ptg000008l,7307816,7311526,+,3711
lncRNA_13414,ptg000008l,7308348,7314828,+,6481
lncRNA_13415,ptg000008l,7308825,7314828,+,6004
lncRNA_13416,ptg000008l,7309446,7314828,+,5383
lncRNA_13418,ptg000008l,7323735,7336764,+,13030
lncRNA_13423,ptg000008l,7444878,7447262,+,2385
lncRNA_13424,ptg000008l,7445525,7447711,+,2187
lncRNA_13425,ptg000008l,7445652,7447262,+,1611
lncRNA_13426,ptg000008l,7582674,7584110,+,1437
lncRNA_13428,ptg000008l,7687670,7688859,+,1190
lncRNA_13429,ptg000008l,7704121,7706259,+,2139
lncRNA_13430,ptg000008l,7738643,7740015,+,1373
lncRNA_13433,ptg000008l,7799964,7801773,+,1810
lncRNA_13434,ptg000008l,7928499,7929730,+,1232
lncRNA_13435,ptg000008l,7955364,7958292,+,2929
lncRNA_13436,ptg000008l,7955368,7958292,+,2925
lncRNA_13437,ptg000008l,7955722,7958292,+,2571
lncRNA_13440,ptg000008l,7999663,8003290,+,3628
lncRNA_13441,ptg000008l,7999863,8003290,+,3428
lncRNA_13444,ptg000008l,8084240,8091843,+,7604
lncRNA_13445,ptg000008l,8508166,8509228,+,1063
lncRNA_13447,ptg000008l,8574386,8575180,+,795
lncRNA_13448,ptg000008l,8574554,8575180,+,627
lncRNA_13449,ptg000008l,8679115,8683233,+,4119
lncRNA_13450,ptg000008l,8679188,8683233,+,4046
lncRNA_13452,ptg000008l,8759175,8764800,+,5626
lncRNA_13453,ptg000008l,8772435,8775985,+,3551
lncRNA_13454,ptg000008l,8772437,8775985,+,3549
lncRNA_13455,ptg000008l,8772473,8775985,+,3513
lncRNA_13456,ptg000008l,8772492,8775985,+,3494
lncRNA_13458,ptg000008l,8838752,8840311,+,1560
lncRNA_13461,ptg000008l,9067107,9073704,+,6598
lncRNA_13462,ptg000008l,9182577,9186001,+,3425
lncRNA_13463,ptg000008l,9193412,9199074,+,5663
lncRNA_13464,ptg000008l,9195607,9199074,+,3468
lncRNA_13466,ptg000008l,9277815,9279548,+,1734
lncRNA_13467,ptg000008l,9350985,9355158,+,4174
lncRNA_13468,ptg000008l,9356940,9363186,+,6247
lncRNA_13469,ptg000008l,9369428,9371826,+,2399
lncRNA_13471,ptg000008l,9369884,9371826,+,1943
lncRNA_13472,ptg000008l,9381172,9384167,+,2996
lncRNA_13479,ptg000008l,9417705,9420518,+,2814
lncRNA_13480,ptg000008l,9508145,9514209,+,6065
lncRNA_13481,ptg000008l,9508839,9514209,+,5371
lncRNA_13482,ptg000008l,9509659,9514209,+,4551
lncRNA_13483,ptg000008l,9509662,9514209,+,4548
lncRNA_13484,ptg000008l,9509699,9514209,+,4511
lncRNA_13485,ptg000008l,9455800,9490482,+,34683
lncRNA_13486,ptg000008l,9495189,9530126,+,34938
lncRNA_13488,ptg000008l,9661288,9662909,+,1622
lncRNA_13489,ptg000008l,9664438,9665013,+,576
lncRNA_13490,ptg000008l,9758271,9758851,+,581
lncRNA_13491,ptg000008l,9830480,9830705,+,226
lncRNA_13494,ptg000008l,9962435,9963364,+,930
lncRNA_13495,ptg000008l,9963585,9965317,+,1733
lncRNA_13496,ptg000008l,9964372,9968654,+,4283
lncRNA_13497,ptg000008l,9964408,9968625,+,4218
lncRNA_13498,ptg000008l,9965379,9968654,+,3276
lncRNA_13499,ptg000008l,10174574,10176094,+,1521
lncRNA_13500,ptg000008l,10374229,10383281,+,9053
lncRNA_13503,ptg000008l,10568292,10576745,+,8454
lncRNA_13504,ptg000008l,10568327,10576745,+,8419
lncRNA_13506,ptg000008l,10635610,10636461,+,852
lncRNA_13509,ptg000008l,10662792,10670142,+,7351
lncRNA_13515,ptg000008l,10926906,10932673,+,5768
lncRNA_13516,ptg000008l,10926989,10931827,+,4839
lncRNA_13520,ptg000008l,11155932,11158898,+,2967
lncRNA_13521,ptg000008l,11161038,11162174,+,1137
lncRNA_13522,ptg000008l,11161075,11162174,+,1100
lncRNA_13524,ptg000008l,11268342,11271559,+,3218
lncRNA_13527,ptg000008l,11272699,11280614,+,7916
lncRNA_13529,ptg000008l,11300415,11307151,+,6737
lncRNA_13530,ptg000008l,11300424,11307417,+,6994
lncRNA_13531,ptg000008l,11349291,11350108,+,818
lncRNA_13532,ptg000008l,11433868,11436280,+,2413
lncRNA_13534,ptg000008l,11509095,11510523,+,1429
lncRNA_13536,ptg000008l,11621178,11622067,+,890
lncRNA_13545,ptg000008l,12035771,12042197,+,6427
lncRNA_13546,ptg000008l,12038524,12048941,+,10418
lncRNA_13547,ptg000008l,12161848,12164336,+,2489
lncRNA_13548,ptg000008l,12288279,12290687,+,2409
lncRNA_13549,ptg000008l,12294698,12296408,+,1711
lncRNA_13550,ptg000008l,12309112,12318355,+,9244
lncRNA_13552,ptg000008l,12322309,12366957,+,44649
lncRNA_13553,ptg000008l,12322310,12366957,+,44648
lncRNA_13556,ptg000008l,12322352,12366957,+,44606
lncRNA_13557,ptg000008l,12322404,12366957,+,44554
lncRNA_13559,ptg000008l,12325049,12366957,+,41909
lncRNA_13561,ptg000008l,12341734,12366957,+,25224
lncRNA_13562,ptg000008l,12341759,12366957,+,25199
lncRNA_13563,ptg000008l,12341772,12366957,+,25186
lncRNA_13564,ptg000008l,12341863,12366957,+,25095
lncRNA_13565,ptg000008l,12342880,12366957,+,24078
lncRNA_13575,ptg000008l,12590612,12591248,+,637
lncRNA_13576,ptg000008l,12632973,12633991,+,1019
lncRNA_13577,ptg000008l,12664400,12680476,+,16077
lncRNA_13578,ptg000008l,12665569,12680476,+,14908
lncRNA_13580,ptg000008l,13065357,13066849,+,1493
lncRNA_13581,ptg000008l,13065442,13066849,+,1408
lncRNA_13583,ptg000008l,13292183,13294328,+,2146
lncRNA_13584,ptg000008l,13292827,13294328,+,1502
lncRNA_13585,ptg000008l,13292970,13294328,+,1359
lncRNA_13588,ptg000008l,13494235,13497391,+,3157
lncRNA_13589,ptg000008l,13495999,13497391,+,1393
lncRNA_13656,ptg000008l,17251959,17253453,+,1495
lncRNA_13657,ptg000008l,17267968,17273667,+,5700
lncRNA_13659,ptg000008l,17289882,17298033,+,8152
lncRNA_13660,ptg000008l,17291046,17298033,+,6988
lncRNA_13661,ptg000008l,17291159,17298033,+,6875
lncRNA_13662,ptg000008l,17294071,17298033,+,3963
lncRNA_13663,ptg000008l,17295326,17298033,+,2708
lncRNA_13668,ptg000008l,17569691,17573876,+,4186
lncRNA_13669,ptg000008l,17569692,17573876,+,4185
lncRNA_13671,ptg000008l,17571517,17573876,+,2360
lncRNA_13675,ptg000008l,17825494,17827170,+,1677
lncRNA_13677,ptg000008l,17924563,17936790,+,12228
lncRNA_13678,ptg000008l,18088074,18090306,+,2233
lncRNA_13681,ptg000008l,18193769,18196960,+,3192
lncRNA_13685,ptg000008l,18335154,18336737,+,1584
lncRNA_13687,ptg000008l,18402243,18404323,+,2081
lncRNA_13693,ptg000008l,18625105,18627234,+,2130
lncRNA_13698,ptg000008l,18973700,18975983,+,2284
lncRNA_13699,ptg000008l,18977206,18979828,+,2623
lncRNA_13701,ptg000008l,19212441,19215816,+,3376
lncRNA_13702,ptg000008l,19212453,19213878,+,1426
lncRNA_13703,ptg000008l,19212453,19215313,+,2861
lncRNA_13704,ptg000008l,19213937,19215816,+,1880
lncRNA_13706,ptg000008l,19312944,19313285,+,342
lncRNA_13707,ptg000008l,19362824,19363772,+,949
lncRNA_13708,ptg000008l,19383533,19385756,+,2224
lncRNA_13709,ptg000008l,19406760,19410315,+,3556
lncRNA_13710,ptg000008l,19452799,19465846,+,13048
lncRNA_13711,ptg000008l,19450871,19479645,+,28775
lncRNA_13719,ptg000008l,19805138,19807194,+,2057
lncRNA_13720,ptg000008l,19833217,19838675,+,5459
lncRNA_13721,ptg000008l,19921730,19924528,+,2799
lncRNA_13723,ptg000008l,20035228,20035787,+,560
lncRNA_13725,ptg000008l,20107261,20131227,+,23967
lncRNA_13735,ptg000008l,20908864,20913122,+,4259
lncRNA_13736,ptg000008l,20908896,20913834,+,4939
lncRNA_13737,ptg000008l,20909273,20913834,+,4562
lncRNA_13738,ptg000008l,20973944,20974617,+,674
lncRNA_13739,ptg000008l,21198180,21212326,+,14147
lncRNA_13745,ptg000008l,21586819,21593877,+,7059
lncRNA_13752,ptg000008l,21902402,21905192,+,2791
lncRNA_13753,ptg000008l,21914190,21916470,+,2281
lncRNA_13754,ptg000008l,21994683,21998042,+,3360
lncRNA_13755,ptg000008l,22152729,22153897,+,1169
lncRNA_13756,ptg000008l,22152739,22153897,+,1159
lncRNA_13762,ptg000008l,22246891,22259597,+,12707
lncRNA_13763,ptg000008l,22296011,22296884,+,874
lncRNA_13767,ptg000008l,22338468,22338894,+,427
lncRNA_13770,ptg000008l,22801946,22805857,+,3912
lncRNA_13771,ptg000008l,22803468,22805857,+,2390
lncRNA_13772,ptg000008l,22849652,22853538,+,3887
lncRNA_13773,ptg000008l,22858015,22858416,+,402
lncRNA_13774,ptg000008l,22912418,22936920,+,24503
lncRNA_13777,ptg000008l,22941494,22943019,+,1526
lncRNA_13783,ptg000008l,22518326,22521492,+,3167
lncRNA_13784,ptg000008l,22518332,22521492,+,3161
lncRNA_13785,ptg000008l,22518356,22521492,+,3137
lncRNA_13787,ptg000008l,22535083,22539256,+,4174
lncRNA_13791,ptg000008l,22552799,22564763,+,11965
lncRNA_13794,ptg000008l,22557545,22564763,+,7219
lncRNA_13795,ptg000008l,22557553,22564892,+,7340
lncRNA_13796,ptg000008l,22596210,22641366,+,45157
lncRNA_13801,ptg000008l,22691510,22693395,+,1886
lncRNA_13802,ptg000008l,22691660,22727243,+,35584
lncRNA_13803,ptg000008l,22866219,22867509,+,1291
lncRNA_13804,ptg000008l,22947527,22949969,+,2443
lncRNA_13806,ptg000008l,22807781,22810682,+,2902
lncRNA_13811,ptg000008l,23112259,23157258,+,45000
lncRNA_13814,ptg000008l,23273881,23278294,+,4414
lncRNA_13816,ptg000008l,23400047,23409754,+,9708
lncRNA_13817,ptg000008l,23480124,23481282,+,1159
lncRNA_13819,ptg000008l,23934658,23936133,+,1476
lncRNA_13820,ptg000008l,23934674,23936133,+,1460
lncRNA_13822,ptg000008l,23430952,23432176,+,1225
lncRNA_13824,ptg000008l,23599446,23608164,+,8719
lncRNA_13825,ptg000008l,23635794,23639150,+,3357
lncRNA_13826,ptg000008l,23641123,23643974,+,2852
lncRNA_13827,ptg000008l,23697854,23699253,+,1400
lncRNA_13829,ptg000008l,23697854,23700065,+,2212
lncRNA_13830,ptg000008l,23697880,23700065,+,2186
lncRNA_13834,ptg000008l,23698188,23700065,+,1878
lncRNA_13840,ptg000008l,23885669,23888135,+,2467
lncRNA_13841,ptg000008l,23885706,23888135,+,2430
lncRNA_13847,ptg000008l,24162294,24165931,+,3638
lncRNA_13848,ptg000008l,24162307,24165931,+,3625
lncRNA_13849,ptg000008l,24175270,24180099,+,4830
lncRNA_13852,ptg000008l,24220481,24221371,+,891
lncRNA_13854,ptg000008l,24305335,24307729,+,2395
lncRNA_13855,ptg000008l,24337814,24340468,+,2655
lncRNA_13858,ptg000008l,24383947,24388142,+,4196
lncRNA_13859,ptg000008l,24500295,24500713,+,419
lncRNA_13861,ptg000008l,24743204,24747983,+,4780
lncRNA_13865,ptg000008l,24829993,24832145,+,2153
lncRNA_13868,ptg000008l,24892658,24895265,+,2608
lncRNA_13881,ptg000008l,25035178,25041361,+,6184
lncRNA_13883,ptg000008l,25090152,25097648,+,7497
lncRNA_13886,ptg000008l,25383602,25403156,+,19555
lncRNA_13887,ptg000008l,25383616,25399406,+,15791
lncRNA_13902,ptg000008l,26103040,26104269,+,1230
lncRNA_13912,ptg000008l,26596577,26597540,+,964
lncRNA_13915,ptg000008l,26679542,26683956,+,4415
lncRNA_13916,ptg000008l,26679956,26683445,+,3490
lncRNA_13931,ptg000008l,27286756,27287491,+,736
lncRNA_13936,ptg000008l,27598251,27600237,+,1987
lncRNA_13939,ptg000008l,27949966,27955006,+,5041
lncRNA_13950,ptg000008l,28164132,28168718,+,4587
lncRNA_13951,ptg000008l,28165742,28168248,+,2507
lncRNA_13964,ptg000008l,28601865,28603178,+,1314
lncRNA_13965,ptg000008l,28602107,28603178,+,1072
lncRNA_13968,ptg000008l,28671769,28677400,+,5632
lncRNA_13974,ptg000008l,28673519,28677400,+,3882
lncRNA_13975,ptg000008l,28673559,28677400,+,3842
lncRNA_13981,ptg000008l,28929302,28954035,+,24734
lncRNA_14002,ptg000008l,30018760,30020378,+,1619
lncRNA_14003,ptg000008l,30018790,30020378,+,1589
lncRNA_14004,ptg000008l,30140988,30147388,+,6401
lncRNA_14005,ptg000008l,30141155,30143269,+,2115
lncRNA_14028,ptg000008l,31389441,31392916,+,3476
lncRNA_14029,ptg000008l,31846299,31867464,+,21166
lncRNA_14030,ptg000008l,31872984,31876096,+,3113
lncRNA_14031,ptg000008l,31874783,31876096,+,1314
lncRNA_14033,ptg000008l,31912446,31914927,+,2482
lncRNA_14034,ptg000008l,31913295,31914927,+,1633
lncRNA_14038,ptg000008l,32091936,32093299,+,1364
lncRNA_14039,ptg000008l,32092018,32094824,+,2807
lncRNA_14040,ptg000008l,32092029,32094861,+,2833
lncRNA_14041,ptg000008l,32610379,32615160,+,4782
lncRNA_14044,ptg000008l,32684146,32687124,+,2979
lncRNA_14047,ptg000008l,32809186,32812793,+,3608
lncRNA_14059,ptg000008l,32998076,33003356,+,5281
lncRNA_14061,ptg000008l,33079846,33082817,+,2972
lncRNA_14062,ptg000008l,33081046,33082817,+,1772
lncRNA_14063,ptg000008l,33111769,33119862,+,8094
lncRNA_14065,ptg000008l,33111813,33117603,+,5791
lncRNA_14066,ptg000008l,33117604,33119862,+,2259
lncRNA_14069,ptg000008l,33470452,33471781,+,1330
lncRNA_14072,ptg000008l,33543721,33546038,+,2318
lncRNA_14078,ptg000008l,34226647,34229150,+,2504
lncRNA_14079,ptg000008l,34245109,34246656,+,1548
lncRNA_14084,ptg000008l,34655495,34658374,+,2880
lncRNA_14085,ptg000008l,34819634,34824641,+,5008
lncRNA_14086,ptg000008l,34819634,34825126,+,5493
lncRNA_14094,ptg000008l,35133568,35137914,+,4347
lncRNA_14095,ptg000008l,35133575,35138473,+,4899
lncRNA_14096,ptg000008l,35133580,35137959,+,4380
lncRNA_14097,ptg000008l,35133581,35138473,+,4893
lncRNA_14098,ptg000008l,35133583,35140213,+,6631
lncRNA_14100,ptg000008l,35133584,35140213,+,6630
lncRNA_14101,ptg000008l,35133585,35138473,+,4889
lncRNA_14102,ptg000008l,35133586,35138473,+,4888
lncRNA_14105,ptg000008l,35133588,35137914,+,4327
lncRNA_14106,ptg000008l,35133588,35138473,+,4886
lncRNA_14109,ptg000008l,35133590,35137959,+,4370
lncRNA_14110,ptg000008l,35133591,35138473,+,4883
lncRNA_14111,ptg000008l,35133592,35140213,+,6622
lncRNA_14112,ptg000008l,35133593,35138473,+,4881
lncRNA_14113,ptg000008l,35133594,35138473,+,4880
lncRNA_14114,ptg000008l,35133602,35140213,+,6612
lncRNA_14115,ptg000008l,35133607,35137914,+,4308
lncRNA_14116,ptg000008l,35133607,35138473,+,4867
lncRNA_14117,ptg000008l,35133652,35137914,+,4263
lncRNA_14118,ptg000008l,35133658,35138473,+,4816
lncRNA_14119,ptg000008l,35133667,35138473,+,4807
lncRNA_14120,ptg000008l,35133709,35137959,+,4251
lncRNA_14121,ptg000008l,35133993,35140213,+,6221
lncRNA_14122,ptg000008l,35134019,35138473,+,4455
lncRNA_14123,ptg000008l,35134487,35138473,+,3987
lncRNA_14124,ptg000008l,35562901,35564877,+,1977
lncRNA_14127,ptg000008l,35623416,35625453,+,2038
lncRNA_14128,ptg000008l,35623420,35625453,+,2034
lncRNA_14140,ptg000008l,35912466,35921206,+,8741
lncRNA_14144,ptg000008l,35996192,36005535,+,9344
lncRNA_14147,ptg000008l,36058049,36060319,+,2271
lncRNA_14173,ptg000008l,36210677,36213534,+,2858
lncRNA_14296,ptg000008l,37088048,37094741,+,6694
lncRNA_14517,ptg000008l,38187171,38237033,+,49863
lncRNA_14556,ptg000008l,126704,128285,+,1582
lncRNA_14557,ptg000008l,148411,155085,+,6675
lncRNA_14558,ptg000008l,151795,153527,+,1733
lncRNA_14559,ptg000008l,189540,192098,+,2559
lncRNA_14560,ptg000008l,189709,192098,+,2390
lncRNA_14561,ptg000008l,308314,316914,+,8601
lncRNA_14562,ptg000008l,308751,316914,+,8164
lncRNA_14563,ptg000008l,308999,310576,+,1578
lncRNA_14564,ptg000008l,318531,320500,+,1970
lncRNA_14566,ptg000008l,567134,570135,+,3002
lncRNA_14567,ptg000008l,632102,634650,+,2549
lncRNA_14568,ptg000008l,699397,710747,+,11351
lncRNA_14570,ptg000008l,749348,752919,+,3572
lncRNA_14571,ptg000008l,757690,760503,+,2814
lncRNA_14573,ptg000008l,795388,797625,+,2238
lncRNA_14574,ptg000008l,907516,908302,+,787
lncRNA_14576,ptg000008l,1208291,1221694,+,13404
lncRNA_14577,ptg000008l,1226621,1227908,+,1288
lncRNA_14578,ptg000008l,1268900,1275997,+,7098
lncRNA_14579,ptg000008l,1268984,1275997,+,7014
lncRNA_14580,ptg000008l,1272332,1275997,+,3666
lncRNA_14581,ptg000008l,1277073,1278464,+,1392
lncRNA_14582,ptg000008l,1277187,1277781,+,595
lncRNA_14583,ptg000008l,1388312,1390014,+,1703
lncRNA_14586,ptg000008l,1544545,1548314,+,3770
lncRNA_14587,ptg000008l,1575800,1576516,+,717
lncRNA_14588,ptg000008l,1638164,1642001,+,3838
lncRNA_14589,ptg000008l,1644908,1647835,+,2928
lncRNA_14590,ptg000008l,1646328,1647719,+,1392
lncRNA_14595,ptg000008l,1898392,1899554,+,1163
lncRNA_14596,ptg000008l,1900416,1903349,+,2934
lncRNA_14597,ptg000008l,1900450,1903349,+,2900
lncRNA_14598,ptg000008l,1900478,1903349,+,2872
lncRNA_14599,ptg000008l,1900732,1903349,+,2618
lncRNA_14600,ptg000008l,1900857,1903349,+,2493
lncRNA_14601,ptg000008l,1900881,1903349,+,2469
lncRNA_14602,ptg000008l,1910283,1912362,+,2080
lncRNA_14605,ptg000008l,1985001,1989550,+,4550
lncRNA_14606,ptg000008l,1986000,1989216,+,3217
lncRNA_14608,ptg000008l,1986907,1988779,+,1873
lncRNA_14609,ptg000008l,1986907,1989216,+,2310
lncRNA_14610,ptg000008l,1986918,1989550,+,2633
lncRNA_14611,ptg000008l,1987436,1989216,+,1781
lncRNA_14617,ptg000008l,2239841,2249887,+,10047
lncRNA_14618,ptg000008l,2240193,2256258,+,16066
lncRNA_14620,ptg000008l,2240202,2249887,+,9686
lncRNA_14622,ptg000008l,2240203,2249887,+,9685
lncRNA_14623,ptg000008l,2240203,2256258,+,16056
lncRNA_14624,ptg000008l,2240207,2249887,+,9681
lncRNA_14625,ptg000008l,2240801,2249887,+,9087
lncRNA_14626,ptg000008l,2240840,2249887,+,9048
lncRNA_14627,ptg000008l,2240861,2249887,+,9027
lncRNA_14628,ptg000008l,2240868,2256258,+,15391
lncRNA_14629,ptg000008l,2240873,2256258,+,15386
lncRNA_14630,ptg000008l,2240875,2256258,+,15384
lncRNA_14631,ptg000008l,2241268,2249887,+,8620
lncRNA_14632,ptg000008l,2241910,2242543,+,634
lncRNA_14633,ptg000008l,2241940,2249887,+,7948
lncRNA_14634,ptg000008l,2247394,2249887,+,2494
lncRNA_14635,ptg000008l,2262083,2265210,+,3128
lncRNA_14636,ptg000008l,2266870,2269343,+,2474
lncRNA_14637,ptg000008l,2366814,2376760,+,9947
lncRNA_14638,ptg000008l,2370338,2376760,+,6423
lncRNA_14639,ptg000008l,2370364,2376760,+,6397
lncRNA_14640,ptg000008l,2370376,2376760,+,6385
lncRNA_14641,ptg000008l,2370467,2376760,+,6294
lncRNA_14643,ptg000008l,2369079,2370244,+,1166
lncRNA_14645,ptg000008l,2431642,2434136,+,2495
lncRNA_14646,ptg000008l,2533760,2542899,+,9140
lncRNA_14647,ptg000008l,2605263,2627546,+,22284
lncRNA_14648,ptg000008l,2718327,2720688,+,2362
lncRNA_14649,ptg000008l,3042147,3043725,+,1579
lncRNA_14650,ptg000008l,3254338,3255364,+,1027
lncRNA_14651,ptg000008l,3358650,3359933,+,1284
lncRNA_14652,ptg000008l,3366766,3371375,+,4610
lncRNA_14653,ptg000008l,3368947,3370724,+,1778
lncRNA_14654,ptg000008l,3377973,3381738,+,3766
lncRNA_14655,ptg000008l,3378930,3381738,+,2809
lncRNA_14656,ptg000008l,3411612,3415291,+,3680
lncRNA_14657,ptg000008l,3450953,3454019,+,3067
lncRNA_14658,ptg000008l,3559770,3568189,+,8420
lncRNA_14659,ptg000008l,3588009,3590841,+,2833
lncRNA_14660,ptg000008l,3588725,3592134,+,3410
lncRNA_14661,ptg000008l,3601055,3602590,+,1536
lncRNA_14662,ptg000008l,3603269,3620132,+,16864
lncRNA_14663,ptg000008l,3624946,3644633,+,19688
lncRNA_14664,ptg000008l,3628423,3683472,+,55050
lncRNA_14666,ptg000008l,3754389,3758400,+,4012
lncRNA_14667,ptg000008l,3986052,3989338,+,3287
lncRNA_14668,ptg000008l,3997272,3998906,+,1635
lncRNA_14669,ptg000008l,4005602,4007852,+,2251
lncRNA_14673,ptg000008l,4174712,4175532,+,821
lncRNA_14674,ptg000008l,4182922,4185278,+,2357
lncRNA_14675,ptg000008l,4286202,4286908,+,707
lncRNA_14676,ptg000008l,4286211,4287023,+,813
lncRNA_14678,ptg000008l,4306926,4312099,+,5174
lncRNA_14679,ptg000008l,4332646,4336828,+,4183
lncRNA_14680,ptg000008l,4336856,4340209,+,3354
lncRNA_14681,ptg000008l,4402070,4404362,+,2293
lncRNA_14682,ptg000008l,4402446,4404362,+,1917
lncRNA_14683,ptg000008l,4429031,4429723,+,693
lncRNA_14684,ptg000008l,4528651,4529468,+,818
lncRNA_14686,ptg000008l,4893724,4896541,+,2818
lncRNA_14688,ptg000008l,4983579,4999242,+,15664
lncRNA_14689,ptg000008l,4986096,4994190,+,8095
lncRNA_14690,ptg000008l,5044879,5054290,+,9412
lncRNA_14691,ptg000008l,5045456,5053285,+,7830
lncRNA_14692,ptg000008l,5049804,5054290,+,4487
lncRNA_14693,ptg000008l,4864285,4871817,+,7533
lncRNA_14694,ptg000008l,4864415,4868647,+,4233
lncRNA_14696,ptg000008l,4951551,4953729,+,2179
lncRNA_14698,ptg000008l,5024794,5026661,+,1868
lncRNA_14701,ptg000008l,5159801,5161904,+,2104
lncRNA_14702,ptg000008l,5159807,5161904,+,2098
lncRNA_14703,ptg000008l,5315260,5316973,+,1714
lncRNA_14705,ptg000008l,5443505,5448666,+,5162
lncRNA_14707,ptg000008l,5626128,5627540,+,1413
lncRNA_14709,ptg000008l,5779589,5781124,+,1536
lncRNA_14710,ptg000008l,5780249,5781124,+,876
lncRNA_14711,ptg000008l,5785729,5786236,+,508
lncRNA_14713,ptg000008l,5929221,5930699,+,1479
lncRNA_14716,ptg000008l,5949176,5953734,+,4559
lncRNA_14717,ptg000008l,5952573,5953734,+,1162
lncRNA_14724,ptg000008l,6124157,6127696,+,3540
lncRNA_14725,ptg000008l,6125143,6127696,+,2554
lncRNA_14726,ptg000008l,6125460,6127696,+,2237
lncRNA_14727,ptg000008l,6125504,6127696,+,2193
lncRNA_14728,ptg000008l,6159853,6162878,+,3026
lncRNA_14729,ptg000008l,6163559,6170273,+,6715
lncRNA_14730,ptg000008l,6165432,6171048,+,5617
lncRNA_14731,ptg000008l,6165559,6172100,+,6542
lncRNA_14732,ptg000008l,6184335,6189056,+,4722
lncRNA_14733,ptg000008l,6184425,6186817,+,2393
lncRNA_14734,ptg000008l,6278435,6280787,+,2353
lncRNA_14735,ptg000008l,6301774,6302630,+,857
lncRNA_14738,ptg000008l,6430919,6431206,+,288
lncRNA_14739,ptg000008l,6470389,6470871,+,483
lncRNA_14740,ptg000008l,6515327,6517247,+,1921
lncRNA_14742,ptg000008l,6641384,6644715,+,3332
lncRNA_14743,ptg000008l,6642937,6644715,+,1779
lncRNA_14744,ptg000008l,6643012,6644715,+,1704
lncRNA_14745,ptg000008l,6662568,6663338,+,771
lncRNA_14748,ptg000008l,6882365,6917885,+,35521
lncRNA_14749,ptg000008l,6884422,6916538,+,32117
lncRNA_14750,ptg000008l,7048875,7049550,+,676
lncRNA_14751,ptg000008l,7104727,7109754,+,5028
lncRNA_14752,ptg000008l,7113922,7184579,+,70658
lncRNA_14753,ptg000008l,7123443,7202394,+,78952
lncRNA_14754,ptg000008l,7123575,7162107,+,38533
lncRNA_14755,ptg000008l,7164134,7206268,+,42135
lncRNA_14757,ptg000008l,7285136,7287078,+,1943
lncRNA_14758,ptg000008l,7306230,7314828,+,8599
lncRNA_14759,ptg000008l,7306657,7312484,+,5828
lncRNA_14760,ptg000008l,7307615,7312484,+,4870
lncRNA_14762,ptg000008l,7348853,7351519,+,2667
lncRNA_14763,ptg000008l,7444692,7447105,+,2414
lncRNA_14764,ptg000008l,7623661,7625842,+,2182
lncRNA_14765,ptg000008l,7632298,7634940,+,2643
lncRNA_14766,ptg000008l,7633313,7639601,+,6289
lncRNA_14768,ptg000008l,7641641,7643242,+,1602
lncRNA_14769,ptg000008l,7685772,7687432,+,1661
lncRNA_14771,ptg000008l,7699769,7705749,+,5981
lncRNA_14772,ptg000008l,7743479,7763596,+,20118
lncRNA_14773,ptg000008l,7765463,7766717,+,1255
lncRNA_14774,ptg000008l,7767618,7769723,+,2106
lncRNA_14775,ptg000008l,7772296,7782166,+,9871
lncRNA_14776,ptg000008l,7775584,7776507,+,924
lncRNA_14777,ptg000008l,7995934,7998832,+,2899
lncRNA_14779,ptg000008l,7982043,7982323,+,281
lncRNA_14783,ptg000008l,8081976,8088491,+,6516
lncRNA_14784,ptg000008l,8082086,8088491,+,6406
lncRNA_14785,ptg000008l,8112355,8135324,+,22970
lncRNA_14786,ptg000008l,8115639,8119613,+,3975
lncRNA_14787,ptg000008l,8116532,8122724,+,6193
lncRNA_14788,ptg000008l,8118038,8123864,+,5827
lncRNA_14789,ptg000008l,8187976,8189860,+,1885
lncRNA_14790,ptg000008l,8188098,8189860,+,1763
lncRNA_14791,ptg000008l,8188195,8189860,+,1666
lncRNA_14792,ptg000008l,8188538,8189860,+,1323
lncRNA_14793,ptg000008l,8189056,8189686,+,631
lncRNA_14794,ptg000008l,8189063,8189686,+,624
lncRNA_14795,ptg000008l,8189072,8189860,+,789
lncRNA_14796,ptg000008l,8226554,8227308,+,755
lncRNA_14797,ptg000008l,8237128,8244269,+,7142
lncRNA_14798,ptg000008l,8257236,8258798,+,1563
lncRNA_14799,ptg000008l,8264284,8264623,+,340
lncRNA_14800,ptg000008l,8347212,8348069,+,858
lncRNA_14801,ptg000008l,8356633,8361640,+,5008
lncRNA_14803,ptg000008l,8356868,8358403,+,1536
lncRNA_14804,ptg000008l,8397451,8403184,+,5734
lncRNA_14805,ptg000008l,8444489,8445429,+,941
lncRNA_14806,ptg000008l,8521591,8523230,+,1640
lncRNA_14809,ptg000008l,8753842,8756815,+,2974
lncRNA_14812,ptg000008l,8809383,8812347,+,2965
lncRNA_14813,ptg000008l,8822718,8823475,+,758
lncRNA_14814,ptg000008l,8825965,8827479,+,1515
lncRNA_14818,ptg000008l,9030763,9034034,+,3272
lncRNA_14821,ptg000008l,9170495,9171449,+,955
lncRNA_14822,ptg000008l,9196476,9199074,+,2599
lncRNA_14823,ptg000008l,9222939,9224953,+,2015
lncRNA_14825,ptg000008l,9225690,9226566,+,877
lncRNA_14826,ptg000008l,9254674,9256914,+,2241
lncRNA_14827,ptg000008l,9254876,9256914,+,2039
lncRNA_14828,ptg000008l,9272420,9279548,+,7129
lncRNA_14832,ptg000008l,9464296,9469047,+,4752
lncRNA_14834,ptg000008l,9552275,9553389,+,1115
lncRNA_14835,ptg000008l,9751786,9753077,+,1292
lncRNA_14836,ptg000008l,9760009,9762005,+,1997
lncRNA_14837,ptg000008l,9760261,9762005,+,1745
lncRNA_14839,ptg000008l,9875189,9877342,+,2154
lncRNA_14840,ptg000008l,9875362,9877879,+,2518
lncRNA_14844,ptg000008l,9973432,9976497,+,3066
lncRNA_14845,ptg000008l,9973706,9981387,+,7682
lncRNA_14846,ptg000008l,9979039,9980491,+,1453
lncRNA_14847,ptg000008l,9979094,9980491,+,1398
lncRNA_14848,ptg000008l,10007770,10008732,+,963
lncRNA_14851,ptg000008l,10334339,10336117,+,1779
lncRNA_14853,ptg000008l,10483891,10489498,+,5608
lncRNA_14854,ptg000008l,10576840,10580474,+,3635
lncRNA_14855,ptg000008l,10620188,10623448,+,3261
lncRNA_14856,ptg000008l,10620481,10623448,+,2968
lncRNA_14859,ptg000008l,10684229,10687469,+,3241
lncRNA_14860,ptg000008l,10684341,10685295,+,955
lncRNA_14861,ptg000008l,10741756,10742930,+,1175
lncRNA_14862,ptg000008l,10754107,10760691,+,6585
lncRNA_14863,ptg000008l,10755558,10760691,+,5134
lncRNA_14864,ptg000008l,10790067,10792679,+,2613
lncRNA_14865,ptg000008l,10886052,10886310,+,259
lncRNA_14867,ptg000008l,10939570,10941709,+,2140
lncRNA_14869,ptg000008l,11084997,11087744,+,2748
lncRNA_14870,ptg000008l,11177550,11179009,+,1460
lncRNA_14871,ptg000008l,11325794,11331270,+,5477
lncRNA_14872,ptg000008l,11326398,11331260,+,4863
lncRNA_14873,ptg000008l,11326409,11332745,+,6337
lncRNA_14875,ptg000008l,11319738,11320325,+,588
lncRNA_14876,ptg000008l,11410305,11412477,+,2173
lncRNA_14878,ptg000008l,11421622,11422597,+,976
lncRNA_14879,ptg000008l,11421627,11426726,+,5100
lncRNA_14880,ptg000008l,11534165,11537161,+,2997
lncRNA_14881,ptg000008l,11548434,11551638,+,3205
lncRNA_14882,ptg000008l,11548436,11553094,+,4659
lncRNA_14883,ptg000008l,11639418,11641799,+,2382
lncRNA_14884,ptg000008l,11667353,11669465,+,2113
lncRNA_14885,ptg000008l,11676569,11677687,+,1119
lncRNA_14887,ptg000008l,11681550,11687207,+,5658
lncRNA_14899,ptg000008l,12041757,12044613,+,2857
lncRNA_14905,ptg000008l,12605956,12608259,+,2304
lncRNA_14906,ptg000008l,12606502,12607836,+,1335
lncRNA_14907,ptg000008l,12606923,12608259,+,1337
lncRNA_14909,ptg000008l,12686326,12687865,+,1540
lncRNA_14910,ptg000008l,12701143,12707534,+,6392
lncRNA_14911,ptg000008l,12774283,12797803,+,23521
lncRNA_14912,ptg000008l,12774553,12785429,+,10877
lncRNA_14913,ptg000008l,12775002,12797803,+,22802
lncRNA_14914,ptg000008l,12776443,12797803,+,21361
lncRNA_14915,ptg000008l,12788582,12797803,+,9222
lncRNA_14916,ptg000008l,12790215,12797803,+,7589
lncRNA_14917,ptg000008l,12795575,12797803,+,2229
lncRNA_14918,ptg000008l,12819100,12822511,+,3412
lncRNA_14919,ptg000008l,12882353,12883989,+,1637
lncRNA_14920,ptg000008l,13032995,13034088,+,1094
lncRNA_14921,ptg000008l,13072117,13072668,+,552
lncRNA_14926,ptg000008l,13601821,13603539,+,1719
lncRNA_14936,ptg000008l,14334215,14335877,+,1663
lncRNA_14942,ptg000008l,14578697,14591159,+,12463
lncRNA_14943,ptg000008l,14579459,14630798,+,51340
lncRNA_14963,ptg000008l,15235535,15237256,+,1722
lncRNA_14964,ptg000008l,15235924,15236624,+,701
lncRNA_14974,ptg000008l,17258274,17260630,+,2357
lncRNA_14975,ptg000008l,17258495,17260630,+,2136
lncRNA_14976,ptg000008l,17258504,17259776,+,1273
lncRNA_14977,ptg000008l,17258510,17260630,+,2121
lncRNA_14978,ptg000008l,17258562,17260630,+,2069
lncRNA_14982,ptg000008l,17889898,17911882,+,21985
lncRNA_14983,ptg000008l,17970916,17972735,+,1820
lncRNA_14984,ptg000008l,17971057,17972735,+,1679
lncRNA_14985,ptg000008l,17971763,17973029,+,1267
lncRNA_14986,ptg000008l,17978052,17978515,+,464
lncRNA_14988,ptg000008l,18088074,18090303,+,2230
lncRNA_14996,ptg000008l,18590676,18591777,+,1102
lncRNA_14998,ptg000008l,18673522,18678587,+,5066
lncRNA_14999,ptg000008l,18673978,18676166,+,2189
lncRNA_15001,ptg000008l,18701965,18713065,+,11101
lncRNA_15008,ptg000008l,18976046,18977700,+,1655
lncRNA_15009,ptg000008l,18976047,18977096,+,1050
lncRNA_15010,ptg000008l,18976065,18977096,+,1032
lncRNA_15013,ptg000008l,19361988,19367374,+,5387
lncRNA_15014,ptg000008l,19364431,19366662,+,2232
lncRNA_15015,ptg000008l,19365612,19366662,+,1051
lncRNA_15017,ptg000008l,19413683,19430290,+,16608
lncRNA_15019,ptg000008l,19559137,19560720,+,1584
lncRNA_15020,ptg000008l,19571769,19572788,+,1020
lncRNA_15023,ptg000008l,19808543,19816217,+,7675
lncRNA_15026,ptg000008l,20012441,20013301,+,861
lncRNA_15027,ptg000008l,20065031,20065889,+,859
lncRNA_15030,ptg000008l,20107324,20131068,+,23745
lncRNA_15031,ptg000008l,20140311,20142469,+,2159
lncRNA_15032,ptg000008l,20140433,20142469,+,2037
lncRNA_15042,ptg000008l,20632358,20636612,+,4255
lncRNA_15043,ptg000008l,20632384,20636612,+,4229
lncRNA_15044,ptg000008l,20632719,20636612,+,3894
lncRNA_15052,ptg000008l,20901636,20902007,+,372
lncRNA_15061,ptg000008l,20994871,20995212,+,342
lncRNA_15062,ptg000008l,21000285,21000916,+,632
lncRNA_15063,ptg000008l,21063698,21068307,+,4610
lncRNA_15064,ptg000008l,21063715,21068307,+,4593
lncRNA_15065,ptg000008l,21083753,21087592,+,3840
lncRNA_15066,ptg000008l,21084221,21087592,+,3372
lncRNA_15067,ptg000008l,21131501,21134387,+,2887
lncRNA_15068,ptg000008l,21131568,21132595,+,1028
lncRNA_15069,ptg000008l,21135048,21137251,+,2204
lncRNA_15070,ptg000008l,21135466,21137251,+,1786
lncRNA_15074,ptg000008l,21342823,21348752,+,5930
lncRNA_15075,ptg000008l,21444987,21445374,+,388
lncRNA_15076,ptg000008l,21666015,21669304,+,3290
lncRNA_15077,ptg000008l,21666068,21669304,+,3237
lncRNA_15078,ptg000008l,21666555,21669304,+,2750
lncRNA_15079,ptg000008l,21678458,21680355,+,1898
lncRNA_15084,ptg000008l,21966003,21966798,+,796
lncRNA_15085,ptg000008l,21996795,21998261,+,1467
lncRNA_15086,ptg000008l,21996946,21998009,+,1064
lncRNA_15087,ptg000008l,22114470,22120564,+,6095
lncRNA_15088,ptg000008l,22115389,22122801,+,7413
lncRNA_15089,ptg000008l,22116510,22122801,+,6292
lncRNA_15090,ptg000008l,22179982,22180911,+,930
lncRNA_15091,ptg000008l,22180062,22185113,+,5052
lncRNA_15094,ptg000008l,22203726,22210666,+,6941
lncRNA_15099,ptg000008l,22218741,22220902,+,2162
lncRNA_15102,ptg000008l,22316984,22324225,+,7242
lncRNA_15103,ptg000008l,22318018,22325307,+,7290
lncRNA_15104,ptg000008l,22320322,22328315,+,7994
lncRNA_15106,ptg000008l,22349761,22351598,+,1838
lncRNA_15113,ptg000008l,22534831,22564687,+,29857
lncRNA_15114,ptg000008l,22534929,22538814,+,3886
lncRNA_15115,ptg000008l,22535071,22539256,+,4186
lncRNA_15116,ptg000008l,22535081,22539256,+,4176
lncRNA_15120,ptg000008l,22634126,22669541,+,35416
lncRNA_15121,ptg000008l,22878144,22886435,+,8292
lncRNA_15122,ptg000008l,22952381,22961105,+,8725
lncRNA_15123,ptg000008l,23161248,23165068,+,3821
lncRNA_15126,ptg000008l,23432507,23433927,+,1421
lncRNA_15127,ptg000008l,23625536,23632711,+,7176
lncRNA_15128,ptg000008l,23697858,23700687,+,2830
lncRNA_15129,ptg000008l,22756524,22758795,+,2272
lncRNA_15130,ptg000008l,22788937,22801393,+,12457
lncRNA_15132,ptg000008l,22926441,22927792,+,1352
lncRNA_15134,ptg000008l,23175804,23180133,+,4330
lncRNA_15135,ptg000008l,23175897,23180133,+,4237
lncRNA_15136,ptg000008l,23175903,23180133,+,4231
lncRNA_15138,ptg000008l,23240348,23247382,+,7035
lncRNA_15140,ptg000008l,23350512,23356922,+,6411
lncRNA_15141,ptg000008l,23354343,23358053,+,3711
lncRNA_15142,ptg000008l,23461312,23462798,+,1487
lncRNA_15145,ptg000008l,23481021,23481664,+,644
lncRNA_15147,ptg000008l,23580924,23641435,+,60512
lncRNA_15148,ptg000008l,23583974,23584891,+,918
lncRNA_15149,ptg000008l,23599869,23609004,+,9136
lncRNA_15154,ptg000008l,23638362,23641218,+,2857
lncRNA_15155,ptg000008l,23653505,23654404,+,900
lncRNA_15156,ptg000008l,23696957,23697642,+,686
lncRNA_15158,ptg000008l,23971010,23973155,+,2146
lncRNA_15160,ptg000008l,23990931,24000643,+,9713
lncRNA_15161,ptg000008l,23991761,23992963,+,1203
lncRNA_15162,ptg000008l,24057824,24060625,+,2802
lncRNA_15163,ptg000008l,24058251,24060625,+,2375
lncRNA_15164,ptg000008l,24058395,24058996,+,602
lncRNA_15165,ptg000008l,24161555,24167939,+,6385
lncRNA_15166,ptg000008l,24161558,24164520,+,2963
lncRNA_15167,ptg000008l,24161679,24167939,+,6261
lncRNA_15168,ptg000008l,24162197,24166887,+,4691
lncRNA_15169,ptg000008l,24162197,24167939,+,5743
lncRNA_15170,ptg000008l,24193248,24195348,+,2101
lncRNA_15171,ptg000008l,24193248,24206866,+,13619
lncRNA_15172,ptg000008l,24215808,24217510,+,1703
lncRNA_15173,ptg000008l,24294061,24295018,+,958
lncRNA_15174,ptg000008l,24322638,24325026,+,2389
lncRNA_15175,ptg000008l,24352600,24357040,+,4441
lncRNA_15176,ptg000008l,24380577,24384627,+,4051
lncRNA_15177,ptg000008l,24380584,24389268,+,8685
lncRNA_15179,ptg000008l,24422872,24425597,+,2726
lncRNA_15183,ptg000008l,24724338,24725459,+,1122
lncRNA_15184,ptg000008l,24724380,24725581,+,1202
lncRNA_15186,ptg000008l,24895932,24898031,+,2100
lncRNA_15187,ptg000008l,24896934,24898031,+,1098
lncRNA_15188,ptg000008l,24899245,24903529,+,4285
lncRNA_15189,ptg000008l,24899363,24900710,+,1348
lncRNA_15191,ptg000008l,24899585,24900710,+,1126
lncRNA_15192,ptg000008l,25023365,25024446,+,1082
lncRNA_15193,ptg000008l,25025829,25030778,+,4950
lncRNA_15194,ptg000008l,25026017,25030778,+,4762
lncRNA_15195,ptg000008l,25026152,25030778,+,4627
lncRNA_15196,ptg000008l,25036192,25041391,+,5200
lncRNA_15203,ptg000008l,25381276,25383351,+,2076
lncRNA_15204,ptg000008l,25404492,25405532,+,1041
lncRNA_15205,ptg000008l,25404617,25405863,+,1247
lncRNA_15207,ptg000008l,25651224,25736281,+,85058
lncRNA_15208,ptg000008l,25652437,25653731,+,1295
lncRNA_15229,ptg000008l,26971703,27023253,+,51551
lncRNA_15245,ptg000008l,27367868,27374093,+,6226
lncRNA_15249,ptg000008l,27599267,27600881,+,1615
lncRNA_15250,ptg000008l,27824187,27830545,+,6359
lncRNA_15268,ptg000008l,28163205,28166784,+,3580
lncRNA_15269,ptg000008l,28164104,28166784,+,2681
lncRNA_15271,ptg000008l,28164104,28169202,+,5099
lncRNA_15273,ptg000008l,28168118,28169202,+,1085
lncRNA_15323,ptg000008l,29270899,29273835,+,2937
lncRNA_15325,ptg000008l,29617295,29628825,+,11531
lncRNA_15326,ptg000008l,29703108,29716218,+,13111
lncRNA_15327,ptg000008l,29703455,29717186,+,13732
lncRNA_15328,ptg000008l,29703501,29723105,+,19605
lncRNA_15329,ptg000008l,29719379,29723105,+,3727
lncRNA_15339,ptg000008l,29974998,29978120,+,3123
lncRNA_15340,ptg000008l,29975011,29978120,+,3110
lncRNA_15341,ptg000008l,29975045,29978120,+,3076
lncRNA_15345,ptg000008l,30140986,30143332,+,2347
lncRNA_15346,ptg000008l,30140988,30146369,+,5382
lncRNA_15371,ptg000008l,31112785,31115644,+,2860
lncRNA_15372,ptg000008l,31112794,31115644,+,2851
lncRNA_15374,ptg000008l,31112845,31115644,+,2800
lncRNA_15375,ptg000008l,31112969,31115644,+,2676
lncRNA_15376,ptg000008l,31112987,31115024,+,2038
lncRNA_15378,ptg000008l,31280658,31288772,+,8115
lncRNA_15379,ptg000008l,31500184,31502869,+,2686
lncRNA_15381,ptg000008l,31622929,31630652,+,7724
lncRNA_15382,ptg000008l,31945372,31947121,+,1750
lncRNA_15397,ptg000008l,32372016,32376300,+,4285
lncRNA_15398,ptg000008l,32372587,32376300,+,3714
lncRNA_15399,ptg000008l,32391584,32392835,+,1252
lncRNA_15400,ptg000008l,32566359,32569645,+,3287
lncRNA_15402,ptg000008l,32610379,32616955,+,6577
lncRNA_15403,ptg000008l,32611306,32616955,+,5650
lncRNA_15404,ptg000008l,32612298,32616955,+,4658
lncRNA_15405,ptg000008l,32612454,32616955,+,4502
lncRNA_15406,ptg000008l,32613278,32617357,+,4080
lncRNA_15407,ptg000008l,32654469,32664350,+,9882
lncRNA_15410,ptg000008l,32653211,32654206,+,996
lncRNA_15413,ptg000008l,32701026,32702191,+,1166
lncRNA_15414,ptg000008l,32701266,32702191,+,926
lncRNA_15415,ptg000008l,32701299,32702191,+,893
lncRNA_15424,ptg000008l,32839868,32843266,+,3399
lncRNA_15432,ptg000008l,33113105,33122227,+,9123
lncRNA_15433,ptg000008l,33113106,33122227,+,9122
lncRNA_15434,ptg000008l,33113807,33122227,+,8421
lncRNA_15435,ptg000008l,33117587,33122227,+,4641
lncRNA_15436,ptg000008l,33117978,33122227,+,4250
lncRNA_15437,ptg000008l,33117996,33122227,+,4232
lncRNA_15438,ptg000008l,33232217,33234074,+,1858
lncRNA_15441,ptg000008l,33470055,33471781,+,1727
lncRNA_15444,ptg000008l,33788129,33793903,+,5775
lncRNA_15448,ptg000008l,34056878,34060444,+,3567
lncRNA_15449,ptg000008l,34057231,34060444,+,3214
lncRNA_15452,ptg000008l,34221933,34226109,+,4177
lncRNA_15453,ptg000008l,34248271,34249334,+,1064
lncRNA_15457,ptg000008l,34480360,34481026,+,667
lncRNA_15464,ptg000008l,34655495,34658766,+,3272
lncRNA_15468,ptg000008l,34755535,34764816,+,9282
lncRNA_15469,ptg000008l,34755742,34764816,+,9075
lncRNA_15470,ptg000008l,34756837,34764816,+,7980
lncRNA_15474,ptg000008l,35133586,35137897,+,4312
lncRNA_15475,ptg000008l,35133606,35137897,+,4292
lncRNA_15476,ptg000008l,35133608,35137897,+,4290
lncRNA_15478,ptg000008l,35138200,35140213,+,2014
lncRNA_15479,ptg000008l,35148435,35150955,+,2521
lncRNA_15480,ptg000008l,35300017,35302954,+,2938
lncRNA_15483,ptg000008l,35516872,35521008,+,4137
lncRNA_15603,ptg000008l,37089371,37100646,+,11276
lncRNA_15604,ptg000008l,37089798,37096244,+,6447
lncRNA_15764,ptg000008l,169852,170871,+,1020
lncRNA_15781,ptg000008l,716655,719574,+,2920
lncRNA_15783,ptg000008l,722202,724036,+,1835
lncRNA_15799,ptg000008l,1387495,1387730,+,236
lncRNA_15803,ptg000008l,1494274,1495284,+,1011
lncRNA_15816,ptg000008l,2176802,2179907,+,3106
lncRNA_15818,ptg000008l,2197836,2198868,+,1033
lncRNA_15834,ptg000008l,3292231,3293423,+,1193
lncRNA_15846,ptg000008l,3846444,3849951,+,3508
lncRNA_15850,ptg000008l,4054066,4055402,+,1337
lncRNA_15856,ptg000008l,4411715,4412692,+,978
lncRNA_15857,ptg000008l,4413027,4413782,+,756
lncRNA_15858,ptg000008l,4416715,4418166,+,1452
lncRNA_15870,ptg000008l,4845999,4847442,+,1444
lncRNA_15879,ptg000008l,5961078,5961341,+,264
lncRNA_15881,ptg000008l,6077299,6080768,+,3470
lncRNA_15895,ptg000008l,6551237,6551995,+,759
lncRNA_15905,ptg000008l,6786360,6787644,+,1285
lncRNA_15936,ptg000008l,8623212,8623423,+,212
lncRNA_15942,ptg000008l,8931374,8931847,+,474
lncRNA_15963,ptg000008l,10014417,10015626,+,1210
lncRNA_15967,ptg000008l,10106116,10106796,+,681
lncRNA_15982,ptg000008l,10625324,10626334,+,1011
lncRNA_15984,ptg000008l,10643933,10647131,+,3199
lncRNA_15986,ptg000008l,10683281,10683611,+,331
lncRNA_15997,ptg000008l,10761673,10763261,+,1589
lncRNA_16001,ptg000008l,10977136,10977749,+,614
lncRNA_16003,ptg000008l,11255906,11259196,+,3291
lncRNA_16012,ptg000008l,11563757,11564136,+,380
lncRNA_16014,ptg000008l,11583651,11584323,+,673
lncRNA_16035,ptg000008l,11883058,11884572,+,1515
lncRNA_16038,ptg000008l,11922480,11923638,+,1159
lncRNA_16047,ptg000008l,12023751,12025348,+,1598
lncRNA_16069,ptg000008l,12879898,12881363,+,1466
lncRNA_16099,ptg000008l,13264204,13264659,+,456
lncRNA_16105,ptg000008l,13285123,13286132,+,1010
lncRNA_16119,ptg000008l,13376270,13377146,+,877
lncRNA_16121,ptg000008l,13399558,13399945,+,388
lncRNA_16165,ptg000008l,13863324,13863659,+,336
lncRNA_16169,ptg000008l,13928121,13928904,+,784
lncRNA_16179,ptg000008l,14126798,14128139,+,1342
lncRNA_16356,ptg000008l,17866315,17866987,+,673
lncRNA_16360,ptg000008l,17895794,17897347,+,1554
lncRNA_16365,ptg000008l,18198490,18200530,+,2041
lncRNA_16378,ptg000008l,18351721,18354735,+,3015
lncRNA_16389,ptg000008l,18500433,18501641,+,1209
lncRNA_16402,ptg000008l,18628905,18630747,+,1843
lncRNA_16404,ptg000008l,18634447,18638191,+,3745
lncRNA_16430,ptg000008l,18914527,18915887,+,1361
lncRNA_16460,ptg000008l,19810606,19813564,+,2959
lncRNA_16494,ptg000008l,20609907,20610289,+,383
lncRNA_16501,ptg000008l,20654419,20657507,+,3089
lncRNA_16508,ptg000008l,20713918,20714129,+,212
lncRNA_16526,ptg000008l,20823596,20824055,+,460
lncRNA_16540,ptg000008l,21401186,21402083,+,898
lncRNA_16572,ptg000008l,22303638,22305477,+,1840
lncRNA_16678,ptg000008l,25823924,25826132,+,2209
lncRNA_16697,ptg000008l,26041291,26041981,+,691
lncRNA_16728,ptg000008l,26278170,26278959,+,790
lncRNA_16750,ptg000008l,26512973,26514378,+,1406
lncRNA_16764,ptg000008l,26566887,26568366,+,1480
lncRNA_16766,ptg000008l,26569964,26571645,+,1682
lncRNA_16791,ptg000008l,26771812,26772959,+,1148
lncRNA_16798,ptg000008l,26882970,26883743,+,774
lncRNA_16858,ptg000008l,28080444,28081119,+,676
lncRNA_16891,ptg000008l,28426587,28428044,+,1458
lncRNA_16895,ptg000008l,28453444,28454218,+,775
lncRNA_17006,ptg000008l,29699132,29699708,+,577
lncRNA_17007,ptg000008l,29724379,29726442,+,2064
lncRNA_17114,ptg000008l,31479220,31482757,+,3538
lncRNA_17170,ptg000008l,32306113,32306899,+,787
lncRNA_17183,ptg000008l,32410713,32412360,+,1648
lncRNA_17192,ptg000008l,32721852,32724487,+,2636
lncRNA_17217,ptg000008l,32873149,32875011,+,1863
lncRNA_17257,ptg000008l,33104549,33105330,+,782
lncRNA_17291,ptg000008l,33376575,33377810,+,1236
lncRNA_17336,ptg000008l,33711120,33711819,+,700
lncRNA_17420,ptg000008l,34602585,34605246,+,2662
lncRNA_17498,ptg000008l,35629859,35632198,+,2340
lncRNA_17541,ptg000008l,36149335,36151395,+,2061
lncRNA_17708,ptg000009l,80189,82274,+,2086
lncRNA_17714,ptg000009l,146840,150611,+,3772
lncRNA_17715,ptg000009l,211350,213658,+,2309
lncRNA_17719,ptg000009l,336168,342736,+,6569
lncRNA_17720,ptg000009l,336345,344600,+,8256
lncRNA_17721,ptg000009l,338401,339152,+,752
lncRNA_17723,ptg000009l,811464,817866,+,6403
lncRNA_17725,ptg000009l,811528,817866,+,6339
lncRNA_17726,ptg000009l,835916,839893,+,3978
lncRNA_17727,ptg000009l,835948,839893,+,3946
lncRNA_17728,ptg000009l,881069,904958,+,23890
lncRNA_17729,ptg000009l,881086,904958,+,23873
lncRNA_17730,ptg000009l,881316,904958,+,23643
lncRNA_17731,ptg000009l,884244,904958,+,20715
lncRNA_17824,ptg000009l,949365,950396,+,1032
lncRNA_17825,ptg000009l,994724,996228,+,1505
lncRNA_17826,ptg000009l,1042634,1045790,+,3157
lncRNA_17827,ptg000009l,1042781,1045494,+,2714
lncRNA_17828,ptg000009l,1060105,1062413,+,2309
lncRNA_17830,ptg000009l,1064994,1068215,+,3222
lncRNA_17831,ptg000009l,1078186,1083821,+,5636
lncRNA_17833,ptg000009l,1078195,1083821,+,5627
lncRNA_17839,ptg000009l,1160154,1162474,+,2321
lncRNA_17840,ptg000009l,1160156,1163100,+,2945
lncRNA_17842,ptg000009l,1160162,1162474,+,2313
lncRNA_17843,ptg000009l,1160170,1163100,+,2931
lncRNA_17844,ptg000009l,1160197,1162277,+,2081
lncRNA_17845,ptg000009l,1160204,1162340,+,2137
lncRNA_17846,ptg000009l,1160862,1162340,+,1479
lncRNA_17847,ptg000009l,1262350,1264211,+,1862
lncRNA_17848,ptg000009l,1280622,1283284,+,2663
lncRNA_17850,ptg000009l,1327179,1336406,+,9228
lncRNA_17851,ptg000009l,1352934,1354957,+,2024
lncRNA_17852,ptg000009l,1386497,1387135,+,639
lncRNA_17853,ptg000009l,1461841,1466029,+,4189
lncRNA_17856,ptg000009l,1461857,1466029,+,4173
lncRNA_17857,ptg000009l,1571014,1571907,+,894
lncRNA_17858,ptg000009l,1578012,1585162,+,7151
lncRNA_17860,ptg000009l,1637989,1638453,+,465
lncRNA_17861,ptg000009l,1680730,1685481,+,4752
lncRNA_17862,ptg000009l,1680742,1685481,+,4740
lncRNA_17863,ptg000009l,1680750,1685481,+,4732
lncRNA_17864,ptg000009l,1681291,1685481,+,4191
lncRNA_17865,ptg000009l,1681327,1685481,+,4155
lncRNA_17866,ptg000009l,1711136,1738143,+,27008
lncRNA_17867,ptg000009l,1711142,1737993,+,26852
lncRNA_17871,ptg000009l,1711175,1729320,+,18146
lncRNA_17872,ptg000009l,1711175,1738143,+,26969
lncRNA_17873,ptg000009l,1711175,1740703,+,29529
lncRNA_17882,ptg000009l,1958246,1960372,+,2127
lncRNA_17887,ptg000009l,2242070,2282334,+,40265
lncRNA_17889,ptg000009l,2395358,2396215,+,858
lncRNA_17891,ptg000009l,2470319,2472100,+,1782
lncRNA_17892,ptg000009l,2470733,2490981,+,20249
lncRNA_17893,ptg000009l,2481282,2490814,+,9533
lncRNA_17894,ptg000009l,2481285,2490981,+,9697
lncRNA_17895,ptg000009l,2481429,2490981,+,9553
lncRNA_17897,ptg000009l,2481718,2490814,+,9097
lncRNA_17898,ptg000009l,2482155,2491334,+,9180
lncRNA_17900,ptg000009l,2537538,2538261,+,724
lncRNA_17901,ptg000009l,2547448,2552396,+,4949
lncRNA_17902,ptg000009l,2553524,2554382,+,859
lncRNA_17903,ptg000009l,2689816,2690807,+,992
lncRNA_17905,ptg000009l,2716748,2718832,+,2085
lncRNA_17906,ptg000009l,2716969,2718832,+,1864
lncRNA_17907,ptg000009l,2717083,2718832,+,1750
lncRNA_17909,ptg000009l,2759709,2774305,+,14597
lncRNA_17910,ptg000009l,2768392,2774305,+,5914
lncRNA_17911,ptg000009l,2768520,2774305,+,5786
lncRNA_17912,ptg000009l,2768524,2776199,+,7676
lncRNA_17914,ptg000009l,2978887,2994617,+,15731
lncRNA_17915,ptg000009l,2978916,2994617,+,15702
lncRNA_17917,ptg000009l,3060450,3063438,+,2989
lncRNA_17919,ptg000009l,3139882,3141902,+,2021
lncRNA_17920,ptg000009l,3139888,3141902,+,2015
lncRNA_17921,ptg000009l,3176406,3182629,+,6224
lncRNA_17922,ptg000009l,3203182,3206072,+,2891
lncRNA_17924,ptg000009l,3222299,3227550,+,5252
lncRNA_17926,ptg000009l,3255796,3257161,+,1366
lncRNA_17927,ptg000009l,3296136,3299190,+,3055
lncRNA_17928,ptg000009l,3372502,3374332,+,1831
lncRNA_17929,ptg000009l,3389278,3393925,+,4648
lncRNA_17931,ptg000009l,3538185,3540300,+,2116
lncRNA_17934,ptg000009l,3700307,3701661,+,1355
lncRNA_17936,ptg000009l,3762417,3763549,+,1133
lncRNA_17937,ptg000009l,4015444,4016668,+,1225
lncRNA_17939,ptg000009l,4036315,4041986,+,5672
lncRNA_17940,ptg000009l,4174301,4179091,+,4791
lncRNA_17945,ptg000009l,4201127,4204837,+,3711
lncRNA_17948,ptg000009l,4201819,4204837,+,3019
lncRNA_17949,ptg000009l,4202767,4204837,+,2071
lncRNA_17950,ptg000009l,4213077,4213570,+,494
lncRNA_17951,ptg000009l,4213115,4213570,+,456
lncRNA_17952,ptg000009l,4230358,4231212,+,855
lncRNA_17953,ptg000009l,4259431,4264708,+,5278
lncRNA_17954,ptg000009l,4278820,4303167,+,24348
lncRNA_17956,ptg000009l,4305191,4307417,+,2227
lncRNA_17957,ptg000009l,4305231,4307417,+,2187
lncRNA_17958,ptg000009l,4307933,4309119,+,1187
lncRNA_17959,ptg000009l,4319041,4319786,+,746
lncRNA_17963,ptg000009l,4405990,4407361,+,1372
lncRNA_17964,ptg000009l,4405994,4406888,+,895
lncRNA_17967,ptg000009l,4673251,4674950,+,1700
lncRNA_17969,ptg000009l,4678430,4680697,+,2268
lncRNA_17970,ptg000009l,4678635,4680697,+,2063
lncRNA_17971,ptg000009l,4678693,4680697,+,2005
lncRNA_17972,ptg000009l,4678773,4680697,+,1925
lncRNA_17974,ptg000009l,4722553,4726654,+,4102
lncRNA_17975,ptg000009l,4722583,4726654,+,4072
lncRNA_17976,ptg000009l,4722646,4726654,+,4009
lncRNA_17977,ptg000009l,4722650,4723339,+,690
lncRNA_17978,ptg000009l,4722650,4725564,+,2915
lncRNA_17979,ptg000009l,4896017,4897581,+,1565
lncRNA_17982,ptg000009l,4916686,4920115,+,3430
lncRNA_17983,ptg000009l,5008986,5009541,+,556
lncRNA_17984,ptg000009l,5041855,5044832,+,2978
lncRNA_17985,ptg000009l,5041916,5044832,+,2917
lncRNA_17986,ptg000009l,5042287,5044832,+,2546
lncRNA_17989,ptg000009l,5199254,5203878,+,4625
lncRNA_17990,ptg000009l,5201640,5203574,+,1935
lncRNA_17991,ptg000009l,5258409,5259348,+,940
lncRNA_17993,ptg000009l,5414119,5418584,+,4466
lncRNA_17994,ptg000009l,5418885,5423361,+,4477
lncRNA_17995,ptg000009l,5445027,5446114,+,1088
lncRNA_18010,ptg000009l,5631654,5633603,+,1950
lncRNA_18011,ptg000009l,5631655,5632043,+,389
lncRNA_18012,ptg000009l,5631681,5633603,+,1923
lncRNA_18013,ptg000009l,5642232,5643196,+,965
lncRNA_18014,ptg000009l,5867894,5872287,+,4394
lncRNA_18017,ptg000009l,5872579,5874702,+,2124
lncRNA_18018,ptg000009l,5872698,5874702,+,2005
lncRNA_18019,ptg000009l,5872703,5874702,+,2000
lncRNA_18020,ptg000009l,5893796,5896994,+,3199
lncRNA_18022,ptg000009l,5915127,5919857,+,4731
lncRNA_18023,ptg000009l,5924593,5926266,+,1674
lncRNA_18024,ptg000009l,5926873,5946998,+,20126
lncRNA_18032,ptg000009l,5932730,5948054,+,15325
lncRNA_18035,ptg000009l,5939981,5957730,+,17750
lncRNA_18036,ptg000009l,5940354,5957730,+,17377
lncRNA_18041,ptg000009l,6062207,6064126,+,1920
lncRNA_18042,ptg000009l,6154968,6158631,+,3664
lncRNA_18044,ptg000009l,6246435,6247014,+,580
lncRNA_18045,ptg000009l,6304445,6305973,+,1529
lncRNA_18046,ptg000009l,6369272,6372896,+,3625
lncRNA_18047,ptg000009l,6369285,6372896,+,3612
lncRNA_18048,ptg000009l,6371319,6372896,+,1578
lncRNA_18053,ptg000009l,6685885,6689947,+,4063
lncRNA_18064,ptg000009l,6735783,6740519,+,4737
lncRNA_18066,ptg000009l,6736979,6738735,+,1757
lncRNA_18067,ptg000009l,6743292,6752538,+,9247
lncRNA_18068,ptg000009l,6865153,6867944,+,2792
lncRNA_18069,ptg000009l,6873789,6878820,+,5032
lncRNA_18070,ptg000009l,6895288,6912401,+,17114
lncRNA_18071,ptg000009l,6895497,6904836,+,9340
lncRNA_18072,ptg000009l,6895517,6898417,+,2901
lncRNA_18073,ptg000009l,6895602,6908551,+,12950
lncRNA_18079,ptg000009l,7081462,7082176,+,715
lncRNA_18080,ptg000009l,7125305,7126881,+,1577
lncRNA_18081,ptg000009l,7125322,7126881,+,1560
lncRNA_18083,ptg000009l,7182473,7202547,+,20075
lncRNA_18084,ptg000009l,7182477,7197478,+,15002
lncRNA_18086,ptg000009l,7182488,7186668,+,4181
lncRNA_18088,ptg000009l,7318657,7322857,+,4201
lncRNA_18089,ptg000009l,7318753,7322857,+,4105
lncRNA_18090,ptg000009l,7318759,7322521,+,3763
lncRNA_18091,ptg000009l,7318759,7322857,+,4099
lncRNA_18092,ptg000009l,7318773,7322857,+,4085
lncRNA_18093,ptg000009l,7319369,7384085,+,64717
lncRNA_18095,ptg000009l,7376571,7384085,+,7515
lncRNA_18097,ptg000009l,7376669,7384085,+,7417
lncRNA_18106,ptg000009l,7502166,7510477,+,8312
lncRNA_18108,ptg000009l,7502451,7510477,+,8027
lncRNA_18110,ptg000009l,7502957,7510477,+,7521
lncRNA_18111,ptg000009l,7503017,7510477,+,7461
lncRNA_18114,ptg000009l,7503055,7509209,+,6155
lncRNA_18115,ptg000009l,7503055,7510477,+,7423
lncRNA_18117,ptg000009l,7508064,7510477,+,2414
lncRNA_18118,ptg000009l,7508234,7509209,+,976
lncRNA_18119,ptg000009l,7323318,7384712,+,61395
lncRNA_18120,ptg000009l,7335255,7426616,+,91362
lncRNA_18121,ptg000009l,7356853,7416838,+,59986
lncRNA_18122,ptg000009l,7533329,7537547,+,4219
lncRNA_18123,ptg000009l,7533392,7561368,+,27977
lncRNA_18124,ptg000009l,7556953,7561117,+,4165
lncRNA_18128,ptg000009l,7451552,7453218,+,1667
lncRNA_18130,ptg000009l,7608864,7634932,+,26069
lncRNA_18131,ptg000009l,7634129,7634932,+,804
lncRNA_18132,ptg000009l,7620139,7626595,+,6457
lncRNA_18134,ptg000009l,7701754,7703049,+,1296
lncRNA_18135,ptg000009l,7743058,7748519,+,5462
lncRNA_18139,ptg000009l,7785614,7786935,+,1322
lncRNA_18140,ptg000009l,7785782,7789186,+,3405
lncRNA_18141,ptg000009l,7847049,7850670,+,3622
lncRNA_18142,ptg000009l,7849274,7859740,+,10467
lncRNA_18143,ptg000009l,7906874,7908364,+,1491
lncRNA_18144,ptg000009l,7906874,7908736,+,1863
lncRNA_18146,ptg000009l,7999975,8000312,+,338
lncRNA_18147,ptg000009l,8015168,8017226,+,2059
lncRNA_18148,ptg000009l,8018092,8019344,+,1253
lncRNA_18149,ptg000009l,8018624,8019344,+,721
lncRNA_18150,ptg000009l,8020512,8024153,+,3642
lncRNA_18152,ptg000009l,8154423,8159962,+,5540
lncRNA_18153,ptg000009l,8186973,8190732,+,3760
lncRNA_18155,ptg000009l,8253922,8263956,+,10035
lncRNA_18156,ptg000009l,8257067,8264167,+,7101
lncRNA_18161,ptg000009l,8345911,8347617,+,1707
lncRNA_18162,ptg000009l,8404847,8407820,+,2974
lncRNA_18163,ptg000009l,8405173,8408337,+,3165
lncRNA_18164,ptg000009l,8454927,8460318,+,5392
lncRNA_18165,ptg000009l,8484328,8485296,+,969
lncRNA_18166,ptg000009l,8484549,8485296,+,748
lncRNA_18169,ptg000009l,8778926,8782695,+,3770
lncRNA_18170,ptg000009l,8786013,8787524,+,1512
lncRNA_18174,ptg000009l,8983699,8984779,+,1081
lncRNA_18176,ptg000009l,9127617,9148754,+,21138
lncRNA_18177,ptg000009l,9128616,9131404,+,2789
lncRNA_18178,ptg000009l,9397291,9400394,+,3104
lncRNA_18181,ptg000009l,9514628,9515547,+,920
lncRNA_18182,ptg000009l,9643506,9647278,+,3773
lncRNA_18184,ptg000009l,9742577,9746654,+,4078
lncRNA_18189,ptg000009l,9819933,9820306,+,374
lncRNA_18191,ptg000009l,10034422,10036211,+,1790
lncRNA_18192,ptg000009l,10116127,10123614,+,7488
lncRNA_18193,ptg000009l,10171087,10181676,+,10590
lncRNA_18199,ptg000009l,10472686,10477672,+,4987
lncRNA_18204,ptg000009l,10506515,10515025,+,8511
lncRNA_18205,ptg000009l,10506854,10515025,+,8172
lncRNA_18206,ptg000009l,10525863,10526775,+,913
lncRNA_18207,ptg000009l,10578054,10579879,+,1826
lncRNA_18208,ptg000009l,10578124,10584958,+,6835
lncRNA_18213,ptg000009l,10802286,10806576,+,4291
lncRNA_18215,ptg000009l,10950475,10951144,+,670
lncRNA_18221,ptg000009l,11614448,11616446,+,1999
lncRNA_18225,ptg000009l,12510148,12568601,+,58454
lncRNA_18245,ptg000009l,14245750,14249300,+,3551
lncRNA_18246,ptg000009l,14246872,14249300,+,2429
lncRNA_18249,ptg000009l,14732239,14733277,+,1039
lncRNA_18272,ptg000009l,15362898,15368389,+,5492
lncRNA_18277,ptg000009l,15648865,15651392,+,2528
lncRNA_18287,ptg000009l,15771729,15773176,+,1448
lncRNA_18307,ptg000009l,16941997,16946697,+,4701
lncRNA_18318,ptg000009l,17627705,17631699,+,3995
lncRNA_18319,ptg000009l,17627780,17631699,+,3920
lncRNA_18336,ptg000009l,18859754,18861238,+,1485
lncRNA_18343,ptg000009l,80123,86078,+,5956
lncRNA_18344,ptg000009l,80167,90009,+,9843
lncRNA_18345,ptg000009l,80401,85210,+,4810
lncRNA_18346,ptg000009l,82363,85090,+,2728
lncRNA_18348,ptg000009l,178630,181220,+,2591
lncRNA_18350,ptg000009l,179574,187286,+,7713
lncRNA_18351,ptg000009l,203759,204092,+,334
lncRNA_18352,ptg000009l,235826,251040,+,15215
lncRNA_18354,ptg000009l,316127,318256,+,2130
lncRNA_18356,ptg000009l,584543,586367,+,1825
lncRNA_18359,ptg000009l,715711,716887,+,1177
lncRNA_18360,ptg000009l,766971,768875,+,1905
lncRNA_18362,ptg000009l,809748,810741,+,994
lncRNA_18363,ptg000009l,834084,836083,+,2000
lncRNA_18366,ptg000009l,844205,847408,+,3204
lncRNA_18368,ptg000009l,913333,914990,+,1658
lncRNA_18370,ptg000009l,1012278,1016693,+,4416
lncRNA_18371,ptg000009l,1012507,1016563,+,4057
lncRNA_18372,ptg000009l,1013208,1020869,+,7662
lncRNA_18373,ptg000009l,1013296,1016563,+,3268
lncRNA_18374,ptg000009l,1013326,1016693,+,3368
lncRNA_18375,ptg000009l,1013482,1020869,+,7388
lncRNA_18376,ptg000009l,1013483,1016693,+,3211
lncRNA_18377,ptg000009l,1013489,1016374,+,2886
lncRNA_18379,ptg000009l,1013497,1020869,+,7373
lncRNA_18380,ptg000009l,1051566,1054066,+,2501
lncRNA_18381,ptg000009l,1052100,1054066,+,1967
lncRNA_18382,ptg000009l,1037197,1038344,+,1148
lncRNA_18383,ptg000009l,1075779,1077980,+,2202
lncRNA_18384,ptg000009l,1075823,1077980,+,2158
lncRNA_18385,ptg000009l,1110696,1115800,+,5105
lncRNA_18387,ptg000009l,1202293,1210676,+,8384
lncRNA_18388,ptg000009l,1208413,1210676,+,2264
lncRNA_18389,ptg000009l,1262232,1290318,+,28087
lncRNA_18390,ptg000009l,1263675,1270672,+,6998
lncRNA_18392,ptg000009l,1314697,1319969,+,5273
lncRNA_18393,ptg000009l,1349281,1354853,+,5573
lncRNA_18394,ptg000009l,1354329,1354853,+,525
lncRNA_18396,ptg000009l,1496608,1498186,+,1579
lncRNA_18398,ptg000009l,1627656,1628597,+,942
lncRNA_18399,ptg000009l,1686547,1687640,+,1094
lncRNA_18400,ptg000009l,1714903,1727256,+,12354
lncRNA_18401,ptg000009l,1715005,1722028,+,7024
lncRNA_18402,ptg000009l,1715005,1726654,+,11650
lncRNA_18403,ptg000009l,1715027,1718398,+,3372
lncRNA_18404,ptg000009l,1715027,1727145,+,12119
lncRNA_18405,ptg000009l,1715561,1719709,+,4149
lncRNA_18406,ptg000009l,1715707,1726654,+,10948
lncRNA_18407,ptg000009l,1715707,1727256,+,11550
lncRNA_18408,ptg000009l,1715888,1723261,+,7374
lncRNA_18409,ptg000009l,1715912,1727145,+,11234
lncRNA_18415,ptg000009l,1768203,1770102,+,1900
lncRNA_18416,ptg000009l,1796688,1797631,+,944
lncRNA_18418,ptg000009l,1890569,1891641,+,1073
lncRNA_18419,ptg000009l,1890759,1909457,+,18699
lncRNA_18420,ptg000009l,1897655,1909457,+,11803
lncRNA_18421,ptg000009l,2003739,2012536,+,8798
lncRNA_18423,ptg000009l,2061092,2063941,+,2850
lncRNA_18424,ptg000009l,2089021,2092513,+,3493
lncRNA_18426,ptg000009l,2157389,2158674,+,1286
lncRNA_18428,ptg000009l,2279506,2286964,+,7459
lncRNA_18430,ptg000009l,2436305,2444194,+,7890
lncRNA_18431,ptg000009l,2436422,2441596,+,5175
lncRNA_18432,ptg000009l,2436449,2440646,+,4198
lncRNA_18433,ptg000009l,2437567,2441596,+,4030
lncRNA_18435,ptg000009l,2460916,2463013,+,2098
lncRNA_18436,ptg000009l,2460975,2464931,+,3957
lncRNA_18437,ptg000009l,2468281,2472136,+,3856
lncRNA_18438,ptg000009l,2499529,2503527,+,3999
lncRNA_18439,ptg000009l,2564300,2566104,+,1805
lncRNA_18440,ptg000009l,2564811,2566104,+,1294
lncRNA_18442,ptg000009l,2654789,2656691,+,1903
lncRNA_18443,ptg000009l,2726856,2744758,+,17903
lncRNA_18445,ptg000009l,2757110,2759394,+,2285
lncRNA_18446,ptg000009l,3116603,3116944,+,342
lncRNA_18447,ptg000009l,3140574,3143261,+,2688
lncRNA_18448,ptg000009l,3296620,3298486,+,1867
lncRNA_18449,ptg000009l,3299059,3300939,+,1881
lncRNA_18450,ptg000009l,3313500,3315022,+,1523
lncRNA_18452,ptg000009l,3380095,3389387,+,9293
lncRNA_18453,ptg000009l,3386391,3408279,+,21889
lncRNA_18454,ptg000009l,3386459,3391403,+,4945
lncRNA_18455,ptg000009l,3386542,3389387,+,2846
lncRNA_18456,ptg000009l,3388502,3408279,+,19778
lncRNA_18457,ptg000009l,3389109,3391403,+,2295
lncRNA_18458,ptg000009l,3381998,3385163,+,3166
lncRNA_18460,ptg000009l,3583959,3586884,+,2926
lncRNA_18461,ptg000009l,3616097,3617890,+,1794
lncRNA_18462,ptg000009l,3617891,3620621,+,2731
lncRNA_18463,ptg000009l,3696765,3698928,+,2164
lncRNA_18464,ptg000009l,3754039,3755163,+,1125
lncRNA_18465,ptg000009l,3796047,3796981,+,935
lncRNA_18466,ptg000009l,3812368,3816195,+,3828
lncRNA_18467,ptg000009l,3814123,3820940,+,6818
lncRNA_18470,ptg000009l,3863176,3864692,+,1517
lncRNA_18471,ptg000009l,3879560,3880226,+,667
lncRNA_18472,ptg000009l,3934195,3938919,+,4725
lncRNA_18473,ptg000009l,4036791,4043387,+,6597
lncRNA_18474,ptg000009l,4037279,4042302,+,5024
lncRNA_18475,ptg000009l,4037279,4042820,+,5542
lncRNA_18476,ptg000009l,4037318,4042302,+,4985
lncRNA_18478,ptg000009l,4038670,4042302,+,3633
lncRNA_18480,ptg000009l,4038770,4041772,+,3003
lncRNA_18481,ptg000009l,4040087,4042302,+,2216
lncRNA_18482,ptg000009l,4120329,4124540,+,4212
lncRNA_18483,ptg000009l,4139466,4141218,+,1753
lncRNA_18484,ptg000009l,4166403,4182437,+,16035
lncRNA_18485,ptg000009l,4166413,4179193,+,12781
lncRNA_18486,ptg000009l,4166694,4181479,+,14786
lncRNA_18487,ptg000009l,4174176,4179193,+,5018
lncRNA_18488,ptg000009l,4174355,4181479,+,7125
lncRNA_18498,ptg000009l,4202393,4205116,+,2724
lncRNA_18499,ptg000009l,4202666,4204841,+,2176
lncRNA_18500,ptg000009l,4203057,4204841,+,1785
lncRNA_18501,ptg000009l,4305196,4319376,+,14181
lncRNA_18503,ptg000009l,4481151,4482253,+,1103
lncRNA_18504,ptg000009l,4518646,4521997,+,3352
lncRNA_18506,ptg000009l,4583736,4584170,+,435
lncRNA_18507,ptg000009l,4594499,4597698,+,3200
lncRNA_18508,ptg000009l,4665800,4666505,+,706
lncRNA_18509,ptg000009l,4679061,4682325,+,3265
lncRNA_18511,ptg000009l,4704689,4722486,+,17798
lncRNA_18513,ptg000009l,4748296,4749267,+,972
lncRNA_18514,ptg000009l,4772150,4774706,+,2557
lncRNA_18515,ptg000009l,4772547,4774706,+,2160
lncRNA_18516,ptg000009l,4772571,4774706,+,2136
lncRNA_18518,ptg000009l,4772653,4774706,+,2054
lncRNA_18519,ptg000009l,4775102,4776432,+,1331
lncRNA_18520,ptg000009l,4775122,4777790,+,2669
lncRNA_18522,ptg000009l,4814936,4820674,+,5739
lncRNA_18523,ptg000009l,4896537,4897122,+,586
lncRNA_18525,ptg000009l,4987905,4993229,+,5325
lncRNA_18526,ptg000009l,4987932,4993229,+,5298
lncRNA_18527,ptg000009l,5026899,5028725,+,1827
lncRNA_18528,ptg000009l,5042073,5058426,+,16354
lncRNA_18529,ptg000009l,5042103,5058426,+,16324
lncRNA_18530,ptg000009l,5042904,5050515,+,7612
lncRNA_18531,ptg000009l,5043274,5051850,+,8577
lncRNA_18532,ptg000009l,5043360,5058426,+,15067
lncRNA_18533,ptg000009l,5043977,5051244,+,7268
lncRNA_18534,ptg000009l,5043977,5051656,+,7680
lncRNA_18535,ptg000009l,5044340,5051850,+,7511
lncRNA_18536,ptg000009l,5046058,5051850,+,5793
lncRNA_18537,ptg000009l,5046213,5051850,+,5638
lncRNA_18539,ptg000009l,5086492,5088868,+,2377
lncRNA_18540,ptg000009l,5087843,5088868,+,1026
lncRNA_18541,ptg000009l,5104011,5105548,+,1538
lncRNA_18542,ptg000009l,5170681,5171225,+,545
lncRNA_18545,ptg000009l,5417881,5418818,+,938
lncRNA_18546,ptg000009l,5444025,5448341,+,4317
lncRNA_18547,ptg000009l,5444752,5446092,+,1341
lncRNA_18548,ptg000009l,5444752,5448341,+,3590
lncRNA_18551,ptg000009l,5704156,5714766,+,10611
lncRNA_18552,ptg000009l,5704344,5714766,+,10423
lncRNA_18553,ptg000009l,5705487,5714766,+,9280
lncRNA_18554,ptg000009l,5705565,5713934,+,8370
lncRNA_18555,ptg000009l,5707644,5710669,+,3026
lncRNA_18557,ptg000009l,5851451,5853754,+,2304
lncRNA_18558,ptg000009l,5867894,5872704,+,4811
lncRNA_18559,ptg000009l,5868126,5872172,+,4047
lncRNA_18560,ptg000009l,5922766,5935454,+,12689
lncRNA_18561,ptg000009l,5925175,5929807,+,4633
lncRNA_18565,ptg000009l,5931791,5948861,+,17071
lncRNA_18566,ptg000009l,5933062,5948118,+,15057
lncRNA_18567,ptg000009l,5935863,5948861,+,12999
lncRNA_18568,ptg000009l,5937533,5948861,+,11329
lncRNA_18569,ptg000009l,5937670,5948861,+,11192
lncRNA_18574,ptg000009l,6154968,6182141,+,27174
lncRNA_18575,ptg000009l,6156757,6182141,+,25385
lncRNA_18576,ptg000009l,6176249,6182141,+,5893
lncRNA_18577,ptg000009l,6168243,6176758,+,8516
lncRNA_18578,ptg000009l,6212292,6214605,+,2314
lncRNA_18579,ptg000009l,6231950,6233600,+,1651
lncRNA_18580,ptg000009l,6254696,6256756,+,2061
lncRNA_18581,ptg000009l,6270481,6275562,+,5082
lncRNA_18582,ptg000009l,6270482,6273607,+,3126
lncRNA_18583,ptg000009l,6270490,6275577,+,5088
lncRNA_18584,ptg000009l,6270497,6275562,+,5066
lncRNA_18585,ptg000009l,6270499,6273502,+,3004
lncRNA_18586,ptg000009l,6395851,6397886,+,2036
lncRNA_18588,ptg000009l,6659838,6665572,+,5735
lncRNA_18589,ptg000009l,6660218,6662785,+,2568
lncRNA_18590,ptg000009l,6660218,6665572,+,5355
lncRNA_18591,ptg000009l,6684651,6686246,+,1596
lncRNA_18592,ptg000009l,6690277,6691983,+,1707
lncRNA_18593,ptg000009l,6753751,6754617,+,867
lncRNA_18594,ptg000009l,6765648,6766887,+,1240
lncRNA_18595,ptg000009l,6820382,6824152,+,3771
lncRNA_18596,ptg000009l,6873798,6878623,+,4826
lncRNA_18597,ptg000009l,7086414,7087653,+,1240
lncRNA_18598,ptg000009l,7129934,7133666,+,3733
lncRNA_18599,ptg000009l,7232053,7233297,+,1245
lncRNA_18600,ptg000009l,7255785,7260197,+,4413
lncRNA_18601,ptg000009l,7258055,7260197,+,2143
lncRNA_18602,ptg000009l,7258624,7260197,+,1574
lncRNA_18603,ptg000009l,7270786,7272192,+,1407
lncRNA_18606,ptg000009l,7316948,7317797,+,850
lncRNA_18607,ptg000009l,7321010,7383970,+,62961
lncRNA_18609,ptg000009l,7400315,7442313,+,41999
lncRNA_18610,ptg000009l,7426387,7442313,+,15927
lncRNA_18614,ptg000009l,7543482,7552403,+,8922
lncRNA_18616,ptg000009l,7740567,7742045,+,1479
lncRNA_18617,ptg000009l,7740789,7742045,+,1257
lncRNA_18618,ptg000009l,7782830,7785480,+,2651
lncRNA_18619,ptg000009l,7804935,7822936,+,18002
lncRNA_18623,ptg000009l,7918131,7922284,+,4154
lncRNA_18625,ptg000009l,7955642,7960625,+,4984
lncRNA_18626,ptg000009l,7955950,7960212,+,4263
lncRNA_18627,ptg000009l,7974044,7976882,+,2839
lncRNA_18628,ptg000009l,7986348,7992005,+,5658
lncRNA_18629,ptg000009l,8018623,8020335,+,1713
lncRNA_18630,ptg000009l,8024687,8026523,+,1837
lncRNA_18631,ptg000009l,8028788,8029937,+,1150
lncRNA_18632,ptg000009l,8071079,8091055,+,19977
lncRNA_18633,ptg000009l,8115111,8116495,+,1385
lncRNA_18634,ptg000009l,8127690,8129681,+,1992
lncRNA_18636,ptg000009l,8188104,8191981,+,3878
lncRNA_18637,ptg000009l,8189016,8191981,+,2966
lncRNA_18642,ptg000009l,8287848,8288715,+,868
lncRNA_18646,ptg000009l,8314625,8315314,+,690
lncRNA_18647,ptg000009l,8415481,8422225,+,6745
lncRNA_18649,ptg000009l,8397746,8404459,+,6714
lncRNA_18650,ptg000009l,8398991,8404459,+,5469
lncRNA_18651,ptg000009l,8401143,8404459,+,3317
lncRNA_18653,ptg000009l,8437810,8441830,+,4021
lncRNA_18654,ptg000009l,8438675,8441830,+,3156
lncRNA_18655,ptg000009l,8440174,8441830,+,1657
lncRNA_18656,ptg000009l,8456703,8465597,+,8895
lncRNA_18657,ptg000009l,8472080,8473032,+,953
lncRNA_18658,ptg000009l,8532390,8534232,+,1843
lncRNA_18659,ptg000009l,8540112,8543094,+,2983
lncRNA_18660,ptg000009l,8649950,8653094,+,3145
lncRNA_18661,ptg000009l,8682031,8687156,+,5126
lncRNA_18662,ptg000009l,8904664,8906521,+,1858
lncRNA_18663,ptg000009l,8942171,8944080,+,1910
lncRNA_18665,ptg000009l,9149406,9154178,+,4773
lncRNA_18666,ptg000009l,9226596,9228606,+,2011
lncRNA_18669,ptg000009l,9259300,9279290,+,19991
lncRNA_18670,ptg000009l,9377496,9379610,+,2115
lncRNA_18671,ptg000009l,9386397,9391627,+,5231
lncRNA_18674,ptg000009l,9742577,9745332,+,2756
lncRNA_18675,ptg000009l,9743131,9745332,+,2202
lncRNA_18677,ptg000009l,9881325,9881974,+,650
lncRNA_18679,ptg000009l,9957025,9959706,+,2682
lncRNA_18680,ptg000009l,9957940,9959706,+,1767
lncRNA_18684,ptg000009l,10029790,10034711,+,4922
lncRNA_18685,ptg000009l,10042004,10043484,+,1481
lncRNA_18686,ptg000009l,10114974,10118829,+,3856
lncRNA_18689,ptg000009l,10257780,10258717,+,938
lncRNA_18692,ptg000009l,10449819,10476883,+,27065
lncRNA_18693,ptg000009l,10449869,10475594,+,25726
lncRNA_18694,ptg000009l,10450264,10477672,+,27409
lncRNA_18698,ptg000009l,10502992,10507803,+,4812
lncRNA_18699,ptg000009l,10505386,10514989,+,9604
lncRNA_18700,ptg000009l,10505654,10513623,+,7970
lncRNA_18701,ptg000009l,10579533,10580815,+,1283
lncRNA_18703,ptg000009l,10767474,10768024,+,551
lncRNA_18705,ptg000009l,10789079,10824206,+,35128
lncRNA_18707,ptg000009l,10804225,10808762,+,4538
lncRNA_18708,ptg000009l,10859798,10866863,+,7066
lncRNA_18710,ptg000009l,10950184,10952425,+,2242
lncRNA_18711,ptg000009l,10950807,10951429,+,623
lncRNA_18735,ptg000009l,13559366,13617414,+,58049
lncRNA_18736,ptg000009l,13559819,13618282,+,58464
lncRNA_18743,ptg000009l,13926889,13951757,+,24869
lncRNA_18754,ptg000009l,15035450,15036508,+,1059
lncRNA_18771,ptg000009l,15849674,15855496,+,5823
lncRNA_18772,ptg000009l,15849722,15855496,+,5775
lncRNA_18773,ptg000009l,15853353,15855259,+,1907
lncRNA_18782,ptg000009l,16020706,16021606,+,901
lncRNA_18787,ptg000009l,17519801,17521690,+,1890
lncRNA_18804,ptg000009l,18867117,18869012,+,1896
lncRNA_18805,ptg000009l,18867265,18869012,+,1748
lncRNA_18838,ptg000009l,2116046,2116446,+,401
lncRNA_18849,ptg000009l,2658058,2658869,+,812
lncRNA_18855,ptg000009l,2753448,2754278,+,831
lncRNA_18866,ptg000009l,3160756,3162237,+,1482
lncRNA_18883,ptg000009l,4135810,4136739,+,930
lncRNA_18914,ptg000009l,5182323,5183790,+,1468
lncRNA_18915,ptg000009l,5259911,5260901,+,991
lncRNA_18938,ptg000009l,6049679,6050413,+,735
lncRNA_18944,ptg000009l,6104987,6105313,+,327
lncRNA_18959,ptg000009l,6610512,6611048,+,537
lncRNA_18968,ptg000009l,6719663,6721740,+,2078
lncRNA_18974,ptg000009l,6870465,6871614,+,1150
lncRNA_18986,ptg000009l,7295298,7295969,+,672
lncRNA_18991,ptg000009l,7660580,7661791,+,1212
lncRNA_18998,ptg000009l,7938245,7940426,+,2182
lncRNA_19014,ptg000009l,8654510,8655290,+,781
lncRNA_19015,ptg000009l,8678387,8680491,+,2105
lncRNA_19016,ptg000009l,8727288,8729061,+,1774
lncRNA_19022,ptg000009l,8916142,8917796,+,1655
lncRNA_19029,ptg000009l,8932096,8934132,+,2037
lncRNA_19045,ptg000009l,9184234,9184860,+,627
lncRNA_19049,ptg000009l,9209775,9210980,+,1206
lncRNA_19061,ptg000009l,9763656,9763971,+,316
lncRNA_19064,ptg000009l,9802448,9803147,+,700
lncRNA_19065,ptg000009l,9803620,9807618,+,3999
lncRNA_19066,ptg000009l,9814993,9816023,+,1031
lncRNA_19070,ptg000009l,9884733,9885732,+,1000
lncRNA_19072,ptg000009l,9929331,9929883,+,553
lncRNA_19076,ptg000009l,10023010,10024433,+,1424
lncRNA_19128,ptg000009l,11011366,11011949,+,584
lncRNA_19144,ptg000009l,11281425,11282258,+,834
lncRNA_19154,ptg000009l,11447577,11448794,+,1218
lncRNA_19176,ptg000009l,12683744,12684772,+,1029
lncRNA_19178,ptg000009l,12827686,12828738,+,1053
lncRNA_19181,ptg000009l,13306556,13307178,+,623
lncRNA_19258,ptg000009l,14519785,14521065,+,1281
lncRNA_19324,ptg000009l,15532034,15532492,+,459
lncRNA_19468,ptg000009l,17633134,17633423,+,290
lncRNA_19528,ptg000009l,18451013,18452437,+,1425
lncRNA_19541,ptg000010l,49190,49969,+,780
lncRNA_19542,ptg000010l,94603,96546,+,1944
lncRNA_19543,ptg000010l,157846,159702,+,1857
lncRNA_19544,ptg000010l,504775,526155,+,21381
lncRNA_19545,ptg000010l,721143,738131,+,16989
lncRNA_19546,ptg000010l,721168,738060,+,16893
lncRNA_19548,ptg000010l,755144,762032,+,6889
lncRNA_19549,ptg000010l,756365,760774,+,4410
lncRNA_19551,ptg000010l,815145,829592,+,14448
lncRNA_19552,ptg000010l,815273,829592,+,14320
lncRNA_19553,ptg000010l,815288,829592,+,14305
lncRNA_19554,ptg000010l,815289,829592,+,14304
lncRNA_19555,ptg000010l,817908,829592,+,11685
lncRNA_19556,ptg000010l,833691,843161,+,9471
lncRNA_19562,ptg000010l,1119193,1121267,+,2075
lncRNA_19563,ptg000010l,1164894,1172681,+,7788
lncRNA_19564,ptg000010l,1175665,1179679,+,4015
lncRNA_19565,ptg000010l,1176272,1179926,+,3655
lncRNA_19566,ptg000010l,1188010,1195825,+,7816
lncRNA_19567,ptg000010l,1188096,1195825,+,7730
lncRNA_19568,ptg000010l,1188267,1194954,+,6688
lncRNA_19569,ptg000010l,1215430,1226196,+,10767
lncRNA_19575,ptg000010l,1365707,1373258,+,7552
lncRNA_19576,ptg000010l,1365892,1373258,+,7367
lncRNA_19577,ptg000010l,1423967,1426120,+,2154
lncRNA_19578,ptg000010l,1432383,1444606,+,12224
lncRNA_19580,ptg000010l,1485121,1487888,+,2768
lncRNA_19584,ptg000010l,1529286,1531815,+,2530
lncRNA_19586,ptg000010l,1703812,1704324,+,513
lncRNA_19589,ptg000010l,1856096,1856678,+,583
lncRNA_19590,ptg000010l,2072239,2077611,+,5373
lncRNA_19591,ptg000010l,2186164,2188346,+,2183
lncRNA_19592,ptg000010l,2186353,2187108,+,756
lncRNA_19594,ptg000010l,2287982,2291090,+,3109
lncRNA_19599,ptg000010l,169288,173773,+,4486
lncRNA_19600,ptg000010l,194640,195614,+,975
lncRNA_19601,ptg000010l,196391,202430,+,6040
lncRNA_19602,ptg000010l,197257,202430,+,5174
lncRNA_19603,ptg000010l,215579,216341,+,763
lncRNA_19605,ptg000010l,243881,244780,+,900
lncRNA_19606,ptg000010l,254950,256082,+,1133
lncRNA_19607,ptg000010l,255231,256082,+,852
lncRNA_19608,ptg000010l,327239,336797,+,9559
lncRNA_19609,ptg000010l,490125,507811,+,17687
lncRNA_19610,ptg000010l,499331,517313,+,17983
lncRNA_19611,ptg000010l,504300,522078,+,17779
lncRNA_19612,ptg000010l,505128,508591,+,3464
lncRNA_19614,ptg000010l,520850,535735,+,14886
lncRNA_19617,ptg000010l,883509,885118,+,1610
lncRNA_19618,ptg000010l,884667,885118,+,452
lncRNA_19620,ptg000010l,1041612,1043249,+,1638
lncRNA_19621,ptg000010l,1051104,1051956,+,853
lncRNA_19622,ptg000010l,1058233,1062177,+,3945
lncRNA_19633,ptg000010l,1334818,1335277,+,460
lncRNA_19635,ptg000010l,1460750,1465193,+,4444
lncRNA_19636,ptg000010l,1461346,1463989,+,2644
lncRNA_19637,ptg000010l,1462041,1465193,+,3153
lncRNA_19638,ptg000010l,1477126,1482813,+,5688
lncRNA_19639,ptg000010l,1477627,1482813,+,5187
lncRNA_19640,ptg000010l,1477630,1482813,+,5184
lncRNA_19641,ptg000010l,1503811,1508516,+,4706
lncRNA_19642,ptg000010l,1504340,1507506,+,3167
lncRNA_19643,ptg000010l,1612207,1614532,+,2326
lncRNA_19644,ptg000010l,1612350,1613261,+,912
lncRNA_19645,ptg000010l,1750359,1753318,+,2960
lncRNA_19647,ptg000010l,1805561,1806854,+,1294
lncRNA_19649,ptg000010l,1869065,1871174,+,2110
lncRNA_19650,ptg000010l,1922470,1923395,+,926
lncRNA_19651,ptg000010l,2055546,2060164,+,4619
lncRNA_19652,ptg000010l,2087315,2095373,+,8059
lncRNA_19653,ptg000010l,2223856,2228297,+,4442
lncRNA_19654,ptg000010l,2229466,2232815,+,3350
lncRNA_19656,ptg000010l,2233012,2235031,+,2020
lncRNA_19658,ptg000010l,2239879,2241491,+,1613
lncRNA_19659,ptg000010l,2274347,2275392,+,1046
lncRNA_19668,ptg000010l,2407525,2413125,+,5601
lncRNA_19669,ptg000010l,2411234,2418386,+,7153
lncRNA_19675,ptg000010l,265746,266109,+,364
lncRNA_19729,ptg000011l,61929,69996,+,8068
lncRNA_19731,ptg000011l,79199,83097,+,3899
lncRNA_19732,ptg000011l,79199,85534,+,6336
lncRNA_19733,ptg000011l,79204,83097,+,3894
lncRNA_19734,ptg000011l,79251,82472,+,3222
lncRNA_19735,ptg000011l,79289,83097,+,3809
lncRNA_19736,ptg000011l,79305,81682,+,2378
lncRNA_19737,ptg000011l,79306,80464,+,1159
lncRNA_19738,ptg000011l,152566,161350,+,8785
lncRNA_19739,ptg000011l,153036,161350,+,8315
lncRNA_19740,ptg000011l,162079,167735,+,5657
lncRNA_19742,ptg000011l,167736,174015,+,6280
lncRNA_19745,ptg000011l,206229,207764,+,1536
lncRNA_19746,ptg000011l,260023,262143,+,2121
lncRNA_19748,ptg000011l,299424,315723,+,16300
lncRNA_19749,ptg000011l,299437,315723,+,16287
lncRNA_19751,ptg000011l,357506,360799,+,3294
lncRNA_19753,ptg000011l,391807,393747,+,1941
lncRNA_19754,ptg000011l,465855,468064,+,2210
lncRNA_19755,ptg000011l,469653,472312,+,2660
lncRNA_19756,ptg000011l,493090,497937,+,4848
lncRNA_19757,ptg000011l,724886,729727,+,4842
lncRNA_19758,ptg000011l,724893,728467,+,3575
lncRNA_19759,ptg000011l,790333,792533,+,2201
lncRNA_19760,ptg000011l,790382,792533,+,2152
lncRNA_19762,ptg000011l,1050108,1053133,+,3026
lncRNA_19764,ptg000011l,1194620,1195228,+,609
lncRNA_19765,ptg000011l,1222288,1223876,+,1589
lncRNA_19766,ptg000011l,1306443,1307415,+,973
lncRNA_19769,ptg000011l,1375103,1404211,+,29109
lncRNA_19770,ptg000011l,1388209,1389144,+,936
lncRNA_19771,ptg000011l,1400228,1404211,+,3984
lncRNA_19772,ptg000011l,1400397,1407718,+,7322
lncRNA_19773,ptg000011l,1401480,1404211,+,2732
lncRNA_19774,ptg000011l,1531066,1533451,+,2386
lncRNA_19775,ptg000011l,1531326,1533451,+,2126
lncRNA_19776,ptg000011l,1560483,1561425,+,943
lncRNA_19777,ptg000011l,1560918,1561945,+,1028
lncRNA_19778,ptg000011l,1562533,1564920,+,2388
lncRNA_19779,ptg000011l,1604056,1608992,+,4937
lncRNA_19780,ptg000011l,1771027,1775628,+,4602
lncRNA_19781,ptg000011l,1848390,1851236,+,2847
lncRNA_19782,ptg000011l,1850721,1851236,+,516
lncRNA_19783,ptg000011l,1912251,1914552,+,2302
lncRNA_19784,ptg000011l,1934020,1943163,+,9144
lncRNA_19785,ptg000011l,1934910,1941512,+,6603
lncRNA_19786,ptg000011l,1938746,1941214,+,2469
lncRNA_19787,ptg000011l,1938910,1941214,+,2305
lncRNA_19788,ptg000011l,2016263,2017156,+,894
lncRNA_19789,ptg000011l,2016336,2017156,+,821
lncRNA_19791,ptg000011l,2183303,2184394,+,1092
lncRNA_19792,ptg000011l,2191126,2196619,+,5494
lncRNA_19793,ptg000011l,2192304,2220214,+,27911
lncRNA_19794,ptg000011l,2205138,2220214,+,15077
lncRNA_19795,ptg000011l,2206524,2220214,+,13691
lncRNA_19796,ptg000011l,2220703,2228668,+,7966
lncRNA_19797,ptg000011l,2224559,2228668,+,4110
lncRNA_19798,ptg000011l,2313615,2314301,+,687
lncRNA_19799,ptg000011l,2316362,2322548,+,6187
lncRNA_19801,ptg000011l,2419643,2421594,+,1952
lncRNA_19802,ptg000011l,2431145,2432261,+,1117
lncRNA_19803,ptg000011l,2458555,2460303,+,1749
lncRNA_19804,ptg000011l,2488580,2495053,+,6474
lncRNA_19806,ptg000011l,2532652,2534229,+,1578
lncRNA_19807,ptg000011l,2648878,2649238,+,361
lncRNA_19810,ptg000011l,2913087,2922813,+,9727
lncRNA_19811,ptg000011l,2913221,2922813,+,9593
lncRNA_19812,ptg000011l,2916333,2922813,+,6481
lncRNA_19814,ptg000011l,3022111,3023450,+,1340
lncRNA_19816,ptg000011l,3094715,3095547,+,833
lncRNA_19817,ptg000011l,3094746,3095475,+,730
lncRNA_19819,ptg000011l,3117118,3128638,+,11521
lncRNA_19821,ptg000011l,3117140,3128704,+,11565
lncRNA_19823,ptg000011l,3233755,3234611,+,857
lncRNA_19826,ptg000011l,3316815,3321084,+,4270
lncRNA_19827,ptg000011l,3317477,3321084,+,3608
lncRNA_19828,ptg000011l,3318098,3321084,+,2987
lncRNA_19829,ptg000011l,3332868,3342545,+,9678
lncRNA_19830,ptg000011l,3334586,3351191,+,16606
lncRNA_19832,ptg000011l,3334946,3351191,+,16246
lncRNA_19833,ptg000011l,3343453,3351191,+,7739
lncRNA_19834,ptg000011l,3410369,3411038,+,670
lncRNA_19835,ptg000011l,3427379,3428260,+,882
lncRNA_19838,ptg000011l,3498111,3499031,+,921
lncRNA_19839,ptg000011l,3528787,3532923,+,4137
lncRNA_19840,ptg000011l,3679363,3681192,+,1830
lncRNA_19848,ptg000011l,4189457,4199678,+,10222
lncRNA_19849,ptg000011l,4190067,4199466,+,9400
lncRNA_19850,ptg000011l,4190362,4199184,+,8823
lncRNA_19851,ptg000011l,4227046,4234034,+,6989
lncRNA_19854,ptg000011l,4347731,4348384,+,654
lncRNA_19858,ptg000011l,4639033,4639923,+,891
lncRNA_19859,ptg000011l,4699649,4719888,+,20240
lncRNA_19860,ptg000011l,4696147,4716577,+,20431
lncRNA_19861,ptg000011l,4773650,4826646,+,52997
lncRNA_19862,ptg000011l,5107386,5108936,+,1551
lncRNA_19863,ptg000011l,5148458,5193411,+,44954
lncRNA_19864,ptg000011l,5376663,5387454,+,10792
lncRNA_19865,ptg000011l,5376947,5387454,+,10508
lncRNA_19867,ptg000011l,5376963,5387454,+,10492
lncRNA_19868,ptg000011l,5379218,5387454,+,8237
lncRNA_19870,ptg000011l,5498462,5504670,+,6209
lncRNA_19871,ptg000011l,5498509,5504670,+,6162
lncRNA_19872,ptg000011l,5498585,5504670,+,6086
lncRNA_19873,ptg000011l,5563142,5565249,+,2108
lncRNA_19879,ptg000011l,5748061,5754045,+,5985
lncRNA_19880,ptg000011l,5748074,5754045,+,5972
lncRNA_19881,ptg000011l,5938866,5943706,+,4841
lncRNA_19882,ptg000011l,5938870,5946948,+,8079
lncRNA_19883,ptg000011l,5938907,5949285,+,10379
lncRNA_19886,ptg000011l,6012545,6017548,+,5004
lncRNA_19893,ptg000011l,6206302,6208013,+,1712
lncRNA_19894,ptg000011l,6228641,6230576,+,1936
lncRNA_19898,ptg000011l,6348145,6369400,+,21256
lncRNA_19899,ptg000011l,6348331,6368811,+,20481
lncRNA_19900,ptg000011l,6348331,6369400,+,21070
lncRNA_19901,ptg000011l,6348362,6350093,+,1732
lncRNA_19902,ptg000011l,6374174,6382732,+,8559
lncRNA_19903,ptg000011l,6380332,6382732,+,2401
lncRNA_19909,ptg000011l,6511059,6515997,+,4939
lncRNA_19910,ptg000011l,6511224,6513402,+,2179
lncRNA_19911,ptg000011l,6511253,6518311,+,7059
lncRNA_19912,ptg000011l,6511262,6513402,+,2141
lncRNA_19913,ptg000011l,6511264,6514648,+,3385
lncRNA_19914,ptg000011l,6567466,6569847,+,2382
lncRNA_19919,ptg000011l,6675317,6680007,+,4691
lncRNA_19920,ptg000011l,6803082,6806175,+,3094
lncRNA_19921,ptg000011l,6803782,6806175,+,2394
lncRNA_19926,ptg000011l,7009475,7017173,+,7699
lncRNA_19930,ptg000011l,7282923,7297663,+,14741
lncRNA_19932,ptg000011l,7291434,7305009,+,13576
lncRNA_19933,ptg000011l,7291473,7299034,+,7562
lncRNA_19934,ptg000011l,7291811,7305009,+,13199
lncRNA_19935,ptg000011l,7299308,7305971,+,6664
lncRNA_19936,ptg000011l,7314311,7319010,+,4700
lncRNA_19939,ptg000011l,7357141,7360466,+,3326
lncRNA_19940,ptg000011l,7357397,7360466,+,3070
lncRNA_19942,ptg000011l,7485568,7487681,+,2114
lncRNA_19943,ptg000011l,7485571,7488029,+,2459
lncRNA_19944,ptg000011l,7485573,7486865,+,1293
lncRNA_19945,ptg000011l,7645558,7648273,+,2716
lncRNA_19946,ptg000011l,7683269,7685604,+,2336
lncRNA_19947,ptg000011l,7683353,7695546,+,12194
lncRNA_19948,ptg000011l,7683357,7684149,+,793
lncRNA_19949,ptg000011l,7683357,7697518,+,14162
lncRNA_19950,ptg000011l,7685986,7695772,+,9787
lncRNA_19951,ptg000011l,8023932,8027106,+,3175
lncRNA_19952,ptg000011l,8024855,8027834,+,2980
lncRNA_19957,ptg000011l,8243494,8256580,+,13087
lncRNA_19961,ptg000011l,8461053,8473547,+,12495
lncRNA_19962,ptg000011l,8486095,8497860,+,11766
lncRNA_19964,ptg000011l,8585404,8587575,+,2172
lncRNA_19966,ptg000011l,8589247,8591010,+,1764
lncRNA_19967,ptg000011l,8589352,8591010,+,1659
lncRNA_19968,ptg000011l,8589405,8591010,+,1606
lncRNA_19969,ptg000011l,8589458,8591010,+,1553
lncRNA_19972,ptg000011l,8840960,8842165,+,1206
lncRNA_19973,ptg000011l,8841610,8843339,+,1730
lncRNA_19976,ptg000011l,8860483,8863246,+,2764
lncRNA_19977,ptg000011l,8860504,8863246,+,2743
lncRNA_19980,ptg000011l,8860517,8863246,+,2730
lncRNA_19983,ptg000011l,8866945,8871050,+,4106
lncRNA_19984,ptg000011l,8966461,8967886,+,1426
lncRNA_19985,ptg000011l,8966598,8971776,+,5179
lncRNA_19986,ptg000011l,9109423,9112181,+,2759
lncRNA_19990,ptg000011l,9465185,9467890,+,2706
lncRNA_19992,ptg000011l,9657026,9683203,+,26178
lncRNA_19993,ptg000011l,9659874,9667684,+,7811
lncRNA_19994,ptg000011l,9664887,9681654,+,16768
lncRNA_19995,ptg000011l,9681387,9683203,+,1817
lncRNA_19996,ptg000011l,9681444,9683203,+,1760
lncRNA_19997,ptg000011l,9681655,9683203,+,1549
lncRNA_19998,ptg000011l,9775707,9777852,+,2146
lncRNA_20000,ptg000011l,9863942,9888398,+,24457
lncRNA_20007,ptg000011l,9901734,9924783,+,23050
lncRNA_20008,ptg000011l,9901886,9924783,+,22898
lncRNA_20009,ptg000011l,9916110,9924783,+,8674
lncRNA_20010,ptg000011l,9918406,9924783,+,6378
lncRNA_20011,ptg000011l,9929183,9945289,+,16107
lncRNA_20012,ptg000011l,9935538,9939564,+,4027
lncRNA_20013,ptg000011l,9943881,9945289,+,1409
lncRNA_20015,ptg000011l,10099694,10103628,+,3935
lncRNA_20016,ptg000011l,10099746,10103628,+,3883
lncRNA_20018,ptg000011l,10183187,10192852,+,9666
lncRNA_20024,ptg000011l,10601615,10612313,+,10699
lncRNA_20025,ptg000011l,10602578,10612313,+,9736
lncRNA_20031,ptg000011l,10897799,10900804,+,3006
lncRNA_20033,ptg000011l,11012739,11021011,+,8273
lncRNA_20043,ptg000011l,11360603,11362867,+,2265
lncRNA_20044,ptg000011l,11360683,11362867,+,2185
lncRNA_20054,ptg000011l,11502720,11511648,+,8929
lncRNA_20064,ptg000011l,11715849,11721197,+,5349
lncRNA_20065,ptg000011l,11716326,11718133,+,1808
lncRNA_20080,ptg000011l,12721238,12723938,+,2701
lncRNA_20086,ptg000011l,13268513,13274236,+,5724
lncRNA_20088,ptg000011l,13271098,13274236,+,3139
lncRNA_20099,ptg000011l,81582,84783,+,3202
lncRNA_20100,ptg000011l,84784,86586,+,1803
lncRNA_20101,ptg000011l,101578,102958,+,1381
lncRNA_20102,ptg000011l,114768,116773,+,2006
lncRNA_20104,ptg000011l,167479,174015,+,6537
lncRNA_20107,ptg000011l,323983,324606,+,624
lncRNA_20108,ptg000011l,328085,332334,+,4250
lncRNA_20109,ptg000011l,426843,427733,+,891
lncRNA_20110,ptg000011l,452403,454879,+,2477
lncRNA_20119,ptg000011l,737129,737932,+,804
lncRNA_20120,ptg000011l,774095,776821,+,2727
lncRNA_20121,ptg000011l,775425,776821,+,1397
lncRNA_20122,ptg000011l,810337,810663,+,327
lncRNA_20123,ptg000011l,830919,850528,+,19610
lncRNA_20124,ptg000011l,833431,855229,+,21799
lncRNA_20125,ptg000011l,833839,855461,+,21623
lncRNA_20126,ptg000011l,834356,856818,+,22463
lncRNA_20127,ptg000011l,834604,837831,+,3228
lncRNA_20128,ptg000011l,836445,845630,+,9186
lncRNA_20130,ptg000011l,814276,818949,+,4674
lncRNA_20131,ptg000011l,859842,861696,+,1855
lncRNA_20134,ptg000011l,1050108,1053340,+,3233
lncRNA_20138,ptg000011l,1409658,1411673,+,2016
lncRNA_20139,ptg000011l,1410760,1411673,+,914
lncRNA_20140,ptg000011l,1442188,1444047,+,1860
lncRNA_20141,ptg000011l,1473726,1476330,+,2605
lncRNA_20142,ptg000011l,1474327,1488709,+,14383
lncRNA_20143,ptg000011l,1486512,1488709,+,2198
lncRNA_20144,ptg000011l,1554031,1554634,+,604
lncRNA_20145,ptg000011l,1554099,1554634,+,536
lncRNA_20146,ptg000011l,1587688,1588379,+,692
lncRNA_20147,ptg000011l,1588943,1594734,+,5792
lncRNA_20148,ptg000011l,1589276,1594734,+,5459
lncRNA_20149,ptg000011l,1589283,1594734,+,5452
lncRNA_20150,ptg000011l,1756153,1759160,+,3008
lncRNA_20151,ptg000011l,1756179,1759160,+,2982
lncRNA_20152,ptg000011l,1756513,1759160,+,2648
lncRNA_20153,ptg000011l,1756524,1759160,+,2637
lncRNA_20154,ptg000011l,1756664,1759160,+,2497
lncRNA_20155,ptg000011l,1756706,1758299,+,1594
lncRNA_20156,ptg000011l,1773127,1774777,+,1651
lncRNA_20157,ptg000011l,1899726,1901441,+,1716
lncRNA_20159,ptg000011l,2406778,2408562,+,1785
lncRNA_20160,ptg000011l,2424177,2429191,+,5015
lncRNA_20162,ptg000011l,2510158,2511566,+,1409
lncRNA_20163,ptg000011l,2522038,2523671,+,1634
lncRNA_20164,ptg000011l,2559552,2561266,+,1715
lncRNA_20166,ptg000011l,2641142,2641901,+,760
lncRNA_20167,ptg000011l,2657561,2660402,+,2842
lncRNA_20168,ptg000011l,2657573,2660402,+,2830
lncRNA_20169,ptg000011l,2710689,2712197,+,1509
lncRNA_20173,ptg000011l,3024325,3025497,+,1173
lncRNA_20174,ptg000011l,3095143,3097530,+,2388
lncRNA_20175,ptg000011l,3095556,3097530,+,1975
lncRNA_20178,ptg000011l,3115639,3121810,+,6172
lncRNA_20179,ptg000011l,3138257,3146859,+,8603
lncRNA_20180,ptg000011l,3138346,3146636,+,8291
lncRNA_20181,ptg000011l,3160104,3160737,+,634
lncRNA_20183,ptg000011l,3191655,3197324,+,5670
lncRNA_20184,ptg000011l,3258128,3259550,+,1423
lncRNA_20185,ptg000011l,3343304,3351191,+,7888
lncRNA_20186,ptg000011l,3343985,3344505,+,521
lncRNA_20187,ptg000011l,3498886,3502245,+,3360
lncRNA_20188,ptg000011l,3501386,3502245,+,860
lncRNA_20193,ptg000011l,3713921,3716526,+,2606
lncRNA_20194,ptg000011l,3819594,3820843,+,1250
lncRNA_20195,ptg000011l,3820235,3820843,+,609
lncRNA_20196,ptg000011l,3821528,3825237,+,3710
lncRNA_20197,ptg000011l,3858616,3862974,+,4359
lncRNA_20198,ptg000011l,3858669,3860903,+,2235
lncRNA_20199,ptg000011l,3858726,3860180,+,1455
lncRNA_20200,ptg000011l,3858726,3866122,+,7397
lncRNA_20201,ptg000011l,3863500,3866122,+,2623
lncRNA_20202,ptg000011l,3863754,3866122,+,2369
lncRNA_20203,ptg000011l,3893897,3897229,+,3333
lncRNA_20208,ptg000011l,3874965,3892861,+,17897
lncRNA_20214,ptg000011l,3904485,3906194,+,1710
lncRNA_20215,ptg000011l,4152614,4157224,+,4611
lncRNA_20216,ptg000011l,4180701,4182711,+,2011
lncRNA_20217,ptg000011l,4180869,4186630,+,5762
lncRNA_20218,ptg000011l,4180884,4182711,+,1828
lncRNA_20219,ptg000011l,4181754,4182711,+,958
lncRNA_20222,ptg000011l,4194985,4196105,+,1121
lncRNA_20227,ptg000011l,4236332,4237673,+,1342
lncRNA_20228,ptg000011l,4237801,4240696,+,2896
lncRNA_20229,ptg000011l,4348391,4351681,+,3291
lncRNA_20233,ptg000011l,4530259,4531111,+,853
lncRNA_20234,ptg000011l,4531946,4533904,+,1959
lncRNA_20235,ptg000011l,4590166,4591069,+,904
lncRNA_20236,ptg000011l,4640119,4642173,+,2055
lncRNA_20239,ptg000011l,4700721,4722742,+,22022
lncRNA_20241,ptg000011l,4702979,4723924,+,20946
lncRNA_20242,ptg000011l,4745045,4745955,+,911
lncRNA_20243,ptg000011l,4773691,4801976,+,28286
lncRNA_20244,ptg000011l,4774694,4800220,+,25527
lncRNA_20245,ptg000011l,4776170,4802349,+,26180
lncRNA_20248,ptg000011l,4366361,4368646,+,2286
lncRNA_20249,ptg000011l,4367351,4368646,+,1296
lncRNA_20253,ptg000011l,4430405,4433752,+,3348
lncRNA_20257,ptg000011l,4645227,4646328,+,1102
lncRNA_20260,ptg000011l,4791868,4822657,+,30790
lncRNA_20261,ptg000011l,4790891,4818072,+,27182
lncRNA_20264,ptg000011l,4985534,4997811,+,12278
lncRNA_20266,ptg000011l,5186930,5188787,+,1858
lncRNA_20269,ptg000011l,5263932,5264412,+,481
lncRNA_20270,ptg000011l,5339391,5341133,+,1743
lncRNA_20271,ptg000011l,5339735,5341133,+,1399
lncRNA_20274,ptg000011l,5391110,5392333,+,1224
lncRNA_20275,ptg000011l,5498462,5503716,+,5255
lncRNA_20276,ptg000011l,5498462,5513799,+,15338
lncRNA_20277,ptg000011l,5498615,5513799,+,15185
lncRNA_20278,ptg000011l,5498621,5510864,+,12244
lncRNA_20279,ptg000011l,5498621,5513799,+,15179
lncRNA_20280,ptg000011l,5498654,5513799,+,15146
lncRNA_20281,ptg000011l,5499035,5510864,+,11830
lncRNA_20283,ptg000011l,5702010,5704680,+,2671
lncRNA_20300,ptg000011l,5935836,5963608,+,27773
lncRNA_20301,ptg000011l,5936368,5963608,+,27241
lncRNA_20302,ptg000011l,5937297,5938851,+,1555
lncRNA_20303,ptg000011l,5938860,5944321,+,5462
lncRNA_20304,ptg000011l,5955642,5963608,+,7967
lncRNA_20305,ptg000011l,5970253,5971247,+,995
lncRNA_20313,ptg000011l,6082086,6109354,+,27269
lncRNA_20319,ptg000011l,6082128,6109354,+,27227
lncRNA_20327,ptg000011l,6082289,6109354,+,27066
lncRNA_20331,ptg000011l,6083276,6109354,+,26079
lncRNA_20354,ptg000011l,6175549,6179570,+,4022
lncRNA_20359,ptg000011l,6183419,6198337,+,14919
lncRNA_20360,ptg000011l,6206068,6210664,+,4597
lncRNA_20361,ptg000011l,6206214,6209597,+,3384
lncRNA_20364,ptg000011l,6229860,6256186,+,26327
lncRNA_20374,ptg000011l,6351500,6354459,+,2960
lncRNA_20378,ptg000011l,6507941,6511039,+,3099
lncRNA_20379,ptg000011l,6508008,6520169,+,12162
lncRNA_20380,ptg000011l,6508336,6514648,+,6313
lncRNA_20384,ptg000011l,6559638,6562369,+,2732
lncRNA_20385,ptg000011l,6567825,6571103,+,3279
lncRNA_20386,ptg000011l,6681459,6687154,+,5696
lncRNA_20387,ptg000011l,6684908,6687154,+,2247
lncRNA_20388,ptg000011l,6694501,6702435,+,7935
lncRNA_20392,ptg000011l,6803096,6805618,+,2523
lncRNA_20393,ptg000011l,6870890,6877153,+,6264
lncRNA_20394,ptg000011l,6879145,6880484,+,1340
lncRNA_20395,ptg000011l,6879602,6880484,+,883
lncRNA_20396,ptg000011l,6888402,6890916,+,2515
lncRNA_20397,ptg000011l,6888815,6890916,+,2102
lncRNA_20398,ptg000011l,6889582,6890916,+,1335
lncRNA_20400,ptg000011l,7122812,7156861,+,34050
lncRNA_20402,ptg000011l,7283349,7299075,+,15727
lncRNA_20403,ptg000011l,7291443,7305349,+,13907
lncRNA_20408,ptg000011l,7422919,7435317,+,12399
lncRNA_20409,ptg000011l,7460397,7463983,+,3587
lncRNA_20410,ptg000011l,7460526,7465193,+,4668
lncRNA_20411,ptg000011l,7460959,7464407,+,3449
lncRNA_20412,ptg000011l,7461923,7465193,+,3271
lncRNA_20413,ptg000011l,7463229,7463983,+,755
lncRNA_20414,ptg000011l,7476369,7479268,+,2900
lncRNA_20415,ptg000011l,7520880,7523214,+,2335
lncRNA_20416,ptg000011l,7521972,7523214,+,1243
lncRNA_20417,ptg000011l,7536688,7543755,+,7068
lncRNA_20418,ptg000011l,7626017,7634447,+,8431
lncRNA_20420,ptg000011l,7643159,7646903,+,3745
lncRNA_20425,ptg000011l,8252425,8256661,+,4237
lncRNA_20426,ptg000011l,8253758,8256661,+,2904
lncRNA_20427,ptg000011l,8253872,8256661,+,2790
lncRNA_20428,ptg000011l,8265055,8265641,+,587
lncRNA_20432,ptg000011l,8546296,8550940,+,4645
lncRNA_20433,ptg000011l,8547163,8551836,+,4674
lncRNA_20436,ptg000011l,8646863,8649615,+,2753
lncRNA_20437,ptg000011l,8876756,8880292,+,3537
lncRNA_20439,ptg000011l,8923608,8926867,+,3260
lncRNA_20440,ptg000011l,8923828,8925365,+,1538
lncRNA_20447,ptg000011l,9471888,9474955,+,3068
lncRNA_20451,ptg000011l,8840727,8846805,+,6079
lncRNA_20452,ptg000011l,8840982,8846805,+,5824
lncRNA_20453,ptg000011l,8841744,8843588,+,1845
lncRNA_20454,ptg000011l,8841770,8846805,+,5036
lncRNA_20455,ptg000011l,8841805,8845502,+,3698
lncRNA_20456,ptg000011l,8841827,8846239,+,4413
lncRNA_20457,ptg000011l,8841832,8845244,+,3413
lncRNA_20458,ptg000011l,8841835,8845244,+,3410
lncRNA_20459,ptg000011l,8842212,8845244,+,3033
lncRNA_20462,ptg000011l,8852221,8854438,+,2218
lncRNA_20464,ptg000011l,8898487,8901198,+,2712
lncRNA_20465,ptg000011l,8917340,8918940,+,1601
lncRNA_20469,ptg000011l,9059376,9061868,+,2493
lncRNA_20471,ptg000011l,9542239,9556181,+,13943
lncRNA_20472,ptg000011l,9595274,9597022,+,1749
lncRNA_20475,ptg000011l,9667340,9671858,+,4519
lncRNA_20476,ptg000011l,9679237,9685000,+,5764
lncRNA_20477,ptg000011l,9679621,9685000,+,5380
lncRNA_20479,ptg000011l,9838099,9851704,+,13606
lncRNA_20480,ptg000011l,9859943,9862390,+,2448
lncRNA_20481,ptg000011l,9860392,9862334,+,1943
lncRNA_20482,ptg000011l,9860576,9862856,+,2281
lncRNA_20483,ptg000011l,9863012,9887530,+,24519
lncRNA_20484,ptg000011l,10106711,10108609,+,1899
lncRNA_20486,ptg000011l,10156646,10178633,+,21988
lncRNA_20490,ptg000011l,10316588,10318616,+,2029
lncRNA_20492,ptg000011l,10344579,10346863,+,2285
lncRNA_20494,ptg000011l,10607247,10617395,+,10149
lncRNA_20495,ptg000011l,10608252,10617395,+,9144
lncRNA_20496,ptg000011l,10608947,10618488,+,9542
lncRNA_20499,ptg000011l,10708765,10713294,+,4530
lncRNA_20506,ptg000011l,10922293,10926155,+,3863
lncRNA_20524,ptg000011l,11568162,11579192,+,11031
lncRNA_20526,ptg000011l,11633853,11650172,+,16320
lncRNA_20527,ptg000011l,11715279,11722335,+,7057
lncRNA_20531,ptg000011l,11939140,11949167,+,10028
lncRNA_20536,ptg000011l,12616599,12617623,+,1025
lncRNA_20538,ptg000011l,12722847,12726243,+,3397
lncRNA_20543,ptg000011l,13268969,13273972,+,5004
lncRNA_20544,ptg000011l,13321470,13331183,+,9714
lncRNA_20545,ptg000011l,13323605,13331183,+,7579
lncRNA_20546,ptg000011l,13323817,13331183,+,7367
lncRNA_20547,ptg000011l,13324499,13331183,+,6685
lncRNA_20548,ptg000011l,13417132,13419494,+,2363
lncRNA_20569,ptg000011l,474083,475336,+,1254
lncRNA_20579,ptg000011l,593073,594052,+,980
lncRNA_20586,ptg000011l,623630,625963,+,2334
lncRNA_20616,ptg000011l,989474,991165,+,1692
lncRNA_20633,ptg000011l,1792299,1795829,+,3531
lncRNA_20641,ptg000011l,1960537,1962057,+,1521
lncRNA_20649,ptg000011l,2123070,2123403,+,334
lncRNA_20655,ptg000011l,2272668,2275402,+,2735
lncRNA_20659,ptg000011l,2376008,2377228,+,1221
lncRNA_20680,ptg000011l,2498598,2500088,+,1491
lncRNA_20695,ptg000011l,2928131,2929453,+,1323
lncRNA_20705,ptg000011l,3313035,3314686,+,1652
lncRNA_20726,ptg000011l,4976504,4977377,+,874
lncRNA_20746,ptg000011l,5540436,5541539,+,1104
lncRNA_20757,ptg000011l,5920041,5924424,+,4384
lncRNA_20766,ptg000011l,6334439,6337103,+,2665
lncRNA_20798,ptg000011l,7788174,7790376,+,2203
lncRNA_20800,ptg000011l,7801483,7801735,+,253
lncRNA_20823,ptg000011l,8586163,8587195,+,1033
lncRNA_20863,ptg000011l,9948418,9950916,+,2499
lncRNA_20864,ptg000011l,10012342,10012982,+,641
lncRNA_20888,ptg000011l,10360521,10362013,+,1493
lncRNA_20894,ptg000011l,10372605,10373802,+,1198
lncRNA_20897,ptg000011l,10623892,10625070,+,1179
lncRNA_20898,ptg000011l,10626302,10628526,+,2225
lncRNA_20903,ptg000011l,10653475,10654997,+,1523
lncRNA_20917,ptg000011l,10854509,10856209,+,1701
lncRNA_20926,ptg000011l,11051367,11052315,+,949
lncRNA_20937,ptg000011l,11145524,11147214,+,1691
lncRNA_20950,ptg000011l,11198160,11199339,+,1180
lncRNA_21033,ptg000011l,12552810,12554096,+,1287
lncRNA_21034,ptg000011l,12564015,12564919,+,905
lncRNA_21038,ptg000011l,12607767,12609509,+,1743
lncRNA_21113,ptg000011l,13572633,13573985,+,1353
lncRNA_21126,ptg000011l,13710279,13712369,+,2091
lncRNA_21136,ptg000012l,100962,103693,+,2732
lncRNA_21137,ptg000012l,101044,103693,+,2650
lncRNA_21140,ptg000012l,302836,304649,+,1814
lncRNA_21141,ptg000012l,307393,309560,+,2168
lncRNA_21142,ptg000012l,308222,309264,+,1043
lncRNA_21143,ptg000012l,308319,309560,+,1242
lncRNA_21144,ptg000012l,308332,309560,+,1229
lncRNA_21145,ptg000012l,308383,309560,+,1178
lncRNA_21146,ptg000012l,389563,396612,+,7050
lncRNA_21147,ptg000012l,518754,519527,+,774
lncRNA_21148,ptg000012l,521120,522028,+,909
lncRNA_21149,ptg000012l,527896,531055,+,3160
lncRNA_21150,ptg000012l,528445,531055,+,2611
lncRNA_21151,ptg000012l,545111,546561,+,1451
lncRNA_21154,ptg000012l,554131,566509,+,12379
lncRNA_21155,ptg000012l,607912,611086,+,3175
lncRNA_21157,ptg000012l,601319,602044,+,726
lncRNA_21158,ptg000012l,650130,657938,+,7809
lncRNA_21159,ptg000012l,669073,674750,+,5678
lncRNA_21160,ptg000012l,709372,719392,+,10021
lncRNA_21161,ptg000012l,711198,719392,+,8195
lncRNA_21162,ptg000012l,801443,803523,+,2081
lncRNA_21163,ptg000012l,801578,803523,+,1946
lncRNA_21169,ptg000012l,805363,822485,+,17123
lncRNA_21170,ptg000012l,805422,810600,+,5179
lncRNA_21174,ptg000012l,1019446,1020088,+,643
lncRNA_21175,ptg000012l,1072316,1074370,+,2055
lncRNA_21176,ptg000012l,1252344,1253008,+,665
lncRNA_21178,ptg000012l,1315474,1327683,+,12210
lncRNA_21180,ptg000012l,1315491,1321434,+,5944
lncRNA_21181,ptg000012l,1320162,1321434,+,1273
lncRNA_21186,ptg000012l,1334942,1341906,+,6965
lncRNA_21187,ptg000012l,1343758,1344537,+,780
lncRNA_21188,ptg000012l,1408518,1416215,+,7698
lncRNA_21189,ptg000012l,1416233,1427156,+,10924
lncRNA_21190,ptg000012l,1436681,1443024,+,6344
lncRNA_21192,ptg000012l,1519845,1528906,+,9062
lncRNA_21196,ptg000012l,1592988,1593558,+,571
lncRNA_21197,ptg000012l,1620630,1621605,+,976
lncRNA_21203,ptg000012l,1778656,1785970,+,7315
lncRNA_21204,ptg000012l,1798565,1812605,+,14041
lncRNA_21205,ptg000012l,1805001,1821149,+,16149
lncRNA_21206,ptg000012l,1814423,1821149,+,6727
lncRNA_21207,ptg000012l,1814437,1821149,+,6713
lncRNA_21208,ptg000012l,1814719,1821149,+,6431
lncRNA_21209,ptg000012l,1816904,1820140,+,3237
lncRNA_21210,ptg000012l,1853309,1854885,+,1577
lncRNA_21211,ptg000012l,1862600,1866168,+,3569
lncRNA_21212,ptg000012l,1914913,1915822,+,910
lncRNA_21213,ptg000012l,1915063,1916856,+,1794
lncRNA_21214,ptg000012l,1921445,1925329,+,3885
lncRNA_21215,ptg000012l,1921454,1929185,+,7732
lncRNA_21217,ptg000012l,1999283,2000249,+,967
lncRNA_21218,ptg000012l,2009924,2010736,+,813
lncRNA_21219,ptg000012l,2147124,2147765,+,642
lncRNA_21220,ptg000012l,2204514,2205152,+,639
lncRNA_21221,ptg000012l,2320823,2353635,+,32813
lncRNA_21222,ptg000012l,2346469,2348168,+,1700
lncRNA_21223,ptg000012l,2467426,2475233,+,7808
lncRNA_21224,ptg000012l,2473820,2476094,+,2275
lncRNA_21226,ptg000012l,2488719,2489202,+,484
lncRNA_21230,ptg000012l,2604154,2606438,+,2285
lncRNA_21235,ptg000012l,2878084,2880495,+,2412
lncRNA_21236,ptg000012l,2878203,2879606,+,1404
lncRNA_21237,ptg000012l,2889446,2915477,+,26032
lncRNA_21238,ptg000012l,2915484,2916269,+,786
lncRNA_21239,ptg000012l,2934651,2949330,+,14680
lncRNA_21240,ptg000012l,2951664,2964115,+,12452
lncRNA_21241,ptg000012l,2973494,2979277,+,5784
lncRNA_21244,ptg000012l,3030502,3031306,+,805
lncRNA_21245,ptg000012l,3040984,3041511,+,528
lncRNA_21246,ptg000012l,3078654,3085546,+,6893
lncRNA_21247,ptg000012l,3251671,3253728,+,2058
lncRNA_21248,ptg000012l,3270045,3273778,+,3734
lncRNA_21249,ptg000012l,3335034,3348773,+,13740
lncRNA_21251,ptg000012l,3335039,3348773,+,13735
lncRNA_21252,ptg000012l,3335041,3348773,+,13733
lncRNA_21253,ptg000012l,3335048,3348773,+,13726
lncRNA_21254,ptg000012l,3335049,3348773,+,13725
lncRNA_21258,ptg000012l,3351188,3353491,+,2304
lncRNA_21259,ptg000012l,3351622,3354095,+,2474
lncRNA_21260,ptg000012l,3351652,3354095,+,2444
lncRNA_21261,ptg000012l,3352252,3353491,+,1240
lncRNA_21263,ptg000012l,3562201,3563263,+,1063
lncRNA_21266,ptg000012l,3696394,3699085,+,2692
lncRNA_21270,ptg000012l,3748140,3751102,+,2963
lncRNA_21271,ptg000012l,3748141,3752787,+,4647
lncRNA_21272,ptg000012l,3791886,3813302,+,21417
lncRNA_21273,ptg000012l,3796409,3810385,+,13977
lncRNA_21275,ptg000012l,3822394,3824639,+,2246
lncRNA_21279,ptg000012l,3892126,3912891,+,20766
lncRNA_21282,ptg000012l,3936240,3953682,+,17443
lncRNA_21283,ptg000012l,3956911,3960993,+,4083
lncRNA_21284,ptg000012l,3985040,3987841,+,2802
lncRNA_21285,ptg000012l,3994544,4021417,+,26874
lncRNA_21286,ptg000012l,4007736,4021417,+,13682
lncRNA_21287,ptg000012l,4019387,4033816,+,14430
lncRNA_21288,ptg000012l,4039118,4089881,+,50764
lncRNA_21289,ptg000012l,4041643,4091414,+,49772
lncRNA_21290,ptg000012l,4043126,4062566,+,19441
lncRNA_21291,ptg000012l,4060132,4093141,+,33010
lncRNA_21292,ptg000012l,4063703,4095969,+,32267
lncRNA_21293,ptg000012l,4077879,4112730,+,34852
lncRNA_21299,ptg000012l,4488356,4490484,+,2129
lncRNA_21300,ptg000012l,4488618,4490484,+,1867
lncRNA_21301,ptg000012l,4488762,4490484,+,1723
lncRNA_21302,ptg000012l,4504124,4510503,+,6380
lncRNA_21303,ptg000012l,4504160,4510503,+,6344
lncRNA_21307,ptg000012l,4689851,4691343,+,1493
lncRNA_21312,ptg000012l,4757819,4760260,+,2442
lncRNA_21313,ptg000012l,4760660,4762676,+,2017
lncRNA_21314,ptg000012l,4761456,4762676,+,1221
lncRNA_21316,ptg000012l,5007975,5023983,+,16009
lncRNA_21318,ptg000012l,5008281,5023983,+,15703
lncRNA_21319,ptg000012l,5008290,5023983,+,15694
lncRNA_21322,ptg000012l,5008291,5023983,+,15693
lncRNA_21325,ptg000012l,5012547,5023983,+,11437
lncRNA_21326,ptg000012l,5012557,5023983,+,11427
lncRNA_21327,ptg000012l,5013093,5023983,+,10891
lncRNA_21330,ptg000012l,5016476,5023983,+,7508
lncRNA_21332,ptg000012l,5017894,5023983,+,6090
lncRNA_21333,ptg000012l,5017902,5023983,+,6082
lncRNA_21335,ptg000012l,5238724,5248916,+,10193
lncRNA_21336,ptg000012l,5238917,5248916,+,10000
lncRNA_21337,ptg000012l,5238926,5248916,+,9991
lncRNA_21340,ptg000012l,5178635,5182372,+,3738
lncRNA_21341,ptg000012l,5208331,5214134,+,5804
lncRNA_21342,ptg000012l,5232608,5236233,+,3626
lncRNA_21343,ptg000012l,5232755,5236233,+,3479
lncRNA_21347,ptg000012l,5322647,5333259,+,10613
lncRNA_21349,ptg000012l,5544510,5546035,+,1526
lncRNA_21357,ptg000012l,5751077,5751936,+,860
lncRNA_21359,ptg000012l,5947358,5950174,+,2817
lncRNA_21361,ptg000012l,6173757,6175558,+,1802
lncRNA_21362,ptg000012l,6218256,6220283,+,2028
lncRNA_21366,ptg000012l,6505401,6531800,+,26400
lncRNA_21378,ptg000012l,6650320,6651861,+,1542
lncRNA_21379,ptg000012l,6650449,6651861,+,1413
lncRNA_21416,ptg000012l,6985472,6986245,+,774
lncRNA_21417,ptg000012l,6985498,6986245,+,748
lncRNA_21418,ptg000012l,7013388,7035849,+,22462
lncRNA_21420,ptg000012l,7180106,7180975,+,870
lncRNA_21421,ptg000012l,7205461,7206018,+,558
lncRNA_21422,ptg000012l,7461242,7462554,+,1313
lncRNA_21427,ptg000012l,7439047,7442723,+,3677
lncRNA_21430,ptg000012l,7519892,7534133,+,14242
lncRNA_21433,ptg000012l,7558646,7560525,+,1880
lncRNA_21434,ptg000012l,7558780,7560525,+,1746
lncRNA_21437,ptg000012l,7699602,7705660,+,6059
lncRNA_21438,ptg000012l,7699613,7704770,+,5158
lncRNA_21440,ptg000012l,7699613,7705660,+,6048
lncRNA_21441,ptg000012l,7701484,7704770,+,3287
lncRNA_21448,ptg000012l,8006839,8011301,+,4463
lncRNA_21449,ptg000012l,8006895,8011301,+,4407
lncRNA_21450,ptg000012l,8007732,8011301,+,3570
lncRNA_21454,ptg000012l,8171686,8206268,+,34583
lncRNA_21456,ptg000012l,8190370,8191938,+,1569
lncRNA_21457,ptg000012l,8227221,8238364,+,11144
lncRNA_21470,ptg000012l,8401184,8403063,+,1880
lncRNA_21471,ptg000012l,8401283,8403063,+,1781
lncRNA_21472,ptg000012l,8447825,8452279,+,4455
lncRNA_21473,ptg000012l,8455979,8456904,+,926
lncRNA_21474,ptg000012l,8470626,8479554,+,8929
lncRNA_21476,ptg000012l,8480135,8486438,+,6304
lncRNA_21486,ptg000012l,8682588,8703456,+,20869
lncRNA_21490,ptg000012l,8708261,8715857,+,7597
lncRNA_21491,ptg000012l,8709017,8710357,+,1341
lncRNA_21492,ptg000012l,8833504,8834302,+,799
lncRNA_21497,ptg000012l,8966397,8967422,+,1026
lncRNA_21499,ptg000012l,9014765,9015620,+,856
lncRNA_21500,ptg000012l,9075258,9076702,+,1445
lncRNA_21503,ptg000012l,9570720,9584101,+,13382
lncRNA_21504,ptg000012l,10177395,10180493,+,3099
lncRNA_21507,ptg000012l,9383726,9384729,+,1004
lncRNA_21508,ptg000012l,9425537,9429010,+,3474
lncRNA_21521,ptg000012l,10666461,10678905,+,12445
lncRNA_21523,ptg000012l,10722067,10722704,+,638
lncRNA_21524,ptg000012l,10935712,10936640,+,929
lncRNA_21528,ptg000012l,11560452,11561952,+,1501
lncRNA_21536,ptg000012l,12275778,12278823,+,3046
lncRNA_21546,ptg000012l,12517054,12523889,+,6836
lncRNA_21549,ptg000012l,12692049,12695015,+,2967
lncRNA_21551,ptg000012l,12692056,12695015,+,2960
lncRNA_21554,ptg000012l,12806088,12806713,+,626
lncRNA_21564,ptg000012l,13153939,13155324,+,1386
lncRNA_21565,ptg000012l,13154190,13155324,+,1135
lncRNA_21570,ptg000012l,13249658,13252368,+,2711
lncRNA_21584,ptg000012l,14094770,14097956,+,3187
lncRNA_21585,ptg000012l,14096200,14097956,+,1757
lncRNA_21586,ptg000012l,14174304,14175822,+,1519
lncRNA_21587,ptg000012l,14619060,14620815,+,1756
lncRNA_21593,ptg000012l,14995175,15001822,+,6648
lncRNA_21598,ptg000012l,15122757,15123632,+,876
lncRNA_21599,ptg000012l,15131121,15132372,+,1252
lncRNA_21600,ptg000012l,15243741,15245177,+,1437
lncRNA_21601,ptg000012l,15244346,15245177,+,832
lncRNA_21606,ptg000012l,15383843,15388526,+,4684
lncRNA_21614,ptg000012l,15754144,15761803,+,7660
lncRNA_21617,ptg000012l,16217645,16220154,+,2510
lncRNA_21618,ptg000012l,16217980,16220154,+,2175
lncRNA_21620,ptg000012l,16487173,16488139,+,967
lncRNA_21627,ptg000012l,16562938,16568105,+,5168
lncRNA_21630,ptg000012l,16823595,16824648,+,1054
lncRNA_21637,ptg000012l,17264003,17266985,+,2983
lncRNA_21641,ptg000012l,17479429,17480202,+,774
lncRNA_21643,ptg000012l,17731770,17736525,+,4756
lncRNA_21644,ptg000012l,17731786,17736525,+,4740
lncRNA_21655,ptg000012l,18067196,18068820,+,1625
lncRNA_21675,ptg000012l,18280715,18591089,+,310375
lncRNA_21676,ptg000012l,18280715,18594567,+,313853
lncRNA_21807,ptg000012l,18831966,18966720,+,134755
lncRNA_21836,ptg000012l,19139409,19144350,+,4942
lncRNA_21863,ptg000012l,63108,68703,+,5596
lncRNA_21865,ptg000012l,79057,81279,+,2223
lncRNA_21866,ptg000012l,79059,81279,+,2221
lncRNA_21872,ptg000012l,197579,198128,+,550
lncRNA_21873,ptg000012l,203277,204651,+,1375
lncRNA_21874,ptg000012l,250936,254947,+,4012
lncRNA_21876,ptg000012l,391723,393300,+,1578
lncRNA_21877,ptg000012l,467604,472940,+,5337
lncRNA_21878,ptg000012l,468097,477833,+,9737
lncRNA_21880,ptg000012l,796967,800797,+,3831
lncRNA_21881,ptg000012l,837412,846250,+,8839
lncRNA_21882,ptg000012l,837640,846250,+,8611
lncRNA_21883,ptg000012l,947417,949254,+,1838
lncRNA_21884,ptg000012l,1104892,1106638,+,1747
lncRNA_21885,ptg000012l,1104900,1106638,+,1739
lncRNA_21886,ptg000012l,1105658,1106638,+,981
lncRNA_21887,ptg000012l,1226238,1247578,+,21341
lncRNA_21888,ptg000012l,1233130,1237667,+,4538
lncRNA_21889,ptg000012l,1259646,1275081,+,15436
lncRNA_21890,ptg000012l,1301893,1304873,+,2981
lncRNA_21891,ptg000012l,1301903,1304873,+,2971
lncRNA_21892,ptg000012l,1302323,1304637,+,2315
lncRNA_21893,ptg000012l,1394219,1400867,+,6649
lncRNA_21894,ptg000012l,1394268,1395506,+,1239
lncRNA_21895,ptg000012l,1394692,1400504,+,5813
lncRNA_21896,ptg000012l,1398886,1400504,+,1619
lncRNA_21904,ptg000012l,1446840,1461885,+,15046
lncRNA_21905,ptg000012l,1446883,1466726,+,19844
lncRNA_21906,ptg000012l,1446891,1465356,+,18466
lncRNA_21907,ptg000012l,1446895,1471522,+,24628
lncRNA_21908,ptg000012l,1446911,1471522,+,24612
lncRNA_21910,ptg000012l,1446932,1471522,+,24591
lncRNA_21913,ptg000012l,1527461,1530247,+,2787
lncRNA_21914,ptg000012l,1530887,1531860,+,974
lncRNA_21915,ptg000012l,1592159,1593686,+,1528
lncRNA_21919,ptg000012l,1614937,1616417,+,1481
lncRNA_21922,ptg000012l,1771649,1779665,+,8017
lncRNA_21923,ptg000012l,1865374,1867038,+,1665
lncRNA_21924,ptg000012l,1865986,1867038,+,1053
lncRNA_21925,ptg000012l,1894843,1895606,+,764
lncRNA_21926,ptg000012l,2169188,2170412,+,1225
lncRNA_21927,ptg000012l,2177704,2185786,+,8083
lncRNA_21928,ptg000012l,2177705,2185786,+,8082
lncRNA_21929,ptg000012l,2196100,2197754,+,1655
lncRNA_21930,ptg000012l,2202109,2207407,+,5299
lncRNA_21931,ptg000012l,2303038,2317690,+,14653
lncRNA_21932,ptg000012l,2303053,2320579,+,17527
lncRNA_21933,ptg000012l,2310808,2320301,+,9494
lncRNA_21934,ptg000012l,2311290,2319756,+,8467
lncRNA_21935,ptg000012l,2311298,2320301,+,9004
lncRNA_21936,ptg000012l,2311302,2319185,+,7884
lncRNA_21937,ptg000012l,2314406,2320301,+,5896
lncRNA_21939,ptg000012l,2466352,2466961,+,610
lncRNA_21940,ptg000012l,2468079,2469501,+,1423
lncRNA_21949,ptg000012l,2825428,2830046,+,4619
lncRNA_21950,ptg000012l,2826991,2829181,+,2191
lncRNA_21951,ptg000012l,2827497,2829181,+,1685
lncRNA_21952,ptg000012l,2851355,2852396,+,1042
lncRNA_21953,ptg000012l,2853300,2855791,+,2492
lncRNA_21954,ptg000012l,2875130,2881426,+,6297
lncRNA_21955,ptg000012l,3078540,3085881,+,7342
lncRNA_21956,ptg000012l,3141239,3161441,+,20203
lncRNA_21957,ptg000012l,3142595,3161441,+,18847
lncRNA_21960,ptg000012l,3143210,3161441,+,18232
lncRNA_21961,ptg000012l,3143541,3161441,+,17901
lncRNA_21963,ptg000012l,3143676,3155030,+,11355
lncRNA_21964,ptg000012l,3143676,3161441,+,17766
lncRNA_21965,ptg000012l,3143683,3161441,+,17759
lncRNA_21966,ptg000012l,3143787,3158826,+,15040
lncRNA_21967,ptg000012l,3143792,3161441,+,17650
lncRNA_21969,ptg000012l,3143866,3161441,+,17576
lncRNA_21972,ptg000012l,3143922,3161441,+,17520
lncRNA_21973,ptg000012l,3143969,3154940,+,10972
lncRNA_21974,ptg000012l,3144155,3161441,+,17287
lncRNA_21975,ptg000012l,3147794,3158826,+,11033
lncRNA_21977,ptg000012l,3468740,3472509,+,3770
lncRNA_21978,ptg000012l,3483942,3486170,+,2229
lncRNA_21979,ptg000012l,3484103,3486170,+,2068
lncRNA_21980,ptg000012l,3506897,3508164,+,1268
lncRNA_21981,ptg000012l,3546443,3548566,+,2124
lncRNA_21982,ptg000012l,3649283,3651742,+,2460
lncRNA_21983,ptg000012l,3681094,3694577,+,13484
lncRNA_21984,ptg000012l,3762520,3770854,+,8335
lncRNA_21985,ptg000012l,3771365,3773975,+,2611
lncRNA_21986,ptg000012l,3799040,3827621,+,28582
lncRNA_21987,ptg000012l,3824407,3827136,+,2730
lncRNA_21988,ptg000012l,3854527,3886750,+,32224
lncRNA_21989,ptg000012l,3856171,3859022,+,2852
lncRNA_21990,ptg000012l,3876646,3886750,+,10105
lncRNA_21992,ptg000012l,3971572,3974894,+,3323
lncRNA_21993,ptg000012l,3973167,4115222,+,142056
lncRNA_21994,ptg000012l,3973592,4115851,+,142260
lncRNA_21995,ptg000012l,4028587,4062650,+,34064
lncRNA_21996,ptg000012l,4029813,4059424,+,29612
lncRNA_21997,ptg000012l,4078125,4113938,+,35814
lncRNA_21998,ptg000012l,4078223,4115851,+,37629
lncRNA_22000,ptg000012l,4104164,4114956,+,10793
lncRNA_22001,ptg000012l,4104164,4115851,+,11688
lncRNA_22002,ptg000012l,4112279,4114956,+,2678
lncRNA_22003,ptg000012l,4195984,4198926,+,2943
lncRNA_22005,ptg000012l,3786267,3788122,+,1856
lncRNA_22006,ptg000012l,3786366,3788122,+,1757
lncRNA_22015,ptg000012l,4039289,4089881,+,50593
lncRNA_22016,ptg000012l,4123849,4126753,+,2905
lncRNA_22017,ptg000012l,4137766,4140803,+,3038
lncRNA_22020,ptg000012l,4138948,4147818,+,8871
lncRNA_22031,ptg000012l,4504120,4509340,+,5221
lncRNA_22034,ptg000012l,4504124,4509340,+,5217
lncRNA_22036,ptg000012l,4648783,4660228,+,11446
lncRNA_22039,ptg000012l,4697904,4703954,+,6051
lncRNA_22041,ptg000012l,4698538,4704518,+,5981
lncRNA_22042,ptg000012l,4704575,4717405,+,12831
lncRNA_22043,ptg000012l,4704671,4712019,+,7349
lncRNA_22046,ptg000012l,4706584,4718848,+,12265
lncRNA_22078,ptg000012l,5173634,5177168,+,3535
lncRNA_22084,ptg000012l,5249390,5253519,+,4130
lncRNA_22085,ptg000012l,5273997,5276767,+,2771
lncRNA_22093,ptg000012l,5302667,5313368,+,10702
lncRNA_22095,ptg000012l,5419757,5428465,+,8709
lncRNA_22096,ptg000012l,5420005,5426617,+,6613
lncRNA_22097,ptg000012l,5420010,5427457,+,7448
lncRNA_22098,ptg000012l,5420260,5427409,+,7150
lncRNA_22101,ptg000012l,5687264,5691328,+,4065
lncRNA_22102,ptg000012l,5691932,5695372,+,3441
lncRNA_22103,ptg000012l,5696549,5699002,+,2454
lncRNA_22104,ptg000012l,5788651,5793703,+,5053
lncRNA_22105,ptg000012l,5838173,5841459,+,3287
lncRNA_22106,ptg000012l,5838990,5841171,+,2182
lncRNA_22107,ptg000012l,5839012,5841171,+,2160
lncRNA_22108,ptg000012l,5839631,5841171,+,1541
lncRNA_22109,ptg000012l,5869648,5870709,+,1062
lncRNA_22110,ptg000012l,5870024,5870709,+,686
lncRNA_22111,ptg000012l,5560907,5561935,+,1029
lncRNA_22112,ptg000012l,5560977,5562635,+,1659
lncRNA_22113,ptg000012l,5566512,5589920,+,23409
lncRNA_22133,ptg000012l,5983350,5984684,+,1335
lncRNA_22134,ptg000012l,5988371,5990063,+,1693
lncRNA_22135,ptg000012l,5993705,5994597,+,893
lncRNA_22145,ptg000012l,6144630,6186098,+,41469
lncRNA_22151,ptg000012l,6516999,6523875,+,6877
lncRNA_22152,ptg000012l,6546016,6547882,+,1867
lncRNA_22153,ptg000012l,6546032,6547882,+,1851
lncRNA_22154,ptg000012l,6547003,6547882,+,880
lncRNA_22156,ptg000012l,6653800,6657691,+,3892
lncRNA_22157,ptg000012l,6816604,6829548,+,12945
lncRNA_22159,ptg000012l,6817275,6829548,+,12274
lncRNA_22160,ptg000012l,6822758,6829548,+,6791
lncRNA_22165,ptg000012l,7095771,7097248,+,1478
lncRNA_22166,ptg000012l,7096599,7097707,+,1109
lncRNA_22168,ptg000012l,7180107,7191165,+,11059
lncRNA_22169,ptg000012l,7180563,7182261,+,1699
lncRNA_22170,ptg000012l,7232246,7253269,+,21024
lncRNA_22172,ptg000012l,7558648,7559658,+,1011
lncRNA_22193,ptg000012l,7708436,7710748,+,2313
lncRNA_22194,ptg000012l,7749815,7752228,+,2414
lncRNA_22202,ptg000012l,7964625,7967372,+,2748
lncRNA_22203,ptg000012l,7965184,7967372,+,2189
lncRNA_22207,ptg000012l,7984378,7989939,+,5562
lncRNA_22208,ptg000012l,7985050,7989939,+,4890
lncRNA_22209,ptg000012l,8006839,8009926,+,3088
lncRNA_22210,ptg000012l,8095994,8104351,+,8358
lncRNA_22211,ptg000012l,8096085,8104351,+,8267
lncRNA_22212,ptg000012l,8123848,8143189,+,19342
lncRNA_22213,ptg000012l,8126609,8143189,+,16581
lncRNA_22216,ptg000012l,8303903,8307248,+,3346
lncRNA_22217,ptg000012l,8303986,8307248,+,3263
lncRNA_22218,ptg000012l,8324140,8326324,+,2185
lncRNA_22221,ptg000012l,8354927,8386445,+,31519
lncRNA_22222,ptg000012l,8449860,8450261,+,402
lncRNA_22240,ptg000012l,8471764,8481620,+,9857
lncRNA_22244,ptg000012l,8607961,8614972,+,7012
lncRNA_22248,ptg000012l,8401184,8403999,+,2816
lncRNA_22252,ptg000012l,8534537,8535111,+,575
lncRNA_22255,ptg000012l,8679183,8680998,+,1816
lncRNA_22256,ptg000012l,8713630,8719913,+,6284
lncRNA_22259,ptg000012l,8631794,8632267,+,474
lncRNA_22260,ptg000012l,8648823,8650738,+,1916
lncRNA_22268,ptg000012l,8897677,8900602,+,2926
lncRNA_22269,ptg000012l,8933784,8943674,+,9891
lncRNA_22273,ptg000012l,8996974,8998327,+,1354
lncRNA_22275,ptg000012l,9038086,9039870,+,1785
lncRNA_22276,ptg000012l,9039118,9039703,+,586
lncRNA_22278,ptg000012l,9232686,9242106,+,9421
lncRNA_22279,ptg000012l,9232691,9241767,+,9077
lncRNA_22280,ptg000012l,9232873,9241767,+,8895
lncRNA_22281,ptg000012l,9233007,9242106,+,9100
lncRNA_22282,ptg000012l,9236186,9241767,+,5582
lncRNA_22283,ptg000012l,9508092,9509919,+,1828
lncRNA_22284,ptg000012l,10192023,10197579,+,5557
lncRNA_22285,ptg000012l,10192216,10201390,+,9175
lncRNA_22287,ptg000012l,10192490,10194532,+,2043
lncRNA_22288,ptg000012l,10192517,10194532,+,2016
lncRNA_22289,ptg000012l,10192772,10199733,+,6962
lncRNA_22292,ptg000012l,9405457,9406009,+,553
lncRNA_22293,ptg000012l,9405763,9406685,+,923
lncRNA_22294,ptg000012l,9410580,9412302,+,1723
lncRNA_22295,ptg000012l,9464243,9466357,+,2115
lncRNA_22296,ptg000012l,9476841,9477972,+,1132
lncRNA_22298,ptg000012l,9495845,9499734,+,3890
lncRNA_22299,ptg000012l,9495883,9499734,+,3852
lncRNA_22300,ptg000012l,9510936,9511280,+,345
lncRNA_22305,ptg000012l,9642391,9644173,+,1783
lncRNA_22313,ptg000012l,10110223,10115027,+,4805
lncRNA_22315,ptg000012l,10124780,10125560,+,781
lncRNA_22316,ptg000012l,10124858,10125374,+,517
lncRNA_22317,ptg000012l,10208818,10210410,+,1593
lncRNA_22320,ptg000012l,10304564,10310085,+,5522
lncRNA_22324,ptg000012l,10383995,10385836,+,1842
lncRNA_22325,ptg000012l,10403512,10404932,+,1421
lncRNA_22327,ptg000012l,10547160,10567947,+,20788
lncRNA_22328,ptg000012l,10547642,10567947,+,20306
lncRNA_22332,ptg000012l,10646336,10658982,+,12647
lncRNA_22333,ptg000012l,10654933,10661823,+,6891
lncRNA_22334,ptg000012l,10667164,10679764,+,12601
lncRNA_22336,ptg000012l,10667209,10679764,+,12556
lncRNA_22337,ptg000012l,10667351,10679764,+,12414
lncRNA_22344,ptg000012l,11624024,11625248,+,1225
lncRNA_22345,ptg000012l,11701679,11703270,+,1592
lncRNA_22353,ptg000012l,12698103,12701142,+,3040
lncRNA_22358,ptg000012l,13065002,13066458,+,1457
lncRNA_22362,ptg000012l,13130871,13131828,+,958
lncRNA_22363,ptg000012l,13172251,13175278,+,3028
lncRNA_22368,ptg000012l,13584282,13585407,+,1126
lncRNA_22371,ptg000012l,13634670,13642664,+,7995
lncRNA_22377,ptg000012l,13775342,13784851,+,9510
lncRNA_22378,ptg000012l,13843861,13896138,+,52278
lncRNA_22380,ptg000012l,13985471,13987771,+,2301
lncRNA_22381,ptg000012l,13987498,13989255,+,1758
lncRNA_22383,ptg000012l,14027472,14027956,+,485
lncRNA_22386,ptg000012l,14040995,14047635,+,6641
lncRNA_22391,ptg000012l,14169836,14176684,+,6849
lncRNA_22394,ptg000012l,14184577,14190461,+,5885
lncRNA_22396,ptg000012l,14345695,14388764,+,43070
lncRNA_22409,ptg000012l,15243741,15245503,+,1763
lncRNA_22410,ptg000012l,15264117,15269191,+,5075
lncRNA_22415,ptg000012l,15598506,15601026,+,2521
lncRNA_22430,ptg000012l,16338819,16339149,+,331
lncRNA_22431,ptg000012l,16357700,16359219,+,1520
lncRNA_22444,ptg000012l,16659281,16666470,+,7190
lncRNA_22445,ptg000012l,16660566,16666470,+,5905
lncRNA_22447,ptg000012l,16662480,16664024,+,1545
lncRNA_22448,ptg000012l,16662554,16664295,+,1742
lncRNA_22450,ptg000012l,16903805,16905828,+,2024
lncRNA_22451,ptg000012l,16903826,16905121,+,1296
lncRNA_22457,ptg000012l,17600488,17605963,+,5476
lncRNA_22458,ptg000012l,17652632,17658452,+,5821
lncRNA_22460,ptg000012l,17698061,17704848,+,6788
lncRNA_22461,ptg000012l,17750028,17751260,+,1233
lncRNA_22465,ptg000012l,18209507,18213322,+,3816
lncRNA_22471,ptg000012l,19138444,19143910,+,5467
lncRNA_22516,ptg000012l,19368616,19496560,+,127945
lncRNA_22636,ptg000012l,94576,95768,+,1193
lncRNA_22639,ptg000012l,404209,405280,+,1072
lncRNA_22643,ptg000012l,512362,513422,+,1061
lncRNA_22645,ptg000012l,604032,605184,+,1153
lncRNA_22650,ptg000012l,721632,723464,+,1833
lncRNA_22656,ptg000012l,1240432,1242522,+,2091
lncRNA_22680,ptg000012l,2172496,2173452,+,957
lncRNA_22684,ptg000012l,2300644,2301586,+,943
lncRNA_22713,ptg000012l,2991087,2992232,+,1146
lncRNA_22720,ptg000012l,3510674,3512503,+,1830
lncRNA_22724,ptg000012l,3988175,3988938,+,764
lncRNA_22730,ptg000012l,4502534,4503843,+,1310
lncRNA_22754,ptg000012l,5080440,5082007,+,1568
lncRNA_22755,ptg000012l,5103453,5105048,+,1596
lncRNA_22758,ptg000012l,5271123,5271639,+,517
lncRNA_22761,ptg000012l,5342323,5342650,+,328
lncRNA_22763,ptg000012l,5399308,5399767,+,460
lncRNA_22764,ptg000012l,5616080,5617094,+,1015
lncRNA_22766,ptg000012l,5808027,5809701,+,1675
lncRNA_22770,ptg000012l,6695300,6695568,+,269
lncRNA_22771,ptg000012l,7018737,7019057,+,321
lncRNA_22772,ptg000012l,7760675,7764071,+,3397
lncRNA_22774,ptg000012l,7905254,7907617,+,2364
lncRNA_22788,ptg000012l,8086899,8087278,+,380
lncRNA_22791,ptg000012l,8628829,8629854,+,1026
lncRNA_22796,ptg000012l,8829896,8830673,+,778
lncRNA_22816,ptg000012l,9490760,9491513,+,754
lncRNA_22817,ptg000012l,9552003,9552831,+,829
lncRNA_22830,ptg000012l,11242936,11245202,+,2267
lncRNA_22833,ptg000012l,11394141,11394614,+,474
lncRNA_22846,ptg000012l,11698525,11700077,+,1553
lncRNA_22857,ptg000012l,12381735,12387531,+,5797
lncRNA_22876,ptg000012l,13016143,13016358,+,216
lncRNA_22894,ptg000012l,13248142,13249300,+,1159
lncRNA_22962,ptg000012l,14796894,14797414,+,521
lncRNA_22989,ptg000012l,15216566,15216922,+,357
lncRNA_23039,ptg000012l,15905741,15907284,+,1544
lncRNA_23097,ptg000012l,16607291,16608301,+,1011
lncRNA_23099,ptg000012l,16635823,16637825,+,2003
lncRNA_23138,ptg000012l,17120749,17121166,+,418
lncRNA_23192,ptg000012l,17769167,17770701,+,1535
lncRNA_23195,ptg000012l,17788090,17789141,+,1052
lncRNA_23309,ptg000012l,20071249,20072187,+,939
lncRNA_23325,ptg000015l,1120436,1123563,+,3128
lncRNA_23327,ptg000015l,1310813,1314552,+,3740
lncRNA_23328,ptg000015l,1311685,1314552,+,2868
lncRNA_23334,ptg000015l,1799870,1801743,+,1874
lncRNA_23335,ptg000015l,1801951,1807706,+,5756
lncRNA_23353,ptg000015l,2140302,2142107,+,1806
lncRNA_23355,ptg000015l,2167780,2176103,+,8324
lncRNA_23356,ptg000015l,2167804,2176103,+,8300
lncRNA_23357,ptg000015l,2168013,2176103,+,8091
lncRNA_23358,ptg000015l,2171441,2176103,+,4663
lncRNA_23366,ptg000015l,2380969,2394691,+,13723
lncRNA_23367,ptg000015l,2384895,2394691,+,9797
lncRNA_23368,ptg000015l,2450943,2453281,+,2339
lncRNA_23369,ptg000015l,2459195,2464161,+,4967
lncRNA_23370,ptg000015l,2460703,2462448,+,1746
lncRNA_23371,ptg000015l,2461326,2463376,+,2051
lncRNA_23372,ptg000015l,2461326,2463706,+,2381
lncRNA_23375,ptg000015l,2854654,2857610,+,2957
lncRNA_23380,ptg000015l,2951329,2952440,+,1112
lncRNA_23381,ptg000015l,3004228,3024250,+,20023
lncRNA_23385,ptg000015l,3339688,3377542,+,37855
lncRNA_23386,ptg000015l,3488057,3489905,+,1849
lncRNA_23414,ptg000015l,5100976,5102661,+,1686
lncRNA_23415,ptg000015l,5101587,5102661,+,1075
lncRNA_23416,ptg000015l,5101842,5102661,+,820
lncRNA_23418,ptg000015l,5354745,5355949,+,1205
lncRNA_23426,ptg000015l,5479653,5500551,+,20899
lncRNA_23439,ptg000015l,6289163,6292493,+,3331
lncRNA_23441,ptg000015l,6308161,6313934,+,5774
lncRNA_23442,ptg000015l,6327911,6332097,+,4187
lncRNA_23444,ptg000015l,6380228,6384267,+,4040
lncRNA_23445,ptg000015l,6380706,6384267,+,3562
lncRNA_23474,ptg000015l,8167317,8183417,+,16101
lncRNA_23476,ptg000015l,8211982,8213558,+,1577
lncRNA_23477,ptg000015l,8212134,8213558,+,1425
lncRNA_23491,ptg000015l,8910939,8911484,+,546
lncRNA_23500,ptg000015l,9309004,9321193,+,12190
lncRNA_23501,ptg000015l,9340749,9350351,+,9603
lncRNA_23514,ptg000015l,9531452,9550385,+,18934
lncRNA_23522,ptg000015l,10033437,10035533,+,2097
lncRNA_23524,ptg000015l,10277509,10288066,+,10558
lncRNA_23525,ptg000015l,10279326,10288066,+,8741
lncRNA_23526,ptg000015l,10301535,10305387,+,3853
lncRNA_23527,ptg000015l,10302134,10305387,+,3254
lncRNA_23532,ptg000015l,10500201,10505478,+,5278
lncRNA_23533,ptg000015l,10500426,10505478,+,5053
lncRNA_23535,ptg000015l,10670524,10673706,+,3183
lncRNA_23545,ptg000015l,11079852,11081306,+,1455
lncRNA_23552,ptg000015l,11379240,11380574,+,1335
lncRNA_23557,ptg000015l,11438747,11441397,+,2651
lncRNA_23564,ptg000015l,11624190,11690550,+,66361
lncRNA_23586,ptg000015l,293723,313783,+,20061
lncRNA_23587,ptg000015l,293735,298413,+,4679
lncRNA_23588,ptg000015l,293740,297990,+,4251
lncRNA_23591,ptg000015l,536271,543340,+,7070
lncRNA_23595,ptg000015l,1134329,1141570,+,7242
lncRNA_23596,ptg000015l,1134478,1139988,+,5511
lncRNA_23597,ptg000015l,1134595,1141570,+,6976
lncRNA_23598,ptg000015l,1154310,1155189,+,880
lncRNA_23599,ptg000015l,1176871,1186997,+,10127
lncRNA_23602,ptg000015l,1219764,1220445,+,682
lncRNA_23606,ptg000015l,1310920,1314552,+,3633
lncRNA_23607,ptg000015l,1311684,1314552,+,2869
lncRNA_23609,ptg000015l,1326958,1328021,+,1064
lncRNA_23613,ptg000015l,1684044,1685582,+,1539
lncRNA_23614,ptg000015l,1705290,1707662,+,2373
lncRNA_23615,ptg000015l,1732867,1735373,+,2507
lncRNA_23616,ptg000015l,1732968,1733938,+,971
lncRNA_23617,ptg000015l,1750507,1752893,+,2387
lncRNA_23618,ptg000015l,1784463,1787484,+,3022
lncRNA_23619,ptg000015l,1804321,1809573,+,5253
lncRNA_23620,ptg000015l,1828754,1830624,+,1871
lncRNA_23623,ptg000015l,2156186,2168012,+,11827
lncRNA_23624,ptg000015l,2158192,2176103,+,17912
lncRNA_23625,ptg000015l,2161934,2168012,+,6079
lncRNA_23626,ptg000015l,2161934,2169597,+,7664
lncRNA_23627,ptg000015l,2162712,2169597,+,6886
lncRNA_23628,ptg000015l,2162783,2168012,+,5230
lncRNA_23629,ptg000015l,2163367,2176103,+,12737
lncRNA_23633,ptg000015l,2379965,2394691,+,14727
lncRNA_23635,ptg000015l,2446500,2449631,+,3132
lncRNA_23637,ptg000015l,2459935,2463706,+,3772
lncRNA_23639,ptg000015l,2469912,2476045,+,6134
lncRNA_23645,ptg000015l,2608071,2610375,+,2305
lncRNA_23646,ptg000015l,2608174,2610375,+,2202
lncRNA_23653,ptg000015l,2819392,2824081,+,4690
lncRNA_23654,ptg000015l,2819501,2823776,+,4276
lncRNA_23655,ptg000015l,2819583,2823475,+,3893
lncRNA_23656,ptg000015l,2819602,2823684,+,4083
lncRNA_23657,ptg000015l,2819602,2824081,+,4480
lncRNA_23658,ptg000015l,2819859,2823684,+,3826
lncRNA_23659,ptg000015l,2819861,2823991,+,4131
lncRNA_23660,ptg000015l,2819880,2824081,+,4202
lncRNA_23662,ptg000015l,2819898,2824081,+,4184
lncRNA_23670,ptg000015l,2856259,2861926,+,5668
lncRNA_23671,ptg000015l,2856754,2861583,+,4830
lncRNA_23672,ptg000015l,2856768,2861926,+,5159
lncRNA_23674,ptg000015l,2857116,2860001,+,2886
lncRNA_23675,ptg000015l,2857195,2861926,+,4732
lncRNA_23676,ptg000015l,2857218,2861926,+,4709
lncRNA_23677,ptg000015l,2857345,2860624,+,3280
lncRNA_23678,ptg000015l,2857391,2861926,+,4536
lncRNA_23679,ptg000015l,2858369,2860001,+,1633
lncRNA_23680,ptg000015l,2879525,2883973,+,4449
lncRNA_23681,ptg000015l,2879555,2883321,+,3767
lncRNA_23683,ptg000015l,2879560,2884040,+,4481
lncRNA_23685,ptg000015l,2881067,2883201,+,2135
lncRNA_23686,ptg000015l,2928253,2932866,+,4614
lncRNA_23687,ptg000015l,2928372,2932866,+,4495
lncRNA_23688,ptg000015l,2930043,2931457,+,1415
lncRNA_23689,ptg000015l,2930643,2932866,+,2224
lncRNA_23690,ptg000015l,2941575,2951318,+,9744
lncRNA_23691,ptg000015l,2941635,2951318,+,9684
lncRNA_23692,ptg000015l,2941789,2950059,+,8271
lncRNA_23693,ptg000015l,2946574,2951318,+,4745
lncRNA_23695,ptg000015l,2946710,2950059,+,3350
lncRNA_23696,ptg000015l,2946710,2951318,+,4609
lncRNA_23697,ptg000015l,2947265,2951318,+,4054
lncRNA_23698,ptg000015l,2952227,2956254,+,4028
lncRNA_23704,ptg000015l,3314909,3321412,+,6504
lncRNA_23705,ptg000015l,3339007,3382527,+,43521
lncRNA_23706,ptg000015l,3377510,3384664,+,7155
lncRNA_23707,ptg000015l,3415841,3430212,+,14372
lncRNA_23710,ptg000015l,3760177,3762216,+,2040
lncRNA_23731,ptg000015l,5245247,5250689,+,5443
lncRNA_23733,ptg000015l,5382714,5384729,+,2016
lncRNA_23734,ptg000015l,5382978,5384082,+,1105
lncRNA_23735,ptg000015l,5383071,5384729,+,1659
lncRNA_23736,ptg000015l,5383255,5384729,+,1475
lncRNA_23746,ptg000015l,5655093,5657352,+,2260
lncRNA_23753,ptg000015l,6288246,6289439,+,1194
lncRNA_23754,ptg000015l,6288289,6289312,+,1024
lncRNA_23755,ptg000015l,6288574,6289312,+,739
lncRNA_23771,ptg000015l,8588885,8591272,+,2388
lncRNA_23774,ptg000015l,8599958,8601911,+,1954
lncRNA_23778,ptg000015l,8967781,8990450,+,22670
lncRNA_23783,ptg000015l,9130721,9132685,+,1965
lncRNA_23784,ptg000015l,9142840,9158011,+,15172
lncRNA_23786,ptg000015l,9147085,9158011,+,10927
lncRNA_23788,ptg000015l,9147171,9158011,+,10841
lncRNA_23789,ptg000015l,9147427,9158011,+,10585
lncRNA_23790,ptg000015l,9150604,9158011,+,7408
lncRNA_23791,ptg000015l,9154178,9158011,+,3834
lncRNA_23793,ptg000015l,9202801,9203439,+,639
lncRNA_23794,ptg000015l,9202860,9203439,+,580
lncRNA_23801,ptg000015l,9456307,9458227,+,1921
lncRNA_23802,ptg000015l,9486157,9491121,+,4965
lncRNA_23803,ptg000015l,9486162,9491121,+,4960
lncRNA_23804,ptg000015l,9486471,9489400,+,2930
lncRNA_23805,ptg000015l,9486504,9487790,+,1287
lncRNA_23818,ptg000015l,9551134,9552577,+,1444
lncRNA_23819,ptg000015l,9551591,9552577,+,987
lncRNA_23830,ptg000015l,9786921,9789301,+,2381
lncRNA_23832,ptg000015l,9957445,9959171,+,1727
lncRNA_23837,ptg000015l,10289589,10294886,+,5298
lncRNA_23839,ptg000015l,10463307,10465970,+,2664
lncRNA_23843,ptg000015l,10779670,10791361,+,11692
lncRNA_23846,ptg000015l,10820937,10835547,+,14611
lncRNA_23849,ptg000015l,11095657,11111104,+,15448
lncRNA_23856,ptg000015l,11303874,11325840,+,21967
lncRNA_23866,ptg000015l,11438816,11441410,+,2595
lncRNA_23871,ptg000015l,11625055,11639870,+,14816
lncRNA_23881,ptg000015l,11674097,11680772,+,6676
lncRNA_23882,ptg000015l,11674893,11689299,+,14407
lncRNA_23942,ptg000015l,14986089,14991281,+,5193
lncRNA_23943,ptg000015l,14986394,14991281,+,4888
lncRNA_24030,ptg000015l,1273811,1274232,+,422
lncRNA_24033,ptg000015l,1318574,1319289,+,716
lncRNA_24040,ptg000015l,1421356,1423427,+,2072
lncRNA_24058,ptg000015l,1791485,1793550,+,2066
lncRNA_24080,ptg000015l,2137333,2138191,+,859
lncRNA_24090,ptg000015l,2233112,2234517,+,1406
lncRNA_24125,ptg000015l,2584408,2585532,+,1125
lncRNA_24128,ptg000015l,2674931,2678189,+,3259
lncRNA_24129,ptg000015l,2688118,2689789,+,1672
lncRNA_24199,ptg000015l,3687903,3688518,+,616
lncRNA_24271,ptg000015l,4272399,4273927,+,1529
lncRNA_24414,ptg000015l,5229141,5229679,+,539
lncRNA_24429,ptg000015l,5308508,5309329,+,822
lncRNA_24448,ptg000015l,5454287,5455011,+,725
lncRNA_24551,ptg000015l,6112001,6114845,+,2845
lncRNA_24577,ptg000015l,6260876,6262899,+,2024
lncRNA_24684,ptg000015l,7127933,7128901,+,969
lncRNA_24691,ptg000015l,7179944,7180270,+,327
lncRNA_24705,ptg000015l,7706169,7706720,+,552
lncRNA_24706,ptg000015l,7711405,7714068,+,2664
lncRNA_24711,ptg000015l,7755281,7756261,+,981
lncRNA_24762,ptg000015l,8209242,8210840,+,1599
lncRNA_24772,ptg000015l,8319411,8319949,+,539
lncRNA_24786,ptg000015l,8389488,8391222,+,1735
lncRNA_24791,ptg000015l,8457393,8458548,+,1156
lncRNA_24799,ptg000015l,8535966,8538198,+,2233
lncRNA_24816,ptg000015l,8752885,8753966,+,1082
lncRNA_24853,ptg000015l,9051086,9052226,+,1141
lncRNA_24870,ptg000015l,9322770,9324178,+,1409
lncRNA_24881,ptg000015l,9379769,9381033,+,1265
lncRNA_24889,ptg000015l,9432216,9433655,+,1440
lncRNA_24892,ptg000015l,9444589,9445415,+,827
lncRNA_24893,ptg000015l,9477465,9478513,+,1049
lncRNA_24906,ptg000015l,9585960,9586696,+,737
lncRNA_24912,ptg000015l,9671641,9673439,+,1799
lncRNA_24920,ptg000015l,9798833,9799599,+,767
lncRNA_24953,ptg000015l,10102456,10104296,+,1841
lncRNA_24966,ptg000015l,10199809,10200828,+,1020
lncRNA_24976,ptg000015l,10232351,10233134,+,784
lncRNA_24978,ptg000015l,10254481,10254779,+,299
lncRNA_24986,ptg000015l,10308098,10309370,+,1273
lncRNA_25009,ptg000015l,10955936,10959927,+,3992
lncRNA_25059,ptg000015l,11337625,11339303,+,1679
lncRNA_25088,ptg000015l,11539313,11540507,+,1195
lncRNA_25091,ptg000015l,11564737,11566048,+,1312
lncRNA_25105,ptg000015l,11642200,11644243,+,2044
lncRNA_25141,ptg000016l,410822,413792,+,2971
lncRNA_25149,ptg000016l,807194,809210,+,2017
lncRNA_25151,ptg000016l,1026677,1028773,+,2097
lncRNA_25159,ptg000016l,1706105,1708132,+,2028
lncRNA_25160,ptg000016l,1706922,1708132,+,1211
lncRNA_25162,ptg000016l,2009924,2014433,+,4510
lncRNA_25164,ptg000016l,2153436,2155557,+,2122
lncRNA_25165,ptg000016l,2153533,2155557,+,2025
lncRNA_25166,ptg000016l,2153849,2155557,+,1709
lncRNA_25167,ptg000016l,2201544,2210208,+,8665
lncRNA_25174,ptg000016l,2600703,2608693,+,7991
lncRNA_25175,ptg000016l,2606185,2607024,+,840
lncRNA_25176,ptg000016l,2613599,2614172,+,574
lncRNA_25177,ptg000016l,2613671,2614172,+,502
lncRNA_25178,ptg000016l,2642349,2648021,+,5673
lncRNA_25180,ptg000016l,2741094,2768545,+,27452
lncRNA_25181,ptg000016l,2741103,2768545,+,27443
lncRNA_25183,ptg000016l,2759346,2768545,+,9200
lncRNA_25185,ptg000016l,2818130,2822178,+,4049
lncRNA_25205,ptg000016l,3301951,3304410,+,2460
lncRNA_25215,ptg000016l,3638855,3641281,+,2427
lncRNA_25217,ptg000016l,4087165,4088614,+,1450
lncRNA_25224,ptg000016l,4222441,4224511,+,2071
lncRNA_25226,ptg000016l,4281075,4283400,+,2326
lncRNA_25229,ptg000016l,4399842,4405748,+,5907
lncRNA_25230,ptg000016l,4404350,4405748,+,1399
lncRNA_25235,ptg000016l,4839329,4840446,+,1118
lncRNA_25236,ptg000016l,4768943,4770075,+,1133
lncRNA_25238,ptg000016l,4858220,4863162,+,4943
lncRNA_25239,ptg000016l,4858304,4864002,+,5699
lncRNA_25248,ptg000016l,4994924,4996151,+,1228
lncRNA_25249,ptg000016l,5078800,5087015,+,8216
lncRNA_25250,ptg000016l,5078803,5083113,+,4311
lncRNA_25251,ptg000016l,5083574,5084262,+,689
lncRNA_25252,ptg000016l,5087179,5088183,+,1005
lncRNA_25253,ptg000016l,5143126,5149724,+,6599
lncRNA_25254,ptg000016l,5143403,5147318,+,3916
lncRNA_25255,ptg000016l,5143407,5147377,+,3971
lncRNA_25256,ptg000016l,5143426,5149904,+,6479
lncRNA_25257,ptg000016l,5143444,5146823,+,3380
lncRNA_25258,ptg000016l,5143839,5145591,+,1753
lncRNA_25261,ptg000016l,5207353,5209173,+,1821
lncRNA_25262,ptg000016l,5207829,5209738,+,1910
lncRNA_25265,ptg000016l,5292617,5293323,+,707
lncRNA_25267,ptg000016l,5446855,5458308,+,11454
lncRNA_25268,ptg000016l,5455392,5458308,+,2917
lncRNA_25269,ptg000016l,5478083,5481337,+,3255
lncRNA_25270,ptg000016l,5478241,5484182,+,5942
lncRNA_25271,ptg000016l,5490416,5491550,+,1135
lncRNA_25275,ptg000016l,5628943,5633893,+,4951
lncRNA_25279,ptg000016l,5961166,5961985,+,820
lncRNA_25280,ptg000016l,6019208,6057310,+,38103
lncRNA_25281,ptg000016l,6019301,6024722,+,5422
lncRNA_25282,ptg000016l,6022058,6028715,+,6658
lncRNA_25283,ptg000016l,6040241,6057310,+,17070
lncRNA_25288,ptg000016l,6130573,6142789,+,12217
lncRNA_25289,ptg000016l,6130589,6142694,+,12106
lncRNA_25290,ptg000016l,6132612,6139030,+,6419
lncRNA_25291,ptg000016l,6132626,6139030,+,6405
lncRNA_25292,ptg000016l,6154418,6171045,+,16628
lncRNA_25293,ptg000016l,6154802,6171003,+,16202
lncRNA_25294,ptg000016l,6154970,6165565,+,10596
lncRNA_25295,ptg000016l,6154970,6171003,+,16034
lncRNA_25297,ptg000016l,6155002,6166267,+,11266
lncRNA_25298,ptg000016l,6155002,6171003,+,16002
lncRNA_25299,ptg000016l,6155039,6170475,+,15437
lncRNA_25300,ptg000016l,6155039,6171045,+,16007
lncRNA_25301,ptg000016l,6155124,6171003,+,15880
lncRNA_25302,ptg000016l,6155134,6171003,+,15870
lncRNA_25305,ptg000016l,6155145,6171003,+,15859
lncRNA_25307,ptg000016l,6159776,6171003,+,11228
lncRNA_25308,ptg000016l,6159869,6171003,+,11135
lncRNA_25309,ptg000016l,6164511,6170475,+,5965
lncRNA_25311,ptg000016l,6261301,6264424,+,3124
lncRNA_25312,ptg000016l,6289092,6289806,+,715
lncRNA_25313,ptg000016l,6318805,6319630,+,826
lncRNA_25314,ptg000016l,6441128,6443677,+,2550
lncRNA_25315,ptg000016l,6480775,6482461,+,1687
lncRNA_25316,ptg000016l,6539889,6548493,+,8605
lncRNA_25317,ptg000016l,6570873,6577769,+,6897
lncRNA_25318,ptg000016l,6588656,6590170,+,1515
lncRNA_25319,ptg000016l,6559250,6564073,+,4824
lncRNA_25320,ptg000016l,6581975,6583337,+,1363
lncRNA_25324,ptg000016l,6771223,6818127,+,46905
lncRNA_25325,ptg000016l,6778364,6820107,+,41744
lncRNA_25329,ptg000016l,6886553,6888383,+,1831
lncRNA_25332,ptg000016l,6839663,6845973,+,6311
lncRNA_25339,ptg000016l,7040430,7041595,+,1166
lncRNA_25343,ptg000016l,7137118,7139755,+,2638
lncRNA_25344,ptg000016l,7137140,7139755,+,2616
lncRNA_25349,ptg000016l,7147051,7155400,+,8350
lncRNA_25353,ptg000016l,7152037,7157534,+,5498
lncRNA_25354,ptg000016l,7166449,7171624,+,5176
lncRNA_25357,ptg000016l,7376926,7381252,+,4327
lncRNA_25359,ptg000016l,7471467,7483269,+,11803
lncRNA_25360,ptg000016l,7545040,7545704,+,665
lncRNA_25361,ptg000016l,7664852,7667966,+,3115
lncRNA_25363,ptg000016l,7902888,7927317,+,24430
lncRNA_25364,ptg000016l,7913121,7927317,+,14197
lncRNA_25367,ptg000016l,8007524,8010100,+,2577
lncRNA_25368,ptg000016l,8022215,8023103,+,889
lncRNA_25371,ptg000016l,8050876,8059801,+,8926
lncRNA_25379,ptg000016l,8277847,8281143,+,3297
lncRNA_25381,ptg000016l,8398452,8399181,+,730
lncRNA_25387,ptg000016l,8583823,8585122,+,1300
lncRNA_25388,ptg000016l,8604734,8605278,+,545
lncRNA_25389,ptg000016l,8633322,8633695,+,374
lncRNA_25394,ptg000016l,8878675,8880236,+,1562
lncRNA_25395,ptg000016l,8887901,8890277,+,2377
lncRNA_25396,ptg000016l,8887977,8890405,+,2429
lncRNA_25397,ptg000016l,8889353,8890277,+,925
lncRNA_25400,ptg000016l,9134006,9139002,+,4997
lncRNA_25403,ptg000016l,9422980,9426744,+,3765
lncRNA_25405,ptg000016l,9439213,9446118,+,6906
lncRNA_25406,ptg000016l,9462905,9468296,+,5392
lncRNA_25407,ptg000016l,9462905,9468855,+,5951
lncRNA_25408,ptg000016l,9462975,9468855,+,5881
lncRNA_25409,ptg000016l,9463765,9467802,+,4038
lncRNA_25410,ptg000016l,9463772,9467802,+,4031
lncRNA_25412,ptg000016l,9464211,9468855,+,4645
lncRNA_25413,ptg000016l,9464288,9468855,+,4568
lncRNA_25417,ptg000016l,9558942,9567144,+,8203
lncRNA_25418,ptg000016l,9558948,9565942,+,6995
lncRNA_25421,ptg000016l,9602123,9604939,+,2817
lncRNA_25422,ptg000016l,9602190,9604939,+,2750
lncRNA_25426,ptg000016l,9807522,9809339,+,1818
lncRNA_25427,ptg000016l,9838469,9840873,+,2405
lncRNA_25428,ptg000016l,9842319,9847222,+,4904
lncRNA_25429,ptg000016l,9906499,9908726,+,2228
lncRNA_25432,ptg000016l,10028260,10033499,+,5240
lncRNA_25434,ptg000016l,10028372,10033499,+,5128
lncRNA_25435,ptg000016l,10028507,10033499,+,4993
lncRNA_25436,ptg000016l,10028676,10033499,+,4824
lncRNA_25437,ptg000016l,10029222,10033499,+,4278
lncRNA_25438,ptg000016l,10029225,10033499,+,4275
lncRNA_25439,ptg000016l,10030439,10033499,+,3061
lncRNA_25440,ptg000016l,10040670,10054751,+,14082
lncRNA_25441,ptg000016l,10040981,10054751,+,13771
lncRNA_25442,ptg000016l,10041005,10053796,+,12792
lncRNA_25443,ptg000016l,10041015,10047935,+,6921
lncRNA_25444,ptg000016l,10041060,10053796,+,12737
lncRNA_25445,ptg000016l,10041067,10049079,+,8013
lncRNA_25446,ptg000016l,10041067,10052861,+,11795
lncRNA_25447,ptg000016l,10041067,10053796,+,12730
lncRNA_25448,ptg000016l,10042107,10056445,+,14339
lncRNA_25449,ptg000016l,10043921,10048732,+,4812
lncRNA_25450,ptg000016l,10049345,10057049,+,7705
lncRNA_25451,ptg000016l,10049683,10054751,+,5069
lncRNA_25452,ptg000016l,10050466,10053796,+,3331
lncRNA_25454,ptg000016l,10064933,10075721,+,10789
lncRNA_25456,ptg000016l,10066552,10077020,+,10469
lncRNA_25457,ptg000016l,10087514,10095716,+,8203
lncRNA_25458,ptg000016l,10061917,10064118,+,2202
lncRNA_25468,ptg000016l,10567801,10579682,+,11882
lncRNA_25469,ptg000016l,10567805,10574686,+,6882
lncRNA_25470,ptg000016l,10611389,10623925,+,12537
lncRNA_25481,ptg000016l,10779290,10782047,+,2758
lncRNA_25484,ptg000016l,10948567,10956264,+,7698
lncRNA_25485,ptg000016l,10949817,10952809,+,2993
lncRNA_25486,ptg000016l,10949839,10957625,+,7787
lncRNA_25487,ptg000016l,10953205,10959909,+,6705
lncRNA_25488,ptg000016l,10955092,10959909,+,4818
lncRNA_25489,ptg000016l,10983829,10995658,+,11830
lncRNA_25490,ptg000016l,10983858,10995658,+,11801
lncRNA_25491,ptg000016l,10996125,10997177,+,1053
lncRNA_25492,ptg000016l,11126784,11150948,+,24165
lncRNA_25499,ptg000016l,11237111,11239732,+,2622
lncRNA_25500,ptg000016l,11237153,11243422,+,6270
lncRNA_25502,ptg000016l,11247041,11247853,+,813
lncRNA_25504,ptg000016l,11299444,11302032,+,2589
lncRNA_25505,ptg000016l,11361294,11361961,+,668
lncRNA_25506,ptg000016l,11373098,11378597,+,5500
lncRNA_25508,ptg000016l,11407042,11418532,+,11491
lncRNA_25509,ptg000016l,11407127,11418532,+,11406
lncRNA_25510,ptg000016l,11413967,11418532,+,4566
lncRNA_25511,ptg000016l,11435416,11442730,+,7315
lncRNA_25512,ptg000016l,11558282,11559837,+,1556
lncRNA_25513,ptg000016l,11560750,11566739,+,5990
lncRNA_25514,ptg000016l,11560825,11566739,+,5915
lncRNA_25516,ptg000016l,11569488,11574429,+,4942
lncRNA_25517,ptg000016l,11656130,11657919,+,1790
lncRNA_25518,ptg000016l,11693256,11696316,+,3061
lncRNA_25519,ptg000016l,11855325,11860651,+,5327
lncRNA_25520,ptg000016l,11863836,11883372,+,19537
lncRNA_25521,ptg000016l,11892375,11894496,+,2122
lncRNA_25522,ptg000016l,11892474,11894496,+,2023
lncRNA_25524,ptg000016l,11995178,11997476,+,2299
lncRNA_25525,ptg000016l,12015669,12016849,+,1181
lncRNA_25532,ptg000016l,12068014,12073343,+,5330
lncRNA_25536,ptg000016l,12076940,12093070,+,16131
lncRNA_25537,ptg000016l,12150997,12152007,+,1011
lncRNA_25577,ptg000016l,12412028,12412273,+,246
lncRNA_25578,ptg000016l,12467890,12479659,+,11770
lncRNA_25580,ptg000016l,12588806,12590313,+,1508
lncRNA_25581,ptg000016l,12643066,12646947,+,3882
lncRNA_25583,ptg000016l,12645713,12649195,+,3483
lncRNA_25586,ptg000016l,12672462,12678831,+,6370
lncRNA_25587,ptg000016l,12676246,12678025,+,1780
lncRNA_25588,ptg000016l,12723739,12725352,+,1614
lncRNA_25589,ptg000016l,12724063,12725352,+,1290
lncRNA_25591,ptg000016l,12743343,12745731,+,2389
lncRNA_25592,ptg000016l,12792352,12797504,+,5153
lncRNA_25593,ptg000016l,12795369,12797504,+,2136
lncRNA_25594,ptg000016l,12865986,12872956,+,6971
lncRNA_25595,ptg000016l,12866721,12871718,+,4998
lncRNA_25601,ptg000016l,65281,72595,+,7315
lncRNA_25628,ptg000016l,236566,253599,+,17034
lncRNA_25634,ptg000016l,597775,600487,+,2713
lncRNA_25637,ptg000016l,883512,886011,+,2500
lncRNA_25641,ptg000016l,1213872,1216738,+,2867
lncRNA_25642,ptg000016l,1215605,1216738,+,1134
lncRNA_25643,ptg000016l,1026677,1028774,+,2098
lncRNA_25644,ptg000016l,1117932,1120941,+,3010
lncRNA_25652,ptg000016l,1540232,1543905,+,3674
lncRNA_25653,ptg000016l,1540232,1545428,+,5197
lncRNA_25655,ptg000016l,1794170,1804502,+,10333
lncRNA_25657,ptg000016l,1827070,1829342,+,2273
lncRNA_25658,ptg000016l,1818084,1821636,+,3553
lncRNA_25659,ptg000016l,2149318,2157792,+,8475
lncRNA_25660,ptg000016l,2149349,2157792,+,8444
lncRNA_25661,ptg000016l,2201739,2210208,+,8470
lncRNA_25665,ptg000016l,2248835,2263106,+,14272
lncRNA_25673,ptg000016l,2616693,2618078,+,1386
lncRNA_25675,ptg000016l,2842679,2848277,+,5599
lncRNA_25678,ptg000016l,2975860,2977945,+,2086
lncRNA_25680,ptg000016l,2975873,2977945,+,2073
lncRNA_25690,ptg000016l,3564765,3584176,+,19412
lncRNA_25691,ptg000016l,3585163,3586588,+,1426
lncRNA_25703,ptg000016l,4106827,4108213,+,1387
lncRNA_25709,ptg000016l,4284422,4289783,+,5362
lncRNA_25711,ptg000016l,4366259,4367219,+,961
lncRNA_25720,ptg000016l,4758556,4766825,+,8270
lncRNA_25722,ptg000016l,4769684,4770339,+,656
lncRNA_25728,ptg000016l,4784140,4791141,+,7002
lncRNA_25729,ptg000016l,4784375,4791141,+,6767
lncRNA_25732,ptg000016l,4808839,4818816,+,9978
lncRNA_25735,ptg000016l,5062216,5063640,+,1425
lncRNA_25736,ptg000016l,5081280,5089829,+,8550
lncRNA_25737,ptg000016l,5081282,5091238,+,9957
lncRNA_25739,ptg000016l,5556415,5557609,+,1195
lncRNA_25746,ptg000016l,5876431,5893020,+,16590
lncRNA_25747,ptg000016l,5879558,5888801,+,9244
lncRNA_25748,ptg000016l,5879776,5890217,+,10442
lncRNA_25749,ptg000016l,5898726,5900560,+,1835
lncRNA_25750,ptg000016l,6003468,6010418,+,6951
lncRNA_25751,ptg000016l,6003470,6010418,+,6949
lncRNA_25752,ptg000016l,6003481,6008668,+,5188
lncRNA_25758,ptg000016l,6011271,6019232,+,7962
lncRNA_25759,ptg000016l,6031101,6039015,+,7915
lncRNA_25760,ptg000016l,6031181,6039015,+,7835
lncRNA_25762,ptg000016l,6031336,6039015,+,7680
lncRNA_25763,ptg000016l,6031813,6032886,+,1074
lncRNA_25764,ptg000016l,6032122,6037922,+,5801
lncRNA_25765,ptg000016l,6032358,6037795,+,5438
lncRNA_25767,ptg000016l,6063826,6076629,+,12804
lncRNA_25768,ptg000016l,6064063,6070111,+,6049
lncRNA_25769,ptg000016l,6064196,6070111,+,5916
lncRNA_25770,ptg000016l,6131947,6139008,+,7062
lncRNA_25771,ptg000016l,6131950,6137886,+,5937
lncRNA_25772,ptg000016l,6131950,6139008,+,7059
lncRNA_25773,ptg000016l,6136029,6143716,+,7688
lncRNA_25774,ptg000016l,6221655,6257824,+,36170
lncRNA_25775,ptg000016l,6362776,6366245,+,3470
lncRNA_25776,ptg000016l,6401965,6403434,+,1470
lncRNA_25777,ptg000016l,6414703,6417323,+,2621
lncRNA_25779,ptg000016l,6559241,6564073,+,4833
lncRNA_25780,ptg000016l,6561831,6564073,+,2243
lncRNA_25781,ptg000016l,6561862,6564073,+,2212
lncRNA_25782,ptg000016l,6579255,6588370,+,9116
lncRNA_25783,ptg000016l,6583555,6588370,+,4816
lncRNA_25784,ptg000016l,6584715,6588370,+,3656
lncRNA_25785,ptg000016l,6680655,6681948,+,1294
lncRNA_25790,ptg000016l,6866984,6924436,+,57453
lncRNA_25791,ptg000016l,6913574,6924436,+,10863
lncRNA_25792,ptg000016l,6920355,6922590,+,2236
lncRNA_25793,ptg000016l,6920712,6924436,+,3725
lncRNA_25795,ptg000016l,6989636,6992682,+,3047
lncRNA_25796,ptg000016l,6989763,6992682,+,2920
lncRNA_25797,ptg000016l,6989801,6992682,+,2882
lncRNA_25798,ptg000016l,7000442,7007371,+,6930
lncRNA_25799,ptg000016l,7077239,7081581,+,4343
lncRNA_25802,ptg000016l,7077240,7081581,+,4342
lncRNA_25818,ptg000016l,7576345,7585623,+,9279
lncRNA_25819,ptg000016l,7647327,7648245,+,919
lncRNA_25820,ptg000016l,7822607,7823326,+,720
lncRNA_25821,ptg000016l,7861327,7863071,+,1745
lncRNA_25824,ptg000016l,7891989,7927317,+,35329
lncRNA_25825,ptg000016l,7892054,7914386,+,22333
lncRNA_25826,ptg000016l,7892065,7927317,+,35253
lncRNA_25827,ptg000016l,7903150,7927317,+,24168
lncRNA_25831,ptg000016l,7934348,7937805,+,3458
lncRNA_25832,ptg000016l,8025701,8029760,+,4060
lncRNA_25833,ptg000016l,8027522,8028973,+,1452
lncRNA_25834,ptg000016l,8007182,8014464,+,7283
lncRNA_25835,ptg000016l,8007841,8013098,+,5258
lncRNA_25836,ptg000016l,8008889,8011284,+,2396
lncRNA_25842,ptg000016l,8377408,8390551,+,13144
lncRNA_25843,ptg000016l,8403667,8404501,+,835
lncRNA_25844,ptg000016l,8469657,8470297,+,641
lncRNA_25848,ptg000016l,8706671,8707874,+,1204
lncRNA_25849,ptg000016l,8706785,8708401,+,1617
lncRNA_25850,ptg000016l,8827907,8833412,+,5506
lncRNA_25851,ptg000016l,8828886,8836336,+,7451
lncRNA_25852,ptg000016l,8829003,8839658,+,10656
lncRNA_25853,ptg000016l,8860816,8867686,+,6871
lncRNA_25854,ptg000016l,8890743,8908330,+,17588
lncRNA_25855,ptg000016l,8892947,8908330,+,15384
lncRNA_25856,ptg000016l,8899877,8908330,+,8454
lncRNA_25859,ptg000016l,8919312,8922193,+,2882
lncRNA_25860,ptg000016l,8919448,8921081,+,1634
lncRNA_25861,ptg000016l,9058805,9061290,+,2486
lncRNA_25862,ptg000016l,9060084,9061911,+,1828
lncRNA_25865,ptg000016l,9331250,9338740,+,7491
lncRNA_25866,ptg000016l,9331831,9338740,+,6910
lncRNA_25867,ptg000016l,9332541,9343384,+,10844
lncRNA_25868,ptg000016l,9336785,9345243,+,8459
lncRNA_25869,ptg000016l,9342939,9356973,+,14035
lncRNA_25870,ptg000016l,9381650,9383393,+,1744
lncRNA_25871,ptg000016l,9409163,9409749,+,587
lncRNA_25872,ptg000016l,9437247,9439008,+,1762
lncRNA_25873,ptg000016l,9462819,9464223,+,1405
lncRNA_25876,ptg000016l,9834252,9835872,+,1621
lncRNA_25877,ptg000016l,9838881,9844056,+,5176
lncRNA_25879,ptg000016l,9839109,9843842,+,4734
lncRNA_25880,ptg000016l,9839185,9843055,+,3871
lncRNA_25881,ptg000016l,9839608,9844056,+,4449
lncRNA_25883,ptg000016l,10044305,10053653,+,9349
lncRNA_25884,ptg000016l,10044436,10053653,+,9218
lncRNA_25886,ptg000016l,10047115,10070522,+,23408
lncRNA_25887,ptg000016l,10054752,10077020,+,22269
lncRNA_25888,ptg000016l,10056338,10063495,+,7158
lncRNA_25889,ptg000016l,10074314,10084825,+,10512
lncRNA_25890,ptg000016l,10083718,10091607,+,7890
lncRNA_25891,ptg000016l,10091145,10093226,+,2082
lncRNA_25896,ptg000016l,10197231,10200404,+,3174
lncRNA_25897,ptg000016l,10432344,10437672,+,5329
lncRNA_25898,ptg000016l,10432972,10437672,+,4701
lncRNA_25899,ptg000016l,10433065,10437672,+,4608
lncRNA_25901,ptg000016l,10508407,10512248,+,3842
lncRNA_25906,ptg000016l,10726413,10729180,+,2768
lncRNA_25907,ptg000016l,10726440,10729180,+,2741
lncRNA_25908,ptg000016l,10726775,10729180,+,2406
lncRNA_25910,ptg000016l,10775940,10779083,+,3144
lncRNA_25911,ptg000016l,10776096,10779083,+,2988
lncRNA_25912,ptg000016l,10776247,10779083,+,2837
lncRNA_25913,ptg000016l,10776395,10778611,+,2217
lncRNA_25914,ptg000016l,10776395,10779083,+,2689
lncRNA_25915,ptg000016l,10776959,10778552,+,1594
lncRNA_25916,ptg000016l,10777106,10779083,+,1978
lncRNA_25919,ptg000016l,10780853,10785821,+,4969
lncRNA_25921,ptg000016l,10780922,10785821,+,4900
lncRNA_25922,ptg000016l,10780959,10786432,+,5474
lncRNA_25923,ptg000016l,10780971,10785821,+,4851
lncRNA_25927,ptg000016l,11077786,11080571,+,2786
lncRNA_25928,ptg000016l,11081371,11082748,+,1378
lncRNA_25929,ptg000016l,11081399,11082748,+,1350
lncRNA_25930,ptg000016l,11081408,11082748,+,1341
lncRNA_25931,ptg000016l,11118806,11134878,+,16073
lncRNA_25932,ptg000016l,11118806,11136542,+,17737
lncRNA_25933,ptg000016l,11118810,11136542,+,17733
lncRNA_25934,ptg000016l,11118811,11134096,+,15286
lncRNA_25935,ptg000016l,11123166,11127891,+,4726
lncRNA_25936,ptg000016l,11142995,11146574,+,3580
lncRNA_25938,ptg000016l,11240783,11243424,+,2642
lncRNA_25939,ptg000016l,11287547,11293246,+,5700
lncRNA_25940,ptg000016l,11287773,11294092,+,6320
lncRNA_25941,ptg000016l,11288311,11292868,+,4558
lncRNA_25942,ptg000016l,11303035,11306246,+,3212
lncRNA_25943,ptg000016l,11303199,11306246,+,3048
lncRNA_25944,ptg000016l,11303212,11306246,+,3035
lncRNA_25945,ptg000016l,11317435,11322641,+,5207
lncRNA_25946,ptg000016l,11317799,11322702,+,4904
lncRNA_25947,ptg000016l,11317800,11323026,+,5227
lncRNA_25948,ptg000016l,11317830,11323026,+,5197
lncRNA_25949,ptg000016l,11349366,11364969,+,15604
lncRNA_25950,ptg000016l,11349893,11364969,+,15077
lncRNA_25951,ptg000016l,11349893,11365228,+,15336
lncRNA_25952,ptg000016l,11349895,11352250,+,2356
lncRNA_25953,ptg000016l,11351034,11364969,+,13936
lncRNA_25954,ptg000016l,11360157,11364969,+,4813
lncRNA_25956,ptg000016l,11651744,11667150,+,15407
lncRNA_25957,ptg000016l,11859870,11861090,+,1221
lncRNA_25958,ptg000016l,11893775,11903289,+,9515
lncRNA_25959,ptg000016l,11897387,11903289,+,5903
lncRNA_25960,ptg000016l,11898360,11903289,+,4930
lncRNA_25961,ptg000016l,11898534,11903289,+,4756
lncRNA_25962,ptg000016l,11949255,11950780,+,1526
lncRNA_25963,ptg000016l,11956589,11961807,+,5219
lncRNA_25964,ptg000016l,11988593,11990098,+,1506
lncRNA_25967,ptg000016l,12126964,12135241,+,8278
lncRNA_25968,ptg000016l,12126972,12135241,+,8270
lncRNA_25969,ptg000016l,12127490,12135241,+,7752
lncRNA_25970,ptg000016l,12129415,12131720,+,2306
lncRNA_25971,ptg000016l,12130176,12131070,+,895
lncRNA_25972,ptg000016l,12152524,12163317,+,10794
lncRNA_25973,ptg000016l,12152555,12157938,+,5384
lncRNA_25974,ptg000016l,12152918,12162614,+,9697
lncRNA_25975,ptg000016l,12152993,12157938,+,4946
lncRNA_25976,ptg000016l,12241002,12243119,+,2118
lncRNA_25977,ptg000016l,12299124,12300787,+,1664
lncRNA_25978,ptg000016l,12363998,12365005,+,1008
lncRNA_25990,ptg000016l,12510163,12513521,+,3359
lncRNA_25991,ptg000016l,12510801,12513521,+,2721
lncRNA_25993,ptg000016l,12585189,12586011,+,823
lncRNA_25994,ptg000016l,12632475,12645588,+,13114
lncRNA_25995,ptg000016l,12632844,12639754,+,6911
lncRNA_25996,ptg000016l,12633302,12645588,+,12287
lncRNA_25997,ptg000016l,12633951,12642332,+,8382
lncRNA_25998,ptg000016l,12633951,12645588,+,11638
lncRNA_25999,ptg000016l,12634750,12642332,+,7583
lncRNA_26001,ptg000016l,12634750,12645588,+,10839
lncRNA_26002,ptg000016l,12634766,12642332,+,7567
lncRNA_26003,ptg000016l,12634766,12644173,+,9408
lncRNA_26004,ptg000016l,12634766,12645588,+,10823
lncRNA_26005,ptg000016l,12634768,12639754,+,4987
lncRNA_26006,ptg000016l,12634768,12645588,+,10821
lncRNA_26007,ptg000016l,12741670,12742680,+,1011
lncRNA_26009,ptg000016l,12785908,12786578,+,671
lncRNA_26010,ptg000016l,12834401,12835405,+,1005
lncRNA_26011,ptg000016l,12856806,12858648,+,1843
lncRNA_26012,ptg000016l,12841499,12842266,+,768
lncRNA_26014,ptg000016l,12924910,12926199,+,1290
lncRNA_26015,ptg000016l,12938778,12941975,+,3198
lncRNA_26034,ptg000016l,124415,128142,+,3728
lncRNA_26054,ptg000016l,430547,432932,+,2386
lncRNA_26091,ptg000016l,947263,948657,+,1395
lncRNA_26113,ptg000016l,1556192,1558051,+,1860
lncRNA_26133,ptg000016l,1864369,1865487,+,1119
lncRNA_26141,ptg000016l,2090939,2091745,+,807
lncRNA_26171,ptg000016l,2585891,2587117,+,1227
lncRNA_26187,ptg000016l,2954922,2956728,+,1807
lncRNA_26223,ptg000016l,3527161,3528156,+,996
lncRNA_26233,ptg000016l,3678880,3679729,+,850
lncRNA_26299,ptg000016l,4292082,4294067,+,1986
lncRNA_26317,ptg000016l,4831797,4832105,+,309
lncRNA_26343,ptg000016l,5396040,5397078,+,1039
lncRNA_26344,ptg000016l,5417520,5419150,+,1631
lncRNA_26347,ptg000016l,5579646,5580588,+,943
lncRNA_26348,ptg000016l,5618404,5619994,+,1591
lncRNA_26349,ptg000016l,5658558,5659138,+,581
lncRNA_26350,ptg000016l,5673150,5674517,+,1368
lncRNA_26384,ptg000016l,6749167,6750409,+,1243
lncRNA_26407,ptg000016l,8004523,8006744,+,2222
lncRNA_26469,ptg000016l,10037355,10038752,+,1398
lncRNA_26471,ptg000016l,10177286,10177505,+,220
lncRNA_26473,ptg000016l,10248785,10250510,+,1726
lncRNA_26477,ptg000016l,10312067,10312702,+,636
lncRNA_26484,ptg000016l,10498447,10499169,+,723
lncRNA_26502,ptg000016l,11622894,11623849,+,956
lncRNA_26505,ptg000016l,12018003,12018958,+,956
lncRNA_26509,ptg000016l,12148828,12149186,+,359
lncRNA_26513,ptg000016l,12273564,12274305,+,742
lncRNA_26521,ptg000016l,12765536,12766828,+,1293
lncRNA_26525,ptg000017l,13876,17767,+,3892
lncRNA_26528,ptg000017l,148282,149619,+,1338
lncRNA_26529,ptg000017l,182682,183821,+,1140
lncRNA_26532,ptg000017l,363039,370612,+,7574
lncRNA_26533,ptg000017l,363108,381140,+,18033
lncRNA_26534,ptg000017l,363128,370359,+,7232
lncRNA_26535,ptg000017l,363130,366873,+,3744
lncRNA_26536,ptg000017l,363131,381140,+,18010
lncRNA_26537,ptg000017l,363136,370612,+,7477
lncRNA_26539,ptg000017l,363136,381140,+,18005
lncRNA_26541,ptg000017l,363139,372886,+,9748
lncRNA_26542,ptg000017l,363168,370612,+,7445
lncRNA_26543,ptg000017l,377140,381140,+,4001
lncRNA_26544,ptg000017l,421079,422785,+,1707
lncRNA_26547,ptg000017l,432008,438150,+,6143
lncRNA_26549,ptg000017l,609270,611026,+,1757
lncRNA_26550,ptg000017l,609270,613637,+,4368
lncRNA_26551,ptg000017l,609372,611323,+,1952
lncRNA_26554,ptg000017l,671639,681230,+,9592
lncRNA_26556,ptg000017l,689771,693578,+,3808
lncRNA_26557,ptg000017l,690352,692407,+,2056
lncRNA_26561,ptg000017l,885956,904544,+,18589
lncRNA_26562,ptg000017l,885956,905988,+,20033
lncRNA_26563,ptg000017l,886156,920754,+,34599
lncRNA_26564,ptg000017l,886175,905467,+,19293
lncRNA_26565,ptg000017l,886337,905286,+,18950
lncRNA_26566,ptg000017l,887653,929029,+,41377
lncRNA_26567,ptg000017l,887742,905988,+,18247
lncRNA_26572,ptg000017l,917851,920754,+,2904
lncRNA_26573,ptg000017l,917852,920754,+,2903
lncRNA_26575,ptg000017l,917853,920754,+,2902
lncRNA_26576,ptg000017l,917939,920754,+,2816
lncRNA_26578,ptg000017l,1000727,1000963,+,237
lncRNA_26579,ptg000017l,1152457,1155354,+,2898
lncRNA_26581,ptg000017l,1158157,1159007,+,851
lncRNA_26583,ptg000017l,1249403,1250975,+,1573
lncRNA_26584,ptg000017l,1262732,1266113,+,3382
lncRNA_26585,ptg000017l,1305775,1307326,+,1552
lncRNA_26586,ptg000017l,1305788,1307326,+,1539
lncRNA_26587,ptg000017l,1319551,1321616,+,2066
lncRNA_26588,ptg000017l,1380546,1382656,+,2111
lncRNA_26589,ptg000017l,1383482,1386976,+,3495
lncRNA_26596,ptg000017l,1519045,1564905,+,45861
lncRNA_26597,ptg000017l,1579314,1580947,+,1634
lncRNA_26598,ptg000017l,1582335,1583388,+,1054
lncRNA_26599,ptg000017l,1643109,1648124,+,5016
lncRNA_26600,ptg000017l,1724952,1727518,+,2567
lncRNA_26601,ptg000017l,1724956,1727518,+,2563
lncRNA_26602,ptg000017l,1724958,1727518,+,2561
lncRNA_26603,ptg000017l,1737665,1739537,+,1873
lncRNA_26604,ptg000017l,1784087,1787959,+,3873
lncRNA_26605,ptg000017l,1814388,1816732,+,2345
lncRNA_26606,ptg000017l,1814832,1816732,+,1901
lncRNA_26607,ptg000017l,1832634,1833488,+,855
lncRNA_26608,ptg000017l,1853260,1856041,+,2782
lncRNA_26609,ptg000017l,1853942,1856041,+,2100
lncRNA_26610,ptg000017l,1880824,1886584,+,5761
lncRNA_26611,ptg000017l,1884257,1886584,+,2328
lncRNA_26613,ptg000017l,2103370,2104660,+,1291
lncRNA_26614,ptg000017l,2154563,2158783,+,4221
lncRNA_26615,ptg000017l,2259793,2261545,+,1753
lncRNA_26621,ptg000017l,2457269,2465139,+,7871
lncRNA_26622,ptg000017l,2457356,2465139,+,7784
lncRNA_26626,ptg000017l,2641750,2645839,+,4090
lncRNA_26627,ptg000017l,2794993,2798090,+,3098
lncRNA_26628,ptg000017l,2794993,2813141,+,18149
lncRNA_26629,ptg000017l,2795098,2813141,+,18044
lncRNA_26630,ptg000017l,2795108,2805971,+,10864
lncRNA_26631,ptg000017l,2795133,2813141,+,18009
lncRNA_26632,ptg000017l,2799441,2813141,+,13701
lncRNA_26633,ptg000017l,2829218,2847294,+,18077
lncRNA_26634,ptg000017l,2912983,2915514,+,2532
lncRNA_26635,ptg000017l,2913664,2915514,+,1851
lncRNA_26636,ptg000017l,2916742,2917131,+,390
lncRNA_26639,ptg000017l,3105522,3106679,+,1158
lncRNA_26640,ptg000017l,3334135,3335926,+,1792
lncRNA_26645,ptg000017l,3409501,3410030,+,530
lncRNA_26646,ptg000017l,3437882,3441740,+,3859
lncRNA_26647,ptg000017l,3437884,3441740,+,3857
lncRNA_26649,ptg000017l,3544727,3554723,+,9997
lncRNA_26651,ptg000017l,3546304,3556698,+,10395
lncRNA_26652,ptg000017l,3555294,3556698,+,1405
lncRNA_26654,ptg000017l,3578835,3579339,+,505
lncRNA_26655,ptg000017l,3583800,3585078,+,1279
lncRNA_26656,ptg000017l,3622346,3622979,+,634
lncRNA_26657,ptg000017l,3634672,3637368,+,2697
lncRNA_26658,ptg000017l,3638707,3640311,+,1605
lncRNA_26659,ptg000017l,3656978,3658230,+,1253
lncRNA_26660,ptg000017l,3643248,3648227,+,4980
lncRNA_26661,ptg000017l,3662628,3667128,+,4501
lncRNA_26662,ptg000017l,3682042,3683825,+,1784
lncRNA_26663,ptg000017l,3686990,3687966,+,977
lncRNA_26664,ptg000017l,3744565,3747957,+,3393
lncRNA_26665,ptg000017l,3745034,3747957,+,2924
lncRNA_26666,ptg000017l,3820368,3822804,+,2437
lncRNA_26667,ptg000017l,3899494,3900800,+,1307
lncRNA_26668,ptg000017l,4026856,4045953,+,19098
lncRNA_26671,ptg000017l,4464761,4465363,+,603
lncRNA_26672,ptg000017l,4477142,4481985,+,4844
lncRNA_26674,ptg000017l,4477144,4481985,+,4842
lncRNA_26675,ptg000017l,4477160,4481985,+,4826
lncRNA_26676,ptg000017l,4477170,4481985,+,4816
lncRNA_26678,ptg000017l,4492021,4495759,+,3739
lncRNA_26679,ptg000017l,4683329,4685978,+,2650
lncRNA_26680,ptg000017l,4683743,4685978,+,2236
lncRNA_26681,ptg000017l,4690056,4692154,+,2099
lncRNA_26682,ptg000017l,4690186,4692154,+,1969
lncRNA_26684,ptg000017l,4690188,4692154,+,1967
lncRNA_26685,ptg000017l,4699313,4705626,+,6314
lncRNA_26686,ptg000017l,4722126,4727058,+,4933
lncRNA_26687,ptg000017l,4740552,4742774,+,2223
lncRNA_26688,ptg000017l,4740568,4742774,+,2207
lncRNA_26689,ptg000017l,4740609,4742774,+,2166
lncRNA_26690,ptg000017l,4740627,4742774,+,2148
lncRNA_26691,ptg000017l,4740833,4742774,+,1942
lncRNA_26692,ptg000017l,4740866,4742774,+,1909
lncRNA_26693,ptg000017l,4741466,4742774,+,1309
lncRNA_26694,ptg000017l,4776042,4780134,+,4093
lncRNA_26695,ptg000017l,4776817,4780134,+,3318
lncRNA_26696,ptg000017l,4776830,4780134,+,3305
lncRNA_26697,ptg000017l,4797931,4804475,+,6545
lncRNA_26698,ptg000017l,4798093,4801679,+,3587
lncRNA_26699,ptg000017l,4798185,4801679,+,3495
lncRNA_26700,ptg000017l,4801680,4804475,+,2796
lncRNA_26701,ptg000017l,4801732,4804475,+,2744
lncRNA_26702,ptg000017l,4869658,4870617,+,960
lncRNA_26703,ptg000017l,4982056,4984166,+,2111
lncRNA_26704,ptg000017l,4985963,4989908,+,3946
lncRNA_26706,ptg000017l,5011784,5014505,+,2722
lncRNA_26707,ptg000017l,5012222,5014505,+,2284
lncRNA_26708,ptg000017l,5119285,5130236,+,10952
lncRNA_26709,ptg000017l,5130538,5133553,+,3016
lncRNA_26711,ptg000017l,5191170,5193665,+,2496
lncRNA_26714,ptg000017l,5307909,5308251,+,343
lncRNA_26715,ptg000017l,5353806,5354920,+,1115
lncRNA_26716,ptg000017l,5466034,5476029,+,9996
lncRNA_26717,ptg000017l,5466035,5476029,+,9995
lncRNA_26718,ptg000017l,5466041,5476029,+,9989
lncRNA_26719,ptg000017l,5466045,5476029,+,9985
lncRNA_26720,ptg000017l,5466255,5476029,+,9775
lncRNA_26722,ptg000017l,5657233,5659043,+,1811
lncRNA_26723,ptg000017l,5657239,5659043,+,1805
lncRNA_26724,ptg000017l,5715323,5718041,+,2719
lncRNA_26725,ptg000017l,5716751,5718041,+,1291
lncRNA_26726,ptg000017l,5717014,5718041,+,1028
lncRNA_26728,ptg000017l,5871992,5876751,+,4760
lncRNA_26729,ptg000017l,5947436,5951671,+,4236
lncRNA_26730,ptg000017l,5960968,5966197,+,5230
lncRNA_26731,ptg000017l,5986589,5990388,+,3800
lncRNA_26732,ptg000017l,5999642,6006252,+,6611
lncRNA_26733,ptg000017l,5999755,6006252,+,6498
lncRNA_26737,ptg000017l,6286560,6289356,+,2797
lncRNA_26738,ptg000017l,6286710,6289356,+,2647
lncRNA_26739,ptg000017l,6342688,6345780,+,3093
lncRNA_26740,ptg000017l,6342953,6345780,+,2828
lncRNA_26746,ptg000017l,6678409,6679696,+,1288
lncRNA_26747,ptg000017l,6679806,6681599,+,1794
lncRNA_26748,ptg000017l,6711538,6714245,+,2708
lncRNA_26751,ptg000017l,6916800,6917531,+,732
lncRNA_26752,ptg000017l,7055349,7058909,+,3561
lncRNA_26753,ptg000017l,7056276,7058909,+,2634
lncRNA_26754,ptg000017l,7120289,7121800,+,1512
lncRNA_26755,ptg000017l,7132916,7150704,+,17789
lncRNA_26756,ptg000017l,7132984,7145416,+,12433
lncRNA_26757,ptg000017l,7145277,7148536,+,3260
lncRNA_26759,ptg000017l,7235706,7236675,+,970
lncRNA_26760,ptg000017l,7236757,7242445,+,5689
lncRNA_26761,ptg000017l,7236973,7242445,+,5473
lncRNA_26762,ptg000017l,7237467,7242445,+,4979
lncRNA_26764,ptg000017l,7237852,7241875,+,4024
lncRNA_26765,ptg000017l,7265886,7279950,+,14065
lncRNA_26769,ptg000017l,7469641,7480323,+,10683
lncRNA_26770,ptg000017l,7580694,7583013,+,2320
lncRNA_26771,ptg000017l,7585939,7590220,+,4282
lncRNA_26772,ptg000017l,7619532,7622900,+,3369
lncRNA_26775,ptg000017l,7756662,7778265,+,21604
lncRNA_26780,ptg000017l,8321995,8333116,+,11122
lncRNA_26782,ptg000017l,8399907,8404763,+,4857
lncRNA_26783,ptg000017l,8443414,8459436,+,16023
lncRNA_26784,ptg000017l,8482945,8485233,+,2289
lncRNA_26786,ptg000017l,8475765,8476355,+,591
lncRNA_26788,ptg000017l,8524024,8526012,+,1989
lncRNA_26789,ptg000017l,8540030,8540810,+,781
lncRNA_26793,ptg000017l,8638978,8655961,+,16984
lncRNA_26794,ptg000017l,8708040,8713395,+,5356
lncRNA_26795,ptg000017l,8711283,8712994,+,1712
lncRNA_26806,ptg000017l,8953293,8954178,+,886
lncRNA_26808,ptg000017l,9015376,9021107,+,5732
lncRNA_26809,ptg000017l,9016335,9021107,+,4773
lncRNA_26810,ptg000017l,9016625,9021107,+,4483
lncRNA_26811,ptg000017l,9017529,9021107,+,3579
lncRNA_26812,ptg000017l,9017761,9021107,+,3347
lncRNA_26813,ptg000017l,9017763,9021107,+,3345
lncRNA_26818,ptg000017l,9289959,9291517,+,1559
lncRNA_26819,ptg000017l,9339320,9343496,+,4177
lncRNA_26820,ptg000017l,9341238,9343496,+,2259
lncRNA_26821,ptg000017l,9341317,9343496,+,2180
lncRNA_26823,ptg000017l,9543030,9544790,+,1761
lncRNA_26824,ptg000017l,9685665,9690059,+,4395
lncRNA_26825,ptg000017l,9692999,9701215,+,8217
lncRNA_26826,ptg000017l,9696120,9704387,+,8268
lncRNA_26827,ptg000017l,9705376,9706427,+,1052
lncRNA_26828,ptg000017l,9829465,9837131,+,7667
lncRNA_26830,ptg000017l,9961905,9965587,+,3683
lncRNA_26836,ptg000017l,10221179,10228359,+,7181
lncRNA_26837,ptg000017l,10231767,10238665,+,6899
lncRNA_26838,ptg000017l,10292431,10293138,+,708
lncRNA_26841,ptg000017l,10501693,10505508,+,3816
lncRNA_26847,ptg000017l,10604702,10606455,+,1754
lncRNA_26855,ptg000017l,10997113,11000496,+,3384
lncRNA_26859,ptg000017l,11254169,11255136,+,968
lncRNA_26861,ptg000017l,11454943,11456939,+,1997
lncRNA_26862,ptg000017l,11654285,11656764,+,2480
lncRNA_26866,ptg000017l,11871816,11874736,+,2921
lncRNA_26876,ptg000017l,12459514,12461481,+,1968
lncRNA_26878,ptg000017l,12635323,12656408,+,21086
lncRNA_26880,ptg000017l,12644780,12648225,+,3446
lncRNA_26889,ptg000017l,12716875,12760507,+,43633
lncRNA_26893,ptg000017l,12725568,12780710,+,55143
lncRNA_26894,ptg000017l,12725656,12780710,+,55055
lncRNA_26898,ptg000017l,12762097,12803901,+,41805
lncRNA_26914,ptg000017l,12909819,12949891,+,40073
lncRNA_26927,ptg000017l,40057,42588,+,2532
lncRNA_26928,ptg000017l,40101,41165,+,1065
lncRNA_26929,ptg000017l,177656,183821,+,6166
lncRNA_26930,ptg000017l,182903,183821,+,919
lncRNA_26931,ptg000017l,184114,186520,+,2407
lncRNA_26934,ptg000017l,271738,273786,+,2049
lncRNA_26939,ptg000017l,481394,482679,+,1286
lncRNA_26940,ptg000017l,584990,588940,+,3951
lncRNA_26942,ptg000017l,667467,669353,+,1887
lncRNA_26944,ptg000017l,667492,669353,+,1862
lncRNA_26946,ptg000017l,681478,691622,+,10145
lncRNA_26949,ptg000017l,812083,814605,+,2523
lncRNA_26950,ptg000017l,913343,920754,+,7412
lncRNA_26953,ptg000017l,1025957,1027863,+,1907
lncRNA_26954,ptg000017l,1152778,1155354,+,2577
lncRNA_26958,ptg000017l,1239980,1240384,+,405
lncRNA_26959,ptg000017l,1240521,1241263,+,743
lncRNA_26960,ptg000017l,1256307,1257382,+,1076
lncRNA_26962,ptg000017l,1383404,1386976,+,3573
lncRNA_26963,ptg000017l,1610148,1612540,+,2393
lncRNA_26964,ptg000017l,1610362,1613113,+,2752
lncRNA_26967,ptg000017l,1683910,1702734,+,18825
lncRNA_26968,ptg000017l,1716252,1718542,+,2291
lncRNA_26969,ptg000017l,1748547,1773649,+,25103
lncRNA_26970,ptg000017l,1748623,1773649,+,25027
lncRNA_26971,ptg000017l,1848951,1851651,+,2701
lncRNA_26973,ptg000017l,1867207,1869289,+,2083
lncRNA_26974,ptg000017l,1867213,1867537,+,325
lncRNA_26975,ptg000017l,1903610,1904981,+,1372
lncRNA_26977,ptg000017l,2113662,2115644,+,1983
lncRNA_26979,ptg000017l,2188230,2189500,+,1271
lncRNA_26980,ptg000017l,2214943,2215461,+,519
lncRNA_26982,ptg000017l,2296597,2300912,+,4316
lncRNA_26983,ptg000017l,2296798,2300912,+,4115
lncRNA_26984,ptg000017l,2298204,2300912,+,2709
lncRNA_26985,ptg000017l,2299968,2300912,+,945
lncRNA_26986,ptg000017l,2301792,2307123,+,5332
lncRNA_26987,ptg000017l,2301817,2307123,+,5307
lncRNA_26988,ptg000017l,2531073,2540401,+,9329
lncRNA_26990,ptg000017l,2545657,2547294,+,1638
lncRNA_26991,ptg000017l,2545914,2547294,+,1381
lncRNA_26992,ptg000017l,2587687,2591260,+,3574
lncRNA_26993,ptg000017l,2595763,2602374,+,6612
lncRNA_26994,ptg000017l,2597732,2602374,+,4643
lncRNA_26995,ptg000017l,2597817,2600191,+,2375
lncRNA_26996,ptg000017l,2598184,2602374,+,4191
lncRNA_26998,ptg000017l,2653537,2654483,+,947
lncRNA_26999,ptg000017l,2672660,2676870,+,4211
lncRNA_27001,ptg000017l,2785547,2794837,+,9291
lncRNA_27003,ptg000017l,2913957,2915092,+,1136
lncRNA_27004,ptg000017l,2938225,2940146,+,1922
lncRNA_27005,ptg000017l,3079759,3080343,+,585
lncRNA_27006,ptg000017l,3099966,3103010,+,3045
lncRNA_27007,ptg000017l,3193459,3203010,+,9552
lncRNA_27008,ptg000017l,3300567,3302917,+,2351
lncRNA_27010,ptg000017l,3429211,3433684,+,4474
lncRNA_27011,ptg000017l,3480783,3489698,+,8916
lncRNA_27013,ptg000017l,3555119,3559033,+,3915
lncRNA_27015,ptg000017l,3560421,3562521,+,2101
lncRNA_27018,ptg000017l,3652483,3653906,+,1424
lncRNA_27019,ptg000017l,3652903,3654641,+,1739
lncRNA_27020,ptg000017l,3751208,3752063,+,856
lncRNA_27021,ptg000017l,3821851,3825052,+,3202
lncRNA_27022,ptg000017l,3822038,3833270,+,11233
lncRNA_27024,ptg000017l,3947285,3973800,+,26516
lncRNA_27025,ptg000017l,3947634,3987345,+,39712
lncRNA_27026,ptg000017l,3948111,3992212,+,44102
lncRNA_27027,ptg000017l,3948229,3955912,+,7684
lncRNA_27028,ptg000017l,3948669,3969259,+,20591
lncRNA_27029,ptg000017l,3978642,3988237,+,9596
lncRNA_27030,ptg000017l,4018757,4021725,+,2969
lncRNA_27032,ptg000017l,4092410,4096085,+,3676
lncRNA_27035,ptg000017l,4217195,4221953,+,4759
lncRNA_27036,ptg000017l,4206776,4209526,+,2751
lncRNA_27042,ptg000017l,4367780,4370585,+,2806
lncRNA_27043,ptg000017l,4491974,4494344,+,2371
lncRNA_27044,ptg000017l,4492041,4496443,+,4403
lncRNA_27045,ptg000017l,4477147,4481744,+,4598
lncRNA_27046,ptg000017l,4479070,4481744,+,2675
lncRNA_27048,ptg000017l,4690056,4696770,+,6715
lncRNA_27049,ptg000017l,4686154,4689337,+,3184
lncRNA_27050,ptg000017l,4802227,4804475,+,2249
lncRNA_27051,ptg000017l,4807732,4809619,+,1888
lncRNA_27053,ptg000017l,4920134,4924753,+,4620
lncRNA_27054,ptg000017l,4877036,4878440,+,1405
lncRNA_27055,ptg000017l,4961554,4966397,+,4844
lncRNA_27056,ptg000017l,4961612,4967754,+,6143
lncRNA_27057,ptg000017l,4997966,5000386,+,2421
lncRNA_27058,ptg000017l,4998903,5000386,+,1484
lncRNA_27060,ptg000017l,5043819,5046471,+,2653
lncRNA_27062,ptg000017l,5412935,5413675,+,741
lncRNA_27063,ptg000017l,5431657,5475443,+,43787
lncRNA_27065,ptg000017l,5483891,5487680,+,3790
lncRNA_27067,ptg000017l,5779061,5780081,+,1021
lncRNA_27068,ptg000017l,5889860,5891235,+,1376
lncRNA_27069,ptg000017l,5972010,5988141,+,16132
lncRNA_27073,ptg000017l,6013274,6016427,+,3154
lncRNA_27074,ptg000017l,6039064,6047256,+,8193
lncRNA_27076,ptg000017l,6041569,6047256,+,5688
lncRNA_27077,ptg000017l,6063911,6066712,+,2802
lncRNA_27078,ptg000017l,6162135,6164614,+,2480
lncRNA_27084,ptg000017l,6378706,6380807,+,2102
lncRNA_27085,ptg000017l,6441612,6443164,+,1553
lncRNA_27086,ptg000017l,6470405,6480007,+,9603
lncRNA_27087,ptg000017l,6581216,6582564,+,1349
lncRNA_27088,ptg000017l,6583817,6584379,+,563
lncRNA_27093,ptg000017l,6690571,6698427,+,7857
lncRNA_27094,ptg000017l,6690682,6694057,+,3376
lncRNA_27095,ptg000017l,6711941,6719572,+,7632
lncRNA_27096,ptg000017l,6714532,6718168,+,3637
lncRNA_27097,ptg000017l,6813660,6816887,+,3228
lncRNA_27098,ptg000017l,6851770,6854173,+,2404
lncRNA_27100,ptg000017l,7117654,7119388,+,1735
lncRNA_27101,ptg000017l,7117662,7119388,+,1727
lncRNA_27102,ptg000017l,7117669,7119388,+,1720
lncRNA_27103,ptg000017l,7192987,7193480,+,494
lncRNA_27104,ptg000017l,7201341,7205238,+,3898
lncRNA_27106,ptg000017l,7220357,7221179,+,823
lncRNA_27107,ptg000017l,7222044,7225989,+,3946
lncRNA_27108,ptg000017l,7224012,7225008,+,997
lncRNA_27109,ptg000017l,7284196,7286067,+,1872
lncRNA_27110,ptg000017l,7397661,7399042,+,1382
lncRNA_27112,ptg000017l,7438179,7439772,+,1594
lncRNA_27114,ptg000017l,7456633,7457285,+,653
lncRNA_27115,ptg000017l,7526202,7526746,+,545
lncRNA_27116,ptg000017l,7581872,7583310,+,1439
lncRNA_27122,ptg000017l,8182651,8186137,+,3487
lncRNA_27123,ptg000017l,8183195,8187299,+,4105
lncRNA_27124,ptg000017l,8194044,8196132,+,2089
lncRNA_27130,ptg000017l,8456169,8462858,+,6690
lncRNA_27134,ptg000017l,8524503,8527585,+,3083
lncRNA_27135,ptg000017l,8525094,8532994,+,7901
lncRNA_27136,ptg000017l,8527816,8531515,+,3700
lncRNA_27143,ptg000017l,8962053,8966465,+,4413
lncRNA_27144,ptg000017l,8974454,8975698,+,1245
lncRNA_27145,ptg000017l,9108092,9109328,+,1237
lncRNA_27147,ptg000017l,9251650,9267830,+,16181
lncRNA_27148,ptg000017l,9251663,9262815,+,11153
lncRNA_27149,ptg000017l,9251668,9261348,+,9681
lncRNA_27150,ptg000017l,9251680,9271968,+,20289
lncRNA_27151,ptg000017l,9317581,9345297,+,27717
lncRNA_27155,ptg000017l,9395783,9397911,+,2129
lncRNA_27162,ptg000017l,9336451,9339917,+,3467
lncRNA_27167,ptg000017l,9543030,9544967,+,1938
lncRNA_27168,ptg000017l,9554038,9555135,+,1098
lncRNA_27174,ptg000017l,9961226,9965587,+,4362
lncRNA_27177,ptg000017l,10046093,10047664,+,1572
lncRNA_27179,ptg000017l,10120427,10121976,+,1550
lncRNA_27180,ptg000017l,10195395,10197243,+,1849
lncRNA_27183,ptg000017l,10231734,10235542,+,3809
lncRNA_27184,ptg000017l,10231767,10235542,+,3776
lncRNA_27185,ptg000017l,10232037,10236069,+,4033
lncRNA_27187,ptg000017l,10252548,10254869,+,2322
lncRNA_27188,ptg000017l,10292647,10293581,+,935
lncRNA_27189,ptg000017l,10590638,10594266,+,3629
lncRNA_27190,ptg000017l,10758522,10760447,+,1926
lncRNA_27194,ptg000017l,10982157,10985278,+,3122
lncRNA_27198,ptg000017l,11147658,11150501,+,2844
lncRNA_27200,ptg000017l,11172606,11174386,+,1781
lncRNA_27206,ptg000017l,11439621,11447489,+,7869
lncRNA_27207,ptg000017l,11475324,11480329,+,5006
lncRNA_27208,ptg000017l,11478416,11480329,+,1914
lncRNA_27209,ptg000017l,11495978,11499155,+,3178
lncRNA_27212,ptg000017l,11872967,11873846,+,880
lncRNA_27216,ptg000017l,12463997,12466467,+,2471
lncRNA_27217,ptg000017l,12464071,12466467,+,2397
lncRNA_27230,ptg000017l,12801621,12855972,+,54352
lncRNA_27260,ptg000017l,162686,163978,+,1293
lncRNA_27271,ptg000017l,547160,548199,+,1040
lncRNA_27291,ptg000017l,1180125,1181780,+,1656
lncRNA_27306,ptg000017l,1425839,1428186,+,2348
lncRNA_27308,ptg000017l,1690580,1692962,+,2383
lncRNA_27314,ptg000017l,1961083,1963445,+,2363
lncRNA_27315,ptg000017l,1970110,1971945,+,1836
lncRNA_27316,ptg000017l,1972673,1973611,+,939
lncRNA_27317,ptg000017l,1974577,1975595,+,1019
lncRNA_27321,ptg000017l,2049886,2050858,+,973
lncRNA_27343,ptg000017l,2525541,2526383,+,843
lncRNA_27349,ptg000017l,3049985,3050267,+,283
lncRNA_27359,ptg000017l,3508663,3510405,+,1743
lncRNA_27367,ptg000017l,3908601,3909725,+,1125
lncRNA_27384,ptg000017l,4499132,4499966,+,835
lncRNA_27386,ptg000017l,4515378,4516155,+,778
lncRNA_27398,ptg000017l,4928782,4929569,+,788
lncRNA_27403,ptg000017l,5085453,5086395,+,943
lncRNA_27410,ptg000017l,5193823,5194890,+,1068
lncRNA_27419,ptg000017l,6013733,6015088,+,1356
lncRNA_27432,ptg000017l,6428193,6429601,+,1409
lncRNA_27448,ptg000017l,6964204,6965081,+,878
lncRNA_27451,ptg000017l,6997718,6999353,+,1636
lncRNA_27456,ptg000017l,7139030,7140609,+,1580
lncRNA_27465,ptg000017l,7617592,7618886,+,1295
lncRNA_27473,ptg000017l,7783573,7784002,+,430
lncRNA_27478,ptg000017l,7800707,7801806,+,1100
lncRNA_27488,ptg000017l,7845769,7846411,+,643
lncRNA_27503,ptg000017l,8006710,8007732,+,1023
lncRNA_27529,ptg000017l,8151372,8152931,+,1560
lncRNA_27543,ptg000017l,8422247,8423601,+,1355
lncRNA_27549,ptg000017l,8436042,8437005,+,964
lncRNA_27552,ptg000017l,8499977,8503088,+,3112
lncRNA_27554,ptg000017l,8600302,8600544,+,243
lncRNA_27558,ptg000017l,8792756,8793591,+,836
lncRNA_27578,ptg000017l,9618407,9619660,+,1254
lncRNA_27600,ptg000017l,9928979,9929869,+,891
lncRNA_27601,ptg000017l,9936526,9939292,+,2767
lncRNA_27605,ptg000017l,9956953,9958511,+,1559
lncRNA_27606,ptg000017l,9959393,9960465,+,1073
lncRNA_27662,ptg000017l,11286078,11286468,+,391
lncRNA_27668,ptg000017l,11450720,11451511,+,792
lncRNA_27684,ptg000017l,11977584,11978889,+,1306
lncRNA_27746,ptg000018l,5959,13019,+,7061
lncRNA_27750,ptg000018l,122554,123395,+,842
lncRNA_27751,ptg000018l,122797,123395,+,599
lncRNA_27752,ptg000018l,238861,240964,+,2104
lncRNA_27753,ptg000018l,350766,356411,+,5646
lncRNA_27754,ptg000018l,336607,345044,+,8438
lncRNA_27756,ptg000018l,463654,464206,+,553
lncRNA_27757,ptg000018l,565173,570777,+,5605
lncRNA_27759,ptg000018l,624114,629185,+,5072
lncRNA_27760,ptg000018l,675821,676891,+,1071
lncRNA_27761,ptg000018l,691257,693415,+,2159
lncRNA_27763,ptg000018l,792652,794267,+,1616
lncRNA_27764,ptg000018l,880115,880445,+,331
lncRNA_27765,ptg000018l,909624,915550,+,5927
lncRNA_27766,ptg000018l,909685,912957,+,3273
lncRNA_27767,ptg000018l,909685,915550,+,5866
lncRNA_27768,ptg000018l,909799,912957,+,3159
lncRNA_27770,ptg000018l,981107,983150,+,2044
lncRNA_27771,ptg000018l,982055,983150,+,1096
lncRNA_27772,ptg000018l,988589,995515,+,6927
lncRNA_27773,ptg000018l,990800,993806,+,3007
lncRNA_27774,ptg000018l,992751,995515,+,2765
lncRNA_27775,ptg000018l,997385,1003185,+,5801
lncRNA_27776,ptg000018l,997401,1003185,+,5785
lncRNA_27777,ptg000018l,997429,1003185,+,5757
lncRNA_27779,ptg000018l,1016814,1018528,+,1715
lncRNA_27780,ptg000018l,1019055,1021305,+,2251
lncRNA_27781,ptg000018l,1029553,1031112,+,1560
lncRNA_27783,ptg000018l,1066946,1067448,+,503
lncRNA_27784,ptg000018l,1076339,1081423,+,5085
lncRNA_27785,ptg000018l,1138705,1141546,+,2842
lncRNA_27791,ptg000018l,1248425,1250510,+,2086
lncRNA_27793,ptg000018l,1248605,1250510,+,1906
lncRNA_27794,ptg000018l,1248672,1250510,+,1839
lncRNA_27796,ptg000018l,1291805,1292300,+,496
lncRNA_27797,ptg000018l,1297451,1298020,+,570
lncRNA_27800,ptg000018l,1336625,1368379,+,31755
lncRNA_27801,ptg000018l,1433899,1435977,+,2079
lncRNA_27802,ptg000018l,1443240,1444042,+,803
lncRNA_27803,ptg000018l,1679975,1685145,+,5171
lncRNA_27804,ptg000018l,1680315,1685145,+,4831
lncRNA_27805,ptg000018l,1680405,1685145,+,4741
lncRNA_27806,ptg000018l,1723830,1724960,+,1131
lncRNA_27807,ptg000018l,1827810,1828687,+,878
lncRNA_27808,ptg000018l,1830499,1841448,+,10950
lncRNA_27809,ptg000018l,1831282,1841448,+,10167
lncRNA_27810,ptg000018l,1840112,1847161,+,7050
lncRNA_27811,ptg000018l,1896245,1897715,+,1471
lncRNA_27812,ptg000018l,1908722,1912881,+,4160
lncRNA_27813,ptg000018l,2148248,2150309,+,2062
lncRNA_27814,ptg000018l,2148780,2150309,+,1530
lncRNA_27816,ptg000018l,2187604,2188526,+,923
lncRNA_27817,ptg000018l,2298865,2299846,+,982
lncRNA_27819,ptg000018l,2338826,2341169,+,2344
lncRNA_27820,ptg000018l,2340360,2341169,+,810
lncRNA_27822,ptg000018l,2545077,2547794,+,2718
lncRNA_27823,ptg000018l,2591868,2594077,+,2210
lncRNA_27824,ptg000018l,2593224,2594077,+,854
lncRNA_27825,ptg000018l,2670248,2680983,+,10736
lncRNA_27826,ptg000018l,2688715,2692960,+,4246
lncRNA_27827,ptg000018l,2694995,2709996,+,15002
lncRNA_27828,ptg000018l,2696042,2717078,+,21037
lncRNA_27829,ptg000018l,2696319,2713271,+,16953
lncRNA_27830,ptg000018l,2696320,2709996,+,13677
lncRNA_27831,ptg000018l,2698004,2727764,+,29761
lncRNA_27832,ptg000018l,2698039,2743598,+,45560
lncRNA_27833,ptg000018l,2704926,2709996,+,5071
lncRNA_27834,ptg000018l,2704932,2717078,+,12147
lncRNA_27835,ptg000018l,2705129,2717078,+,11950
lncRNA_27837,ptg000018l,2863056,2891937,+,28882
lncRNA_27838,ptg000018l,2863142,2891937,+,28796
lncRNA_27839,ptg000018l,2982770,3024357,+,41588
lncRNA_27840,ptg000018l,2982773,2995465,+,12693
lncRNA_27841,ptg000018l,2982775,3024802,+,42028
lncRNA_27842,ptg000018l,2983069,2994632,+,11564
lncRNA_27843,ptg000018l,2992183,3035369,+,43187
lncRNA_27844,ptg000018l,2993437,3024357,+,30921
lncRNA_27845,ptg000018l,3006855,3021066,+,14212
lncRNA_27847,ptg000018l,3032128,3034325,+,2198
lncRNA_27848,ptg000018l,3062057,3062382,+,326
lncRNA_27849,ptg000018l,3128999,3155216,+,26218
lncRNA_27852,ptg000018l,3131344,3155216,+,23873
lncRNA_27856,ptg000018l,3186777,3196239,+,9463
lncRNA_27857,ptg000018l,3186792,3196239,+,9448
lncRNA_27858,ptg000018l,3186797,3196239,+,9443
lncRNA_27859,ptg000018l,3186823,3194438,+,7616
lncRNA_27861,ptg000018l,3186838,3194438,+,7601
lncRNA_27862,ptg000018l,3187027,3189625,+,2599
lncRNA_27863,ptg000018l,3192139,3196239,+,4101
lncRNA_27865,ptg000018l,3239161,3243199,+,4039
lncRNA_27867,ptg000018l,3319583,3320198,+,616
lncRNA_27868,ptg000018l,3369464,3385424,+,15961
lncRNA_27869,ptg000018l,3375211,3376132,+,922
lncRNA_27870,ptg000018l,3413059,3414756,+,1698
lncRNA_27871,ptg000018l,3440349,3474675,+,34327
lncRNA_27872,ptg000018l,3425148,3428275,+,3128
lncRNA_27873,ptg000018l,3513230,3514662,+,1433
lncRNA_27875,ptg000018l,3511843,3512787,+,945
lncRNA_27876,ptg000018l,3554124,3555472,+,1349
lncRNA_27877,ptg000018l,3601963,3604003,+,2041
lncRNA_27878,ptg000018l,3602120,3604003,+,1884
lncRNA_27879,ptg000018l,3602756,3604003,+,1248
lncRNA_27880,ptg000018l,3613731,3620268,+,6538
lncRNA_27882,ptg000018l,3680352,3682603,+,2252
lncRNA_27885,ptg000018l,3727655,3795263,+,67609
lncRNA_27887,ptg000018l,3727742,3795263,+,67522
lncRNA_27888,ptg000018l,3727756,3766282,+,38527
lncRNA_27889,ptg000018l,3727756,3795263,+,67508
lncRNA_27892,ptg000018l,3729696,3766976,+,37281
lncRNA_27893,ptg000018l,3766554,3796543,+,29990
lncRNA_27894,ptg000018l,3767370,3796543,+,29174
lncRNA_27900,ptg000018l,3749813,3768039,+,18227
lncRNA_27903,ptg000018l,3751664,3769618,+,17955
lncRNA_27904,ptg000018l,3769798,3798767,+,28970
lncRNA_27905,ptg000018l,3854559,3857050,+,2492
lncRNA_27906,ptg000018l,3854704,3857050,+,2347
lncRNA_27917,ptg000018l,4101879,4160157,+,58279
lncRNA_27918,ptg000018l,4101883,4160157,+,58275
lncRNA_27926,ptg000018l,4332042,4367420,+,35379
lncRNA_27933,ptg000018l,4353048,4387454,+,34407
lncRNA_27935,ptg000018l,4353093,4416250,+,63158
lncRNA_27941,ptg000018l,4362122,4391263,+,29142
lncRNA_27947,ptg000018l,4595597,4652079,+,56483
lncRNA_27951,ptg000018l,4486341,4552436,+,66096
lncRNA_27952,ptg000018l,4487335,4553013,+,65679
lncRNA_27953,ptg000018l,4491087,4557195,+,66109
lncRNA_27956,ptg000018l,4596692,4654817,+,58126
lncRNA_27957,ptg000018l,4596704,4654817,+,58114
lncRNA_27965,ptg000018l,4826879,4862214,+,35336
lncRNA_27966,ptg000018l,4772331,4804371,+,32041
lncRNA_27973,ptg000018l,4847883,4910243,+,62361
lncRNA_27976,ptg000018l,5266840,5267520,+,681
lncRNA_27977,ptg000018l,5276758,5278550,+,1793
lncRNA_27978,ptg000018l,5276993,5278550,+,1558
lncRNA_27979,ptg000018l,5277047,5278550,+,1504
lncRNA_27980,ptg000018l,5297562,5301804,+,4243
lncRNA_27981,ptg000018l,5415749,5418416,+,2668
lncRNA_27982,ptg000018l,5553122,5555940,+,2819
lncRNA_27983,ptg000018l,5586558,5589763,+,3206
lncRNA_27986,ptg000018l,5613542,5615565,+,2024
lncRNA_27987,ptg000018l,5680942,5700318,+,19377
lncRNA_27988,ptg000018l,5695148,5700098,+,4951
lncRNA_27989,ptg000018l,5683219,5684660,+,1442
lncRNA_27990,ptg000018l,5724109,5724919,+,811
lncRNA_27991,ptg000018l,5752370,5762418,+,10049
lncRNA_27992,ptg000018l,5770616,5772216,+,1601
lncRNA_27993,ptg000018l,5851756,5853614,+,1859
lncRNA_27994,ptg000018l,5886643,5895521,+,8879
lncRNA_27996,ptg000018l,6036968,6047864,+,10897
lncRNA_27997,ptg000018l,6042294,6047864,+,5571
lncRNA_28007,ptg000018l,6085488,6099455,+,13968
lncRNA_28008,ptg000018l,6095693,6099455,+,3763
lncRNA_28009,ptg000018l,6095865,6099455,+,3591
lncRNA_28010,ptg000018l,6108353,6112606,+,4254
lncRNA_28011,ptg000018l,6110298,6112606,+,2309
lncRNA_28012,ptg000018l,6145720,6249875,+,104156
lncRNA_28013,ptg000018l,6146084,6249875,+,103792
lncRNA_28014,ptg000018l,6157121,6249875,+,92755
lncRNA_28015,ptg000018l,6157685,6249875,+,92191
lncRNA_28016,ptg000018l,6157690,6249875,+,92186
lncRNA_28017,ptg000018l,6165415,6249875,+,84461
lncRNA_28018,ptg000018l,6165691,6231420,+,65730
lncRNA_28019,ptg000018l,6165849,6249875,+,84027
lncRNA_28020,ptg000018l,6206600,6231420,+,24821
lncRNA_28021,ptg000018l,6218571,6249650,+,31080
lncRNA_28022,ptg000018l,6218618,6249875,+,31258
lncRNA_28023,ptg000018l,6218625,6231420,+,12796
lncRNA_28024,ptg000018l,6218627,6249567,+,30941
lncRNA_28025,ptg000018l,6218634,6249875,+,31242
lncRNA_28026,ptg000018l,6218636,6249650,+,31015
lncRNA_28027,ptg000018l,6218638,6249650,+,31013
lncRNA_28028,ptg000018l,6218651,6249504,+,30854
lncRNA_28029,ptg000018l,6218661,6249875,+,31215
lncRNA_28030,ptg000018l,6230760,6249650,+,18891
lncRNA_28031,ptg000018l,6289580,6299182,+,9603
lncRNA_28032,ptg000018l,6310533,6311103,+,571
lncRNA_28033,ptg000018l,6323562,6326213,+,2652
lncRNA_28034,ptg000018l,6326266,6328649,+,2384
lncRNA_28035,ptg000018l,6481629,6533457,+,51829
lncRNA_28036,ptg000018l,6594580,6597097,+,2518
lncRNA_28037,ptg000018l,6594846,6597097,+,2252
lncRNA_28039,ptg000018l,6598111,6601652,+,3542
lncRNA_28040,ptg000018l,6598463,6601652,+,3190
lncRNA_28041,ptg000018l,6598541,6601652,+,3112
lncRNA_28042,ptg000018l,6598547,6601652,+,3106
lncRNA_28043,ptg000018l,6683342,6686604,+,3263
lncRNA_28046,ptg000018l,6683431,6686191,+,2761
lncRNA_28047,ptg000018l,6788490,6789011,+,522
lncRNA_28050,ptg000018l,6880810,6882421,+,1612
lncRNA_28051,ptg000018l,6883818,6885702,+,1885
lncRNA_28052,ptg000018l,6973430,6976844,+,3415
lncRNA_28055,ptg000018l,7016474,7046964,+,30491
lncRNA_28056,ptg000018l,7111334,7116059,+,4726
lncRNA_28057,ptg000018l,7614847,7615283,+,437
lncRNA_28062,ptg000018l,7769668,7789462,+,19795
lncRNA_28067,ptg000018l,7771250,7790562,+,19313
lncRNA_28074,ptg000018l,7778012,7789462,+,11451
lncRNA_28075,ptg000018l,7785746,7790562,+,4817
lncRNA_28077,ptg000018l,7801327,7802069,+,743
lncRNA_28078,ptg000018l,7062742,7068251,+,5510
lncRNA_28085,ptg000018l,7567599,7592299,+,24701
lncRNA_28099,ptg000018l,7954428,7961031,+,6604
lncRNA_28100,ptg000018l,7954463,7961787,+,7325
lncRNA_28101,ptg000018l,7956709,7961031,+,4323
lncRNA_28102,ptg000018l,8001312,8008054,+,6743
lncRNA_28103,ptg000018l,8001315,8008054,+,6740
lncRNA_28104,ptg000018l,8001315,8011602,+,10288
lncRNA_28105,ptg000018l,8001338,8011602,+,10265
lncRNA_28106,ptg000018l,8004776,8007128,+,2353
lncRNA_28107,ptg000018l,8034558,8036726,+,2169
lncRNA_28108,ptg000018l,8034558,8040238,+,5681
lncRNA_28109,ptg000018l,8034572,8039277,+,4706
lncRNA_28110,ptg000018l,8034632,8040238,+,5607
lncRNA_28111,ptg000018l,8038525,8042419,+,3895
lncRNA_28113,ptg000018l,8013858,8018822,+,4965
lncRNA_28119,ptg000018l,8111130,8116696,+,5567
lncRNA_28121,ptg000018l,8123524,8124142,+,619
lncRNA_28122,ptg000018l,8184984,8244647,+,59664
lncRNA_28123,ptg000018l,8268440,8271682,+,3243
lncRNA_28124,ptg000018l,8437486,8439832,+,2347
lncRNA_28125,ptg000018l,8477077,8486038,+,8962
lncRNA_28128,ptg000018l,8619434,8619859,+,426
lncRNA_28129,ptg000018l,8630035,8635766,+,5732
lncRNA_28130,ptg000018l,8686822,8688287,+,1466
lncRNA_28136,ptg000018l,8901714,8904341,+,2628
lncRNA_28137,ptg000018l,9037661,9038440,+,780
lncRNA_28138,ptg000018l,9111108,9115543,+,4436
lncRNA_28140,ptg000018l,9227578,9229646,+,2069
lncRNA_28141,ptg000018l,9227592,9229646,+,2055
lncRNA_28142,ptg000018l,9266798,9268203,+,1406
lncRNA_28149,ptg000018l,9406907,9408102,+,1196
lncRNA_28150,ptg000018l,9433028,9433636,+,609
lncRNA_28151,ptg000018l,9466101,9467402,+,1302
lncRNA_28157,ptg000018l,9724835,9725991,+,1157
lncRNA_28160,ptg000018l,9914093,9920081,+,5989
lncRNA_28164,ptg000018l,9967589,9981798,+,14210
lncRNA_28168,ptg000018l,10248327,10248568,+,242
lncRNA_28169,ptg000018l,10248723,10250602,+,1880
lncRNA_28171,ptg000018l,10248723,10252343,+,3621
lncRNA_28172,ptg000018l,10331590,10332511,+,922
lncRNA_28173,ptg000018l,10332512,10334872,+,2361
lncRNA_28175,ptg000018l,10333399,10335889,+,2491
lncRNA_28181,ptg000018l,10334873,10335889,+,1017
lncRNA_28182,ptg000018l,10357978,10376843,+,18866
lncRNA_28185,ptg000018l,10405124,10425192,+,20069
lncRNA_28188,ptg000018l,10534434,10536904,+,2471
lncRNA_28191,ptg000018l,10601307,10602718,+,1412
lncRNA_28192,ptg000018l,10628578,10633301,+,4724
lncRNA_28193,ptg000018l,10628709,10633301,+,4593
lncRNA_28196,ptg000018l,10695390,10703818,+,8429
lncRNA_28197,ptg000018l,10698836,10703818,+,4983
lncRNA_28198,ptg000018l,10775279,10778837,+,3559
lncRNA_28199,ptg000018l,10776455,10778837,+,2383
lncRNA_28204,ptg000018l,11152939,11157374,+,4436
lncRNA_28206,ptg000018l,11399492,11405475,+,5984
lncRNA_28208,ptg000018l,11434429,11464858,+,30430
lncRNA_28209,ptg000018l,11569369,11571368,+,2000
lncRNA_28210,ptg000018l,11626169,11635473,+,9305
lncRNA_28216,ptg000018l,11918486,11919427,+,942
lncRNA_28217,ptg000018l,11932663,11932983,+,321
lncRNA_28218,ptg000018l,12063319,12067147,+,3829
lncRNA_28219,ptg000018l,12064491,12069900,+,5410
lncRNA_28220,ptg000018l,12123603,12125411,+,1809
lncRNA_28221,ptg000018l,12181631,12241077,+,59447
lncRNA_28231,ptg000018l,12866989,12890309,+,23321
lncRNA_28286,ptg000018l,13024390,13025259,+,870
lncRNA_28287,ptg000018l,13035318,13036886,+,1569
lncRNA_28290,ptg000018l,13128667,13205932,+,77266
lncRNA_28291,ptg000018l,13130201,13205932,+,75732
lncRNA_28292,ptg000018l,13135818,13205932,+,70115
lncRNA_28293,ptg000018l,13136328,13205932,+,69605
lncRNA_28300,ptg000018l,13193188,13205932,+,12745
lncRNA_28302,ptg000018l,13195551,13205932,+,10382
lncRNA_28303,ptg000018l,13196243,13205932,+,9690
lncRNA_28306,ptg000018l,13226492,13227759,+,1268
lncRNA_28308,ptg000018l,13283077,13287393,+,4317
lncRNA_28312,ptg000018l,13450993,13453366,+,2374
lncRNA_28321,ptg000018l,14038593,14040491,+,1899
lncRNA_28322,ptg000018l,14039041,14040491,+,1451
lncRNA_28326,ptg000018l,14350439,14350761,+,323
lncRNA_28327,ptg000018l,14422871,14425897,+,3027
lncRNA_28330,ptg000018l,14512357,14552416,+,40060
lncRNA_28337,ptg000018l,14571170,14572493,+,1324
lncRNA_28350,ptg000018l,14809747,14811924,+,2178
lncRNA_28377,ptg000018l,15689520,15695324,+,5805
lncRNA_28380,ptg000018l,15865525,15868267,+,2743
lncRNA_28381,ptg000018l,15866167,15868267,+,2101
lncRNA_28382,ptg000018l,15866832,15868267,+,1436
lncRNA_28393,ptg000018l,16065641,16150843,+,85203
lncRNA_28412,ptg000018l,16488876,16492124,+,3249
lncRNA_28413,ptg000018l,16488884,16492124,+,3241
lncRNA_28433,ptg000018l,317260,321634,+,4375
lncRNA_28443,ptg000018l,431853,433083,+,1231
lncRNA_28449,ptg000018l,554742,555765,+,1024
lncRNA_28450,ptg000018l,554916,555765,+,850
lncRNA_28451,ptg000018l,563293,564646,+,1354
lncRNA_28452,ptg000018l,596608,603902,+,7295
lncRNA_28453,ptg000018l,601087,610185,+,9099
lncRNA_28454,ptg000018l,630844,631562,+,719
lncRNA_28455,ptg000018l,665192,666911,+,1720
lncRNA_28456,ptg000018l,744767,749832,+,5066
lncRNA_28458,ptg000018l,757637,758847,+,1211
lncRNA_28459,ptg000018l,779781,783384,+,3604
lncRNA_28461,ptg000018l,909683,912957,+,3275
lncRNA_28462,ptg000018l,909864,912957,+,3094
lncRNA_28463,ptg000018l,915059,918076,+,3018
lncRNA_28465,ptg000018l,915115,919562,+,4448
lncRNA_28466,ptg000018l,915244,917452,+,2209
lncRNA_28468,ptg000018l,1013951,1016509,+,2559
lncRNA_28469,ptg000018l,1013972,1015939,+,1968
lncRNA_28472,ptg000018l,1120913,1125578,+,4666
lncRNA_28473,ptg000018l,1127340,1128972,+,1633
lncRNA_28474,ptg000018l,1136915,1139177,+,2263
lncRNA_28476,ptg000018l,1217759,1222399,+,4641
lncRNA_28478,ptg000018l,1259800,1265361,+,5562
lncRNA_28479,ptg000018l,1260545,1265361,+,4817
lncRNA_28480,ptg000018l,1403167,1434971,+,31805
lncRNA_28481,ptg000018l,1522499,1523419,+,921
lncRNA_28482,ptg000018l,1535628,1537579,+,1952
lncRNA_28483,ptg000018l,1680826,1685723,+,4898
lncRNA_28484,ptg000018l,1692891,1703763,+,10873
lncRNA_28485,ptg000018l,1693654,1705554,+,11901
lncRNA_28486,ptg000018l,1694262,1701884,+,7623
lncRNA_28488,ptg000018l,1702720,1715294,+,12575
lncRNA_28489,ptg000018l,1793136,1797029,+,3894
lncRNA_28490,ptg000018l,1793774,1797029,+,3256
lncRNA_28491,ptg000018l,1828859,1830094,+,1236
lncRNA_28492,ptg000018l,1838958,1842091,+,3134
lncRNA_28494,ptg000018l,2017123,2019204,+,2082
lncRNA_28495,ptg000018l,2034562,2039374,+,4813
lncRNA_28496,ptg000018l,2037500,2040067,+,2568
lncRNA_28497,ptg000018l,2043000,2048415,+,5416
lncRNA_28498,ptg000018l,2069085,2070818,+,1734
lncRNA_28499,ptg000018l,2089775,2093829,+,4055
lncRNA_28500,ptg000018l,2140083,2142210,+,2128
lncRNA_28501,ptg000018l,2180787,2182643,+,1857
lncRNA_28502,ptg000018l,2129173,2150309,+,21137
lncRNA_28504,ptg000018l,2205772,2227438,+,21667
lncRNA_28505,ptg000018l,2206103,2227438,+,21336
lncRNA_28506,ptg000018l,2206159,2227438,+,21280
lncRNA_28507,ptg000018l,2206394,2227438,+,21045
lncRNA_28508,ptg000018l,2210267,2227438,+,17172
lncRNA_28509,ptg000018l,2210342,2227438,+,17097
lncRNA_28510,ptg000018l,2210374,2225545,+,15172
lncRNA_28511,ptg000018l,2210374,2227438,+,17065
lncRNA_28512,ptg000018l,2210379,2224250,+,13872
lncRNA_28513,ptg000018l,2210382,2227438,+,17057
lncRNA_28514,ptg000018l,2210388,2227438,+,17051
lncRNA_28515,ptg000018l,2210400,2224250,+,13851
lncRNA_28516,ptg000018l,2210409,2227438,+,17030
lncRNA_28517,ptg000018l,2210441,2223261,+,12821
lncRNA_28520,ptg000018l,2315478,2320229,+,4752
lncRNA_28521,ptg000018l,2317120,2320195,+,3076
lncRNA_28523,ptg000018l,2317272,2320195,+,2924
lncRNA_28524,ptg000018l,2317481,2319861,+,2381
lncRNA_28525,ptg000018l,2321225,2323189,+,1965
lncRNA_28526,ptg000018l,2344068,2365227,+,21160
lncRNA_28527,ptg000018l,2344877,2365227,+,20351
lncRNA_28530,ptg000018l,2401003,2402139,+,1137
lncRNA_28531,ptg000018l,2544876,2547851,+,2976
lncRNA_28532,ptg000018l,2548594,2549457,+,864
lncRNA_28534,ptg000018l,2624357,2625005,+,649
lncRNA_28535,ptg000018l,2757537,2778206,+,20670
lncRNA_28537,ptg000018l,2983331,2998358,+,15028
lncRNA_28541,ptg000018l,3030699,3035376,+,4678
lncRNA_28542,ptg000018l,3035385,3052095,+,16711
lncRNA_28543,ptg000018l,3088044,3093383,+,5340
lncRNA_28544,ptg000018l,3089253,3093383,+,4131
lncRNA_28547,ptg000018l,3154370,3158700,+,4331
lncRNA_28548,ptg000018l,3274044,3275846,+,1803
lncRNA_28552,ptg000018l,3429629,3431588,+,1960
lncRNA_28553,ptg000018l,3541285,3543772,+,2488
lncRNA_28555,ptg000018l,3604403,3605563,+,1161
lncRNA_28556,ptg000018l,3657003,3660632,+,3630
lncRNA_28557,ptg000018l,3679087,3680058,+,972
lncRNA_28558,ptg000018l,3681729,3682603,+,875
lncRNA_28560,ptg000018l,3726549,3792188,+,65640
lncRNA_28561,ptg000018l,3726554,3823296,+,96743
lncRNA_28562,ptg000018l,3791681,3823296,+,31616
lncRNA_28563,ptg000018l,3731091,3796582,+,65492
lncRNA_28566,ptg000018l,3828809,3857050,+,28242
lncRNA_28568,ptg000018l,3867674,3914139,+,46466
lncRNA_28570,ptg000018l,4017814,4071328,+,53515
lncRNA_28571,ptg000018l,4100737,4157459,+,56723
lncRNA_28572,ptg000018l,4100941,4157873,+,56933
lncRNA_28574,ptg000018l,4224992,4226969,+,1978
lncRNA_28576,ptg000018l,4340294,4371782,+,31489
lncRNA_28577,ptg000018l,4340528,4372771,+,32244
lncRNA_28578,ptg000018l,4340917,4399201,+,58285
lncRNA_28579,ptg000018l,4340970,4372771,+,31802
lncRNA_28580,ptg000018l,4341228,4373320,+,32093
lncRNA_28581,ptg000018l,4341723,4373891,+,32169
lncRNA_28584,ptg000018l,4546685,4566140,+,19456
lncRNA_28585,ptg000018l,4595574,4652231,+,56658
lncRNA_28588,ptg000018l,4719554,4721778,+,2225
lncRNA_28589,ptg000018l,4835359,4867697,+,32339
lncRNA_28590,ptg000018l,4835989,4893998,+,58010
lncRNA_28592,ptg000018l,5125993,5127297,+,1305
lncRNA_28599,ptg000018l,5405692,5409375,+,3684
lncRNA_28600,ptg000018l,5433060,5434008,+,949
lncRNA_28601,ptg000018l,5433083,5434008,+,926
lncRNA_28602,ptg000018l,5463988,5465799,+,1812
lncRNA_28605,ptg000018l,5490055,5494941,+,4887
lncRNA_28609,ptg000018l,5490275,5496501,+,6227
lncRNA_28610,ptg000018l,5572783,5576250,+,3468
lncRNA_28611,ptg000018l,5594495,5596860,+,2366
lncRNA_28612,ptg000018l,5631003,5647558,+,16556
lncRNA_28613,ptg000018l,5635118,5647558,+,12441
lncRNA_28614,ptg000018l,5638238,5647558,+,9321
lncRNA_28615,ptg000018l,5639128,5647558,+,8431
lncRNA_28618,ptg000018l,5767226,5769459,+,2234
lncRNA_28619,ptg000018l,5775459,5785007,+,9549
lncRNA_28620,ptg000018l,5775992,5785007,+,9016
lncRNA_28623,ptg000018l,5833027,5839574,+,6548
lncRNA_28624,ptg000018l,5834344,5837765,+,3422
lncRNA_28625,ptg000018l,5881508,5885285,+,3778
lncRNA_28628,ptg000018l,5886375,5891420,+,5046
lncRNA_28629,ptg000018l,6145512,6149956,+,4445
lncRNA_28630,ptg000018l,6145572,6149161,+,3590
lncRNA_28631,ptg000018l,6145572,6160733,+,15162
lncRNA_28633,ptg000018l,6145626,6168914,+,23289
lncRNA_28634,ptg000018l,6145646,6160733,+,15088
lncRNA_28636,ptg000018l,6157121,6160733,+,3613
lncRNA_28638,ptg000018l,6177398,6180834,+,3437
lncRNA_28639,ptg000018l,6177402,6239192,+,61791
lncRNA_28640,ptg000018l,6128442,6131698,+,3257
lncRNA_28642,ptg000018l,6297567,6298501,+,935
lncRNA_28643,ptg000018l,6310525,6315911,+,5387
lncRNA_28644,ptg000018l,6325517,6326613,+,1097
lncRNA_28646,ptg000018l,6357159,6357590,+,432
lncRNA_28648,ptg000018l,6687394,6691459,+,4066
lncRNA_28649,ptg000018l,6804081,6804906,+,826
lncRNA_28650,ptg000018l,6843262,6845927,+,2666
lncRNA_28651,ptg000018l,6844072,6844813,+,742
lncRNA_28658,ptg000018l,7480829,7481428,+,600
lncRNA_28660,ptg000018l,7534528,7540328,+,5801
lncRNA_28664,ptg000018l,7761569,7763038,+,1470
lncRNA_28678,ptg000018l,7788105,7790562,+,2458
lncRNA_28679,ptg000018l,7788810,7790562,+,1753
lncRNA_28683,ptg000018l,7947645,7948993,+,1349
lncRNA_28684,ptg000018l,7947744,7948993,+,1250
lncRNA_28686,ptg000018l,8021078,8021835,+,758
lncRNA_28687,ptg000018l,8030393,8033646,+,3254
lncRNA_28689,ptg000018l,8113253,8118406,+,5154
lncRNA_28690,ptg000018l,8129144,8134703,+,5560
lncRNA_28691,ptg000018l,8139667,8153886,+,14220
lncRNA_28692,ptg000018l,8151598,8153859,+,2262
lncRNA_28694,ptg000018l,8256635,8259994,+,3360
lncRNA_28695,ptg000018l,8288337,8290769,+,2433
lncRNA_28696,ptg000018l,8437486,8442505,+,5020
lncRNA_28697,ptg000018l,8440107,8444279,+,4173
lncRNA_28698,ptg000018l,8470580,8471317,+,738
lncRNA_28703,ptg000018l,8710084,8711648,+,1565
lncRNA_28704,ptg000018l,8738506,8740874,+,2369
lncRNA_28706,ptg000018l,8736473,8738063,+,1591
lncRNA_28707,ptg000018l,8780105,8782977,+,2873
lncRNA_28708,ptg000018l,8816827,8818093,+,1267
lncRNA_28709,ptg000018l,8825379,8844269,+,18891
lncRNA_28729,ptg000018l,9717553,9720363,+,2811
lncRNA_28731,ptg000018l,9745372,9746762,+,1391
lncRNA_28732,ptg000018l,9749106,9750970,+,1865
lncRNA_28733,ptg000018l,9788084,9796032,+,7949
lncRNA_28734,ptg000018l,9807667,9809584,+,1918
lncRNA_28735,ptg000018l,9830215,9831481,+,1267
lncRNA_28737,ptg000018l,9985884,9988675,+,2792
lncRNA_28744,ptg000018l,10214592,10217299,+,2708
lncRNA_28745,ptg000018l,10204760,10229963,+,25204
lncRNA_28751,ptg000018l,10272811,10282116,+,9306
lncRNA_28753,ptg000018l,10357279,10376753,+,19475
lncRNA_28758,ptg000018l,10453017,10470076,+,17060
lncRNA_28759,ptg000018l,10398894,10401136,+,2243
lncRNA_28763,ptg000018l,10480500,10485066,+,4567
lncRNA_28764,ptg000018l,10480607,10485066,+,4460
lncRNA_28767,ptg000018l,10562137,10564462,+,2326
lncRNA_28768,ptg000018l,10590365,10594181,+,3817
lncRNA_28771,ptg000018l,10689229,10689906,+,678
lncRNA_28772,ptg000018l,10692148,10697319,+,5172
lncRNA_28773,ptg000018l,10692205,10708498,+,16294
lncRNA_28774,ptg000018l,10767565,10769477,+,1913
lncRNA_28775,ptg000018l,10778791,10779534,+,744
lncRNA_28776,ptg000018l,10822270,10828416,+,6147
lncRNA_28777,ptg000018l,10822270,10831484,+,9215
lncRNA_28784,ptg000018l,11029243,11030093,+,851
lncRNA_28789,ptg000018l,11245116,11249594,+,4479
lncRNA_28790,ptg000018l,11245201,11247077,+,1877
lncRNA_28791,ptg000018l,11245545,11248044,+,2500
lncRNA_28792,ptg000018l,11254011,11270666,+,16656
lncRNA_28793,ptg000018l,11254025,11257702,+,3678
lncRNA_28794,ptg000018l,11346503,11349224,+,2722
lncRNA_28795,ptg000018l,11347378,11349224,+,1847
lncRNA_28796,ptg000018l,11423196,11460104,+,36909
lncRNA_28798,ptg000018l,11569369,11572145,+,2777
lncRNA_28802,ptg000018l,11727410,11730400,+,2991
lncRNA_28803,ptg000018l,11801447,11801778,+,332
lncRNA_28804,ptg000018l,11868501,11875621,+,7121
lncRNA_28806,ptg000018l,11934293,11934932,+,640
lncRNA_28810,ptg000018l,12064432,12070049,+,5618
lncRNA_28813,ptg000018l,12157764,12162048,+,4285
lncRNA_28814,ptg000018l,12157797,12161593,+,3797
lncRNA_28817,ptg000018l,12325685,12329235,+,3551
lncRNA_28819,ptg000018l,12476779,12478801,+,2023
lncRNA_28820,ptg000018l,12543841,12545052,+,1212
lncRNA_28825,ptg000018l,12876055,12881728,+,5674
lncRNA_28828,ptg000018l,12882149,12884984,+,2836
lncRNA_28829,ptg000018l,12882206,12884984,+,2779
lncRNA_28830,ptg000018l,12886738,12887871,+,1134
lncRNA_28834,ptg000018l,13239159,13242012,+,2854
lncRNA_28837,ptg000018l,13453940,13455832,+,1893
lncRNA_28840,ptg000018l,13576883,13579233,+,2351
lncRNA_28843,ptg000018l,13577607,13579233,+,1627
lncRNA_28844,ptg000018l,13594281,13595655,+,1375
lncRNA_28846,ptg000018l,14065974,14080127,+,14154
lncRNA_28847,ptg000018l,14052015,14053017,+,1003
lncRNA_28848,ptg000018l,14070290,14073671,+,3382
lncRNA_28849,ptg000018l,14070659,14073671,+,3013
lncRNA_28850,ptg000018l,14071113,14073671,+,2559
lncRNA_28852,ptg000018l,14109143,14112175,+,3033
lncRNA_28854,ptg000018l,14283330,14301013,+,17684
lncRNA_28855,ptg000018l,14284494,14297009,+,12516
lncRNA_28856,ptg000018l,14298812,14303312,+,4501
lncRNA_28857,ptg000018l,14377465,14379083,+,1619
lncRNA_28858,ptg000018l,14430661,14431602,+,942
lncRNA_28860,ptg000018l,14498910,14520585,+,21676
lncRNA_28863,ptg000018l,14573126,14585677,+,12552
lncRNA_28882,ptg000018l,15689448,15695334,+,5887
lncRNA_28883,ptg000018l,15689449,15695334,+,5886
lncRNA_28884,ptg000018l,15689461,15695334,+,5874
lncRNA_28900,ptg000018l,16483591,16494317,+,10727
lncRNA_28908,ptg000018l,16609950,16649444,+,39495
lncRNA_28917,ptg000018l,7975,9151,+,1177
lncRNA_28949,ptg000018l,1281906,1283305,+,1400
lncRNA_28950,ptg000018l,1283683,1284329,+,647
lncRNA_28952,ptg000018l,1325830,1327230,+,1401
lncRNA_28953,ptg000018l,1327616,1328734,+,1119
lncRNA_28975,ptg000018l,2193203,2195182,+,1980
lncRNA_29005,ptg000018l,5107654,5108015,+,362
lncRNA_29018,ptg000018l,6551138,6552436,+,1299
lncRNA_29025,ptg000018l,6931205,6932565,+,1361
lncRNA_29038,ptg000018l,7318081,7319185,+,1105
lncRNA_29071,ptg000018l,9201645,9203961,+,2317
lncRNA_29086,ptg000018l,9731494,9732599,+,1106
lncRNA_29092,ptg000018l,10072294,10073538,+,1245
lncRNA_29093,ptg000018l,10074447,10074812,+,366
lncRNA_29100,ptg000018l,10273534,10274246,+,713
lncRNA_29102,ptg000018l,10437557,10437840,+,284
lncRNA_29133,ptg000018l,11349589,11350467,+,879
lncRNA_29134,ptg000018l,11405502,11406860,+,1359
lncRNA_29137,ptg000018l,11471464,11472781,+,1318
lncRNA_29139,ptg000018l,11504736,11505386,+,651
lncRNA_29168,ptg000018l,12441924,12444048,+,2125
lncRNA_29174,ptg000018l,12520232,12522086,+,1855
lncRNA_29175,ptg000018l,12523426,12525885,+,2460
lncRNA_29202,ptg000018l,13208182,13209529,+,1348
lncRNA_29224,ptg000018l,13653095,13654035,+,941
lncRNA_29228,ptg000018l,13698948,13699623,+,676
lncRNA_29246,ptg000018l,13988257,13989231,+,975
lncRNA_29264,ptg000018l,14134673,14136340,+,1668
lncRNA_29276,ptg000018l,14279396,14282811,+,3416
lncRNA_29341,ptg000018l,15408310,15409744,+,1435
lncRNA_29350,ptg000018l,15484846,15485771,+,926
lncRNA_29365,ptg000018l,15868881,15870124,+,1244
lncRNA_29438,ptg000018l,16653468,16655312,+,1845
lncRNA_29462,ptg000019l,146820,148741,+,1922
lncRNA_29469,ptg000019l,357836,368089,+,10254
lncRNA_29470,ptg000019l,439804,445642,+,5839
lncRNA_29471,ptg000019l,439996,445642,+,5647
lncRNA_29472,ptg000019l,440236,445642,+,5407
lncRNA_29473,ptg000019l,440246,445642,+,5397
lncRNA_29474,ptg000019l,448427,455448,+,7022
lncRNA_29475,ptg000019l,454031,458133,+,4103
lncRNA_29476,ptg000019l,532306,539141,+,6836
lncRNA_29477,ptg000019l,627668,673013,+,45346
lncRNA_29480,ptg000019l,625950,658720,+,32771
lncRNA_29481,ptg000019l,627497,658720,+,31224
lncRNA_29485,ptg000019l,1008886,1015433,+,6548
lncRNA_29486,ptg000019l,1008886,1015941,+,7056
lncRNA_29490,ptg000019l,1180522,1181272,+,751
lncRNA_29491,ptg000019l,1296631,1299131,+,2501
lncRNA_29492,ptg000019l,1325198,1327592,+,2395
lncRNA_29493,ptg000019l,1672538,1675319,+,2782
lncRNA_29495,ptg000019l,1717841,1720355,+,2515
lncRNA_29496,ptg000019l,1717900,1720355,+,2456
lncRNA_29498,ptg000019l,1753670,1755269,+,1600
lncRNA_29499,ptg000019l,1753753,1754662,+,910
lncRNA_29500,ptg000019l,1784231,1790876,+,6646
lncRNA_29503,ptg000019l,1784241,1790876,+,6636
lncRNA_29504,ptg000019l,1784248,1790876,+,6629
lncRNA_29505,ptg000019l,1785984,1789845,+,3862
lncRNA_29509,ptg000019l,1973231,1980767,+,7537
lncRNA_29510,ptg000019l,1982492,1985336,+,2845
lncRNA_29511,ptg000019l,2031790,2036337,+,4548
lncRNA_29515,ptg000019l,2153935,2160363,+,6429
lncRNA_29517,ptg000019l,2386387,2392812,+,6426
lncRNA_29518,ptg000019l,2389284,2395828,+,6545
lncRNA_29519,ptg000019l,2573000,2605165,+,32166
lncRNA_29522,ptg000019l,2575810,2605033,+,29224
lncRNA_29523,ptg000019l,2576825,2600382,+,23558
lncRNA_29526,ptg000019l,2586092,2609265,+,23174
lncRNA_29528,ptg000019l,2586101,2609265,+,23165
lncRNA_29533,ptg000019l,2598022,2609265,+,11244
lncRNA_29536,ptg000019l,2948935,2949207,+,273
lncRNA_29539,ptg000019l,2970410,2978251,+,7842
lncRNA_29557,ptg000019l,3623994,3625764,+,1771
lncRNA_29558,ptg000019l,3628217,3628730,+,514
lncRNA_29559,ptg000019l,3636554,3642611,+,6058
lncRNA_29560,ptg000019l,3773371,3775883,+,2513
lncRNA_29561,ptg000019l,3773541,3775883,+,2343
lncRNA_29562,ptg000019l,3781516,3782555,+,1040
lncRNA_29563,ptg000019l,3798683,3800338,+,1656
lncRNA_29565,ptg000019l,3975080,3976536,+,1457
lncRNA_29566,ptg000019l,3962676,3964655,+,1980
lncRNA_29569,ptg000019l,4109866,4111849,+,1984
lncRNA_29570,ptg000019l,4125018,4146317,+,21300
lncRNA_29571,ptg000019l,4284743,4291456,+,6714
lncRNA_29572,ptg000019l,4284837,4291456,+,6620
lncRNA_29574,ptg000019l,4284914,4291456,+,6543
lncRNA_29575,ptg000019l,4284926,4291456,+,6531
lncRNA_29576,ptg000019l,4307988,4315604,+,7617
lncRNA_29577,ptg000019l,4312859,4315604,+,2746
lncRNA_29578,ptg000019l,4313142,4315604,+,2463
lncRNA_29579,ptg000019l,4328880,4333079,+,4200
lncRNA_29580,ptg000019l,4329082,4333079,+,3998
lncRNA_29581,ptg000019l,4400095,4401200,+,1106
lncRNA_29583,ptg000019l,4466618,4481116,+,14499
lncRNA_29584,ptg000019l,4468217,4481116,+,12900
lncRNA_29585,ptg000019l,4468310,4481116,+,12807
lncRNA_29586,ptg000019l,4472992,4481116,+,8125
lncRNA_29587,ptg000019l,4534363,4536073,+,1711
lncRNA_29589,ptg000019l,4549659,4554287,+,4629
lncRNA_29590,ptg000019l,4562633,4571503,+,8871
lncRNA_29591,ptg000019l,4562684,4571503,+,8820
lncRNA_29592,ptg000019l,4562944,4571503,+,8560
lncRNA_29593,ptg000019l,4563093,4571503,+,8411
lncRNA_29596,ptg000019l,4780822,4782948,+,2127
lncRNA_29597,ptg000019l,4816391,4827698,+,11308
lncRNA_29599,ptg000019l,4850042,4851462,+,1421
lncRNA_29600,ptg000019l,4871769,4877186,+,5418
lncRNA_29601,ptg000019l,4872986,4877186,+,4201
lncRNA_29602,ptg000019l,4883360,4888748,+,5389
lncRNA_29604,ptg000019l,4913791,4915347,+,1557
lncRNA_29605,ptg000019l,4915506,4916348,+,843
lncRNA_29606,ptg000019l,4919966,4920902,+,937
lncRNA_29607,ptg000019l,4932631,4951131,+,18501
lncRNA_29613,ptg000019l,5130764,5137308,+,6545
lncRNA_29614,ptg000019l,5154576,5159967,+,5392
lncRNA_29615,ptg000019l,5217421,5222838,+,5418
lncRNA_29616,ptg000019l,5217639,5222838,+,5200
lncRNA_29617,ptg000019l,5221072,5221952,+,881
lncRNA_29621,ptg000019l,5352850,5354150,+,1301
lncRNA_29622,ptg000019l,5364761,5365440,+,680
lncRNA_29623,ptg000019l,5379715,5391747,+,12033
lncRNA_29624,ptg000019l,5386184,5391747,+,5564
lncRNA_29625,ptg000019l,5435848,5437100,+,1253
lncRNA_29627,ptg000019l,5543493,5548442,+,4950
lncRNA_29629,ptg000019l,5548688,5549300,+,613
lncRNA_29630,ptg000019l,5660703,5662198,+,1496
lncRNA_29631,ptg000019l,5707708,5708533,+,826
lncRNA_29632,ptg000019l,5734690,5739579,+,4890
lncRNA_29636,ptg000019l,5803507,5806810,+,3304
lncRNA_29644,ptg000019l,5970057,5998117,+,28061
lncRNA_29645,ptg000019l,5970079,5998117,+,28039
lncRNA_29646,ptg000019l,5970680,5972290,+,1611
lncRNA_29647,ptg000019l,5976372,5985012,+,8641
lncRNA_29648,ptg000019l,5983752,5985012,+,1261
lncRNA_29653,ptg000019l,233458,235824,+,2367
lncRNA_29654,ptg000019l,233476,235824,+,2349
lncRNA_29655,ptg000019l,233634,235824,+,2191
lncRNA_29657,ptg000019l,357810,367774,+,9965
lncRNA_29658,ptg000019l,359988,369732,+,9745
lncRNA_29660,ptg000019l,453602,456669,+,3068
lncRNA_29661,ptg000019l,454073,458192,+,4120
lncRNA_29662,ptg000019l,458586,467669,+,9084
lncRNA_29664,ptg000019l,555068,562632,+,7565
lncRNA_29665,ptg000019l,555256,558978,+,3723
lncRNA_29666,ptg000019l,555379,558978,+,3600
lncRNA_29673,ptg000019l,1008306,1016542,+,8237
lncRNA_29674,ptg000019l,1008711,1016318,+,7608
lncRNA_29675,ptg000019l,1008847,1016318,+,7472
lncRNA_29676,ptg000019l,1008915,1016318,+,7404
lncRNA_29677,ptg000019l,1036011,1038424,+,2414
lncRNA_29682,ptg000019l,1145142,1150209,+,5068
lncRNA_29683,ptg000019l,1145389,1148488,+,3100
lncRNA_29684,ptg000019l,1151792,1153433,+,1642
lncRNA_29685,ptg000019l,1174329,1177253,+,2925
lncRNA_29686,ptg000019l,1259708,1263501,+,3794
lncRNA_29688,ptg000019l,1293121,1298780,+,5660
lncRNA_29690,ptg000019l,1435738,1439275,+,3538
lncRNA_29692,ptg000019l,1491649,1494654,+,3006
lncRNA_29693,ptg000019l,1754199,1756061,+,1863
lncRNA_29696,ptg000019l,1784221,1849430,+,65210
lncRNA_29697,ptg000019l,1982227,1985315,+,3089
lncRNA_29698,ptg000019l,1982502,1985315,+,2814
lncRNA_29699,ptg000019l,1982527,1985315,+,2789
lncRNA_29700,ptg000019l,1982563,1985315,+,2753
lncRNA_29701,ptg000019l,1982582,1985315,+,2734
lncRNA_29702,ptg000019l,1982590,1985315,+,2726
lncRNA_29703,ptg000019l,1982628,1985315,+,2688
lncRNA_29704,ptg000019l,1982647,1985315,+,2669
lncRNA_29705,ptg000019l,1982666,1985315,+,2650
lncRNA_29706,ptg000019l,1982673,1984103,+,1431
lncRNA_29707,ptg000019l,2034136,2037518,+,3383
lncRNA_29708,ptg000019l,2034200,2037518,+,3319
lncRNA_29709,ptg000019l,2035485,2037518,+,2034
lncRNA_29712,ptg000019l,2165741,2168197,+,2457
lncRNA_29714,ptg000019l,2232680,2239438,+,6759
lncRNA_29717,ptg000019l,2328310,2329662,+,1353
lncRNA_29718,ptg000019l,2374191,2375810,+,1620
lncRNA_29726,ptg000019l,2501388,2503702,+,2315
lncRNA_29727,ptg000019l,2501780,2503702,+,1923
lncRNA_29728,ptg000019l,2510622,2580908,+,70287
lncRNA_29729,ptg000019l,2510673,2580908,+,70236
lncRNA_29730,ptg000019l,2513981,2585145,+,71165
lncRNA_29731,ptg000019l,2514025,2585145,+,71121
lncRNA_29732,ptg000019l,2583995,2608882,+,24888
lncRNA_29733,ptg000019l,2737959,2740087,+,2129
lncRNA_29734,ptg000019l,2786922,2788524,+,1603
lncRNA_29737,ptg000019l,2952861,2955664,+,2804
lncRNA_29739,ptg000019l,3269448,3271977,+,2530
lncRNA_29748,ptg000019l,3625385,3628953,+,3569
lncRNA_29749,ptg000019l,3637850,3642716,+,4867
lncRNA_29750,ptg000019l,3638225,3641584,+,3360
lncRNA_29754,ptg000019l,3691144,3692913,+,1770
lncRNA_29755,ptg000019l,3717176,3720825,+,3650
lncRNA_29756,ptg000019l,3895305,3902423,+,7119
lncRNA_29757,ptg000019l,3895356,3898897,+,3542
lncRNA_29758,ptg000019l,3895420,3902423,+,7004
lncRNA_29760,ptg000019l,4152236,4157101,+,4866
lncRNA_29761,ptg000019l,4152525,4154038,+,1514
lncRNA_29764,ptg000019l,4225164,4227408,+,2245
lncRNA_29767,ptg000019l,4355308,4356744,+,1437
lncRNA_29768,ptg000019l,4424840,4425226,+,387
lncRNA_29769,ptg000019l,4427904,4430771,+,2868
lncRNA_29770,ptg000019l,4465835,4469827,+,3993
lncRNA_29771,ptg000019l,4466618,4469827,+,3210
lncRNA_29774,ptg000019l,4484538,4491869,+,7332
lncRNA_29775,ptg000019l,4530957,4532154,+,1198
lncRNA_29776,ptg000019l,4550507,4555508,+,5002
lncRNA_29777,ptg000019l,4588409,4591441,+,3033
lncRNA_29778,ptg000019l,4588502,4591441,+,2940
lncRNA_29780,ptg000019l,4659129,4661017,+,1889
lncRNA_29781,ptg000019l,4659131,4660945,+,1815
lncRNA_29782,ptg000019l,4659160,4661017,+,1858
lncRNA_29784,ptg000019l,4819558,4827698,+,8141
lncRNA_29785,ptg000019l,4820899,4827698,+,6800
lncRNA_29788,ptg000019l,4902897,4904889,+,1993
lncRNA_29791,ptg000019l,4994200,4996858,+,2659
lncRNA_29795,ptg000019l,5144535,5152438,+,7904
lncRNA_29796,ptg000019l,5144677,5152438,+,7762
lncRNA_29797,ptg000019l,5145058,5152438,+,7381
lncRNA_29798,ptg000019l,5202062,5208326,+,6265
lncRNA_29799,ptg000019l,5208951,5211903,+,2953
lncRNA_29800,ptg000019l,5214364,5220937,+,6574
lncRNA_29801,ptg000019l,5214647,5224558,+,9912
lncRNA_29802,ptg000019l,5217411,5224558,+,7148
lncRNA_29803,ptg000019l,5259682,5272369,+,12688
lncRNA_29804,ptg000019l,5259688,5272369,+,12682
lncRNA_29806,ptg000019l,5259689,5272369,+,12681
lncRNA_29807,ptg000019l,5277374,5286331,+,8958
lncRNA_29808,ptg000019l,5277462,5291050,+,13589
lncRNA_29809,ptg000019l,5277469,5285160,+,7692
lncRNA_29810,ptg000019l,5277471,5289715,+,12245
lncRNA_29811,ptg000019l,5277471,5290675,+,13205
lncRNA_29812,ptg000019l,5277478,5286331,+,8854
lncRNA_29813,ptg000019l,5277478,5300494,+,23017
lncRNA_29814,ptg000019l,5277488,5293130,+,15643
lncRNA_29820,ptg000019l,5324628,5329903,+,5276
lncRNA_29821,ptg000019l,5327988,5329903,+,1916
lncRNA_29822,ptg000019l,5338201,5339202,+,1002
lncRNA_29823,ptg000019l,5349060,5352579,+,3520
lncRNA_29824,ptg000019l,5448671,5450742,+,2072
lncRNA_29825,ptg000019l,5448965,5451486,+,2522
lncRNA_29826,ptg000019l,5455170,5456874,+,1705
lncRNA_29827,ptg000019l,5476433,5476835,+,403
lncRNA_29829,ptg000019l,5484700,5509641,+,24942
lncRNA_29830,ptg000019l,5598273,5600449,+,2177
lncRNA_29831,ptg000019l,5617937,5627487,+,9551
lncRNA_29832,ptg000019l,5633442,5636109,+,2668
lncRNA_29833,ptg000019l,5633535,5641958,+,8424
lncRNA_29834,ptg000019l,5690879,5692312,+,1434
lncRNA_29835,ptg000019l,5736250,5741865,+,5616
lncRNA_29836,ptg000019l,5750256,5760116,+,9861
lncRNA_29837,ptg000019l,5757215,5760116,+,2902
lncRNA_29838,ptg000019l,5761190,5765257,+,4068
lncRNA_29852,ptg000019l,548286,548870,+,585
lncRNA_29858,ptg000019l,836510,836744,+,235
lncRNA_29869,ptg000019l,999371,999649,+,279
lncRNA_29876,ptg000019l,1306317,1307221,+,905
lncRNA_29884,ptg000019l,1572085,1572354,+,270
lncRNA_29894,ptg000019l,2331676,2334275,+,2600
lncRNA_29905,ptg000019l,2906395,2907872,+,1478
lncRNA_29909,ptg000019l,2993029,2993584,+,556
lncRNA_29914,ptg000019l,3177762,3178998,+,1237
lncRNA_29920,ptg000019l,3220491,3221104,+,614
lncRNA_29942,ptg000019l,3478517,3480722,+,2206
lncRNA_29955,ptg000019l,3583941,3584435,+,495
lncRNA_29959,ptg000019l,3801255,3801463,+,209
lncRNA_29970,ptg000019l,4445690,4447120,+,1431
lncRNA_29979,ptg000019l,4533005,4533679,+,675
lncRNA_30008,ptg000019l,5141319,5142519,+,1201
lncRNA_30017,ptg000019l,5311067,5312046,+,980
lncRNA_30040,ptg000020l,52945,57709,+,4765
lncRNA_30041,ptg000020l,52947,57709,+,4763
lncRNA_30042,ptg000020l,52955,57709,+,4755
lncRNA_30043,ptg000020l,53083,57709,+,4627
lncRNA_30044,ptg000020l,53105,57709,+,4605
lncRNA_30047,ptg000020l,54340,57709,+,3370
lncRNA_30048,ptg000020l,54373,57709,+,3337
lncRNA_30056,ptg000020l,132541,133318,+,778
lncRNA_30058,ptg000020l,203263,206700,+,3438
lncRNA_30059,ptg000020l,237437,239878,+,2442
lncRNA_30060,ptg000020l,237523,239878,+,2356
lncRNA_30062,ptg000020l,335632,338694,+,3063
lncRNA_30063,ptg000020l,355206,358148,+,2943
lncRNA_30065,ptg000020l,528747,530090,+,1344
lncRNA_30066,ptg000020l,528751,530090,+,1340
lncRNA_30067,ptg000020l,571028,575049,+,4022
lncRNA_30069,ptg000020l,591397,596363,+,4967
lncRNA_30070,ptg000020l,621832,624517,+,2686
lncRNA_30071,ptg000020l,642076,645129,+,3054
lncRNA_30072,ptg000020l,684913,686804,+,1892
lncRNA_30073,ptg000020l,723794,724392,+,599
lncRNA_30074,ptg000020l,772347,773132,+,786
lncRNA_30075,ptg000020l,776096,776908,+,813
lncRNA_30076,ptg000020l,802798,807290,+,4493
lncRNA_30077,ptg000020l,1102340,1116102,+,13763
lncRNA_30079,ptg000020l,1270546,1370005,+,99460
lncRNA_30080,ptg000020l,1281945,1352291,+,70347
lncRNA_30085,ptg000020l,1310929,1334641,+,23713
lncRNA_30086,ptg000020l,1312665,1336566,+,23902
lncRNA_30087,ptg000020l,1313618,1337221,+,23604
lncRNA_30088,ptg000020l,1313618,1370899,+,57282
lncRNA_30089,ptg000020l,1313644,1370899,+,57256
lncRNA_30090,ptg000020l,1314108,1337592,+,23485
lncRNA_30091,ptg000020l,1314108,1392186,+,78079
lncRNA_30092,ptg000020l,1329209,1351725,+,22517
lncRNA_30096,ptg000020l,1392682,1425810,+,33129
lncRNA_30100,ptg000020l,1405015,1439243,+,34229
lncRNA_30101,ptg000020l,1428295,1466142,+,37848
lncRNA_30102,ptg000020l,1465522,1466142,+,621
lncRNA_30105,ptg000020l,1437495,1454758,+,17264
lncRNA_30109,ptg000020l,1441053,1460634,+,19582
lncRNA_30114,ptg000020l,1619138,1619478,+,341
lncRNA_30117,ptg000020l,1763403,1768052,+,4650
lncRNA_30121,ptg000020l,1740151,1740652,+,502
lncRNA_30122,ptg000020l,1850059,1852724,+,2666
lncRNA_30134,ptg000020l,2305547,2348711,+,43165
lncRNA_30136,ptg000020l,2589691,2602811,+,13121
lncRNA_30139,ptg000020l,2595553,2602704,+,7152
lncRNA_30141,ptg000020l,2608208,2610823,+,2616
lncRNA_30142,ptg000020l,2608225,2611054,+,2830
lncRNA_30144,ptg000020l,2613323,2629641,+,16319
lncRNA_30146,ptg000020l,2613740,2627291,+,13552
lncRNA_30147,ptg000020l,2615273,2627419,+,12147
lncRNA_30148,ptg000020l,2617140,2625519,+,8380
lncRNA_30149,ptg000020l,2617934,2627419,+,9486
lncRNA_30150,ptg000020l,2622188,2626604,+,4417
lncRNA_30151,ptg000020l,2622188,2630777,+,8590
lncRNA_30152,ptg000020l,2622190,2630777,+,8588
lncRNA_30153,ptg000020l,2622199,2630777,+,8579
lncRNA_30154,ptg000020l,2622261,2626604,+,4344
lncRNA_30156,ptg000020l,2623689,2630777,+,7089
lncRNA_30157,ptg000020l,2621293,2625684,+,4392
lncRNA_30158,ptg000020l,2672398,2674342,+,1945
lncRNA_30159,ptg000020l,2707297,2710468,+,3172
lncRNA_30160,ptg000020l,2707347,2709490,+,2144
lncRNA_30161,ptg000020l,2765827,2767219,+,1393
lncRNA_30163,ptg000020l,2882215,2885341,+,3127
lncRNA_30164,ptg000020l,2894704,2898697,+,3994
lncRNA_30165,ptg000020l,2894706,2898697,+,3992
lncRNA_30167,ptg000020l,2894747,2898697,+,3951
lncRNA_30170,ptg000020l,3014673,3015447,+,775
lncRNA_30173,ptg000020l,3109054,3116140,+,7087
lncRNA_30174,ptg000020l,3110689,3117852,+,7164
lncRNA_30175,ptg000020l,3179509,3182871,+,3363
lncRNA_30176,ptg000020l,3201799,3203840,+,2042
lncRNA_30177,ptg000020l,3202408,3204143,+,1736
lncRNA_30178,ptg000020l,3206434,3210056,+,3623
lncRNA_30180,ptg000020l,3283077,3286412,+,3336
lncRNA_30181,ptg000020l,3548696,3566438,+,17743
lncRNA_30182,ptg000020l,3549116,3566438,+,17323
lncRNA_30183,ptg000020l,3580098,3588317,+,8220
lncRNA_30184,ptg000020l,3580103,3590648,+,10546
lncRNA_30185,ptg000020l,3901901,3908034,+,6134
lncRNA_30186,ptg000020l,3903203,3908034,+,4832
lncRNA_30187,ptg000020l,3904240,3908034,+,3795
lncRNA_30189,ptg000020l,3920887,3922799,+,1913
lncRNA_30191,ptg000020l,4007581,4019373,+,11793
lncRNA_30192,ptg000020l,4007663,4019373,+,11711
lncRNA_30193,ptg000020l,4010148,4049266,+,39119
lncRNA_30196,ptg000020l,4079179,4082258,+,3080
lncRNA_30197,ptg000020l,4079204,4082258,+,3055
lncRNA_30198,ptg000020l,4079786,4082258,+,2473
lncRNA_30199,ptg000020l,4087861,4097528,+,9668
lncRNA_30201,ptg000020l,4147373,4150138,+,2766
lncRNA_30202,ptg000020l,4216208,4221196,+,4989
lncRNA_30206,ptg000020l,4226811,4229990,+,3180
lncRNA_30207,ptg000020l,4226812,4229990,+,3179
lncRNA_30210,ptg000020l,4226828,4229990,+,3163
lncRNA_30211,ptg000020l,4333221,4334646,+,1426
lncRNA_30212,ptg000020l,4425212,4438067,+,12856
lncRNA_30215,ptg000020l,4469077,4492603,+,23527
lncRNA_30217,ptg000020l,4547358,4548243,+,886
lncRNA_30218,ptg000020l,4601092,4606361,+,5270
lncRNA_30219,ptg000020l,4601173,4606361,+,5189
lncRNA_30220,ptg000020l,4601245,4606361,+,5117
lncRNA_30221,ptg000020l,4602002,4606361,+,4360
lncRNA_30222,ptg000020l,4757640,4763957,+,6318
lncRNA_30225,ptg000020l,4812624,4813649,+,1026
lncRNA_30228,ptg000020l,4859355,4862052,+,2698
lncRNA_30230,ptg000020l,4917491,5065116,+,147626
lncRNA_30231,ptg000020l,5091074,5093208,+,2135
lncRNA_30232,ptg000020l,5091197,5093208,+,2012
lncRNA_30233,ptg000020l,5101254,5108196,+,6943
lncRNA_30234,ptg000020l,5105866,5108196,+,2331
lncRNA_30235,ptg000020l,5111771,5112743,+,973
lncRNA_30236,ptg000020l,5169638,5171164,+,1527
lncRNA_30237,ptg000020l,5175089,5178707,+,3619
lncRNA_30239,ptg000020l,5254453,5255712,+,1260
lncRNA_30240,ptg000020l,5372017,5374724,+,2708
lncRNA_30241,ptg000020l,5407392,5408743,+,1352
lncRNA_30242,ptg000020l,5423555,5424106,+,552
lncRNA_30244,ptg000020l,5499241,5500652,+,1412
lncRNA_30250,ptg000020l,5520736,5522820,+,2085
lncRNA_30251,ptg000020l,5653215,5668331,+,15117
lncRNA_30252,ptg000020l,5688542,5693219,+,4678
lncRNA_30265,ptg000020l,6591984,6595025,+,3042
lncRNA_30267,ptg000020l,6614185,6617085,+,2901
lncRNA_30269,ptg000020l,6614762,6617085,+,2324
lncRNA_30273,ptg000020l,6867326,6884580,+,17255
lncRNA_30274,ptg000020l,6871277,6873513,+,2237
lncRNA_30278,ptg000020l,7056402,7057432,+,1031
lncRNA_30280,ptg000020l,7197240,7198678,+,1439
lncRNA_30281,ptg000020l,7209681,7213365,+,3685
lncRNA_30282,ptg000020l,7209690,7213365,+,3676
lncRNA_30283,ptg000020l,7209796,7213365,+,3570
lncRNA_30284,ptg000020l,7210142,7213365,+,3224
lncRNA_30286,ptg000020l,7210164,7213365,+,3202
lncRNA_30287,ptg000020l,7210172,7213365,+,3194
lncRNA_30288,ptg000020l,7210190,7213365,+,3176
lncRNA_30289,ptg000020l,7210191,7213365,+,3175
lncRNA_30290,ptg000020l,7210223,7213365,+,3143
lncRNA_30291,ptg000020l,7414416,7417589,+,3174
lncRNA_30293,ptg000020l,7501069,7504002,+,2934
lncRNA_30294,ptg000020l,7502131,7504002,+,1872
lncRNA_30295,ptg000020l,7671012,7671967,+,956
lncRNA_30301,ptg000020l,7881678,7976261,+,94584
lncRNA_30303,ptg000020l,7881780,7967743,+,85964
lncRNA_30305,ptg000020l,7881793,7956257,+,74465
lncRNA_30306,ptg000020l,7881795,7988657,+,106863
lncRNA_30313,ptg000020l,8179973,8180940,+,968
lncRNA_30315,ptg000020l,8305256,8307787,+,2532
lncRNA_30316,ptg000020l,8314013,8315474,+,1462
lncRNA_30317,ptg000020l,8353383,8366924,+,13542
lncRNA_30318,ptg000020l,8353576,8362935,+,9360
lncRNA_30319,ptg000020l,8353576,8367673,+,14098
lncRNA_30320,ptg000020l,8353578,8366924,+,13347
lncRNA_30323,ptg000020l,8356067,8366924,+,10858
lncRNA_30324,ptg000020l,8357177,8366924,+,9748
lncRNA_30325,ptg000020l,8362418,8366924,+,4507
lncRNA_30326,ptg000020l,8364298,8367673,+,3376
lncRNA_30328,ptg000020l,8531471,8533121,+,1651
lncRNA_30330,ptg000020l,8620851,8623252,+,2402
lncRNA_30331,ptg000020l,8671028,8674158,+,3131
lncRNA_30333,ptg000020l,8797114,8798845,+,1732
lncRNA_30334,ptg000020l,8797207,8801176,+,3970
lncRNA_30335,ptg000020l,8802734,8809287,+,6554
lncRNA_30336,ptg000020l,8802741,8809287,+,6547
lncRNA_30338,ptg000020l,8967021,8982065,+,15045
lncRNA_30345,ptg000020l,9145860,9149249,+,3390
lncRNA_30346,ptg000020l,9145867,9149249,+,3383
lncRNA_30347,ptg000020l,9145878,9149249,+,3372
lncRNA_30348,ptg000020l,9145895,9149249,+,3355
lncRNA_30349,ptg000020l,9202565,9204372,+,1808
lncRNA_30350,ptg000020l,9202569,9204372,+,1804
lncRNA_30351,ptg000020l,9211956,9212368,+,413
lncRNA_30352,ptg000020l,9238346,9259349,+,21004
lncRNA_30354,ptg000020l,9336918,9339904,+,2987
lncRNA_30355,ptg000020l,9426817,9430323,+,3507
lncRNA_30356,ptg000020l,9437280,9441238,+,3959
lncRNA_30357,ptg000020l,9437592,9440748,+,3157
lncRNA_30358,ptg000020l,9445276,9450344,+,5069
lncRNA_30359,ptg000020l,9445286,9449638,+,4353
lncRNA_30360,ptg000020l,9527299,9528321,+,1023
lncRNA_30361,ptg000020l,9544870,9550113,+,5244
lncRNA_30364,ptg000020l,9544912,9550113,+,5202
lncRNA_30365,ptg000020l,9544922,9550113,+,5192
lncRNA_30366,ptg000020l,9544924,9550113,+,5190
lncRNA_30368,ptg000020l,9544925,9550113,+,5189
lncRNA_30369,ptg000020l,9544927,9550113,+,5187
lncRNA_30370,ptg000020l,9544928,9550113,+,5186
lncRNA_30374,ptg000020l,9544940,9550113,+,5174
lncRNA_30376,ptg000020l,9546701,9550113,+,3413
lncRNA_30377,ptg000020l,9546702,9549072,+,2371
lncRNA_30378,ptg000020l,9546702,9550113,+,3412
lncRNA_30379,ptg000020l,9547362,9550113,+,2752
lncRNA_30380,ptg000020l,9547372,9550113,+,2742
lncRNA_30382,ptg000020l,9547424,9550113,+,2690
lncRNA_30384,ptg000020l,9547447,9550113,+,2667
lncRNA_30385,ptg000020l,9547457,9550113,+,2657
lncRNA_30386,ptg000020l,9547911,9550113,+,2203
lncRNA_30387,ptg000020l,9548262,9550113,+,1852
lncRNA_30388,ptg000020l,9606071,9606606,+,536
lncRNA_30392,ptg000020l,9674404,9683977,+,9574
lncRNA_30393,ptg000020l,9677723,9683844,+,6122
lncRNA_30394,ptg000020l,9784866,9787304,+,2439
lncRNA_30395,ptg000020l,9748125,9748563,+,439
lncRNA_30396,ptg000020l,9820181,9821540,+,1360
lncRNA_30397,ptg000020l,9879449,9933036,+,53588
lncRNA_30398,ptg000020l,10047945,10053249,+,5305
lncRNA_30405,ptg000020l,10059175,10060330,+,1156
lncRNA_30406,ptg000020l,10082022,10090432,+,8411
lncRNA_30407,ptg000020l,10091980,10094299,+,2320
lncRNA_30408,ptg000020l,10132841,10137690,+,4850
lncRNA_30409,ptg000020l,10128311,10130926,+,2616
lncRNA_30411,ptg000020l,10202903,10204974,+,2072
lncRNA_30412,ptg000020l,10238703,10241027,+,2325
lncRNA_30414,ptg000020l,10307824,10309252,+,1429
lncRNA_30415,ptg000020l,10334900,10340020,+,5121
lncRNA_30416,ptg000020l,10334903,10340020,+,5118
lncRNA_30417,ptg000020l,10336203,10340020,+,3818
lncRNA_30418,ptg000020l,10336320,10340020,+,3701
lncRNA_30419,ptg000020l,10378287,10380312,+,2026
lncRNA_30420,ptg000020l,10378327,10380312,+,1986
lncRNA_30421,ptg000020l,10398004,10412444,+,14441
lncRNA_30422,ptg000020l,10411454,10412444,+,991
lncRNA_30423,ptg000020l,10398372,10410812,+,12441
lncRNA_30424,ptg000020l,10398484,10406480,+,7997
lncRNA_30426,ptg000020l,10398484,10410812,+,12329
lncRNA_30429,ptg000020l,10399086,10410812,+,11727
lncRNA_30430,ptg000020l,10399092,10410812,+,11721
lncRNA_30431,ptg000020l,10399143,10410812,+,11670
lncRNA_30436,ptg000020l,10399188,10409193,+,10006
lncRNA_30437,ptg000020l,10399270,10410812,+,11543
lncRNA_30438,ptg000020l,10399303,10410812,+,11510
lncRNA_30440,ptg000020l,10399317,10410812,+,11496
lncRNA_30442,ptg000020l,10399343,10406480,+,7138
lncRNA_30443,ptg000020l,10399343,10409193,+,9851
lncRNA_30444,ptg000020l,10399343,10410812,+,11470
lncRNA_30445,ptg000020l,10399375,10406480,+,7106
lncRNA_30446,ptg000020l,10399412,10406480,+,7069
lncRNA_30448,ptg000020l,10399412,10410812,+,11401
lncRNA_30449,ptg000020l,10399523,10409193,+,9671
lncRNA_30452,ptg000020l,10399532,10409193,+,9662
lncRNA_30453,ptg000020l,10399583,10405906,+,6324
lncRNA_30454,ptg000020l,10399583,10406480,+,6898
lncRNA_30458,ptg000020l,10399583,10409193,+,9611
lncRNA_30459,ptg000020l,10399601,10406480,+,6880
lncRNA_30460,ptg000020l,10399606,10410812,+,11207
lncRNA_30461,ptg000020l,10438426,10440045,+,1620
lncRNA_30463,ptg000020l,10526015,10544945,+,18931
lncRNA_30464,ptg000020l,10573653,10576129,+,2477
lncRNA_30467,ptg000020l,10788677,10796337,+,7661
lncRNA_30469,ptg000020l,10863326,10867030,+,3705
lncRNA_30470,ptg000020l,10895310,10897747,+,2438
lncRNA_30472,ptg000020l,11026442,11027476,+,1035
lncRNA_30474,ptg000020l,11280378,11282969,+,2592
lncRNA_30475,ptg000020l,11322630,11326026,+,3397
lncRNA_30476,ptg000020l,11322722,11326026,+,3305
lncRNA_30479,ptg000020l,11705704,11717437,+,11734
lncRNA_30480,ptg000020l,11716856,11717437,+,582
lncRNA_30481,ptg000020l,11706203,11717744,+,11542
lncRNA_30490,ptg000020l,11925861,11935336,+,9476
lncRNA_30491,ptg000020l,11925864,11935336,+,9473
lncRNA_30492,ptg000020l,11925864,11938092,+,12229
lncRNA_30493,ptg000020l,11925872,11929069,+,3198
lncRNA_30495,ptg000020l,11925960,11960546,+,34587
lncRNA_30497,ptg000020l,11925965,11929069,+,3105
lncRNA_30498,ptg000020l,11925971,11929069,+,3099
lncRNA_30499,ptg000020l,11925971,11935336,+,9366
lncRNA_30501,ptg000020l,11935414,11935887,+,474
lncRNA_30504,ptg000020l,11997097,11997669,+,573
lncRNA_30506,ptg000020l,12006621,12016022,+,9402
lncRNA_30507,ptg000020l,12069689,12074684,+,4996
lncRNA_30508,ptg000020l,12069713,12074684,+,4972
lncRNA_30510,ptg000020l,12070224,12074684,+,4461
lncRNA_30512,ptg000020l,12168121,12173551,+,5431
lncRNA_30513,ptg000020l,12168244,12173551,+,5308
lncRNA_30519,ptg000020l,12633284,12648611,+,15328
lncRNA_30520,ptg000020l,12633326,12648611,+,15286
lncRNA_30525,ptg000020l,12708577,12712705,+,4129
lncRNA_30526,ptg000020l,12718072,12720132,+,2061
lncRNA_30527,ptg000020l,12733918,12735128,+,1211
lncRNA_30528,ptg000020l,12734478,12735389,+,912
lncRNA_30530,ptg000020l,12799648,12801680,+,2033
lncRNA_30531,ptg000020l,12800745,12801680,+,936
lncRNA_30532,ptg000020l,12871212,12873312,+,2101
lncRNA_30534,ptg000020l,13051448,13052025,+,578
lncRNA_30542,ptg000020l,13874469,13896573,+,22105
lncRNA_30543,ptg000020l,13879070,13909050,+,29981
lncRNA_30545,ptg000020l,13879370,13911411,+,32042
lncRNA_30546,ptg000020l,13881718,13911411,+,29694
lncRNA_30549,ptg000020l,13879704,13909547,+,29844
lncRNA_30551,ptg000020l,13881207,13910881,+,29675
lncRNA_30557,ptg000020l,14425939,14426681,+,743
lncRNA_30559,ptg000020l,14743055,14743817,+,763
lncRNA_30572,ptg000020l,15351241,15358101,+,6861
lncRNA_30584,ptg000020l,15857595,15862985,+,5391
lncRNA_30585,ptg000020l,15857632,15862985,+,5354
lncRNA_30586,ptg000020l,15857659,15862985,+,5327
lncRNA_30587,ptg000020l,15858322,15862985,+,4664
lncRNA_30599,ptg000020l,16400911,16401533,+,623
lncRNA_30600,ptg000020l,16484212,16487293,+,3082
lncRNA_30606,ptg000020l,16594705,16596046,+,1342
lncRNA_30618,ptg000020l,21306,34665,+,13360
lncRNA_30619,ptg000020l,54993,90242,+,35250
lncRNA_30620,ptg000020l,59997,60983,+,987
lncRNA_30623,ptg000020l,124478,127076,+,2599
lncRNA_30624,ptg000020l,158842,160233,+,1392
lncRNA_30627,ptg000020l,205599,214626,+,9028
lncRNA_30632,ptg000020l,322518,324306,+,1789
lncRNA_30633,ptg000020l,332858,335539,+,2682
lncRNA_30634,ptg000020l,332861,335539,+,2679
lncRNA_30635,ptg000020l,347786,353107,+,5322
lncRNA_30636,ptg000020l,347813,354907,+,7095
lncRNA_30637,ptg000020l,348526,353214,+,4689
lncRNA_30638,ptg000020l,470025,471320,+,1296
lncRNA_30639,ptg000020l,518431,520917,+,2487
lncRNA_30640,ptg000020l,525611,526152,+,542
lncRNA_30642,ptg000020l,556634,560399,+,3766
lncRNA_30643,ptg000020l,587830,598374,+,10545
lncRNA_30644,ptg000020l,588016,598374,+,10359
lncRNA_30645,ptg000020l,588510,598217,+,9708
lncRNA_30646,ptg000020l,611485,612251,+,767
lncRNA_30647,ptg000020l,794982,795306,+,325
lncRNA_30649,ptg000020l,830512,831556,+,1045
lncRNA_30650,ptg000020l,843942,858030,+,14089
lncRNA_30651,ptg000020l,843972,858030,+,14059
lncRNA_30654,ptg000020l,927053,927745,+,693
lncRNA_30655,ptg000020l,1036140,1036602,+,463
lncRNA_30656,ptg000020l,1056345,1061332,+,4988
lncRNA_30658,ptg000020l,1137464,1139168,+,1705
lncRNA_30659,ptg000020l,1141581,1142051,+,471
lncRNA_30660,ptg000020l,1243967,1245063,+,1097
lncRNA_30661,ptg000020l,1244091,1245063,+,973
lncRNA_30662,ptg000020l,1264223,1265732,+,1510
lncRNA_30664,ptg000020l,1354732,1374184,+,19453
lncRNA_30665,ptg000020l,1423316,1458795,+,35480
lncRNA_30667,ptg000020l,1426163,1462058,+,35896
lncRNA_30671,ptg000020l,1420443,1454631,+,34189
lncRNA_30673,ptg000020l,1480303,1483385,+,3083
lncRNA_30676,ptg000020l,1623420,1624380,+,961
lncRNA_30678,ptg000020l,1650313,1651291,+,979
lncRNA_30679,ptg000020l,1633385,1636965,+,3581
lncRNA_30680,ptg000020l,1633504,1635658,+,2155
lncRNA_30681,ptg000020l,1634045,1635579,+,1535
lncRNA_30682,ptg000020l,1637657,1639626,+,1970
lncRNA_30683,ptg000020l,1799083,1804077,+,4995
lncRNA_30684,ptg000020l,1799152,1802744,+,3593
lncRNA_30685,ptg000020l,1799161,1802744,+,3584
lncRNA_30687,ptg000020l,1715671,1716999,+,1329
lncRNA_30688,ptg000020l,1740151,1744170,+,4020
lncRNA_30690,ptg000020l,1753280,1756530,+,3251
lncRNA_30693,ptg000020l,1776622,1782611,+,5990
lncRNA_30704,ptg000020l,1952683,1954473,+,1791
lncRNA_30705,ptg000020l,1952685,1955531,+,2847
lncRNA_30706,ptg000020l,1956764,1957404,+,641
lncRNA_30707,ptg000020l,1962965,1972399,+,9435
lncRNA_30708,ptg000020l,1963054,1972399,+,9346
lncRNA_30709,ptg000020l,1974512,1975121,+,610
lncRNA_30710,ptg000020l,1981901,1983037,+,1137
lncRNA_30711,ptg000020l,1981904,1985478,+,3575
lncRNA_30713,ptg000020l,1982168,1983265,+,1098
lncRNA_30714,ptg000020l,2010660,2012689,+,2030
lncRNA_30715,ptg000020l,1987074,1996089,+,9016
lncRNA_30716,ptg000020l,1987485,1995551,+,8067
lncRNA_30717,ptg000020l,1988044,1996413,+,8370
lncRNA_30721,ptg000020l,2048244,2050729,+,2486
lncRNA_30722,ptg000020l,2069920,2071656,+,1737
lncRNA_30723,ptg000020l,2070711,2071656,+,946
lncRNA_30724,ptg000020l,2070933,2071656,+,724
lncRNA_30725,ptg000020l,2139758,2140874,+,1117
lncRNA_30726,ptg000020l,2139886,2140874,+,989
lncRNA_30728,ptg000020l,2189680,2193881,+,4202
lncRNA_30729,ptg000020l,2196095,2202227,+,6133
lncRNA_30730,ptg000020l,2202934,2205712,+,2779
lncRNA_30731,ptg000020l,2202945,2205712,+,2768
lncRNA_30732,ptg000020l,2214932,2216550,+,1619
lncRNA_30734,ptg000020l,2376525,2377872,+,1348
lncRNA_30738,ptg000020l,2589957,2602158,+,12202
lncRNA_30741,ptg000020l,2608185,2610787,+,2603
lncRNA_30743,ptg000020l,2608185,2610981,+,2797
lncRNA_30744,ptg000020l,2622842,2630777,+,7936
lncRNA_30745,ptg000020l,2644909,2671374,+,26466
lncRNA_30746,ptg000020l,2644953,2674342,+,29390
lncRNA_30747,ptg000020l,2644997,2674342,+,29346
lncRNA_30749,ptg000020l,2645006,2671567,+,26562
lncRNA_30750,ptg000020l,2645006,2674342,+,29337
lncRNA_30751,ptg000020l,2764506,2847933,+,83428
lncRNA_30752,ptg000020l,2808922,2812720,+,3799
lncRNA_30753,ptg000020l,2941271,2942838,+,1568
lncRNA_30754,ptg000020l,2971747,2979379,+,7633
lncRNA_30755,ptg000020l,2972281,2979379,+,7099
lncRNA_30757,ptg000020l,2972503,2979379,+,6877
lncRNA_30758,ptg000020l,2972707,2979379,+,6673
lncRNA_30759,ptg000020l,3042901,3047585,+,4685
lncRNA_30760,ptg000020l,3042916,3047585,+,4670
lncRNA_30761,ptg000020l,3044510,3047585,+,3076
lncRNA_30763,ptg000020l,3059954,3065299,+,5346
lncRNA_30765,ptg000020l,3060328,3062083,+,1756
lncRNA_30766,ptg000020l,3084315,3089212,+,4898
lncRNA_30767,ptg000020l,3115089,3123020,+,7932
lncRNA_30768,ptg000020l,3115124,3123020,+,7897
lncRNA_30769,ptg000020l,3151173,3159902,+,8730
lncRNA_30770,ptg000020l,3195401,3206422,+,11022
lncRNA_30771,ptg000020l,3195744,3201683,+,5940
lncRNA_30772,ptg000020l,3198979,3201683,+,2705
lncRNA_30774,ptg000020l,3036887,3039284,+,2398
lncRNA_30775,ptg000020l,3049046,3053748,+,4703
lncRNA_30776,ptg000020l,3066630,3081149,+,14520
lncRNA_30779,ptg000020l,3141331,3144624,+,3294
lncRNA_30780,ptg000020l,3285079,3313194,+,28116
lncRNA_30781,ptg000020l,3407441,3411655,+,4215
lncRNA_30782,ptg000020l,3427853,3428213,+,361
lncRNA_30784,ptg000020l,3510083,3527000,+,16918
lncRNA_30786,ptg000020l,3517870,3525981,+,8112
lncRNA_30787,ptg000020l,3517376,3528284,+,10909
lncRNA_30788,ptg000020l,3532097,3537093,+,4997
lncRNA_30789,ptg000020l,3532514,3539122,+,6609
lncRNA_30790,ptg000020l,3540826,3554536,+,13711
lncRNA_30791,ptg000020l,3541256,3545008,+,3753
lncRNA_30792,ptg000020l,3609835,3622037,+,12203
lncRNA_30793,ptg000020l,3648752,3652384,+,3633
lncRNA_30794,ptg000020l,3648752,3653508,+,4757
lncRNA_30799,ptg000020l,4001929,4025157,+,23229
lncRNA_30800,ptg000020l,4005982,4009653,+,3672
lncRNA_30803,ptg000020l,4050684,4067925,+,17242
lncRNA_30804,ptg000020l,4064986,4067403,+,2418
lncRNA_30805,ptg000020l,4072543,4079148,+,6606
lncRNA_30806,ptg000020l,4073238,4079148,+,5911
lncRNA_30807,ptg000020l,4073254,4079148,+,5895
lncRNA_30808,ptg000020l,4073276,4079148,+,5873
lncRNA_30809,ptg000020l,4073624,4079148,+,5525
lncRNA_30810,ptg000020l,4073913,4079148,+,5236
lncRNA_30811,ptg000020l,4074076,4079148,+,5073
lncRNA_30812,ptg000020l,4074147,4079148,+,5002
lncRNA_30813,ptg000020l,4074395,4079148,+,4754
lncRNA_30814,ptg000020l,4074473,4079148,+,4676
lncRNA_30815,ptg000020l,4117702,4118270,+,569
lncRNA_30816,ptg000020l,4150999,4176983,+,25985
lncRNA_30817,ptg000020l,4153748,4169706,+,15959
lncRNA_30818,ptg000020l,4154172,4169706,+,15535
lncRNA_30819,ptg000020l,4159482,4176630,+,17149
lncRNA_30820,ptg000020l,4155951,4160673,+,4723
lncRNA_30823,ptg000020l,4233809,4236181,+,2373
lncRNA_30827,ptg000020l,4234275,4236181,+,1907
lncRNA_30828,ptg000020l,4246925,4247602,+,678
lncRNA_30829,ptg000020l,4263069,4265520,+,2452
lncRNA_30830,ptg000020l,4286095,4295414,+,9320
lncRNA_30832,ptg000020l,4378640,4379224,+,585
lncRNA_30834,ptg000020l,4421675,4423283,+,1609
lncRNA_30835,ptg000020l,4425376,4439232,+,13857
lncRNA_30836,ptg000020l,4435466,4442772,+,7307
lncRNA_30837,ptg000020l,4435599,4442173,+,6575
lncRNA_30838,ptg000020l,4469077,4469903,+,827
lncRNA_30839,ptg000020l,4569000,4569909,+,910
lncRNA_30840,ptg000020l,4579430,4579841,+,412
lncRNA_30841,ptg000020l,4580404,4581081,+,678
lncRNA_30843,ptg000020l,4757146,4763390,+,6245
lncRNA_30844,ptg000020l,4757686,4763390,+,5705
lncRNA_30845,ptg000020l,4833470,4836850,+,3381
lncRNA_30846,ptg000020l,4857152,4879168,+,22017
lncRNA_30847,ptg000020l,4859355,4871830,+,12476
lncRNA_30848,ptg000020l,5073044,5078997,+,5954
lncRNA_30849,ptg000020l,5261188,5264777,+,3590
lncRNA_30850,ptg000020l,5279004,5283179,+,4176
lncRNA_30851,ptg000020l,5358395,5360101,+,1707
lncRNA_30852,ptg000020l,5382131,5382912,+,782
lncRNA_30854,ptg000020l,5395796,5399267,+,3472
lncRNA_30855,ptg000020l,5426378,5426871,+,494
lncRNA_30856,ptg000020l,5427035,5429370,+,2336
lncRNA_30857,ptg000020l,5450108,5451505,+,1398
lncRNA_30858,ptg000020l,5468078,5473432,+,5355
lncRNA_30860,ptg000020l,5471116,5473432,+,2317
lncRNA_30861,ptg000020l,5520122,5524070,+,3949
lncRNA_30862,ptg000020l,5520736,5524523,+,3788
lncRNA_30864,ptg000020l,5750720,5756385,+,5666
lncRNA_30865,ptg000020l,5750780,5756385,+,5606
lncRNA_30866,ptg000020l,5750794,5756385,+,5592
lncRNA_30867,ptg000020l,5751752,5756385,+,4634
lncRNA_30868,ptg000020l,5760118,5794008,+,33891
lncRNA_30869,ptg000020l,5760161,5794113,+,33953
lncRNA_30870,ptg000020l,5773074,5803849,+,30776
lncRNA_30871,ptg000020l,5774055,5779017,+,4963
lncRNA_30877,ptg000020l,6205218,6206930,+,1713
lncRNA_30879,ptg000020l,6372748,6375744,+,2997
lncRNA_30890,ptg000020l,6480210,6482124,+,1915
lncRNA_30891,ptg000020l,6480321,6482925,+,2605
lncRNA_30892,ptg000020l,6577487,6578906,+,1420
lncRNA_30893,ptg000020l,6591911,6595025,+,3115
lncRNA_30896,ptg000020l,6673649,6675385,+,1737
lncRNA_30913,ptg000020l,7094029,7095785,+,1757
lncRNA_30914,ptg000020l,7094071,7095785,+,1715
lncRNA_30915,ptg000020l,7101230,7104167,+,2938
lncRNA_30935,ptg000020l,8126967,8138173,+,11207
lncRNA_30936,ptg000020l,8300006,8305034,+,5029
lncRNA_30937,ptg000020l,8301472,8305034,+,3563
lncRNA_30938,ptg000020l,8308906,8312326,+,3421
lncRNA_30939,ptg000020l,8350286,8355251,+,4966
lncRNA_30940,ptg000020l,8350384,8361362,+,10979
lncRNA_30941,ptg000020l,8359214,8370768,+,11555
lncRNA_30942,ptg000020l,8412136,8425359,+,13224
lncRNA_30943,ptg000020l,8412190,8414122,+,1933
lncRNA_30944,ptg000020l,8412727,8414122,+,1396
lncRNA_30946,ptg000020l,8527466,8535485,+,8020
lncRNA_30952,ptg000020l,8754279,8757326,+,3048
lncRNA_30961,ptg000020l,9202567,9204947,+,2381
lncRNA_30963,ptg000020l,9280787,9282386,+,1600
lncRNA_30964,ptg000020l,9303743,9305532,+,1790
lncRNA_30965,ptg000020l,9387061,9388382,+,1322
lncRNA_30967,ptg000020l,9492681,9493621,+,941
lncRNA_30968,ptg000020l,9626057,9642415,+,16359
lncRNA_30969,ptg000020l,9628555,9645219,+,16665
lncRNA_30970,ptg000020l,9644182,9651938,+,7757
lncRNA_30971,ptg000020l,9655069,9657164,+,2096
lncRNA_30972,ptg000020l,9655548,9659927,+,4380
lncRNA_30974,ptg000020l,9781178,9790114,+,8937
lncRNA_30976,ptg000020l,10002017,10004734,+,2718
lncRNA_30981,ptg000020l,10047959,10053147,+,5189
lncRNA_30983,ptg000020l,10082029,10090233,+,8205
lncRNA_30984,ptg000020l,10082179,10090233,+,8055
lncRNA_30987,ptg000020l,10086154,10092745,+,6592
lncRNA_30988,ptg000020l,10125995,10130146,+,4152
lncRNA_30989,ptg000020l,10126045,10128015,+,1971
lncRNA_30990,ptg000020l,10181350,10182847,+,1498
lncRNA_30991,ptg000020l,10239852,10243115,+,3264
lncRNA_30994,ptg000020l,10335655,10343415,+,7761
lncRNA_30995,ptg000020l,10391571,10392099,+,529
lncRNA_30998,ptg000020l,10404753,10410812,+,6060
lncRNA_30999,ptg000020l,10410984,10413380,+,2397
lncRNA_31000,ptg000020l,10411444,10412444,+,1001
lncRNA_31001,ptg000020l,10428710,10433940,+,5231
lncRNA_31002,ptg000020l,10428928,10433940,+,5013
lncRNA_31003,ptg000020l,10862579,10867051,+,4473
lncRNA_31004,ptg000020l,10862615,10867051,+,4437
lncRNA_31005,ptg000020l,10863333,10867051,+,3719
lncRNA_31006,ptg000020l,10891025,10895161,+,4137
lncRNA_31007,ptg000020l,10891036,10895161,+,4126
lncRNA_31010,ptg000020l,11006824,11013304,+,6481
lncRNA_31011,ptg000020l,11113143,11114474,+,1332
lncRNA_31012,ptg000020l,11135511,11148087,+,12577
lncRNA_31015,ptg000020l,11224895,11238732,+,13838
lncRNA_31016,ptg000020l,11224931,11232390,+,7460
lncRNA_31017,ptg000020l,11227984,11236834,+,8851
lncRNA_31019,ptg000020l,11273590,11280153,+,6564
lncRNA_31022,ptg000020l,11323913,11335111,+,11199
lncRNA_31024,ptg000020l,11332373,11335111,+,2739
lncRNA_31025,ptg000020l,11239660,11250220,+,10561
lncRNA_31030,ptg000020l,11631778,11634656,+,2879
lncRNA_31031,ptg000020l,11706260,11711386,+,5127
lncRNA_31033,ptg000020l,11813076,11816028,+,2953
lncRNA_31034,ptg000020l,11831358,11833573,+,2216
lncRNA_31037,ptg000020l,11882574,11888357,+,5784
lncRNA_31038,ptg000020l,11909748,11911220,+,1473
lncRNA_31040,ptg000020l,11910211,11911220,+,1010
lncRNA_31041,ptg000020l,11910214,11911220,+,1007
lncRNA_31042,ptg000020l,11910384,11911220,+,837
lncRNA_31044,ptg000020l,11921960,11934342,+,12383
lncRNA_31045,ptg000020l,11922060,11925756,+,3697
lncRNA_31049,ptg000020l,11954276,11962833,+,8558
lncRNA_31054,ptg000020l,12032859,12034614,+,1756
lncRNA_31058,ptg000020l,12364684,12370719,+,6036
lncRNA_31059,ptg000020l,12428783,12433874,+,5092
lncRNA_31066,ptg000020l,12798350,12801668,+,3319
lncRNA_31067,ptg000020l,12847073,12847560,+,488
lncRNA_31071,ptg000020l,12983533,12984822,+,1290
lncRNA_31080,ptg000020l,13544490,13545013,+,524
lncRNA_31089,ptg000020l,13882018,13912149,+,30132
lncRNA_31090,ptg000020l,13882036,13912149,+,30114
lncRNA_31092,ptg000020l,13982841,13985761,+,2921
lncRNA_31098,ptg000020l,14696601,14697498,+,898
lncRNA_31099,ptg000020l,14804904,14807399,+,2496
lncRNA_31100,ptg000020l,14816795,14819740,+,2946
lncRNA_31101,ptg000020l,14816869,14819740,+,2872
lncRNA_31102,ptg000020l,14859639,14865059,+,5421
lncRNA_31105,ptg000020l,14905682,14906480,+,799
lncRNA_31106,ptg000020l,14992866,14995353,+,2488
lncRNA_31109,ptg000020l,15140791,15146541,+,5751
lncRNA_31110,ptg000020l,15140896,15146541,+,5646
lncRNA_31111,ptg000020l,15145201,15146339,+,1139
lncRNA_31119,ptg000020l,15478339,15478731,+,393
lncRNA_31120,ptg000020l,15478339,15480728,+,2390
lncRNA_31123,ptg000020l,15538177,15539133,+,957
lncRNA_31125,ptg000020l,15569225,15570775,+,1551
lncRNA_31133,ptg000020l,16346092,16347363,+,1272
lncRNA_31134,ptg000020l,16385759,16387394,+,1636
lncRNA_31135,ptg000020l,16395645,16401187,+,5543
lncRNA_31136,ptg000020l,16398172,16401187,+,3016
lncRNA_31140,ptg000020l,16504161,16506592,+,2432
lncRNA_31144,ptg000020l,16613986,16614533,+,548
lncRNA_31154,ptg000020l,16900318,16952877,+,52560
lncRNA_31164,ptg000020l,17244417,17283810,+,39394
lncRNA_31165,ptg000020l,17244417,17286352,+,41936
lncRNA_31168,ptg000020l,17280786,17292410,+,11625
lncRNA_31175,ptg000020l,17737420,17738817,+,1398
lncRNA_31190,ptg000020l,398226,398471,+,246
lncRNA_31193,ptg000020l,513211,513855,+,645
lncRNA_31220,ptg000020l,2229709,2231523,+,1815
lncRNA_31233,ptg000020l,3210224,3211943,+,1720
lncRNA_31236,ptg000020l,3505860,3506510,+,651
lncRNA_31242,ptg000020l,3637302,3637735,+,434
lncRNA_31248,ptg000020l,3876685,3877445,+,761
lncRNA_31285,ptg000020l,6054770,6057983,+,3214
lncRNA_31311,ptg000020l,7823947,7824788,+,842
lncRNA_31314,ptg000020l,7840236,7842335,+,2100
lncRNA_31334,ptg000020l,8439679,8441081,+,1403
lncRNA_31340,ptg000020l,8549415,8550173,+,759
lncRNA_31341,ptg000020l,8584929,8585368,+,440
lncRNA_31368,ptg000020l,10035437,10036611,+,1175
lncRNA_31373,ptg000020l,10211008,10212227,+,1220
lncRNA_31374,ptg000020l,10214846,10216800,+,1955
lncRNA_31383,ptg000020l,10322703,10324300,+,1598
lncRNA_31391,ptg000020l,10415857,10418111,+,2255
lncRNA_31395,ptg000020l,10472196,10472841,+,646
lncRNA_31401,ptg000020l,10551405,10552591,+,1187
lncRNA_31416,ptg000020l,10592712,10593595,+,884
lncRNA_31421,ptg000020l,10609281,10610340,+,1060
lncRNA_31430,ptg000020l,10640122,10641193,+,1072
lncRNA_31479,ptg000020l,11940242,11941353,+,1112
lncRNA_31505,ptg000020l,12495627,12499192,+,3566
lncRNA_31531,ptg000020l,12639300,12643322,+,4023
lncRNA_31536,ptg000020l,12742667,12744966,+,2300
lncRNA_31552,ptg000020l,12973100,12978169,+,5070
lncRNA_31558,ptg000020l,13024851,13025599,+,749
lncRNA_31560,ptg000020l,13039714,13040633,+,920
lncRNA_31573,ptg000020l,13123789,13125190,+,1402
lncRNA_31576,ptg000020l,13127421,13129538,+,2118
lncRNA_31582,ptg000020l,13228475,13228739,+,265
lncRNA_31604,ptg000020l,13461184,13462417,+,1234
lncRNA_31605,ptg000020l,13464299,13467205,+,2907
lncRNA_31609,ptg000020l,13491551,13492040,+,490
lncRNA_31629,ptg000020l,13603698,13604830,+,1133
lncRNA_31631,ptg000020l,13657250,13657605,+,356
lncRNA_31636,ptg000020l,13672407,13673787,+,1381
lncRNA_31649,ptg000020l,13806552,13807229,+,678
lncRNA_31667,ptg000020l,13986035,13989016,+,2982
lncRNA_31704,ptg000020l,14336954,14337774,+,821
lncRNA_31722,ptg000020l,14498960,14500856,+,1897
lncRNA_31732,ptg000020l,14559098,14559737,+,640
lncRNA_31738,ptg000020l,14590904,14592954,+,2051
lncRNA_31743,ptg000020l,14615981,14616957,+,977
lncRNA_31750,ptg000020l,14670036,14670627,+,592
lncRNA_31751,ptg000020l,14688608,14690669,+,2062
lncRNA_31803,ptg000020l,15657356,15657830,+,475
lncRNA_31813,ptg000020l,15758408,15759079,+,672
lncRNA_31827,ptg000020l,16023898,16027021,+,3124
lncRNA_31844,ptg000020l,16185639,16185913,+,275
lncRNA_31855,ptg000020l,16333492,16336153,+,2662
lncRNA_31861,ptg000020l,16402936,16404151,+,1216
lncRNA_31862,ptg000020l,16411101,16411496,+,396
lncRNA_31924,ptg000020l,16942958,16946760,+,3803
lncRNA_32150,ptg000021l,593406,594430,+,1025
lncRNA_32172,ptg000021l,594484,597237,+,2754
lncRNA_32196,ptg000021l,743853,757599,+,13747
lncRNA_32202,ptg000021l,769994,779287,+,9294
lncRNA_32203,ptg000021l,774034,779287,+,5254
lncRNA_32208,ptg000021l,933196,936545,+,3350
lncRNA_32209,ptg000021l,944396,948851,+,4456
lncRNA_32214,ptg000021l,1304656,1305877,+,1222
lncRNA_32216,ptg000021l,1316354,1328580,+,12227
lncRNA_32222,ptg000021l,2121911,2136501,+,14591
lncRNA_32223,ptg000021l,2122571,2136897,+,14327
lncRNA_32224,ptg000021l,2123071,2136501,+,13431
lncRNA_32225,ptg000021l,1966990,1967668,+,679
lncRNA_32226,ptg000021l,1969172,1971569,+,2398
lncRNA_32227,ptg000021l,1994934,1999137,+,4204
lncRNA_32228,ptg000021l,1994938,1999137,+,4200
lncRNA_32229,ptg000021l,1994960,1998540,+,3581
lncRNA_32230,ptg000021l,1996603,1997372,+,770
lncRNA_32232,ptg000021l,2055204,2056492,+,1289
lncRNA_32233,ptg000021l,2055385,2056492,+,1108
lncRNA_32234,ptg000021l,2170964,2174646,+,3683
lncRNA_32235,ptg000021l,2171488,2174255,+,2768
lncRNA_32236,ptg000021l,2171892,2173955,+,2064
lncRNA_32237,ptg000021l,2171892,2174646,+,2755
lncRNA_32239,ptg000021l,2171898,2174303,+,2406
lncRNA_32240,ptg000021l,2171916,2174646,+,2731
lncRNA_32241,ptg000021l,2172449,2174646,+,2198
lncRNA_32242,ptg000021l,2172457,2172864,+,408
lncRNA_32244,ptg000021l,2194084,2196034,+,1951
lncRNA_32252,ptg000021l,2550456,2553743,+,3288
lncRNA_32253,ptg000021l,2564485,2565402,+,918
lncRNA_32254,ptg000021l,2565600,2568359,+,2760
lncRNA_32255,ptg000021l,2578762,2585914,+,7153
lncRNA_32256,ptg000021l,2593826,2596109,+,2284
lncRNA_32257,ptg000021l,2709299,2711590,+,2292
lncRNA_32264,ptg000021l,2808102,2812037,+,3936
lncRNA_32265,ptg000021l,2808126,2812037,+,3912
lncRNA_32266,ptg000021l,2808134,2812037,+,3904
lncRNA_32267,ptg000021l,2808143,2812037,+,3895
lncRNA_32268,ptg000021l,2808672,2812037,+,3366
lncRNA_32277,ptg000021l,2814014,2816429,+,2416
lncRNA_32278,ptg000021l,2881805,2882869,+,1065
lncRNA_32284,ptg000021l,3064957,3070727,+,5771
lncRNA_32295,ptg000021l,4449214,4471044,+,21831
lncRNA_32298,ptg000021l,4590940,4592020,+,1081
lncRNA_32311,ptg000021l,4890028,4895920,+,5893
lncRNA_32316,ptg000021l,5089578,5093196,+,3619
lncRNA_32322,ptg000021l,5237783,5239923,+,2141
lncRNA_32325,ptg000021l,5282464,5286488,+,4025
lncRNA_32336,ptg000021l,5420580,5425077,+,4498
lncRNA_32341,ptg000021l,5991520,5994328,+,2809
lncRNA_32342,ptg000021l,5991520,5994579,+,3060
lncRNA_32343,ptg000021l,6032574,6033415,+,842
lncRNA_32345,ptg000021l,6059086,6062153,+,3068
lncRNA_32346,ptg000021l,6060693,6062153,+,1461
lncRNA_32365,ptg000021l,7998034,7998928,+,895
lncRNA_32372,ptg000021l,8443637,8447594,+,3958
lncRNA_32373,ptg000021l,8531766,8535719,+,3954
lncRNA_32374,ptg000021l,8531804,8535719,+,3916
lncRNA_32375,ptg000021l,8531850,8535719,+,3870
lncRNA_32377,ptg000021l,8649368,8651091,+,1724
lncRNA_32381,ptg000021l,9242637,9244059,+,1423
lncRNA_32389,ptg000021l,9385305,9386881,+,1577
lncRNA_32432,ptg000021l,10045463,10050972,+,5510
lncRNA_32434,ptg000021l,10025763,10031774,+,6012
lncRNA_32444,ptg000021l,10937626,10965265,+,27640
lncRNA_32463,ptg000021l,12124713,12127793,+,3081
lncRNA_32466,ptg000021l,12379912,12380592,+,681
lncRNA_32467,ptg000021l,12497995,12500487,+,2493
lncRNA_32469,ptg000021l,12774123,12776927,+,2805
lncRNA_32474,ptg000021l,12939421,12961810,+,22390
lncRNA_32475,ptg000021l,12946634,12961810,+,15177
lncRNA_32478,ptg000021l,12985551,12987414,+,1864
lncRNA_32484,ptg000021l,13322639,13325903,+,3265
lncRNA_32489,ptg000021l,13341050,13363521,+,22472
lncRNA_32490,ptg000021l,13341362,13363521,+,22160
lncRNA_32492,ptg000021l,13490808,13491229,+,422
lncRNA_32494,ptg000021l,13588882,13608140,+,19259
lncRNA_32495,ptg000021l,13588962,13608140,+,19179
lncRNA_32496,ptg000021l,13572379,13573350,+,972
lncRNA_32499,ptg000021l,13630747,13632833,+,2087
lncRNA_32505,ptg000021l,13809062,13810158,+,1097
lncRNA_32506,ptg000021l,13852208,13877334,+,25127
lncRNA_32507,ptg000021l,13857211,13882016,+,24806
lncRNA_32509,ptg000021l,13863397,13864185,+,789
lncRNA_32510,ptg000021l,13863456,13866248,+,2793
lncRNA_32511,ptg000021l,13883615,13884510,+,896
lncRNA_32512,ptg000021l,13888323,13891522,+,3200
lncRNA_32513,ptg000021l,13888350,13890037,+,1688
lncRNA_32514,ptg000021l,13916259,13921692,+,5434
lncRNA_32515,ptg000021l,13916326,13918088,+,1763
lncRNA_32517,ptg000021l,13967037,13969935,+,2899
lncRNA_32523,ptg000021l,14374923,14376694,+,1772
lncRNA_32524,ptg000021l,14375011,14376575,+,1565
lncRNA_32525,ptg000021l,14410995,14412650,+,1656
lncRNA_32526,ptg000021l,14410995,14416425,+,5431
lncRNA_32527,ptg000021l,14411007,14415945,+,4939
lncRNA_32528,ptg000021l,14411007,14416226,+,5220
lncRNA_32529,ptg000021l,14411164,14412650,+,1487
lncRNA_32530,ptg000021l,14424135,14424562,+,428
lncRNA_32531,ptg000021l,14424870,14428598,+,3729
lncRNA_32532,ptg000021l,14424890,14428598,+,3709
lncRNA_32533,ptg000021l,14426875,14430838,+,3964
lncRNA_32534,ptg000021l,14426980,14431042,+,4063
lncRNA_32535,ptg000021l,14437892,14439867,+,1976
lncRNA_32536,ptg000021l,14438106,14439867,+,1762
lncRNA_32537,ptg000021l,14438164,14439867,+,1704
lncRNA_32538,ptg000021l,14444610,14455648,+,11039
lncRNA_32540,ptg000021l,14489330,14489738,+,409
lncRNA_32541,ptg000021l,14647188,14655194,+,8007
lncRNA_32542,ptg000021l,14552009,14553659,+,1651
lncRNA_32572,ptg000021l,14951054,14953903,+,2850
lncRNA_32580,ptg000021l,15115620,15118477,+,2858
lncRNA_32581,ptg000021l,15138720,15144849,+,6130
lncRNA_32583,ptg000021l,15152686,15153905,+,1220
lncRNA_32584,ptg000021l,15163876,15165218,+,1343
lncRNA_32588,ptg000021l,15238794,15266955,+,28162
lncRNA_32594,ptg000021l,15312726,15313203,+,478
lncRNA_32600,ptg000021l,15489054,15489651,+,598
lncRNA_32601,ptg000021l,15527985,15531472,+,3488
lncRNA_32602,ptg000021l,15528232,15531472,+,3241
lncRNA_32604,ptg000021l,15598335,15601024,+,2690
lncRNA_32605,ptg000021l,15830400,15832439,+,2040
lncRNA_32606,ptg000021l,15844890,15845415,+,526
lncRNA_32608,ptg000021l,15892310,15895177,+,2868
lncRNA_32609,ptg000021l,15900433,15901769,+,1337
lncRNA_32610,ptg000021l,15954710,15958368,+,3659
lncRNA_32611,ptg000021l,15986244,15988986,+,2743
lncRNA_32612,ptg000021l,16048332,16049713,+,1382
lncRNA_32614,ptg000021l,16048374,16049713,+,1340
lncRNA_32615,ptg000021l,16048602,16049713,+,1112
lncRNA_32616,ptg000021l,16048625,16049713,+,1089
lncRNA_32617,ptg000021l,16051779,16062117,+,10339
lncRNA_32618,ptg000021l,16073014,16077221,+,4208
lncRNA_32619,ptg000021l,16106525,16109185,+,2661
lncRNA_32620,ptg000021l,16106527,16109185,+,2659
lncRNA_32621,ptg000021l,16106554,16107527,+,974
lncRNA_32622,ptg000021l,16263780,16267753,+,3974
lncRNA_32623,ptg000021l,16416421,16418913,+,2493
lncRNA_32625,ptg000021l,16444863,16450359,+,5497
lncRNA_32626,ptg000021l,16444902,16450359,+,5458
lncRNA_32627,ptg000021l,16473942,16482485,+,8544
lncRNA_32629,ptg000021l,16623138,16628416,+,5279
lncRNA_32630,ptg000021l,16623172,16628416,+,5245
lncRNA_32631,ptg000021l,16623874,16628416,+,4543
lncRNA_32632,ptg000021l,16624067,16627605,+,3539
lncRNA_32633,ptg000021l,16624286,16628416,+,4131
lncRNA_32634,ptg000021l,16624444,16642916,+,18473
lncRNA_32635,ptg000021l,16624457,16628416,+,3960
lncRNA_32638,ptg000021l,16675463,16677076,+,1614
lncRNA_32639,ptg000021l,16675548,16677076,+,1529
lncRNA_32640,ptg000021l,16703302,16704068,+,767
lncRNA_32644,ptg000021l,16726623,16727775,+,1153
lncRNA_32645,ptg000021l,16727070,16727775,+,706
lncRNA_32646,ptg000021l,16787945,16793471,+,5527
lncRNA_32647,ptg000021l,16788068,16793686,+,5619
lncRNA_32648,ptg000021l,16788215,16793686,+,5472
lncRNA_32649,ptg000021l,16868769,16870961,+,2193
lncRNA_32650,ptg000021l,16876615,16885379,+,8765
lncRNA_32651,ptg000021l,16880816,16885379,+,4564
lncRNA_32652,ptg000021l,16880882,16883854,+,2973
lncRNA_32654,ptg000021l,16904464,16907289,+,2826
lncRNA_32657,ptg000021l,17053540,17068636,+,15097
lncRNA_32658,ptg000021l,17054013,17068893,+,14881
lncRNA_32666,ptg000021l,17141219,17150119,+,8901
lncRNA_32667,ptg000021l,17141291,17146725,+,5435
lncRNA_32670,ptg000021l,17147303,17150119,+,2817
lncRNA_32671,ptg000021l,17147596,17150119,+,2524
lncRNA_32672,ptg000021l,17147633,17150119,+,2487
lncRNA_32673,ptg000021l,17148710,17150119,+,1410
lncRNA_32674,ptg000021l,17187725,17189301,+,1577
lncRNA_32676,ptg000021l,17225839,17226653,+,815
lncRNA_32677,ptg000021l,17251490,17257941,+,6452
lncRNA_32680,ptg000021l,17255005,17257941,+,2937
lncRNA_32682,ptg000021l,17348060,17350505,+,2446
lncRNA_32687,ptg000021l,17369276,17370014,+,739
lncRNA_32691,ptg000021l,17586159,17587096,+,938
lncRNA_32692,ptg000021l,17586162,17587096,+,935
lncRNA_32718,ptg000021l,17944473,17945438,+,966
lncRNA_32719,ptg000021l,17982232,17982787,+,556
lncRNA_32720,ptg000021l,17989206,17993588,+,4383
lncRNA_32721,ptg000021l,17990909,17993588,+,2680
lncRNA_32722,ptg000021l,17994737,17996537,+,1801
lncRNA_32726,ptg000021l,18123137,18134007,+,10871
lncRNA_32727,ptg000021l,18124850,18135939,+,11090
lncRNA_32728,ptg000021l,18130060,18137951,+,7892
lncRNA_32731,ptg000021l,18310383,18314292,+,3910
lncRNA_32732,ptg000021l,18313609,18314801,+,1193
lncRNA_32733,ptg000021l,18332488,18340419,+,7932
lncRNA_32734,ptg000021l,18420113,18464133,+,44021
lncRNA_32735,ptg000021l,18515538,18520181,+,4644
lncRNA_32737,ptg000021l,18547654,18550364,+,2711
lncRNA_32738,ptg000021l,18555576,18557601,+,2026
lncRNA_32742,ptg000021l,18713557,18715688,+,2132
lncRNA_32743,ptg000021l,18763048,18773165,+,10118
lncRNA_32747,ptg000021l,18718879,18730348,+,11470
lncRNA_32748,ptg000021l,18722521,18727817,+,5297
lncRNA_32749,ptg000021l,18736316,18739110,+,2795
lncRNA_32750,ptg000021l,18736505,18739110,+,2606
lncRNA_32751,ptg000021l,18736509,18739110,+,2602
lncRNA_32752,ptg000021l,18736537,18739110,+,2574
lncRNA_32753,ptg000021l,18737164,18739110,+,1947
lncRNA_32755,ptg000021l,19202421,19219745,+,17325
lncRNA_32756,ptg000021l,19214945,19224272,+,9328
lncRNA_32757,ptg000021l,19222209,19224272,+,2064
lncRNA_32758,ptg000021l,19087689,19094722,+,7034
lncRNA_32759,ptg000021l,19106566,19107352,+,787
lncRNA_32778,ptg000021l,19756145,19761527,+,5383
lncRNA_32783,ptg000021l,20047161,20050192,+,3032
lncRNA_32784,ptg000021l,20047413,20049685,+,2273
lncRNA_32785,ptg000021l,20058576,20062987,+,4412
lncRNA_32786,ptg000021l,20059484,20062131,+,2648
lncRNA_32787,ptg000021l,20061106,20062634,+,1529
lncRNA_32788,ptg000021l,20093224,20098178,+,4955
lncRNA_32791,ptg000021l,20167527,20168961,+,1435
lncRNA_32792,ptg000021l,20178956,20180754,+,1799
lncRNA_32793,ptg000021l,20179064,20180754,+,1691
lncRNA_32794,ptg000021l,20213442,20217483,+,4042
lncRNA_32796,ptg000021l,20254677,20260328,+,5652
lncRNA_32797,ptg000021l,20268504,20295593,+,27090
lncRNA_32799,ptg000021l,20352326,20352787,+,462
lncRNA_32803,ptg000021l,20360365,20368486,+,8122
lncRNA_32806,ptg000021l,20363421,20368486,+,5066
lncRNA_32807,ptg000021l,20363429,20368486,+,5058
lncRNA_32809,ptg000021l,20363442,20368486,+,5045
lncRNA_32810,ptg000021l,20363443,20368486,+,5044
lncRNA_32811,ptg000021l,20364354,20368486,+,4133
lncRNA_32812,ptg000021l,20364370,20368486,+,4117
lncRNA_32820,ptg000021l,20554324,20555489,+,1166
lncRNA_32821,ptg000021l,20579919,20583462,+,3544
lncRNA_32822,ptg000021l,20580015,20583462,+,3448
lncRNA_32823,ptg000021l,20593578,20595764,+,2187
lncRNA_32824,ptg000021l,20593836,20595764,+,1929
lncRNA_32826,ptg000021l,20722021,20766456,+,44436
lncRNA_32831,ptg000021l,20868211,20869286,+,1076
lncRNA_32832,ptg000021l,20876309,20894612,+,18304
lncRNA_32833,ptg000021l,20876314,20904477,+,28164
lncRNA_32834,ptg000021l,20876319,20941029,+,64711
lncRNA_32835,ptg000021l,20876327,20890847,+,14521
lncRNA_32836,ptg000021l,20878520,20921028,+,42509
lncRNA_32837,ptg000021l,20879171,20894165,+,14995
lncRNA_32838,ptg000021l,20879173,20921028,+,41856
lncRNA_32839,ptg000021l,20889057,20941499,+,52443
lncRNA_32840,ptg000021l,20915533,20941499,+,25967
lncRNA_32841,ptg000021l,20918497,20932733,+,14237
lncRNA_32842,ptg000021l,20927257,20941499,+,14243
lncRNA_32843,ptg000021l,20917745,20930115,+,12371
lncRNA_32990,ptg000021l,800642,801486,+,845
lncRNA_32991,ptg000021l,809940,810496,+,557
lncRNA_32993,ptg000021l,944396,949015,+,4620
lncRNA_32994,ptg000021l,945348,949015,+,3668
lncRNA_33003,ptg000021l,1749217,1750955,+,1739
lncRNA_33004,ptg000021l,1749293,1750955,+,1663
lncRNA_33007,ptg000021l,1879922,1882803,+,2882
lncRNA_33008,ptg000021l,2083949,2084714,+,766
lncRNA_33009,ptg000021l,2196301,2197742,+,1442
lncRNA_33010,ptg000021l,2205176,2205493,+,318
lncRNA_33011,ptg000021l,2208801,2213577,+,4777
lncRNA_33014,ptg000021l,2221134,2222207,+,1074
lncRNA_33017,ptg000021l,2234052,2237047,+,2996
lncRNA_33018,ptg000021l,2234059,2236554,+,2496
lncRNA_33020,ptg000021l,2395818,2397673,+,1856
lncRNA_33022,ptg000021l,2400960,2432160,+,31201
lncRNA_33026,ptg000021l,2550282,2551415,+,1134
lncRNA_33028,ptg000021l,2639517,2641381,+,1865
lncRNA_33029,ptg000021l,2640428,2644835,+,4408
lncRNA_33043,ptg000021l,3009152,3011823,+,2672
lncRNA_33046,ptg000021l,3114642,3118362,+,3721
lncRNA_33047,ptg000021l,3115327,3118362,+,3036
lncRNA_33048,ptg000021l,3141350,3145133,+,3784
lncRNA_33049,ptg000021l,3176152,3185244,+,9093
lncRNA_33060,ptg000021l,4061318,4114998,+,53681
lncRNA_33061,ptg000021l,4103322,4114998,+,11677
lncRNA_33064,ptg000021l,4144747,4151833,+,7087
lncRNA_33065,ptg000021l,4144945,4162605,+,17661
lncRNA_33066,ptg000021l,4147716,4162605,+,14890
lncRNA_33068,ptg000021l,4280343,4304170,+,23828
lncRNA_33076,ptg000021l,4564901,4569665,+,4765
lncRNA_33088,ptg000021l,4916092,4918241,+,2150
lncRNA_33091,ptg000021l,5186038,5189822,+,3785
lncRNA_33092,ptg000021l,5186040,5189822,+,3783
lncRNA_33095,ptg000021l,5231967,5240232,+,8266
lncRNA_33102,ptg000021l,5689269,5697628,+,8360
lncRNA_33105,ptg000021l,5960510,5971371,+,10862
lncRNA_33107,ptg000021l,6148670,6150864,+,2195
lncRNA_33110,ptg000021l,6295073,6303102,+,8030
lncRNA_33111,ptg000021l,6295209,6303102,+,7894
lncRNA_33112,ptg000021l,6295248,6303102,+,7855
lncRNA_33126,ptg000021l,7507665,7508442,+,778
lncRNA_33133,ptg000021l,7608664,7611107,+,2444
lncRNA_33143,ptg000021l,8307383,8308308,+,926
lncRNA_33144,ptg000021l,8307466,8308308,+,843
lncRNA_33145,ptg000021l,8307471,8308308,+,838
lncRNA_33151,ptg000021l,8510636,8547920,+,37285
lncRNA_33159,ptg000021l,9162194,9164506,+,2313
lncRNA_33160,ptg000021l,9197337,9204306,+,6970
lncRNA_33161,ptg000021l,9277963,9280452,+,2490
lncRNA_33204,ptg000021l,9567409,9568882,+,1474
lncRNA_33211,ptg000021l,10078955,10079870,+,916
lncRNA_33212,ptg000021l,10328841,10337147,+,8307
lncRNA_33214,ptg000021l,10334492,10337147,+,2656
lncRNA_33215,ptg000021l,10335813,10337147,+,1335
lncRNA_33222,ptg000021l,10633961,10636047,+,2087
lncRNA_33223,ptg000021l,10634611,10636047,+,1437
lncRNA_33224,ptg000021l,10739721,10740708,+,988
lncRNA_33225,ptg000021l,10937520,10965265,+,27746
lncRNA_33229,ptg000021l,11216475,11218018,+,1544
lncRNA_33231,ptg000021l,11260120,11262536,+,2417
lncRNA_33232,ptg000021l,11333935,11344765,+,10831
lncRNA_33233,ptg000021l,11334204,11347434,+,13231
lncRNA_33235,ptg000021l,11542944,11545305,+,2362
lncRNA_33236,ptg000021l,11542946,11545305,+,2360
lncRNA_33237,ptg000021l,11546333,11548277,+,1945
lncRNA_33241,ptg000021l,12263496,12289289,+,25794
lncRNA_33243,ptg000021l,12297981,12315605,+,17625
lncRNA_33245,ptg000021l,12301381,12317224,+,15844
lncRNA_33247,ptg000021l,12567160,12582854,+,15695
lncRNA_33251,ptg000021l,12675770,12705212,+,29443
lncRNA_33253,ptg000021l,12748617,12753985,+,5369
lncRNA_33258,ptg000021l,12940080,12961557,+,21478
lncRNA_33262,ptg000021l,12979906,12985550,+,5645
lncRNA_33263,ptg000021l,12984238,12985550,+,1313
lncRNA_33264,ptg000021l,12984987,12985550,+,564
lncRNA_33266,ptg000021l,12984408,12984777,+,370
lncRNA_33280,ptg000021l,13674328,13685501,+,11174
lncRNA_33282,ptg000021l,13724870,13726298,+,1429
lncRNA_33283,ptg000021l,13739709,13743570,+,3862
lncRNA_33284,ptg000021l,13740294,13775308,+,35015
lncRNA_33285,ptg000021l,13740303,13773758,+,33456
lncRNA_33291,ptg000021l,13740373,13772916,+,32544
lncRNA_33292,ptg000021l,13740374,13773758,+,33385
lncRNA_33301,ptg000021l,13788265,13794015,+,5751
lncRNA_33302,ptg000021l,13789906,13794015,+,4110
lncRNA_33303,ptg000021l,13790265,13794784,+,4520
lncRNA_33304,ptg000021l,13815846,13860137,+,44292
lncRNA_33305,ptg000021l,13816461,13859831,+,43371
lncRNA_33306,ptg000021l,13816462,13860358,+,43897
lncRNA_33307,ptg000021l,13816499,13821906,+,5408
lncRNA_33309,ptg000021l,13842841,13848230,+,5390
lncRNA_33310,ptg000021l,13843232,13848230,+,4999
lncRNA_33311,ptg000021l,13843236,13847004,+,3769
lncRNA_33312,ptg000021l,13855950,13859831,+,3882
lncRNA_33313,ptg000021l,13855957,13859400,+,3444
lncRNA_33314,ptg000021l,13855958,13860358,+,4401
lncRNA_33315,ptg000021l,13879789,13883142,+,3354
lncRNA_33316,ptg000021l,13882539,13892256,+,9718
lncRNA_33317,ptg000021l,13894765,13898948,+,4184
lncRNA_33318,ptg000021l,13894801,13896540,+,1740
lncRNA_33319,ptg000021l,13894815,13898948,+,4134
lncRNA_33320,ptg000021l,13895907,13903025,+,7119
lncRNA_33321,ptg000021l,13895932,13898948,+,3017
lncRNA_33322,ptg000021l,13887016,13889045,+,2030
lncRNA_33324,ptg000021l,13912885,13914222,+,1338
lncRNA_33327,ptg000021l,13970127,13971459,+,1333
lncRNA_33328,ptg000021l,13970282,13971459,+,1178
lncRNA_33330,ptg000021l,14028565,14037035,+,8471
lncRNA_33332,ptg000021l,14028761,14036265,+,7505
lncRNA_33333,ptg000021l,14097546,14098352,+,807
lncRNA_33334,ptg000021l,14097709,14098352,+,644
lncRNA_33335,ptg000021l,14097720,14098352,+,633
lncRNA_33336,ptg000021l,14170496,14171791,+,1296
lncRNA_33337,ptg000021l,14185028,14186134,+,1107
lncRNA_33338,ptg000021l,14295742,14296866,+,1125
lncRNA_33339,ptg000021l,14353213,14354769,+,1557
lncRNA_33340,ptg000021l,14378895,14380547,+,1653
lncRNA_33341,ptg000021l,14357591,14363611,+,6021
lncRNA_33342,ptg000021l,14419644,14421028,+,1385
lncRNA_33343,ptg000021l,14419650,14424027,+,4378
lncRNA_33344,ptg000021l,14424135,14429876,+,5742
lncRNA_33345,ptg000021l,14424624,14429876,+,5253
lncRNA_33346,ptg000021l,14424869,14426476,+,1608
lncRNA_33347,ptg000021l,14428332,14429876,+,1545
lncRNA_33348,ptg000021l,14436064,14441431,+,5368
lncRNA_33349,ptg000021l,14436678,14442055,+,5378
lncRNA_33352,ptg000021l,14436683,14442055,+,5373
lncRNA_33353,ptg000021l,14436684,14440492,+,3809
lncRNA_33354,ptg000021l,14444595,14445118,+,524
lncRNA_33356,ptg000021l,14645755,14649721,+,3967
lncRNA_33357,ptg000021l,14652500,14654517,+,2018
lncRNA_33371,ptg000021l,15028161,15031888,+,3728
lncRNA_33372,ptg000021l,15115839,15117286,+,1448
lncRNA_33373,ptg000021l,15196252,15212631,+,16380
lncRNA_33374,ptg000021l,15197940,15212980,+,15041
lncRNA_33375,ptg000021l,15198740,15254388,+,55649
lncRNA_33376,ptg000021l,15198777,15254388,+,55612
lncRNA_33381,ptg000021l,15232474,15253252,+,20779
lncRNA_33384,ptg000021l,15238538,15258930,+,20393
lncRNA_33387,ptg000021l,15307748,15310883,+,3136
lncRNA_33388,ptg000021l,15318164,15321073,+,2910
lncRNA_33389,ptg000021l,15318179,15321073,+,2895
lncRNA_33393,ptg000021l,15318180,15321073,+,2894
lncRNA_33395,ptg000021l,15318192,15321073,+,2882
lncRNA_33396,ptg000021l,15318205,15321073,+,2869
lncRNA_33397,ptg000021l,15318206,15321073,+,2868
lncRNA_33398,ptg000021l,15318229,15321073,+,2845
lncRNA_33403,ptg000021l,15479645,15482522,+,2878
lncRNA_33404,ptg000021l,15524831,15528032,+,3202
lncRNA_33406,ptg000021l,15559630,15561575,+,1946
lncRNA_33408,ptg000021l,15796626,15798221,+,1596
lncRNA_33409,ptg000021l,15796686,15798221,+,1536
lncRNA_33410,ptg000021l,15862448,15864598,+,2151
lncRNA_33411,ptg000021l,15899396,15901769,+,2374
lncRNA_33414,ptg000021l,15947656,15948703,+,1048
lncRNA_33415,ptg000021l,15989332,15992524,+,3193
lncRNA_33416,ptg000021l,15992830,16015565,+,22736
lncRNA_33417,ptg000021l,15994397,16015947,+,21551
lncRNA_33418,ptg000021l,15995431,15998570,+,3140
lncRNA_33422,ptg000021l,16389169,16390215,+,1047
lncRNA_33423,ptg000021l,16416464,16424529,+,8066
lncRNA_33424,ptg000021l,16448863,16450604,+,1742
lncRNA_33427,ptg000021l,16768810,16771415,+,2606
lncRNA_33428,ptg000021l,16769859,16771415,+,1557
lncRNA_33430,ptg000021l,16787945,16793686,+,5742
lncRNA_33431,ptg000021l,16788273,16793686,+,5414
lncRNA_33432,ptg000021l,16788361,16793686,+,5326
lncRNA_33433,ptg000021l,16811437,16812344,+,908
lncRNA_33438,ptg000021l,16931880,16933983,+,2104
lncRNA_33440,ptg000021l,16973192,16974976,+,1785
lncRNA_33442,ptg000021l,16973241,16974976,+,1736
lncRNA_33443,ptg000021l,16973306,16974976,+,1671
lncRNA_33445,ptg000021l,17130625,17135536,+,4912
lncRNA_33449,ptg000021l,17166448,17174152,+,7705
lncRNA_33450,ptg000021l,17166846,17169294,+,2449
lncRNA_33455,ptg000021l,17238329,17241217,+,2889
lncRNA_33456,ptg000021l,17238421,17241747,+,3327
lncRNA_33457,ptg000021l,17239544,17241917,+,2374
lncRNA_33458,ptg000021l,17239582,17241917,+,2336
lncRNA_33463,ptg000021l,17239904,17241917,+,2014
lncRNA_33465,ptg000021l,17391431,17393432,+,2002
lncRNA_33466,ptg000021l,17391458,17393432,+,1975
lncRNA_33469,ptg000021l,17602202,17603941,+,1740
lncRNA_33474,ptg000021l,17624625,17627737,+,3113
lncRNA_33508,ptg000021l,18027162,18030533,+,3372
lncRNA_33509,ptg000021l,18118134,18129406,+,11273
lncRNA_33510,ptg000021l,18118157,18128610,+,10454
lncRNA_33512,ptg000021l,18122275,18132685,+,10411
lncRNA_33513,ptg000021l,18122343,18132796,+,10454
lncRNA_33514,ptg000021l,18122970,18135119,+,12150
lncRNA_33515,ptg000021l,18123137,18135119,+,11983
lncRNA_33518,ptg000021l,18380140,18392543,+,12404
lncRNA_33519,ptg000021l,18383245,18385304,+,2060
lncRNA_33520,ptg000021l,18416218,18459395,+,43178
lncRNA_33521,ptg000021l,18416248,18459363,+,43116
lncRNA_33523,ptg000021l,18515538,18516614,+,1077
lncRNA_33526,ptg000021l,18525304,18535438,+,10135
lncRNA_33527,ptg000021l,18525634,18535335,+,9702
lncRNA_33528,ptg000021l,18526426,18527613,+,1188
lncRNA_33529,ptg000021l,18551941,18554442,+,2502
lncRNA_33530,ptg000021l,18552122,18554442,+,2321
lncRNA_33531,ptg000021l,18677038,18682726,+,5689
lncRNA_33533,ptg000021l,19111017,19112991,+,1975
lncRNA_33535,ptg000021l,19303227,19323983,+,20757
lncRNA_33536,ptg000021l,19303328,19320468,+,17141
lncRNA_33537,ptg000021l,19314846,19323983,+,9138
lncRNA_33545,ptg000021l,19586803,19588583,+,1781
lncRNA_33547,ptg000021l,19586822,19588583,+,1762
lncRNA_33551,ptg000021l,19713507,19716727,+,3221
lncRNA_33558,ptg000021l,20050880,20051599,+,720
lncRNA_33559,ptg000021l,20230192,20239874,+,9683
lncRNA_33560,ptg000021l,20230220,20231522,+,1303
lncRNA_33561,ptg000021l,20242511,20250755,+,8245
lncRNA_33568,ptg000021l,20552309,20555211,+,2903
lncRNA_33569,ptg000021l,20558043,20558831,+,789
lncRNA_33570,ptg000021l,20571357,20573477,+,2121
lncRNA_33571,ptg000021l,20652816,20653155,+,340
lncRNA_33572,ptg000021l,20776634,20777788,+,1155
lncRNA_33573,ptg000021l,20860911,20866967,+,6057
lncRNA_33575,ptg000021l,20861408,20866967,+,5560
lncRNA_33576,ptg000021l,20861966,20865706,+,3741
lncRNA_33577,ptg000021l,20876309,20907784,+,31476
lncRNA_33578,ptg000021l,20876353,20904497,+,28145
lncRNA_33579,ptg000021l,20878520,20894612,+,16093
lncRNA_33580,ptg000021l,20878520,20932734,+,54215
lncRNA_33581,ptg000021l,20888970,20904497,+,15528
lncRNA_33582,ptg000021l,20889025,20904497,+,15473
lncRNA_33584,ptg000021l,20902298,20941469,+,39172
lncRNA_33586,ptg000021l,20918414,20932734,+,14321
lncRNA_33587,ptg000021l,20918465,20944288,+,25824
lncRNA_33588,ptg000021l,20941622,20958037,+,16416
lncRNA_33608,ptg000021l,911428,911812,+,385
lncRNA_33619,ptg000021l,1130988,1131928,+,941
lncRNA_33621,ptg000021l,1163445,1164170,+,726
lncRNA_33654,ptg000021l,1468685,1471540,+,2856
lncRNA_33668,ptg000021l,1666189,1666731,+,543
lncRNA_33686,ptg000021l,2351137,2351593,+,457
lncRNA_33691,ptg000021l,2706341,2708343,+,2003
lncRNA_33709,ptg000021l,3171276,3171609,+,334
lncRNA_33805,ptg000021l,3681224,3682005,+,782
lncRNA_33835,ptg000021l,3854403,3855615,+,1213
lncRNA_33845,ptg000021l,3967908,3969335,+,1428
lncRNA_33863,ptg000021l,4369644,4371080,+,1437
lncRNA_33868,ptg000021l,4401327,4402215,+,889
lncRNA_33874,ptg000021l,4486082,4486842,+,761
lncRNA_33932,ptg000021l,4903082,4905356,+,2275
lncRNA_33943,ptg000021l,4970892,4971956,+,1065
lncRNA_33975,ptg000021l,5209316,5210923,+,1608
lncRNA_33999,ptg000021l,5535480,5536046,+,567
lncRNA_34010,ptg000021l,5603798,5605422,+,1625
lncRNA_34044,ptg000021l,5839605,5840717,+,1113
lncRNA_34045,ptg000021l,5867639,5868701,+,1063
lncRNA_34047,ptg000021l,5908476,5910420,+,1945
lncRNA_34053,ptg000021l,5959120,5960049,+,930
lncRNA_34071,ptg000021l,6224678,6225299,+,622
lncRNA_34080,ptg000021l,6421278,6422062,+,785
lncRNA_34144,ptg000021l,6744161,6744866,+,706
lncRNA_34171,ptg000021l,7054079,7055688,+,1610
lncRNA_34197,ptg000021l,7511270,7513028,+,1759
lncRNA_34198,ptg000021l,7528202,7531484,+,3283
lncRNA_34199,ptg000021l,7531787,7533078,+,1292
lncRNA_34269,ptg000021l,8639845,8640579,+,735
lncRNA_34324,ptg000021l,9387244,9388226,+,983
lncRNA_34328,ptg000021l,9401895,9403709,+,1815
lncRNA_34366,ptg000021l,9887325,9888780,+,1456
lncRNA_34388,ptg000021l,10379242,10380785,+,1544
lncRNA_34419,ptg000021l,10579252,10580113,+,862
lncRNA_34423,ptg000021l,10595902,10597008,+,1107
lncRNA_34432,ptg000021l,10920158,10920446,+,289
lncRNA_34472,ptg000021l,11623507,11624977,+,1471
lncRNA_34508,ptg000021l,12542987,12543582,+,596
lncRNA_34521,ptg000021l,12754863,12755758,+,896
lncRNA_34533,ptg000021l,12920620,12924419,+,3800
lncRNA_34599,ptg000021l,16503906,16505220,+,1315
lncRNA_34604,ptg000021l,16923365,16924234,+,870
lncRNA_34606,ptg000021l,16958684,16960522,+,1839
lncRNA_34614,ptg000021l,16987589,16988890,+,1302
lncRNA_34620,ptg000021l,17229931,17231514,+,1584
lncRNA_34692,ptg000021l,18100282,18101025,+,744
lncRNA_34712,ptg000021l,18619243,18619477,+,235
lncRNA_34719,ptg000021l,19949221,19949997,+,777
lncRNA_34739,ptg000021l,20855885,20857400,+,1516
lncRNA_34743,ptg000022l,257105,259719,+,2615
lncRNA_34748,ptg000022l,447628,449420,+,1793
lncRNA_34753,ptg000022l,663831,671239,+,7409
lncRNA_34754,ptg000022l,668866,672239,+,3374
lncRNA_34755,ptg000022l,670689,681803,+,11115
lncRNA_34774,ptg000022l,1624295,1625768,+,1474
lncRNA_34775,ptg000022l,1647879,1648373,+,495
lncRNA_34783,ptg000022l,2022981,2025384,+,2404
lncRNA_34786,ptg000022l,2052557,2054361,+,1805
lncRNA_34787,ptg000022l,2222367,2226131,+,3765
lncRNA_34793,ptg000022l,2709054,2717261,+,8208
lncRNA_34794,ptg000022l,2717751,2719621,+,1871
lncRNA_34801,ptg000022l,3412727,3414631,+,1905
lncRNA_34803,ptg000022l,3457746,3463530,+,5785
lncRNA_34804,ptg000022l,3482850,3485208,+,2359
lncRNA_34805,ptg000022l,3482863,3485208,+,2346
lncRNA_34807,ptg000022l,3482869,3485208,+,2340
lncRNA_34808,ptg000022l,3482910,3485208,+,2299
lncRNA_34809,ptg000022l,3485489,3491608,+,6120
lncRNA_34810,ptg000022l,3489926,3491608,+,1683
lncRNA_34811,ptg000022l,3489953,3491608,+,1656
lncRNA_34812,ptg000022l,3488673,3495453,+,6781
lncRNA_34813,ptg000022l,3503915,3512599,+,8685
lncRNA_34814,ptg000022l,3503930,3511911,+,7982
lncRNA_34815,ptg000022l,3522896,3523868,+,973
lncRNA_34822,ptg000022l,4402072,4404550,+,2479
lncRNA_34823,ptg000022l,4123284,4124369,+,1086
lncRNA_34824,ptg000022l,4144116,4160987,+,16872
lncRNA_34831,ptg000022l,4518909,4527678,+,8770
lncRNA_34832,ptg000022l,4528473,4530823,+,2351
lncRNA_34833,ptg000022l,4529544,4530823,+,1280
lncRNA_34834,ptg000022l,4529550,4530823,+,1274
lncRNA_34835,ptg000022l,4529556,4530823,+,1268
lncRNA_34836,ptg000022l,4574266,4575253,+,988
lncRNA_34839,ptg000022l,4747375,4758496,+,11122
lncRNA_34840,ptg000022l,4749811,4755910,+,6100
lncRNA_34842,ptg000022l,4767035,4768986,+,1952
lncRNA_34843,ptg000022l,4780398,4784253,+,3856
lncRNA_34846,ptg000022l,5022114,5038199,+,16086
lncRNA_34849,ptg000022l,5105055,5181261,+,76207
lncRNA_34855,ptg000022l,5281072,5286831,+,5760
lncRNA_34856,ptg000022l,5281165,5286831,+,5667
lncRNA_34857,ptg000022l,5281198,5286831,+,5634
lncRNA_34859,ptg000022l,5282545,5286831,+,4287
lncRNA_34860,ptg000022l,5283536,5286831,+,3296
lncRNA_34861,ptg000022l,5318237,5344627,+,26391
lncRNA_34866,ptg000022l,5520304,5525441,+,5138
lncRNA_34867,ptg000022l,5520441,5527363,+,6923
lncRNA_34868,ptg000022l,5520445,5527363,+,6919
lncRNA_34869,ptg000022l,5538450,5546459,+,8010
lncRNA_34870,ptg000022l,5542608,5549970,+,7363
lncRNA_34871,ptg000022l,5574133,5588231,+,14099
lncRNA_34873,ptg000022l,5755434,5762715,+,7282
lncRNA_34874,ptg000022l,5756322,5766550,+,10229
lncRNA_34875,ptg000022l,5756426,5762715,+,6290
lncRNA_34877,ptg000022l,5849651,5858943,+,9293
lncRNA_34878,ptg000022l,5849664,5858943,+,9280
lncRNA_34879,ptg000022l,5872918,5874368,+,1451
lncRNA_34880,ptg000022l,5872927,5874368,+,1442
lncRNA_34881,ptg000022l,5878104,5880859,+,2756
lncRNA_34882,ptg000022l,5878127,5880618,+,2492
lncRNA_34883,ptg000022l,5878130,5880859,+,2730
lncRNA_34884,ptg000022l,5942055,5943022,+,968
lncRNA_34885,ptg000022l,5949023,5949527,+,505
lncRNA_34886,ptg000022l,6011850,6024862,+,13013
lncRNA_34887,ptg000022l,6041536,6051114,+,9579
lncRNA_34890,ptg000022l,6071802,6129927,+,58126
lncRNA_34899,ptg000022l,6079762,6115919,+,36158
lncRNA_34902,ptg000022l,6094731,6133342,+,38612
lncRNA_34907,ptg000022l,6215698,6216684,+,987
lncRNA_34908,ptg000022l,6388979,6393422,+,4444
lncRNA_34914,ptg000022l,6752617,6761357,+,8741
lncRNA_34915,ptg000022l,6862108,6867217,+,5110
lncRNA_34917,ptg000022l,6910398,6911945,+,1548
lncRNA_34918,ptg000022l,6910406,6911945,+,1540
lncRNA_34920,ptg000022l,6981413,6982891,+,1479
lncRNA_34921,ptg000022l,6981420,6982891,+,1472
lncRNA_34922,ptg000022l,6982903,6984535,+,1633
lncRNA_34923,ptg000022l,6983002,6984535,+,1534
lncRNA_34924,ptg000022l,6983486,6984226,+,741
lncRNA_34925,ptg000022l,6983486,6984535,+,1050
lncRNA_34926,ptg000022l,6983499,6984090,+,592
lncRNA_34927,ptg000022l,6989510,6995230,+,5721
lncRNA_34928,ptg000022l,6989706,6993767,+,4062
lncRNA_34929,ptg000022l,6989706,6994112,+,4407
lncRNA_34930,ptg000022l,6990208,6995230,+,5023
lncRNA_34931,ptg000022l,6990397,6995230,+,4834
lncRNA_34935,ptg000022l,7065931,7067899,+,1969
lncRNA_34936,ptg000022l,7091434,7092077,+,644
lncRNA_34937,ptg000022l,7117650,7119740,+,2091
lncRNA_34938,ptg000022l,7123202,7132428,+,9227
lncRNA_34939,ptg000022l,7262593,7267305,+,4713
lncRNA_34940,ptg000022l,7262604,7268162,+,5559
lncRNA_34941,ptg000022l,7262636,7266960,+,4325
lncRNA_34942,ptg000022l,7361200,7364203,+,3004
lncRNA_34943,ptg000022l,7343916,7347183,+,3268
lncRNA_34944,ptg000022l,7344430,7347183,+,2754
lncRNA_34945,ptg000022l,7406086,7409065,+,2980
lncRNA_34949,ptg000022l,7621658,7627033,+,5376
lncRNA_34950,ptg000022l,7622952,7626519,+,3568
lncRNA_34954,ptg000022l,7627249,7630263,+,3015
lncRNA_34957,ptg000022l,7678638,7680141,+,1504
lncRNA_34958,ptg000022l,7694418,7696339,+,1922
lncRNA_34959,ptg000022l,7821133,7823609,+,2477
lncRNA_34960,ptg000022l,7821500,7823475,+,1976
lncRNA_34962,ptg000022l,7861374,7864220,+,2847
lncRNA_34964,ptg000022l,7864821,7877661,+,12841
lncRNA_34965,ptg000022l,7865915,7870564,+,4650
lncRNA_34966,ptg000022l,7887657,7897693,+,10037
lncRNA_34968,ptg000022l,7916734,7922986,+,6253
lncRNA_34969,ptg000022l,7917317,7920433,+,3117
lncRNA_34970,ptg000022l,7917322,7920433,+,3112
lncRNA_34976,ptg000022l,8034342,8035089,+,748
lncRNA_34979,ptg000022l,8060036,8081397,+,21362
lncRNA_34980,ptg000022l,8076576,8079625,+,3050
lncRNA_34986,ptg000022l,8175795,8178191,+,2397
lncRNA_34987,ptg000022l,8249582,8251601,+,2020
lncRNA_34988,ptg000022l,8259492,8261648,+,2157
lncRNA_34989,ptg000022l,8287331,8288563,+,1233
lncRNA_34990,ptg000022l,8411045,8411970,+,926
lncRNA_34993,ptg000022l,8490353,8491960,+,1608
lncRNA_34995,ptg000022l,8770564,8771867,+,1304
lncRNA_34996,ptg000022l,8771124,8771867,+,744
lncRNA_35001,ptg000022l,8832561,8834649,+,2089
lncRNA_35004,ptg000022l,8912872,8916999,+,4128
lncRNA_35012,ptg000022l,9373380,9374492,+,1113
lncRNA_35013,ptg000022l,9387473,9388423,+,951
lncRNA_35014,ptg000022l,9414846,9423166,+,8321
lncRNA_35015,ptg000022l,9423614,9434957,+,11344
lncRNA_35017,ptg000022l,9451453,9452462,+,1010
lncRNA_35018,ptg000022l,9491748,9500299,+,8552
lncRNA_35020,ptg000022l,9624406,9627817,+,3412
lncRNA_35021,ptg000022l,9660495,9661210,+,716
lncRNA_35022,ptg000022l,9663844,9665684,+,1841
lncRNA_35023,ptg000022l,9663859,9665684,+,1826
lncRNA_35024,ptg000022l,9676677,9681412,+,4736
lncRNA_35026,ptg000022l,9734669,9747748,+,13080
lncRNA_35029,ptg000022l,9961234,9976853,+,15620
lncRNA_35033,ptg000022l,670689,682395,+,11707
lncRNA_35034,ptg000022l,678104,686509,+,8406
lncRNA_35035,ptg000022l,679702,687654,+,7953
lncRNA_35036,ptg000022l,681538,689465,+,7928
lncRNA_35041,ptg000022l,1276049,1280697,+,4649
lncRNA_35042,ptg000022l,1276060,1280697,+,4638
lncRNA_35044,ptg000022l,1278713,1280697,+,1985
lncRNA_35070,ptg000022l,1953607,1955827,+,2221
lncRNA_35073,ptg000022l,2025454,2026515,+,1062
lncRNA_35095,ptg000022l,2718867,2720580,+,1714
lncRNA_35102,ptg000022l,3062117,3066178,+,4062
lncRNA_35107,ptg000022l,3412727,3415743,+,3017
lncRNA_35111,ptg000022l,3457825,3471509,+,13685
lncRNA_35112,ptg000022l,3459972,3471509,+,11538
lncRNA_35113,ptg000022l,3466255,3471509,+,5255
lncRNA_35114,ptg000022l,3482850,3485386,+,2537
lncRNA_35115,ptg000022l,3482868,3485386,+,2519
lncRNA_35116,ptg000022l,3483739,3485386,+,1648
lncRNA_35117,ptg000022l,3483850,3485386,+,1537
lncRNA_35118,ptg000022l,3484118,3485386,+,1269
lncRNA_35119,ptg000022l,3487590,3491618,+,4029
lncRNA_35120,ptg000022l,3488972,3493258,+,4287
lncRNA_35121,ptg000022l,3489940,3493258,+,3319
lncRNA_35122,ptg000022l,3489953,3495383,+,5431
lncRNA_35123,ptg000022l,3504833,3507849,+,3017
lncRNA_35124,ptg000022l,3524317,3527612,+,3296
lncRNA_35134,ptg000022l,4578588,4582307,+,3720
lncRNA_35137,ptg000022l,4631064,4634243,+,3180
lncRNA_35140,ptg000022l,4684199,4691204,+,7006
lncRNA_35142,ptg000022l,4695078,4696133,+,1056
lncRNA_35143,ptg000022l,4752936,4758418,+,5483
lncRNA_35146,ptg000022l,4771263,4774549,+,3287
lncRNA_35147,ptg000022l,4772287,4774549,+,2263
lncRNA_35148,ptg000022l,4832638,4837734,+,5097
lncRNA_35149,ptg000022l,4944847,4947595,+,2749
lncRNA_35151,ptg000022l,5025626,5200777,+,175152
lncRNA_35164,ptg000022l,5328482,5330377,+,1896
lncRNA_35165,ptg000022l,5333630,5379459,+,45830
lncRNA_35168,ptg000022l,5473061,5479253,+,6193
lncRNA_35170,ptg000022l,5496583,5542967,+,46385
lncRNA_35171,ptg000022l,5506205,5523569,+,17365
lncRNA_35173,ptg000022l,5513448,5519621,+,6174
lncRNA_35182,ptg000022l,5974394,5980661,+,6268
lncRNA_35183,ptg000022l,5976608,5980661,+,4054
lncRNA_35184,ptg000022l,5961422,5962118,+,697
lncRNA_35185,ptg000022l,5966355,5967225,+,871
lncRNA_35186,ptg000022l,5969218,5971076,+,1859
lncRNA_35187,ptg000022l,5971969,5973674,+,1706
lncRNA_35192,ptg000022l,6085959,6135248,+,49290
lncRNA_35193,ptg000022l,6096643,6130259,+,33617
lncRNA_35196,ptg000022l,6157148,6159140,+,1993
lncRNA_35199,ptg000022l,6162102,6163964,+,1863
lncRNA_35200,ptg000022l,6177187,6182187,+,5001
lncRNA_35201,ptg000022l,6199631,6215448,+,15818
lncRNA_35206,ptg000022l,6282004,6287269,+,5266
lncRNA_35207,ptg000022l,6283784,6287269,+,3486
lncRNA_35208,ptg000022l,6284140,6287269,+,3130
lncRNA_35209,ptg000022l,6314159,6316398,+,2240
lncRNA_35211,ptg000022l,6328458,6332563,+,4106
lncRNA_35212,ptg000022l,6403236,6407680,+,4445
lncRNA_35213,ptg000022l,6422990,6431209,+,8220
lncRNA_35214,ptg000022l,6437543,6445930,+,8388
lncRNA_35217,ptg000022l,6544583,6554571,+,9989
lncRNA_35218,ptg000022l,6544666,6553421,+,8756
lncRNA_35219,ptg000022l,6564992,6567673,+,2682
lncRNA_35224,ptg000022l,6723878,6726302,+,2425
lncRNA_35225,ptg000022l,6752085,6753475,+,1391
lncRNA_35226,ptg000022l,6752737,6755347,+,2611
lncRNA_35228,ptg000022l,6819362,6820301,+,940
lncRNA_35232,ptg000022l,6908735,6911945,+,3211
lncRNA_35233,ptg000022l,6982849,6984524,+,1676
lncRNA_35238,ptg000022l,7005878,7023714,+,17837
lncRNA_35241,ptg000022l,7108325,7112875,+,4551
lncRNA_35242,ptg000022l,7115997,7117303,+,1307
lncRNA_35243,ptg000022l,7116260,7116940,+,681
lncRNA_35244,ptg000022l,7149496,7150030,+,535
lncRNA_35245,ptg000022l,7167449,7170183,+,2735
lncRNA_35252,ptg000022l,7398002,7400153,+,2152
lncRNA_35256,ptg000022l,7621658,7626185,+,4528
lncRNA_35259,ptg000022l,7622951,7626185,+,3235
lncRNA_35260,ptg000022l,7623234,7625112,+,1879
lncRNA_35261,ptg000022l,7626538,7632356,+,5819
lncRNA_35263,ptg000022l,7629056,7632356,+,3301
lncRNA_35268,ptg000022l,7651033,7653326,+,2294
lncRNA_35269,ptg000022l,7651063,7653326,+,2264
lncRNA_35270,ptg000022l,7694427,7695791,+,1365
lncRNA_35271,ptg000022l,7694435,7696393,+,1959
lncRNA_35272,ptg000022l,7801660,7803252,+,1593
lncRNA_35276,ptg000022l,7818848,7820417,+,1570
lncRNA_35277,ptg000022l,7841981,7842973,+,993
lncRNA_35284,ptg000022l,7912617,7913934,+,1318
lncRNA_35286,ptg000022l,7917316,7939184,+,21869
lncRNA_35291,ptg000022l,8392193,8395285,+,3093
lncRNA_35292,ptg000022l,8420013,8420890,+,878
lncRNA_35294,ptg000022l,8492204,8492905,+,702
lncRNA_35296,ptg000022l,8533044,8542235,+,9192
lncRNA_35297,ptg000022l,8588387,8589806,+,1420
lncRNA_35298,ptg000022l,8588601,8590759,+,2159
lncRNA_35299,ptg000022l,8591517,8594367,+,2851
lncRNA_35304,ptg000022l,8624231,8627660,+,3430
lncRNA_35305,ptg000022l,8664956,8666875,+,1920
lncRNA_35306,ptg000022l,8665313,8666875,+,1563
lncRNA_35307,ptg000022l,8665333,8666875,+,1543
lncRNA_35309,ptg000022l,8705550,8706156,+,607
lncRNA_35311,ptg000022l,8748821,8749732,+,912
lncRNA_35316,ptg000022l,8928745,8929424,+,680
lncRNA_35317,ptg000022l,8939362,8941084,+,1723
lncRNA_35318,ptg000022l,8953405,8972085,+,18681
lncRNA_35319,ptg000022l,8961256,8972085,+,10830
lncRNA_35320,ptg000022l,8967209,8972085,+,4877
lncRNA_35321,ptg000022l,8967988,8969435,+,1448
lncRNA_35322,ptg000022l,9000048,9014594,+,14547
lncRNA_35323,ptg000022l,9000052,9014594,+,14543
lncRNA_35324,ptg000022l,9004279,9013878,+,9600
lncRNA_35326,ptg000022l,9006221,9006502,+,282
lncRNA_35327,ptg000022l,9115417,9116024,+,608
lncRNA_35328,ptg000022l,9134542,9137071,+,2530
lncRNA_35330,ptg000022l,9150862,9154229,+,3368
lncRNA_35331,ptg000022l,9151118,9154229,+,3112
lncRNA_35333,ptg000022l,9151231,9154229,+,2999
lncRNA_35334,ptg000022l,9151253,9154536,+,3284
lncRNA_35335,ptg000022l,9152077,9154229,+,2153
lncRNA_35336,ptg000022l,9168566,9169810,+,1245
lncRNA_35339,ptg000022l,9306358,9310509,+,4152
lncRNA_35340,ptg000022l,9306410,9310509,+,4100
lncRNA_35342,ptg000022l,9311749,9312448,+,700
lncRNA_35343,ptg000022l,9372166,9377864,+,5699
lncRNA_35344,ptg000022l,9381997,9386259,+,4263
lncRNA_35345,ptg000022l,9382445,9386259,+,3815
lncRNA_35346,ptg000022l,9387258,9389591,+,2334
lncRNA_35349,ptg000022l,9451674,9452468,+,795
lncRNA_35350,ptg000022l,9459504,9460569,+,1066
lncRNA_35351,ptg000022l,9467084,9467473,+,390
lncRNA_35352,ptg000022l,9540171,9542926,+,2756
lncRNA_35353,ptg000022l,9624386,9637598,+,13213
lncRNA_35354,ptg000022l,9624388,9630740,+,6353
lncRNA_35355,ptg000022l,9624402,9633441,+,9040
lncRNA_35356,ptg000022l,9624404,9630740,+,6337
lncRNA_35357,ptg000022l,9705260,9707335,+,2076
lncRNA_35358,ptg000022l,9757955,9758291,+,337
lncRNA_35359,ptg000022l,9846816,9849048,+,2233
lncRNA_35360,ptg000022l,9851715,9862404,+,10690
lncRNA_35363,ptg000022l,9882833,9885455,+,2623
lncRNA_35365,ptg000022l,9902351,9903433,+,1083
lncRNA_35366,ptg000022l,9908690,9910570,+,1881
lncRNA_35367,ptg000022l,9917391,9922464,+,5074
lncRNA_35368,ptg000022l,9921681,9922464,+,784
lncRNA_35369,ptg000022l,9926155,9926672,+,518
lncRNA_35374,ptg000022l,9955077,9962379,+,7303
lncRNA_35377,ptg000022l,9955084,9962379,+,7296
lncRNA_35429,ptg000022l,1120968,1124588,+,3621
lncRNA_35456,ptg000022l,1540604,1540835,+,232
lncRNA_35461,ptg000022l,2113072,2116700,+,3629
lncRNA_35462,ptg000022l,2142852,2143156,+,305
lncRNA_35478,ptg000022l,2451330,2453474,+,2145
lncRNA_35533,ptg000022l,3113583,3114436,+,854
lncRNA_35551,ptg000022l,4847412,4848590,+,1179
lncRNA_35583,ptg000022l,5429869,5431627,+,1759
lncRNA_35597,ptg000022l,5566306,5567557,+,1252
lncRNA_35599,ptg000022l,5628198,5628965,+,768
lncRNA_35609,ptg000022l,6031199,6033411,+,2213
lncRNA_35614,ptg000022l,6142518,6143232,+,715
lncRNA_35627,ptg000022l,6446467,6446709,+,243
lncRNA_35631,ptg000022l,6554667,6555720,+,1054
lncRNA_35633,ptg000022l,6601575,6602150,+,576
lncRNA_35642,ptg000022l,7272422,7273392,+,971
lncRNA_35654,ptg000022l,7638063,7643184,+,5122
lncRNA_35694,ptg000022l,9952017,9953555,+,1539
lncRNA_35695,ptg000023l,48220,49386,+,1167
lncRNA_35696,ptg000023l,247953,251749,+,3797
lncRNA_35701,ptg000023l,436068,438805,+,2738
lncRNA_35702,ptg000023l,436116,438805,+,2690
lncRNA_35703,ptg000023l,553326,556249,+,2924
lncRNA_35704,ptg000023l,584038,584342,+,305
lncRNA_35705,ptg000023l,599886,601789,+,1904
lncRNA_35706,ptg000023l,758794,759565,+,772
lncRNA_35707,ptg000023l,815021,816699,+,1679
lncRNA_35708,ptg000023l,815022,816699,+,1678
lncRNA_35709,ptg000023l,919496,929319,+,9824
lncRNA_35712,ptg000023l,1044807,1108568,+,63762
lncRNA_35713,ptg000023l,1044833,1153554,+,108722
lncRNA_35714,ptg000023l,1044961,1065947,+,20987
lncRNA_35715,ptg000023l,1044977,1154372,+,109396
lncRNA_35716,ptg000023l,1064529,1153554,+,89026
lncRNA_35717,ptg000023l,1064529,1154002,+,89474
lncRNA_35718,ptg000023l,1064763,1153554,+,88792
lncRNA_35719,ptg000023l,1064861,1177293,+,112433
lncRNA_35720,ptg000023l,1086192,1153554,+,67363
lncRNA_35721,ptg000023l,1129102,1153341,+,24240
lncRNA_35722,ptg000023l,1264937,1315682,+,50746
lncRNA_35723,ptg000023l,1282451,1315825,+,33375
lncRNA_35724,ptg000023l,1050700,1071045,+,20346
lncRNA_35725,ptg000023l,1068910,1112620,+,43711
lncRNA_35726,ptg000023l,1069370,1091603,+,22234
lncRNA_35728,ptg000023l,1113868,1159696,+,45829
lncRNA_35729,ptg000023l,1113996,1138138,+,24143
lncRNA_35730,ptg000023l,1114725,1160385,+,45661
lncRNA_35732,ptg000023l,1136124,1182969,+,46846
lncRNA_35737,ptg000023l,1531960,1532386,+,427
lncRNA_35738,ptg000023l,1633108,1655195,+,22088
lncRNA_35739,ptg000023l,1635926,1675019,+,39094
lncRNA_35740,ptg000023l,1635945,1675019,+,39075
lncRNA_35741,ptg000023l,1635960,1675019,+,39060
lncRNA_35743,ptg000023l,1667794,1683339,+,15546
lncRNA_35744,ptg000023l,1691558,1714586,+,23029
lncRNA_35747,ptg000023l,1784715,1789766,+,5052
lncRNA_35748,ptg000023l,1784715,1789829,+,5115
lncRNA_35749,ptg000023l,1784715,1797910,+,13196
lncRNA_35750,ptg000023l,1784722,1797910,+,13189
lncRNA_35753,ptg000023l,1792163,1804987,+,12825
lncRNA_35754,ptg000023l,1796583,1804987,+,8405
lncRNA_35755,ptg000023l,1797350,1804987,+,7638
lncRNA_35759,ptg000023l,2202057,2204298,+,2242
lncRNA_35760,ptg000023l,2097395,2099949,+,2555
lncRNA_35762,ptg000023l,2196255,2199672,+,3418
lncRNA_35763,ptg000023l,2241501,2254008,+,12508
lncRNA_35764,ptg000023l,2247206,2254479,+,7274
lncRNA_35767,ptg000023l,2583526,2585644,+,2119
lncRNA_35769,ptg000023l,2593587,2598860,+,5274
lncRNA_35771,ptg000023l,2634788,2640154,+,5367
lncRNA_35776,ptg000023l,2712617,2720798,+,8182
lncRNA_35781,ptg000023l,3088342,3089697,+,1356
lncRNA_35782,ptg000023l,3088417,3089697,+,1281
lncRNA_35784,ptg000023l,3187989,3191929,+,3941
lncRNA_35785,ptg000023l,3206731,3208061,+,1331
lncRNA_35786,ptg000023l,3233528,3235942,+,2415
lncRNA_35791,ptg000023l,3632477,3635487,+,3011
lncRNA_35792,ptg000023l,3760157,3761274,+,1118
lncRNA_35793,ptg000023l,3763351,3765434,+,2084
lncRNA_35794,ptg000023l,3763457,3765434,+,1978
lncRNA_35796,ptg000023l,3778747,3783115,+,4369
lncRNA_35797,ptg000023l,3790598,3807472,+,16875
lncRNA_35798,ptg000023l,3798799,3807472,+,8674
lncRNA_35799,ptg000023l,3804439,3807472,+,3034
lncRNA_35800,ptg000023l,3805274,3806049,+,776
lncRNA_35802,ptg000023l,3992608,3997756,+,5149
lncRNA_35803,ptg000023l,3854121,3856214,+,2094
lncRNA_35806,ptg000023l,4043152,4045754,+,2603
lncRNA_35809,ptg000023l,4103127,4155953,+,52827
lncRNA_35811,ptg000023l,4137065,4155672,+,18608
lncRNA_35813,ptg000023l,4174715,4178340,+,3626
lncRNA_35814,ptg000023l,4174872,4178340,+,3469
lncRNA_35815,ptg000023l,4257642,4260305,+,2664
lncRNA_35816,ptg000023l,4355960,4357680,+,1721
lncRNA_35818,ptg000023l,4410299,4414142,+,3844
lncRNA_35819,ptg000023l,4410308,4414142,+,3835
lncRNA_35821,ptg000023l,4456251,4457304,+,1054
lncRNA_35823,ptg000023l,4599825,4631144,+,31320
lncRNA_35826,ptg000023l,4784317,4787389,+,3073
lncRNA_35827,ptg000023l,4818310,4819972,+,1663
lncRNA_35829,ptg000023l,4858605,4886459,+,27855
lncRNA_35831,ptg000023l,4953273,4954334,+,1062
lncRNA_35832,ptg000023l,4999569,5000858,+,1290
lncRNA_35836,ptg000023l,5082696,5142449,+,59754
lncRNA_35837,ptg000023l,5231515,5243939,+,12425
lncRNA_35838,ptg000023l,5231565,5236890,+,5326
lncRNA_35839,ptg000023l,5231574,5243939,+,12366
lncRNA_35840,ptg000023l,5102146,5146480,+,44335
lncRNA_35841,ptg000023l,5129207,5137046,+,7840
lncRNA_35842,ptg000023l,5131129,5138505,+,7377
lncRNA_35843,ptg000023l,5131132,5133860,+,2729
lncRNA_35844,ptg000023l,5145949,5196512,+,50564
lncRNA_35845,ptg000023l,5173278,5284733,+,111456
lncRNA_35847,ptg000023l,5466127,5467543,+,1417
lncRNA_35857,ptg000023l,5963586,5968950,+,5365
lncRNA_35859,ptg000023l,5981928,5987360,+,5433
lncRNA_35860,ptg000023l,5982632,5985101,+,2470
lncRNA_35862,ptg000023l,6094499,6095384,+,886
lncRNA_35864,ptg000023l,6124636,6129402,+,4767
lncRNA_35865,ptg000023l,6265264,6284098,+,18835
lncRNA_35868,ptg000023l,6397152,6399971,+,2820
lncRNA_35877,ptg000023l,7114992,7115857,+,866
lncRNA_35878,ptg000023l,7217623,7218791,+,1169
lncRNA_35883,ptg000023l,7309909,7317098,+,7190
lncRNA_35885,ptg000023l,7375901,7378278,+,2378
lncRNA_35886,ptg000023l,7383720,7391310,+,7591
lncRNA_35888,ptg000023l,7358734,7360385,+,1652
lncRNA_35891,ptg000023l,7420331,7421656,+,1326
lncRNA_35894,ptg000023l,7519155,7522630,+,3476
lncRNA_35895,ptg000023l,7519448,7522630,+,3183
lncRNA_35908,ptg000023l,8055235,8057499,+,2265
lncRNA_35911,ptg000023l,8102130,8103847,+,1718
lncRNA_35916,ptg000023l,8229969,8232531,+,2563
lncRNA_35920,ptg000023l,8327418,8328642,+,1225
lncRNA_35921,ptg000023l,8343434,8344862,+,1429
lncRNA_35927,ptg000023l,8675956,8680320,+,4365
lncRNA_35928,ptg000023l,8678979,8680320,+,1342
lncRNA_35930,ptg000023l,8785905,8788838,+,2934
lncRNA_35932,ptg000023l,9008989,9011942,+,2954
lncRNA_35933,ptg000023l,9013940,9016454,+,2515
lncRNA_35934,ptg000023l,9090733,9092182,+,1450
lncRNA_35943,ptg000023l,9223424,9225511,+,2088
lncRNA_35950,ptg000023l,9398232,9402825,+,4594
lncRNA_35952,ptg000023l,9419155,9419763,+,609
lncRNA_35963,ptg000023l,10036917,10040001,+,3085
lncRNA_35967,ptg000023l,10135346,10137041,+,1696
lncRNA_35968,ptg000023l,10188825,10193665,+,4841
lncRNA_35969,ptg000023l,10188825,10194123,+,5299
lncRNA_35970,ptg000023l,10188943,10193665,+,4723
lncRNA_35972,ptg000023l,10188996,10194123,+,5128
lncRNA_35973,ptg000023l,10189020,10193665,+,4646
lncRNA_35974,ptg000023l,10244313,10255332,+,11020
lncRNA_35975,ptg000023l,10272991,10274179,+,1189
lncRNA_35986,ptg000023l,11395619,11399149,+,3531
lncRNA_35988,ptg000023l,11660818,11662447,+,1630
lncRNA_36001,ptg000023l,12037663,12038455,+,793
lncRNA_36002,ptg000023l,12037976,12038455,+,480
lncRNA_36005,ptg000023l,12237390,12314497,+,77108
lncRNA_36055,ptg000023l,12675842,12679692,+,3851
lncRNA_36057,ptg000023l,12685582,12706964,+,21383
lncRNA_36063,ptg000023l,12732755,12755990,+,23236
lncRNA_36074,ptg000023l,12802386,12861551,+,59166
lncRNA_36079,ptg000023l,12844812,12908362,+,63551
lncRNA_36106,ptg000023l,13229296,13280061,+,50766
lncRNA_36112,ptg000023l,13288904,13346729,+,57826
lncRNA_36172,ptg000023l,14066645,14069492,+,2848
lncRNA_36174,ptg000023l,14066696,14069492,+,2797
lncRNA_36177,ptg000023l,14067927,14069492,+,1566
lncRNA_36181,ptg000023l,14418416,14421206,+,2791
lncRNA_36182,ptg000023l,14477799,14478635,+,837
lncRNA_36183,ptg000023l,14517128,14526684,+,9557
lncRNA_36184,ptg000023l,14517507,14524090,+,6584
lncRNA_36185,ptg000023l,14555481,14556083,+,603
lncRNA_36187,ptg000023l,14888342,14892639,+,4298
lncRNA_36191,ptg000023l,15599898,15608419,+,8522
lncRNA_36194,ptg000023l,15600084,15610020,+,9937
lncRNA_36196,ptg000023l,15600115,15621470,+,21356
lncRNA_36198,ptg000023l,15607485,15610020,+,2536
lncRNA_36199,ptg000023l,15621471,15623550,+,2080
lncRNA_36200,ptg000023l,15907213,15914572,+,7360
lncRNA_36203,ptg000023l,15970886,15971503,+,618
lncRNA_36204,ptg000023l,16164799,16166539,+,1741
lncRNA_36214,ptg000023l,16599178,16600070,+,893
lncRNA_36220,ptg000023l,16773552,16776147,+,2596
lncRNA_36222,ptg000023l,16840420,16841496,+,1077
lncRNA_36223,ptg000023l,16841100,16844391,+,3292
lncRNA_36224,ptg000023l,16852931,16855514,+,2584
lncRNA_36225,ptg000023l,16857178,16857894,+,717
lncRNA_36226,ptg000023l,16868352,16869957,+,1606
lncRNA_36227,ptg000023l,16874969,16879485,+,4517
lncRNA_36228,ptg000023l,16858968,16866662,+,7695
lncRNA_36229,ptg000023l,16953968,16954573,+,606
lncRNA_36230,ptg000023l,16956286,16965096,+,8811
lncRNA_36234,ptg000023l,17323392,17331068,+,7677
lncRNA_36240,ptg000023l,17450493,17452405,+,1913
lncRNA_36242,ptg000023l,17582700,17585167,+,2468
lncRNA_36246,ptg000023l,17759150,17759534,+,385
lncRNA_36247,ptg000023l,17872771,17873985,+,1215
lncRNA_36249,ptg000023l,17985120,17986684,+,1565
lncRNA_36250,ptg000023l,17995802,17997403,+,1602
lncRNA_36251,ptg000023l,18036931,18038023,+,1093
lncRNA_36252,ptg000023l,18145141,18151827,+,6687
lncRNA_36253,ptg000023l,18155819,18158010,+,2192
lncRNA_36254,ptg000023l,18245018,18246616,+,1599
lncRNA_36255,ptg000023l,18245288,18246616,+,1329
lncRNA_36257,ptg000023l,18339496,18340924,+,1429
lncRNA_36258,ptg000023l,18349465,18352796,+,3332
lncRNA_36259,ptg000023l,18419597,18423083,+,3487
lncRNA_36260,ptg000023l,18422200,18423083,+,884
lncRNA_36265,ptg000023l,18690409,18692192,+,1784
lncRNA_36266,ptg000023l,18762009,18762341,+,333
lncRNA_36268,ptg000023l,18790787,18796039,+,5253
lncRNA_36273,ptg000023l,19063389,19065531,+,2143
lncRNA_36276,ptg000023l,19071834,19080376,+,8543
lncRNA_36277,ptg000023l,19072077,19080376,+,8300
lncRNA_36279,ptg000023l,19111296,19124589,+,13294
lncRNA_36280,ptg000023l,19195381,19198063,+,2683
lncRNA_36281,ptg000023l,19199749,19201722,+,1974
lncRNA_36282,ptg000023l,19200185,19201722,+,1538
lncRNA_36283,ptg000023l,19205880,19214672,+,8793
lncRNA_36292,ptg000023l,19541992,19554852,+,12861
lncRNA_36294,ptg000023l,19571234,19583259,+,12026
lncRNA_36317,ptg000023l,20438079,20439504,+,1426
lncRNA_36319,ptg000023l,20589963,20591565,+,1603
lncRNA_36332,ptg000023l,20947581,20950960,+,3380
lncRNA_36333,ptg000023l,20990526,20993363,+,2838
lncRNA_36334,ptg000023l,20990571,20993363,+,2793
lncRNA_36338,ptg000023l,21245827,21249454,+,3628
lncRNA_36339,ptg000023l,19708194,19718127,+,9934
lncRNA_36347,ptg000023l,19916328,19917512,+,1185
lncRNA_36356,ptg000023l,20275743,20291688,+,15946
lncRNA_36360,ptg000023l,20614103,20621479,+,7377
lncRNA_36361,ptg000023l,20619152,20625602,+,6451
lncRNA_36376,ptg000023l,20993437,20997867,+,4431
lncRNA_36381,ptg000023l,21141713,21156205,+,14493
lncRNA_36382,ptg000023l,21200582,21213531,+,12950
lncRNA_36384,ptg000023l,21433352,21435353,+,2002
lncRNA_36387,ptg000023l,21454938,21460675,+,5738
lncRNA_36388,ptg000023l,21471638,21473024,+,1387
lncRNA_36390,ptg000023l,21580014,21582170,+,2157
lncRNA_36401,ptg000023l,21756801,21761579,+,4779
lncRNA_36402,ptg000023l,21816242,21817175,+,934
lncRNA_36403,ptg000023l,21816274,21817175,+,902
lncRNA_36404,ptg000023l,21856302,21857486,+,1185
lncRNA_36406,ptg000023l,21994420,21998028,+,3609
lncRNA_36407,ptg000023l,21994699,21998028,+,3330
lncRNA_36409,ptg000023l,22100222,22105262,+,5041
lncRNA_36410,ptg000023l,22102973,22105262,+,2290
lncRNA_36411,ptg000023l,22102982,22105262,+,2281
lncRNA_36412,ptg000023l,22111539,22113438,+,1900
lncRNA_36413,ptg000023l,22111807,22114235,+,2429
lncRNA_36414,ptg000023l,22125682,22126434,+,753
lncRNA_36415,ptg000023l,22160691,22163027,+,2337
lncRNA_36416,ptg000023l,22160881,22163027,+,2147
lncRNA_36418,ptg000023l,22161680,22163027,+,1348
lncRNA_36419,ptg000023l,22161697,22163027,+,1331
lncRNA_36420,ptg000023l,22269886,22282663,+,12778
lncRNA_36421,ptg000023l,22275215,22281338,+,6124
lncRNA_36429,ptg000023l,22427257,22428192,+,936
lncRNA_36431,ptg000023l,22450304,22452233,+,1930
lncRNA_36432,ptg000023l,22550950,22552838,+,1889
lncRNA_36433,ptg000023l,22566508,22573867,+,7360
lncRNA_36435,ptg000023l,22626332,22628186,+,1855
lncRNA_36437,ptg000023l,22640860,22655793,+,14934
lncRNA_36438,ptg000023l,22640893,22680395,+,39503
lncRNA_36439,ptg000023l,22640900,22655517,+,14618
lncRNA_36440,ptg000023l,22640902,22655517,+,14616
lncRNA_36441,ptg000023l,22640912,22678172,+,37261
lncRNA_36442,ptg000023l,22640913,22655517,+,14605
lncRNA_36443,ptg000023l,22643371,22675706,+,32336
lncRNA_36444,ptg000023l,22643785,22646739,+,2955
lncRNA_36445,ptg000023l,22643790,22655793,+,12004
lncRNA_36446,ptg000023l,22645815,22680964,+,35150
lncRNA_36451,ptg000023l,22672696,22678089,+,5394
lncRNA_36452,ptg000023l,22672765,22678089,+,5325
lncRNA_36453,ptg000023l,22672778,22678089,+,5312
lncRNA_36454,ptg000023l,22672778,22680624,+,7847
lncRNA_36456,ptg000023l,22672815,22680395,+,7581
lncRNA_36457,ptg000023l,22673102,22676906,+,3805
lncRNA_36458,ptg000023l,22673729,22678172,+,4444
lncRNA_36459,ptg000023l,22673747,22680964,+,7218
lncRNA_36460,ptg000023l,22673768,22680964,+,7197
lncRNA_36461,ptg000023l,22676459,22680313,+,3855
lncRNA_36463,ptg000023l,22694005,22697935,+,3931
lncRNA_36465,ptg000023l,22955578,22957722,+,2145
lncRNA_36466,ptg000023l,23127278,23137331,+,10054
lncRNA_36467,ptg000023l,23144012,23150277,+,6266
lncRNA_36468,ptg000023l,23189745,23191292,+,1548
lncRNA_36469,ptg000023l,23236325,23239883,+,3559
lncRNA_36471,ptg000023l,23280094,23281751,+,1658
lncRNA_36472,ptg000023l,23280132,23281751,+,1620
lncRNA_36474,ptg000023l,23299002,23304162,+,5161
lncRNA_36475,ptg000023l,23358500,23364788,+,6289
lncRNA_36477,ptg000023l,23482436,23514003,+,31568
lncRNA_36479,ptg000023l,23520514,23567754,+,47241
lncRNA_36480,ptg000023l,23546644,23562851,+,16208
lncRNA_36482,ptg000023l,23633167,23641375,+,8209
lncRNA_36483,ptg000023l,23996747,24000179,+,3433
lncRNA_36484,ptg000023l,24025689,24028567,+,2879
lncRNA_36485,ptg000023l,24053933,24054841,+,909
lncRNA_36486,ptg000023l,24056946,24095808,+,38863
lncRNA_36487,ptg000023l,24062662,24101280,+,38619
lncRNA_36490,ptg000023l,24235117,24256809,+,21693
lncRNA_36491,ptg000023l,24268007,24269282,+,1276
lncRNA_36492,ptg000023l,24278686,24283319,+,4634
lncRNA_36493,ptg000023l,24279235,24281823,+,2589
lncRNA_36494,ptg000023l,24279458,24281823,+,2366
lncRNA_36495,ptg000023l,24279463,24281823,+,2361
lncRNA_36496,ptg000023l,24279479,24281823,+,2345
lncRNA_36497,ptg000023l,24286234,24291478,+,5245
lncRNA_36499,ptg000023l,24286411,24291478,+,5068
lncRNA_36500,ptg000023l,24286423,24291478,+,5056
lncRNA_36501,ptg000023l,24299845,24317666,+,17822
lncRNA_36502,ptg000023l,24440437,24452248,+,11812
lncRNA_36503,ptg000023l,24440578,24450148,+,9571
lncRNA_36505,ptg000023l,24577231,24580472,+,3242
lncRNA_36507,ptg000023l,24613976,24617219,+,3244
lncRNA_36508,ptg000023l,24615076,24617219,+,2144
lncRNA_36509,ptg000023l,24767975,24768920,+,946
lncRNA_36510,ptg000023l,24785207,24787777,+,2571
lncRNA_36511,ptg000023l,24887094,24888545,+,1452
lncRNA_36513,ptg000023l,24964618,24966364,+,1747
lncRNA_36514,ptg000023l,25037301,25038746,+,1446
lncRNA_36521,ptg000023l,25507391,25508564,+,1174
lncRNA_36522,ptg000023l,25512230,25523538,+,11309
lncRNA_36523,ptg000023l,25512318,25523538,+,11221
lncRNA_36525,ptg000023l,25512372,25523538,+,11167
lncRNA_36526,ptg000023l,25512404,25533174,+,20771
lncRNA_36527,ptg000023l,25517974,25523538,+,5565
lncRNA_36528,ptg000023l,25526527,25531062,+,4536
lncRNA_36529,ptg000023l,25527925,25531062,+,3138
lncRNA_36530,ptg000023l,25531063,25532508,+,1446
lncRNA_36531,ptg000023l,25531162,25533174,+,2013
lncRNA_36532,ptg000023l,25537797,25540538,+,2742
lncRNA_36533,ptg000023l,25555935,25559790,+,3856
lncRNA_36534,ptg000023l,25566533,25569318,+,2786
lncRNA_36535,ptg000023l,25578862,25579582,+,721
lncRNA_36536,ptg000023l,25687240,25690038,+,2799
lncRNA_36537,ptg000023l,25687330,25690038,+,2709
lncRNA_36539,ptg000023l,25687597,25690038,+,2442
lncRNA_36540,ptg000023l,25688050,25690038,+,1989
lncRNA_36541,ptg000023l,25691600,25696489,+,4890
lncRNA_36542,ptg000023l,25691740,25696489,+,4750
lncRNA_36543,ptg000023l,25691757,25696489,+,4733
lncRNA_36544,ptg000023l,25691866,25696489,+,4624
lncRNA_36546,ptg000023l,25795385,25797615,+,2231
lncRNA_36549,ptg000023l,25878886,25882403,+,3518
lncRNA_36551,ptg000023l,25934342,25934954,+,613
lncRNA_36552,ptg000023l,25958682,25959657,+,976
lncRNA_36553,ptg000023l,25960130,25980924,+,20795
lncRNA_36554,ptg000023l,26080757,26096465,+,15709
lncRNA_36556,ptg000023l,26273065,26275510,+,2446
lncRNA_36557,ptg000023l,26293816,26295458,+,1643
lncRNA_36558,ptg000023l,26347762,26352571,+,4810
lncRNA_36559,ptg000023l,26347784,26352571,+,4788
lncRNA_36560,ptg000023l,26406670,26409627,+,2958
lncRNA_36561,ptg000023l,26442170,26445092,+,2923
lncRNA_36562,ptg000023l,26442315,26445092,+,2778
lncRNA_36563,ptg000023l,26442349,26445092,+,2744
lncRNA_36564,ptg000023l,26681463,26694032,+,12570
lncRNA_36566,ptg000023l,26762726,26765556,+,2831
lncRNA_36567,ptg000023l,26811696,26817659,+,5964
lncRNA_36568,ptg000023l,26862291,26866121,+,3831
lncRNA_36573,ptg000023l,27144536,27156045,+,11510
lncRNA_36574,ptg000023l,27150395,27156045,+,5651
lncRNA_36575,ptg000023l,27146614,27153098,+,6485
lncRNA_36581,ptg000023l,27533876,27553377,+,19502
lncRNA_36587,ptg000023l,27555115,27585963,+,30849
lncRNA_36588,ptg000023l,27580710,27600461,+,19752
lncRNA_36590,ptg000023l,27595302,27600461,+,5160
lncRNA_36594,ptg000023l,27634679,27643484,+,8806
lncRNA_36595,ptg000023l,27634848,27643484,+,8637
lncRNA_36596,ptg000023l,27634865,27643484,+,8620
lncRNA_36597,ptg000023l,27651531,27664185,+,12655
lncRNA_36598,ptg000023l,27679864,27690989,+,11126
lncRNA_36599,ptg000023l,27679871,27690989,+,11119
lncRNA_36601,ptg000023l,27680990,27702431,+,21442
lncRNA_36602,ptg000023l,27849831,27850848,+,1018
lncRNA_36604,ptg000023l,27868512,27869387,+,876
lncRNA_36605,ptg000023l,27893249,27895664,+,2416
lncRNA_36606,ptg000023l,28056198,28072328,+,16131
lncRNA_36607,ptg000023l,28056212,28070356,+,14145
lncRNA_36609,ptg000023l,28056212,28072328,+,16117
lncRNA_36610,ptg000023l,28056246,28061110,+,4865
lncRNA_36611,ptg000023l,28056248,28072328,+,16081
lncRNA_36612,ptg000023l,28056265,28071615,+,15351
lncRNA_36613,ptg000023l,28067741,28072328,+,4588
lncRNA_36614,ptg000023l,28073274,28075112,+,1839
lncRNA_36615,ptg000023l,28076519,28078162,+,1644
lncRNA_36616,ptg000023l,28086225,28094179,+,7955
lncRNA_36617,ptg000023l,28086376,28092983,+,6608
lncRNA_36618,ptg000023l,28086387,28094179,+,7793
lncRNA_36619,ptg000023l,28086500,28091709,+,5210
lncRNA_36620,ptg000023l,28119258,28124571,+,5314
lncRNA_36621,ptg000023l,28158718,28159348,+,631
lncRNA_36622,ptg000023l,28204503,28219682,+,15180
lncRNA_36626,ptg000023l,28327688,28329376,+,1689
lncRNA_36627,ptg000023l,28343142,28345278,+,2137
lncRNA_36628,ptg000023l,28486079,28491400,+,5322
lncRNA_36630,ptg000023l,28662206,28663442,+,1237
lncRNA_36631,ptg000023l,28662218,28663442,+,1225
lncRNA_36633,ptg000023l,28718600,28719721,+,1122
lncRNA_36634,ptg000023l,28733388,28736586,+,3199
lncRNA_36635,ptg000023l,28734862,28736586,+,1725
lncRNA_36636,ptg000023l,28840367,28842898,+,2532
lncRNA_36637,ptg000023l,28847817,28853510,+,5694
lncRNA_36641,ptg000023l,28904911,28910107,+,5197
lncRNA_36642,ptg000023l,28934394,28935613,+,1220
lncRNA_36643,ptg000023l,28940229,28944743,+,4515
lncRNA_36644,ptg000023l,28940237,28951228,+,10992
lncRNA_36646,ptg000023l,28940256,28951228,+,10973
lncRNA_36647,ptg000023l,28940590,28951228,+,10639
lncRNA_36648,ptg000023l,28947627,28951425,+,3799
lncRNA_36649,ptg000023l,28978070,28978987,+,918
lncRNA_36650,ptg000023l,28983626,28984598,+,973
lncRNA_36655,ptg000023l,29132765,29134470,+,1706
lncRNA_36656,ptg000023l,29156890,29160043,+,3154
lncRNA_36657,ptg000023l,29157987,29158270,+,284
lncRNA_36658,ptg000023l,29164941,29166689,+,1749
lncRNA_36659,ptg000023l,29206937,29211083,+,4147
lncRNA_36660,ptg000023l,29206937,29212050,+,5114
lncRNA_36662,ptg000023l,29206995,29212050,+,5056
lncRNA_36663,ptg000023l,29207022,29211083,+,4062
lncRNA_36665,ptg000023l,29321236,29323204,+,1969
lncRNA_36666,ptg000023l,29332242,29333937,+,1696
lncRNA_36672,ptg000023l,29397559,29399191,+,1633
lncRNA_36673,ptg000023l,29397598,29399191,+,1594
lncRNA_36674,ptg000023l,29399214,29404558,+,5345
lncRNA_36675,ptg000023l,29494756,29500801,+,6046
lncRNA_36677,ptg000023l,29508101,29515065,+,6965
lncRNA_36678,ptg000023l,29510029,29513434,+,3406
lncRNA_36679,ptg000023l,29510994,29513434,+,2441
lncRNA_36683,ptg000023l,29797825,29798880,+,1056
lncRNA_36684,ptg000023l,29832381,29833958,+,1578
lncRNA_36686,ptg000023l,29985307,29986321,+,1015
lncRNA_36687,ptg000023l,30020296,30021261,+,966
lncRNA_36688,ptg000023l,30041122,30044061,+,2940
lncRNA_36691,ptg000023l,30095518,30096972,+,1455
lncRNA_36692,ptg000023l,30108147,30108657,+,511
lncRNA_36694,ptg000023l,30200091,30200469,+,379
lncRNA_36695,ptg000023l,30211387,30212424,+,1038
lncRNA_36701,ptg000023l,30293938,30318857,+,24920
lncRNA_36704,ptg000023l,30308085,30326747,+,18663
lncRNA_36705,ptg000023l,30311057,30332698,+,21642
lncRNA_36706,ptg000023l,30312534,30357756,+,45223
lncRNA_36707,ptg000023l,30365834,30367397,+,1564
lncRNA_36708,ptg000023l,30465401,30467507,+,2107
lncRNA_36709,ptg000023l,30557791,30561905,+,4115
lncRNA_36710,ptg000023l,30558934,30561905,+,2972
lncRNA_36711,ptg000023l,30559641,30561905,+,2265
lncRNA_36712,ptg000023l,30559685,30561905,+,2221
lncRNA_36713,ptg000023l,30560382,30561905,+,1524
lncRNA_36714,ptg000023l,30574841,30583080,+,8240
lncRNA_36715,ptg000023l,30574854,30586814,+,11961
lncRNA_36716,ptg000023l,30574870,30582625,+,7756
lncRNA_36717,ptg000023l,30583081,30587288,+,4208
lncRNA_36718,ptg000023l,30584046,30589366,+,5321
lncRNA_36719,ptg000023l,30585629,30590844,+,5216
lncRNA_36720,ptg000023l,30585769,30590844,+,5076
lncRNA_36721,ptg000023l,30592577,30598812,+,6236
lncRNA_36722,ptg000023l,30705456,30708690,+,3235
lncRNA_36723,ptg000023l,30746131,30747853,+,1723
lncRNA_36727,ptg000023l,30881084,30886445,+,5362
lncRNA_36730,ptg000023l,30968215,30969992,+,1778
lncRNA_36732,ptg000023l,30996794,30998516,+,1723
lncRNA_36734,ptg000023l,31209721,31225490,+,15770
lncRNA_36735,ptg000023l,31218333,31225490,+,7158
lncRNA_36736,ptg000023l,31222050,31226545,+,4496
lncRNA_36739,ptg000023l,31332055,31334210,+,2156
lncRNA_36742,ptg000023l,31501181,31554238,+,53058
lncRNA_36748,ptg000023l,31506381,31570833,+,64453
lncRNA_36757,ptg000023l,31795053,31802365,+,7313
lncRNA_36758,ptg000023l,31788754,31790289,+,1536
lncRNA_36759,ptg000023l,31789066,31798575,+,9510
lncRNA_36763,ptg000023l,31903192,31907746,+,4555
lncRNA_36765,ptg000023l,31903203,31907746,+,4544
lncRNA_36766,ptg000023l,31903204,31907746,+,4543
lncRNA_36771,ptg000023l,32032275,32036786,+,4512
lncRNA_36772,ptg000023l,32037168,32041641,+,4474
lncRNA_36773,ptg000023l,32038038,32043711,+,5674
lncRNA_36774,ptg000023l,32045570,32050115,+,4546
lncRNA_36775,ptg000023l,32045823,32050115,+,4293
lncRNA_36776,ptg000023l,32046040,32050258,+,4219
lncRNA_36778,ptg000023l,32047093,32054389,+,7297
lncRNA_36779,ptg000023l,32050762,32054389,+,3628
lncRNA_36780,ptg000023l,32051266,32054389,+,3124
lncRNA_36781,ptg000023l,32093098,32096304,+,3207
lncRNA_36782,ptg000023l,32161622,32162926,+,1305
lncRNA_36783,ptg000023l,32267972,32268776,+,805
lncRNA_36785,ptg000023l,32283267,32288550,+,5284
lncRNA_36788,ptg000023l,32532785,32535442,+,2658
lncRNA_36789,ptg000023l,32650087,32657330,+,7244
lncRNA_36790,ptg000023l,32713372,32729629,+,16258
lncRNA_36791,ptg000023l,32714346,32731399,+,17054
lncRNA_36792,ptg000023l,32716224,32751405,+,35182
lncRNA_36794,ptg000023l,32775619,32795742,+,20124
lncRNA_36795,ptg000023l,32776625,32795844,+,19220
lncRNA_36797,ptg000023l,32808468,32826881,+,18414
lncRNA_36802,ptg000023l,32846642,32860115,+,13474
lncRNA_36803,ptg000023l,32857313,32869397,+,12085
lncRNA_36804,ptg000023l,32857685,32870333,+,12649
lncRNA_36805,ptg000023l,32873790,32884370,+,10581
lncRNA_36806,ptg000023l,32873863,32884370,+,10508
lncRNA_36809,ptg000023l,32959164,32960205,+,1042
lncRNA_36810,ptg000023l,33032926,33039464,+,6539
lncRNA_36811,ptg000023l,33035088,33043507,+,8420
lncRNA_36812,ptg000023l,33035488,33043892,+,8405
lncRNA_36813,ptg000023l,33038124,33046830,+,8707
lncRNA_36814,ptg000023l,33040302,33040914,+,613
lncRNA_36815,ptg000023l,33048760,33058073,+,9314
lncRNA_36818,ptg000023l,33119013,33159006,+,39994
lncRNA_36823,ptg000023l,33161940,33181750,+,19811
lncRNA_36827,ptg000023l,33236027,33239552,+,3526
lncRNA_36828,ptg000023l,33236038,33239552,+,3515
lncRNA_36830,ptg000023l,33236066,33239552,+,3487
lncRNA_36832,ptg000023l,33314454,33315799,+,1346
lncRNA_36833,ptg000023l,33375316,33383998,+,8683
lncRNA_36834,ptg000023l,33375356,33383998,+,8643
lncRNA_36835,ptg000023l,33377296,33382498,+,5203
lncRNA_36836,ptg000023l,33386348,33389439,+,3092
lncRNA_36837,ptg000023l,33448994,33451177,+,2184
lncRNA_36838,ptg000023l,33674174,33689876,+,15703
lncRNA_36839,ptg000023l,33533791,33535797,+,2007
lncRNA_36842,ptg000023l,33604092,33655522,+,51431
lncRNA_36843,ptg000023l,33609171,33675946,+,66776
lncRNA_36848,ptg000023l,33665790,33678083,+,12294
lncRNA_36850,ptg000023l,33974358,33979537,+,5180
lncRNA_36851,ptg000023l,33978893,33984380,+,5488
lncRNA_36852,ptg000023l,33983659,34001183,+,17525
lncRNA_36853,ptg000023l,34084845,34086225,+,1381
lncRNA_36854,ptg000023l,34134152,34135436,+,1285
lncRNA_36856,ptg000023l,34214543,34217755,+,3213
lncRNA_36857,ptg000023l,34256779,34257615,+,837
lncRNA_36860,ptg000023l,34488786,34492240,+,3455
lncRNA_36861,ptg000023l,34488863,34492240,+,3378
lncRNA_36862,ptg000023l,34488869,34492240,+,3372
lncRNA_36863,ptg000023l,34488870,34492240,+,3371
lncRNA_36864,ptg000023l,34488871,34492240,+,3370
lncRNA_36865,ptg000023l,34488873,34492240,+,3368
lncRNA_36867,ptg000023l,34488884,34492240,+,3357
lncRNA_36869,ptg000023l,34488921,34492240,+,3320
lncRNA_36870,ptg000023l,34489645,34492240,+,2596
lncRNA_36871,ptg000023l,34513742,34514175,+,434
lncRNA_36872,ptg000023l,34514431,34516531,+,2101
lncRNA_36874,ptg000023l,34518843,34524963,+,6121
lncRNA_36875,ptg000023l,34571826,34572946,+,1121
lncRNA_36876,ptg000023l,34572168,34575203,+,3036
lncRNA_36877,ptg000023l,34583532,34584699,+,1168
lncRNA_36880,ptg000023l,34633084,34634439,+,1356
lncRNA_36881,ptg000023l,34635471,34642867,+,7397
lncRNA_36882,ptg000023l,34636091,34642867,+,6777
lncRNA_36889,ptg000023l,34792626,34794048,+,1423
lncRNA_36891,ptg000023l,34854212,34856398,+,2187
lncRNA_36892,ptg000023l,34900683,34914509,+,13827
lncRNA_36893,ptg000023l,34900763,34914509,+,13747
lncRNA_36894,ptg000023l,34900783,34914509,+,13727
lncRNA_36895,ptg000023l,34900798,34914509,+,13712
lncRNA_36896,ptg000023l,34900807,34914509,+,13703
lncRNA_36897,ptg000023l,34910590,34914509,+,3920
lncRNA_36898,ptg000023l,34949362,34955811,+,6450
lncRNA_36899,ptg000023l,34950726,34956347,+,5622
lncRNA_36900,ptg000023l,35025219,35025673,+,455
lncRNA_36902,ptg000023l,35163872,35166093,+,2222
lncRNA_36903,ptg000023l,35210199,35245966,+,35768
lncRNA_36904,ptg000023l,35288865,35314681,+,25817
lncRNA_36905,ptg000023l,35288871,35314681,+,25811
lncRNA_36908,ptg000023l,35458792,35464657,+,5866
lncRNA_36909,ptg000023l,35460513,35492491,+,31979
lncRNA_36910,ptg000023l,35463483,35501061,+,37579
lncRNA_36911,ptg000023l,35664192,35664726,+,535
lncRNA_36915,ptg000023l,35854252,35856290,+,2039
lncRNA_36916,ptg000023l,35854377,35856290,+,1914
lncRNA_36917,ptg000023l,35896616,35897628,+,1013
lncRNA_36918,ptg000023l,35978794,35982388,+,3595
lncRNA_36919,ptg000023l,36062184,36067191,+,5008
lncRNA_36922,ptg000023l,36108161,36111315,+,3155
lncRNA_36923,ptg000023l,36108181,36111315,+,3135
lncRNA_36924,ptg000023l,36196873,36210168,+,13296
lncRNA_36926,ptg000023l,36210479,36212453,+,1975
lncRNA_36927,ptg000023l,36181778,36184386,+,2609
lncRNA_36928,ptg000023l,36185214,36188101,+,2888
lncRNA_36929,ptg000023l,36195868,36196634,+,767
lncRNA_36933,ptg000023l,36409646,36438496,+,28851
lncRNA_36934,ptg000023l,36426031,36428397,+,2367
lncRNA_36937,ptg000023l,36431497,36441824,+,10328
lncRNA_36943,ptg000023l,36963746,36978827,+,15082
lncRNA_36945,ptg000023l,37131346,37136022,+,4677
lncRNA_36946,ptg000023l,37218638,37223743,+,5106
lncRNA_36947,ptg000023l,37459780,37461413,+,1634
lncRNA_36949,ptg000023l,37511244,37511787,+,544
lncRNA_36951,ptg000023l,37603911,37634193,+,30283
lncRNA_36952,ptg000023l,37614692,37641575,+,26884
lncRNA_36957,ptg000023l,37645371,37646502,+,1132
lncRNA_36959,ptg000023l,37667463,37713590,+,46128
lncRNA_36960,ptg000023l,37707107,37732294,+,25188
lncRNA_36961,ptg000023l,37711201,37732294,+,21094
lncRNA_36964,ptg000023l,37769051,37769407,+,357
lncRNA_36967,ptg000023l,37831351,37832185,+,835
lncRNA_36969,ptg000023l,37835224,37839226,+,4003
lncRNA_36971,ptg000023l,37835231,37839226,+,3996
lncRNA_36972,ptg000023l,37835233,37839226,+,3994
lncRNA_36973,ptg000023l,37847754,37848687,+,934
lncRNA_36974,ptg000023l,37866130,37867846,+,1717
lncRNA_36976,ptg000023l,37963939,37968927,+,4989
lncRNA_36977,ptg000023l,37965745,37968927,+,3183
lncRNA_36978,ptg000023l,38035231,38040562,+,5332
lncRNA_36983,ptg000023l,38146039,38155420,+,9382
lncRNA_36984,ptg000023l,38148183,38157089,+,8907
lncRNA_36985,ptg000023l,38148189,38157089,+,8901
lncRNA_36988,ptg000023l,38205117,38209598,+,4482
lncRNA_36989,ptg000023l,38205118,38210561,+,5444
lncRNA_36990,ptg000023l,38217586,38232652,+,15067
lncRNA_36995,ptg000023l,38318678,38319696,+,1019
lncRNA_36996,ptg000023l,38329706,38331516,+,1811
lncRNA_36997,ptg000023l,38329785,38331516,+,1732
lncRNA_36998,ptg000023l,38329841,38331516,+,1676
lncRNA_36999,ptg000023l,38356234,38357377,+,1144
lncRNA_37005,ptg000023l,38805346,38808285,+,2940
lncRNA_37006,ptg000023l,38805381,38808285,+,2905
lncRNA_37008,ptg000023l,38906368,38908105,+,1738
lncRNA_37009,ptg000023l,39127684,39128929,+,1246
lncRNA_37011,ptg000023l,39186790,39198741,+,11952
lncRNA_37014,ptg000023l,39316047,39326220,+,10174
lncRNA_37021,ptg000023l,39478853,39482491,+,3639
lncRNA_37023,ptg000023l,39606669,39609299,+,2631
lncRNA_37027,ptg000023l,39746193,39747100,+,908
lncRNA_37030,ptg000023l,39972921,40014503,+,41583
lncRNA_37031,ptg000023l,40002882,40014503,+,11622
lncRNA_37032,ptg000023l,40003267,40014293,+,11027
lncRNA_37035,ptg000023l,40088519,40089870,+,1352
lncRNA_37036,ptg000023l,40267674,40268560,+,887
lncRNA_37039,ptg000023l,40417520,40419411,+,1892
lncRNA_37040,ptg000023l,40441305,40507781,+,66477
lncRNA_37041,ptg000023l,40643158,40643862,+,705
lncRNA_37045,ptg000023l,41074695,41086135,+,11441
lncRNA_37047,ptg000023l,41074958,41082194,+,7237
lncRNA_37048,ptg000023l,41075154,41082194,+,7041
lncRNA_37049,ptg000023l,41075154,41086135,+,10982
lncRNA_37051,ptg000023l,41075159,41082194,+,7036
lncRNA_37052,ptg000023l,41075159,41086135,+,10977
lncRNA_37053,ptg000023l,41075162,41086135,+,10974
lncRNA_37056,ptg000023l,41075165,41082194,+,7030
lncRNA_37057,ptg000023l,41075165,41086135,+,10971
lncRNA_37058,ptg000023l,41075166,41082194,+,7029
lncRNA_37059,ptg000023l,41075167,41082194,+,7028
lncRNA_37061,ptg000023l,41075168,41086135,+,10968
lncRNA_37062,ptg000023l,41075169,41082194,+,7026
lncRNA_37063,ptg000023l,41075170,41082194,+,7025
lncRNA_37064,ptg000023l,41075171,41082194,+,7024
lncRNA_37066,ptg000023l,41075175,41086135,+,10961
lncRNA_37069,ptg000023l,41075179,41082194,+,7016
lncRNA_37070,ptg000023l,41075185,41082194,+,7010
lncRNA_37072,ptg000023l,41075415,41082194,+,6780
lncRNA_37074,ptg000023l,41075701,41082194,+,6494
lncRNA_37075,ptg000023l,41076628,41082194,+,5567
lncRNA_37076,ptg000023l,41077452,41082194,+,4743
lncRNA_37077,ptg000023l,41077578,41082194,+,4617
lncRNA_37080,ptg000023l,41160188,41163877,+,3690
lncRNA_37084,ptg000023l,41522030,41524407,+,2378
lncRNA_37085,ptg000023l,41522797,41524407,+,1611
lncRNA_37087,ptg000023l,41565041,41593672,+,28632
lncRNA_37088,ptg000023l,41565376,41593672,+,28297
lncRNA_37090,ptg000023l,41582762,41593656,+,10895
lncRNA_37094,ptg000023l,41583078,41593672,+,10595
lncRNA_37099,ptg000023l,41672439,41674594,+,2156
lncRNA_37105,ptg000023l,42091288,42094057,+,2770
lncRNA_37106,ptg000023l,42118862,42120879,+,2018
lncRNA_37109,ptg000023l,42244375,42266444,+,22070
lncRNA_37111,ptg000023l,42346884,42350448,+,3565
lncRNA_37112,ptg000023l,42346890,42350448,+,3559
lncRNA_37114,ptg000023l,42478090,42484311,+,6222
lncRNA_37115,ptg000023l,42531848,42535846,+,3999
lncRNA_37117,ptg000023l,42544335,42547325,+,2991
lncRNA_37129,ptg000023l,43718376,43727685,+,9310
lncRNA_37130,ptg000023l,43718504,43727685,+,9182
lncRNA_37270,ptg000023l,13839,16604,+,2766
lncRNA_37271,ptg000023l,13966,15601,+,1636
lncRNA_37272,ptg000023l,33711,34747,+,1037
lncRNA_37273,ptg000023l,44302,45961,+,1660
lncRNA_37274,ptg000023l,37886,38960,+,1075
lncRNA_37277,ptg000023l,51023,51403,+,381
lncRNA_37278,ptg000023l,106780,114199,+,7420
lncRNA_37279,ptg000023l,106798,110366,+,3569
lncRNA_37280,ptg000023l,135708,143018,+,7311
lncRNA_37282,ptg000023l,156352,164539,+,8188
lncRNA_37283,ptg000023l,158255,172833,+,14579
lncRNA_37284,ptg000023l,159131,167178,+,8048
lncRNA_37285,ptg000023l,164140,170732,+,6593
lncRNA_37286,ptg000023l,165843,172581,+,6739
lncRNA_37287,ptg000023l,246652,251749,+,5098
lncRNA_37290,ptg000023l,282573,285998,+,3426
lncRNA_37291,ptg000023l,289046,290406,+,1361
lncRNA_37296,ptg000023l,485484,487118,+,1635
lncRNA_37298,ptg000023l,585286,596677,+,11392
lncRNA_37299,ptg000023l,586107,596677,+,10571
lncRNA_37300,ptg000023l,593760,596677,+,2918
lncRNA_37301,ptg000023l,577473,579790,+,2318
lncRNA_37304,ptg000023l,619857,623754,+,3898
lncRNA_37305,ptg000023l,666911,670180,+,3270
lncRNA_37307,ptg000023l,715837,719384,+,3548
lncRNA_37308,ptg000023l,729066,731290,+,2225
lncRNA_37310,ptg000023l,908413,909331,+,919
lncRNA_37311,ptg000023l,908495,909331,+,837
lncRNA_37312,ptg000023l,908545,909331,+,787
lncRNA_37313,ptg000023l,912382,914838,+,2457
lncRNA_37314,ptg000023l,928768,929357,+,590
lncRNA_37316,ptg000023l,997191,1004274,+,7084
lncRNA_37317,ptg000023l,1044817,1164640,+,119824
lncRNA_37318,ptg000023l,1044835,1177677,+,132843
lncRNA_37319,ptg000023l,1049505,1090902,+,41398
lncRNA_37320,ptg000023l,1049638,1092038,+,42401
lncRNA_37321,ptg000023l,1050650,1071023,+,20374
lncRNA_37322,ptg000023l,1069818,1092038,+,22221
lncRNA_37323,ptg000023l,1071474,1185719,+,114246
lncRNA_37324,ptg000023l,1086100,1177156,+,91057
lncRNA_37325,ptg000023l,1086192,1154324,+,68133
lncRNA_37326,ptg000023l,1086275,1135284,+,49010
lncRNA_37327,ptg000023l,1086275,1154324,+,68050
lncRNA_37328,ptg000023l,1086312,1177156,+,90845
lncRNA_37334,ptg000023l,1113844,1159961,+,46118
lncRNA_37335,ptg000023l,1113848,1159961,+,46114
lncRNA_37336,ptg000023l,1114273,1185719,+,71447
lncRNA_37337,ptg000023l,1159053,1196148,+,37096
lncRNA_37338,ptg000023l,1159337,1185006,+,25670
lncRNA_37341,ptg000023l,1241236,1245761,+,4526
lncRNA_37342,ptg000023l,1565616,1570854,+,5239
lncRNA_37344,ptg000023l,1601424,1602658,+,1235
lncRNA_37348,ptg000023l,1638934,1689684,+,50751
lncRNA_37349,ptg000023l,1639035,1675277,+,36243
lncRNA_37350,ptg000023l,1658047,1713353,+,55307
lncRNA_37351,ptg000023l,1701729,1713353,+,11625
lncRNA_37352,ptg000023l,1701983,1707862,+,5880
lncRNA_37354,ptg000023l,1710908,1716361,+,5454
lncRNA_37355,ptg000023l,1710973,1712852,+,1880
lncRNA_37356,ptg000023l,1711071,1716361,+,5291
lncRNA_37357,ptg000023l,1711759,1714472,+,2714
lncRNA_37363,ptg000023l,1752135,1753174,+,1040
lncRNA_37370,ptg000023l,1987659,1989518,+,1860
lncRNA_37372,ptg000023l,2050839,2066648,+,15810
lncRNA_37373,ptg000023l,2120444,2121383,+,940
lncRNA_37375,ptg000023l,2170313,2172640,+,2328
lncRNA_37376,ptg000023l,2170352,2172640,+,2289
lncRNA_37377,ptg000023l,2203759,2206118,+,2360
lncRNA_37378,ptg000023l,2246862,2257365,+,10504
lncRNA_37381,ptg000023l,2400975,2402669,+,1695
lncRNA_37382,ptg000023l,2401041,2402669,+,1629
lncRNA_37383,ptg000023l,2844983,2853270,+,8288
lncRNA_37388,ptg000023l,2967793,2968577,+,785
lncRNA_37389,ptg000023l,2994443,2996181,+,1739
lncRNA_37390,ptg000023l,2994685,2996181,+,1497
lncRNA_37391,ptg000023l,3081102,3086161,+,5060
lncRNA_37392,ptg000023l,3088342,3089611,+,1270
lncRNA_37393,ptg000023l,3203037,3205160,+,2124
lncRNA_37394,ptg000023l,3212908,3214723,+,1816
lncRNA_37395,ptg000023l,3209691,3210375,+,685
lncRNA_37396,ptg000023l,3367937,3383450,+,15514
lncRNA_37397,ptg000023l,3367937,3398499,+,30563
lncRNA_37398,ptg000023l,3367946,3371688,+,3743
lncRNA_37399,ptg000023l,3368207,3371688,+,3482
lncRNA_37400,ptg000023l,3368243,3405418,+,37176
lncRNA_37401,ptg000023l,3395600,3398875,+,3276
lncRNA_37402,ptg000023l,3395630,3398875,+,3246
lncRNA_37403,ptg000023l,3395633,3398875,+,3243
lncRNA_37404,ptg000023l,3401406,3405418,+,4013
lncRNA_37405,ptg000023l,3373910,3389900,+,15991
lncRNA_37408,ptg000023l,3377209,3391005,+,13797
lncRNA_37411,ptg000023l,3455858,3462409,+,6552
lncRNA_37412,ptg000023l,3477470,3478813,+,1344
lncRNA_37413,ptg000023l,3487151,3490154,+,3004
lncRNA_37414,ptg000023l,3518422,3520597,+,2176
lncRNA_37415,ptg000023l,3531648,3532641,+,994
lncRNA_37416,ptg000023l,3547184,3550598,+,3415
lncRNA_37417,ptg000023l,3547309,3550598,+,3290
lncRNA_37418,ptg000023l,3547474,3550598,+,3125
lncRNA_37419,ptg000023l,3634758,3636575,+,1818
lncRNA_37421,ptg000023l,3643755,3645269,+,1515
lncRNA_37422,ptg000023l,3713635,3716563,+,2929
lncRNA_37423,ptg000023l,3727617,3730650,+,3034
lncRNA_37424,ptg000023l,3771364,3774184,+,2821
lncRNA_37425,ptg000023l,3855957,3859124,+,3168
lncRNA_37428,ptg000023l,3883855,3886290,+,2436
lncRNA_37429,ptg000023l,3890480,3892875,+,2396
lncRNA_37430,ptg000023l,3899586,3903327,+,3742
lncRNA_37431,ptg000023l,3900924,3903327,+,2404
lncRNA_37433,ptg000023l,4019303,4022567,+,3265
lncRNA_37434,ptg000023l,4024516,4028560,+,4045
lncRNA_37435,ptg000023l,4024789,4028560,+,3772
lncRNA_37436,ptg000023l,4025334,4028560,+,3227
lncRNA_37437,ptg000023l,4025468,4028560,+,3093
lncRNA_37438,ptg000023l,4025543,4027816,+,2274
lncRNA_37439,ptg000023l,4025545,4027473,+,1929
lncRNA_37440,ptg000023l,4039642,4042104,+,2463
lncRNA_37441,ptg000023l,4040034,4042104,+,2071
lncRNA_37442,ptg000023l,4087865,4130121,+,42257
lncRNA_37443,ptg000023l,4088005,4130121,+,42117
lncRNA_37444,ptg000023l,4103098,4125744,+,22647
lncRNA_37446,ptg000023l,4103586,4126218,+,22633
lncRNA_37447,ptg000023l,4111090,4125744,+,14655
lncRNA_37448,ptg000023l,4122670,4125000,+,2331
lncRNA_37449,ptg000023l,4139883,4165943,+,26061
lncRNA_37451,ptg000023l,4155913,4164605,+,8693
lncRNA_37454,ptg000023l,4128604,4195592,+,66989
lncRNA_37456,ptg000023l,4183905,4198880,+,14976
lncRNA_37460,ptg000023l,4421031,4423930,+,2900
lncRNA_37461,ptg000023l,4651600,4654237,+,2638
lncRNA_37469,ptg000023l,4842774,4844160,+,1387
lncRNA_37471,ptg000023l,4996479,4999172,+,2694
lncRNA_37474,ptg000023l,4996518,4999172,+,2655
lncRNA_37475,ptg000023l,4997565,4999172,+,1608
lncRNA_37476,ptg000023l,5066382,5069695,+,3314
lncRNA_37477,ptg000023l,5135089,5137643,+,2555
lncRNA_37478,ptg000023l,5141273,5243939,+,102667
lncRNA_37479,ptg000023l,5141277,5243939,+,102663
lncRNA_37480,ptg000023l,5141846,5142449,+,604
lncRNA_37481,ptg000023l,5218791,5230405,+,11615
lncRNA_37484,ptg000023l,5568224,5570457,+,2234
lncRNA_37486,ptg000023l,5604025,5605295,+,1271
lncRNA_37489,ptg000023l,5916313,5916995,+,683
lncRNA_37495,ptg000023l,6084690,6086817,+,2128
lncRNA_37496,ptg000023l,6265264,6284465,+,19202
lncRNA_37497,ptg000023l,6266359,6268293,+,1935
lncRNA_37498,ptg000023l,6267010,6284756,+,17747
lncRNA_37506,ptg000023l,6498950,6518439,+,19490
lncRNA_37507,ptg000023l,6498953,6518439,+,19487
lncRNA_37509,ptg000023l,6498962,6518439,+,19478
lncRNA_37510,ptg000023l,6498968,6518439,+,19472
lncRNA_37511,ptg000023l,6500002,6517043,+,17042
lncRNA_37512,ptg000023l,6500398,6518439,+,18042
lncRNA_37513,ptg000023l,6500702,6515904,+,15203
lncRNA_37514,ptg000023l,6500900,6518439,+,17540
lncRNA_37515,ptg000023l,6502133,6518439,+,16307
lncRNA_37516,ptg000023l,6502143,6518439,+,16297
lncRNA_37517,ptg000023l,6503010,6518439,+,15430
lncRNA_37519,ptg000023l,6505844,6518439,+,12596
lncRNA_37520,ptg000023l,6506125,6518439,+,12315
lncRNA_37521,ptg000023l,6508357,6518439,+,10083
lncRNA_37528,ptg000023l,7163785,7191756,+,27972
lncRNA_37532,ptg000023l,7245588,7246320,+,733
lncRNA_37533,ptg000023l,7421637,7433336,+,11700
lncRNA_37537,ptg000023l,7384143,7392399,+,8257
lncRNA_37543,ptg000023l,7641240,7696836,+,55597
lncRNA_37568,ptg000023l,7936244,7938657,+,2414
lncRNA_37579,ptg000023l,8223118,8223428,+,311
lncRNA_37585,ptg000023l,8343427,8344862,+,1436
lncRNA_37586,ptg000023l,8343433,8344228,+,796
lncRNA_37587,ptg000023l,8343438,8347025,+,3588
lncRNA_37588,ptg000023l,8355782,8357758,+,1977
lncRNA_37589,ptg000023l,8355864,8357758,+,1895
lncRNA_37591,ptg000023l,8600811,8603786,+,2976
lncRNA_37593,ptg000023l,8616962,8626897,+,9936
lncRNA_37597,ptg000023l,8648661,8656323,+,7663
lncRNA_37600,ptg000023l,8648786,8656323,+,7538
lncRNA_37601,ptg000023l,8750324,8754013,+,3690
lncRNA_37602,ptg000023l,8760767,8762770,+,2004
lncRNA_37603,ptg000023l,8761370,8762365,+,996
lncRNA_37604,ptg000023l,8761370,8762588,+,1219
lncRNA_37606,ptg000023l,8894342,8916256,+,21915
lncRNA_37607,ptg000023l,8894464,8916256,+,21793
lncRNA_37610,ptg000023l,8906135,8914312,+,8178
lncRNA_37611,ptg000023l,8907552,8914546,+,6995
lncRNA_37612,ptg000023l,8932627,8941824,+,9198
lncRNA_37613,ptg000023l,8932764,8941824,+,9061
lncRNA_37614,ptg000023l,9008989,9015335,+,6347
lncRNA_37615,ptg000023l,9009147,9013981,+,4835
lncRNA_37616,ptg000023l,9010530,9013981,+,3452
lncRNA_37619,ptg000023l,9133598,9135071,+,1474
lncRNA_37629,ptg000023l,10145002,10147869,+,2868
lncRNA_37630,ptg000023l,10154692,10157847,+,3156
lncRNA_37631,ptg000023l,10155039,10157847,+,2809
lncRNA_37632,ptg000023l,10200469,10201334,+,866
lncRNA_37633,ptg000023l,10200539,10202002,+,1464
lncRNA_37634,ptg000023l,10200597,10201739,+,1143
lncRNA_37637,ptg000023l,10272907,10274179,+,1273
lncRNA_37651,ptg000023l,11502621,11506138,+,3518
lncRNA_37665,ptg000023l,12095737,12107396,+,11660
lncRNA_37666,ptg000023l,12095850,12107396,+,11547
lncRNA_37668,ptg000023l,12095858,12107396,+,11539
lncRNA_37669,ptg000023l,12097031,12107396,+,10366
lncRNA_37673,ptg000023l,12251361,12285581,+,34221
lncRNA_37676,ptg000023l,12251666,12323498,+,71833
lncRNA_37688,ptg000023l,12365079,12389058,+,23980
lncRNA_37838,ptg000023l,13399028,13418416,+,19389
lncRNA_37840,ptg000023l,13422529,13482563,+,60035
lncRNA_37881,ptg000023l,13919304,13935912,+,16609
lncRNA_37886,ptg000023l,14067848,14069492,+,1645
lncRNA_37890,ptg000023l,14203401,14205717,+,2317
lncRNA_37891,ptg000023l,14203421,14206271,+,2851
lncRNA_37896,ptg000023l,14553879,14554730,+,852
lncRNA_37898,ptg000023l,14665828,14666197,+,370
lncRNA_37899,ptg000023l,14977158,14978886,+,1729
lncRNA_37902,ptg000023l,15231668,15235045,+,3378
lncRNA_37903,ptg000023l,15232869,15235045,+,2177
lncRNA_37906,ptg000023l,15466657,15467710,+,1054
lncRNA_37910,ptg000023l,15888996,15898613,+,9618
lncRNA_37911,ptg000023l,15890251,15898613,+,8363
lncRNA_37913,ptg000023l,15962746,15965335,+,2590
lncRNA_37914,ptg000023l,15970745,15973222,+,2478
lncRNA_37915,ptg000023l,15970754,15973222,+,2469
lncRNA_37916,ptg000023l,15970766,15973222,+,2457
lncRNA_37917,ptg000023l,15970864,15973222,+,2359
lncRNA_37918,ptg000023l,15970894,15973222,+,2329
lncRNA_37919,ptg000023l,15976262,15979980,+,3719
lncRNA_37920,ptg000023l,15978087,15979980,+,1894
lncRNA_37930,ptg000023l,16156706,16158073,+,1368
lncRNA_37932,ptg000023l,16222085,16227963,+,5879
lncRNA_37942,ptg000023l,16742921,16743661,+,741
lncRNA_37943,ptg000023l,16745259,16747646,+,2388
lncRNA_37946,ptg000023l,16872589,16875391,+,2803
lncRNA_37947,ptg000023l,17049622,17054324,+,4703
lncRNA_37948,ptg000023l,17049632,17054324,+,4693
lncRNA_37949,ptg000023l,17049809,17054324,+,4516
lncRNA_37950,ptg000023l,17056543,17058525,+,1983
lncRNA_37951,ptg000023l,17093396,17106388,+,12993
lncRNA_37952,ptg000023l,17093401,17106011,+,12611
lncRNA_37953,ptg000023l,17093432,17105816,+,12385
lncRNA_37959,ptg000023l,17324928,17334743,+,9816
lncRNA_37968,ptg000023l,17400465,17424475,+,24011
lncRNA_37970,ptg000023l,17412415,17414371,+,1957
lncRNA_37971,ptg000023l,17415213,17422418,+,7206
lncRNA_37973,ptg000023l,17434928,17436568,+,1641
lncRNA_37974,ptg000023l,17437494,17438634,+,1141
lncRNA_37975,ptg000023l,17446007,17447306,+,1300
lncRNA_37976,ptg000023l,17450174,17452883,+,2710
lncRNA_37980,ptg000023l,17635148,17639608,+,4461
lncRNA_37981,ptg000023l,17635240,17639608,+,4369
lncRNA_37982,ptg000023l,17635313,17639608,+,4296
lncRNA_37983,ptg000023l,17645685,17648817,+,3133
lncRNA_37984,ptg000023l,17784105,17786967,+,2863
lncRNA_37985,ptg000023l,17784260,17786967,+,2708
lncRNA_37986,ptg000023l,18078823,18080616,+,1794
lncRNA_37987,ptg000023l,18079186,18080616,+,1431
lncRNA_37991,ptg000023l,18483700,18489023,+,5324
lncRNA_37992,ptg000023l,18505490,18509409,+,3920
lncRNA_37993,ptg000023l,18789780,18795183,+,5404
lncRNA_38000,ptg000023l,19110088,19115800,+,5713
lncRNA_38004,ptg000023l,19140038,19145973,+,5936
lncRNA_38005,ptg000023l,19199129,19201677,+,2549
lncRNA_38006,ptg000023l,19199921,19201677,+,1757
lncRNA_38007,ptg000023l,19199966,19201492,+,1527
lncRNA_38008,ptg000023l,19200010,19201677,+,1668
lncRNA_38009,ptg000023l,19212134,19230933,+,18800
lncRNA_38010,ptg000023l,19212224,19230697,+,18474
lncRNA_38011,ptg000023l,19212548,19230933,+,18386
lncRNA_38013,ptg000023l,19214662,19238595,+,23934
lncRNA_38018,ptg000023l,19557543,19561228,+,3686
lncRNA_38037,ptg000023l,20522702,20524282,+,1581
lncRNA_38039,ptg000023l,20459358,20461391,+,2034
lncRNA_38043,ptg000023l,20732060,20734717,+,2658
lncRNA_38049,ptg000023l,21132168,21135198,+,3031
lncRNA_38050,ptg000023l,21132248,21135198,+,2951
lncRNA_38053,ptg000023l,21200994,21204554,+,3561
lncRNA_38054,ptg000023l,21217161,21219139,+,1979
lncRNA_38059,ptg000023l,21417781,21418388,+,608
lncRNA_38060,ptg000023l,21483523,21484042,+,520
lncRNA_38068,ptg000023l,21527920,21528731,+,812
lncRNA_38069,ptg000023l,21528961,21532888,+,3928
lncRNA_38070,ptg000023l,21592892,21596559,+,3668
lncRNA_38074,ptg000023l,21643800,21647154,+,3355
lncRNA_38082,ptg000023l,21775916,21777811,+,1896
lncRNA_38085,ptg000023l,21850799,21855123,+,4325
lncRNA_38089,ptg000023l,21985557,21987901,+,2345
lncRNA_38090,ptg000023l,22079372,22082386,+,3015
lncRNA_38091,ptg000023l,22112027,22115217,+,3191
lncRNA_38092,ptg000023l,22190011,22192306,+,2296
lncRNA_38093,ptg000023l,22199974,22204432,+,4459
lncRNA_38094,ptg000023l,22222842,22229164,+,6323
lncRNA_38096,ptg000023l,22242292,22245530,+,3239
lncRNA_38097,ptg000023l,22276468,22281338,+,4871
lncRNA_38105,ptg000023l,22288856,22290598,+,1743
lncRNA_38108,ptg000023l,22297869,22298981,+,1113
lncRNA_38112,ptg000023l,22418621,22437210,+,18590
lncRNA_38115,ptg000023l,22527444,22537957,+,10514
lncRNA_38116,ptg000023l,22535349,22537957,+,2609
lncRNA_38117,ptg000023l,22572603,22573773,+,1171
lncRNA_38118,ptg000023l,22624879,22627404,+,2526
lncRNA_38119,ptg000023l,22645803,22674420,+,28618
lncRNA_38121,ptg000023l,22687528,22688312,+,785
lncRNA_38123,ptg000023l,22785031,22788596,+,3566
lncRNA_38124,ptg000023l,22788691,22790199,+,1509
lncRNA_38128,ptg000023l,22945406,22946786,+,1381
lncRNA_38129,ptg000023l,22955538,22958941,+,3404
lncRNA_38130,ptg000023l,22955538,22972076,+,16539
lncRNA_38131,ptg000023l,22955612,22958826,+,3215
lncRNA_38132,ptg000023l,22955669,22958826,+,3158
lncRNA_38133,ptg000023l,22956159,22958941,+,2783
lncRNA_38134,ptg000023l,22956566,22965572,+,9007
lncRNA_38135,ptg000023l,22956713,22958941,+,2229
lncRNA_38136,ptg000023l,22957855,22963100,+,5246
lncRNA_38137,ptg000023l,22973437,22976182,+,2746
lncRNA_38138,ptg000023l,22982764,22988002,+,5239
lncRNA_38139,ptg000023l,23055246,23066625,+,11380
lncRNA_38141,ptg000023l,23149314,23166531,+,17218
lncRNA_38144,ptg000023l,23212664,23215447,+,2784
lncRNA_38148,ptg000023l,23492214,23538267,+,46054
lncRNA_38150,ptg000023l,23508134,23538482,+,30349
lncRNA_38154,ptg000023l,23661367,23662423,+,1057
lncRNA_38155,ptg000023l,23707977,23710118,+,2142
lncRNA_38157,ptg000023l,23713913,23717610,+,3698
lncRNA_38159,ptg000023l,23737250,23742968,+,5719
lncRNA_38160,ptg000023l,23737273,23742832,+,5560
lncRNA_38161,ptg000023l,23737297,23743913,+,6617
lncRNA_38162,ptg000023l,23737299,23744221,+,6923
lncRNA_38163,ptg000023l,23737348,23747230,+,9883
lncRNA_38165,ptg000023l,23766161,23768240,+,2080
lncRNA_38168,ptg000023l,23839081,23842132,+,3052
lncRNA_38172,ptg000023l,24056615,24123856,+,67242
lncRNA_38173,ptg000023l,24057937,24099548,+,41612
lncRNA_38174,ptg000023l,24061700,24100745,+,39046
lncRNA_38175,ptg000023l,24062303,24102673,+,40371
lncRNA_38176,ptg000023l,24102674,24126465,+,23792
lncRNA_38177,ptg000023l,24118375,24123856,+,5482
lncRNA_38180,ptg000023l,24138769,24141246,+,2478
lncRNA_38182,ptg000023l,24299845,24306488,+,6644
lncRNA_38183,ptg000023l,24304761,24321409,+,16649
lncRNA_38184,ptg000023l,24311019,24317121,+,6103
lncRNA_38186,ptg000023l,24351011,24355807,+,4797
lncRNA_38187,ptg000023l,24353973,24355807,+,1835
lncRNA_38189,ptg000023l,24421648,24422612,+,965
lncRNA_38190,ptg000023l,24448331,24450336,+,2006
lncRNA_38191,ptg000023l,24483777,24484756,+,980
lncRNA_38193,ptg000023l,24592769,24617219,+,24451
lncRNA_38194,ptg000023l,24653702,24654894,+,1193
lncRNA_38195,ptg000023l,24666227,24666694,+,468
lncRNA_38196,ptg000023l,24693370,24695845,+,2476
lncRNA_38197,ptg000023l,24693575,24697718,+,4144
lncRNA_38198,ptg000023l,24694048,24695166,+,1119
lncRNA_38199,ptg000023l,25039031,25044094,+,5064
lncRNA_38202,ptg000023l,25088735,25089130,+,396
lncRNA_38203,ptg000023l,25125586,25158415,+,32830
lncRNA_38212,ptg000023l,25360123,25362434,+,2312
lncRNA_38214,ptg000023l,25501085,25503398,+,2314
lncRNA_38215,ptg000023l,25552034,25552643,+,610
lncRNA_38216,ptg000023l,25556279,25561219,+,4941
lncRNA_38217,ptg000023l,25556343,25561219,+,4877
lncRNA_38218,ptg000023l,25557034,25561219,+,4186
lncRNA_38219,ptg000023l,25562779,25590190,+,27412
lncRNA_38220,ptg000023l,25563107,25577116,+,14010
lncRNA_38222,ptg000023l,25591104,25592036,+,933
lncRNA_38224,ptg000023l,25683390,25688810,+,5421
lncRNA_38225,ptg000023l,25683912,25686032,+,2121
lncRNA_38226,ptg000023l,25795393,25796710,+,1318
lncRNA_38230,ptg000023l,25984624,25988493,+,3870
lncRNA_38231,ptg000023l,25984864,25988493,+,3630
lncRNA_38233,ptg000023l,25997867,26003544,+,5678
lncRNA_38235,ptg000023l,26060483,26060997,+,515
lncRNA_38240,ptg000023l,26349683,26352571,+,2889
lncRNA_38242,ptg000023l,26584851,26586633,+,1783
lncRNA_38243,ptg000023l,26590962,26593445,+,2484
lncRNA_38244,ptg000023l,26591428,26593445,+,2018
lncRNA_38246,ptg000023l,26643304,26647748,+,4445
lncRNA_38250,ptg000023l,26666237,26667501,+,1265
lncRNA_38251,ptg000023l,26706601,26715213,+,8613
lncRNA_38254,ptg000023l,26681566,26694776,+,13211
lncRNA_38256,ptg000023l,26707898,26715632,+,7735
lncRNA_38257,ptg000023l,26812716,26818713,+,5998
lncRNA_38258,ptg000023l,26862688,26866028,+,3341
lncRNA_38259,ptg000023l,26878627,26879673,+,1047
lncRNA_38262,ptg000023l,26983883,26984330,+,448
lncRNA_38264,ptg000023l,27067474,27069534,+,2061
lncRNA_38265,ptg000023l,27085148,27098930,+,13783
lncRNA_38268,ptg000023l,27085152,27098930,+,13779
lncRNA_38271,ptg000023l,27085157,27100419,+,15263
lncRNA_38272,ptg000023l,27085159,27098930,+,13772
lncRNA_38282,ptg000023l,27763493,27781017,+,17525
lncRNA_38285,ptg000023l,27745828,27766095,+,20268
lncRNA_38286,ptg000023l,27745861,27791352,+,45492
lncRNA_38290,ptg000023l,27840816,27841879,+,1064
lncRNA_38291,ptg000023l,27856602,27864312,+,7711
lncRNA_38292,ptg000023l,27856602,27864744,+,8143
lncRNA_38293,ptg000023l,27861453,27864744,+,3292
lncRNA_38294,ptg000023l,27861479,27864744,+,3266
lncRNA_38295,ptg000023l,27861563,27864744,+,3182
lncRNA_38298,ptg000023l,27894950,27896847,+,1898
lncRNA_38299,ptg000023l,27894995,27896847,+,1853
lncRNA_38301,ptg000023l,27904442,27907740,+,3299
lncRNA_38302,ptg000023l,27910196,27911602,+,1407
lncRNA_38303,ptg000023l,27913907,27915779,+,1873
lncRNA_38304,ptg000023l,27980412,27981192,+,781
lncRNA_38305,ptg000023l,28023832,28026074,+,2243
lncRNA_38306,ptg000023l,28055128,28056186,+,1059
lncRNA_38307,ptg000023l,28062175,28072572,+,10398
lncRNA_38308,ptg000023l,28083929,28085943,+,2015
lncRNA_38309,ptg000023l,28083989,28085943,+,1955
lncRNA_38310,ptg000023l,28084440,28085943,+,1504
lncRNA_38311,ptg000023l,28084827,28085943,+,1117
lncRNA_38313,ptg000023l,28112409,28118652,+,6244
lncRNA_38315,ptg000023l,28198520,28220679,+,22160
lncRNA_38357,ptg000023l,28440669,28442400,+,1732
lncRNA_38358,ptg000023l,28491229,28497222,+,5994
lncRNA_38359,ptg000023l,28493297,28497222,+,3926
lncRNA_38362,ptg000023l,28627999,28631172,+,3174
lncRNA_38363,ptg000023l,28628017,28631172,+,3156
lncRNA_38364,ptg000023l,28688531,28690165,+,1635
lncRNA_38367,ptg000023l,28727192,28728919,+,1728
lncRNA_38370,ptg000023l,28826363,28827133,+,771
lncRNA_38371,ptg000023l,28841926,28843692,+,1767
lncRNA_38373,ptg000023l,28852392,28853972,+,1581
lncRNA_38374,ptg000023l,28968542,28969486,+,945
lncRNA_38375,ptg000023l,29081981,29084371,+,2391
lncRNA_38376,ptg000023l,29091863,29094966,+,3104
lncRNA_38377,ptg000023l,29166830,29170252,+,3423
lncRNA_38384,ptg000023l,29494048,29497029,+,2982
lncRNA_38385,ptg000023l,29500709,29504044,+,3336
lncRNA_38386,ptg000023l,29533603,29540629,+,7027
lncRNA_38390,ptg000023l,29680262,29681732,+,1471
lncRNA_38391,ptg000023l,29720789,29722661,+,1873
lncRNA_38396,ptg000023l,29885768,29888521,+,2754
lncRNA_38399,ptg000023l,30058837,30062185,+,3349
lncRNA_38400,ptg000023l,30059136,30062185,+,3050
lncRNA_38401,ptg000023l,30099633,30100428,+,796
lncRNA_38402,ptg000023l,30118627,30120769,+,2143
lncRNA_38404,ptg000023l,30211502,30212595,+,1094
lncRNA_38405,ptg000023l,30314671,30366599,+,51929
lncRNA_38406,ptg000023l,30314932,30334874,+,19943
lncRNA_38408,ptg000023l,30328841,30357281,+,28441
lncRNA_38409,ptg000023l,30351125,30365927,+,14803
lncRNA_38410,ptg000023l,30351890,30357281,+,5392
lncRNA_38413,ptg000023l,30395594,30396295,+,702
lncRNA_38415,ptg000023l,30397039,30398154,+,1116
lncRNA_38416,ptg000023l,30412882,30421318,+,8437
lncRNA_38417,ptg000023l,30433728,30435581,+,1854
lncRNA_38418,ptg000023l,30470054,30471549,+,1496
lncRNA_38419,ptg000023l,30472925,30479466,+,6542
lncRNA_38420,ptg000023l,30473635,30479984,+,6350
lncRNA_38421,ptg000023l,30474077,30480240,+,6164
lncRNA_38422,ptg000023l,30474158,30479587,+,5430
lncRNA_38423,ptg000023l,30474987,30478318,+,3332
lncRNA_38424,ptg000023l,30560177,30561905,+,1729
lncRNA_38425,ptg000023l,30582057,30586915,+,4859
lncRNA_38426,ptg000023l,30582113,30590903,+,8791
lncRNA_38427,ptg000023l,30582121,30586638,+,4518
lncRNA_38428,ptg000023l,30582182,30586638,+,4457
lncRNA_38429,ptg000023l,30582570,30586915,+,4346
lncRNA_38430,ptg000023l,30582665,30587125,+,4461
lncRNA_38431,ptg000023l,30582810,30587125,+,4316
lncRNA_38432,ptg000023l,30582979,30590582,+,7604
lncRNA_38433,ptg000023l,30583187,30588673,+,5487
lncRNA_38434,ptg000023l,30584433,30590842,+,6410
lncRNA_38438,ptg000023l,30754640,30755672,+,1033
lncRNA_38439,ptg000023l,30777432,30779928,+,2497
lncRNA_38440,ptg000023l,30818923,30820082,+,1160
lncRNA_38443,ptg000023l,30940858,30943476,+,2619
lncRNA_38444,ptg000023l,31016124,31016688,+,565
lncRNA_38445,ptg000023l,31017246,31018279,+,1034
lncRNA_38447,ptg000023l,31017248,31018279,+,1032
lncRNA_38448,ptg000023l,31117853,31118734,+,882
lncRNA_38449,ptg000023l,31137630,31140165,+,2536
lncRNA_38450,ptg000023l,31138612,31140165,+,1554
lncRNA_38451,ptg000023l,31169330,31170356,+,1027
lncRNA_38454,ptg000023l,31228067,31229438,+,1372
lncRNA_38455,ptg000023l,31253581,31254631,+,1051
lncRNA_38456,ptg000023l,31334530,31335709,+,1180
lncRNA_38457,ptg000023l,31359332,31365353,+,6022
lncRNA_38458,ptg000023l,31361697,31362518,+,822
lncRNA_38459,ptg000023l,31366554,31367822,+,1269
lncRNA_38460,ptg000023l,31366572,31367616,+,1045
lncRNA_38461,ptg000023l,31374950,31377138,+,2189
lncRNA_38462,ptg000023l,31375432,31377138,+,1707
lncRNA_38463,ptg000023l,31405618,31407258,+,1641
lncRNA_38464,ptg000023l,31476028,31509108,+,33081
lncRNA_38465,ptg000023l,31476049,31479218,+,3170
lncRNA_38466,ptg000023l,31476199,31509108,+,32910
lncRNA_38467,ptg000023l,31476836,31521356,+,44521
lncRNA_38468,ptg000023l,31476869,31544024,+,67156
lncRNA_38469,ptg000023l,31506387,31544024,+,37638
lncRNA_38470,ptg000023l,31527907,31572148,+,44242
lncRNA_38471,ptg000023l,31539536,31572148,+,32613
lncRNA_38472,ptg000023l,31559151,31572148,+,12998
lncRNA_38473,ptg000023l,31570071,31572148,+,2078
lncRNA_38476,ptg000023l,31650375,31665958,+,15584
lncRNA_38477,ptg000023l,31650958,31665054,+,14097
lncRNA_38478,ptg000023l,31679013,31693893,+,14881
lncRNA_38482,ptg000023l,31720329,31744436,+,24108
lncRNA_38485,ptg000023l,31802862,31804104,+,1243
lncRNA_38486,ptg000023l,31828064,31828855,+,792
lncRNA_38487,ptg000023l,31878650,31880087,+,1438
lncRNA_38488,ptg000023l,31884156,31910634,+,26479
lncRNA_38489,ptg000023l,31889509,31911041,+,21533
lncRNA_38490,ptg000023l,31892694,31910634,+,17941
lncRNA_38491,ptg000023l,31893299,31907648,+,14350
lncRNA_38492,ptg000023l,31894106,31908405,+,14300
lncRNA_38493,ptg000023l,31894562,31907286,+,12725
lncRNA_38494,ptg000023l,31894570,31907286,+,12717
lncRNA_38495,ptg000023l,31901622,31906658,+,5037
lncRNA_38496,ptg000023l,31896610,31902318,+,5709
lncRNA_38499,ptg000023l,31985822,31986757,+,936
lncRNA_38501,ptg000023l,32038761,32048021,+,9261
lncRNA_38502,ptg000023l,32045965,32049996,+,4032
lncRNA_38504,ptg000023l,32048828,32055796,+,6969
lncRNA_38505,ptg000023l,32110760,32113207,+,2448
lncRNA_38507,ptg000023l,32145623,32148345,+,2723
lncRNA_38508,ptg000023l,32226918,32239011,+,12094
lncRNA_38510,ptg000023l,32324727,32326325,+,1599
lncRNA_38513,ptg000023l,32386342,32387149,+,808
lncRNA_38514,ptg000023l,32437159,32439287,+,2129
lncRNA_38517,ptg000023l,32663390,32665301,+,1912
lncRNA_38521,ptg000023l,33001505,33004113,+,2609
lncRNA_38522,ptg000023l,33001571,33004113,+,2543
lncRNA_38524,ptg000023l,33032924,33036732,+,3809
lncRNA_38525,ptg000023l,33032925,33035742,+,2818
lncRNA_38526,ptg000023l,33053194,33058904,+,5711
lncRNA_38528,ptg000023l,33053273,33058904,+,5632
lncRNA_38529,ptg000023l,33053314,33058904,+,5591
lncRNA_38530,ptg000023l,33055448,33062185,+,6738
lncRNA_38531,ptg000023l,33055458,33062185,+,6728
lncRNA_38533,ptg000023l,33059317,33062185,+,2869
lncRNA_38534,ptg000023l,33059481,33062185,+,2705
lncRNA_38535,ptg000023l,33115304,33142801,+,27498
lncRNA_38536,ptg000023l,33115512,33128985,+,13474
lncRNA_38537,ptg000023l,33116042,33128985,+,12944
lncRNA_38538,ptg000023l,33116467,33128459,+,11993
lncRNA_38539,ptg000023l,33120795,33125203,+,4409
lncRNA_38540,ptg000023l,33120901,33125203,+,4303
lncRNA_38545,ptg000023l,33145782,33172123,+,26342
lncRNA_38546,ptg000023l,33150985,33204819,+,53835
lncRNA_38550,ptg000023l,33158019,33188301,+,30283
lncRNA_38551,ptg000023l,33168112,33170727,+,2616
lncRNA_38553,ptg000023l,33270275,33271467,+,1193
lncRNA_38555,ptg000023l,33234260,33239506,+,5247
lncRNA_38556,ptg000023l,33236027,33239506,+,3480
lncRNA_38557,ptg000023l,33319445,33321373,+,1929
lncRNA_38558,ptg000023l,33369671,33371134,+,1464
lncRNA_38560,ptg000023l,33377305,33383799,+,6495
lncRNA_38561,ptg000023l,33377633,33383799,+,6167
lncRNA_38562,ptg000023l,33380736,33383799,+,3064
lncRNA_38563,ptg000023l,33380740,33383799,+,3060
lncRNA_38564,ptg000023l,33380752,33383799,+,3048
lncRNA_38565,ptg000023l,33387682,33389414,+,1733
lncRNA_38567,ptg000023l,33404610,33405127,+,518
lncRNA_38568,ptg000023l,33405162,33407797,+,2636
lncRNA_38569,ptg000023l,33459153,33486833,+,27681
lncRNA_38570,ptg000023l,33459628,33467338,+,7711
lncRNA_38571,ptg000023l,33500507,33502926,+,2420
lncRNA_38582,ptg000023l,33904111,33909274,+,5164
lncRNA_38583,ptg000023l,33905964,33907301,+,1338
lncRNA_38584,ptg000023l,33974217,33986249,+,12033
lncRNA_38586,ptg000023l,33978851,34001498,+,22648
lncRNA_38587,ptg000023l,34080415,34086052,+,5638
lncRNA_38588,ptg000023l,34094561,34096566,+,2006
lncRNA_38592,ptg000023l,34502262,34504202,+,1941
lncRNA_38593,ptg000023l,34502866,34504202,+,1337
lncRNA_38594,ptg000023l,34505566,34507225,+,1660
lncRNA_38595,ptg000023l,34505585,34507225,+,1641
lncRNA_38597,ptg000023l,34517903,34519604,+,1702
lncRNA_38598,ptg000023l,34593279,34618263,+,24985
lncRNA_38604,ptg000023l,34721214,34726487,+,5274
lncRNA_38606,ptg000023l,34785959,34792132,+,6174
lncRNA_38607,ptg000023l,34787245,34799008,+,11764
lncRNA_38609,ptg000023l,34884533,34888723,+,4191
lncRNA_38610,ptg000023l,34884545,34888723,+,4179
lncRNA_38612,ptg000023l,34949348,34955006,+,5659
lncRNA_38613,ptg000023l,34950055,34957763,+,7709
lncRNA_38614,ptg000023l,34950057,34957763,+,7707
lncRNA_38615,ptg000023l,34950074,34957913,+,7840
lncRNA_38617,ptg000023l,34950075,34952764,+,2690
lncRNA_38618,ptg000023l,34950083,34952929,+,2847
lncRNA_38619,ptg000023l,34950083,34957913,+,7831
lncRNA_38621,ptg000023l,34950575,34952929,+,2355
lncRNA_38622,ptg000023l,34950575,34957913,+,7339
lncRNA_38623,ptg000023l,34959853,34961221,+,1369
lncRNA_38624,ptg000023l,34975279,35003473,+,28195
lncRNA_38625,ptg000023l,35124856,35140511,+,15656
lncRNA_38626,ptg000023l,35172418,35184467,+,12050
lncRNA_38633,ptg000023l,35469817,35505478,+,35662
lncRNA_38635,ptg000023l,35555898,35558746,+,2849
lncRNA_38640,ptg000023l,35694987,35696935,+,1949
lncRNA_38641,ptg000023l,35722422,35723393,+,972
lncRNA_38645,ptg000023l,35852298,35853921,+,1624
lncRNA_38646,ptg000023l,35910225,35912368,+,2144
lncRNA_38648,ptg000023l,36065804,36068540,+,2737
lncRNA_38650,ptg000023l,36109965,36112346,+,2382
lncRNA_38652,ptg000023l,36182465,36183730,+,1266
lncRNA_38656,ptg000023l,36410851,36411689,+,839
lncRNA_38657,ptg000023l,36413197,36427557,+,14361
lncRNA_38658,ptg000023l,36431931,36442911,+,10981
lncRNA_38659,ptg000023l,36432261,36442911,+,10651
lncRNA_38660,ptg000023l,36651787,36653936,+,2150
lncRNA_38669,ptg000023l,37118133,37119570,+,1438
lncRNA_38671,ptg000023l,37126625,37131337,+,4713
lncRNA_38673,ptg000023l,37384558,37385968,+,1411
lncRNA_38675,ptg000023l,37482776,37483759,+,984
lncRNA_38676,ptg000023l,37558707,37562681,+,3975
lncRNA_38677,ptg000023l,37558816,37562681,+,3866
lncRNA_38678,ptg000023l,37559793,37572274,+,12482
lncRNA_38679,ptg000023l,37559794,37562681,+,2888
lncRNA_38682,ptg000023l,37600233,37629985,+,29753
lncRNA_38683,ptg000023l,37601849,37633876,+,32028
lncRNA_38689,ptg000023l,37705805,37760013,+,54209
lncRNA_38690,ptg000023l,37706432,37761306,+,54875
lncRNA_38691,ptg000023l,37706956,37760289,+,53334
lncRNA_38692,ptg000023l,37707103,37760013,+,52911
lncRNA_38693,ptg000023l,37825115,37826490,+,1376
lncRNA_38698,ptg000023l,37767670,37771557,+,3888
lncRNA_38699,ptg000023l,37768571,37769478,+,908
lncRNA_38700,ptg000023l,37769479,37771557,+,2079
lncRNA_38710,ptg000023l,38007403,38008576,+,1174
lncRNA_38717,ptg000023l,38329782,38331516,+,1735
lncRNA_38718,ptg000023l,38412631,38413385,+,755
lncRNA_38720,ptg000023l,38467850,38469211,+,1362
lncRNA_38722,ptg000023l,38468418,38469211,+,794
lncRNA_38723,ptg000023l,38520675,38529970,+,9296
lncRNA_38724,ptg000023l,38599407,38600822,+,1416
lncRNA_38725,ptg000023l,38654294,38654778,+,485
lncRNA_38729,ptg000023l,38813730,38821407,+,7678
lncRNA_38731,ptg000023l,38813785,38821407,+,7623
lncRNA_38736,ptg000023l,38825585,38827781,+,2197
lncRNA_38738,ptg000023l,38847764,38850327,+,2564
lncRNA_38739,ptg000023l,38882005,38885543,+,3539
lncRNA_38742,ptg000023l,39011955,39013664,+,1710
lncRNA_38747,ptg000023l,39136320,39137250,+,931
lncRNA_38749,ptg000023l,39219510,39237962,+,18453
lncRNA_38756,ptg000023l,39628261,39630725,+,2465
lncRNA_38757,ptg000023l,39628955,39630725,+,1771
lncRNA_38761,ptg000023l,39966142,39971110,+,4969
lncRNA_38762,ptg000023l,39966182,39971110,+,4929
lncRNA_38763,ptg000023l,39968651,39971110,+,2460
lncRNA_38766,ptg000023l,40002847,40013842,+,10996
lncRNA_38769,ptg000023l,40252294,40253608,+,1315
lncRNA_38772,ptg000023l,40417653,40420918,+,3266
lncRNA_38773,ptg000023l,40417957,40419927,+,1971
lncRNA_38774,ptg000023l,40418362,40420918,+,2557
lncRNA_38776,ptg000023l,40418366,40419352,+,987
lncRNA_38777,ptg000023l,40418368,40420918,+,2551
lncRNA_38779,ptg000023l,40418524,40419629,+,1106
lncRNA_38781,ptg000023l,40503398,40505027,+,1630
lncRNA_38786,ptg000023l,40764481,40767099,+,2619
lncRNA_38794,ptg000023l,41565132,41588107,+,22976
lncRNA_38805,ptg000023l,41697522,41701997,+,4476
lncRNA_38808,ptg000023l,41908953,41911076,+,2124
lncRNA_38822,ptg000023l,42213426,42216979,+,3554
lncRNA_38823,ptg000023l,42358899,42363572,+,4674
lncRNA_38824,ptg000023l,42360491,42363572,+,3082
lncRNA_38828,ptg000023l,42588191,42589334,+,1144
lncRNA_38832,ptg000023l,42657096,42658598,+,1503
lncRNA_38834,ptg000023l,42741515,42742748,+,1234
lncRNA_38843,ptg000023l,42976105,42977795,+,1691
lncRNA_38848,ptg000023l,43647165,43649954,+,2790
lncRNA_38976,ptg000023l,44538575,44541137,+,2563
lncRNA_39002,ptg000023l,205966,206891,+,926
lncRNA_39018,ptg000023l,658656,658920,+,265
lncRNA_39021,ptg000023l,754130,755739,+,1610
lncRNA_39022,ptg000023l,876561,877428,+,868
lncRNA_39027,ptg000023l,993902,996111,+,2210
lncRNA_39049,ptg000023l,2365077,2367197,+,2121
lncRNA_39050,ptg000023l,2370268,2371390,+,1123
lncRNA_39070,ptg000023l,2960448,2961110,+,663
lncRNA_39087,ptg000023l,3318279,3319543,+,1265
lncRNA_39093,ptg000023l,3652552,3653113,+,562
lncRNA_39097,ptg000023l,3738043,3739411,+,1369
lncRNA_39098,ptg000023l,3740037,3742059,+,2023
lncRNA_39099,ptg000023l,3746368,3747705,+,1338
lncRNA_39102,ptg000023l,3844481,3846104,+,1624
lncRNA_39107,ptg000023l,4074347,4074932,+,586
lncRNA_39145,ptg000023l,5545085,5546096,+,1012
lncRNA_39178,ptg000023l,5972308,5973503,+,1196
lncRNA_39186,ptg000023l,6030785,6031808,+,1024
lncRNA_39232,ptg000023l,6636029,6636660,+,632
lncRNA_39257,ptg000023l,6980045,6980323,+,279
lncRNA_39295,ptg000023l,7874864,7878194,+,3331
lncRNA_39341,ptg000023l,8250875,8251774,+,900
lncRNA_39376,ptg000023l,8560918,8562274,+,1357
lncRNA_39392,ptg000023l,8953612,8954935,+,1324
lncRNA_39394,ptg000023l,8961470,8961775,+,306
lncRNA_39398,ptg000023l,8968988,8970843,+,1856
lncRNA_39403,ptg000023l,9095401,9096175,+,775
lncRNA_39404,ptg000023l,9099902,9102202,+,2301
lncRNA_39408,ptg000023l,9220435,9221609,+,1175
lncRNA_39433,ptg000023l,9495286,9495512,+,227
lncRNA_39437,ptg000023l,9554608,9556704,+,2097
lncRNA_39484,ptg000023l,9931802,9934052,+,2251
lncRNA_39500,ptg000023l,10092809,10094387,+,1579
lncRNA_39508,ptg000023l,10208618,10209314,+,697
lncRNA_39509,ptg000023l,10210411,10213353,+,2943
lncRNA_39515,ptg000023l,10291622,10292865,+,1244
lncRNA_39518,ptg000023l,10357029,10357339,+,311
lncRNA_39591,ptg000023l,11607441,11608288,+,848
lncRNA_39627,ptg000023l,12044315,12045593,+,1279
lncRNA_39726,ptg000023l,14063338,14064251,+,914
lncRNA_39742,ptg000023l,14275578,14276604,+,1027
lncRNA_39768,ptg000023l,14895684,14896352,+,669
lncRNA_39771,ptg000023l,14914747,14917099,+,2353
lncRNA_39784,ptg000023l,14991161,14992210,+,1050
lncRNA_39804,ptg000023l,15194682,15196254,+,1573
lncRNA_39828,ptg000023l,15375661,15377431,+,1771
lncRNA_39840,ptg000023l,15503581,15504648,+,1068
lncRNA_39846,ptg000023l,15648280,15649230,+,951
lncRNA_39882,ptg000023l,16171334,16173252,+,1919
lncRNA_39900,ptg000023l,16299400,16300260,+,861
lncRNA_39917,ptg000023l,16502848,16503774,+,927
lncRNA_39925,ptg000023l,16585244,16588930,+,3687
lncRNA_39939,ptg000023l,16687686,16689285,+,1600
lncRNA_39954,ptg000023l,16849291,16850152,+,862
lncRNA_39966,ptg000023l,17073553,17074138,+,586
lncRNA_39973,ptg000023l,17222475,17223442,+,968
lncRNA_39985,ptg000023l,17552721,17553258,+,538
lncRNA_40001,ptg000023l,18032993,18034975,+,1983
lncRNA_40004,ptg000023l,18099174,18100580,+,1407
lncRNA_40031,ptg000023l,18318488,18320403,+,1916
lncRNA_40033,ptg000023l,18322361,18324193,+,1833
lncRNA_40035,ptg000023l,18345460,18347518,+,2059
lncRNA_40057,ptg000023l,19094568,19095205,+,638
lncRNA_40058,ptg000023l,19100697,19101312,+,616
lncRNA_40072,ptg000023l,19361317,19363797,+,2481
lncRNA_40076,ptg000023l,19832799,19833488,+,690
lncRNA_40085,ptg000023l,20540677,20542059,+,1383
lncRNA_40090,ptg000023l,21818237,21819755,+,1519
lncRNA_40100,ptg000023l,22098527,22099854,+,1328
lncRNA_40111,ptg000023l,23071419,23071940,+,522
lncRNA_40124,ptg000023l,23685636,23687345,+,1710
lncRNA_40128,ptg000023l,23878416,23879783,+,1368
lncRNA_40139,ptg000023l,24517047,24517834,+,788
lncRNA_40145,ptg000023l,24945090,24945781,+,692
lncRNA_40146,ptg000023l,24956114,24958009,+,1896
lncRNA_40158,ptg000023l,25373212,25375634,+,2423
lncRNA_40159,ptg000023l,25377469,25378618,+,1150
lncRNA_40207,ptg000023l,26766901,26769106,+,2206
lncRNA_40209,ptg000023l,26848827,26849634,+,808
lncRNA_40214,ptg000023l,27025654,27026576,+,923
lncRNA_40243,ptg000023l,27882896,27884099,+,1204
lncRNA_40244,ptg000023l,27884812,27886339,+,1528
lncRNA_40259,ptg000023l,29124315,29126251,+,1937
lncRNA_40260,ptg000023l,29263765,29264920,+,1156
lncRNA_40274,ptg000023l,29774226,29776706,+,2481
lncRNA_40279,ptg000023l,30251676,30253362,+,1687
lncRNA_40280,ptg000023l,30273864,30276857,+,2994
lncRNA_40292,ptg000023l,30677321,30677525,+,205
lncRNA_40303,ptg000023l,31410861,31413475,+,2615
lncRNA_40305,ptg000023l,31459363,31460097,+,735
lncRNA_40310,ptg000023l,31667128,31667474,+,347
lncRNA_40316,ptg000023l,32177444,32178169,+,726
lncRNA_40342,ptg000023l,34059714,34063673,+,3960
lncRNA_40395,ptg000023l,35715692,35716352,+,661
lncRNA_40397,ptg000023l,35723864,35724554,+,691
lncRNA_40400,ptg000023l,35842024,35842486,+,463
lncRNA_40414,ptg000023l,36193679,36194700,+,1022
lncRNA_40423,ptg000023l,36631024,36632712,+,1689
lncRNA_40436,ptg000023l,37037306,37038952,+,1647
lncRNA_40437,ptg000023l,37039312,37040627,+,1316
lncRNA_40447,ptg000023l,37565487,37565769,+,283
lncRNA_40470,ptg000023l,38394724,38396128,+,1405
lncRNA_40471,ptg000023l,38459388,38462072,+,2685
lncRNA_40472,ptg000023l,38462545,38462784,+,240
lncRNA_40479,ptg000023l,38663927,38664423,+,497
lncRNA_40484,ptg000023l,38957504,38958450,+,947
lncRNA_40485,ptg000023l,39051042,39051355,+,314
lncRNA_40489,ptg000023l,39102604,39104462,+,1859
lncRNA_40525,ptg000023l,39454269,39455164,+,896
lncRNA_40545,ptg000023l,39708638,39711537,+,2900
lncRNA_40567,ptg000023l,40070097,40070991,+,895
lncRNA_40600,ptg000023l,41511620,41513145,+,1526
lncRNA_40604,ptg000023l,41544095,41544858,+,764
lncRNA_40605,ptg000023l,41545441,41546230,+,790
lncRNA_40657,ptg000023l,41983441,41985394,+,1954
lncRNA_40672,ptg000023l,42134821,42136707,+,1887
lncRNA_40684,ptg000023l,42353792,42356756,+,2965
lncRNA_40687,ptg000023l,42417624,42418491,+,868
lncRNA_40704,ptg000023l,42573969,42575696,+,1728
lncRNA_40706,ptg000023l,42598464,42600485,+,2022
lncRNA_40747,ptg000023l,43190609,43191218,+,610
lncRNA_40902,ptg000024l,75508,89454,+,13947
lncRNA_40903,ptg000024l,75756,87203,+,11448
lncRNA_40904,ptg000024l,75805,89454,+,13650
lncRNA_40905,ptg000024l,75905,89454,+,13550
lncRNA_40906,ptg000024l,77599,78874,+,1276
lncRNA_40909,ptg000024l,318219,318515,+,297
lncRNA_40915,ptg000024l,665649,666389,+,741
lncRNA_40916,ptg000024l,678646,684283,+,5638
lncRNA_40917,ptg000024l,683023,684283,+,1261
lncRNA_40918,ptg000024l,703843,711188,+,7346
lncRNA_40920,ptg000024l,769814,771909,+,2096
lncRNA_40922,ptg000024l,868386,870780,+,2395
lncRNA_40924,ptg000024l,1304591,1309278,+,4688
lncRNA_40925,ptg000024l,1317183,1319991,+,2809
lncRNA_40930,ptg000024l,1424194,1425650,+,1457
lncRNA_40931,ptg000024l,1425900,1426639,+,740
lncRNA_40934,ptg000024l,1478722,1480137,+,1416
lncRNA_40936,ptg000024l,1572000,1574191,+,2192
lncRNA_40941,ptg000024l,1699059,1700611,+,1553
lncRNA_40942,ptg000024l,1737235,1739332,+,2098
lncRNA_40944,ptg000024l,1806825,1808095,+,1271
lncRNA_40945,ptg000024l,1806876,1808095,+,1220
lncRNA_40946,ptg000024l,1807187,1808095,+,909
lncRNA_40948,ptg000024l,1895886,1897700,+,1815
lncRNA_40949,ptg000024l,1943070,1954021,+,10952
lncRNA_40950,ptg000024l,1945812,1949753,+,3942
lncRNA_40952,ptg000024l,1951806,1954021,+,2216
lncRNA_40954,ptg000024l,1965764,1967376,+,1613
lncRNA_40957,ptg000024l,2136909,2140400,+,3492
lncRNA_40959,ptg000024l,2137541,2140400,+,2860
lncRNA_40960,ptg000024l,2178288,2181057,+,2770
lncRNA_40961,ptg000024l,2192149,2199092,+,6944
lncRNA_40962,ptg000024l,2182612,2185345,+,2734
lncRNA_40963,ptg000024l,2238602,2240282,+,1681
lncRNA_40964,ptg000024l,2329854,2333370,+,3517
lncRNA_40966,ptg000024l,2330176,2332680,+,2505
lncRNA_40967,ptg000024l,2337794,2344270,+,6477
lncRNA_40970,ptg000024l,2470161,2471724,+,1564
lncRNA_40972,ptg000024l,2605104,2614300,+,9197
lncRNA_40973,ptg000024l,2605104,2614516,+,9413
lncRNA_40975,ptg000024l,2574834,2575906,+,1073
lncRNA_40976,ptg000024l,2684398,2685646,+,1249
lncRNA_40977,ptg000024l,2711839,2713998,+,2160
lncRNA_40978,ptg000024l,2728069,2728888,+,820
lncRNA_40979,ptg000024l,2745024,2745772,+,749
lncRNA_40980,ptg000024l,2746559,2746940,+,382
lncRNA_40983,ptg000024l,2825061,2832846,+,7786
lncRNA_40984,ptg000024l,2825113,2832846,+,7734
lncRNA_40985,ptg000024l,2825143,2832846,+,7704
lncRNA_40986,ptg000024l,2825160,2831176,+,6017
lncRNA_40987,ptg000024l,2825180,2831176,+,5997
lncRNA_40988,ptg000024l,2840816,2846801,+,5986
lncRNA_40989,ptg000024l,2841203,2846801,+,5599
lncRNA_40990,ptg000024l,2843304,2846801,+,3498
lncRNA_40991,ptg000024l,2923025,2928855,+,5831
lncRNA_40993,ptg000024l,2984296,2986765,+,2470
lncRNA_40995,ptg000024l,3091820,3094321,+,2502
lncRNA_40996,ptg000024l,3101020,3111691,+,10672
lncRNA_40999,ptg000024l,3371818,3381417,+,9600
lncRNA_41000,ptg000024l,3371959,3381417,+,9459
lncRNA_41001,ptg000024l,3394956,3399441,+,4486
lncRNA_41002,ptg000024l,3433311,3449526,+,16216
lncRNA_41003,ptg000024l,3433319,3449526,+,16208
lncRNA_41004,ptg000024l,3433363,3449475,+,16113
lncRNA_41009,ptg000024l,3454411,3459884,+,5474
lncRNA_41010,ptg000024l,3490239,3495307,+,5069
lncRNA_41011,ptg000024l,3490616,3495507,+,4892
lncRNA_41012,ptg000024l,3503406,3507177,+,3772
lncRNA_41013,ptg000024l,3566373,3571373,+,5001
lncRNA_41015,ptg000024l,3766838,3770776,+,3939
lncRNA_41016,ptg000024l,3766856,3769806,+,2951
lncRNA_41017,ptg000024l,3766920,3769806,+,2887
lncRNA_41018,ptg000024l,3768185,3769806,+,1622
lncRNA_41020,ptg000024l,3827684,3845245,+,17562
lncRNA_41021,ptg000024l,3831861,3845245,+,13385
lncRNA_41022,ptg000024l,3878144,3889860,+,11717
lncRNA_41028,ptg000024l,3985919,3986822,+,904
lncRNA_41029,ptg000024l,4069633,4073284,+,3652
lncRNA_41030,ptg000024l,4088978,4090429,+,1452
lncRNA_41031,ptg000024l,4152502,4153556,+,1055
lncRNA_41032,ptg000024l,4152544,4153556,+,1013
lncRNA_41033,ptg000024l,4263588,4284015,+,20428
lncRNA_41039,ptg000024l,4410621,4412087,+,1467
lncRNA_41058,ptg000024l,4612133,4614441,+,2309
lncRNA_41059,ptg000024l,4612151,4614441,+,2291
lncRNA_41060,ptg000024l,4617214,4619395,+,2182
lncRNA_41061,ptg000024l,4635526,4649286,+,13761
lncRNA_41062,ptg000024l,4646579,4649286,+,2708
lncRNA_41063,ptg000024l,4711596,4712740,+,1145
lncRNA_41065,ptg000024l,4895300,4897598,+,2299
lncRNA_41067,ptg000024l,5052885,5058343,+,5459
lncRNA_41068,ptg000024l,5052908,5057420,+,4513
lncRNA_41069,ptg000024l,5138079,5139307,+,1229
lncRNA_41070,ptg000024l,5149477,5152173,+,2697
lncRNA_41071,ptg000024l,5149723,5152173,+,2451
lncRNA_41072,ptg000024l,5355121,5363058,+,7938
lncRNA_41073,ptg000024l,5356258,5363058,+,6801
lncRNA_41075,ptg000024l,5404412,5418569,+,14158
lncRNA_41076,ptg000024l,5404470,5418462,+,13993
lncRNA_41077,ptg000024l,5404574,5418462,+,13889
lncRNA_41079,ptg000024l,5404641,5417332,+,12692
lncRNA_41081,ptg000024l,5404641,5418462,+,13822
lncRNA_41083,ptg000024l,5405417,5418462,+,13046
lncRNA_41084,ptg000024l,5406833,5417332,+,10500
lncRNA_41085,ptg000024l,5407800,5418462,+,10663
lncRNA_41086,ptg000024l,5415875,5418462,+,2588
lncRNA_41087,ptg000024l,5364146,5365188,+,1043
lncRNA_41088,ptg000024l,5381677,5386339,+,4663
lncRNA_41089,ptg000024l,5382817,5386339,+,3523
lncRNA_41090,ptg000024l,5494224,5496684,+,2461
lncRNA_41091,ptg000024l,5495099,5513367,+,18269
lncRNA_41093,ptg000024l,5537727,5540615,+,2889
lncRNA_41094,ptg000024l,5538123,5539741,+,1619
lncRNA_41095,ptg000024l,5542904,5545599,+,2696
lncRNA_41096,ptg000024l,5542904,5545965,+,3062
lncRNA_41097,ptg000024l,5542933,5545599,+,2667
lncRNA_41098,ptg000024l,5542945,5545965,+,3021
lncRNA_41099,ptg000024l,5542951,5545599,+,2649
lncRNA_41100,ptg000024l,5594497,5608208,+,13712
lncRNA_41101,ptg000024l,5594528,5600150,+,5623
lncRNA_41102,ptg000024l,5608352,5620565,+,12214
lncRNA_41104,ptg000024l,5608529,5620565,+,12037
lncRNA_41105,ptg000024l,5610799,5620565,+,9767
lncRNA_41106,ptg000024l,5673605,5677920,+,4316
lncRNA_41111,ptg000024l,5741061,5743281,+,2221
lncRNA_41114,ptg000024l,5821368,5829209,+,7842
lncRNA_41115,ptg000024l,5874896,5894691,+,19796
lncRNA_41116,ptg000024l,5891378,5899040,+,7663
lncRNA_41117,ptg000024l,5906091,5909827,+,3737
lncRNA_41120,ptg000024l,6133640,6138895,+,5256
lncRNA_41121,ptg000024l,6227010,6228726,+,1717
lncRNA_41122,ptg000024l,6227383,6228726,+,1344
lncRNA_41124,ptg000024l,6326037,6328794,+,2758
lncRNA_41125,ptg000024l,6357725,6358512,+,788
lncRNA_41129,ptg000024l,6569840,6571208,+,1369
lncRNA_41130,ptg000024l,6572402,6589698,+,17297
lncRNA_41133,ptg000024l,6599397,6603556,+,4160
lncRNA_41135,ptg000024l,6672743,6675612,+,2870
lncRNA_41138,ptg000024l,6777924,6779054,+,1131
lncRNA_41139,ptg000024l,6829490,6831990,+,2501
lncRNA_41147,ptg000024l,7077098,7080802,+,3705
lncRNA_41148,ptg000024l,7077907,7079553,+,1647
lncRNA_41151,ptg000024l,7272040,7278193,+,6154
lncRNA_41152,ptg000024l,7272069,7278193,+,6125
lncRNA_41153,ptg000024l,7381344,7384142,+,2799
lncRNA_41154,ptg000024l,7535682,7547698,+,12017
lncRNA_41155,ptg000024l,7535685,7547698,+,12014
lncRNA_41156,ptg000024l,7535685,7547974,+,12290
lncRNA_41157,ptg000024l,7535686,7547698,+,12013
lncRNA_41159,ptg000024l,7535686,7547974,+,12289
lncRNA_41161,ptg000024l,7535695,7547698,+,12004
lncRNA_41162,ptg000024l,7535708,7547698,+,11991
lncRNA_41165,ptg000024l,7807113,7808879,+,1767
lncRNA_41166,ptg000024l,7862483,7862857,+,375
lncRNA_41168,ptg000024l,8184933,8194489,+,9557
lncRNA_41169,ptg000024l,8386496,8387189,+,694
lncRNA_41170,ptg000024l,8398039,8398748,+,710
lncRNA_41171,ptg000024l,8417547,8418695,+,1149
lncRNA_41172,ptg000024l,8417550,8419749,+,2200
lncRNA_41174,ptg000024l,8740807,8746005,+,5199
lncRNA_41176,ptg000024l,8741286,8746005,+,4720
lncRNA_41178,ptg000024l,8952836,8954638,+,1803
lncRNA_41179,ptg000024l,9530406,9531210,+,805
lncRNA_41180,ptg000024l,9530433,9531272,+,840
lncRNA_41191,ptg000024l,10139496,10142954,+,3459
lncRNA_41197,ptg000024l,10757998,10765664,+,7667
lncRNA_41200,ptg000024l,11049118,11054635,+,5518
lncRNA_41201,ptg000024l,11050589,11054635,+,4047
lncRNA_41362,ptg000024l,79525,83347,+,3823
lncRNA_41363,ptg000024l,79527,81562,+,2036
lncRNA_41364,ptg000024l,79533,81562,+,2030
lncRNA_41365,ptg000024l,87441,89406,+,1966
lncRNA_41366,ptg000024l,98393,103394,+,5002
lncRNA_41367,ptg000024l,98469,103671,+,5203
lncRNA_41370,ptg000024l,102842,104780,+,1939
lncRNA_41371,ptg000024l,102874,104419,+,1546
lncRNA_41373,ptg000024l,199601,200812,+,1212
lncRNA_41375,ptg000024l,298716,301137,+,2422
lncRNA_41376,ptg000024l,334690,337868,+,3179
lncRNA_41377,ptg000024l,334739,337868,+,3130
lncRNA_41378,ptg000024l,335723,337045,+,1323
lncRNA_41379,ptg000024l,503087,505540,+,2454
lncRNA_41382,ptg000024l,506217,508088,+,1872
lncRNA_41383,ptg000024l,683211,684283,+,1073
lncRNA_41388,ptg000024l,776407,777958,+,1552
lncRNA_41389,ptg000024l,803479,804244,+,766
lncRNA_41390,ptg000024l,914282,917281,+,3000
lncRNA_41391,ptg000024l,926917,929310,+,2394
lncRNA_41392,ptg000024l,932466,933868,+,1403
lncRNA_41393,ptg000024l,947471,948470,+,1000
lncRNA_41394,ptg000024l,970428,974643,+,4216
lncRNA_41395,ptg000024l,997083,997690,+,608
lncRNA_41396,ptg000024l,1049173,1069115,+,19943
lncRNA_41397,ptg000024l,1082641,1084425,+,1785
lncRNA_41398,ptg000024l,1098490,1099688,+,1199
lncRNA_41399,ptg000024l,1098541,1099688,+,1148
lncRNA_41400,ptg000024l,1281749,1283221,+,1473
lncRNA_41401,ptg000024l,1286319,1286943,+,625
lncRNA_41402,ptg000024l,1466115,1470586,+,4472
lncRNA_41404,ptg000024l,1485960,1488370,+,2411
lncRNA_41405,ptg000024l,1529115,1531846,+,2732
lncRNA_41407,ptg000024l,1655450,1656406,+,957
lncRNA_41408,ptg000024l,1684411,1685706,+,1296
lncRNA_41410,ptg000024l,1738205,1744051,+,5847
lncRNA_41411,ptg000024l,1739843,1740737,+,895
lncRNA_41413,ptg000024l,1741526,1744051,+,2526
lncRNA_41414,ptg000024l,1741594,1744051,+,2458
lncRNA_41415,ptg000024l,1747995,1749770,+,1776
lncRNA_41429,ptg000024l,2099905,2101553,+,1649
lncRNA_41430,ptg000024l,2114371,2117808,+,3438
lncRNA_41431,ptg000024l,2298117,2301752,+,3636
lncRNA_41432,ptg000024l,2320495,2323465,+,2971
lncRNA_41433,ptg000024l,2338156,2344601,+,6446
lncRNA_41434,ptg000024l,2338945,2345777,+,6833
lncRNA_41435,ptg000024l,2339098,2345777,+,6680
lncRNA_41437,ptg000024l,2406797,2411062,+,4266
lncRNA_41439,ptg000024l,2438129,2439269,+,1141
lncRNA_41441,ptg000024l,2457046,2470258,+,13213
lncRNA_41442,ptg000024l,2470537,2471089,+,553
lncRNA_41444,ptg000024l,2511680,2573512,+,61833
lncRNA_41446,ptg000024l,2573915,2582138,+,8224
lncRNA_41447,ptg000024l,2604616,2614026,+,9411
lncRNA_41449,ptg000024l,2607076,2615601,+,8526
lncRNA_41450,ptg000024l,2612266,2619005,+,6740
lncRNA_41451,ptg000024l,2612376,2619005,+,6630
lncRNA_41452,ptg000024l,2616645,2620796,+,4152
lncRNA_41453,ptg000024l,2636953,2638532,+,1580
lncRNA_41454,ptg000024l,2659991,2663248,+,3258
lncRNA_41456,ptg000024l,2777801,2781082,+,3282
lncRNA_41457,ptg000024l,2779267,2781082,+,1816
lncRNA_41458,ptg000024l,2834559,2837585,+,3027
lncRNA_41459,ptg000024l,2843409,2846801,+,3393
lncRNA_41462,ptg000024l,2923822,2927119,+,3298
lncRNA_41463,ptg000024l,2932588,2933586,+,999
lncRNA_41464,ptg000024l,3002934,3003284,+,351
lncRNA_41465,ptg000024l,3039798,3042434,+,2637
lncRNA_41467,ptg000024l,3039807,3042434,+,2628
lncRNA_41468,ptg000024l,3039814,3042219,+,2406
lncRNA_41469,ptg000024l,3039814,3043244,+,3431
lncRNA_41470,ptg000024l,3052401,3063233,+,10833
lncRNA_41471,ptg000024l,3052766,3061812,+,9047
lncRNA_41472,ptg000024l,3052769,3061812,+,9044
lncRNA_41473,ptg000024l,3053074,3061812,+,8739
lncRNA_41474,ptg000024l,3053577,3061812,+,8236
lncRNA_41475,ptg000024l,3053780,3061812,+,8033
lncRNA_41476,ptg000024l,3221436,3223767,+,2332
lncRNA_41477,ptg000024l,3293573,3295080,+,1508
lncRNA_41478,ptg000024l,3412410,3413358,+,949
lncRNA_41479,ptg000024l,3503406,3505954,+,2549
lncRNA_41480,ptg000024l,3507959,3510431,+,2473
lncRNA_41481,ptg000024l,3508062,3510431,+,2370
lncRNA_41488,ptg000024l,3912590,3913563,+,974
lncRNA_41501,ptg000024l,4209171,4211777,+,2607
lncRNA_41508,ptg000024l,4412505,4414951,+,2447
lncRNA_41513,ptg000024l,4595521,4598475,+,2955
lncRNA_41515,ptg000024l,4647423,4648946,+,1524
lncRNA_41516,ptg000024l,4695556,4697220,+,1665
lncRNA_41517,ptg000024l,4696042,4697090,+,1049
lncRNA_41519,ptg000024l,4802634,4805281,+,2648
lncRNA_41523,ptg000024l,4936386,4938881,+,2496
lncRNA_41524,ptg000024l,4977984,4986631,+,8648
lncRNA_41525,ptg000024l,4996544,4998366,+,1823
lncRNA_41528,ptg000024l,5061666,5063104,+,1439
lncRNA_41529,ptg000024l,5137370,5137738,+,369
lncRNA_41531,ptg000024l,5215734,5217470,+,1737
lncRNA_41532,ptg000024l,5252885,5254302,+,1418
lncRNA_41533,ptg000024l,5256668,5260130,+,3463
lncRNA_41534,ptg000024l,5269706,5273072,+,3367
lncRNA_41535,ptg000024l,5369914,5371701,+,1788
lncRNA_41538,ptg000024l,5393828,5403422,+,9595
lncRNA_41540,ptg000024l,5453641,5485599,+,31959
lncRNA_41541,ptg000024l,5460086,5475735,+,15650
lncRNA_41542,ptg000024l,5476150,5480030,+,3881
lncRNA_41543,ptg000024l,5542904,5546840,+,3937
lncRNA_41545,ptg000024l,5599265,5602887,+,3623
lncRNA_41546,ptg000024l,5650914,5653637,+,2724
lncRNA_41547,ptg000024l,5666191,5667251,+,1061
lncRNA_41548,ptg000024l,5666378,5667251,+,874
lncRNA_41551,ptg000024l,5889696,5903768,+,14073
lncRNA_41552,ptg000024l,5825451,5827106,+,1656
lncRNA_41555,ptg000024l,5970562,5978575,+,8014
lncRNA_41556,ptg000024l,5989312,5994042,+,4731
lncRNA_41557,ptg000024l,5989801,5994071,+,4271
lncRNA_41560,ptg000024l,6048350,6049589,+,1240
lncRNA_41570,ptg000024l,6251804,6254186,+,2383
lncRNA_41571,ptg000024l,6357725,6359647,+,1923
lncRNA_41572,ptg000024l,6383718,6385727,+,2010
lncRNA_41573,ptg000024l,6391979,6395543,+,3565
lncRNA_41585,ptg000024l,6946257,6949622,+,3366
lncRNA_41586,ptg000024l,7023974,7024870,+,897
lncRNA_41588,ptg000024l,7290128,7294107,+,3980
lncRNA_41593,ptg000024l,7364913,7379664,+,14752
lncRNA_41594,ptg000024l,7382470,7384150,+,1681
lncRNA_41595,ptg000024l,7399734,7404585,+,4852
lncRNA_41596,ptg000024l,7415693,7421358,+,5666
lncRNA_41599,ptg000024l,7507390,7509644,+,2255
lncRNA_41600,ptg000024l,7596503,7597734,+,1232
lncRNA_41601,ptg000024l,7733538,7735309,+,1772
lncRNA_41602,ptg000024l,7742606,7743582,+,977
lncRNA_41603,ptg000024l,7792037,7793543,+,1507
lncRNA_41604,ptg000024l,7806392,7811466,+,5075
lncRNA_41605,ptg000024l,7853345,7857722,+,4378
lncRNA_41606,ptg000024l,8029167,8030037,+,871
lncRNA_41607,ptg000024l,8077231,8079021,+,1791
lncRNA_41608,ptg000024l,8087946,8089330,+,1385
lncRNA_41609,ptg000024l,8088071,8089330,+,1260
lncRNA_41610,ptg000024l,8158191,8159317,+,1127
lncRNA_41611,ptg000024l,8160565,8161401,+,837
lncRNA_41612,ptg000024l,8181389,8181786,+,398
lncRNA_41613,ptg000024l,8182709,8188220,+,5512
lncRNA_41614,ptg000024l,8262456,8263773,+,1318
lncRNA_41615,ptg000024l,8334641,8338423,+,3783
lncRNA_41616,ptg000024l,8365724,8368332,+,2609
lncRNA_41617,ptg000024l,8365879,8370990,+,5112
lncRNA_41618,ptg000024l,8365960,8367828,+,1869
lncRNA_41619,ptg000024l,8366418,8367828,+,1411
lncRNA_41620,ptg000024l,8366430,8367828,+,1399
lncRNA_41621,ptg000024l,8404180,8407250,+,3071
lncRNA_41622,ptg000024l,8405863,8407250,+,1388
lncRNA_41623,ptg000024l,8417826,8423173,+,5348
lncRNA_41624,ptg000024l,8417988,8423173,+,5186
lncRNA_41625,ptg000024l,8424865,8426863,+,1999
lncRNA_41626,ptg000024l,8531937,8533975,+,2039
lncRNA_41629,ptg000024l,8680049,8686859,+,6811
lncRNA_41630,ptg000024l,8680055,8686859,+,6805
lncRNA_41631,ptg000024l,8680064,8686859,+,6796
lncRNA_41632,ptg000024l,8680194,8686859,+,6666
lncRNA_41633,ptg000024l,8680269,8686323,+,6055
lncRNA_41634,ptg000024l,8704412,8707044,+,2633
lncRNA_41635,ptg000024l,8897743,8901927,+,4185
lncRNA_41638,ptg000024l,9510156,9511331,+,1176
lncRNA_41639,ptg000024l,9512056,9514727,+,2672
lncRNA_41642,ptg000024l,9798821,9800880,+,2060
lncRNA_41644,ptg000024l,9799756,9800880,+,1125
lncRNA_41650,ptg000024l,10270535,10271561,+,1027
lncRNA_41653,ptg000024l,10312246,10314449,+,2204
lncRNA_41654,ptg000024l,10312399,10314449,+,2051
lncRNA_41656,ptg000024l,10331634,10334310,+,2677
lncRNA_41658,ptg000024l,10514756,10515495,+,740
lncRNA_41659,ptg000024l,10555037,10555577,+,541
lncRNA_41662,ptg000024l,10582551,10584546,+,1996
lncRNA_41663,ptg000024l,10632510,10632812,+,303
lncRNA_41667,ptg000024l,10894061,10896278,+,2218
lncRNA_41668,ptg000024l,10935114,10943654,+,8541
lncRNA_41669,ptg000024l,10952430,10953838,+,1409
lncRNA_41670,ptg000024l,10969599,10970302,+,704
lncRNA_41671,ptg000024l,11098426,11098873,+,448
lncRNA_41867,ptg000024l,126070,127065,+,996
lncRNA_41869,ptg000024l,146621,147868,+,1248
lncRNA_41870,ptg000024l,149610,150471,+,862
lncRNA_41878,ptg000024l,763244,765280,+,2037
lncRNA_41904,ptg000024l,1574631,1576984,+,2354
lncRNA_41922,ptg000024l,2296626,2297594,+,969
lncRNA_41932,ptg000024l,2802049,2802805,+,757
lncRNA_41936,ptg000024l,2815675,2817397,+,1723
lncRNA_41939,ptg000024l,2856550,2858222,+,1673
lncRNA_41947,ptg000024l,2887447,2889353,+,1907
lncRNA_41948,ptg000024l,2889697,2891345,+,1649
lncRNA_41952,ptg000024l,2967984,2969151,+,1168
lncRNA_41963,ptg000024l,3121150,3121494,+,345
lncRNA_41970,ptg000024l,3451382,3452575,+,1194
lncRNA_41999,ptg000024l,4246049,4247213,+,1165
lncRNA_42003,ptg000024l,4787216,4788725,+,1510
lncRNA_42016,ptg000024l,5197842,5199375,+,1534
lncRNA_42038,ptg000024l,6233328,6235096,+,1769
lncRNA_42041,ptg000024l,6302194,6303333,+,1140
lncRNA_42090,ptg000024l,8094774,8095495,+,722
lncRNA_42097,ptg000024l,8375730,8376785,+,1056
lncRNA_42106,ptg000024l,8626919,8628595,+,1677
lncRNA_42109,ptg000024l,8795967,8796803,+,837
lncRNA_42121,ptg000024l,8892250,8893310,+,1061
lncRNA_42143,ptg000024l,9517115,9517659,+,545
lncRNA_42147,ptg000024l,9631096,9632570,+,1475
lncRNA_42150,ptg000024l,9657409,9658835,+,1427
lncRNA_42164,ptg000024l,9717962,9719103,+,1142
lncRNA_42171,ptg000024l,9768363,9770671,+,2309
lncRNA_42183,ptg000024l,9864877,9865239,+,363
lncRNA_42186,ptg000024l,9887142,9888449,+,1308
lncRNA_42197,ptg000024l,9941920,9942412,+,493
lncRNA_42203,ptg000024l,10010688,10011732,+,1045
lncRNA_42207,ptg000024l,10029484,10030390,+,907
lncRNA_42208,ptg000024l,10047932,10049053,+,1122
lncRNA_42213,ptg000024l,10092505,10093108,+,604
lncRNA_42220,ptg000024l,10351215,10352658,+,1444
lncRNA_42237,ptg000024l,10469227,10470629,+,1403
lncRNA_42260,ptg000024l,11009576,11011933,+,2358
lncRNA_42288,ptg000024l,11176549,11177863,+,1315
lncRNA_42333,ptg000024l,11384515,11386690,+,2176
lncRNA_42411,ptg000025l,76725,86009,+,9285
lncRNA_42412,ptg000025l,76787,84514,+,7728
lncRNA_42413,ptg000025l,76823,86009,+,9187
lncRNA_42414,ptg000025l,77079,84858,+,7780
lncRNA_42415,ptg000025l,77110,83363,+,6254
lncRNA_42416,ptg000025l,160388,162595,+,2208
lncRNA_42417,ptg000025l,204125,211102,+,6978
lncRNA_42418,ptg000025l,183436,189158,+,5723
lncRNA_42419,ptg000025l,233798,238087,+,4290
lncRNA_42420,ptg000025l,234109,238087,+,3979
lncRNA_42421,ptg000025l,278556,281202,+,2647
lncRNA_42422,ptg000025l,278574,280433,+,1860
lncRNA_42423,ptg000025l,278614,281414,+,2801
lncRNA_42424,ptg000025l,290427,293352,+,2926
lncRNA_42425,ptg000025l,307612,308309,+,698
lncRNA_42429,ptg000025l,684830,688536,+,3707
lncRNA_42430,ptg000025l,968494,969182,+,689
lncRNA_42431,ptg000025l,1031422,1034097,+,2676
lncRNA_42433,ptg000025l,1049104,1051708,+,2605
lncRNA_42437,ptg000025l,1260741,1261765,+,1025
lncRNA_42438,ptg000025l,1330237,1333241,+,3005
lncRNA_42440,ptg000025l,1330498,1333241,+,2744
lncRNA_42441,ptg000025l,1330503,1333241,+,2739
lncRNA_42447,ptg000025l,1592289,1594663,+,2375
lncRNA_42448,ptg000025l,1660705,1662782,+,2078
lncRNA_42449,ptg000025l,1772176,1775363,+,3188
lncRNA_42450,ptg000025l,1798912,1801650,+,2739
lncRNA_42451,ptg000025l,1798955,1801650,+,2696
lncRNA_42452,ptg000025l,1798981,1801650,+,2670
lncRNA_42454,ptg000025l,1835394,1838476,+,3083
lncRNA_42455,ptg000025l,1897801,1903217,+,5417
lncRNA_42456,ptg000025l,1918133,1919613,+,1481
lncRNA_42457,ptg000025l,1949615,1950336,+,722
lncRNA_42459,ptg000025l,1989401,1990622,+,1222
lncRNA_42460,ptg000025l,2104623,2105542,+,920
lncRNA_42461,ptg000025l,2263711,2265857,+,2147
lncRNA_42463,ptg000025l,2328913,2330613,+,1701
lncRNA_42464,ptg000025l,2344653,2346431,+,1779
lncRNA_42465,ptg000025l,2430672,2454915,+,24244
lncRNA_42466,ptg000025l,2450621,2453513,+,2893
lncRNA_42467,ptg000025l,2450735,2471396,+,20662
lncRNA_42468,ptg000025l,2550505,2561029,+,10525
lncRNA_42474,ptg000025l,2596637,2599048,+,2412
lncRNA_42477,ptg000025l,2620840,2621838,+,999
lncRNA_42478,ptg000025l,2620840,2629885,+,9046
lncRNA_42479,ptg000025l,2635609,2640572,+,4964
lncRNA_42491,ptg000025l,3129907,3131857,+,1951
lncRNA_42492,ptg000025l,3139754,3140522,+,769
lncRNA_42496,ptg000025l,3272354,3274883,+,2530
lncRNA_42497,ptg000025l,3272986,3274883,+,1898
lncRNA_42499,ptg000025l,3379018,3400468,+,21451
lncRNA_42500,ptg000025l,3487798,3500334,+,12537
lncRNA_42501,ptg000025l,3539710,3573704,+,33995
lncRNA_42503,ptg000025l,3565683,3582069,+,16387
lncRNA_42504,ptg000025l,3788136,3788550,+,415
lncRNA_42505,ptg000025l,3802138,3804787,+,2650
lncRNA_42507,ptg000025l,3830712,3833186,+,2475
lncRNA_42508,ptg000025l,3859529,3860521,+,993
lncRNA_42509,ptg000025l,3879383,3940849,+,61467
lncRNA_42510,ptg000025l,3879388,3883018,+,3631
lncRNA_42511,ptg000025l,3924172,3937199,+,13028
lncRNA_42512,ptg000025l,3969625,3975787,+,6163
lncRNA_42514,ptg000025l,4012635,4020088,+,7454
lncRNA_42516,ptg000025l,4049493,4051723,+,2231
lncRNA_42518,ptg000025l,4266085,4269278,+,3194
lncRNA_42519,ptg000025l,4266086,4269278,+,3193
lncRNA_42521,ptg000025l,4175352,4179994,+,4643
lncRNA_42522,ptg000025l,4177130,4179994,+,2865
lncRNA_42524,ptg000025l,4275885,4278031,+,2147
lncRNA_42526,ptg000025l,4406931,4442903,+,35973
lncRNA_42527,ptg000025l,4409560,4416239,+,6680
lncRNA_42528,ptg000025l,4457868,4463774,+,5907
lncRNA_42529,ptg000025l,4481268,4485669,+,4402
lncRNA_42531,ptg000025l,4384277,4399784,+,15508
lncRNA_42533,ptg000025l,4389484,4400540,+,11057
lncRNA_42534,ptg000025l,4394346,4400426,+,6081
lncRNA_42536,ptg000025l,4401776,4421611,+,19836
lncRNA_42538,ptg000025l,4421242,4431871,+,10630
lncRNA_42541,ptg000025l,4758709,4771342,+,12634
lncRNA_42542,ptg000025l,4758714,4771342,+,12629
lncRNA_42545,ptg000025l,4835876,4837104,+,1229
lncRNA_42546,ptg000025l,4948074,4951937,+,3864
lncRNA_42548,ptg000025l,5054890,5117370,+,62481
lncRNA_42549,ptg000025l,5057995,5117370,+,59376
lncRNA_42552,ptg000025l,5215615,5224620,+,9006
lncRNA_42553,ptg000025l,5215736,5226164,+,10429
lncRNA_42554,ptg000025l,5215761,5224620,+,8860
lncRNA_42555,ptg000025l,5217382,5226164,+,8783
lncRNA_42558,ptg000025l,5225781,5230754,+,4974
lncRNA_42560,ptg000025l,5312094,5324386,+,12293
lncRNA_42561,ptg000025l,5312170,5316571,+,4402
lncRNA_42562,ptg000025l,5352796,5362510,+,9715
lncRNA_42563,ptg000025l,5352863,5362510,+,9648
lncRNA_42564,ptg000025l,5352988,5362994,+,10007
lncRNA_42565,ptg000025l,5353748,5362510,+,8763
lncRNA_42566,ptg000025l,5353835,5362510,+,8676
lncRNA_42567,ptg000025l,5356451,5357569,+,1119
lncRNA_42568,ptg000025l,5371574,5374484,+,2911
lncRNA_42586,ptg000025l,5773762,5780836,+,7075
lncRNA_42587,ptg000025l,5773766,5780836,+,7071
lncRNA_42588,ptg000025l,5773768,5780836,+,7069
lncRNA_42589,ptg000025l,5773774,5780836,+,7063
lncRNA_42590,ptg000025l,5773799,5781388,+,7590
lncRNA_42591,ptg000025l,5774835,5778221,+,3387
lncRNA_42592,ptg000025l,5887365,5896816,+,9452
lncRNA_42594,ptg000025l,6006044,6009903,+,3860
lncRNA_42595,ptg000025l,6006044,6013649,+,7606
lncRNA_42596,ptg000025l,6007149,6008977,+,1829
lncRNA_42597,ptg000025l,6014342,6019288,+,4947
lncRNA_42598,ptg000025l,6042012,6043424,+,1413
lncRNA_42599,ptg000025l,6050330,6052772,+,2443
lncRNA_42600,ptg000025l,6054333,6060394,+,6062
lncRNA_42601,ptg000025l,6179401,6180062,+,662
lncRNA_42602,ptg000025l,6215305,6219933,+,4629
lncRNA_42603,ptg000025l,6215451,6219933,+,4483
lncRNA_42604,ptg000025l,6215584,6219933,+,4350
lncRNA_42605,ptg000025l,6206581,6211688,+,5108
lncRNA_42607,ptg000025l,6264945,6265501,+,557
lncRNA_42608,ptg000025l,6314042,6318360,+,4319
lncRNA_42609,ptg000025l,6358254,6360433,+,2180
lncRNA_42610,ptg000025l,6388007,6395300,+,7294
lncRNA_42611,ptg000025l,6391100,6395456,+,4357
lncRNA_42612,ptg000025l,6391376,6395300,+,3925
lncRNA_42613,ptg000025l,6392965,6395456,+,2492
lncRNA_42614,ptg000025l,6435867,6440229,+,4363
lncRNA_42615,ptg000025l,6435917,6443941,+,8025
lncRNA_42616,ptg000025l,6435919,6440229,+,4311
lncRNA_42617,ptg000025l,6435919,6443941,+,8023
lncRNA_42618,ptg000025l,6435927,6439053,+,3127
lncRNA_42619,ptg000025l,6435927,6439386,+,3460
lncRNA_42621,ptg000025l,6435927,6440229,+,4303
lncRNA_42623,ptg000025l,6435932,6439053,+,3122
lncRNA_42624,ptg000025l,6435935,6456279,+,20345
lncRNA_42625,ptg000025l,6435944,6440229,+,4286
lncRNA_42626,ptg000025l,6436717,6443941,+,7225
lncRNA_42627,ptg000025l,6440230,6443941,+,3712
lncRNA_42628,ptg000025l,6441632,6443941,+,2310
lncRNA_42629,ptg000025l,6441882,6456680,+,14799
lncRNA_42630,ptg000025l,6244987,6249050,+,4064
lncRNA_42631,ptg000025l,6323990,6327158,+,3169
lncRNA_42633,ptg000025l,6338861,6342723,+,3863
lncRNA_42634,ptg000025l,6338861,6345879,+,7019
lncRNA_42635,ptg000025l,6338984,6342723,+,3740
lncRNA_42636,ptg000025l,6339033,6342723,+,3691
lncRNA_42637,ptg000025l,6339056,6342723,+,3668
lncRNA_42638,ptg000025l,6339102,6345879,+,6778
lncRNA_42643,ptg000025l,6411643,6420298,+,8656
lncRNA_42644,ptg000025l,6411777,6420298,+,8522
lncRNA_42649,ptg000025l,6638524,6649319,+,10796
lncRNA_42650,ptg000025l,6650214,6652475,+,2262
lncRNA_42654,ptg000025l,6803294,6805205,+,1912
lncRNA_42655,ptg000025l,6845927,6856525,+,10599
lncRNA_42656,ptg000025l,6988817,7001800,+,12984
lncRNA_42657,ptg000025l,6988871,7001800,+,12930
lncRNA_42658,ptg000025l,6991432,7001800,+,10369
lncRNA_42659,ptg000025l,7082191,7084975,+,2785
lncRNA_42660,ptg000025l,7082689,7084975,+,2287
lncRNA_42661,ptg000025l,7082821,7084065,+,1245
lncRNA_42664,ptg000025l,7160836,7172526,+,11691
lncRNA_42673,ptg000025l,7281843,7285039,+,3197
lncRNA_42674,ptg000025l,7314749,7315969,+,1221
lncRNA_42677,ptg000025l,7552040,7555094,+,3055
lncRNA_42678,ptg000025l,7552297,7555094,+,2798
lncRNA_42679,ptg000025l,7553884,7554670,+,787
lncRNA_42680,ptg000025l,7556718,7557873,+,1156
lncRNA_42682,ptg000025l,7650592,7657718,+,7127
lncRNA_42684,ptg000025l,7916470,7936693,+,20224
lncRNA_42687,ptg000025l,8221298,8222126,+,829
lncRNA_42688,ptg000025l,8227451,8229164,+,1714
lncRNA_42689,ptg000025l,8230606,8236084,+,5479
lncRNA_42690,ptg000025l,8234980,8236084,+,1105
lncRNA_42695,ptg000025l,8525962,8527984,+,2023
lncRNA_42697,ptg000025l,8567320,8574654,+,7335
lncRNA_42698,ptg000025l,8571824,8586480,+,14657
lncRNA_42699,ptg000025l,8571854,8583489,+,11636
lncRNA_42700,ptg000025l,8587985,8596001,+,8017
lncRNA_42701,ptg000025l,8588003,8596001,+,7999
lncRNA_42702,ptg000025l,8588004,8595236,+,7233
lncRNA_42703,ptg000025l,8588040,8596001,+,7962
lncRNA_42704,ptg000025l,8588678,8595236,+,6559
lncRNA_42705,ptg000025l,8588699,8595236,+,6538
lncRNA_42706,ptg000025l,8588800,8595236,+,6437
lncRNA_42707,ptg000025l,8588811,8595236,+,6426
lncRNA_42708,ptg000025l,8588821,8591124,+,2304
lncRNA_42709,ptg000025l,8588824,8595236,+,6413
lncRNA_42712,ptg000025l,8958402,8970668,+,12267
lncRNA_42713,ptg000025l,9337692,9338956,+,1265
lncRNA_42716,ptg000025l,9189326,9194627,+,5302
lncRNA_42717,ptg000025l,9190258,9194627,+,4370
lncRNA_42718,ptg000025l,9190329,9194627,+,4299
lncRNA_42719,ptg000025l,9190746,9193362,+,2617
lncRNA_42721,ptg000025l,9224106,9226976,+,2871
lncRNA_42723,ptg000025l,9287329,9290968,+,3640
lncRNA_42729,ptg000025l,9388691,9391381,+,2691
lncRNA_42730,ptg000025l,9388830,9391381,+,2552
lncRNA_42731,ptg000025l,9389635,9391381,+,1747
lncRNA_42732,ptg000025l,9499048,9510242,+,11195
lncRNA_42736,ptg000025l,9528010,9535641,+,7632
lncRNA_42738,ptg000025l,9553747,9555916,+,2170
lncRNA_42740,ptg000025l,9587727,9600191,+,12465
lncRNA_42741,ptg000025l,9592181,9598853,+,6673
lncRNA_42744,ptg000025l,9603825,9658302,+,54478
lncRNA_42747,ptg000025l,9625931,9633628,+,7698
lncRNA_42749,ptg000025l,9855639,9856190,+,552
lncRNA_42750,ptg000025l,10078948,10080516,+,1569
lncRNA_42756,ptg000025l,10435034,10435821,+,788
lncRNA_42759,ptg000025l,10520924,10522194,+,1271
lncRNA_42760,ptg000025l,10821092,10827323,+,6232
lncRNA_42761,ptg000025l,10825071,10827323,+,2253
lncRNA_42762,ptg000025l,10871417,10882904,+,11488
lncRNA_42763,ptg000025l,10902067,10905843,+,3777
lncRNA_42764,ptg000025l,10928240,10928946,+,707
lncRNA_42765,ptg000025l,10959560,10960122,+,563
lncRNA_42766,ptg000025l,11011962,11020822,+,8861
lncRNA_42769,ptg000025l,11108100,11111685,+,3586
lncRNA_42771,ptg000025l,11126699,11129331,+,2633
lncRNA_42772,ptg000025l,11181167,11203048,+,21882
lncRNA_42773,ptg000025l,11236222,11240391,+,4170
lncRNA_42774,ptg000025l,11236612,11240391,+,3780
lncRNA_42775,ptg000025l,11236775,11257504,+,20730
lncRNA_42776,ptg000025l,11236814,11243583,+,6770
lncRNA_42777,ptg000025l,11236840,11247385,+,10546
lncRNA_42778,ptg000025l,11293009,11294596,+,1588
lncRNA_42779,ptg000025l,11317984,11320874,+,2891
lncRNA_42780,ptg000025l,11435988,11436390,+,403
lncRNA_42783,ptg000025l,11621114,11664064,+,42951
lncRNA_42785,ptg000025l,11680552,11755736,+,75185
lncRNA_42790,ptg000025l,11937604,11939739,+,2136
lncRNA_42791,ptg000025l,11941818,11943812,+,1995
lncRNA_42792,ptg000025l,12110028,12111524,+,1497
lncRNA_42793,ptg000025l,12110213,12111524,+,1312
lncRNA_42794,ptg000025l,12192247,12196149,+,3903
lncRNA_42795,ptg000025l,12192621,12196149,+,3529
lncRNA_42796,ptg000025l,12210717,12226879,+,16163
lncRNA_42797,ptg000025l,12212999,12213290,+,292
lncRNA_42798,ptg000025l,12218445,12221504,+,3060
lncRNA_42799,ptg000025l,12335002,12339904,+,4903
lncRNA_42800,ptg000025l,12336395,12339904,+,3510
lncRNA_42802,ptg000025l,12381971,12384496,+,2526
lncRNA_42804,ptg000025l,12625342,12629618,+,4277
lncRNA_42805,ptg000025l,12625342,12632036,+,6695
lncRNA_42806,ptg000025l,12625351,12629579,+,4229
lncRNA_42808,ptg000025l,12625351,12632036,+,6686
lncRNA_42809,ptg000025l,12630067,12632893,+,2827
lncRNA_42810,ptg000025l,12636905,12658968,+,22064
lncRNA_42813,ptg000025l,12663863,12665172,+,1310
lncRNA_42814,ptg000025l,12663886,12665172,+,1287
lncRNA_42815,ptg000025l,12664147,12664927,+,781
lncRNA_42817,ptg000025l,12729929,12732773,+,2845
lncRNA_42818,ptg000025l,12890008,12891245,+,1238
lncRNA_42819,ptg000025l,12950893,12954609,+,3717
lncRNA_42820,ptg000025l,12980886,12981983,+,1098
lncRNA_42822,ptg000025l,13010475,13010861,+,387
lncRNA_42823,ptg000025l,13024654,13029946,+,5293
lncRNA_42824,ptg000025l,13024678,13029946,+,5269
lncRNA_42825,ptg000025l,13024773,13029946,+,5174
lncRNA_42826,ptg000025l,13024837,13029946,+,5110
lncRNA_42827,ptg000025l,13032969,13038681,+,5713
lncRNA_42828,ptg000025l,13033554,13038681,+,5128
lncRNA_42829,ptg000025l,13035096,13038681,+,3586
lncRNA_42831,ptg000025l,13057869,13062289,+,4421
lncRNA_42834,ptg000025l,13294168,13296688,+,2521
lncRNA_42835,ptg000025l,13294721,13296688,+,1968
lncRNA_42837,ptg000025l,13302322,13304737,+,2416
lncRNA_42839,ptg000025l,13381584,13392707,+,11124
lncRNA_42840,ptg000025l,13487009,13489462,+,2454
lncRNA_42843,ptg000025l,13847429,13848790,+,1362
lncRNA_42847,ptg000025l,13980908,13983538,+,2631
lncRNA_42849,ptg000025l,14126605,14129396,+,2792
lncRNA_42850,ptg000025l,14126625,14127508,+,884
lncRNA_42851,ptg000025l,14126650,14129396,+,2747
lncRNA_42853,ptg000025l,14126654,14129291,+,2638
lncRNA_42855,ptg000025l,14126654,14129396,+,2743
lncRNA_42858,ptg000025l,14126659,14129396,+,2738
lncRNA_42890,ptg000025l,14133737,14135923,+,2187
lncRNA_42891,ptg000025l,14133737,14137014,+,3278
lncRNA_42892,ptg000025l,14133740,14137014,+,3275
lncRNA_42893,ptg000025l,14149861,14150581,+,721
lncRNA_42895,ptg000025l,14291704,14297615,+,5912
lncRNA_42896,ptg000025l,14298074,14299285,+,1212
lncRNA_42902,ptg000025l,14578324,14579732,+,1409
lncRNA_42903,ptg000025l,14603014,14612855,+,9842
lncRNA_42904,ptg000025l,14603029,14612855,+,9827
lncRNA_42905,ptg000025l,14603052,14612855,+,9804
lncRNA_42906,ptg000025l,14614204,14615750,+,1547
lncRNA_42907,ptg000025l,14629995,14631870,+,1876
lncRNA_42908,ptg000025l,14632021,14635399,+,3379
lncRNA_42910,ptg000025l,14670397,14670980,+,584
lncRNA_42911,ptg000025l,14723069,14725923,+,2855
lncRNA_42912,ptg000025l,14723946,14725923,+,1978
lncRNA_42913,ptg000025l,14885744,14891553,+,5810
lncRNA_42914,ptg000025l,14937871,14939300,+,1430
lncRNA_42915,ptg000025l,14938107,14943434,+,5328
lncRNA_42916,ptg000025l,14938108,14938605,+,498
lncRNA_42917,ptg000025l,14938124,14939543,+,1420
lncRNA_42918,ptg000025l,14944813,14948023,+,3211
lncRNA_42922,ptg000025l,15234025,15234918,+,894
lncRNA_42925,ptg000025l,15576499,15580341,+,3843
lncRNA_42927,ptg000025l,15792399,15810653,+,18255
lncRNA_42929,ptg000025l,15926548,15927096,+,549
lncRNA_42930,ptg000025l,15941453,15951986,+,10534
lncRNA_42931,ptg000025l,15952005,15952743,+,739
lncRNA_42932,ptg000025l,15962944,15964422,+,1479
lncRNA_42933,ptg000025l,15975694,15977143,+,1450
lncRNA_42934,ptg000025l,15975968,15977143,+,1176
lncRNA_42935,ptg000025l,15976140,15977143,+,1004
lncRNA_42936,ptg000025l,16048124,16051825,+,3702
lncRNA_42937,ptg000025l,16048433,16051825,+,3393
lncRNA_42938,ptg000025l,16107289,16109128,+,1840
lncRNA_42940,ptg000025l,16138513,16143519,+,5007
lncRNA_42941,ptg000025l,16160441,16161605,+,1165
lncRNA_42942,ptg000025l,16258151,16263884,+,5734
lncRNA_42943,ptg000025l,16305369,16308620,+,3252
lncRNA_42944,ptg000025l,16305969,16308620,+,2652
lncRNA_42945,ptg000025l,16315337,16317459,+,2123
lncRNA_42947,ptg000025l,16338861,16341126,+,2266
lncRNA_42948,ptg000025l,16341943,16344126,+,2184
lncRNA_42949,ptg000025l,16342714,16344126,+,1413
lncRNA_42953,ptg000025l,16540690,16551901,+,11212
lncRNA_42954,ptg000025l,16856682,16859182,+,2501
lncRNA_42955,ptg000025l,16886211,16893160,+,6950
lncRNA_42956,ptg000025l,16899299,16900675,+,1377
lncRNA_42957,ptg000025l,16899548,16900392,+,845
lncRNA_42958,ptg000025l,16899562,16900675,+,1114
lncRNA_42959,ptg000025l,16941174,16965089,+,23916
lncRNA_42960,ptg000025l,16941176,16942654,+,1479
lncRNA_42961,ptg000025l,16957242,16965089,+,7848
lncRNA_42962,ptg000025l,16942805,16965866,+,23062
lncRNA_42963,ptg000025l,16958433,16981488,+,23056
lncRNA_42967,ptg000025l,17082896,17090769,+,7874
lncRNA_42970,ptg000025l,17493511,17494039,+,529
lncRNA_42973,ptg000025l,17791784,17793953,+,2170
lncRNA_42975,ptg000025l,17806937,17808104,+,1168
lncRNA_42976,ptg000025l,17808904,17816138,+,7235
lncRNA_42978,ptg000025l,18099753,18102308,+,2556
lncRNA_42979,ptg000025l,18100874,18102308,+,1435
lncRNA_42986,ptg000025l,18518636,18523698,+,5063
lncRNA_42989,ptg000025l,18518674,18523698,+,5025
lncRNA_42990,ptg000025l,18522746,18523698,+,953
lncRNA_42991,ptg000025l,18528067,18532320,+,4254
lncRNA_42992,ptg000025l,18528109,18532320,+,4212
lncRNA_42993,ptg000025l,18528124,18532320,+,4197
lncRNA_42998,ptg000025l,18769133,18771282,+,2150
lncRNA_43002,ptg000025l,18829395,18849674,+,20280
lncRNA_43006,ptg000025l,18915544,18916742,+,1199
lncRNA_43015,ptg000025l,19635923,19644823,+,8901
lncRNA_43016,ptg000025l,19770261,19771389,+,1129
lncRNA_43018,ptg000025l,19818532,19822230,+,3699
lncRNA_43019,ptg000025l,19819935,19822230,+,2296
lncRNA_43020,ptg000025l,19844761,19846880,+,2120
lncRNA_43021,ptg000025l,19844771,19846880,+,2110
lncRNA_43022,ptg000025l,19844775,19846880,+,2106
lncRNA_43028,ptg000025l,19872275,19875416,+,3142
lncRNA_43029,ptg000025l,19872385,19874883,+,2499
lncRNA_43032,ptg000025l,20208957,20254263,+,45307
lncRNA_43048,ptg000025l,183453,189212,+,5760
lncRNA_43050,ptg000025l,227947,229567,+,1621
lncRNA_43051,ptg000025l,334539,337143,+,2605
lncRNA_43054,ptg000025l,650569,658003,+,7435
lncRNA_43055,ptg000025l,650592,657941,+,7350
lncRNA_43057,ptg000025l,861876,864163,+,2288
lncRNA_43058,ptg000025l,882754,883734,+,981
lncRNA_43059,ptg000025l,1071010,1071666,+,657
lncRNA_43060,ptg000025l,1119142,1128903,+,9762
lncRNA_43061,ptg000025l,1122182,1128903,+,6722
lncRNA_43062,ptg000025l,1287243,1288550,+,1308
lncRNA_43066,ptg000025l,1373329,1376905,+,3577
lncRNA_43069,ptg000025l,1848437,1849423,+,987
lncRNA_43070,ptg000025l,1882590,1883972,+,1383
lncRNA_43071,ptg000025l,1945852,1946296,+,445
lncRNA_43074,ptg000025l,2005413,2008045,+,2633
lncRNA_43077,ptg000025l,2061132,2062304,+,1173
lncRNA_43079,ptg000025l,2089216,2090614,+,1399
lncRNA_43080,ptg000025l,2090744,2098430,+,7687
lncRNA_43081,ptg000025l,2090750,2098956,+,8207
lncRNA_43082,ptg000025l,2090755,2093754,+,3000
lncRNA_43083,ptg000025l,2090765,2098430,+,7666
lncRNA_43084,ptg000025l,2090961,2093754,+,2794
lncRNA_43085,ptg000025l,2090973,2098575,+,7603
lncRNA_43086,ptg000025l,2090975,2093754,+,2780
lncRNA_43087,ptg000025l,2090975,2098956,+,7982
lncRNA_43088,ptg000025l,2110026,2113391,+,3366
lncRNA_43090,ptg000025l,2161262,2164191,+,2930
lncRNA_43091,ptg000025l,2161980,2163538,+,1559
lncRNA_43092,ptg000025l,2162447,2164191,+,1745
lncRNA_43093,ptg000025l,2188903,2191216,+,2314
lncRNA_43095,ptg000025l,2306532,2307941,+,1410
lncRNA_43097,ptg000025l,2425735,2428279,+,2545
lncRNA_43098,ptg000025l,2431636,2455951,+,24316
lncRNA_43100,ptg000025l,2461346,2463008,+,1663
lncRNA_43102,ptg000025l,2560203,2560876,+,674
lncRNA_43103,ptg000025l,2605528,2608074,+,2547
lncRNA_43104,ptg000025l,2610368,2611220,+,853
lncRNA_43108,ptg000025l,3145653,3146198,+,546
lncRNA_43109,ptg000025l,3248066,3248666,+,601
lncRNA_43110,ptg000025l,3333979,3337280,+,3302
lncRNA_43112,ptg000025l,3452286,3455828,+,3543
lncRNA_43113,ptg000025l,3488580,3500586,+,12007
lncRNA_43114,ptg000025l,3557996,3583359,+,25364
lncRNA_43115,ptg000025l,3566406,3610657,+,44252
lncRNA_43116,ptg000025l,3574502,3583359,+,8858
lncRNA_43117,ptg000025l,3602588,3610657,+,8070
lncRNA_43118,ptg000025l,3667451,3678431,+,10981
lncRNA_43119,ptg000025l,3840180,3841302,+,1123
lncRNA_43120,ptg000025l,3867704,3872242,+,4539
lncRNA_43121,ptg000025l,3874569,3876104,+,1536
lncRNA_43122,ptg000025l,4106297,4108278,+,1982
lncRNA_43123,ptg000025l,4140576,4147283,+,6708
lncRNA_43124,ptg000025l,3907704,3910594,+,2891
lncRNA_43125,ptg000025l,4011612,4022703,+,11092
lncRNA_43126,ptg000025l,4133210,4134066,+,857
lncRNA_43127,ptg000025l,4208857,4209834,+,978
lncRNA_43129,ptg000025l,4234798,4237929,+,3132
lncRNA_43130,ptg000025l,4235150,4237929,+,2780
lncRNA_43131,ptg000025l,4235832,4237929,+,2098
lncRNA_43133,ptg000025l,4265569,4270154,+,4586
lncRNA_43134,ptg000025l,4332870,4333922,+,1053
lncRNA_43135,ptg000025l,4383813,4441136,+,57324
lncRNA_43136,ptg000025l,4402302,4423001,+,20700
lncRNA_43141,ptg000025l,4511355,4543898,+,32544
lncRNA_43142,ptg000025l,4535009,4542442,+,7434
lncRNA_43143,ptg000025l,4533170,4543579,+,10410
lncRNA_43144,ptg000025l,4633254,4634238,+,985
lncRNA_43145,ptg000025l,4755667,4775879,+,20213
lncRNA_43146,ptg000025l,4926466,4927357,+,892
lncRNA_43147,ptg000025l,4967729,4969841,+,2113
lncRNA_43148,ptg000025l,4968463,4970149,+,1687
lncRNA_43149,ptg000025l,4971103,4971923,+,821
lncRNA_43150,ptg000025l,5023228,5030216,+,6989
lncRNA_43151,ptg000025l,5028674,5042288,+,13615
lncRNA_43152,ptg000025l,5034956,5058726,+,23771
lncRNA_43153,ptg000025l,5035006,5117370,+,82365
lncRNA_43154,ptg000025l,5116402,5117370,+,969
lncRNA_43155,ptg000025l,5076228,5077270,+,1043
lncRNA_43156,ptg000025l,5076526,5077270,+,745
lncRNA_43158,ptg000025l,5083852,5089396,+,5545
lncRNA_43163,ptg000025l,5299404,5304021,+,4618
lncRNA_43164,ptg000025l,5306342,5307033,+,692
lncRNA_43165,ptg000025l,5318769,5321010,+,2242
lncRNA_43166,ptg000025l,5318996,5321010,+,2015
lncRNA_43167,ptg000025l,5319133,5320846,+,1714
lncRNA_43168,ptg000025l,5341665,5343423,+,1759
lncRNA_43169,ptg000025l,5349288,5349912,+,625
lncRNA_43171,ptg000025l,5506477,5508382,+,1906
lncRNA_43172,ptg000025l,5537173,5539545,+,2373
lncRNA_43174,ptg000025l,5656894,5668200,+,11307
lncRNA_43175,ptg000025l,5778072,5780627,+,2556
lncRNA_43176,ptg000025l,5806825,5808228,+,1404
lncRNA_43178,ptg000025l,5844871,5845493,+,623
lncRNA_43180,ptg000025l,6048957,6049312,+,356
lncRNA_43181,ptg000025l,6180501,6181685,+,1185
lncRNA_43182,ptg000025l,6217809,6220612,+,2804
lncRNA_43183,ptg000025l,6267815,6273411,+,5597
lncRNA_43184,ptg000025l,6339057,6341859,+,2803
lncRNA_43185,ptg000025l,6389627,6391711,+,2085
lncRNA_43186,ptg000025l,6452030,6454552,+,2523
lncRNA_43187,ptg000025l,6465046,6467386,+,2341
lncRNA_43191,ptg000025l,6480331,6488535,+,8205
lncRNA_43192,ptg000025l,6480845,6488768,+,7924
lncRNA_43193,ptg000025l,6530058,6535511,+,5454
lncRNA_43194,ptg000025l,6630830,6632369,+,1540
lncRNA_43195,ptg000025l,6638524,6648971,+,10448
lncRNA_43198,ptg000025l,6796830,6798938,+,2109
lncRNA_43199,ptg000025l,6810923,6813976,+,3054
lncRNA_43202,ptg000025l,6888323,6889962,+,1640
lncRNA_43203,ptg000025l,6888334,6889962,+,1629
lncRNA_43204,ptg000025l,6982672,6993277,+,10606
lncRNA_43206,ptg000025l,7046194,7047947,+,1754
lncRNA_43207,ptg000025l,7054438,7055651,+,1214
lncRNA_43208,ptg000025l,7059901,7062423,+,2523
lncRNA_43210,ptg000025l,7116435,7117055,+,621
lncRNA_43211,ptg000025l,7134569,7136488,+,1920
lncRNA_43216,ptg000025l,7160752,7173218,+,12467
lncRNA_43226,ptg000025l,7288601,7290557,+,1957
lncRNA_43228,ptg000025l,7446544,7448004,+,1461
lncRNA_43229,ptg000025l,7446605,7448004,+,1400
lncRNA_43230,ptg000025l,7472711,7479490,+,6780
lncRNA_43231,ptg000025l,7473742,7479490,+,5749
lncRNA_43232,ptg000025l,7554700,7555874,+,1175
lncRNA_43233,ptg000025l,7624161,7645054,+,20894
lncRNA_43234,ptg000025l,7780028,7782900,+,2873
lncRNA_43235,ptg000025l,7892559,7895942,+,3384
lncRNA_43241,ptg000025l,8181898,8182700,+,803
lncRNA_43242,ptg000025l,8195201,8198208,+,3008
lncRNA_43243,ptg000025l,8234861,8236084,+,1224
lncRNA_43250,ptg000025l,8559930,8568673,+,8744
lncRNA_43251,ptg000025l,8583978,8587872,+,3895
lncRNA_43252,ptg000025l,8583987,8586313,+,2327
lncRNA_43253,ptg000025l,8584033,8586108,+,2076
lncRNA_43255,ptg000025l,8646955,8651920,+,4966
lncRNA_43256,ptg000025l,8662501,8663191,+,691
lncRNA_43257,ptg000025l,8728337,8731821,+,3485
lncRNA_43258,ptg000025l,8814959,8816166,+,1208
lncRNA_43259,ptg000025l,8922480,8928048,+,5569
lncRNA_43261,ptg000025l,9242087,9285371,+,43285
lncRNA_43262,ptg000025l,9242113,9248075,+,5963
lncRNA_43263,ptg000025l,9242583,9346988,+,104406
lncRNA_43265,ptg000025l,9345279,9399084,+,53806
lncRNA_43267,ptg000025l,9345288,9370522,+,25235
lncRNA_43268,ptg000025l,9345292,9399084,+,53793
lncRNA_43269,ptg000025l,9345309,9399084,+,53776
lncRNA_43270,ptg000025l,9345341,9380267,+,34927
lncRNA_43272,ptg000025l,9193004,9194626,+,1623
lncRNA_43276,ptg000025l,9220467,9222842,+,2376
lncRNA_43280,ptg000025l,9417673,9421021,+,3349
lncRNA_43281,ptg000025l,9417697,9420581,+,2885
lncRNA_43285,ptg000025l,9532858,9544285,+,11428
lncRNA_43287,ptg000025l,9579119,9581514,+,2396
lncRNA_43294,ptg000025l,9991703,9999837,+,8135
lncRNA_43295,ptg000025l,9992427,9999837,+,7411
lncRNA_43296,ptg000025l,10103448,10105129,+,1682
lncRNA_43297,ptg000025l,10112340,10121155,+,8816
lncRNA_43298,ptg000025l,10112526,10116328,+,3803
lncRNA_43299,ptg000025l,10121167,10143100,+,21934
lncRNA_43302,ptg000025l,10315822,10319996,+,4175
lncRNA_43304,ptg000025l,10346332,10352215,+,5884
lncRNA_43306,ptg000025l,10404241,10410588,+,6348
lncRNA_43308,ptg000025l,10428856,10432575,+,3720
lncRNA_43310,ptg000025l,10471906,10472674,+,769
lncRNA_43311,ptg000025l,10483479,10487104,+,3626
lncRNA_43312,ptg000025l,10490294,10492709,+,2416
lncRNA_43315,ptg000025l,10665531,10666535,+,1005
lncRNA_43316,ptg000025l,10728069,10731375,+,3307
lncRNA_43317,ptg000025l,10786380,10786940,+,561
lncRNA_43318,ptg000025l,10824251,10828292,+,4042
lncRNA_43320,ptg000025l,10935928,10938639,+,2712
lncRNA_43321,ptg000025l,10940318,10943033,+,2716
lncRNA_43322,ptg000025l,10944301,10949099,+,4799
lncRNA_43326,ptg000025l,11069214,11070830,+,1617
lncRNA_43327,ptg000025l,11171225,11173773,+,2549
lncRNA_43328,ptg000025l,11225097,11257948,+,32852
lncRNA_43329,ptg000025l,11339978,11343358,+,3381
lncRNA_43330,ptg000025l,11340028,11343358,+,3331
lncRNA_43331,ptg000025l,11340285,11343025,+,2741
lncRNA_43333,ptg000025l,11381950,11386196,+,4247
lncRNA_43336,ptg000025l,11464104,11468252,+,4149
lncRNA_43337,ptg000025l,11473619,11476827,+,3209
lncRNA_43338,ptg000025l,11482198,11484124,+,1927
lncRNA_43339,ptg000025l,11528585,11529796,+,1212
lncRNA_43340,ptg000025l,11528759,11529796,+,1038
lncRNA_43341,ptg000025l,11529035,11529796,+,762
lncRNA_43342,ptg000025l,11603141,11606146,+,3006
lncRNA_43343,ptg000025l,11604267,11605490,+,1224
lncRNA_43344,ptg000025l,11621285,11764760,+,143476
lncRNA_43346,ptg000025l,11672780,11763635,+,90856
lncRNA_43347,ptg000025l,11672788,11763635,+,90848
lncRNA_43348,ptg000025l,11683099,11771832,+,88734
lncRNA_43349,ptg000025l,11857769,11859416,+,1648
lncRNA_43350,ptg000025l,11863112,11878383,+,15272
lncRNA_43351,ptg000025l,11984871,11986833,+,1963
lncRNA_43352,ptg000025l,12100980,12102283,+,1304
lncRNA_43353,ptg000025l,12103846,12108869,+,5024
lncRNA_43355,ptg000025l,12103888,12108869,+,4982
lncRNA_43356,ptg000025l,12107205,12108869,+,1665
lncRNA_43357,ptg000025l,12111906,12112669,+,764
lncRNA_43358,ptg000025l,12143484,12144277,+,794
lncRNA_43359,ptg000025l,12192861,12196181,+,3321
lncRNA_43360,ptg000025l,12192996,12196181,+,3186
lncRNA_43361,ptg000025l,12193193,12196181,+,2989
lncRNA_43362,ptg000025l,12193198,12196181,+,2984
lncRNA_43363,ptg000025l,12385478,12387275,+,1798
lncRNA_43365,ptg000025l,12391535,12398467,+,6933
lncRNA_43366,ptg000025l,12439974,12441909,+,1936
lncRNA_43367,ptg000025l,12528947,12530174,+,1228
lncRNA_43369,ptg000025l,12625342,12660430,+,35089
lncRNA_43370,ptg000025l,12625351,12634124,+,8774
lncRNA_43371,ptg000025l,12655006,12660430,+,5425
lncRNA_43372,ptg000025l,12655016,12660430,+,5415
lncRNA_43374,ptg000025l,12640990,12651784,+,10795
lncRNA_43375,ptg000025l,12643990,12651784,+,7795
lncRNA_43377,ptg000025l,12795827,12799168,+,3342
lncRNA_43378,ptg000025l,12890407,12892325,+,1919
lncRNA_43379,ptg000025l,13006306,13007431,+,1126
lncRNA_43380,ptg000025l,13033554,13034962,+,1409
lncRNA_43382,ptg000025l,13143595,13145245,+,1651
lncRNA_43383,ptg000025l,13204346,13205614,+,1269
lncRNA_43385,ptg000025l,13424718,13429034,+,4317
lncRNA_43386,ptg000025l,13526454,13529035,+,2582
lncRNA_43394,ptg000025l,14055896,14063250,+,7355
lncRNA_43395,ptg000025l,14055908,14063250,+,7343
lncRNA_43396,ptg000025l,14076877,14085654,+,8778
lncRNA_43397,ptg000025l,14078335,14085654,+,7320
lncRNA_43398,ptg000025l,14078356,14085654,+,7299
lncRNA_43401,ptg000025l,14129716,14133522,+,3807
lncRNA_43402,ptg000025l,14185284,14187051,+,1768
lncRNA_43403,ptg000025l,14189417,14191226,+,1810
lncRNA_43405,ptg000025l,14289157,14310227,+,21071
lncRNA_43408,ptg000025l,14403466,14403982,+,517
lncRNA_43415,ptg000025l,14453211,14461940,+,8730
lncRNA_43416,ptg000025l,14453218,14457561,+,4344
lncRNA_43417,ptg000025l,14453218,14461940,+,8723
lncRNA_43418,ptg000025l,14453226,14457385,+,4160
lncRNA_43419,ptg000025l,14458467,14461940,+,3474
lncRNA_43420,ptg000025l,14458473,14461940,+,3468
lncRNA_43421,ptg000025l,14459279,14461940,+,2662
lncRNA_43422,ptg000025l,14518076,14518622,+,547
lncRNA_43425,ptg000025l,14521988,14522477,+,490
lncRNA_43426,ptg000025l,14522070,14522477,+,408
lncRNA_43427,ptg000025l,14526889,14528986,+,2098
lncRNA_43428,ptg000025l,14562003,14563528,+,1526
lncRNA_43429,ptg000025l,14594310,14598071,+,3762
lncRNA_43430,ptg000025l,14602763,14607869,+,5107
lncRNA_43432,ptg000025l,14602882,14607869,+,4988
lncRNA_43434,ptg000025l,14603074,14607293,+,4220
lncRNA_43435,ptg000025l,14604639,14607293,+,2655
lncRNA_43436,ptg000025l,14605156,14607293,+,2138
lncRNA_43437,ptg000025l,14686342,14689218,+,2877
lncRNA_43439,ptg000025l,14763851,14774158,+,10308
lncRNA_43440,ptg000025l,14776943,14777879,+,937
lncRNA_43444,ptg000025l,15263589,15268002,+,4414
lncRNA_43445,ptg000025l,15263779,15265987,+,2209
lncRNA_43446,ptg000025l,15265999,15267053,+,1055
lncRNA_43447,ptg000025l,15266091,15268002,+,1912
lncRNA_43450,ptg000025l,15320818,15327409,+,6592
lncRNA_43455,ptg000025l,15491766,15509015,+,17250
lncRNA_43456,ptg000025l,15748105,15750896,+,2792
lncRNA_43457,ptg000025l,15748309,15750896,+,2588
lncRNA_43459,ptg000025l,15760388,15761565,+,1178
lncRNA_43460,ptg000025l,15760728,15761565,+,838
lncRNA_43462,ptg000025l,15954416,15961280,+,6865
lncRNA_43463,ptg000025l,16009742,16014139,+,4398
lncRNA_43464,ptg000025l,16177659,16179368,+,1710
lncRNA_43465,ptg000025l,16404380,16424829,+,20450
lncRNA_43466,ptg000025l,16497525,16498413,+,889
lncRNA_43467,ptg000025l,16505977,16506408,+,432
lncRNA_43468,ptg000025l,16540975,16552620,+,11646
lncRNA_43474,ptg000025l,16603664,16604308,+,645
lncRNA_43475,ptg000025l,16821904,16843530,+,21627
lncRNA_43476,ptg000025l,16829794,16831670,+,1877
lncRNA_43477,ptg000025l,16829794,16848747,+,18954
lncRNA_43478,ptg000025l,16831838,16834582,+,2745
lncRNA_43480,ptg000025l,16853461,16860697,+,7237
lncRNA_43481,ptg000025l,16856490,16858640,+,2151
lncRNA_43483,ptg000025l,16941064,16946936,+,5873
lncRNA_43485,ptg000025l,16941064,16981541,+,40478
lncRNA_43486,ptg000025l,16958212,16965409,+,7198
lncRNA_43487,ptg000025l,16958212,16965519,+,7308
lncRNA_43488,ptg000025l,16990346,16991911,+,1566
lncRNA_43489,ptg000025l,17110951,17126504,+,15554
lncRNA_43491,ptg000025l,17803726,17806829,+,3104
lncRNA_43492,ptg000025l,18100374,18102308,+,1935
lncRNA_43498,ptg000025l,18486692,18489232,+,2541
lncRNA_43499,ptg000025l,18522479,18523704,+,1226
lncRNA_43509,ptg000025l,19073250,19075205,+,1956
lncRNA_43514,ptg000025l,19557953,19560314,+,2362
lncRNA_43515,ptg000025l,19557962,19562278,+,4317
lncRNA_43516,ptg000025l,19635856,19644823,+,8968
lncRNA_43518,ptg000025l,19852612,19856663,+,4052
lncRNA_43600,ptg000025l,156276,157336,+,1061
lncRNA_43615,ptg000025l,824016,824219,+,204
lncRNA_43631,ptg000025l,1735952,1736614,+,663
lncRNA_43632,ptg000025l,1839696,1840299,+,604
lncRNA_43657,ptg000025l,2869705,2872954,+,3250
lncRNA_43685,ptg000025l,3294471,3295772,+,1302
lncRNA_43687,ptg000025l,3447937,3451545,+,3609
lncRNA_43689,ptg000025l,3903915,3904169,+,255
lncRNA_43690,ptg000025l,4271033,4274558,+,3526
lncRNA_43692,ptg000025l,4621518,4621992,+,475
lncRNA_43724,ptg000025l,5594808,5598013,+,3206
lncRNA_43726,ptg000025l,5653105,5654681,+,1577
lncRNA_43735,ptg000025l,6514898,6517819,+,2922
lncRNA_43739,ptg000025l,6597524,6598953,+,1430
lncRNA_43742,ptg000025l,6781936,6782502,+,567
lncRNA_43759,ptg000025l,7565078,7565504,+,427
lncRNA_43762,ptg000025l,7764780,7765615,+,836
lncRNA_43770,ptg000025l,8129451,8130581,+,1131
lncRNA_43792,ptg000025l,8672407,8672693,+,287
lncRNA_43795,ptg000025l,8804132,8805454,+,1323
lncRNA_43806,ptg000025l,8948046,8949433,+,1388
lncRNA_43841,ptg000025l,10436147,10437702,+,1556
lncRNA_43853,ptg000025l,10859676,10861283,+,1608
lncRNA_43870,ptg000025l,11387877,11388884,+,1008
lncRNA_43871,ptg000025l,11399529,11402020,+,2492
lncRNA_43874,ptg000025l,11458246,11458807,+,562
lncRNA_43894,ptg000025l,12937033,12937868,+,836
lncRNA_43958,ptg000025l,15082747,15084484,+,1738
lncRNA_43966,ptg000025l,15318820,15320211,+,1392
lncRNA_43967,ptg000025l,15399837,15400735,+,899
lncRNA_43982,ptg000025l,15876098,15877131,+,1034
lncRNA_43984,ptg000025l,16067267,16068511,+,1245
lncRNA_44020,ptg000025l,17404142,17404832,+,691
lncRNA_44022,ptg000025l,17479520,17480544,+,1025
lncRNA_44047,ptg000025l,17761288,17761884,+,597
lncRNA_44110,ptg000025l,18419356,18420211,+,856
lncRNA_44121,ptg000025l,18465444,18467985,+,2542
lncRNA_44122,ptg000025l,18474354,18475759,+,1406
lncRNA_44159,ptg000025l,19005193,19006024,+,832
lncRNA_44172,ptg000025l,19195682,19196196,+,515
lncRNA_44194,ptg000025l,19495081,19496848,+,1768
lncRNA_44213,ptg000025l,19898198,19899175,+,978
lncRNA_44361,ptg000026l,339887,361965,+,22079
lncRNA_44362,ptg000026l,349250,361965,+,12716
lncRNA_44380,ptg000026l,1688502,1690862,+,2361
lncRNA_44381,ptg000026l,1688703,1690862,+,2160
lncRNA_44382,ptg000026l,1688802,1690862,+,2061
lncRNA_44383,ptg000026l,1697044,1704231,+,7188
lncRNA_44384,ptg000026l,1700324,1702581,+,2258
lncRNA_44385,ptg000026l,1710312,1716034,+,5723
lncRNA_44386,ptg000026l,1733058,1734853,+,1796
lncRNA_44396,ptg000026l,2328487,2330523,+,2037
lncRNA_44398,ptg000026l,2424202,2431070,+,6869
lncRNA_44399,ptg000026l,2425204,2431070,+,5867
lncRNA_44400,ptg000026l,2425256,2431070,+,5815
lncRNA_44401,ptg000026l,2427026,2431070,+,4045
lncRNA_44402,ptg000026l,2694567,2696402,+,1836
lncRNA_44403,ptg000026l,2696776,2698390,+,1615
lncRNA_44404,ptg000026l,2705642,2708215,+,2574
lncRNA_44406,ptg000026l,2777600,2779334,+,1735
lncRNA_44411,ptg000026l,2910577,2916743,+,6167
lncRNA_44412,ptg000026l,2912010,2918791,+,6782
lncRNA_44413,ptg000026l,2913850,2920682,+,6833
lncRNA_44418,ptg000026l,3186395,3186788,+,394
lncRNA_44419,ptg000026l,3243078,3245662,+,2585
lncRNA_44421,ptg000026l,3653439,3656295,+,2857
lncRNA_44422,ptg000026l,3654278,3656295,+,2018
lncRNA_44423,ptg000026l,3783043,3787640,+,4598
lncRNA_44424,ptg000026l,3783438,3785422,+,1985
lncRNA_44425,ptg000026l,3783447,3784634,+,1188
lncRNA_44434,ptg000026l,3987666,4003199,+,15534
lncRNA_44435,ptg000026l,4166689,4178221,+,11533
lncRNA_44438,ptg000026l,4224371,4227688,+,3318
lncRNA_44439,ptg000026l,4224958,4227688,+,2731
lncRNA_44441,ptg000026l,4323603,4333070,+,9468
lncRNA_44442,ptg000026l,4323805,4333070,+,9266
lncRNA_44443,ptg000026l,4343853,4344599,+,747
lncRNA_44444,ptg000026l,4437588,4441353,+,3766
lncRNA_44445,ptg000026l,4440408,4441353,+,946
lncRNA_44446,ptg000026l,4453727,4455667,+,1941
lncRNA_44447,ptg000026l,4456112,4457598,+,1487
lncRNA_44449,ptg000026l,4473049,4474536,+,1488
lncRNA_44450,ptg000026l,4539630,4541031,+,1402
lncRNA_44451,ptg000026l,4541324,4542066,+,743
lncRNA_44453,ptg000026l,4719791,4721832,+,2042
lncRNA_44454,ptg000026l,4719793,4723068,+,3276
lncRNA_44455,ptg000026l,4719852,4723025,+,3174
lncRNA_44456,ptg000026l,4739567,4746377,+,6811
lncRNA_44457,ptg000026l,4739567,4746698,+,7132
lncRNA_44458,ptg000026l,4739568,4746377,+,6810
lncRNA_44459,ptg000026l,4739568,4746698,+,7131
lncRNA_44460,ptg000026l,4739571,4746698,+,7128
lncRNA_44461,ptg000026l,4739574,4746698,+,7125
lncRNA_44462,ptg000026l,4739575,4746698,+,7124
lncRNA_44463,ptg000026l,4739582,4746377,+,6796
lncRNA_44465,ptg000026l,4739582,4746698,+,7117
lncRNA_44466,ptg000026l,4739879,4746698,+,6820
lncRNA_44467,ptg000026l,4825442,4830767,+,5326
lncRNA_44469,ptg000026l,4875574,4876455,+,882
lncRNA_44471,ptg000026l,4892085,4897888,+,5804
lncRNA_44472,ptg000026l,4892246,4894859,+,2614
lncRNA_44473,ptg000026l,4892246,4897078,+,4833
lncRNA_44474,ptg000026l,4892328,4897204,+,4877
lncRNA_44476,ptg000026l,4892329,4896322,+,3994
lncRNA_44477,ptg000026l,4892329,4897003,+,4675
lncRNA_44478,ptg000026l,4892334,4897834,+,5501
lncRNA_44480,ptg000026l,4892340,4897330,+,4991
lncRNA_44482,ptg000026l,4892359,4897078,+,4720
lncRNA_44484,ptg000026l,4892378,4896730,+,4353
lncRNA_44485,ptg000026l,4892378,4897078,+,4701
lncRNA_44486,ptg000026l,4892378,4897204,+,4827
lncRNA_44488,ptg000026l,4892532,4897582,+,5051
lncRNA_44489,ptg000026l,4892549,4897888,+,5340
lncRNA_44492,ptg000026l,4892683,4895015,+,2333
lncRNA_44493,ptg000026l,4893032,4894733,+,1702
lncRNA_44496,ptg000026l,4944993,4945536,+,544
lncRNA_44497,ptg000026l,4966514,4973190,+,6677
lncRNA_44500,ptg000026l,5206492,5247647,+,41156
lncRNA_44501,ptg000026l,5206507,5210692,+,4186
lncRNA_44502,ptg000026l,5284495,5292179,+,7685
lncRNA_44503,ptg000026l,5362430,5362806,+,377
lncRNA_44504,ptg000026l,5377291,5380826,+,3536
lncRNA_44505,ptg000026l,5377494,5381155,+,3662
lncRNA_44506,ptg000026l,5377525,5380826,+,3302
lncRNA_44507,ptg000026l,5377526,5381155,+,3630
lncRNA_44508,ptg000026l,5377528,5380826,+,3299
lncRNA_44510,ptg000026l,5522551,5529205,+,6655
lncRNA_44511,ptg000026l,5524214,5532007,+,7794
lncRNA_44514,ptg000026l,5692876,5697188,+,4313
lncRNA_44515,ptg000026l,5692882,5697188,+,4307
lncRNA_44516,ptg000026l,5692902,5697188,+,4287
lncRNA_44517,ptg000026l,5693001,5697188,+,4188
lncRNA_44518,ptg000026l,5693125,5697188,+,4064
lncRNA_44519,ptg000026l,5714781,5716237,+,1457
lncRNA_44520,ptg000026l,5714937,5716237,+,1301
lncRNA_44521,ptg000026l,5807928,5813043,+,5116
lncRNA_44523,ptg000026l,5768455,5771982,+,3528
lncRNA_44531,ptg000026l,5910476,5912229,+,1754
lncRNA_44533,ptg000026l,6118359,6122009,+,3651
lncRNA_44534,ptg000026l,6155373,6159784,+,4412
lncRNA_44535,ptg000026l,6155391,6157391,+,2001
lncRNA_44536,ptg000026l,6155474,6158959,+,3486
lncRNA_44537,ptg000026l,6155524,6157391,+,1868
lncRNA_44538,ptg000026l,6155701,6158959,+,3259
lncRNA_44539,ptg000026l,6158432,6159784,+,1353
lncRNA_44564,ptg000026l,6582623,6582984,+,362
lncRNA_44566,ptg000026l,6869380,6871853,+,2474
lncRNA_44569,ptg000026l,6685232,6687383,+,2152
lncRNA_44570,ptg000026l,6694813,6697620,+,2808
lncRNA_44571,ptg000026l,6695979,6697620,+,1642
lncRNA_44572,ptg000026l,6701693,6730159,+,28467
lncRNA_44573,ptg000026l,6703689,6731421,+,27733
lncRNA_44575,ptg000026l,6705765,6731812,+,26048
lncRNA_44580,ptg000026l,6742474,6748947,+,6474
lncRNA_44583,ptg000026l,6953063,6954655,+,1593
lncRNA_44584,ptg000026l,6953111,6954655,+,1545
lncRNA_44585,ptg000026l,6953224,6957382,+,4159
lncRNA_44588,ptg000026l,6960415,6961375,+,961
lncRNA_44589,ptg000026l,6992055,6995066,+,3012
lncRNA_44591,ptg000026l,7121583,7123393,+,1811
lncRNA_44592,ptg000026l,7307625,7308746,+,1122
lncRNA_44593,ptg000026l,7310686,7311042,+,357
lncRNA_44596,ptg000026l,7338849,7340778,+,1930
lncRNA_44603,ptg000026l,7803227,7803929,+,703
lncRNA_44607,ptg000026l,7959313,7962557,+,3245
lncRNA_44609,ptg000026l,7983212,7989429,+,6218
lncRNA_44612,ptg000026l,8075103,8076345,+,1243
lncRNA_44614,ptg000026l,8316735,8321786,+,5052
lncRNA_44615,ptg000026l,8564126,8569621,+,5496
lncRNA_44616,ptg000026l,8580381,8588413,+,8033
lncRNA_44617,ptg000026l,8580463,8596275,+,15813
lncRNA_44618,ptg000026l,8580467,8588413,+,7947
lncRNA_44622,ptg000026l,8618713,8620594,+,1882
lncRNA_44623,ptg000026l,8622048,8637119,+,15072
lncRNA_44624,ptg000026l,8622077,8637119,+,15043
lncRNA_44633,ptg000026l,8963790,8966043,+,2254
lncRNA_44636,ptg000026l,9012906,9025568,+,12663
lncRNA_44640,ptg000026l,9220694,9224889,+,4196
lncRNA_44645,ptg000026l,9383141,9388300,+,5160
lncRNA_44646,ptg000026l,9441715,9443498,+,1784
lncRNA_44648,ptg000026l,9442440,9443498,+,1059
lncRNA_44653,ptg000026l,9615120,9616174,+,1055
lncRNA_44654,ptg000026l,9639166,9657478,+,18313
lncRNA_44655,ptg000026l,9670085,9675831,+,5747
lncRNA_44656,ptg000026l,9707599,9709329,+,1731
lncRNA_44658,ptg000026l,9717389,9719571,+,2183
lncRNA_44659,ptg000026l,9717448,9719571,+,2124
lncRNA_44663,ptg000026l,9852943,9856715,+,3773
lncRNA_44664,ptg000026l,9917687,9920902,+,3216
lncRNA_44667,ptg000026l,9998074,10000471,+,2398
lncRNA_44668,ptg000026l,9998503,10000471,+,1969
lncRNA_44669,ptg000026l,10042231,10045970,+,3740
lncRNA_44671,ptg000026l,10046240,10051295,+,5056
lncRNA_44672,ptg000026l,10047701,10053214,+,5514
lncRNA_44674,ptg000026l,10055537,10057385,+,1849
lncRNA_44675,ptg000026l,10107008,10138303,+,31296
lncRNA_44676,ptg000026l,10114923,10129548,+,14626
lncRNA_44677,ptg000026l,10144781,10146408,+,1628
lncRNA_44682,ptg000026l,10484408,10487381,+,2974
lncRNA_44683,ptg000026l,10501689,10508511,+,6823
lncRNA_44688,ptg000026l,10858166,10861341,+,3176
lncRNA_44689,ptg000026l,10867324,10872239,+,4916
lncRNA_44690,ptg000026l,10871225,10872239,+,1015
lncRNA_44691,ptg000026l,10892594,10893212,+,619
lncRNA_44692,ptg000026l,10905719,10914288,+,8570
lncRNA_44693,ptg000026l,10971575,10973454,+,1880
lncRNA_44694,ptg000026l,10976952,10978274,+,1323
lncRNA_44695,ptg000026l,11007881,11012574,+,4694
lncRNA_44696,ptg000026l,11097174,11103089,+,5916
lncRNA_44697,ptg000026l,11098036,11104045,+,6010
lncRNA_44700,ptg000026l,11181886,11185399,+,3514
lncRNA_44701,ptg000026l,11181886,11192035,+,10150
lncRNA_44703,ptg000026l,11187333,11218039,+,30707
lncRNA_44705,ptg000026l,11210052,11214775,+,4724
lncRNA_44709,ptg000026l,11664847,11666725,+,1879
lncRNA_44710,ptg000026l,11803974,11805826,+,1853
lncRNA_44712,ptg000026l,11944407,11945469,+,1063
lncRNA_44714,ptg000026l,11962559,11965414,+,2856
lncRNA_44715,ptg000026l,11962877,11965414,+,2538
lncRNA_44716,ptg000026l,12273953,12275097,+,1145
lncRNA_44717,ptg000026l,12364699,12365734,+,1036
lncRNA_44718,ptg000026l,12364764,12365734,+,971
lncRNA_44720,ptg000026l,12364797,12365734,+,938
lncRNA_44724,ptg000026l,12585901,12594178,+,8278
lncRNA_44725,ptg000026l,12682214,12683810,+,1597
lncRNA_44726,ptg000026l,12943268,12949108,+,5841
lncRNA_44727,ptg000026l,12944412,12946464,+,2053
lncRNA_44729,ptg000026l,13026037,13027395,+,1359
lncRNA_44730,ptg000026l,13028797,13030096,+,1300
lncRNA_44731,ptg000026l,13030784,13031454,+,671
lncRNA_44732,ptg000026l,13221020,13221824,+,805
lncRNA_44733,ptg000026l,13273739,13278412,+,4674
lncRNA_44734,ptg000026l,13293090,13294314,+,1225
lncRNA_44735,ptg000026l,13294552,13296407,+,1856
lncRNA_44736,ptg000026l,13302247,13303800,+,1554
lncRNA_44737,ptg000026l,13366551,13368734,+,2184
lncRNA_44738,ptg000026l,13366815,13368734,+,1920
lncRNA_44739,ptg000026l,13403784,13406507,+,2724
lncRNA_44740,ptg000026l,13405398,13406507,+,1110
lncRNA_44741,ptg000026l,13420953,13434443,+,13491
lncRNA_44742,ptg000026l,13421179,13434443,+,13265
lncRNA_44743,ptg000026l,13422369,13434050,+,11682
lncRNA_44744,ptg000026l,13427832,13434443,+,6612
lncRNA_44745,ptg000026l,13428740,13443453,+,14714
lncRNA_44746,ptg000026l,13495139,13496852,+,1714
lncRNA_44747,ptg000026l,13595342,13621084,+,25743
lncRNA_44748,ptg000026l,13614655,13628995,+,14341
lncRNA_44749,ptg000026l,13714591,13720208,+,5618
lncRNA_44750,ptg000026l,13722821,13724991,+,2171
lncRNA_44751,ptg000026l,13784872,13793479,+,8608
lncRNA_44752,ptg000026l,13787643,13793479,+,5837
lncRNA_44754,ptg000026l,13832654,13833653,+,1000
lncRNA_44755,ptg000026l,13954168,13955672,+,1505
lncRNA_44756,ptg000026l,14027881,14030634,+,2754
lncRNA_44757,ptg000026l,14090184,14100859,+,10676
lncRNA_44758,ptg000026l,14097351,14100859,+,3509
lncRNA_44762,ptg000026l,14161791,14162894,+,1104
lncRNA_44763,ptg000026l,14165186,14168687,+,3502
lncRNA_44765,ptg000026l,14526198,14527190,+,993
lncRNA_44766,ptg000026l,14661964,14664541,+,2578
lncRNA_44781,ptg000026l,1190588,1193600,+,3013
lncRNA_44782,ptg000026l,1191861,1193600,+,1740
lncRNA_44783,ptg000026l,1193601,1201621,+,8021
lncRNA_44784,ptg000026l,1193858,1196603,+,2746
lncRNA_44785,ptg000026l,1194034,1200935,+,6902
lncRNA_44786,ptg000026l,1194489,1218267,+,23779
lncRNA_44787,ptg000026l,1196757,1198497,+,1741
lncRNA_44789,ptg000026l,1324875,1327766,+,2892
lncRNA_44790,ptg000026l,1325543,1327766,+,2224
lncRNA_44792,ptg000026l,1325545,1327425,+,1881
lncRNA_44793,ptg000026l,1325552,1327766,+,2215
lncRNA_44795,ptg000026l,1341640,1344388,+,2749
lncRNA_44796,ptg000026l,1347908,1350721,+,2814
lncRNA_44797,ptg000026l,1471393,1472913,+,1521
lncRNA_44798,ptg000026l,1501752,1503641,+,1890
lncRNA_44800,ptg000026l,1645588,1648694,+,3107
lncRNA_44802,ptg000026l,1779698,1795493,+,15796
lncRNA_44803,ptg000026l,1808758,1809588,+,831
lncRNA_44805,ptg000026l,1930302,1931504,+,1203
lncRNA_44806,ptg000026l,1930328,1931504,+,1177
lncRNA_44807,ptg000026l,1962274,1988250,+,25977
lncRNA_44808,ptg000026l,1962276,1988250,+,25975
lncRNA_44809,ptg000026l,1986881,1988250,+,1370
lncRNA_44812,ptg000026l,2160030,2164112,+,4083
lncRNA_44814,ptg000026l,2271774,2275702,+,3929
lncRNA_44815,ptg000026l,2271795,2273647,+,1853
lncRNA_44816,ptg000026l,2271816,2274645,+,2830
lncRNA_44817,ptg000026l,2271826,2275318,+,3493
lncRNA_44820,ptg000026l,2776057,2776802,+,746
lncRNA_44821,ptg000026l,2776845,2779345,+,2501
lncRNA_44822,ptg000026l,2810483,2813213,+,2731
lncRNA_44830,ptg000026l,2884760,2886437,+,1678
lncRNA_44831,ptg000026l,2909758,2919028,+,9271
lncRNA_44833,ptg000026l,2909844,2919028,+,9185
lncRNA_44838,ptg000026l,3237854,3239765,+,1912
lncRNA_44839,ptg000026l,3238098,3239765,+,1668
lncRNA_44840,ptg000026l,3314316,3315963,+,1648
lncRNA_44841,ptg000026l,3452433,3458350,+,5918
lncRNA_44842,ptg000026l,3554191,3557159,+,2969
lncRNA_44843,ptg000026l,3562788,3564686,+,1899
lncRNA_44851,ptg000026l,3783194,3789234,+,6041
lncRNA_44852,ptg000026l,3783194,3790077,+,6884
lncRNA_44854,ptg000026l,3784102,3790077,+,5976
lncRNA_44857,ptg000026l,3784110,3789242,+,5133
lncRNA_44860,ptg000026l,3784110,3790077,+,5968
lncRNA_44861,ptg000026l,3784153,3790077,+,5925
lncRNA_45010,ptg000026l,3827668,3835716,+,8049
lncRNA_45011,ptg000026l,3827673,3835684,+,8012
lncRNA_45013,ptg000026l,3961651,3963957,+,2307
lncRNA_45015,ptg000026l,4044995,4050398,+,5404
lncRNA_45016,ptg000026l,4046326,4050398,+,4073
lncRNA_45021,ptg000026l,4363533,4364077,+,545
lncRNA_45022,ptg000026l,4394085,4396107,+,2023
lncRNA_45023,ptg000026l,4429950,4431255,+,1306
lncRNA_45024,ptg000026l,4512373,4513092,+,720
lncRNA_45025,ptg000026l,4534861,4539519,+,4659
lncRNA_45027,ptg000026l,4536930,4538882,+,1953
lncRNA_45028,ptg000026l,4588298,4593250,+,4953
lncRNA_45029,ptg000026l,4593439,4603325,+,9887
lncRNA_45031,ptg000026l,4720294,4722614,+,2321
lncRNA_45033,ptg000026l,4809332,4812758,+,3427
lncRNA_45034,ptg000026l,4809362,4810661,+,1300
lncRNA_45037,ptg000026l,4891970,4905063,+,13094
lncRNA_45038,ptg000026l,4891974,4905063,+,13090
lncRNA_45039,ptg000026l,4892043,4905063,+,13021
lncRNA_45040,ptg000026l,4892107,4894664,+,2558
lncRNA_45041,ptg000026l,4892381,4896726,+,4346
lncRNA_45042,ptg000026l,4892390,4894664,+,2275
lncRNA_45043,ptg000026l,4892410,4905063,+,12654
lncRNA_45045,ptg000026l,4994475,4995675,+,1201
lncRNA_45046,ptg000026l,5131536,5133748,+,2213
lncRNA_45047,ptg000026l,5131544,5133748,+,2205
lncRNA_45048,ptg000026l,5246037,5249508,+,3472
lncRNA_45052,ptg000026l,5286534,5289620,+,3087
lncRNA_45054,ptg000026l,5286806,5289620,+,2815
lncRNA_45055,ptg000026l,5286809,5291293,+,4485
lncRNA_45057,ptg000026l,5317694,5321322,+,3629
lncRNA_45058,ptg000026l,5341296,5342454,+,1159
lncRNA_45060,ptg000026l,5421846,5437714,+,15869
lncRNA_45061,ptg000026l,5507150,5515152,+,8003
lncRNA_45062,ptg000026l,5522922,5531063,+,8142
lncRNA_45063,ptg000026l,5529056,5531063,+,2008
lncRNA_45064,ptg000026l,5526868,5534113,+,7246
lncRNA_45065,ptg000026l,5537721,5543862,+,6142
lncRNA_45068,ptg000026l,5549741,5553978,+,4238
lncRNA_45069,ptg000026l,5627170,5630024,+,2855
lncRNA_45071,ptg000026l,5742433,5746246,+,3814
lncRNA_45072,ptg000026l,5742926,5747686,+,4761
lncRNA_45073,ptg000026l,5743711,5753453,+,9743
lncRNA_45074,ptg000026l,5745343,5749464,+,4122
lncRNA_45076,ptg000026l,5822681,5834104,+,11424
lncRNA_45077,ptg000026l,5823386,5826606,+,3221
lncRNA_45078,ptg000026l,5782687,5791324,+,8638
lncRNA_45093,ptg000026l,5869770,5878924,+,9155
lncRNA_45096,ptg000026l,5943877,5951192,+,7316
lncRNA_45098,ptg000026l,5963979,5968969,+,4991
lncRNA_45109,ptg000026l,6089756,6096101,+,6346
lncRNA_45110,ptg000026l,6155481,6157914,+,2434
lncRNA_45115,ptg000026l,6165472,6168643,+,3172
lncRNA_45116,ptg000026l,6173886,6176557,+,2672
lncRNA_45118,ptg000026l,6242034,6242649,+,616
lncRNA_45120,ptg000026l,6278157,6288406,+,10250
lncRNA_45122,ptg000026l,6278187,6288406,+,10220
lncRNA_45124,ptg000026l,6278893,6287918,+,9026
lncRNA_45125,ptg000026l,6278936,6288406,+,9471
lncRNA_45126,ptg000026l,6315711,6324389,+,8679
lncRNA_45127,ptg000026l,6316045,6322912,+,6868
lncRNA_45128,ptg000026l,6316045,6324389,+,8345
lncRNA_45131,ptg000026l,6392887,6397713,+,4827
lncRNA_45132,ptg000026l,6392887,6405423,+,12537
lncRNA_45133,ptg000026l,6396017,6400426,+,4410
lncRNA_45134,ptg000026l,6396026,6400171,+,4146
lncRNA_45136,ptg000026l,6396026,6403790,+,7765
lncRNA_45137,ptg000026l,6396027,6399669,+,3643
lncRNA_45139,ptg000026l,6425254,6433583,+,8330
lncRNA_45143,ptg000026l,6451257,6453281,+,2025
lncRNA_45144,ptg000026l,6476532,6477525,+,994
lncRNA_45145,ptg000026l,6481937,6486546,+,4610
lncRNA_45147,ptg000026l,6511156,6526871,+,15716
lncRNA_45148,ptg000026l,6511260,6526871,+,15612
lncRNA_45149,ptg000026l,6511293,6526871,+,15579
lncRNA_45150,ptg000026l,6511345,6526871,+,15527
lncRNA_45151,ptg000026l,6512959,6523971,+,11013
lncRNA_45156,ptg000026l,6536654,6537221,+,568
lncRNA_45157,ptg000026l,6539107,6541845,+,2739
lncRNA_45161,ptg000026l,6696644,6723360,+,26717
lncRNA_45162,ptg000026l,6698572,6725550,+,26979
lncRNA_45163,ptg000026l,6703410,6706155,+,2746
lncRNA_45164,ptg000026l,6703757,6743720,+,39964
lncRNA_45166,ptg000026l,6709062,6749411,+,40350
lncRNA_45167,ptg000026l,6710637,6734743,+,24107
lncRNA_45168,ptg000026l,6746897,6754005,+,7109
lncRNA_45170,ptg000026l,6757437,6761615,+,4179
lncRNA_45171,ptg000026l,6757561,6761615,+,4055
lncRNA_45172,ptg000026l,6764640,6768195,+,3556
lncRNA_45173,ptg000026l,6764720,6767276,+,2557
lncRNA_45175,ptg000026l,6857309,6861967,+,4659
lncRNA_45177,ptg000026l,6953521,6955459,+,1939
lncRNA_45180,ptg000026l,7374439,7376186,+,1748
lncRNA_45181,ptg000026l,7402618,7407548,+,4931
lncRNA_45182,ptg000026l,7402902,7407138,+,4237
lncRNA_45184,ptg000026l,7503373,7505934,+,2562
lncRNA_45185,ptg000026l,7503524,7505934,+,2411
lncRNA_45191,ptg000026l,7908874,7917331,+,8458
lncRNA_45192,ptg000026l,8054305,8056001,+,1697
lncRNA_45194,ptg000026l,8091071,8093325,+,2255
lncRNA_45195,ptg000026l,8185772,8186444,+,673
lncRNA_45196,ptg000026l,8284610,8288881,+,4272
lncRNA_45202,ptg000026l,8350621,8351932,+,1312
lncRNA_45203,ptg000026l,8350766,8351731,+,966
lncRNA_45205,ptg000026l,8584962,8590875,+,5914
lncRNA_45207,ptg000026l,8718829,8720308,+,1480
lncRNA_45212,ptg000026l,8728326,8731339,+,3014
lncRNA_45213,ptg000026l,8741700,8751191,+,9492
lncRNA_45214,ptg000026l,8774031,8775131,+,1101
lncRNA_45215,ptg000026l,8821348,8822997,+,1650
lncRNA_45216,ptg000026l,8825401,8827528,+,2128
lncRNA_45221,ptg000026l,9010692,9014415,+,3724
lncRNA_45222,ptg000026l,9055806,9080715,+,24910
lncRNA_45223,ptg000026l,9061849,9080715,+,18867
lncRNA_45236,ptg000026l,8995960,9001824,+,5865
lncRNA_45243,ptg000026l,9009318,9010014,+,697
lncRNA_45244,ptg000026l,9025256,9026000,+,745
lncRNA_45246,ptg000026l,9422633,9435660,+,13028
lncRNA_45247,ptg000026l,9585435,9590125,+,4691
lncRNA_45248,ptg000026l,9707459,9709526,+,2068
lncRNA_45249,ptg000026l,9783995,9785261,+,1267
lncRNA_45250,ptg000026l,9988507,10000651,+,12145
lncRNA_45251,ptg000026l,9989862,10000651,+,10790
lncRNA_45253,ptg000026l,9990547,10000651,+,10105
lncRNA_45255,ptg000026l,9998071,10004898,+,6828
lncRNA_45256,ptg000026l,9998520,10004898,+,6379
lncRNA_45257,ptg000026l,10043992,10052483,+,8492
lncRNA_45259,ptg000026l,10044063,10052483,+,8421
lncRNA_45260,ptg000026l,10044963,10052483,+,7521
lncRNA_45261,ptg000026l,10045364,10052216,+,6853
lncRNA_45262,ptg000026l,10047573,10052216,+,4644
lncRNA_45263,ptg000026l,10072135,10073155,+,1021
lncRNA_45264,ptg000026l,10072202,10073155,+,954
lncRNA_45265,ptg000026l,10218900,10224162,+,5263
lncRNA_45269,ptg000026l,10241797,10246352,+,4556
lncRNA_45271,ptg000026l,10401653,10403376,+,1724
lncRNA_45272,ptg000026l,10410075,10415132,+,5058
lncRNA_45273,ptg000026l,10410124,10415132,+,5009
lncRNA_45274,ptg000026l,10506487,10509594,+,3108
lncRNA_45275,ptg000026l,10671553,10674168,+,2616
lncRNA_45276,ptg000026l,10672114,10674168,+,2055
lncRNA_45277,ptg000026l,10682684,10686639,+,3956
lncRNA_45278,ptg000026l,10734268,10734862,+,595
lncRNA_45279,ptg000026l,10836561,10844293,+,7733
lncRNA_45280,ptg000026l,10843199,10844494,+,1296
lncRNA_45281,ptg000026l,10920192,10922481,+,2290
lncRNA_45282,ptg000026l,10944112,10945246,+,1135
lncRNA_45283,ptg000026l,10944500,10945246,+,747
lncRNA_45284,ptg000026l,11001113,11007745,+,6633
lncRNA_45285,ptg000026l,11142623,11144790,+,2168
lncRNA_45286,ptg000026l,11142640,11144631,+,1992
lncRNA_45287,ptg000026l,11142643,11146242,+,3600
lncRNA_45288,ptg000026l,11142694,11144790,+,2097
lncRNA_45289,ptg000026l,11152390,11157030,+,4641
lncRNA_45290,ptg000026l,11155448,11157030,+,1583
lncRNA_45291,ptg000026l,11165572,11167556,+,1985
lncRNA_45292,ptg000026l,11170293,11172955,+,2663
lncRNA_45293,ptg000026l,11181881,11214315,+,32435
lncRNA_45294,ptg000026l,11181884,11185425,+,3542
lncRNA_45295,ptg000026l,11181884,11214789,+,32906
lncRNA_45297,ptg000026l,11181965,11214315,+,32351
lncRNA_45298,ptg000026l,11181975,11214789,+,32815
lncRNA_45299,ptg000026l,11181977,11214789,+,32813
lncRNA_45300,ptg000026l,11183690,11214315,+,30626
lncRNA_45302,ptg000026l,11207929,11213495,+,5567
lncRNA_45303,ptg000026l,11198587,11228166,+,29580
lncRNA_45304,ptg000026l,11345602,11351436,+,5835
lncRNA_45305,ptg000026l,11345834,11351436,+,5603
lncRNA_45307,ptg000026l,11347231,11351436,+,4206
lncRNA_45309,ptg000026l,11387460,11388105,+,646
lncRNA_45310,ptg000026l,11390068,11393446,+,3379
lncRNA_45312,ptg000026l,11370363,11376086,+,5724
lncRNA_45315,ptg000026l,11624806,11627692,+,2887
lncRNA_45316,ptg000026l,11624823,11625963,+,1141
lncRNA_45318,ptg000026l,11678092,11681000,+,2909
lncRNA_45319,ptg000026l,11678982,11681000,+,2019
lncRNA_45320,ptg000026l,11679793,11681000,+,1208
lncRNA_45321,ptg000026l,11789611,11790567,+,957
lncRNA_45323,ptg000026l,11834874,11850272,+,15399
lncRNA_45324,ptg000026l,11834898,11851965,+,17068
lncRNA_45325,ptg000026l,11835102,11850272,+,15171
lncRNA_45326,ptg000026l,11950042,11956957,+,6916
lncRNA_45327,ptg000026l,11958286,11958594,+,309
lncRNA_45328,ptg000026l,12056615,12061322,+,4708
lncRNA_45329,ptg000026l,12056806,12061387,+,4582
lncRNA_45330,ptg000026l,12057363,12062946,+,5584
lncRNA_45331,ptg000026l,12057412,12061322,+,3911
lncRNA_45342,ptg000026l,12578039,12578707,+,669
lncRNA_45343,ptg000026l,12588240,12593218,+,4979
lncRNA_45347,ptg000026l,12930141,12946464,+,16324
lncRNA_45351,ptg000026l,13053327,13055371,+,2045
lncRNA_45352,ptg000026l,13211146,13213227,+,2082
lncRNA_45353,ptg000026l,13239367,13244158,+,4792
lncRNA_45354,ptg000026l,13400425,13404904,+,4480
lncRNA_45355,ptg000026l,13401636,13403274,+,1639
lncRNA_45356,ptg000026l,13420856,13427630,+,6775
lncRNA_45359,ptg000026l,13427909,13443282,+,15374
lncRNA_45364,ptg000026l,13778264,13786253,+,7990
lncRNA_45366,ptg000026l,13996841,14003160,+,6320
lncRNA_45367,ptg000026l,13996846,14003160,+,6315
lncRNA_45368,ptg000026l,14061251,14065713,+,4463
lncRNA_45369,ptg000026l,14061251,14067117,+,5867
lncRNA_45370,ptg000026l,14061251,14067158,+,5908
lncRNA_45371,ptg000026l,14061304,14067117,+,5814
lncRNA_45372,ptg000026l,14061312,14065713,+,4402
lncRNA_45373,ptg000026l,14061312,14067158,+,5847
lncRNA_45378,ptg000026l,14106374,14113992,+,7619
lncRNA_45379,ptg000026l,14106679,14110985,+,4307
lncRNA_45380,ptg000026l,14106856,14110985,+,4130
lncRNA_45381,ptg000026l,14162207,14163318,+,1112
lncRNA_45382,ptg000026l,14180871,14182426,+,1556
lncRNA_45383,ptg000026l,14258022,14259375,+,1354
lncRNA_45386,ptg000026l,14361926,14365731,+,3806
lncRNA_45387,ptg000026l,14362201,14365731,+,3531
lncRNA_45388,ptg000026l,14363025,14364413,+,1389
lncRNA_45390,ptg000026l,14526600,14529610,+,3011
lncRNA_45391,ptg000026l,14545805,14546266,+,462
lncRNA_45392,ptg000026l,14592339,14593202,+,864
lncRNA_45393,ptg000026l,14674717,14680866,+,6150
lncRNA_45394,ptg000026l,14670278,14670973,+,696
lncRNA_45412,ptg000026l,213399,214352,+,954
lncRNA_45421,ptg000026l,332461,333425,+,965
lncRNA_45467,ptg000026l,1176291,1177170,+,880
lncRNA_45498,ptg000026l,1717709,1720245,+,2537
lncRNA_45502,ptg000026l,1742422,1743756,+,1335
lncRNA_45524,ptg000026l,2007655,2008787,+,1133
lncRNA_45525,ptg000026l,2010917,2012220,+,1304
lncRNA_45528,ptg000026l,2047293,2049078,+,1786
lncRNA_45549,ptg000026l,2593404,2594268,+,865
lncRNA_45564,ptg000026l,2780629,2782632,+,2004
lncRNA_45566,ptg000026l,2799762,2801598,+,1837
lncRNA_45568,ptg000026l,2804114,2805020,+,907
lncRNA_45576,ptg000026l,2832956,2834173,+,1218
lncRNA_45598,ptg000026l,3282451,3283434,+,984
lncRNA_45601,ptg000026l,3441243,3443561,+,2319
lncRNA_45624,ptg000026l,4381446,4384118,+,2673
lncRNA_45626,ptg000026l,4543761,4545350,+,1590
lncRNA_45627,ptg000026l,4889790,4890674,+,885
lncRNA_45644,ptg000026l,5470740,5472244,+,1505
lncRNA_45687,ptg000026l,7567047,7567717,+,671
lncRNA_45740,ptg000026l,8613491,8614727,+,1237
lncRNA_45760,ptg000026l,9759718,9760547,+,830
lncRNA_45768,ptg000026l,10231523,10232650,+,1128
lncRNA_45769,ptg000026l,10234083,10238075,+,3993
lncRNA_45793,ptg000026l,11049612,11050217,+,606
lncRNA_45810,ptg000026l,11700034,11700371,+,338
lncRNA_45829,ptg000026l,12280561,12281547,+,987
lncRNA_45837,ptg000026l,12447773,12448102,+,330
lncRNA_45847,ptg000026l,12752254,12755866,+,3613
lncRNA_45858,ptg000026l,13162373,13163037,+,665
lncRNA_45866,ptg000026l,13685433,13686162,+,730
lncRNA_45867,ptg000026l,13696024,13699488,+,3465
lncRNA_45872,ptg000026l,13968765,13971519,+,2755
lncRNA_45873,ptg000026l,13972339,13974189,+,1851
lncRNA_45899,ptg000027l,518973,520369,+,1397
lncRNA_45900,ptg000027l,518973,521738,+,2766
lncRNA_45901,ptg000027l,595210,597831,+,2622
lncRNA_45902,ptg000027l,628022,629010,+,989
lncRNA_45903,ptg000027l,641689,642904,+,1216
lncRNA_45904,ptg000027l,666329,668747,+,2419
lncRNA_45907,ptg000027l,861316,865974,+,4659
lncRNA_45908,ptg000027l,907431,908930,+,1500
lncRNA_45909,ptg000027l,910319,914132,+,3814
lncRNA_45910,ptg000027l,910472,911214,+,743
lncRNA_45912,ptg000027l,955473,957765,+,2293
lncRNA_45913,ptg000027l,967815,980241,+,12427
lncRNA_45920,ptg000027l,1165807,1167685,+,1879
lncRNA_45921,ptg000027l,1166242,1167685,+,1444
lncRNA_45922,ptg000027l,1231501,1233536,+,2036
lncRNA_45923,ptg000027l,1231844,1233536,+,1693
lncRNA_45925,ptg000027l,1769945,1774283,+,4339
lncRNA_45926,ptg000027l,1770300,1774283,+,3984
lncRNA_45927,ptg000027l,1770627,1774283,+,3657
lncRNA_45930,ptg000027l,2034039,2035412,+,1374
lncRNA_45931,ptg000027l,2034764,2035412,+,649
lncRNA_45932,ptg000027l,2038361,2039245,+,885
lncRNA_45934,ptg000027l,2232931,2233968,+,1038
lncRNA_45937,ptg000027l,2497145,2502604,+,5460
lncRNA_45940,ptg000027l,2502750,2504271,+,1522
lncRNA_45941,ptg000027l,2503231,2504510,+,1280
lncRNA_45942,ptg000027l,2509612,2519441,+,9830
lncRNA_45945,ptg000027l,2591885,2592441,+,557
lncRNA_45948,ptg000027l,2599026,2609550,+,10525
lncRNA_45952,ptg000027l,2771988,2776252,+,4265
lncRNA_45953,ptg000027l,2783198,2783920,+,723
lncRNA_45954,ptg000027l,2909146,2915099,+,5954
lncRNA_45955,ptg000027l,2909188,2915099,+,5912
lncRNA_45957,ptg000027l,2909266,2915099,+,5834
lncRNA_45964,ptg000027l,3156054,3158079,+,2026
lncRNA_45966,ptg000027l,3431224,3437232,+,6009
lncRNA_45968,ptg000027l,3434188,3437749,+,3562
lncRNA_45969,ptg000027l,3456011,3459785,+,3775
lncRNA_45970,ptg000027l,3460896,3463597,+,2702
lncRNA_45971,ptg000027l,3546792,3547349,+,558
lncRNA_45974,ptg000027l,3672283,3674940,+,2658
lncRNA_45975,ptg000027l,3673046,3674940,+,1895
lncRNA_45976,ptg000027l,3680581,3691303,+,10723
lncRNA_45977,ptg000027l,3680656,3687175,+,6520
lncRNA_45978,ptg000027l,3680883,3687175,+,6293
lncRNA_45985,ptg000027l,4320972,4323255,+,2284
lncRNA_45986,ptg000027l,4320987,4323255,+,2269
lncRNA_45987,ptg000027l,4321041,4323255,+,2215
lncRNA_45988,ptg000027l,4324605,4326363,+,1759
lncRNA_45989,ptg000027l,4324719,4326774,+,2056
lncRNA_45990,ptg000027l,4324925,4326363,+,1439
lncRNA_45991,ptg000027l,4324925,4326774,+,1850
lncRNA_45992,ptg000027l,4597554,4597972,+,419
lncRNA_45994,ptg000027l,4875454,4876468,+,1015
lncRNA_45995,ptg000027l,4841018,4842119,+,1102
lncRNA_45997,ptg000027l,4984287,4986276,+,1990
lncRNA_45998,ptg000027l,5008175,5010765,+,2591
lncRNA_45999,ptg000027l,5008233,5009185,+,953
lncRNA_46001,ptg000027l,5278300,5280236,+,1937
lncRNA_46004,ptg000027l,5292254,5294100,+,1847
lncRNA_46005,ptg000027l,5315501,5317701,+,2201
lncRNA_46006,ptg000027l,5315971,5317528,+,1558
lncRNA_46007,ptg000027l,5564567,5566151,+,1585
lncRNA_46008,ptg000027l,5598737,5599770,+,1034
lncRNA_46009,ptg000027l,5616672,5617644,+,973
lncRNA_46011,ptg000027l,5788538,5793758,+,5221
lncRNA_46013,ptg000027l,5897758,5898118,+,361
lncRNA_46014,ptg000027l,5898582,5899938,+,1357
lncRNA_46016,ptg000027l,5925159,5927752,+,2594
lncRNA_46017,ptg000027l,5925739,5927752,+,2014
lncRNA_46027,ptg000027l,6043505,6085909,+,42405
lncRNA_46029,ptg000027l,6278351,6281884,+,3534
lncRNA_46033,ptg000027l,6347553,6367861,+,20309
lncRNA_46034,ptg000027l,6411353,6412445,+,1093
lncRNA_46035,ptg000027l,6425856,6428692,+,2837
lncRNA_46036,ptg000027l,6425977,6428692,+,2716
lncRNA_46037,ptg000027l,6426438,6428692,+,2255
lncRNA_46038,ptg000027l,6598729,6603755,+,5027
lncRNA_46039,ptg000027l,6600187,6603228,+,3042
lncRNA_46041,ptg000027l,6654536,6658563,+,4028
lncRNA_46042,ptg000027l,6757658,6758440,+,783
lncRNA_46044,ptg000027l,6797672,6812245,+,14574
lncRNA_46045,ptg000027l,6817845,6821976,+,4132
lncRNA_46046,ptg000027l,6823495,6826716,+,3222
lncRNA_46047,ptg000027l,6901054,6903736,+,2683
lncRNA_46048,ptg000027l,6968523,6970401,+,1879
lncRNA_46049,ptg000027l,7071963,7073563,+,1601
lncRNA_46051,ptg000027l,7243569,7253124,+,9556
lncRNA_46054,ptg000027l,7340586,7360362,+,19777
lncRNA_46055,ptg000027l,7340650,7374390,+,33741
lncRNA_46056,ptg000027l,7340653,7348491,+,7839
lncRNA_46057,ptg000027l,7340653,7356795,+,16143
lncRNA_46058,ptg000027l,7340653,7374313,+,33661
lncRNA_46059,ptg000027l,7341040,7360362,+,19323
lncRNA_46061,ptg000027l,7358808,7395619,+,36812
lncRNA_46062,ptg000027l,7358968,7375619,+,16652
lncRNA_46063,ptg000027l,7459322,7465251,+,5930
lncRNA_46064,ptg000027l,7459350,7465251,+,5902
lncRNA_46065,ptg000027l,7459359,7462360,+,3002
lncRNA_46066,ptg000027l,7466747,7471051,+,4305
lncRNA_46067,ptg000027l,7479941,7482278,+,2338
lncRNA_46068,ptg000027l,7480695,7482278,+,1584
lncRNA_46069,ptg000027l,7480826,7482278,+,1453
lncRNA_46072,ptg000027l,7818957,7819833,+,877
lncRNA_46073,ptg000027l,7828498,7830715,+,2218
lncRNA_46074,ptg000027l,7829213,7830715,+,1503
lncRNA_46075,ptg000027l,7829215,7830715,+,1501
lncRNA_46077,ptg000027l,7859555,7861664,+,2110
lncRNA_46078,ptg000027l,7882050,7887665,+,5616
lncRNA_46079,ptg000027l,7891408,7895632,+,4225
lncRNA_46082,ptg000027l,7929109,7984466,+,55358
lncRNA_46083,ptg000027l,7929658,7941775,+,12118
lncRNA_46084,ptg000027l,7930015,7991488,+,61474
lncRNA_46085,ptg000027l,7931022,7941775,+,10754
lncRNA_46086,ptg000027l,7931454,7962136,+,30683
lncRNA_46087,ptg000027l,7936452,8012423,+,75972
lncRNA_46088,ptg000027l,7937958,7991488,+,53531
lncRNA_46089,ptg000027l,7937991,7960967,+,22977
lncRNA_46090,ptg000027l,7939439,7984466,+,45028
lncRNA_46091,ptg000027l,7939830,7984466,+,44637
lncRNA_46092,ptg000027l,7944968,7972347,+,27380
lncRNA_46093,ptg000027l,7947415,7964549,+,17135
lncRNA_46094,ptg000027l,7947799,7970873,+,23075
lncRNA_46095,ptg000027l,7947799,7991488,+,43690
lncRNA_46096,ptg000027l,7947818,7991488,+,43671
lncRNA_46097,ptg000027l,7953098,7957426,+,4329
lncRNA_46098,ptg000027l,7953105,7991488,+,38384
lncRNA_46099,ptg000027l,7963053,7977704,+,14652
lncRNA_46100,ptg000027l,7963179,7971263,+,8085
lncRNA_46101,ptg000027l,7976429,7998180,+,21752
lncRNA_46105,ptg000027l,8202667,8203766,+,1100
lncRNA_46107,ptg000027l,8389186,8396509,+,7324
lncRNA_46109,ptg000027l,8396689,8397580,+,892
lncRNA_46112,ptg000027l,8510790,8512854,+,2065
lncRNA_46113,ptg000027l,8520379,8523420,+,3042
lncRNA_46117,ptg000027l,8717545,8757030,+,39486
lncRNA_46118,ptg000027l,8718647,8755649,+,37003
lncRNA_46119,ptg000027l,8721321,8757030,+,35710
lncRNA_46120,ptg000027l,8794320,8798242,+,3923
lncRNA_46121,ptg000027l,8796078,8797700,+,1623
lncRNA_46122,ptg000027l,8799546,8805916,+,6371
lncRNA_46125,ptg000027l,9004898,9007043,+,2146
lncRNA_46130,ptg000027l,9182029,9198852,+,16824
lncRNA_46132,ptg000027l,9251418,9253490,+,2073
lncRNA_46133,ptg000027l,9251544,9253490,+,1947
lncRNA_46135,ptg000027l,9383604,9384453,+,850
lncRNA_46136,ptg000027l,9398684,9401161,+,2478
lncRNA_46137,ptg000027l,9399001,9401982,+,2982
lncRNA_46138,ptg000027l,9421433,9421988,+,556
lncRNA_46140,ptg000027l,9455846,9463122,+,7277
lncRNA_46143,ptg000027l,9550037,9551719,+,1683
lncRNA_46149,ptg000027l,9926819,9930886,+,4068
lncRNA_46150,ptg000027l,9927795,9930886,+,3092
lncRNA_46151,ptg000027l,10235871,10237422,+,1552
lncRNA_46152,ptg000027l,10340071,10342677,+,2607
lncRNA_46154,ptg000027l,10451769,10460705,+,8937
lncRNA_46158,ptg000027l,10454577,10460705,+,6129
lncRNA_46159,ptg000027l,10455613,10459917,+,4305
lncRNA_46160,ptg000027l,10456202,10458744,+,2543
lncRNA_46161,ptg000027l,10462571,10471073,+,8503
lncRNA_46162,ptg000027l,10462229,10465497,+,3269
lncRNA_46164,ptg000027l,10631893,10638650,+,6758
lncRNA_46169,ptg000027l,10590409,10592675,+,2267
lncRNA_46173,ptg000027l,10613018,10663687,+,50670
lncRNA_46174,ptg000027l,10613080,10662347,+,49268
lncRNA_46176,ptg000027l,10661390,10663687,+,2298
lncRNA_46177,ptg000027l,10629086,10631524,+,2439
lncRNA_46179,ptg000027l,10702174,10704343,+,2170
lncRNA_46180,ptg000027l,10890137,10891693,+,1557
lncRNA_46181,ptg000027l,10965055,10969283,+,4229
lncRNA_46191,ptg000027l,11509233,11525238,+,16006
lncRNA_46192,ptg000027l,11515866,11525238,+,9373
lncRNA_46193,ptg000027l,11516262,11525238,+,8977
lncRNA_46195,ptg000027l,11516267,11525238,+,8972
lncRNA_46197,ptg000027l,11530140,11536278,+,6139
lncRNA_46198,ptg000027l,11534594,11536278,+,1685
lncRNA_46201,ptg000027l,11651187,11653574,+,2388
lncRNA_46202,ptg000027l,11651280,11653574,+,2295
lncRNA_46203,ptg000027l,11706379,11711039,+,4661
lncRNA_46204,ptg000027l,11767198,11768381,+,1184
lncRNA_46206,ptg000027l,11851839,11853776,+,1938
lncRNA_46208,ptg000027l,12025249,12034928,+,9680
lncRNA_46209,ptg000027l,12031580,12034213,+,2634
lncRNA_46210,ptg000027l,12068341,12069210,+,870
lncRNA_46213,ptg000027l,12094018,12094742,+,725
lncRNA_46219,ptg000027l,12355555,12357688,+,2134
lncRNA_46220,ptg000027l,12355645,12357688,+,2044
lncRNA_46225,ptg000027l,12443569,12444306,+,738
lncRNA_46226,ptg000027l,12443661,12444306,+,646
lncRNA_46227,ptg000027l,12512577,12515451,+,2875
lncRNA_46228,ptg000027l,12513704,12515451,+,1748
lncRNA_46229,ptg000027l,12532661,12578500,+,45840
lncRNA_46236,ptg000027l,12794161,12806114,+,11954
lncRNA_46237,ptg000027l,12802646,12806114,+,3469
lncRNA_46238,ptg000027l,12802910,12806114,+,3205
lncRNA_46239,ptg000027l,12803205,12806114,+,2910
lncRNA_46240,ptg000027l,12804581,12806114,+,1534
lncRNA_46241,ptg000027l,12804775,12806114,+,1340
lncRNA_46242,ptg000027l,12804780,12806114,+,1335
lncRNA_46243,ptg000027l,12804870,12806114,+,1245
lncRNA_46244,ptg000027l,12847467,12851955,+,4489
lncRNA_46246,ptg000027l,13102512,13105372,+,2861
lncRNA_46247,ptg000027l,13282940,13284136,+,1197
lncRNA_46259,ptg000027l,13863006,13865906,+,2901
lncRNA_46260,ptg000027l,13877752,13879830,+,2079
lncRNA_46273,ptg000027l,14394488,14399715,+,5228
lncRNA_46274,ptg000027l,14446624,14447673,+,1050
lncRNA_46276,ptg000027l,14624250,14627905,+,3656
lncRNA_46277,ptg000027l,14624273,14627905,+,3633
lncRNA_46289,ptg000027l,15101313,15103237,+,1925
lncRNA_46290,ptg000027l,15101356,15103237,+,1882
lncRNA_46294,ptg000027l,15393729,15400636,+,6908
lncRNA_46297,ptg000027l,15750805,15757717,+,6913
lncRNA_46301,ptg000027l,16183820,16184538,+,719
lncRNA_46317,ptg000027l,234743,236448,+,1706
lncRNA_46326,ptg000027l,574283,575390,+,1108
lncRNA_46328,ptg000027l,718693,719722,+,1030
lncRNA_46329,ptg000027l,728300,729467,+,1168
lncRNA_46333,ptg000027l,861742,862839,+,1098
lncRNA_46334,ptg000027l,1060947,1061606,+,660
lncRNA_46335,ptg000027l,1115434,1117705,+,2272
lncRNA_46337,ptg000027l,1132617,1134488,+,1872
lncRNA_46338,ptg000027l,1369390,1370575,+,1186
lncRNA_46339,ptg000027l,1462602,1463546,+,945
lncRNA_46341,ptg000027l,1519191,1520547,+,1357
lncRNA_46342,ptg000027l,1526600,1526922,+,323
lncRNA_46343,ptg000027l,1550027,1573145,+,23119
lncRNA_46345,ptg000027l,1671991,1673522,+,1532
lncRNA_46351,ptg000027l,2026066,2033413,+,7348
lncRNA_46352,ptg000027l,2026514,2033413,+,6900
lncRNA_46353,ptg000027l,2056537,2068919,+,12383
lncRNA_46354,ptg000027l,2060628,2068919,+,8292
lncRNA_46355,ptg000027l,2060640,2068462,+,7823
lncRNA_46356,ptg000027l,2136232,2167805,+,31574
lncRNA_46358,ptg000027l,2206354,2207591,+,1238
lncRNA_46359,ptg000027l,2240777,2242642,+,1866
lncRNA_46360,ptg000027l,2272457,2273884,+,1428
lncRNA_46361,ptg000027l,2272466,2273884,+,1419
lncRNA_46362,ptg000027l,2277586,2282805,+,5220
lncRNA_46364,ptg000027l,2504857,2517767,+,12911
lncRNA_46365,ptg000027l,2493735,2502604,+,8870
lncRNA_46366,ptg000027l,2494185,2495517,+,1333
lncRNA_46367,ptg000027l,2495518,2502604,+,7087
lncRNA_46368,ptg000027l,2509586,2510878,+,1293
lncRNA_46369,ptg000027l,2519608,2520842,+,1235
lncRNA_46370,ptg000027l,2519621,2520842,+,1222
lncRNA_46375,ptg000027l,2814874,2817969,+,3096
lncRNA_46376,ptg000027l,2815146,2817969,+,2824
lncRNA_46377,ptg000027l,2815196,2816618,+,1423
lncRNA_46379,ptg000027l,2860586,2863821,+,3236
lncRNA_46381,ptg000027l,2876154,2881782,+,5629
lncRNA_46382,ptg000027l,2878644,2881782,+,3139
lncRNA_46385,ptg000027l,2909690,2911724,+,2035
lncRNA_46386,ptg000027l,2912110,2919277,+,7168
lncRNA_46387,ptg000027l,2940761,2943562,+,2802
lncRNA_46388,ptg000027l,3002892,3005388,+,2497
lncRNA_46389,ptg000027l,3002918,3005388,+,2471
lncRNA_46390,ptg000027l,3011659,3012371,+,713
lncRNA_46392,ptg000027l,3069961,3072089,+,2129
lncRNA_46394,ptg000027l,3434351,3437409,+,3059
lncRNA_46396,ptg000027l,3660786,3663380,+,2595
lncRNA_46397,ptg000027l,3660852,3663380,+,2529
lncRNA_46398,ptg000027l,3660866,3663380,+,2515
lncRNA_46399,ptg000027l,3669551,3671069,+,1519
lncRNA_46400,ptg000027l,3669669,3670928,+,1260
lncRNA_46402,ptg000027l,4337762,4343066,+,5305
lncRNA_46403,ptg000027l,4444476,4446004,+,1529
lncRNA_46404,ptg000027l,4661122,4668428,+,7307
lncRNA_46405,ptg000027l,4666999,4668428,+,1430
lncRNA_46406,ptg000027l,4770577,4772207,+,1631
lncRNA_46407,ptg000027l,4813387,4815506,+,2120
lncRNA_46408,ptg000027l,5005655,5006908,+,1254
lncRNA_46409,ptg000027l,5064774,5068540,+,3767
lncRNA_46410,ptg000027l,5064774,5068816,+,4043
lncRNA_46411,ptg000027l,5064776,5067981,+,3206
lncRNA_46412,ptg000027l,5064788,5068540,+,3753
lncRNA_46413,ptg000027l,5098278,5101891,+,3614
lncRNA_46414,ptg000027l,5101144,5101891,+,748
lncRNA_46418,ptg000027l,5267562,5269145,+,1584
lncRNA_46419,ptg000027l,5267847,5269870,+,2024
lncRNA_46420,ptg000027l,5316626,5317783,+,1158
lncRNA_46423,ptg000027l,5535656,5540961,+,5306
lncRNA_46424,ptg000027l,5535740,5538246,+,2507
lncRNA_46425,ptg000027l,5536267,5537820,+,1554
lncRNA_46426,ptg000027l,5547316,5550251,+,2936
lncRNA_46429,ptg000027l,5609373,5611764,+,2392
lncRNA_46430,ptg000027l,5823661,5824683,+,1023
lncRNA_46431,ptg000027l,5879221,5885540,+,6320
lncRNA_46432,ptg000027l,5909743,5911060,+,1318
lncRNA_46433,ptg000027l,5928202,5930462,+,2261
lncRNA_46434,ptg000027l,5959551,5963337,+,3787
lncRNA_46435,ptg000027l,5959897,5961122,+,1226
lncRNA_46436,ptg000027l,5963975,5967474,+,3500
lncRNA_46437,ptg000027l,5968512,5982513,+,14002
lncRNA_46438,ptg000027l,5969004,5978807,+,9804
lncRNA_46439,ptg000027l,5969077,5978234,+,9158
lncRNA_46440,ptg000027l,5969123,5978234,+,9112
lncRNA_46441,ptg000027l,5969123,5982513,+,13391
lncRNA_46442,ptg000027l,5976737,5977857,+,1121
lncRNA_46443,ptg000027l,5977124,5978234,+,1111
lncRNA_46444,ptg000027l,6041270,6086372,+,45103
lncRNA_46445,ptg000027l,6183455,6185835,+,2381
lncRNA_46454,ptg000027l,6518227,6523806,+,5580
lncRNA_46455,ptg000027l,6518253,6523668,+,5416
lncRNA_46457,ptg000027l,6637072,6653085,+,16014
lncRNA_46458,ptg000027l,6647024,6653085,+,6062
lncRNA_46459,ptg000027l,6732658,6733283,+,626
lncRNA_46461,ptg000027l,6754705,6757551,+,2847
lncRNA_46469,ptg000027l,6969273,6970401,+,1129
lncRNA_46471,ptg000027l,7058448,7066927,+,8480
lncRNA_46472,ptg000027l,7058968,7066927,+,7960
lncRNA_46473,ptg000027l,7086575,7090265,+,3691
lncRNA_46474,ptg000027l,7173872,7176089,+,2218
lncRNA_46475,ptg000027l,7174217,7176853,+,2637
lncRNA_46480,ptg000027l,7403701,7405348,+,1648
lncRNA_46481,ptg000027l,7459522,7463256,+,3735
lncRNA_46483,ptg000027l,7610976,7630155,+,19180
lncRNA_46487,ptg000027l,7832152,7841318,+,9167
lncRNA_46489,ptg000027l,7872685,7886958,+,14274
lncRNA_46490,ptg000027l,7872934,7886958,+,14025
lncRNA_46491,ptg000027l,7873133,7880604,+,7472
lncRNA_46492,ptg000027l,7873518,7917949,+,44432
lncRNA_46493,ptg000027l,7881836,7887567,+,5732
lncRNA_46494,ptg000027l,7881896,7887567,+,5672
lncRNA_46495,ptg000027l,7882065,7887567,+,5503
lncRNA_46496,ptg000027l,7929089,7941891,+,12803
lncRNA_46498,ptg000027l,7931303,7941891,+,10589
lncRNA_46499,ptg000027l,7936736,7941891,+,5156
lncRNA_46500,ptg000027l,7950237,7991488,+,41252
lncRNA_46502,ptg000027l,7969396,7985974,+,16579
lncRNA_46514,ptg000027l,8047505,8049452,+,1948
lncRNA_46515,ptg000027l,8174469,8176220,+,1752
lncRNA_46518,ptg000027l,8258361,8259655,+,1295
lncRNA_46519,ptg000027l,8260352,8268874,+,8523
lncRNA_46520,ptg000027l,8263214,8268874,+,5661
lncRNA_46523,ptg000027l,8464295,8465588,+,1294
lncRNA_46525,ptg000027l,8515870,8518005,+,2136
lncRNA_46526,ptg000027l,8519836,8521938,+,2103
lncRNA_46527,ptg000027l,8531799,8532997,+,1199
lncRNA_46528,ptg000027l,8531881,8532997,+,1117
lncRNA_46532,ptg000027l,8823105,8824623,+,1519
lncRNA_46533,ptg000027l,8748160,8784678,+,36519
lncRNA_46535,ptg000027l,8905041,8906159,+,1119
lncRNA_46538,ptg000027l,8992996,8996457,+,3462
lncRNA_46540,ptg000027l,9181397,9198392,+,16996
lncRNA_46544,ptg000027l,9315743,9316962,+,1220
lncRNA_46545,ptg000027l,9315863,9316962,+,1100
lncRNA_46546,ptg000027l,9355645,9363820,+,8176
lncRNA_46547,ptg000027l,9395356,9396467,+,1112
lncRNA_46548,ptg000027l,9416374,9417416,+,1043
lncRNA_46549,ptg000027l,9445712,9449436,+,3725
lncRNA_46550,ptg000027l,9446118,9450329,+,4212
lncRNA_46551,ptg000027l,9446118,9452042,+,5925
lncRNA_46553,ptg000027l,9468894,9469709,+,816
lncRNA_46554,ptg000027l,9503431,9513851,+,10421
lncRNA_46556,ptg000027l,9714601,9715051,+,451
lncRNA_46557,ptg000027l,9867927,9872645,+,4719
lncRNA_46558,ptg000027l,9868169,9872143,+,3975
lncRNA_46561,ptg000027l,10109777,10111985,+,2209
lncRNA_46563,ptg000027l,10265676,10267034,+,1359
lncRNA_46564,ptg000027l,10270325,10272096,+,1772
lncRNA_46565,ptg000027l,10270380,10271540,+,1161
lncRNA_46566,ptg000027l,10337632,10341205,+,3574
lncRNA_46570,ptg000027l,10460775,10465673,+,4899
lncRNA_46571,ptg000027l,10461407,10465673,+,4267
lncRNA_46572,ptg000027l,10461418,10463203,+,1786
lncRNA_46577,ptg000027l,10636341,10638650,+,2310
lncRNA_46582,ptg000027l,10672979,10674218,+,1240
lncRNA_46583,ptg000027l,10821061,10822094,+,1034
lncRNA_46584,ptg000027l,10898036,10909289,+,11254
lncRNA_46585,ptg000027l,10918936,10926302,+,7367
lncRNA_46586,ptg000027l,10918980,10923035,+,4056
lncRNA_46587,ptg000027l,10919019,10935640,+,16622
lncRNA_46588,ptg000027l,10919193,10935005,+,15813
lncRNA_46589,ptg000027l,10919228,10932154,+,12927
lncRNA_46590,ptg000027l,10920236,10935005,+,14770
lncRNA_46591,ptg000027l,10921928,10932154,+,10227
lncRNA_46592,ptg000027l,10964394,10969174,+,4781
lncRNA_46595,ptg000027l,11568458,11570080,+,1623
lncRNA_46596,ptg000027l,11572240,11573226,+,987
lncRNA_46597,ptg000027l,11572317,11573226,+,910
lncRNA_46598,ptg000027l,11578353,11581717,+,3365
lncRNA_46599,ptg000027l,11578678,11580092,+,1415
lncRNA_46600,ptg000027l,11580093,11581071,+,979
lncRNA_46601,ptg000027l,11622116,11626642,+,4527
lncRNA_46602,ptg000027l,11671580,11673718,+,2139
lncRNA_46604,ptg000027l,11753202,11755694,+,2493
lncRNA_46606,ptg000027l,11837933,11843657,+,5725
lncRNA_46607,ptg000027l,11941055,11954949,+,13895
lncRNA_46608,ptg000027l,11941414,11961264,+,19851
lncRNA_46609,ptg000027l,11942288,11961264,+,18977
lncRNA_46610,ptg000027l,11942299,11961264,+,18966
lncRNA_46611,ptg000027l,11942303,11946393,+,4091
lncRNA_46612,ptg000027l,11942304,11958266,+,15963
lncRNA_46613,ptg000027l,11952081,11961264,+,9184
lncRNA_46617,ptg000027l,12328841,12355465,+,26625
lncRNA_46621,ptg000027l,12356965,12359822,+,2858
lncRNA_46626,ptg000027l,12844592,12845663,+,1072
lncRNA_46629,ptg000027l,12957143,12958266,+,1124
lncRNA_46631,ptg000027l,13306615,13308394,+,1780
lncRNA_46637,ptg000027l,13703193,13706783,+,3591
lncRNA_46639,ptg000027l,13884152,13888698,+,4547
lncRNA_46646,ptg000027l,14399716,14400692,+,977
lncRNA_46648,ptg000027l,14498214,14499390,+,1177
lncRNA_46649,ptg000027l,14498229,14499390,+,1162
lncRNA_46650,ptg000027l,14498233,14499390,+,1158
lncRNA_46651,ptg000027l,14565741,14567345,+,1605
lncRNA_46660,ptg000027l,15097265,15100281,+,3017
lncRNA_46664,ptg000027l,15538024,15540195,+,2172
lncRNA_46678,ptg000027l,16183737,16184538,+,802
lncRNA_46691,ptg000027l,580053,580750,+,698
lncRNA_46694,ptg000027l,705627,706474,+,848
lncRNA_46746,ptg000027l,4764548,4764827,+,280
lncRNA_46751,ptg000027l,4963368,4965127,+,1760
lncRNA_46762,ptg000027l,5578018,5579017,+,1000
lncRNA_46774,ptg000027l,6812717,6814605,+,1889
lncRNA_46804,ptg000027l,7641628,7642475,+,848
lncRNA_46811,ptg000027l,7909874,7912897,+,3024
lncRNA_46876,ptg000027l,10428870,10429705,+,836
lncRNA_46899,ptg000027l,11159984,11160278,+,295
lncRNA_46906,ptg000027l,11348772,11350191,+,1420
lncRNA_47017,ptg000027l,13101355,13101790,+,436
lncRNA_47033,ptg000027l,13188753,13190254,+,1502
lncRNA_47058,ptg000027l,13478568,13479292,+,725
lncRNA_47070,ptg000027l,13594936,13595663,+,728
lncRNA_47075,ptg000027l,13674671,13675481,+,811
lncRNA_47076,ptg000027l,13677886,13679373,+,1488
lncRNA_47091,ptg000027l,13812360,13813370,+,1011
lncRNA_47093,ptg000027l,13821358,13821632,+,275
lncRNA_47105,ptg000027l,13881353,13882682,+,1330
lncRNA_47109,ptg000027l,13964782,13965753,+,972
lncRNA_47110,ptg000027l,14036392,14037874,+,1483
lncRNA_47142,ptg000027l,14391100,14391700,+,601
lncRNA_47143,ptg000027l,14451568,14453426,+,1859
lncRNA_47146,ptg000027l,14601415,14602664,+,1250
lncRNA_47167,ptg000027l,14930617,14931272,+,656
lncRNA_47190,ptg000027l,15542656,15544282,+,1627
lncRNA_47193,ptg000027l,15569368,15570304,+,937
lncRNA_47220,ptg000027l,15821863,15823084,+,1222
lncRNA_47223,ptg000027l,16159223,16160388,+,1166
lncRNA_47225,ptg000028l,8961,10125,+,1165
lncRNA_47226,ptg000028l,10961,20735,+,9775
lncRNA_47232,ptg000028l,153928,157487,+,3560
lncRNA_47233,ptg000028l,153932,157487,+,3556
lncRNA_47235,ptg000028l,209936,214084,+,4149
lncRNA_47238,ptg000028l,450039,453677,+,3639
lncRNA_47239,ptg000028l,450053,453677,+,3625
lncRNA_47240,ptg000028l,450439,453677,+,3239
lncRNA_47247,ptg000028l,110464,111518,+,1055
lncRNA_47248,ptg000028l,119020,120262,+,1243
lncRNA_47250,ptg000028l,119341,120222,+,882
lncRNA_47251,ptg000028l,154925,157553,+,2629
lncRNA_47254,ptg000028l,204981,207105,+,2125
lncRNA_47261,ptg000028l,451203,453696,+,2494
lncRNA_47262,ptg000028l,485347,497198,+,11852
lncRNA_47274,ptg000029c,50256,53853,+,3598
lncRNA_47275,ptg000029c,53900,55013,+,1114
lncRNA_47276,ptg000029c,73336,78944,+,5609
lncRNA_47277,ptg000029c,125011,127824,+,2814
lncRNA_47278,ptg000029c,125194,127824,+,2631
lncRNA_47279,ptg000029c,125204,127824,+,2621
lncRNA_47283,ptg000029c,179158,180704,+,1547
lncRNA_47286,ptg000029c,379407,380834,+,1428
lncRNA_47294,ptg000029c,636964,649527,+,12564
lncRNA_47298,ptg000029c,922371,927654,+,5284
lncRNA_47306,ptg000029c,1441050,1441781,+,732
lncRNA_47307,ptg000029c,1497266,1547551,+,50286
lncRNA_47308,ptg000029c,1610995,1612105,+,1111
lncRNA_47335,ptg000029c,940993,945726,+,4734
lncRNA_47343,ptg000029c,1290355,1291555,+,1201
lncRNA_47349,ptg000029c,1359383,1366987,+,7605
lncRNA_47350,ptg000029c,1361269,1368506,+,7238
lncRNA_47353,ptg000029c,1624339,1637591,+,13253
lncRNA_47354,ptg000029c,1625496,1637591,+,12096
lncRNA_47355,ptg000029c,1630741,1637591,+,6851
lncRNA_47356,ptg000029c,1631295,1637591,+,6297
lncRNA_47357,ptg000029c,1631372,1637591,+,6220
lncRNA_47358,ptg000029c,1631386,1637591,+,6206
lncRNA_47361,ptg000029c,1639230,1642429,+,3200
lncRNA_47362,ptg000029c,1639253,1642429,+,3177
lncRNA_47366,ptg000029c,53816,58265,+,4450
lncRNA_47367,ptg000029c,53822,58265,+,4444
lncRNA_47370,ptg000029c,53824,58344,+,4521
lncRNA_47371,ptg000029c,53826,57570,+,3745
lncRNA_47372,ptg000029c,53826,57806,+,3981
lncRNA_47373,ptg000029c,53843,58265,+,4423
lncRNA_47374,ptg000029c,53852,57570,+,3719
lncRNA_47375,ptg000029c,54153,58265,+,4113
lncRNA_47376,ptg000029c,54226,58344,+,4119
lncRNA_47378,ptg000029c,102023,105501,+,3479
lncRNA_47381,ptg000029c,171026,172673,+,1648
lncRNA_47385,ptg000029c,485849,490773,+,4925
lncRNA_47396,ptg000029c,906738,910132,+,3395
lncRNA_47404,ptg000029c,910323,915074,+,4752
lncRNA_47405,ptg000029c,913329,915074,+,1746
lncRNA_47406,ptg000029c,932341,933186,+,846
lncRNA_47408,ptg000029c,940993,944046,+,3054
lncRNA_47409,ptg000029c,942109,944046,+,1938
lncRNA_47421,ptg000029c,1130388,1131555,+,1168
lncRNA_47424,ptg000029c,1252556,1254364,+,1809
lncRNA_47425,ptg000029c,1253181,1254364,+,1184
lncRNA_47427,ptg000029c,1360907,1367947,+,7041
lncRNA_47431,ptg000029c,1431736,1433313,+,1578
lncRNA_47432,ptg000029c,1470027,1472806,+,2780
lncRNA_47435,ptg000029c,1484077,1488403,+,4327
lncRNA_47438,ptg000029c,1570966,1574346,+,3381
lncRNA_47440,ptg000029c,1608734,1610160,+,1427
lncRNA_47454,ptg000029c,89966,90624,+,659
lncRNA_47463,ptg000029c,195741,197151,+,1411
lncRNA_47476,ptg000029c,456955,458066,+,1112
lncRNA_47478,ptg000029c,795138,795678,+,541
lncRNA_47489,ptg000029c,1136373,1136761,+,389
lncRNA_47498,ptg000029c,1248635,1251901,+,3267
lncRNA_47505,ptg000029c,1349386,1350542,+,1157
lncRNA_47508,ptg000029c,1745180,1746238,+,1059
lncRNA_47511,ptg000029c,1760263,1764170,+,3908
lncRNA_47522,ptg000030l,177296,188843,+,11548
lncRNA_47530,ptg000030l,749747,751247,+,1501
lncRNA_47533,ptg000030l,1093478,1095454,+,1977
lncRNA_47534,ptg000030l,1096950,1114723,+,17774
lncRNA_47535,ptg000030l,1096951,1123102,+,26152
lncRNA_47539,ptg000030l,1400702,1401093,+,392
lncRNA_47540,ptg000030l,1434241,1435345,+,1105
lncRNA_47541,ptg000030l,1451896,1458725,+,6830
lncRNA_47542,ptg000030l,1452442,1460314,+,7873
lncRNA_47549,ptg000030l,1476490,1484581,+,8092
lncRNA_47550,ptg000030l,1587910,1589769,+,1860
lncRNA_47551,ptg000030l,1587913,1589769,+,1857
lncRNA_47554,ptg000030l,1612130,1614891,+,2762
lncRNA_47558,ptg000030l,1970597,1975725,+,5129
lncRNA_47559,ptg000030l,1989634,1991758,+,2125
lncRNA_47560,ptg000030l,1995472,1997787,+,2316
lncRNA_47561,ptg000030l,1998544,2019127,+,20584
lncRNA_47565,ptg000030l,2469316,2491007,+,21692
lncRNA_47567,ptg000030l,2745971,2747581,+,1611
lncRNA_47568,ptg000030l,2756299,2763525,+,7227
lncRNA_47591,ptg000030l,147588,148248,+,661
lncRNA_47604,ptg000030l,1093955,1096463,+,2509
lncRNA_47605,ptg000030l,1094310,1096463,+,2154
lncRNA_47606,ptg000030l,1234133,1238936,+,4804
lncRNA_47607,ptg000030l,1234286,1238936,+,4651
lncRNA_47609,ptg000030l,1265343,1271929,+,6587
lncRNA_47624,ptg000030l,1582952,1583452,+,501
lncRNA_47625,ptg000030l,1588203,1590693,+,2491
lncRNA_47626,ptg000030l,1588215,1590693,+,2479
lncRNA_47627,ptg000030l,1589381,1590693,+,1313
lncRNA_47631,ptg000030l,1989630,1991758,+,2129
lncRNA_47633,ptg000030l,1989972,1991758,+,1787
lncRNA_47634,ptg000030l,1990019,1990892,+,874
lncRNA_47635,ptg000030l,1995472,1998161,+,2690
lncRNA_47636,ptg000030l,1995608,1998161,+,2554
lncRNA_47637,ptg000030l,1995856,1998161,+,2306
lncRNA_47638,ptg000030l,1996498,1998161,+,1664
lncRNA_47652,ptg000030l,2602339,2606016,+,3678
lncRNA_47653,ptg000030l,2641349,2654262,+,12914
lncRNA_47656,ptg000030l,2929643,2933434,+,3792
lncRNA_47657,ptg000030l,2976770,2984906,+,8137
lncRNA_47702,ptg000030l,98982,100487,+,1506
lncRNA_47704,ptg000030l,103159,104027,+,869
lncRNA_47721,ptg000030l,316992,318375,+,1384
lncRNA_47744,ptg000030l,535827,536990,+,1164
lncRNA_47771,ptg000030l,859270,860550,+,1281
lncRNA_47833,ptg000030l,1770776,1771954,+,1179
lncRNA_47843,ptg000030l,2009256,2010919,+,1664
lncRNA_47845,ptg000030l,2022687,2025000,+,2314
lncRNA_47864,ptg000030l,2092042,2092662,+,621
lncRNA_47892,ptg000030l,2286139,2286964,+,826
lncRNA_47904,ptg000030l,2399120,2400074,+,955
lncRNA_47938,ptg000030l,2757695,2758374,+,680
lncRNA_47988,ptg000030l,3211641,3214280,+,2640
lncRNA_47998,ptg000031l,18872,19194,+,323
lncRNA_47999,ptg000031l,108200,134679,+,26480
lncRNA_48000,ptg000031l,108854,134957,+,26104
lncRNA_48001,ptg000031l,125962,133896,+,7935
lncRNA_48002,ptg000031l,142646,150101,+,7456
lncRNA_48003,ptg000031l,142326,159397,+,17072
lncRNA_48004,ptg000031l,142349,159397,+,17049
lncRNA_48005,ptg000031l,149640,159397,+,9758
lncRNA_48007,ptg000031l,394348,395380,+,1033
lncRNA_48026,ptg000031l,795342,798210,+,2869
lncRNA_48028,ptg000031l,798642,819751,+,21110
lncRNA_48029,ptg000031l,798883,819751,+,20869
lncRNA_48031,ptg000031l,796033,815612,+,19580
lncRNA_48033,ptg000031l,827221,841088,+,13868
lncRNA_48034,ptg000031l,827513,844131,+,16619
lncRNA_48042,ptg000031l,893771,894121,+,351
lncRNA_48043,ptg000031l,959200,960145,+,946
lncRNA_48044,ptg000031l,965641,972183,+,6543
lncRNA_48045,ptg000031l,966091,970494,+,4404
lncRNA_48046,ptg000031l,966183,970494,+,4312
lncRNA_48047,ptg000031l,967775,968576,+,802
lncRNA_48048,ptg000031l,995145,996966,+,1822
lncRNA_48049,ptg000031l,998133,1002567,+,4435
lncRNA_48051,ptg000031l,1309135,1310284,+,1150
lncRNA_48053,ptg000031l,1495972,1497890,+,1919
lncRNA_48054,ptg000031l,1514827,1516894,+,2068
lncRNA_48056,ptg000031l,1577088,1579533,+,2446
lncRNA_48057,ptg000031l,1577148,1579533,+,2386
lncRNA_48058,ptg000031l,1577799,1579533,+,1735
lncRNA_48062,ptg000031l,1658235,1660283,+,2049
lncRNA_48067,ptg000031l,1910267,1912037,+,1771
lncRNA_48068,ptg000031l,1912080,1913599,+,1520
lncRNA_48070,ptg000031l,2007174,2014927,+,7754
lncRNA_48071,ptg000031l,2135919,2143662,+,7744
lncRNA_48072,ptg000031l,2136021,2143662,+,7642
lncRNA_48073,ptg000031l,2138403,2140150,+,1748
lncRNA_48074,ptg000031l,2102713,2110332,+,7620
lncRNA_48075,ptg000031l,2153421,2161714,+,8294
lncRNA_48076,ptg000031l,2168094,2169191,+,1098
lncRNA_48077,ptg000031l,2274565,2277170,+,2606
lncRNA_48078,ptg000031l,2326072,2329177,+,3106
lncRNA_48080,ptg000031l,2447600,2450562,+,2963
lncRNA_48081,ptg000031l,2447946,2450562,+,2617
lncRNA_48082,ptg000031l,2533040,2534907,+,1868
lncRNA_48084,ptg000031l,2650618,2652651,+,2034
lncRNA_48085,ptg000031l,2650619,2652651,+,2033
lncRNA_48086,ptg000031l,3078061,3078854,+,794
lncRNA_48088,ptg000031l,3159435,3161260,+,1826
lncRNA_48089,ptg000031l,3159444,3161260,+,1817
lncRNA_48091,ptg000031l,3194407,3197320,+,2914
lncRNA_48092,ptg000031l,3209791,3214274,+,4484
lncRNA_48093,ptg000031l,3240812,3248773,+,7962
lncRNA_48095,ptg000031l,3328273,3332308,+,4036
lncRNA_48096,ptg000031l,3329303,3332308,+,3006
lncRNA_48097,ptg000031l,3362287,3363579,+,1293
lncRNA_48098,ptg000031l,3440748,3441413,+,666
lncRNA_48099,ptg000031l,3499981,3500306,+,326
lncRNA_48102,ptg000031l,3550921,3551695,+,775
lncRNA_48105,ptg000031l,3582827,3585498,+,2672
lncRNA_48106,ptg000031l,3629545,3632329,+,2785
lncRNA_48107,ptg000031l,3656689,3693002,+,36314
lncRNA_48116,ptg000031l,3674270,3685300,+,11031
lncRNA_48119,ptg000031l,3838999,3840205,+,1207
lncRNA_48120,ptg000031l,3846698,3847082,+,385
lncRNA_48121,ptg000031l,3885059,3885894,+,836
lncRNA_48122,ptg000031l,3889028,3890986,+,1959
lncRNA_48123,ptg000031l,3894340,3895443,+,1104
lncRNA_48124,ptg000031l,4088630,4089733,+,1104
lncRNA_48125,ptg000031l,4098006,4102187,+,4182
lncRNA_48126,ptg000031l,4106113,4108672,+,2560
lncRNA_48127,ptg000031l,4107261,4108672,+,1412
lncRNA_48128,ptg000031l,4218424,4237281,+,18858
lncRNA_48129,ptg000031l,4285037,4287462,+,2426
lncRNA_48130,ptg000031l,4285167,4287462,+,2296
lncRNA_48132,ptg000031l,4312387,4316457,+,4071
lncRNA_48133,ptg000031l,4327441,4327854,+,414
lncRNA_48137,ptg000031l,4549152,4552081,+,2930
lncRNA_48139,ptg000031l,4563807,4566224,+,2418
lncRNA_48140,ptg000031l,4618913,4620947,+,2035
lncRNA_48141,ptg000031l,4646627,4666966,+,20340
lncRNA_48142,ptg000031l,4661995,4666966,+,4972
lncRNA_48143,ptg000031l,4656211,4659490,+,3280
lncRNA_48144,ptg000031l,4656253,4659490,+,3238
lncRNA_48147,ptg000031l,4750977,4756741,+,5765
lncRNA_48149,ptg000031l,4768502,4771043,+,2542
lncRNA_48150,ptg000031l,4809625,4812440,+,2816
lncRNA_48151,ptg000031l,5120010,5123867,+,3858
lncRNA_48157,ptg000031l,5411798,5412941,+,1144
lncRNA_48158,ptg000031l,5413674,5417316,+,3643
lncRNA_48160,ptg000031l,5462907,5465204,+,2298
lncRNA_48162,ptg000031l,5622186,5622672,+,487
lncRNA_48164,ptg000031l,5952309,5957924,+,5616
lncRNA_48171,ptg000031l,6182803,6184297,+,1495
lncRNA_48172,ptg000031l,6185540,6208048,+,22509
lncRNA_48173,ptg000031l,6186231,6208048,+,21818
lncRNA_48177,ptg000031l,6291078,6292133,+,1056
lncRNA_48178,ptg000031l,6304915,6306506,+,1592
lncRNA_48183,ptg000031l,6486902,6508661,+,21760
lncRNA_48185,ptg000031l,6487110,6508783,+,21674
lncRNA_48192,ptg000031l,6954562,6966756,+,12195
lncRNA_48195,ptg000031l,6893942,6896030,+,2089
lncRNA_48196,ptg000031l,6894314,6896030,+,1717
lncRNA_48198,ptg000031l,7141715,7143022,+,1308
lncRNA_48199,ptg000031l,7246202,7247445,+,1244
lncRNA_48200,ptg000031l,7251331,7257250,+,5920
lncRNA_48203,ptg000031l,7499670,7500741,+,1072
lncRNA_48205,ptg000031l,7555975,7586935,+,30961
lncRNA_48211,ptg000031l,7774978,7777718,+,2741
lncRNA_48212,ptg000031l,7775042,7777718,+,2677
lncRNA_48213,ptg000031l,7832911,7854946,+,22036
lncRNA_48216,ptg000031l,7972624,7974908,+,2285
lncRNA_48218,ptg000031l,7988407,7989743,+,1337
lncRNA_48219,ptg000031l,8015249,8017362,+,2114
lncRNA_48221,ptg000031l,8165933,8167552,+,1620
lncRNA_48223,ptg000031l,8235789,8237683,+,1895
lncRNA_48224,ptg000031l,8299734,8302253,+,2520
lncRNA_48225,ptg000031l,8304967,8306359,+,1393
lncRNA_48226,ptg000031l,8330354,8332701,+,2348
lncRNA_48229,ptg000031l,8335858,8338687,+,2830
lncRNA_48233,ptg000031l,8404624,8406273,+,1650
lncRNA_48266,ptg000031l,8866634,8869616,+,2983
lncRNA_48268,ptg000031l,9018071,9022120,+,4050
lncRNA_48271,ptg000031l,9237962,9241376,+,3415
lncRNA_48272,ptg000031l,9241377,9243446,+,2070
lncRNA_48273,ptg000031l,9324768,9326145,+,1378
lncRNA_48276,ptg000031l,9429987,9452572,+,22586
lncRNA_48280,ptg000031l,9643099,9645315,+,2217
lncRNA_48289,ptg000031l,9753111,9779448,+,26338
lncRNA_48297,ptg000031l,10020254,10022302,+,2049
lncRNA_48298,ptg000031l,10027078,10029066,+,1989
lncRNA_48299,ptg000031l,10027081,10029066,+,1986
lncRNA_48302,ptg000031l,10208130,10212117,+,3988
lncRNA_48316,ptg000031l,10944298,10949615,+,5318
lncRNA_48318,ptg000031l,11032280,11045925,+,13646
lncRNA_48320,ptg000031l,11032301,11045925,+,13625
lncRNA_48321,ptg000031l,11032317,11045925,+,13609
lncRNA_48322,ptg000031l,11032348,11043677,+,11330
lncRNA_48329,ptg000031l,11487753,11488998,+,1246
lncRNA_48332,ptg000031l,11650934,11653231,+,2298
lncRNA_48333,ptg000031l,11651648,11653231,+,1584
lncRNA_48334,ptg000031l,11664703,11665734,+,1032
lncRNA_48337,ptg000031l,11784881,11786762,+,1882
lncRNA_48338,ptg000031l,11941939,11943471,+,1533
lncRNA_48339,ptg000031l,11944474,11947613,+,3140
lncRNA_48340,ptg000031l,11946398,11947613,+,1216
lncRNA_48341,ptg000031l,11949217,11950352,+,1136
lncRNA_48342,ptg000031l,11967340,11969327,+,1988
lncRNA_48343,ptg000031l,11970454,11971034,+,581
lncRNA_48345,ptg000031l,12179962,12182251,+,2290
lncRNA_48347,ptg000031l,12261085,12267509,+,6425
lncRNA_48348,ptg000031l,12270739,12274834,+,4096
lncRNA_48350,ptg000031l,12303531,12306327,+,2797
lncRNA_48351,ptg000031l,12304595,12306327,+,1733
lncRNA_48352,ptg000031l,12304673,12305889,+,1217
lncRNA_48354,ptg000031l,12311015,12316580,+,5566
lncRNA_48355,ptg000031l,12311282,12316580,+,5299
lncRNA_48356,ptg000031l,12320634,12321918,+,1285
lncRNA_48358,ptg000031l,12420514,12431365,+,10852
lncRNA_48365,ptg000031l,12846641,12849435,+,2795
lncRNA_48372,ptg000031l,13319215,13321437,+,2223
lncRNA_48373,ptg000031l,13572409,13573981,+,1573
lncRNA_48377,ptg000031l,13623829,13634760,+,10932
lncRNA_48383,ptg000031l,13973627,13980859,+,7233
lncRNA_48384,ptg000031l,13974091,13978816,+,4726
lncRNA_48385,ptg000031l,13974298,13978816,+,4519
lncRNA_48389,ptg000031l,14039853,14043157,+,3305
lncRNA_48415,ptg000031l,14177958,14195676,+,17719
lncRNA_48438,ptg000031l,14278545,14283647,+,5103
lncRNA_48455,ptg000031l,14662504,14739949,+,77446
lncRNA_48456,ptg000031l,14701507,14783007,+,81501
lncRNA_48490,ptg000031l,15069041,15079868,+,10828
lncRNA_48492,ptg000031l,15078073,15079868,+,1796
lncRNA_48494,ptg000031l,15084543,15101812,+,17270
lncRNA_48498,ptg000031l,15115095,15199588,+,84494
lncRNA_48519,ptg000031l,15447182,15615695,+,168514
lncRNA_48534,ptg000031l,15619183,15639172,+,19990
lncRNA_48536,ptg000031l,15633739,15659749,+,26011
lncRNA_48540,ptg000031l,15651436,15690962,+,39527
lncRNA_48555,ptg000031l,15809147,15826891,+,17745
lncRNA_48561,ptg000031l,69744,70879,+,1136
lncRNA_48562,ptg000031l,104760,105879,+,1120
lncRNA_48563,ptg000031l,126089,134520,+,8432
lncRNA_48564,ptg000031l,142910,151895,+,8986
lncRNA_48567,ptg000031l,370808,373980,+,3173
lncRNA_48568,ptg000031l,370867,373980,+,3114
lncRNA_48571,ptg000031l,494137,497306,+,3170
lncRNA_48572,ptg000031l,494234,513874,+,19641
lncRNA_48573,ptg000031l,591008,594701,+,3694
lncRNA_48579,ptg000031l,712502,713216,+,715
lncRNA_48580,ptg000031l,713995,719313,+,5319
lncRNA_48581,ptg000031l,749860,753637,+,3778
lncRNA_48582,ptg000031l,750581,753637,+,3057
lncRNA_48583,ptg000031l,750691,753637,+,2947
lncRNA_48584,ptg000031l,802533,805978,+,3446
lncRNA_48591,ptg000031l,827221,834379,+,7159
lncRNA_48595,ptg000031l,836329,852250,+,15922
lncRNA_48602,ptg000031l,838696,847416,+,8721
lncRNA_48606,ptg000031l,844782,852250,+,7469
lncRNA_48609,ptg000031l,965354,965920,+,567
lncRNA_48611,ptg000031l,997759,1001155,+,3397
lncRNA_48613,ptg000031l,1061957,1062878,+,922
lncRNA_48614,ptg000031l,1227824,1228209,+,386
lncRNA_48615,ptg000031l,1242671,1259441,+,16771
lncRNA_48616,ptg000031l,1249694,1254430,+,4737
lncRNA_48617,ptg000031l,1251346,1259441,+,8096
lncRNA_48620,ptg000031l,1304296,1305065,+,770
lncRNA_48624,ptg000031l,1341216,1342318,+,1103
lncRNA_48625,ptg000031l,1450166,1451761,+,1596
lncRNA_48630,ptg000031l,1731557,1736634,+,5078
lncRNA_48631,ptg000031l,1731602,1736634,+,5033
lncRNA_48632,ptg000031l,1723107,1724607,+,1501
lncRNA_48633,ptg000031l,1781342,1788597,+,7256
lncRNA_48634,ptg000031l,1910643,1916893,+,6251
lncRNA_48635,ptg000031l,1912075,1913454,+,1380
lncRNA_48637,ptg000031l,1915497,1916893,+,1397
lncRNA_48638,ptg000031l,2058545,2059050,+,506
lncRNA_48639,ptg000031l,2080080,2085800,+,5721
lncRNA_48640,ptg000031l,2080222,2083000,+,2779
lncRNA_48641,ptg000031l,2097607,2102556,+,4950
lncRNA_48642,ptg000031l,2097650,2102556,+,4907
lncRNA_48643,ptg000031l,2097665,2102556,+,4892
lncRNA_48645,ptg000031l,2097669,2102556,+,4888
lncRNA_48646,ptg000031l,2097673,2101195,+,3523
lncRNA_48647,ptg000031l,2097741,2102556,+,4816
lncRNA_48648,ptg000031l,2097752,2100360,+,2609
lncRNA_48651,ptg000031l,2119596,2121079,+,1484
lncRNA_48653,ptg000031l,2146935,2149154,+,2220
lncRNA_48654,ptg000031l,2167222,2172665,+,5444
lncRNA_48655,ptg000031l,2168730,2172665,+,3936
lncRNA_48658,ptg000031l,2206067,2206473,+,407
lncRNA_48659,ptg000031l,2230615,2238687,+,8073
lncRNA_48662,ptg000031l,2335801,2342695,+,6895
lncRNA_48663,ptg000031l,2370677,2372722,+,2046
lncRNA_48664,ptg000031l,2431584,2439214,+,7631
lncRNA_48665,ptg000031l,2445771,2453635,+,7865
lncRNA_48666,ptg000031l,2519437,2526074,+,6638
lncRNA_48667,ptg000031l,2637398,2638627,+,1230
lncRNA_48670,ptg000031l,2993766,2994227,+,462
lncRNA_48671,ptg000031l,3010481,3036721,+,26241
lncRNA_48672,ptg000031l,3027955,3040632,+,12678
lncRNA_48674,ptg000031l,3178898,3184250,+,5353
lncRNA_48676,ptg000031l,3195654,3221652,+,25999
lncRNA_48677,ptg000031l,3196982,3215275,+,18294
lncRNA_48678,ptg000031l,3225230,3236667,+,11438
lncRNA_48679,ptg000031l,3226190,3250749,+,24560
lncRNA_48680,ptg000031l,3227568,3236131,+,8564
lncRNA_48681,ptg000031l,3228464,3240573,+,12110
lncRNA_48682,ptg000031l,3228464,3246711,+,18248
lncRNA_48683,ptg000031l,3228464,3247244,+,18781
lncRNA_48684,ptg000031l,3238258,3250749,+,12492
lncRNA_48685,ptg000031l,3238259,3250749,+,12491
lncRNA_48686,ptg000031l,3239001,3246056,+,7056
lncRNA_48687,ptg000031l,3329303,3333260,+,3958
lncRNA_48691,ptg000031l,3449571,3495556,+,45986
lncRNA_48692,ptg000031l,3449595,3495556,+,45962
lncRNA_48693,ptg000031l,3451106,3465990,+,14885
lncRNA_48694,ptg000031l,3451109,3465990,+,14882
lncRNA_48695,ptg000031l,3486738,3489850,+,3113
lncRNA_48696,ptg000031l,3554347,3560085,+,5739
lncRNA_48697,ptg000031l,3580657,3586941,+,6285
lncRNA_48698,ptg000031l,3581054,3586941,+,5888
lncRNA_48700,ptg000031l,3767926,3768622,+,697
lncRNA_48701,ptg000031l,3924191,3926690,+,2500
lncRNA_48702,ptg000031l,3989629,3990407,+,779
lncRNA_48704,ptg000031l,4122555,4125822,+,3268
lncRNA_48706,ptg000031l,4236706,4237601,+,896
lncRNA_48707,ptg000031l,4252475,4259658,+,7184
lncRNA_48709,ptg000031l,4395622,4405486,+,9865
lncRNA_48710,ptg000031l,4399197,4405557,+,6361
lncRNA_48713,ptg000031l,4583871,4586386,+,2516
lncRNA_48715,ptg000031l,4648901,4652864,+,3964
lncRNA_48716,ptg000031l,4650831,4652864,+,2034
lncRNA_48721,ptg000031l,4656255,4659490,+,3236
lncRNA_48722,ptg000031l,4715146,4720614,+,5469
lncRNA_48723,ptg000031l,4715400,4726834,+,11435
lncRNA_48728,ptg000031l,4756714,4760333,+,3620
lncRNA_48729,ptg000031l,4827527,4829174,+,1648
lncRNA_48730,ptg000031l,4837951,4839042,+,1092
lncRNA_48731,ptg000031l,4839223,4841275,+,2053
lncRNA_48732,ptg000031l,4866178,4867056,+,879
lncRNA_48733,ptg000031l,4866364,4867056,+,693
lncRNA_48734,ptg000031l,4944643,4948393,+,3751
lncRNA_48735,ptg000031l,5054667,5055174,+,508
lncRNA_48736,ptg000031l,5056225,5060968,+,4744
lncRNA_48737,ptg000031l,5056302,5062233,+,5932
lncRNA_48738,ptg000031l,5056313,5062233,+,5921
lncRNA_48739,ptg000031l,5140847,5145718,+,4872
lncRNA_48740,ptg000031l,5142325,5145718,+,3394
lncRNA_48741,ptg000031l,5158853,5168119,+,9267
lncRNA_48742,ptg000031l,5159856,5168119,+,8264
lncRNA_48747,ptg000031l,5452403,5453877,+,1475
lncRNA_48748,ptg000031l,5459681,5462636,+,2956
lncRNA_48750,ptg000031l,5536993,5539743,+,2751
lncRNA_48751,ptg000031l,5537110,5539743,+,2634
lncRNA_48752,ptg000031l,5541068,5542896,+,1829
lncRNA_48753,ptg000031l,5607080,5610746,+,3667
lncRNA_48754,ptg000031l,5628511,5633856,+,5346
lncRNA_48755,ptg000031l,5628612,5632858,+,4247
lncRNA_48756,ptg000031l,5629347,5633856,+,4510
lncRNA_48762,ptg000031l,5885419,5893257,+,7839
lncRNA_48763,ptg000031l,5937501,5938753,+,1253
lncRNA_48764,ptg000031l,6010430,6022269,+,11840
lncRNA_48766,ptg000031l,6127093,6128356,+,1264
lncRNA_48767,ptg000031l,6127266,6128356,+,1091
lncRNA_48768,ptg000031l,6127276,6128356,+,1081
lncRNA_48769,ptg000031l,6127286,6128356,+,1071
lncRNA_48775,ptg000031l,6355945,6356737,+,793
lncRNA_48776,ptg000031l,6356001,6356737,+,737
lncRNA_48777,ptg000031l,6431513,6453513,+,22001
lncRNA_48781,ptg000031l,6675842,6678030,+,2189
lncRNA_48784,ptg000031l,6701749,6707164,+,5416
lncRNA_48790,ptg000031l,6888348,6889504,+,1157
lncRNA_48791,ptg000031l,6894311,6897801,+,3491
lncRNA_48793,ptg000031l,7008713,7010121,+,1409
lncRNA_48794,ptg000031l,7008741,7010121,+,1381
lncRNA_48795,ptg000031l,7037862,7053333,+,15472
lncRNA_48796,ptg000031l,7037863,7053333,+,15471
lncRNA_48800,ptg000031l,7307581,7309139,+,1559
lncRNA_48809,ptg000031l,7952791,7954167,+,1377
lncRNA_48812,ptg000031l,8020120,8029785,+,9666
lncRNA_48813,ptg000031l,8028141,8029785,+,1645
lncRNA_48815,ptg000031l,8161980,8165746,+,3767
lncRNA_48816,ptg000031l,8182480,8198830,+,16351
lncRNA_48817,ptg000031l,8184258,8194600,+,10343
lncRNA_48818,ptg000031l,8201167,8202277,+,1111
lncRNA_48819,ptg000031l,8173842,8175229,+,1388
lncRNA_48820,ptg000031l,8289733,8297454,+,7722
lncRNA_48821,ptg000031l,8295713,8297808,+,2096
lncRNA_48822,ptg000031l,8299460,8308061,+,8602
lncRNA_48823,ptg000031l,8301469,8305367,+,3899
lncRNA_48824,ptg000031l,8301765,8305367,+,3603
lncRNA_48825,ptg000031l,8302208,8305367,+,3160
lncRNA_48826,ptg000031l,8302431,8305367,+,2937
lncRNA_48827,ptg000031l,8308460,8310822,+,2363
lncRNA_48828,ptg000031l,8308804,8310822,+,2019
lncRNA_48830,ptg000031l,8365920,8373688,+,7769
lncRNA_48831,ptg000031l,8365980,8376640,+,10661
lncRNA_48832,ptg000031l,8366000,8376640,+,10641
lncRNA_48833,ptg000031l,8366011,8376640,+,10630
lncRNA_48834,ptg000031l,8377381,8388157,+,10777
lncRNA_48835,ptg000031l,8377556,8388339,+,10784
lncRNA_48836,ptg000031l,8383979,8392591,+,8613
lncRNA_48837,ptg000031l,8492243,8492727,+,485
lncRNA_48838,ptg000031l,8497751,8503805,+,6055
lncRNA_48839,ptg000031l,8530965,8560291,+,29327
lncRNA_48840,ptg000031l,8544802,8545976,+,1175
lncRNA_48841,ptg000031l,8544889,8545976,+,1088
lncRNA_48843,ptg000031l,8599939,8607905,+,7967
lncRNA_48846,ptg000031l,8600413,8607905,+,7493
lncRNA_48864,ptg000031l,9252292,9254825,+,2534
lncRNA_48876,ptg000031l,9961896,9966170,+,4275
lncRNA_48878,ptg000031l,9967958,9979497,+,11540
lncRNA_48890,ptg000031l,10320789,10322649,+,1861
lncRNA_48891,ptg000031l,10321247,10322649,+,1403
lncRNA_48900,ptg000031l,11592824,11596440,+,3617
lncRNA_48901,ptg000031l,11593028,11596440,+,3413
lncRNA_48902,ptg000031l,11594016,11595414,+,1399
lncRNA_48903,ptg000031l,11602161,11615754,+,13594
lncRNA_48904,ptg000031l,11602162,11624190,+,22029
lncRNA_48905,ptg000031l,11832845,11833767,+,923
lncRNA_48908,ptg000031l,12003327,12004855,+,1529
lncRNA_48909,ptg000031l,12053325,12064717,+,11393
lncRNA_48914,ptg000031l,12242563,12247470,+,4908
lncRNA_48916,ptg000031l,12242966,12247470,+,4505
lncRNA_48917,ptg000031l,12243248,12247470,+,4223
lncRNA_48918,ptg000031l,12243962,12245200,+,1239
lncRNA_48921,ptg000031l,12304237,12306327,+,2091
lncRNA_48922,ptg000031l,12347959,12354951,+,6993
lncRNA_48924,ptg000031l,12348506,12354951,+,6446
lncRNA_48925,ptg000031l,12350321,12354951,+,4631
lncRNA_48926,ptg000031l,12350651,12354951,+,4301
lncRNA_48927,ptg000031l,12350679,12354951,+,4273
lncRNA_48928,ptg000031l,12350965,12354951,+,3987
lncRNA_48929,ptg000031l,12353124,12354951,+,1828
lncRNA_48940,ptg000031l,12418383,12420135,+,1753
lncRNA_48941,ptg000031l,12492760,12494922,+,2163
lncRNA_48943,ptg000031l,12648654,12649487,+,834
lncRNA_48945,ptg000031l,13107088,13107572,+,485
lncRNA_48954,ptg000031l,13344452,13349443,+,4992
lncRNA_48955,ptg000031l,13344589,13348293,+,3705
lncRNA_48956,ptg000031l,13344878,13348892,+,4015
lncRNA_48958,ptg000031l,13626009,13629801,+,3793
lncRNA_48959,ptg000031l,13663568,13665957,+,2390
lncRNA_48961,ptg000031l,13784048,13784682,+,635
lncRNA_48971,ptg000031l,13973627,13982502,+,8876
lncRNA_48972,ptg000031l,13980286,13981378,+,1093
lncRNA_48973,ptg000031l,14088940,14108452,+,19513
lncRNA_48999,ptg000031l,14218904,14230825,+,11922
lncRNA_49002,ptg000031l,14219354,14230825,+,11472
lncRNA_49003,ptg000031l,14219357,14222031,+,2675
lncRNA_49004,ptg000031l,14219375,14230825,+,11451
lncRNA_49006,ptg000031l,14219442,14230825,+,11384
lncRNA_49008,ptg000031l,14223839,14230012,+,6174
lncRNA_49014,ptg000031l,14224153,14230825,+,6673
lncRNA_49018,ptg000031l,14259307,14386748,+,127442
lncRNA_49020,ptg000031l,14307391,14384795,+,77405
lncRNA_49032,ptg000031l,14386232,14450904,+,64673
lncRNA_49064,ptg000031l,14544961,14604959,+,59999
lncRNA_49078,ptg000031l,14565254,14597661,+,32408
lncRNA_49079,ptg000031l,14577148,14620482,+,43335
lncRNA_49102,ptg000031l,14545474,14587678,+,42205
lncRNA_49104,ptg000031l,14547048,14587678,+,40631
lncRNA_49117,ptg000031l,14636427,14660782,+,24356
lncRNA_49118,ptg000031l,14639263,14658170,+,18908
lncRNA_49131,ptg000031l,14723218,14796911,+,73694
lncRNA_49133,ptg000031l,14787058,14812670,+,25613
lncRNA_49143,ptg000031l,14759402,14830530,+,71129
lncRNA_49147,ptg000031l,14780484,14840296,+,59813
lncRNA_49149,ptg000031l,14763876,14809482,+,45607
lncRNA_49152,ptg000031l,14811872,14847190,+,35319
lncRNA_49157,ptg000031l,14848205,14861341,+,13137
lncRNA_49164,ptg000031l,14868971,14919704,+,50734
lncRNA_49167,ptg000031l,14872002,14921143,+,49142
lncRNA_49182,ptg000031l,14969483,15018356,+,48874
lncRNA_49193,ptg000031l,15013111,15031989,+,18879
lncRNA_49195,ptg000031l,15021581,15045675,+,24095
lncRNA_49199,ptg000031l,15081890,15084344,+,2455
lncRNA_49200,ptg000031l,15082715,15089169,+,6455
lncRNA_49201,ptg000031l,15084463,15220148,+,135686
lncRNA_49212,ptg000031l,15099078,15106271,+,7194
lncRNA_49222,ptg000031l,15072016,15076158,+,4143
lncRNA_49225,ptg000031l,15106727,15119416,+,12690
lncRNA_49229,ptg000031l,15118393,15194036,+,75644
lncRNA_49238,ptg000031l,15201328,15270548,+,69221
lncRNA_49244,ptg000031l,15204847,15254509,+,49663
lncRNA_49254,ptg000031l,15327968,15359546,+,31579
lncRNA_49321,ptg000031l,15574227,15710015,+,135789
lncRNA_49346,ptg000031l,15684941,15739296,+,54356
lncRNA_49349,ptg000031l,15711352,15739296,+,27945
lncRNA_49360,ptg000031l,15746107,15754552,+,8446
lncRNA_49383,ptg000031l,94115,95189,+,1075
lncRNA_49384,ptg000031l,97834,100512,+,2679
lncRNA_49390,ptg000031l,333569,334060,+,492
lncRNA_49393,ptg000031l,538154,541658,+,3505
lncRNA_49402,ptg000031l,1032166,1032831,+,666
lncRNA_49415,ptg000031l,1482872,1484871,+,2000
lncRNA_49438,ptg000031l,1719715,1720608,+,894
lncRNA_49475,ptg000031l,2824705,2827447,+,2743
lncRNA_49517,ptg000031l,4834545,4837362,+,2818
lncRNA_49521,ptg000031l,4913570,4916268,+,2699
lncRNA_49528,ptg000031l,4979163,4979993,+,831
lncRNA_49529,ptg000031l,4996688,4997884,+,1197
lncRNA_49531,ptg000031l,5017087,5018709,+,1623
lncRNA_49543,ptg000031l,5191803,5192931,+,1129
lncRNA_49545,ptg000031l,5206554,5207426,+,873
lncRNA_49556,ptg000031l,5309590,5310690,+,1101
lncRNA_49560,ptg000031l,5334921,5336111,+,1191
lncRNA_49565,ptg000031l,5408443,5410236,+,1794
lncRNA_49592,ptg000031l,6667894,6668273,+,380
lncRNA_49593,ptg000031l,6673249,6674413,+,1165
lncRNA_49596,ptg000031l,7010528,7011704,+,1177
lncRNA_49633,ptg000031l,7659196,7660989,+,1794
lncRNA_49659,ptg000031l,8323419,8323856,+,438
lncRNA_49661,ptg000031l,8360582,8361420,+,839
lncRNA_49672,ptg000031l,8494079,8495219,+,1141
lncRNA_49706,ptg000031l,8920056,8920801,+,746
lncRNA_49709,ptg000031l,9064336,9065351,+,1016
lncRNA_49710,ptg000031l,9075426,9076392,+,967
lncRNA_49713,ptg000031l,9190647,9191995,+,1349
lncRNA_49725,ptg000031l,9657592,9657874,+,283
lncRNA_49726,ptg000031l,9717056,9717377,+,322
lncRNA_49817,ptg000031l,11009445,11011512,+,2068
lncRNA_49838,ptg000031l,11262393,11262992,+,600
lncRNA_49869,ptg000031l,11468150,11469284,+,1135
lncRNA_49904,ptg000031l,12070776,12073123,+,2348
lncRNA_49915,ptg000031l,12230092,12230722,+,631
lncRNA_49917,ptg000031l,12282626,12286162,+,3537
lncRNA_49932,ptg000031l,12444608,12445488,+,881
lncRNA_49940,ptg000031l,12486054,12487925,+,1872
lncRNA_49948,ptg000031l,12668990,12669855,+,866
lncRNA_49952,ptg000031l,12684316,12685284,+,969
lncRNA_49956,ptg000031l,12707244,12708312,+,1069
lncRNA_49962,ptg000031l,12733614,12735854,+,2241
lncRNA_49969,ptg000031l,12816270,12816843,+,574
lncRNA_49984,ptg000031l,12951185,12952204,+,1020
lncRNA_50007,ptg000031l,13199104,13200812,+,1709
lncRNA_50009,ptg000031l,13212201,13212830,+,630
lncRNA_50014,ptg000031l,13242912,13243664,+,753
lncRNA_50017,ptg000031l,13258355,13259060,+,706
lncRNA_50019,ptg000031l,13265918,13267739,+,1822
lncRNA_50053,ptg000031l,13687299,13688106,+,808
lncRNA_50064,ptg000031l,13745689,13746218,+,530
lncRNA_50082,ptg000031l,13952018,13953775,+,1758
lncRNA_50085,ptg000031l,13968285,13969021,+,737
lncRNA_50161,ptg000033l,495559,497837,+,2279
lncRNA_50162,ptg000033l,495624,497837,+,2214
lncRNA_50163,ptg000033l,521458,523979,+,2522
lncRNA_50168,ptg000033l,738546,760724,+,22179
lncRNA_50170,ptg000033l,935883,937191,+,1309
lncRNA_50177,ptg000033l,1086787,1087488,+,702
lncRNA_50184,ptg000033l,1329029,1354833,+,25805
lncRNA_50185,ptg000033l,1350053,1373740,+,23688
lncRNA_50234,ptg000033l,1593900,1600978,+,7079
lncRNA_50263,ptg000033l,1919076,2005432,+,86357
lncRNA_50276,ptg000033l,2028144,2054573,+,26430
lncRNA_50286,ptg000033l,2110879,2119417,+,8539
lncRNA_50304,ptg000033l,2255603,2391687,+,136085
lncRNA_50309,ptg000033l,2267593,2323225,+,55633
lncRNA_50310,ptg000033l,2279296,2323225,+,43930
lncRNA_50328,ptg000033l,215952,217205,+,1254
lncRNA_50329,ptg000033l,215956,217205,+,1250
lncRNA_50330,ptg000033l,215966,217205,+,1240
lncRNA_50333,ptg000033l,482561,484740,+,2180
lncRNA_50334,ptg000033l,482748,484740,+,1993
lncRNA_50339,ptg000033l,620945,622532,+,1588
lncRNA_50343,ptg000033l,936676,938066,+,1391
lncRNA_50349,ptg000033l,1098155,1103070,+,4916
lncRNA_50350,ptg000033l,1155330,1157325,+,1996
lncRNA_50351,ptg000033l,1204577,1215391,+,10815
lncRNA_50352,ptg000033l,1205292,1215391,+,10100
lncRNA_50353,ptg000033l,1205312,1215391,+,10080
lncRNA_50354,ptg000033l,1219955,1220628,+,674
lncRNA_50355,ptg000033l,1242032,1246492,+,4461
lncRNA_50356,ptg000033l,1243353,1246492,+,3140
lncRNA_50357,ptg000033l,1243407,1245397,+,1991
lncRNA_50402,ptg000033l,435971,437131,+,1161
lncRNA_50414,ptg000033l,690344,691878,+,1535
lncRNA_50420,ptg000033l,772866,773708,+,843
lncRNA_50425,ptg000033l,800176,801318,+,1143
lncRNA_50442,ptg000033l,1216902,1218722,+,1821
lncRNA_50583,ptg000034l,17638,25059,+,7422
lncRNA_50588,ptg000034l,349855,351587,+,1733
lncRNA_50591,ptg000034l,419512,420525,+,1014
lncRNA_50600,ptg000034l,1033499,1036739,+,3241
lncRNA_50659,ptg000034l,2699713,2702096,+,2384
lncRNA_50667,ptg000034l,2913292,2916379,+,3088
lncRNA_50668,ptg000034l,2954030,2957997,+,3968
lncRNA_50669,ptg000034l,2954062,2957997,+,3936
lncRNA_50671,ptg000034l,2960375,2961423,+,1049
lncRNA_50673,ptg000034l,3052975,3054885,+,1911
lncRNA_50674,ptg000034l,3053067,3054385,+,1319
lncRNA_50675,ptg000034l,3053070,3054885,+,1816
lncRNA_50677,ptg000034l,3099858,3110864,+,11007
lncRNA_50678,ptg000034l,3191154,3199942,+,8789
lncRNA_50679,ptg000034l,3176587,3178637,+,2051
lncRNA_50680,ptg000034l,3179206,3181255,+,2050
lncRNA_50681,ptg000034l,3183789,3186909,+,3121
lncRNA_50682,ptg000034l,3188537,3190944,+,2408
lncRNA_50683,ptg000034l,3188652,3198786,+,10135
lncRNA_50684,ptg000034l,3189136,3198786,+,9651
lncRNA_50686,ptg000034l,3310573,3312263,+,1691
lncRNA_50689,ptg000034l,349963,351587,+,1625
lncRNA_50697,ptg000034l,613867,622923,+,9057
lncRNA_50710,ptg000034l,1012249,1016919,+,4671
lncRNA_50751,ptg000034l,1242147,1301148,+,59002
lncRNA_50767,ptg000034l,1327980,1775444,+,447465
lncRNA_50768,ptg000034l,1483078,1775444,+,292367
lncRNA_50769,ptg000034l,1485254,1795807,+,310554
lncRNA_50770,ptg000034l,1522058,1775444,+,253387
lncRNA_50801,ptg000034l,1385992,1435065,+,49074
lncRNA_50814,ptg000034l,1413322,1516272,+,102951
lncRNA_50864,ptg000034l,2954564,2960180,+,5617
lncRNA_50865,ptg000034l,2964406,2966010,+,1605
lncRNA_50868,ptg000034l,3003344,3006048,+,2705
lncRNA_50869,ptg000034l,3006049,3007388,+,1340
lncRNA_50870,ptg000034l,3010285,3011871,+,1587
lncRNA_50871,ptg000034l,3062172,3112493,+,50322
lncRNA_50872,ptg000034l,3062185,3111965,+,49781
lncRNA_50873,ptg000034l,3062192,3072765,+,10574
lncRNA_50874,ptg000034l,3062192,3101647,+,39456
lncRNA_50875,ptg000034l,3062192,3111965,+,49774
lncRNA_50876,ptg000034l,3062194,3111965,+,49772
lncRNA_50877,ptg000034l,3071172,3112217,+,41046
lncRNA_50878,ptg000034l,3188937,3201766,+,12830
lncRNA_50879,ptg000034l,3189103,3201781,+,12679
lncRNA_50880,ptg000034l,3190669,3201189,+,10521
lncRNA_50881,ptg000034l,3190700,3201189,+,10490
lncRNA_50882,ptg000034l,3190887,3201781,+,10895
lncRNA_50883,ptg000034l,3182813,3187954,+,5142
lncRNA_50884,ptg000034l,3238645,3245801,+,7157
lncRNA_50888,ptg000034l,3324143,3326941,+,2799
lncRNA_50909,ptg000034l,272689,274025,+,1337
lncRNA_50949,ptg000034l,850308,851321,+,1014
lncRNA_50970,ptg000034l,1021877,1022729,+,853
lncRNA_51050,ptg000035l,211474,214144,+,2671
lncRNA_51051,ptg000035l,211634,214144,+,2511
lncRNA_51052,ptg000035l,211655,214144,+,2490
lncRNA_51053,ptg000035l,263781,264495,+,715
lncRNA_51055,ptg000035l,458399,458960,+,562
lncRNA_51056,ptg000035l,596050,602193,+,6144
lncRNA_51057,ptg000035l,596071,602193,+,6123
lncRNA_51058,ptg000035l,596170,602193,+,6024
lncRNA_51060,ptg000035l,923501,943395,+,19895
lncRNA_51062,ptg000035l,1107052,1108198,+,1147
lncRNA_51063,ptg000035l,1109850,1113552,+,3703
lncRNA_51065,ptg000035l,1197653,1207544,+,9892
lncRNA_51066,ptg000035l,1197694,1200829,+,3136
lncRNA_51070,ptg000035l,1301517,1303796,+,2280
lncRNA_51071,ptg000035l,1307541,1312542,+,5002
lncRNA_51074,ptg000035l,1855081,1855838,+,758
lncRNA_51080,ptg000035l,2044230,2098561,+,54332
lncRNA_51097,ptg000035l,2561728,2563628,+,1901
lncRNA_51107,ptg000035l,2686875,2693713,+,6839
lncRNA_51111,ptg000035l,2847428,2847673,+,246
lncRNA_51113,ptg000035l,2982648,2984215,+,1568
lncRNA_51116,ptg000035l,3072806,3080991,+,8186
lncRNA_51118,ptg000035l,3140394,3141614,+,1221
lncRNA_51120,ptg000035l,3186727,3188287,+,1561
lncRNA_51124,ptg000035l,3432597,3444238,+,11642
lncRNA_51131,ptg000035l,3472060,3477418,+,5359
lncRNA_51132,ptg000035l,3490779,3500478,+,9700
lncRNA_51133,ptg000035l,3492392,3500478,+,8087
lncRNA_51135,ptg000035l,3525895,3530135,+,4241
lncRNA_51136,ptg000035l,3672464,3682522,+,10059
lncRNA_51137,ptg000035l,3677951,3682522,+,4572
lncRNA_51138,ptg000035l,3682980,3690247,+,7268
lncRNA_51139,ptg000035l,3683056,3690247,+,7192
lncRNA_51141,ptg000035l,4009794,4012113,+,2320
lncRNA_51142,ptg000035l,4019682,4027017,+,7336
lncRNA_51143,ptg000035l,4004778,4006825,+,2048
lncRNA_51144,ptg000035l,4015392,4018922,+,3531
lncRNA_51145,ptg000035l,4015658,4018922,+,3265
lncRNA_51146,ptg000035l,4146244,4151114,+,4871
lncRNA_51148,ptg000035l,4146289,4151114,+,4826
lncRNA_51149,ptg000035l,4146681,4151114,+,4434
lncRNA_51150,ptg000035l,4224375,4227996,+,3622
lncRNA_51151,ptg000035l,4288196,4292511,+,4316
lncRNA_51152,ptg000035l,4293040,4297638,+,4599
lncRNA_51153,ptg000035l,4293753,4297638,+,3886
lncRNA_51155,ptg000035l,4346113,4348165,+,2053
lncRNA_51158,ptg000035l,4453055,4458251,+,5197
lncRNA_51159,ptg000035l,4453533,4458251,+,4719
lncRNA_51160,ptg000035l,4475465,4476987,+,1523
lncRNA_51161,ptg000035l,4475473,4477383,+,1911
lncRNA_51162,ptg000035l,4475522,4477383,+,1862
lncRNA_51163,ptg000035l,4634689,4654178,+,19490
lncRNA_51169,ptg000035l,5112208,5112609,+,402
lncRNA_51170,ptg000035l,5188892,5192991,+,4100
lncRNA_51171,ptg000035l,5189719,5192991,+,3273
lncRNA_51172,ptg000035l,5189776,5192991,+,3216
lncRNA_51173,ptg000035l,5189777,5192991,+,3215
lncRNA_51174,ptg000035l,5189781,5192991,+,3211
lncRNA_51175,ptg000035l,5189785,5192991,+,3207
lncRNA_51177,ptg000035l,5189802,5192991,+,3190
lncRNA_51178,ptg000035l,5247751,5257555,+,9805
lncRNA_51180,ptg000035l,5247756,5257555,+,9800
lncRNA_51181,ptg000035l,5247762,5257555,+,9794
lncRNA_51182,ptg000035l,5247776,5257555,+,9780
lncRNA_51189,ptg000035l,5333617,5345486,+,11870
lncRNA_51190,ptg000035l,5335185,5349029,+,13845
lncRNA_51192,ptg000035l,5335561,5341491,+,5931
lncRNA_51193,ptg000035l,5335702,5349029,+,13328
lncRNA_51195,ptg000035l,5335715,5349029,+,13315
lncRNA_51197,ptg000035l,5335722,5345486,+,9765
lncRNA_51198,ptg000035l,5335737,5346538,+,10802
lncRNA_51199,ptg000035l,5335778,5349029,+,13252
lncRNA_51200,ptg000035l,5336066,5349029,+,12964
lncRNA_51201,ptg000035l,5336078,5345486,+,9409
lncRNA_51202,ptg000035l,5336184,5341491,+,5308
lncRNA_51203,ptg000035l,5336217,5345486,+,9270
lncRNA_51204,ptg000035l,5336217,5346538,+,10322
lncRNA_51205,ptg000035l,5336217,5349029,+,12813
lncRNA_51206,ptg000035l,5336226,5349715,+,13490
lncRNA_51207,ptg000035l,5336228,5345486,+,9259
lncRNA_51208,ptg000035l,5336232,5340599,+,4368
lncRNA_51209,ptg000035l,5336235,5349029,+,12795
lncRNA_51210,ptg000035l,5338776,5341491,+,2716
lncRNA_51211,ptg000035l,5338864,5346538,+,7675
lncRNA_51212,ptg000035l,5338864,5349029,+,10166
lncRNA_51214,ptg000035l,5343602,5349029,+,5428
lncRNA_51216,ptg000035l,5419835,5421167,+,1333
lncRNA_51217,ptg000035l,5439120,5440125,+,1006
lncRNA_51218,ptg000035l,5440236,5441215,+,980
lncRNA_51221,ptg000035l,5623870,5630048,+,6179
lncRNA_51222,ptg000035l,5623903,5630048,+,6146
lncRNA_51223,ptg000035l,5623918,5630048,+,6131
lncRNA_51224,ptg000035l,5623923,5630048,+,6126
lncRNA_51225,ptg000035l,5623940,5630048,+,6109
lncRNA_51226,ptg000035l,5625311,5630048,+,4738
lncRNA_51227,ptg000035l,5837055,5842124,+,5070
lncRNA_51231,ptg000035l,5866429,5871690,+,5262
lncRNA_51232,ptg000035l,5957105,5958406,+,1302
lncRNA_51234,ptg000035l,6036385,6039121,+,2737
lncRNA_51235,ptg000035l,6085030,6087119,+,2090
lncRNA_51236,ptg000035l,6085063,6087119,+,2057
lncRNA_51237,ptg000035l,6100739,6101767,+,1029
lncRNA_51238,ptg000035l,6100807,6101767,+,961
lncRNA_51239,ptg000035l,6100896,6101767,+,872
lncRNA_51241,ptg000035l,6273238,6273537,+,300
lncRNA_51243,ptg000035l,6315006,6319735,+,4730
lncRNA_51244,ptg000035l,6336377,6337384,+,1008
lncRNA_51245,ptg000035l,6361863,6362787,+,925
lncRNA_51246,ptg000035l,6461442,6463993,+,2552
lncRNA_51247,ptg000035l,6468670,6470165,+,1496
lncRNA_51248,ptg000035l,6473877,6476397,+,2521
lncRNA_51251,ptg000035l,6524358,6527264,+,2907
lncRNA_51253,ptg000035l,6606756,6614399,+,7644
lncRNA_51254,ptg000035l,6631496,6638361,+,6866
lncRNA_51255,ptg000035l,6633128,6634877,+,1750
lncRNA_51256,ptg000035l,6635938,6638361,+,2424
lncRNA_51257,ptg000035l,6721458,6727812,+,6355
lncRNA_51258,ptg000035l,6725733,6727812,+,2080
lncRNA_51261,ptg000035l,6977329,6979442,+,2114
lncRNA_51262,ptg000035l,7091036,7101907,+,10872
lncRNA_51263,ptg000035l,7094131,7098216,+,4086
lncRNA_51264,ptg000035l,7094303,7101907,+,7605
lncRNA_51267,ptg000035l,7149611,7151508,+,1898
lncRNA_51268,ptg000035l,7299560,7301570,+,2011
lncRNA_51269,ptg000035l,7352137,7355882,+,3746
lncRNA_51271,ptg000035l,7468529,7471383,+,2855
lncRNA_51272,ptg000035l,7676398,7695730,+,19333
lncRNA_51276,ptg000035l,7658061,7671571,+,13511
lncRNA_51277,ptg000035l,7699126,7701788,+,2663
lncRNA_51279,ptg000035l,7769376,7775212,+,5837
lncRNA_51280,ptg000035l,7777150,7834023,+,56874
lncRNA_51281,ptg000035l,7780372,7811034,+,30663
lncRNA_51284,ptg000035l,7903764,7912735,+,8972
lncRNA_51285,ptg000035l,7926616,7929268,+,2653
lncRNA_51286,ptg000035l,7926633,7929268,+,2636
lncRNA_51287,ptg000035l,7927092,7929268,+,2177
lncRNA_51288,ptg000035l,7927473,7929268,+,1796
lncRNA_51289,ptg000035l,8006450,8007313,+,864
lncRNA_51292,ptg000035l,8227263,8232144,+,4882
lncRNA_51293,ptg000035l,8238431,8239879,+,1449
lncRNA_51297,ptg000035l,8375768,8377152,+,1385
lncRNA_51298,ptg000035l,8375836,8377152,+,1317
lncRNA_51299,ptg000035l,8375992,8377152,+,1161
lncRNA_51301,ptg000035l,8376025,8377152,+,1128
lncRNA_51302,ptg000035l,8417698,8422123,+,4426
lncRNA_51305,ptg000035l,8658162,8667130,+,8969
lncRNA_51306,ptg000035l,8831823,8835758,+,3936
lncRNA_51307,ptg000035l,8865968,8866535,+,568
lncRNA_51308,ptg000035l,8891873,8892628,+,756
lncRNA_51309,ptg000035l,8896108,8900193,+,4086
lncRNA_51310,ptg000035l,8965029,8965403,+,375
lncRNA_51311,ptg000035l,8978618,8982806,+,4189
lncRNA_51314,ptg000035l,8991734,8992595,+,862
lncRNA_51325,ptg000035l,9186216,9187193,+,978
lncRNA_51326,ptg000035l,9289522,9291922,+,2401
lncRNA_51332,ptg000035l,9414905,9423021,+,8117
lncRNA_51333,ptg000035l,9415293,9423021,+,7729
lncRNA_51334,ptg000035l,9415400,9423021,+,7622
lncRNA_51335,ptg000035l,9415965,9423021,+,7057
lncRNA_51339,ptg000035l,9452987,9500092,+,47106
lncRNA_51343,ptg000035l,9543454,9558811,+,15358
lncRNA_51344,ptg000035l,9551339,9558811,+,7473
lncRNA_51345,ptg000035l,9560044,9562617,+,2574
lncRNA_51347,ptg000035l,9568376,9569445,+,1070
lncRNA_51348,ptg000035l,9613747,9620745,+,6999
lncRNA_51349,ptg000035l,9613826,9618483,+,4658
lncRNA_51351,ptg000035l,9618687,9620745,+,2059
lncRNA_51356,ptg000035l,9758354,9763597,+,5244
lncRNA_51357,ptg000035l,9758356,9765503,+,7148
lncRNA_51358,ptg000035l,9758360,9791607,+,33248
lncRNA_51359,ptg000035l,9792037,9793094,+,1058
lncRNA_51360,ptg000035l,9813029,9813654,+,626
lncRNA_51361,ptg000035l,9923426,9925942,+,2517
lncRNA_51362,ptg000035l,10042466,10043166,+,701
lncRNA_51363,ptg000035l,10083376,10085838,+,2463
lncRNA_51366,ptg000035l,10214793,10219723,+,4931
lncRNA_51367,ptg000035l,10217656,10219723,+,2068
lncRNA_51368,ptg000035l,10217699,10219723,+,2025
lncRNA_51374,ptg000035l,330355,332475,+,2121
lncRNA_51384,ptg000035l,978194,1012984,+,34791
lncRNA_51385,ptg000035l,1105239,1108354,+,3116
lncRNA_51386,ptg000035l,1200928,1209181,+,8254
lncRNA_51387,ptg000035l,1265360,1272963,+,7604
lncRNA_51388,ptg000035l,1301516,1303544,+,2029
lncRNA_51391,ptg000035l,1301521,1303544,+,2024
lncRNA_51393,ptg000035l,1406611,1407619,+,1009
lncRNA_51396,ptg000035l,1923878,1931222,+,7345
lncRNA_51401,ptg000035l,2267733,2270734,+,3002
lncRNA_51402,ptg000035l,2267757,2270734,+,2978
lncRNA_51405,ptg000035l,2352404,2358780,+,6377
lncRNA_51406,ptg000035l,2442971,2445447,+,2477
lncRNA_51421,ptg000035l,2755753,2764701,+,8949
lncRNA_51423,ptg000035l,2764728,2766912,+,2185
lncRNA_51424,ptg000035l,2982898,2985318,+,2421
lncRNA_51425,ptg000035l,3097030,3103401,+,6372
lncRNA_51426,ptg000035l,3108375,3109143,+,769
lncRNA_51427,ptg000035l,3177085,3178129,+,1045
lncRNA_51429,ptg000035l,3263003,3265148,+,2146
lncRNA_51430,ptg000035l,3349277,3352040,+,2764
lncRNA_51431,ptg000035l,3349364,3352040,+,2677
lncRNA_51441,ptg000035l,3567693,3594495,+,26803
lncRNA_51442,ptg000035l,3568269,3580750,+,12482
lncRNA_51443,ptg000035l,3568345,3594495,+,26151
lncRNA_51445,ptg000035l,3568381,3591035,+,22655
lncRNA_51446,ptg000035l,3568383,3590144,+,21762
lncRNA_51447,ptg000035l,3568406,3594495,+,26090
lncRNA_51448,ptg000035l,3568670,3594495,+,25826
lncRNA_51452,ptg000035l,3656458,3658966,+,2509
lncRNA_51453,ptg000035l,3657689,3658966,+,1278
lncRNA_51454,ptg000035l,3662877,3665574,+,2698
lncRNA_51455,ptg000035l,3664877,3665574,+,698
lncRNA_51456,ptg000035l,3675463,3682522,+,7060
lncRNA_51459,ptg000035l,3967626,3969096,+,1471
lncRNA_51460,ptg000035l,3967807,3969096,+,1290
lncRNA_51461,ptg000035l,4002635,4004948,+,2314
lncRNA_51462,ptg000035l,4093973,4101672,+,7700
lncRNA_51463,ptg000035l,4094111,4111473,+,17363
lncRNA_51464,ptg000035l,4140012,4141926,+,1915
lncRNA_51467,ptg000035l,4146252,4150525,+,4274
lncRNA_51469,ptg000035l,4147774,4149673,+,1900
lncRNA_51470,ptg000035l,4148847,4150525,+,1679
lncRNA_51472,ptg000035l,4224390,4228085,+,3696
lncRNA_51473,ptg000035l,4264553,4274523,+,9971
lncRNA_51476,ptg000035l,4288548,4291524,+,2977
lncRNA_51477,ptg000035l,4375296,4377763,+,2468
lncRNA_51478,ptg000035l,4375616,4377977,+,2362
lncRNA_51479,ptg000035l,4375873,4377977,+,2105
lncRNA_51480,ptg000035l,4553572,4555332,+,1761
lncRNA_51481,ptg000035l,4581590,4582081,+,492
lncRNA_51482,ptg000035l,4683927,4685639,+,1713
lncRNA_51488,ptg000035l,5056914,5057182,+,269
lncRNA_51489,ptg000035l,5076989,5078076,+,1088
lncRNA_51493,ptg000035l,5180315,5183306,+,2992
lncRNA_51496,ptg000035l,5283215,5285118,+,1904
lncRNA_51497,ptg000035l,5284224,5285678,+,1455
lncRNA_51499,ptg000035l,5333617,5342017,+,8401
lncRNA_51500,ptg000035l,5333669,5341491,+,7823
lncRNA_51501,ptg000035l,5392155,5397027,+,4873
lncRNA_51502,ptg000035l,5392155,5397365,+,5211
lncRNA_51503,ptg000035l,5392157,5397027,+,4871
lncRNA_51505,ptg000035l,5392428,5399775,+,7348
lncRNA_51506,ptg000035l,5392806,5397365,+,4560
lncRNA_51507,ptg000035l,5393043,5399775,+,6733
lncRNA_51508,ptg000035l,5393189,5399775,+,6587
lncRNA_51509,ptg000035l,5393381,5399775,+,6395
lncRNA_51510,ptg000035l,5393598,5395063,+,1466
lncRNA_51512,ptg000035l,5547520,5550718,+,3199
lncRNA_51513,ptg000035l,5548061,5550718,+,2658
lncRNA_51514,ptg000035l,5578538,5581879,+,3342
lncRNA_51522,ptg000035l,5922603,5930929,+,8327
lncRNA_51523,ptg000035l,5922606,5931487,+,8882
lncRNA_51524,ptg000035l,5922917,5930354,+,7438
lncRNA_51525,ptg000035l,5982089,5984588,+,2500
lncRNA_51526,ptg000035l,6065411,6066176,+,766
lncRNA_51528,ptg000035l,6091445,6093020,+,1576
lncRNA_51529,ptg000035l,6108812,6109195,+,384
lncRNA_51530,ptg000035l,6179017,6180629,+,1613
lncRNA_51531,ptg000035l,6338492,6348148,+,9657
lncRNA_51532,ptg000035l,6368966,6371180,+,2215
lncRNA_51536,ptg000035l,6601174,6614688,+,13515
lncRNA_51537,ptg000035l,6671835,6672672,+,838
lncRNA_51539,ptg000035l,6761211,6762915,+,1705
lncRNA_51540,ptg000035l,6922761,6929200,+,6440
lncRNA_51541,ptg000035l,6923686,6929200,+,5515
lncRNA_51542,ptg000035l,6929201,6934002,+,4802
lncRNA_51546,ptg000035l,7001560,7005461,+,3902
lncRNA_51547,ptg000035l,7003619,7004823,+,1205
lncRNA_51548,ptg000035l,7045798,7049059,+,3262
lncRNA_51549,ptg000035l,7095605,7102288,+,6684
lncRNA_51550,ptg000035l,7097221,7105458,+,8238
lncRNA_51551,ptg000035l,7102289,7105458,+,3170
lncRNA_51552,ptg000035l,7222994,7224403,+,1410
lncRNA_51553,ptg000035l,7296208,7306894,+,10687
lncRNA_51554,ptg000035l,7305485,7306894,+,1410
lncRNA_51556,ptg000035l,7347682,7351559,+,3878
lncRNA_51558,ptg000035l,7436394,7442526,+,6133
lncRNA_51559,ptg000035l,7437675,7442526,+,4852
lncRNA_51560,ptg000035l,7442571,7451050,+,8480
lncRNA_51562,ptg000035l,7456772,7459393,+,2622
lncRNA_51564,ptg000035l,7471393,7493661,+,22269
lncRNA_51567,ptg000035l,7641934,7643944,+,2011
lncRNA_51570,ptg000035l,7724096,7727591,+,3496
lncRNA_51571,ptg000035l,7724104,7727591,+,3488
lncRNA_51572,ptg000035l,7725760,7727591,+,1832
lncRNA_51573,ptg000035l,7725781,7727591,+,1811
lncRNA_51574,ptg000035l,7731188,7733659,+,2472
lncRNA_51576,ptg000035l,7738529,7740021,+,1493
lncRNA_51577,ptg000035l,7748939,7752204,+,3266
lncRNA_51579,ptg000035l,7884690,7886132,+,1443
lncRNA_51580,ptg000035l,7884779,7886132,+,1354
lncRNA_51587,ptg000035l,7976194,7982643,+,6450
lncRNA_51588,ptg000035l,8005999,8006868,+,870
lncRNA_51589,ptg000035l,8051297,8053475,+,2179
lncRNA_51590,ptg000035l,8054737,8056159,+,1423
lncRNA_51591,ptg000035l,8187881,8188490,+,610
lncRNA_51592,ptg000035l,8247110,8248985,+,1876
lncRNA_51593,ptg000035l,8370099,8371687,+,1589
lncRNA_51594,ptg000035l,8406000,8408402,+,2403
lncRNA_51595,ptg000035l,8406359,8408113,+,1755
lncRNA_51596,ptg000035l,8443151,8462362,+,19212
lncRNA_51597,ptg000035l,8446083,8458832,+,12750
lncRNA_51598,ptg000035l,8508467,8509784,+,1318
lncRNA_51600,ptg000035l,8627948,8631922,+,3975
lncRNA_51602,ptg000035l,8627995,8631011,+,3017
lncRNA_51603,ptg000035l,8641277,8646045,+,4769
lncRNA_51604,ptg000035l,8641795,8646045,+,4251
lncRNA_51607,ptg000035l,8657235,8667130,+,9896
lncRNA_51608,ptg000035l,8667992,8678097,+,10106
lncRNA_51609,ptg000035l,8668624,8670679,+,2056
lncRNA_51610,ptg000035l,8668875,8670824,+,1950
lncRNA_51612,ptg000035l,8724346,8726533,+,2188
lncRNA_51613,ptg000035l,8729486,8730818,+,1333
lncRNA_51614,ptg000035l,8927636,8928528,+,893
lncRNA_51617,ptg000035l,9019167,9025516,+,6350
lncRNA_51619,ptg000035l,9035025,9035569,+,545
lncRNA_51620,ptg000035l,9067399,9069842,+,2444
lncRNA_51628,ptg000035l,9211264,9215460,+,4197
lncRNA_51629,ptg000035l,9211359,9215154,+,3796
lncRNA_51630,ptg000035l,9211543,9215154,+,3612
lncRNA_51631,ptg000035l,9212676,9215460,+,2785
lncRNA_51632,ptg000035l,9212789,9215154,+,2366
lncRNA_51634,ptg000035l,9225021,9246317,+,21297
lncRNA_51635,ptg000035l,9232050,9233987,+,1938
lncRNA_51636,ptg000035l,9264477,9270972,+,6496
lncRNA_51637,ptg000035l,9269863,9270972,+,1110
lncRNA_51638,ptg000035l,9269935,9270972,+,1038
lncRNA_51639,ptg000035l,9270252,9270972,+,721
lncRNA_51646,ptg000035l,9572710,9574342,+,1633
lncRNA_51647,ptg000035l,9581517,9582396,+,880
lncRNA_51648,ptg000035l,9595831,9605464,+,9634
lncRNA_51649,ptg000035l,9604525,9605694,+,1170
lncRNA_51650,ptg000035l,9604675,9605464,+,790
lncRNA_51651,ptg000035l,9650105,9651178,+,1074
lncRNA_51653,ptg000035l,9739928,9740798,+,871
lncRNA_51654,ptg000035l,9756055,9756766,+,712
lncRNA_51655,ptg000035l,9762136,9763903,+,1768
lncRNA_51656,ptg000035l,9768887,9770900,+,2014
lncRNA_51657,ptg000035l,9933564,9934889,+,1326
lncRNA_51658,ptg000035l,9941006,9952036,+,11031
lncRNA_51659,ptg000035l,9956222,9956519,+,298
lncRNA_51660,ptg000035l,10081306,10082402,+,1097
lncRNA_51661,ptg000035l,10084090,10084787,+,698
lncRNA_51662,ptg000035l,10214793,10219913,+,5121
lncRNA_51707,ptg000035l,424010,426457,+,2448
lncRNA_51720,ptg000035l,504078,504381,+,304
lncRNA_51782,ptg000035l,1243069,1244023,+,955
lncRNA_51797,ptg000035l,1888505,1889331,+,827
lncRNA_51830,ptg000035l,2195592,2196386,+,795
lncRNA_51879,ptg000035l,2537190,2538216,+,1027
lncRNA_51950,ptg000035l,3752155,3754040,+,1886
lncRNA_51954,ptg000035l,4124387,4126539,+,2153
lncRNA_51967,ptg000035l,4521846,4525443,+,3598
lncRNA_51988,ptg000035l,4964134,4971646,+,7513
lncRNA_51992,ptg000035l,5098089,5098799,+,711
lncRNA_52004,ptg000035l,5816498,5816759,+,262
lncRNA_52007,ptg000035l,5875525,5876618,+,1094
lncRNA_52011,ptg000035l,6097742,6099550,+,1809
lncRNA_52012,ptg000035l,6130017,6130374,+,358
lncRNA_52014,ptg000035l,6163967,6164732,+,766
lncRNA_52017,ptg000035l,6290478,6290841,+,364
lncRNA_52019,ptg000035l,6561892,6562984,+,1093
lncRNA_52023,ptg000035l,6965782,6967014,+,1233
lncRNA_52030,ptg000035l,7169354,7170053,+,700
lncRNA_52056,ptg000035l,8315901,8316737,+,837
lncRNA_52061,ptg000035l,8441080,8442117,+,1038
lncRNA_52068,ptg000035l,8905277,8906696,+,1420
lncRNA_52074,ptg000035l,8942776,8944049,+,1274
lncRNA_52081,ptg000035l,9340055,9341141,+,1087
lncRNA_52090,ptg000035l,9671185,9671935,+,751
lncRNA_52092,ptg000035l,9962060,9963125,+,1066
lncRNA_52102,ptg000036l,314212,317600,+,3389
lncRNA_52103,ptg000036l,343019,344492,+,1474
lncRNA_52105,ptg000036l,397805,398376,+,572
lncRNA_52110,ptg000036l,827401,840130,+,12730
lncRNA_52116,ptg000036l,949554,980007,+,30454
lncRNA_52117,ptg000036l,949581,980258,+,30678
lncRNA_52132,ptg000036l,1924999,1974365,+,49367
lncRNA_52134,ptg000036l,2038617,2048287,+,9671
lncRNA_52135,ptg000036l,2038619,2045077,+,6459
lncRNA_52137,ptg000036l,2038626,2044703,+,6078
lncRNA_52139,ptg000036l,2038626,2045077,+,6452
lncRNA_52140,ptg000036l,2038626,2048178,+,9553
lncRNA_52142,ptg000036l,2038628,2048178,+,9551
lncRNA_52143,ptg000036l,2038643,2043806,+,5164
lncRNA_52144,ptg000036l,2038653,2048178,+,9526
lncRNA_52145,ptg000036l,2038825,2044703,+,5879
lncRNA_52146,ptg000036l,2038825,2045313,+,6489
lncRNA_52147,ptg000036l,2039302,2044703,+,5402
lncRNA_52148,ptg000036l,2041018,2044703,+,3686
lncRNA_52149,ptg000036l,2041035,2043859,+,2825
lncRNA_52155,ptg000036l,2152434,2155169,+,2736
lncRNA_52160,ptg000036l,2727426,2730698,+,3273
lncRNA_52161,ptg000036l,2728191,2730698,+,2508
lncRNA_52170,ptg000036l,3006320,3011144,+,4825
lncRNA_52175,ptg000036l,3117626,3127603,+,9978
lncRNA_52176,ptg000036l,3193799,3196329,+,2531
lncRNA_52181,ptg000036l,3268991,3271116,+,2126
lncRNA_52182,ptg000036l,3269058,3271116,+,2059
lncRNA_52184,ptg000036l,3405388,3408294,+,2907
lncRNA_52185,ptg000036l,3578140,3581469,+,3330
lncRNA_52189,ptg000036l,3609293,3612883,+,3591
lncRNA_52190,ptg000036l,3609554,3612883,+,3330
lncRNA_52191,ptg000036l,3610795,3612883,+,2089
lncRNA_52193,ptg000036l,3669974,3683342,+,13369
lncRNA_52194,ptg000036l,3868792,3880019,+,11228
lncRNA_52195,ptg000036l,3868806,3883395,+,14590
lncRNA_52196,ptg000036l,3868818,3876842,+,8025
lncRNA_52197,ptg000036l,3884610,3893218,+,8609
lncRNA_52198,ptg000036l,3884662,3894835,+,10174
lncRNA_52200,ptg000036l,3884683,3894835,+,10153
lncRNA_52203,ptg000036l,3908640,3910162,+,1523
lncRNA_52204,ptg000036l,3954983,3963630,+,8648
lncRNA_52205,ptg000036l,3955299,3956631,+,1333
lncRNA_52206,ptg000036l,3958507,3963630,+,5124
lncRNA_52212,ptg000036l,4376895,4378862,+,1968
lncRNA_52213,ptg000036l,4377379,4378862,+,1484
lncRNA_52215,ptg000036l,4458522,4465384,+,6863
lncRNA_52217,ptg000036l,4559488,4565239,+,5752
lncRNA_52224,ptg000036l,4793000,4799314,+,6315
lncRNA_52236,ptg000036l,5105654,5114279,+,8626
lncRNA_52239,ptg000036l,5121225,5133064,+,11840
lncRNA_52241,ptg000036l,5148826,5196901,+,48076
lncRNA_52252,ptg000036l,5207515,5214970,+,7456
lncRNA_52257,ptg000036l,5252291,5286618,+,34328
lncRNA_52258,ptg000036l,5254100,5256937,+,2838
lncRNA_52266,ptg000036l,5269500,5290452,+,20953
lncRNA_52269,ptg000036l,5290518,5294675,+,4158
lncRNA_52273,ptg000036l,5309478,5370746,+,61269
lncRNA_52289,ptg000036l,5335834,5347687,+,11854
lncRNA_52299,ptg000036l,5353826,5406471,+,52646
lncRNA_52300,ptg000036l,5387652,5406471,+,18820
lncRNA_52308,ptg000036l,5376277,5451971,+,75695
lncRNA_52310,ptg000036l,5377149,5462264,+,85116
lncRNA_52315,ptg000036l,5453631,5480795,+,27165
lncRNA_52317,ptg000036l,5477882,5540050,+,62169
lncRNA_52318,ptg000036l,5477969,5514924,+,36956
lncRNA_52319,ptg000036l,5478192,5549605,+,71414
lncRNA_52320,ptg000036l,5478212,5494051,+,15840
lncRNA_52323,ptg000036l,5479207,5547303,+,68097
lncRNA_52329,ptg000036l,5536928,5583185,+,46258
lncRNA_52333,ptg000036l,5545418,5603837,+,58420
lncRNA_52345,ptg000036l,5600348,5620095,+,19748
lncRNA_52346,ptg000036l,5617572,5648211,+,30640
lncRNA_52373,ptg000036l,5615689,5628092,+,12404
lncRNA_52375,ptg000036l,5648394,5668999,+,20606
lncRNA_52376,ptg000036l,5663005,5687305,+,24301
lncRNA_52380,ptg000036l,5675106,5759925,+,84820
lncRNA_52394,ptg000036l,5721671,5769979,+,48309
lncRNA_52395,ptg000036l,5722944,5754971,+,32028
lncRNA_52398,ptg000036l,5723566,5801374,+,77809
lncRNA_52407,ptg000036l,5736988,5769979,+,32992
lncRNA_52418,ptg000036l,5773686,5797933,+,24248
lncRNA_52419,ptg000036l,5776609,5832140,+,55532
lncRNA_52469,ptg000036l,5963907,5995559,+,31653
lncRNA_52475,ptg000036l,5982452,5998914,+,16463
lncRNA_52478,ptg000036l,6005521,6014591,+,9071
lncRNA_52487,ptg000036l,6034468,6048383,+,13916
lncRNA_52507,ptg000036l,6150785,6162087,+,11303
lncRNA_52544,ptg000036l,6218415,6235637,+,17223
lncRNA_52545,ptg000036l,6219041,6264857,+,45817
lncRNA_52554,ptg000036l,6242981,6267784,+,24804
lncRNA_52555,ptg000036l,6243015,6267784,+,24770
lncRNA_52557,ptg000036l,6243565,6266073,+,22509
lncRNA_52563,ptg000036l,6251441,6271030,+,19590
lncRNA_52572,ptg000036l,6270046,6273515,+,3470
lncRNA_52574,ptg000036l,6279506,6282125,+,2620
lncRNA_52576,ptg000036l,6283103,6295242,+,12140
lncRNA_52584,ptg000036l,15548,17411,+,1864
lncRNA_52586,ptg000036l,88213,93239,+,5027
lncRNA_52587,ptg000036l,88214,93239,+,5026
lncRNA_52588,ptg000036l,88254,93239,+,4986
lncRNA_52589,ptg000036l,117192,144967,+,27776
lncRNA_52590,ptg000036l,145861,182787,+,36927
lncRNA_52597,ptg000036l,599889,600907,+,1019
lncRNA_52599,ptg000036l,927187,928099,+,913
lncRNA_52600,ptg000036l,929601,937790,+,8190
lncRNA_52604,ptg000036l,1014469,1022644,+,8176
lncRNA_52605,ptg000036l,1016874,1024963,+,8090
lncRNA_52606,ptg000036l,1017618,1024522,+,6905
lncRNA_52607,ptg000036l,1017797,1020878,+,3082
lncRNA_52608,ptg000036l,1021765,1023969,+,2205
lncRNA_52615,ptg000036l,1349047,1371815,+,22769
lncRNA_52618,ptg000036l,1662069,1663523,+,1455
lncRNA_52622,ptg000036l,1905973,1911046,+,5074
lncRNA_52625,ptg000036l,1908031,1911046,+,3016
lncRNA_52628,ptg000036l,2037663,2038488,+,826
lncRNA_52630,ptg000036l,2153061,2156009,+,2949
lncRNA_52632,ptg000036l,2178834,2185756,+,6923
lncRNA_52635,ptg000036l,2474092,2494124,+,20033
lncRNA_52641,ptg000036l,2512363,2519649,+,7287
lncRNA_52649,ptg000036l,2852804,2854838,+,2035
lncRNA_52650,ptg000036l,2948441,2949266,+,826
lncRNA_52652,ptg000036l,3060960,3062863,+,1904
lncRNA_52653,ptg000036l,3126467,3128414,+,1948
lncRNA_52654,ptg000036l,3195522,3208439,+,12918
lncRNA_52655,ptg000036l,3201317,3208769,+,7453
lncRNA_52656,ptg000036l,3203243,3208769,+,5527
lncRNA_52657,ptg000036l,3281885,3286094,+,4210
lncRNA_52660,ptg000036l,3578073,3580195,+,2123
lncRNA_52662,ptg000036l,3713502,3715486,+,1985
lncRNA_52663,ptg000036l,3735412,3739100,+,3689
lncRNA_52668,ptg000036l,3930418,3940949,+,10532
lncRNA_52669,ptg000036l,3931655,3940949,+,9295
lncRNA_52670,ptg000036l,3931842,3940949,+,9108
lncRNA_52671,ptg000036l,3932176,3940949,+,8774
lncRNA_52672,ptg000036l,3958460,3963630,+,5171
lncRNA_52673,ptg000036l,3960075,3963630,+,3556
lncRNA_52674,ptg000036l,3969898,3971982,+,2085
lncRNA_52679,ptg000036l,4437817,4441233,+,3417
lncRNA_52680,ptg000036l,4440197,4441233,+,1037
lncRNA_52682,ptg000036l,4764085,4765682,+,1598
lncRNA_52691,ptg000036l,5137482,5142125,+,4644
lncRNA_52693,ptg000036l,5182956,5214970,+,32015
lncRNA_52698,ptg000036l,5197829,5214970,+,17142
lncRNA_52700,ptg000036l,5200374,5214970,+,14597
lncRNA_52710,ptg000036l,5281518,5290107,+,8590
lncRNA_52711,ptg000036l,5282483,5289251,+,6769
lncRNA_52715,ptg000036l,5286983,5336308,+,49326
lncRNA_52717,ptg000036l,5290521,5292729,+,2209
lncRNA_52729,ptg000036l,5365135,5394346,+,29212
lncRNA_52735,ptg000036l,5372412,5403008,+,30597
lncRNA_52736,ptg000036l,5376273,5394346,+,18074
lncRNA_52740,ptg000036l,5384324,5444063,+,59740
lncRNA_52742,ptg000036l,5394672,5444063,+,49392
lncRNA_52804,ptg000036l,5693990,5769979,+,75990
lncRNA_52807,ptg000036l,5700755,5724609,+,23855
lncRNA_52808,ptg000036l,5700755,5725354,+,24600
lncRNA_52812,ptg000036l,5746167,5754971,+,8805
lncRNA_52814,ptg000036l,5760304,5797933,+,37630
lncRNA_52815,ptg000036l,5791351,5803627,+,12277
lncRNA_52820,ptg000036l,5830298,5857264,+,26967
lncRNA_52825,ptg000036l,5854336,5885569,+,31234
lncRNA_52886,ptg000036l,5924087,5986169,+,62083
lncRNA_52890,ptg000036l,5971960,5988385,+,16426
lncRNA_52907,ptg000036l,6016125,6023965,+,7841
lncRNA_52913,ptg000036l,6040542,6082914,+,42373
lncRNA_52915,ptg000036l,6064866,6113962,+,49097
lncRNA_52916,ptg000036l,6064866,6117775,+,52910
lncRNA_52922,ptg000036l,6065832,6096668,+,30837
lncRNA_52928,ptg000036l,6069811,6110425,+,40615
lncRNA_52936,ptg000036l,6089620,6138446,+,48827
lncRNA_52953,ptg000036l,6112828,6151852,+,39025
lncRNA_53010,ptg000036l,6225326,6241229,+,15904
lncRNA_53016,ptg000036l,6238747,6247728,+,8982
lncRNA_53019,ptg000036l,6262361,6270016,+,7656
lncRNA_53021,ptg000036l,6278596,6299801,+,21206
lncRNA_53024,ptg000036l,6289289,6297279,+,7991
lncRNA_53032,ptg000036l,107867,108825,+,959
lncRNA_53059,ptg000036l,684097,685709,+,1613
lncRNA_53094,ptg000036l,1320057,1321093,+,1037
lncRNA_53127,ptg000036l,1553104,1553933,+,830
lncRNA_53129,ptg000036l,1586866,1587501,+,636
lncRNA_53130,ptg000036l,1588512,1589910,+,1399
lncRNA_53177,ptg000036l,2204796,2205910,+,1115
lncRNA_53230,ptg000036l,2665147,2665755,+,609
lncRNA_53238,ptg000036l,2715210,2716016,+,807
lncRNA_53259,ptg000036l,2909371,2910632,+,1262
lncRNA_53264,ptg000036l,2941932,2943995,+,2064
lncRNA_53268,ptg000036l,2964482,2967091,+,2610
lncRNA_53273,ptg000036l,2983346,2984072,+,727
lncRNA_53278,ptg000036l,3104883,3106678,+,1796
lncRNA_53285,ptg000036l,3188243,3189683,+,1441
lncRNA_53289,ptg000036l,3225015,3226589,+,1575
lncRNA_53296,ptg000036l,3245451,3246460,+,1010
lncRNA_53297,ptg000036l,3247193,3250059,+,2867
lncRNA_53299,ptg000036l,3257467,3259658,+,2192
lncRNA_53305,ptg000036l,3302435,3303598,+,1164
lncRNA_53307,ptg000036l,3305469,3307013,+,1545
lncRNA_53314,ptg000036l,3352341,3353456,+,1116
lncRNA_53316,ptg000036l,3362976,3363589,+,614
lncRNA_53319,ptg000036l,3369137,3370180,+,1044
lncRNA_53331,ptg000036l,3480505,3482442,+,1938
lncRNA_53340,ptg000036l,3546575,3547643,+,1069
lncRNA_53353,ptg000036l,3663373,3665573,+,2201
lncRNA_53371,ptg000036l,4011762,4013733,+,1972
lncRNA_53382,ptg000036l,4101433,4106090,+,4658
lncRNA_53389,ptg000036l,4203119,4204247,+,1129
lncRNA_53401,ptg000036l,4313047,4315443,+,2397
lncRNA_53423,ptg000036l,4590043,4591095,+,1053
lncRNA_53462,ptg000036l,5053558,5056611,+,3054
lncRNA_53486,ptg000038l,16327,17493,+,1167
lncRNA_53494,ptg000038l,379730,380886,+,1157
lncRNA_53498,ptg000039l,106211,111184,+,4974
lncRNA_53499,ptg000039l,119232,123300,+,4069
lncRNA_53500,ptg000039l,192205,193233,+,1029
lncRNA_53501,ptg000039l,311010,316933,+,5924
lncRNA_53503,ptg000039l,450864,455767,+,4904
lncRNA_53505,ptg000039l,482164,483601,+,1438
lncRNA_53506,ptg000039l,482164,484510,+,2347
lncRNA_53507,ptg000039l,482186,486508,+,4323
lncRNA_53508,ptg000039l,520961,524492,+,3532
lncRNA_53509,ptg000039l,521665,524492,+,2828
lncRNA_53510,ptg000039l,522165,524492,+,2328
lncRNA_53513,ptg000039l,610199,612796,+,2598
lncRNA_53514,ptg000039l,610362,612796,+,2435
lncRNA_53515,ptg000039l,634487,643798,+,9312
lncRNA_53516,ptg000039l,634500,643798,+,9299
lncRNA_53517,ptg000039l,634523,643798,+,9276
lncRNA_53518,ptg000039l,682875,684856,+,1982
lncRNA_53519,ptg000039l,727979,728870,+,892
lncRNA_53524,ptg000039l,738179,743954,+,5776
lncRNA_53526,ptg000039l,738196,743954,+,5759
lncRNA_53529,ptg000039l,944258,954419,+,10162
lncRNA_53530,ptg000039l,945204,946126,+,923
lncRNA_53531,ptg000039l,948928,953527,+,4600
lncRNA_53532,ptg000039l,949984,952675,+,2692
lncRNA_53533,ptg000039l,950193,955228,+,5036
lncRNA_53534,ptg000039l,955455,959391,+,3937
lncRNA_53535,ptg000039l,1022924,1032539,+,9616
lncRNA_53536,ptg000039l,1028815,1032656,+,3842
lncRNA_53537,ptg000039l,1029049,1032656,+,3608
lncRNA_53538,ptg000039l,1030121,1032184,+,2064
lncRNA_53539,ptg000039l,1036643,1040611,+,3969
lncRNA_53540,ptg000039l,1036863,1040611,+,3749
lncRNA_53541,ptg000039l,1983,3441,+,1459
lncRNA_53542,ptg000039l,2094,3441,+,1348
lncRNA_53543,ptg000039l,59979,65579,+,5601
lncRNA_53544,ptg000039l,76114,77538,+,1425
lncRNA_53545,ptg000039l,84485,85767,+,1283
lncRNA_53546,ptg000039l,123654,124930,+,1277
lncRNA_53550,ptg000039l,253770,254972,+,1203
lncRNA_53551,ptg000039l,285115,301761,+,16647
lncRNA_53552,ptg000039l,285190,301761,+,16572
lncRNA_53554,ptg000039l,311011,316933,+,5923
lncRNA_53555,ptg000039l,311012,316933,+,5922
lncRNA_53556,ptg000039l,313935,316574,+,2640
lncRNA_53560,ptg000039l,537335,538931,+,1597
lncRNA_53561,ptg000039l,537542,538931,+,1390
lncRNA_53562,ptg000039l,636464,638028,+,1565
lncRNA_53565,ptg000039l,716172,720494,+,4323
lncRNA_53566,ptg000039l,716193,720494,+,4302
lncRNA_53568,ptg000039l,725640,741649,+,16010
lncRNA_53569,ptg000039l,728871,741964,+,13094
lncRNA_53570,ptg000039l,734176,743873,+,9698
lncRNA_53571,ptg000039l,734224,743873,+,9650
lncRNA_53572,ptg000039l,734225,741964,+,7740
lncRNA_53573,ptg000039l,734630,741964,+,7335
lncRNA_53578,ptg000039l,737772,743873,+,6102
lncRNA_53587,ptg000039l,888773,890212,+,1440
lncRNA_53588,ptg000039l,945671,946439,+,769
lncRNA_53589,ptg000039l,949962,955012,+,5051
lncRNA_53590,ptg000039l,949962,955335,+,5374
lncRNA_53592,ptg000039l,949962,955658,+,5697
lncRNA_53593,ptg000039l,949984,955012,+,5029
lncRNA_53596,ptg000039l,949986,955012,+,5027
lncRNA_53597,ptg000039l,950147,955012,+,4866
lncRNA_53598,ptg000039l,951307,955012,+,3706
lncRNA_53599,ptg000039l,978022,983297,+,5276
lncRNA_53600,ptg000039l,978148,982058,+,3911
lncRNA_53601,ptg000039l,978352,981438,+,3087
lncRNA_53627,ptg000039l,731143,733316,+,2174
lncRNA_53630,ptg000039l,912163,916026,+,3864
lncRNA_53682,ptg000046l,27128,27860,+,733
lncRNA_53694,ptg000047l,265122,269918,+,4797
lncRNA_53695,ptg000047l,265135,269918,+,4784
lncRNA_53700,ptg000047l,493521,500820,+,7300
lncRNA_53701,ptg000047l,496615,500820,+,4206
lncRNA_53702,ptg000047l,498474,500820,+,2347
lncRNA_53703,ptg000047l,509553,514832,+,5280
lncRNA_53705,ptg000047l,509613,514832,+,5220
lncRNA_53706,ptg000047l,512367,514832,+,2466
lncRNA_53707,ptg000047l,542722,547701,+,4980
lncRNA_53709,ptg000047l,542722,547960,+,5239
lncRNA_53710,ptg000047l,542744,547701,+,4958
lncRNA_53712,ptg000047l,695804,703817,+,8014
lncRNA_53713,ptg000047l,775492,775884,+,393
lncRNA_53715,ptg000047l,1069760,1070210,+,451
lncRNA_53716,ptg000047l,1076179,1080601,+,4423
lncRNA_53717,ptg000047l,1076449,1080601,+,4153
lncRNA_53718,ptg000047l,1076468,1080601,+,4134
lncRNA_53719,ptg000047l,1076474,1080601,+,4128
lncRNA_53722,ptg000047l,1077583,1079053,+,1471
lncRNA_53723,ptg000047l,1077781,1080601,+,2821
lncRNA_53726,ptg000047l,1200405,1201205,+,801
lncRNA_53727,ptg000047l,1234745,1239728,+,4984
lncRNA_53728,ptg000047l,1568659,1569736,+,1078
lncRNA_53730,ptg000047l,1630879,1633314,+,2436
lncRNA_53732,ptg000047l,1660446,1662943,+,2498
lncRNA_53734,ptg000047l,1706313,1718088,+,11776
lncRNA_53736,ptg000047l,1729419,1732160,+,2742
lncRNA_53737,ptg000047l,1753658,1757806,+,4149
lncRNA_53738,ptg000047l,1753933,1757806,+,3874
lncRNA_53739,ptg000047l,1762858,1764903,+,2046
lncRNA_53740,ptg000047l,1793812,1794450,+,639
lncRNA_53741,ptg000047l,1906791,1912235,+,5445
lncRNA_53743,ptg000047l,1906836,1911207,+,4372
lncRNA_53744,ptg000047l,1906836,1912235,+,5400
lncRNA_53746,ptg000047l,1906910,1912235,+,5326
lncRNA_53750,ptg000047l,2015299,2019857,+,4559
lncRNA_53752,ptg000047l,2118343,2122784,+,4442
lncRNA_53753,ptg000047l,2118824,2122784,+,3961
lncRNA_53754,ptg000047l,2248743,2251605,+,2863
lncRNA_53755,ptg000047l,2218611,2222977,+,4367
lncRNA_53756,ptg000047l,2223260,2229867,+,6608
lncRNA_53757,ptg000047l,2230127,2238071,+,7945
lncRNA_53758,ptg000047l,2238148,2240682,+,2535
lncRNA_53760,ptg000047l,2271508,2295800,+,24293
lncRNA_53761,ptg000047l,2327886,2329389,+,1504
lncRNA_53763,ptg000047l,2446452,2447969,+,1518
lncRNA_53764,ptg000047l,2493799,2498591,+,4793
lncRNA_53765,ptg000047l,2497053,2498591,+,1539
lncRNA_53766,ptg000047l,2505866,2512239,+,6374
lncRNA_53769,ptg000047l,2625551,2638226,+,12676
lncRNA_53770,ptg000047l,2625752,2638226,+,12475
lncRNA_53771,ptg000047l,2625753,2628044,+,2292
lncRNA_53772,ptg000047l,2626765,2628182,+,1418
lncRNA_53773,ptg000047l,2626818,2628044,+,1227
lncRNA_53774,ptg000047l,2668282,2673221,+,4940
lncRNA_53777,ptg000047l,2713335,2744372,+,31038
lncRNA_53778,ptg000047l,2715773,2744372,+,28600
lncRNA_53779,ptg000047l,2721231,2744372,+,23142
lncRNA_53780,ptg000047l,2723677,2744372,+,20696
lncRNA_53781,ptg000047l,2748542,2752458,+,3917
lncRNA_53784,ptg000047l,2938594,2940255,+,1662
lncRNA_53785,ptg000047l,2958628,2975208,+,16581
lncRNA_53786,ptg000047l,2970512,2975920,+,5409
lncRNA_53787,ptg000047l,2982380,2984913,+,2534
lncRNA_53788,ptg000047l,3172700,3176368,+,3669
lncRNA_53790,ptg000047l,3232204,3242485,+,10282
lncRNA_53791,ptg000047l,3233704,3245253,+,11550
lncRNA_53792,ptg000047l,3234543,3245106,+,10564
lncRNA_53793,ptg000047l,3257113,3258434,+,1322
lncRNA_53796,ptg000047l,3355360,3378504,+,23145
lncRNA_53830,ptg000047l,3791554,3801543,+,9990
lncRNA_53838,ptg000047l,4063500,4064776,+,1277
lncRNA_53839,ptg000047l,4063520,4064776,+,1257
lncRNA_53841,ptg000047l,4118033,4123643,+,5611
lncRNA_53842,ptg000047l,4168218,4173542,+,5325
lncRNA_53844,ptg000047l,4282066,4283171,+,1106
lncRNA_53845,ptg000047l,4287770,4289505,+,1736
lncRNA_53846,ptg000047l,4333656,4336541,+,2886
lncRNA_53850,ptg000047l,4395645,4396769,+,1125
lncRNA_53855,ptg000047l,4779182,4779773,+,592
lncRNA_53866,ptg000047l,4908344,4912452,+,4109
lncRNA_53867,ptg000047l,4908413,4917018,+,8606
lncRNA_53874,ptg000047l,5045569,5047863,+,2295
lncRNA_53875,ptg000047l,5205982,5208266,+,2285
lncRNA_53879,ptg000047l,5280051,5287845,+,7795
lncRNA_53881,ptg000047l,5280102,5287845,+,7744
lncRNA_53882,ptg000047l,5280107,5286114,+,6008
lncRNA_53883,ptg000047l,5280107,5287845,+,7739
lncRNA_53885,ptg000047l,5301445,5304336,+,2892
lncRNA_53886,ptg000047l,5301461,5304336,+,2876
lncRNA_53887,ptg000047l,5301471,5303726,+,2256
lncRNA_53890,ptg000047l,5339283,5346108,+,6826
lncRNA_53891,ptg000047l,5340815,5347710,+,6896
lncRNA_53892,ptg000047l,5415933,5417074,+,1142
lncRNA_53893,ptg000047l,5417148,5418745,+,1598
lncRNA_53894,ptg000047l,5432079,5434744,+,2666
lncRNA_53895,ptg000047l,5511595,5513442,+,1848
lncRNA_53896,ptg000047l,5544426,5545918,+,1493
lncRNA_53897,ptg000047l,5538222,5539272,+,1051
lncRNA_53899,ptg000047l,5609471,5623893,+,14423
lncRNA_53900,ptg000047l,5622293,5634824,+,12532
lncRNA_53901,ptg000047l,5659977,5660598,+,622
lncRNA_53941,ptg000047l,6168860,6170832,+,1973
lncRNA_53942,ptg000047l,6212071,6224443,+,12373
lncRNA_53943,ptg000047l,6219686,6241066,+,21381
lncRNA_53944,ptg000047l,6220462,6225339,+,4878
lncRNA_53945,ptg000047l,6224566,6236056,+,11491
lncRNA_53946,ptg000047l,6254377,6271272,+,16896
lncRNA_53947,ptg000047l,6257592,6291481,+,33890
lncRNA_53951,ptg000047l,6370273,6371491,+,1219
lncRNA_53952,ptg000047l,6469910,6471075,+,1166
lncRNA_53954,ptg000047l,6528077,6606694,+,78618
lncRNA_53963,ptg000047l,7140989,7144423,+,3435
lncRNA_53964,ptg000047l,7142578,7144423,+,1846
lncRNA_53965,ptg000047l,7170848,7172239,+,1392
lncRNA_53966,ptg000047l,7181769,7198151,+,16383
lncRNA_53967,ptg000047l,7182977,7199193,+,16217
lncRNA_53968,ptg000047l,7183091,7199193,+,16103
lncRNA_53969,ptg000047l,7183197,7199193,+,15997
lncRNA_53970,ptg000047l,7183525,7199943,+,16419
lncRNA_53971,ptg000047l,7183921,7210604,+,26684
lncRNA_53977,ptg000047l,7306846,7308834,+,1989
lncRNA_53978,ptg000047l,7306853,7308834,+,1982
lncRNA_53979,ptg000047l,7319280,7329944,+,10665
lncRNA_53980,ptg000047l,7452804,7455485,+,2682
lncRNA_53983,ptg000047l,7724812,7725959,+,1148
lncRNA_53984,ptg000047l,7757866,7760830,+,2965
lncRNA_53985,ptg000047l,7757885,7767318,+,9434
lncRNA_53987,ptg000047l,7917665,7920274,+,2610
lncRNA_53992,ptg000047l,8085994,8091117,+,5124
lncRNA_53993,ptg000047l,8086875,8089773,+,2899
lncRNA_53995,ptg000047l,8114290,8138288,+,23999
lncRNA_53996,ptg000047l,8114701,8136211,+,21511
lncRNA_53997,ptg000047l,8115255,8136934,+,21680
lncRNA_53998,ptg000047l,8115274,8160639,+,45366
lncRNA_53999,ptg000047l,8115302,8148900,+,33599
lncRNA_54001,ptg000047l,8146530,8159975,+,13446
lncRNA_54002,ptg000047l,8296441,8298115,+,1675
lncRNA_54003,ptg000047l,8421444,8430685,+,9242
lncRNA_54004,ptg000047l,8458542,8466909,+,8368
lncRNA_54005,ptg000047l,8458542,8467111,+,8570
lncRNA_54006,ptg000047l,8458544,8467303,+,8760
lncRNA_54007,ptg000047l,8458547,8467680,+,9134
lncRNA_54008,ptg000047l,8509404,8510077,+,674
lncRNA_54009,ptg000047l,8521934,8523925,+,1992
lncRNA_54010,ptg000047l,8532158,8533544,+,1387
lncRNA_54011,ptg000047l,8542927,8551165,+,8239
lncRNA_54012,ptg000047l,8543327,8551165,+,7839
lncRNA_54013,ptg000047l,8550094,8551165,+,1072
lncRNA_54014,ptg000047l,8556799,8567158,+,10360
lncRNA_54015,ptg000047l,8686592,8687386,+,795
lncRNA_54016,ptg000047l,8707498,8708367,+,870
lncRNA_54017,ptg000047l,8744365,8745623,+,1259
lncRNA_54020,ptg000047l,8807656,8814129,+,6474
lncRNA_54021,ptg000047l,8807668,8814129,+,6462
lncRNA_54022,ptg000047l,8807674,8814129,+,6456
lncRNA_54024,ptg000047l,8807679,8814129,+,6451
lncRNA_54025,ptg000047l,8807683,8814129,+,6447
lncRNA_54026,ptg000047l,8877036,8879470,+,2435
lncRNA_54027,ptg000047l,8904324,8904730,+,407
lncRNA_54028,ptg000047l,8960719,8962885,+,2167
lncRNA_54029,ptg000047l,8992319,9000978,+,8660
lncRNA_54030,ptg000047l,9012165,9013778,+,1614
lncRNA_54031,ptg000047l,9109042,9110334,+,1293
lncRNA_54033,ptg000047l,9186700,9190720,+,4021
lncRNA_54034,ptg000047l,9213176,9214640,+,1465
lncRNA_54035,ptg000047l,9270303,9278205,+,7903
lncRNA_54036,ptg000047l,9285389,9286264,+,876
lncRNA_54037,ptg000047l,9380257,9380624,+,368
lncRNA_54039,ptg000047l,9467657,9469389,+,1733
lncRNA_54040,ptg000047l,9467682,9468933,+,1252
lncRNA_54043,ptg000047l,9543117,9544503,+,1387
lncRNA_54044,ptg000047l,9552580,9553540,+,961
lncRNA_54046,ptg000047l,9634985,9635415,+,431
lncRNA_54047,ptg000047l,9716567,9722888,+,6322
lncRNA_54048,ptg000047l,9771466,9775252,+,3787
lncRNA_54049,ptg000047l,9771474,9775252,+,3779
lncRNA_54050,ptg000047l,9773332,9775252,+,1921
lncRNA_54051,ptg000047l,9797750,9799488,+,1739
lncRNA_54053,ptg000047l,9929294,9930178,+,885
lncRNA_54054,ptg000047l,9929381,9930178,+,798
lncRNA_54056,ptg000047l,9986466,9988877,+,2412
lncRNA_54057,ptg000047l,10039312,10041607,+,2296
lncRNA_54060,ptg000047l,10088170,10089989,+,1820
lncRNA_54061,ptg000047l,10099161,10107682,+,8522
lncRNA_54062,ptg000047l,10113735,10115507,+,1773
lncRNA_54066,ptg000047l,10538732,10546384,+,7653
lncRNA_54067,ptg000047l,10591876,10593105,+,1230
lncRNA_54068,ptg000047l,10749569,10757947,+,8379
lncRNA_54072,ptg000047l,10854236,10855518,+,1283
lncRNA_54073,ptg000047l,10861916,10864955,+,3040
lncRNA_54075,ptg000047l,11001164,11003541,+,2378
lncRNA_54076,ptg000047l,11001164,11004608,+,3445
lncRNA_54078,ptg000047l,11001171,11004608,+,3438
lncRNA_54079,ptg000047l,11001172,11004608,+,3437
lncRNA_54080,ptg000047l,11001180,11003541,+,2362
lncRNA_54081,ptg000047l,11244166,11247327,+,3162
lncRNA_54082,ptg000047l,11244166,11248710,+,4545
lncRNA_54083,ptg000047l,11244187,11248710,+,4524
lncRNA_54093,ptg000047l,277826,278904,+,1079
lncRNA_54094,ptg000047l,277836,278904,+,1069
lncRNA_54095,ptg000047l,409719,423697,+,13979
lncRNA_54096,ptg000047l,409734,413090,+,3357
lncRNA_54097,ptg000047l,410076,413090,+,3015
lncRNA_54098,ptg000047l,410167,423697,+,13531
lncRNA_54099,ptg000047l,411022,413090,+,2069
lncRNA_54100,ptg000047l,421070,423697,+,2628
lncRNA_54109,ptg000047l,559652,567645,+,7994
lncRNA_54110,ptg000047l,582634,583139,+,506
lncRNA_54111,ptg000047l,655548,656036,+,489
lncRNA_54114,ptg000047l,907141,911082,+,3942
lncRNA_54116,ptg000047l,939288,941596,+,2309
lncRNA_54118,ptg000047l,988218,1007056,+,18839
lncRNA_54119,ptg000047l,988300,1007056,+,18757
lncRNA_54120,ptg000047l,988305,1007056,+,18752
lncRNA_54121,ptg000047l,1032829,1036085,+,3257
lncRNA_54127,ptg000047l,1050115,1057778,+,7664
lncRNA_54136,ptg000047l,1549406,1551018,+,1613
lncRNA_54139,ptg000047l,1729771,1736361,+,6591
lncRNA_54141,ptg000047l,1753658,1762663,+,9006
lncRNA_54142,ptg000047l,1753953,1761931,+,7979
lncRNA_54143,ptg000047l,1763241,1765577,+,2337
lncRNA_54145,ptg000047l,1790629,1791714,+,1086
lncRNA_54147,ptg000047l,1907103,1911193,+,4091
lncRNA_54148,ptg000047l,1911463,1912884,+,1422
lncRNA_54149,ptg000047l,1915860,1920688,+,4829
lncRNA_54150,ptg000047l,1986881,1989903,+,3023
lncRNA_54156,ptg000047l,2015398,2019857,+,4460
lncRNA_54157,ptg000047l,2015464,2019857,+,4394
lncRNA_54158,ptg000047l,2015545,2019643,+,4099
lncRNA_54159,ptg000047l,2015545,2019857,+,4313
lncRNA_54160,ptg000047l,2015549,2019857,+,4309
lncRNA_54162,ptg000047l,2015577,2019857,+,4281
lncRNA_54166,ptg000047l,2230098,2240018,+,9921
lncRNA_54167,ptg000047l,2230128,2240682,+,10555
lncRNA_54168,ptg000047l,2235832,2238065,+,2234
lncRNA_54169,ptg000047l,2235833,2240682,+,4850
lncRNA_54170,ptg000047l,2235913,2238472,+,2560
lncRNA_54171,ptg000047l,2269663,2279968,+,10306
lncRNA_54172,ptg000047l,2271904,2278017,+,6114
lncRNA_54173,ptg000047l,2337124,2352237,+,15114
lncRNA_54174,ptg000047l,2337886,2352237,+,14352
lncRNA_54175,ptg000047l,2338556,2340783,+,2228
lncRNA_54176,ptg000047l,2344066,2351313,+,7248
lncRNA_54177,ptg000047l,2357457,2360393,+,2937
lncRNA_54178,ptg000047l,2327614,2330380,+,2767
lncRNA_54179,ptg000047l,2327787,2330380,+,2594
lncRNA_54180,ptg000047l,2328954,2330380,+,1427
lncRNA_54181,ptg000047l,2428185,2429230,+,1046
lncRNA_54182,ptg000047l,2436515,2442324,+,5810
lncRNA_54184,ptg000047l,2537523,2543407,+,5885
lncRNA_54185,ptg000047l,2537668,2543407,+,5740
lncRNA_54186,ptg000047l,2626762,2638226,+,11465
lncRNA_54187,ptg000047l,2628007,2638226,+,10220
lncRNA_54190,ptg000047l,2908347,2913977,+,5631
lncRNA_54191,ptg000047l,2959261,2975049,+,15789
lncRNA_54192,ptg000047l,3043360,3044583,+,1224
lncRNA_54193,ptg000047l,3049928,3050404,+,477
lncRNA_54194,ptg000047l,3225739,3226865,+,1127
lncRNA_54196,ptg000047l,3257149,3258285,+,1137
lncRNA_54197,ptg000047l,3286171,3286596,+,426
lncRNA_54228,ptg000047l,3690866,3754803,+,63938
lncRNA_54230,ptg000047l,3816093,3820571,+,4479
lncRNA_54231,ptg000047l,3836999,3839134,+,2136
lncRNA_54232,ptg000047l,3893416,3924514,+,31099
lncRNA_54233,ptg000047l,3893536,3923072,+,29537
lncRNA_54234,ptg000047l,3894250,3924514,+,30265
lncRNA_54235,ptg000047l,3894287,3924009,+,29723
lncRNA_54241,ptg000047l,3932801,3937507,+,4707
lncRNA_54242,ptg000047l,3981496,3982606,+,1111
lncRNA_54243,ptg000047l,4036354,4038316,+,1963
lncRNA_54244,ptg000047l,4193371,4198620,+,5250
lncRNA_54245,ptg000047l,4193932,4198620,+,4689
lncRNA_54246,ptg000047l,4213386,4215126,+,1741
lncRNA_54247,ptg000047l,4251590,4257718,+,6129
lncRNA_54249,ptg000047l,4306616,4307551,+,936
lncRNA_54250,ptg000047l,4314670,4315803,+,1134
lncRNA_54251,ptg000047l,4365436,4366247,+,812
lncRNA_54253,ptg000047l,4414334,4414750,+,417
lncRNA_54254,ptg000047l,4487860,4488813,+,954
lncRNA_54255,ptg000047l,4494423,4496694,+,2272
lncRNA_54258,ptg000047l,4583221,4584360,+,1140
lncRNA_54259,ptg000047l,4585311,4611468,+,26158
lncRNA_54260,ptg000047l,4585317,4607150,+,21834
lncRNA_54261,ptg000047l,4585320,4609192,+,23873
lncRNA_54263,ptg000047l,4592022,4609490,+,17469
lncRNA_54264,ptg000047l,4595133,4609490,+,14358
lncRNA_54265,ptg000047l,4595150,4606576,+,11427
lncRNA_54266,ptg000047l,4697057,4705350,+,8294
lncRNA_54267,ptg000047l,4809517,4815872,+,6356
lncRNA_54273,ptg000047l,4860633,4869157,+,8525
lncRNA_54274,ptg000047l,4861470,4875399,+,13930
lncRNA_54275,ptg000047l,4867064,4888530,+,21467
lncRNA_54278,ptg000047l,4985307,4998217,+,12911
lncRNA_54281,ptg000047l,5201744,5204066,+,2323
lncRNA_54282,ptg000047l,5251735,5253298,+,1564
lncRNA_54285,ptg000047l,5281031,5284414,+,3384
lncRNA_54286,ptg000047l,5290849,5298067,+,7219
lncRNA_54295,ptg000047l,5313266,5316050,+,2785
lncRNA_54296,ptg000047l,5316158,5322287,+,6130
lncRNA_54297,ptg000047l,5316605,5322287,+,5683
lncRNA_54299,ptg000047l,5317096,5322287,+,5192
lncRNA_54301,ptg000047l,5317259,5322287,+,5029
lncRNA_54302,ptg000047l,5317931,5322287,+,4357
lncRNA_54303,ptg000047l,5318106,5321651,+,3546
lncRNA_54306,ptg000047l,5416241,5422071,+,5831
lncRNA_54307,ptg000047l,5416354,5422480,+,6127
lncRNA_54308,ptg000047l,5520275,5520640,+,366
lncRNA_54309,ptg000047l,5605231,5619609,+,14379
lncRNA_54310,ptg000047l,5609335,5644922,+,35588
lncRNA_54312,ptg000047l,5641307,5644922,+,3616
lncRNA_54316,ptg000047l,5711482,5721205,+,9724
lncRNA_54317,ptg000047l,5711544,5714516,+,2973
lncRNA_54318,ptg000047l,5711585,5714516,+,2932
lncRNA_54319,ptg000047l,5711587,5714963,+,3377
lncRNA_54320,ptg000047l,5711587,5721205,+,9619
lncRNA_54321,ptg000047l,5711851,5718358,+,6508
lncRNA_54322,ptg000047l,5711946,5718358,+,6413
lncRNA_54323,ptg000047l,5712291,5714516,+,2226
lncRNA_54324,ptg000047l,5712291,5721205,+,8915
lncRNA_54326,ptg000047l,5712298,5713844,+,1547
lncRNA_54327,ptg000047l,5712298,5714516,+,2219
lncRNA_54328,ptg000047l,5712538,5714516,+,1979
lncRNA_54329,ptg000047l,5712538,5721205,+,8668
lncRNA_54330,ptg000047l,5712676,5721205,+,8530
lncRNA_54332,ptg000047l,5731608,5732662,+,1055
lncRNA_54333,ptg000047l,5806907,5808153,+,1247
lncRNA_54334,ptg000047l,5815278,5824783,+,9506
lncRNA_54335,ptg000047l,6068944,6071154,+,2211
lncRNA_54337,ptg000047l,6257814,6269589,+,11776
lncRNA_54339,ptg000047l,6359631,6361107,+,1477
lncRNA_54340,ptg000047l,6386847,6387296,+,450
lncRNA_54341,ptg000047l,6473869,6478783,+,4915
lncRNA_54342,ptg000047l,6473869,6490239,+,16371
lncRNA_54343,ptg000047l,6473882,6490239,+,16358
lncRNA_54344,ptg000047l,6473893,6490239,+,16347
lncRNA_54345,ptg000047l,6503898,6545539,+,41642
lncRNA_54346,ptg000047l,6503901,6528516,+,24616
lncRNA_54347,ptg000047l,6503901,6545539,+,41639
lncRNA_54350,ptg000047l,6504348,6598504,+,94157
lncRNA_54351,ptg000047l,6512487,6627570,+,115084
lncRNA_54352,ptg000047l,6597727,6627570,+,29844
lncRNA_54353,ptg000047l,6612089,6627570,+,15482
lncRNA_54354,ptg000047l,6612142,6627570,+,15429
lncRNA_54355,ptg000047l,6615149,6620457,+,5309
lncRNA_54356,ptg000047l,6623850,6628396,+,4547
lncRNA_54365,ptg000047l,6681149,6685323,+,4175
lncRNA_54367,ptg000047l,6972013,6977439,+,5427
lncRNA_54368,ptg000047l,7116547,7120142,+,3596
lncRNA_54369,ptg000047l,7116616,7121791,+,5176
lncRNA_54371,ptg000047l,7170635,7201932,+,31298
lncRNA_54372,ptg000047l,7170635,7212044,+,41410
lncRNA_54373,ptg000047l,7170850,7176001,+,5152
lncRNA_54374,ptg000047l,7180725,7207207,+,26483
lncRNA_54375,ptg000047l,7183515,7185975,+,2461
lncRNA_54376,ptg000047l,7183524,7199967,+,16444
lncRNA_54377,ptg000047l,7183787,7185975,+,2189
lncRNA_54378,ptg000047l,7183794,7185975,+,2182
lncRNA_54385,ptg000047l,7229936,7237472,+,7537
lncRNA_54386,ptg000047l,7230187,7237472,+,7286
lncRNA_54387,ptg000047l,7230268,7237472,+,7205
lncRNA_54388,ptg000047l,7230587,7237472,+,6886
lncRNA_54391,ptg000047l,7377857,7379729,+,1873
lncRNA_54392,ptg000047l,7396351,7404210,+,7860
lncRNA_54393,ptg000047l,7396506,7404210,+,7705
lncRNA_54394,ptg000047l,7396543,7404210,+,7668
lncRNA_54396,ptg000047l,7600554,7609172,+,8619
lncRNA_54397,ptg000047l,7627446,7628945,+,1500
lncRNA_54398,ptg000047l,7628290,7629356,+,1067
lncRNA_54399,ptg000047l,7661094,7667857,+,6764
lncRNA_54400,ptg000047l,7695163,7698457,+,3295
lncRNA_54401,ptg000047l,7794367,7798266,+,3900
lncRNA_54403,ptg000047l,7894423,7899141,+,4719
lncRNA_54404,ptg000047l,7894427,7899141,+,4715
lncRNA_54405,ptg000047l,7914826,7917201,+,2376
lncRNA_54406,ptg000047l,7914859,7917201,+,2343
lncRNA_54409,ptg000047l,8086294,8097888,+,11595
lncRNA_54410,ptg000047l,8256993,8259640,+,2648
lncRNA_54411,ptg000047l,8257017,8262556,+,5540
lncRNA_54412,ptg000047l,8257658,8262556,+,4899
lncRNA_54413,ptg000047l,8258094,8262556,+,4463
lncRNA_54414,ptg000047l,8394656,8398275,+,3620
lncRNA_54415,ptg000047l,8394718,8399850,+,5133
lncRNA_54416,ptg000047l,8394897,8399850,+,4954
lncRNA_54417,ptg000047l,8409789,8412773,+,2985
lncRNA_54418,ptg000047l,8410953,8412773,+,1821
lncRNA_54419,ptg000047l,8441880,8443774,+,1895
lncRNA_54420,ptg000047l,8522153,8523898,+,1746
lncRNA_54421,ptg000047l,8522550,8523898,+,1349
lncRNA_54424,ptg000047l,8549970,8551912,+,1943
lncRNA_54427,ptg000047l,8555480,8566969,+,11490
lncRNA_54428,ptg000047l,8689204,8691733,+,2530
lncRNA_54429,ptg000047l,8691931,8695865,+,3935
lncRNA_54430,ptg000047l,8716833,8719052,+,2220
lncRNA_54434,ptg000047l,8863195,8864875,+,1681
lncRNA_54439,ptg000047l,8880627,8882572,+,1946
lncRNA_54440,ptg000047l,8907791,8910135,+,2345
lncRNA_54441,ptg000047l,8907810,8910135,+,2326
lncRNA_54442,ptg000047l,8907818,8910135,+,2318
lncRNA_54447,ptg000047l,8970331,8974003,+,3673
lncRNA_54448,ptg000047l,8964050,8967223,+,3174
lncRNA_54449,ptg000047l,8980063,8981525,+,1463
lncRNA_54452,ptg000047l,9061524,9063637,+,2114
lncRNA_54456,ptg000047l,9110611,9116909,+,6299
lncRNA_54457,ptg000047l,9110833,9116909,+,6077
lncRNA_54458,ptg000047l,9111676,9125165,+,13490
lncRNA_54459,ptg000047l,9118756,9124381,+,5626
lncRNA_54460,ptg000047l,9122259,9125165,+,2907
lncRNA_54462,ptg000047l,9125995,9135518,+,9524
lncRNA_54463,ptg000047l,9179854,9181714,+,1861
lncRNA_54465,ptg000047l,9199883,9201444,+,1562
lncRNA_54466,ptg000047l,9213781,9215245,+,1465
lncRNA_54467,ptg000047l,9224096,9227848,+,3753
lncRNA_54468,ptg000047l,9225023,9226260,+,1238
lncRNA_54469,ptg000047l,9438198,9438655,+,458
lncRNA_54470,ptg000047l,9544081,9546370,+,2290
lncRNA_54471,ptg000047l,9544159,9546657,+,2499
lncRNA_54472,ptg000047l,9556990,9565991,+,9002
lncRNA_54473,ptg000047l,9556995,9565490,+,8496
lncRNA_54475,ptg000047l,9570747,9573222,+,2476
lncRNA_54476,ptg000047l,9612257,9614138,+,1882
lncRNA_54477,ptg000047l,9750486,9768020,+,17535
lncRNA_54479,ptg000047l,9771450,9775435,+,3986
lncRNA_54480,ptg000047l,9772655,9775435,+,2781
lncRNA_54481,ptg000047l,9773360,9775435,+,2076
lncRNA_54482,ptg000047l,9773483,9775435,+,1953
lncRNA_54484,ptg000047l,9984412,9988877,+,4466
lncRNA_54485,ptg000047l,9985253,9988877,+,3625
lncRNA_54491,ptg000047l,10197209,10198926,+,1718
lncRNA_54495,ptg000047l,10481843,10501375,+,19533
lncRNA_54496,ptg000047l,10484320,10496797,+,12478
lncRNA_54497,ptg000047l,10504645,10506971,+,2327
lncRNA_54498,ptg000047l,10506319,10513451,+,7133
lncRNA_54502,ptg000047l,10673694,10674247,+,554
lncRNA_54503,ptg000047l,10679610,10681350,+,1741
lncRNA_54506,ptg000047l,10856504,10857780,+,1277
lncRNA_54507,ptg000047l,10857903,10863368,+,5466
lncRNA_54508,ptg000047l,10954723,10955312,+,590
lncRNA_54509,ptg000047l,11002467,11005035,+,2569
lncRNA_54510,ptg000047l,11011199,11011974,+,776
lncRNA_54511,ptg000047l,11057497,11060122,+,2626
lncRNA_54512,ptg000047l,11141943,11144444,+,2502
lncRNA_54515,ptg000047l,11182251,11187064,+,4814
lncRNA_54516,ptg000047l,11198367,11201887,+,3521
lncRNA_54517,ptg000047l,11198380,11201887,+,3508
lncRNA_54518,ptg000047l,11198410,11201887,+,3478
lncRNA_54519,ptg000047l,11224381,11235720,+,11340
lncRNA_54530,ptg000047l,550523,552886,+,2364
lncRNA_54551,ptg000047l,2452831,2453788,+,958
lncRNA_54555,ptg000047l,2518453,2520046,+,1594
lncRNA_54583,ptg000047l,4072185,4073014,+,830
lncRNA_54606,ptg000047l,5196318,5197393,+,1076
lncRNA_54619,ptg000047l,5486250,5487135,+,886
lncRNA_54633,ptg000047l,6615426,6616146,+,721
lncRNA_54645,ptg000047l,7145846,7148086,+,2241
lncRNA_54659,ptg000047l,8084605,8085688,+,1084
lncRNA_54660,ptg000047l,8113054,8113767,+,714
lncRNA_54674,ptg000047l,8842974,8843200,+,227
lncRNA_54676,ptg000047l,9191117,9191754,+,638
lncRNA_54682,ptg000047l,9534948,9535980,+,1033
lncRNA_54695,ptg000047l,10469370,10469814,+,445
lncRNA_54698,ptg000047l,10575285,10576418,+,1134
lncRNA_54707,ptg000047l,11231569,11232211,+,643
lncRNA_54719,ptg000049l,627292,632333,+,5042
lncRNA_54727,ptg000049l,980746,981587,+,842
lncRNA_54731,ptg000049l,1150028,1152973,+,2946
lncRNA_54732,ptg000049l,1154855,1156608,+,1754
lncRNA_54741,ptg000049l,1356506,1496897,+,140392
lncRNA_54781,ptg000049l,1916121,2057143,+,141023
lncRNA_54793,ptg000049l,2104698,2109546,+,4849
lncRNA_54794,ptg000049l,2104898,2109546,+,4649
lncRNA_54797,ptg000049l,2404858,2407010,+,2153
lncRNA_54802,ptg000049l,60014,61778,+,1765
lncRNA_54814,ptg000049l,627198,632364,+,5167
lncRNA_54824,ptg000049l,920861,932238,+,11378
lncRNA_54825,ptg000049l,1177213,1185059,+,7847
lncRNA_54830,ptg000049l,1281941,1293958,+,12018
lncRNA_54837,ptg000049l,1512685,1519776,+,7092
lncRNA_54843,ptg000049l,2093161,2094970,+,1810
lncRNA_54844,ptg000049l,2102045,2104523,+,2479
lncRNA_54852,ptg000049l,2319078,2367505,+,48428
lncRNA_54854,ptg000049l,2347266,2351772,+,4507
lncRNA_54855,ptg000049l,2365225,2367505,+,2281
lncRNA_54872,ptg000049l,655925,657906,+,1982
lncRNA_54888,ptg000049l,748903,750991,+,2089
lncRNA_54891,ptg000049l,795313,797759,+,2447
lncRNA_54893,ptg000049l,802312,803609,+,1298
lncRNA_54921,ptg000049l,1140574,1143070,+,2497
lncRNA_54931,ptg000049l,1223353,1225021,+,1669
lncRNA_54989,ptg000049l,2185749,2187170,+,1422
lncRNA_54994,ptg000049l,2231270,2232186,+,917
lncRNA_54997,ptg000049l,2254069,2255173,+,1105
lncRNA_55044,ptg000059l,118185,137062,+,18878
lncRNA_55056,ptg000059l,193941,237302,+,43362
lncRNA_55061,ptg000059l,202032,246027,+,43996
lncRNA_55074,ptg000059l,253740,260594,+,6855
lncRNA_55087,ptg000059l,372710,394918,+,22209
lncRNA_55088,ptg000059l,374013,390999,+,16987
lncRNA_55099,ptg000059l,448320,468750,+,20431
lncRNA_55100,ptg000059l,448348,468750,+,20403
lncRNA_55102,ptg000059l,466803,534881,+,68079
lncRNA_55104,ptg000059l,468845,520912,+,52068
lncRNA_55115,ptg000059l,509974,582451,+,72478
lncRNA_55119,ptg000059l,530470,583720,+,53251
lncRNA_55139,ptg000059l,626829,745442,+,118614
lncRNA_55175,ptg000059l,787034,793393,+,6360
lncRNA_55194,ptg000059l,874340,1062829,+,188490
lncRNA_55239,ptg000059l,1106432,1126093,+,19662
lncRNA_55292,ptg000059l,1402588,1447109,+,44522
lncRNA_55311,ptg000059l,113946,169797,+,55852
lncRNA_55313,ptg000059l,128227,177935,+,49709
lncRNA_55320,ptg000059l,262025,263018,+,994
lncRNA_55327,ptg000059l,433235,435977,+,2743
lncRNA_55331,ptg000059l,487245,535555,+,48311
lncRNA_55337,ptg000059l,567481,643715,+,76235
lncRNA_55351,ptg000059l,789729,796723,+,6995
lncRNA_55361,ptg000059l,964057,1013474,+,49418
lncRNA_55369,ptg000059l,1042735,1141452,+,98718
lncRNA_55429,ptg000059l,805902,809310,+,3409
lncRNA_55495,ptg000060c,34273,49744,+,15472
lncRNA_55595,ptg000061l,186346,207579,+,21234
lncRNA_55637,ptg000072c,11286,25901,+,14616
lncRNA_55638,ptg000072c,92559,116058,+,23500
lncRNA_55648,ptg000072c,221736,237964,+,16229
lncRNA_55650,ptg000072c,248353,260877,+,12525
lncRNA_55651,ptg000072c,345102,361501,+,16400
lncRNA_55652,ptg000072c,335967,350551,+,14585
lncRNA_55653,ptg000072c,336020,405650,+,69631
lncRNA_55654,ptg000072c,361590,405650,+,44061
lncRNA_55655,ptg000072c,361614,376463,+,14850
lncRNA_55656,ptg000072c,370688,404877,+,34190
lncRNA_55657,ptg000072c,102285,139440,+,37156
lncRNA_55659,ptg000072c,136118,264094,+,127977
lncRNA_55660,ptg000072c,148897,238691,+,89795
lncRNA_55663,ptg000072c,161287,223306,+,62020
lncRNA_55669,ptg000072c,222083,238691,+,16609
lncRNA_55670,ptg000072c,235413,273169,+,37757
lncRNA_55672,ptg000072c,258629,272865,+,14237
lncRNA_55673,ptg000072c,260933,273169,+,12237
lncRNA_55674,ptg000072c,295037,313173,+,18137
lncRNA_55676,ptg000072c,11286,56636,+,45351
lncRNA_55677,ptg000072c,164949,240816,+,75868
lncRNA_55679,ptg000072c,261341,273656,+,12316
lncRNA_55680,ptg000072c,335967,350563,+,14597
lncRNA_55681,ptg000072c,336017,350563,+,14547
lncRNA_55682,ptg000072c,358088,404164,+,46077
lncRNA_55683,ptg000072c,374359,405650,+,31292
lncRNA_55685,ptg000073l,31326,48893,+,17568
lncRNA_55687,ptg000073l,72814,87245,+,14432
lncRNA_55688,ptg000073l,72828,87245,+,14418
lncRNA_55689,ptg000073l,72828,100516,+,27689
lncRNA_55690,ptg000073l,72846,87245,+,14400
lncRNA_55691,ptg000073l,95033,127029,+,31997
lncRNA_55692,ptg000073l,96922,127029,+,30108
lncRNA_55693,ptg000073l,96988,111581,+,14594
lncRNA_55694,ptg000073l,111599,127029,+,15431
lncRNA_55695,ptg000073l,111611,127029,+,15419
lncRNA_55696,ptg000073l,135341,165186,+,29846
lncRNA_55697,ptg000073l,136600,162864,+,26265
lncRNA_55698,ptg000073l,138991,166585,+,27595
lncRNA_55699,ptg000073l,148079,166585,+,18507
lncRNA_55701,ptg000073l,83674,98330,+,14657
lncRNA_55702,ptg000073l,201698,215312,+,13615
lncRNA_55704,ptg000073l,212400,241673,+,29274
lncRNA_55705,ptg000073l,227950,243493,+,15544
lncRNA_55706,ptg000073l,238378,251906,+,13529
lncRNA_55709,ptg000073l,254102,303820,+,49719
lncRNA_55710,ptg000073l,265438,303084,+,37647
lncRNA_55711,ptg000073l,286050,301991,+,15942
lncRNA_55713,ptg000073l,290618,353401,+,62784
lncRNA_55714,ptg000073l,310442,353401,+,42960
lncRNA_55715,ptg000073l,314106,353401,+,39296
lncRNA_55717,ptg000073l,338429,353401,+,14973
lncRNA_55718,ptg000073l,338437,353401,+,14965
lncRNA_55719,ptg000073l,338443,395954,+,57512
lncRNA_55720,ptg000073l,338454,395954,+,57501
lncRNA_55721,ptg000073l,364743,395954,+,31212
lncRNA_55722,ptg000073l,373241,395954,+,22714
lncRNA_55723,ptg000073l,336222,364305,+,28084
lncRNA_55724,ptg000073l,336475,364576,+,28102
lncRNA_55725,ptg000073l,390467,408536,+,18070
lncRNA_55726,ptg000073l,31323,100510,+,69188
lncRNA_55727,ptg000073l,31326,85372,+,54047
lncRNA_55728,ptg000073l,31333,87186,+,55854
lncRNA_55729,ptg000073l,31420,83545,+,52126
lncRNA_55730,ptg000073l,32289,47858,+,15570
lncRNA_55731,ptg000073l,44199,138839,+,94641
lncRNA_55732,ptg000073l,56787,153284,+,96498
lncRNA_55733,ptg000073l,69217,165084,+,95868
lncRNA_55734,ptg000073l,70904,85372,+,14469
lncRNA_55735,ptg000073l,82005,165084,+,83080
lncRNA_55736,ptg000073l,95033,125152,+,30120
lncRNA_55737,ptg000073l,95042,150019,+,54978
lncRNA_55738,ptg000073l,95077,122369,+,27293
lncRNA_55740,ptg000073l,95096,165084,+,69989
lncRNA_55741,ptg000073l,98688,113419,+,14732
lncRNA_55742,ptg000073l,98689,127009,+,28321
lncRNA_55743,ptg000073l,98689,153284,+,54596
lncRNA_55744,ptg000073l,110214,153284,+,43071
lncRNA_55745,ptg000073l,125434,166585,+,41152
lncRNA_55746,ptg000073l,135329,163662,+,28334
lncRNA_55747,ptg000073l,147771,163662,+,15892
lncRNA_55748,ptg000073l,224337,301987,+,77651
lncRNA_55749,ptg000073l,238010,301987,+,63978
lncRNA_55750,ptg000073l,250011,288136,+,38126
lncRNA_55751,ptg000073l,261891,301987,+,40097
lncRNA_55752,ptg000073l,261904,395008,+,133105
lncRNA_55753,ptg000073l,261906,408536,+,146631
lncRNA_55754,ptg000073l,273771,312517,+,38747
lncRNA_55755,ptg000073l,273771,350190,+,76420
lncRNA_55756,ptg000073l,286046,378745,+,92700
lncRNA_55757,ptg000073l,338407,353401,+,14995
lncRNA_55758,ptg000073l,338407,366507,+,28101
lncRNA_55759,ptg000073l,338424,353401,+,14978
lncRNA_55760,ptg000073l,348056,405878,+,57823
lncRNA_55761,ptg000073l,361002,395008,+,34007
lncRNA_55762,ptg000073l,361052,405083,+,44032
lncRNA_55763,ptg000073l,361159,405574,+,44416
lncRNA_55764,ptg000073l,364746,395954,+,31209
lncRNA_55766,ptg000073l,376944,395954,+,19011
lncRNA_55771,ptg000076l,43072,61308,+,18237
lncRNA_55772,ptg000076l,70610,74166,+,3557
lncRNA_55773,ptg000076l,90179,101948,+,11770
lncRNA_55774,ptg000076l,92369,118233,+,25865
lncRNA_55777,ptg000076l,12337,47933,+,35597
lncRNA_55778,ptg000076l,12353,57677,+,45325
lncRNA_55779,ptg000076l,68688,114600,+,45913
lncRNA_55780,ptg000076l,68693,114600,+,45908
lncRNA_55781,ptg000076l,69923,103265,+,33343
lncRNA_55782,ptg000076l,92370,105482,+,13113
lncRNA_55783,ptg000076l,92385,105482,+,13098
lncRNA_55784,ptg000076l,100025,114600,+,14576
lncRNA_55785,ptg000076l,100059,114600,+,14542
lncRNA_55814,ptg000086l,27295,29656,+,2362
lncRNA_55815,ptg000086l,27333,30207,+,2875
lncRNA_55927,ptg000126l,19531,20380,+,850
