feature_id,ACR-139-TP1,ACR-139-TP3,ACR-139-TP4,ACR-145-TP1,ACR-145-TP3,ACR-145-TP4,ACR-150-TP1,ACR-150-TP3,ACR-150-TP4,ACR-173-TP1,ACR-173-TP3,ACR-173-TP4,ACR-186-TP1,ACR-186-TP3,ACR-186-TP4,ACR-225-TP1,ACR-225-TP3,ACR-225-TP4,ACR-229-TP1,ACR-229-TP3,ACR-229-TP4,ACR-237-TP1,ACR-237-TP3,ACR-237-TP4,ACR-244-TP1,ACR-244-TP3,ACR-244-TP4,ACR-265-TP1,ACR-265-TP3,POC-201-TP1,POC-201-TP3,POC-219-TP1,POC-219-TP3,POC-219-TP4,POC-222-TP1,POC-222-TP3,POC-222-TP4,POC-255-TP1,POC-255-TP3,POC-255-TP4,POC-259-TP1,POC-259-TP3,POC-259-TP4,POC-40-TP1,POC-40-TP3,POC-40-TP4,POC-42-TP1,POC-42-TP3,POC-42-TP4,POC-52-TP1,POC-52-TP3,POC-52-TP4,POC-53-TP1,POC-53-TP3,POC-53-TP4,POC-57-TP1,POC-57-TP3,POC-57-TP4,POR-216-TP1,POR-216-TP2,POR-216-TP3,POR-216-TP4,POR-236-TP1,POR-236-TP2,POR-245-TP1,POR-245-TP2,POR-245-TP3,POR-245-TP4,POR-260-TP1,POR-260-TP2,POR-260-TP3,POR-260-TP4,POR-262-TP1,POR-262-TP2,POR-262-TP3,POR-262-TP4,POR-69-TP1,POR-69-TP2,POR-69-TP3,POR-69-TP4,POR-72-TP1,POR-72-TP2,POR-72-TP3,POR-72-TP4,POR-73-TP1,POR-73-TP2,POR-73-TP3,POR-73-TP4,POR-74-TP1,POR-74-TP2,POR-74-TP3,POR-74-TP4,POR-83-TP1,POR-83-TP2,POR-83-TP3,POR-83-TP4
Ethanolamine,6511.79052471259,8146.16092315558,6124.48698056753,3871.84409157298,6608.4818217557,10924.6226140975,10244.3811661661,20213.1046362758,4600.74880977731,2696.83925371073,9708.98191761366,8218.39056486627,8590.60752717578,5164.52510768114,3399.43971360706,6491.37610146279,10934.3961715062,13963.679586596,6888.63208404169,10725.6538282484,5503.23280008243,4036.54227722111,15884.3065064927,26464.1230977836,2492.29054229241,8539.01529025366,22236.4687829764,5505.51867383457,9497.08420626531,602.177808013282,725.01951065591,1648.8860270233,809.418034061497,917.338092660725,1017.9781220864,846.886302554717,1300.92064953808,568.394490076521,1386.75846608639,1251.89030300534,2965.99417107026,1003.5596423363,1153.83943044903,1222.20685079061,1134.09333333195,1234.86748615292,1311.41389986026,1024.10806541867,1042.71512000872,876.58627757355,3955.08074382265,1282.56240028454,1423.75090193752,639.068165241757,1071.85096636974,697.052100909442,1523.04888949584,887.973859903784,2514.83767117222,5548.21400951161,3665.19460801122,2371.29994146391,2729.97455491341,1916.2726432754,2206.33287707216,2454.02734759143,612.613680538669,2138.89217976278,1419.72762399258,2999.818760438,2630.34377566363,2360.09971133299,2315.53932337172,2739.66620938853,3802.60360047432,4034.31847097365,2173.12487062298,2278.97271871957,2773.3385144193,2436.91831658903,1427.0815419585,6243.62305305027,1307.24727012564,1584.24676295869,1837.27563623386,3483.57135725989,1086.84701469717,3016.62777383125,2052.0514542721,1894.24611150376,1072.59975239086,1851.06861338212,966.943418189937,2291.41615010377,1597.25441371115,2943.71442423913
Glycine,2987.63757192745,3731.10022014256,13279.4347361506,2588.05694077977,6234.35306182221,3678.62966844195,7297.60228296472,2117.98340601582,1157.66733586621,1527.99844649413,2720.56779656047,2362.66429866671,14309.2480990838,3720.49817381585,2024.2093261633,4333.15395862171,13791.8921967639,4504.27546172801,3866.4453783022,5652.89339771534,3110.14617525918,1686.18085306658,2058.54413930761,2589.99357570616,2679.92394144213,3036.3383967897,2980.30940741401,2854.06135880031,9468.34034355118,4953.58054484374,6908.04719671995,5361.05238141485,4018.2770691322,4686.47540655268,4797.57903875959,2826.81294217076,5883.34580702406,3687.90638501887,5347.76840425425,5920.72629732997,7855.02458153002,4051.71885228883,4802.78686271197,3745.59151787756,4939.3659057539,3096.69778110482,5007.32767651895,5129.13742061113,5370.04438872717,5102.96180551509,6465.73280654528,4473.46034275145,5745.33388032042,6413.10058396897,4649.39479869119,3736.07282963574,7384.94292421916,7591.61044887876,3895.22444402735,4064.41132840033,9456.48367875593,7560.48404041209,5719.89703182422,3776.96317040982,7104.89803698504,4714.57451758894,3307.5155522726,5127.10899390678,4102.61561336067,6125.86412971411,7050.39011003551,7248.27521538073,8107.06635117361,5977.19648331074,6300.65532863827,20763.9150864505,5840.74161306981,3230.73350055402,4547.79471793564,4839.72290899559,6301.62376952281,27806.3416883919,9429.4520511389,6340.86906097147,4514.22847516875,3852.26747111637,4579.11167066549,6480.68836640769,5127.48335522302,4553.84180889323,3736.66310112475,7457.81705974422,4281.39019698659,5109.1104167223,5549.59183738416,10854.1553431632
Alanine,13875.7022889705,71094.3614286697,199966.895935864,10921.1128008761,65207.4424069269,52929.7328522319,35245.6614739781,20363.8706447129,10855.2781209803,8526.40212356009,53283.7316185111,20184.5687458024,106810.213767457,42790.0073422826,14032.4465878372,21732.5375065727,163339.70128573,20242.6731810287,10195.0159685974,28055.052360661,15457.6443197072,9586.84716599487,21399.9960754945,15024.5852356067,19515.8011242418,32125.9720643649,20287.1332138417,14881.729748121,165411.654723198,18884.8428259766,51929.9455876688,40900.4316751282,30280.9016499136,26546.2596552043,20201.1937315562,20157.6689035955,57100.5108029232,8592.02653256472,38613.0593122106,50710.2814130277,75099.8205891536,39621.6946128734,21444.1888457257,24542.9681339484,42155.1895346149,12982.755293803,52088.3508159903,44634.4880007321,24887.5127287301,28054.0134034453,33606.9590448205,24804.2344731496,22765.4653276719,42054.5846727535,21310.7357567805,11221.685454333,44496.202911972,23551.6054020878,20928.5667584012,33579.4344387813,77003.9238740328,52845.0469265302,25686.9571148172,18128.1570195563,27113.7252839258,35053.0224446946,19009.0834093138,31267.4424988763,16414.0081366259,38345.5953615857,47074.2511471699,50859.1723217436,63648.0686248008,30984.8555593008,41193.6367383225,154149.528317485,13486.4303368357,23159.4567829369,33382.5263155764,23702.9521946258,33323.8003537891,117629.634848469,53124.0536169994,23049.476090884,29122.1301923601,38374.4926638979,25104.0884704777,64104.5418955632,27717.1904063418,20039.200635242,18673.001860339,57588.1233965654,20148.2027503062,31419.9465746032,34068.1285947909,79691.5250651691
Sarcosine,9600.84246212141,14292.5168374798,669.419356702333,372.39519269451,2370.2487268204,1019.37807101062,891.630218739386,255.815907519725,255.682882814647,4522.93650258366,396.654799016615,302.420664960854,1224.81313536851,434.683081748476,498.848123332959,736.661859054347,358.701810958465,6411.1744155771,933.822989843996,1651.70754537055,1090.72013249669,229.70889475044,239.940987996959,406.235998436127,861.748207737401,32308.3086855488,3523.2138521549,643.941299336761,2071.58451196053,3120.12988438592,3423.59839306148,4715.78849344408,5633.74286548244,2831.23004809873,4500.61699018015,3643.91241859371,4271.09412369472,2300.50101316989,3053.62028096758,5004.16791362195,1485.59573576074,2170.75705986845,3919.69572010099,1596.05385734425,4391.20529982686,1829.62345310917,1194.89590681548,674.98371210977,2041.38600707869,3369.21133952416,8584.90199974773,4636.79177239998,2930.74052222497,4367.51806696729,1521.42768898254,2864.49566346443,6390.88660121897,4466.07455368951,112.699823212655,546.817891628658,146.288649153507,1580.27043981066,,615.901594735726,748.626782525147,641.658434535912,283.861688324594,646.565365765599,607.392012702948,734.05378672588,142.723554516248,531.870724251074,155.225785054599,902.892390463572,1207.48524903844,3750.29039383816,249.770724370083,,908.562134370823,714.047917872378,683.710239923668,436.204949139129,889.017325555539,800.31395760247,423.204698763598,221.299161345537,620.826580100987,184.847139218525,444.664644627536,942.32994413818,539.157106331688,1013.41365483419,,470.437138894516,292.242386666954,279.342772914307
Choline,592058.088978169,2161081.3775035,2269612.02870055,700530.771088347,2770264.60982123,3260053.79276849,3346658.00494248,1508937.51897432,791194.316209596,563738.53683897,1653918.0064376,1354991.7443209,2573475.57904453,1152917.19059329,925703.36362934,657885.008633953,5158596.37850086,856611.664333006,571271.482318547,1484713.67795863,575109.939027598,360891.017580194,1312641.8349444,852773.927209306,1130465.86983683,1990839.74003655,958558.699493475,807193.896289473,4397301.07939761,929889.190269287,1623306.06498313,1872544.27460618,1448843.4243459,1453174.11958541,1407162.74799867,1074341.18846638,2095767.19677452,473075.669317704,1783446.06628193,2055786.14627072,1893032.0660417,2502513.09054373,1532887.35712119,1151216.01093049,1652504.3050502,816645.972208825,1385352.23105531,1313509.87593413,811766.560865754,1458986.95660309,1839981.45996731,1094741.16864708,1082034.3892947,1520291.93476125,840722.701517379,672132.575452213,2557878.07256507,704595.237160029,617608.805289686,921104.796860728,1619078.20895953,1309420.53348857,1037328.88953663,916968.647010981,568305.279601185,745134.964164345,251709.121873108,906600.039852459,278279.992613685,801515.573723124,824730.168387751,489463.922840524,941338.788862906,1083880.69309739,1110594.18670651,1086515.76979326,465825.785794079,794767.509123337,1351499.19037045,701141.622892524,1205125.33984782,1262696.27738839,1150126.83729504,1239136.24810969,659360.96107623,978466.568412322,276890.243588775,974358.455617926,1166882.37575518,1617095.52706788,657318.685262001,646411.445740367,341709.525977513,789667.632393208,802860.456414966,2091079.27931555
2-Aminobutyrate,1028.05716616506,2992.47891231367,3321.59711961127,794.530878666959,1032.40010404037,1512.87569186947,,821.836693657803,740.200571542958,973.284518387498,999.377563493041,1139.98362545483,844.770592059516,870.400361978708,787.780703557701,1126.36178318015,597.3504888677,1428.29213141611,1481.50257319613,738.181723391263,488.500867418319,773.000357780323,828.867896465026,773.458816607461,2256.07452582115,1182.87406168434,936.908461427019,1256.15536276742,,3933.43588965921,2327.70690078205,3314.66933745677,1951.97243584873,2068.45137272169,1604.89936130458,1981.6047904912,3875.06108753368,1359.08103422023,3151.78141043295,2675.06160499045,1130.59524071969,2849.47009897437,1855.33204031192,548.777092537627,2228.78503912293,1440.06730143382,1352.53129540585,1644.21010869781,1555.07021635374,1073.85269060838,2153.0393294281,2558.38039692401,2449.46074437438,2312.64638277701,1823.95635816997,1044.89957865918,1927.27837134945,1932.43238908423,425.485601852302,4138.21522555413,446.387285178265,2649.96230130156,,1194.10651176539,1491.0325560203,3202.58064618703,669.453331149793,2062.29859729388,902.287659519607,2587.94550735635,823.198343316044,2469.16360952807,1010.42606467138,2534.23158222142,1104.02289785587,3027.49913677758,453.19337203577,789.241437752824,1223.45043740038,1067.85519871828,1497.27754113229,1130.42222876995,,1140.09108773032,,3385.8205460309,1806.09320231155,321.323134409395,,1222.47626237151,800.379314531286,6020.5626937083,1431.83912891283,1969.65958553799,1901.60198960298,1240.56979602213
Dimethylglycine,706.866901488542,8769.00314466414,2099.52736150711,1339.77354733371,12694.045412147,5250.43069571378,5233.73211019431,2358.73577947614,883.188984080294,1541.64609234196,4253.80007284274,3185.19574410257,3895.20015733705,1064.50700589797,1885.41259746039,2424.68075009742,9615.0590961257,497.565426808194,,6807.79420227667,1073.41543659593,1226.25129915071,2189.70347074837,638.174104150095,7028.50174852311,15844.9547577844,656.370864797296,3060.83205388856,11664.610281068,1547.50575424264,2719.64368616327,5112.70922598866,3644.36736719206,2584.13919157241,3110.99565132593,6297.36957664648,2427.18963312161,1707.53323532863,2534.7630827083,3774.92604890168,1888.33647733988,4866.99698649225,3400.39025219246,2743.45620759407,1378.25943774799,3173.74165814495,1447.09551206682,1823.92882548572,2597.99810802238,2431.73236525779,2507.83543196278,1769.00459385101,865.794225279811,2779.23269759912,2410.95563152192,1710.86341489868,3499.33937337847,1426.79928683098,445.80542078993,715.608576038853,957.26265891788,1413.62668758581,1380.92829185097,2223.09981128262,936.268009563922,871.499335494835,,1132.54729322864,1454.44563634088,4148.32167964921,1446.95732486392,1679.90551438112,1136.34077385555,2121.28054696266,873.887171781692,6355.07772551932,246.591261115224,1117.51887545374,1782.3277584683,648.640958756022,4912.43425786288,1300.48860963334,4389.15867837782,4025.4316682467,1741.00259613996,4018.02354372298,1257.2427458675,463.909125299334,2023.81205435359,2367.115752763,680.431863976229,1051.27646401096,574.602477829877,2103.19806166702,2058.31547067917,1649.51530898992
2-Aminoisobutyric Acid,12769.708828392,1682.92814486968,3571.88733099549,7712.09928334144,1375.69785489421,4769.60017707948,13784.0696191792,1400.97270571303,1777.16158797939,11951.4419954705,1728.86755422791,1610.43382203132,18620.149806246,2186.82712512361,1973.06750420725,432.838867512525,1509.30615388912,2080.17664723061,539.266894071366,717.809530190995,683.188878735729,492.763354247163,1874.90362196021,1908.48394199461,779.954008700555,1935.56448217983,1938.32386336474,628.73166333466,2819.89478426487,368.296425134428,966.142988000776,204.585807349734,1187.00546775335,231.775582456776,274.044102074602,332.349692273139,355.305612617669,238.804102485481,4544.87430084903,440.363436536151,134.983229205703,2178.72392086793,723.413447257442,2919.49735039545,298.14219253447,255.079659313769,1851.67052606803,1073.36803847976,824.481712743502,368.480584653836,1432.96118153789,426.783176717588,741.919450396545,879.582594893741,397.772305286992,463.677282132797,767.204854374973,197.638796012168,323.816263733198,359.682964684971,478.222805209511,1384.96392601793,295.516873378538,766.167983813422,595.942211650294,751.686975361818,16277.5042205803,712.422048825919,326.664454643222,1009.9466908884,298.954219007051,550.164480551714,1307.33228830924,518.738212307073,624.887739982433,2843.20601170636,1516.66384263124,642.002964894487,1334.00990822969,1166.31291050879,845.724897105317,2421.45640122954,1650.23509933913,520.168865609705,563.455188482815,637.696503206436,1446.32878400924,569.534664958046,926.252126877403,648.139954853086,1075.18512698408,1289.46289722625,1133.72325972618,1651.04502098249,920.81246880127,731.90846491591
Serine,33018.6426580911,96982.6044440516,320459.948076252,41216.7369420981,122104.822172529,109432.165257728,96620.6981773534,52481.1844843181,27877.8256397288,22754.1513688726,103847.979445304,43745.9301531926,206285.619861235,90035.6434833348,37584.9650212469,47935.4907765019,315023.444507252,59706.1399684786,37937.0984724113,66652.3136090893,41738.2004695023,41677.9042862098,51507.5714653909,54675.6241848984,60982.2627179107,70588.3855104387,75247.0186649634,43749.9553693956,279891.509156027,54781.8146335958,158571.197960184,104841.887161896,80717.6392322914,71119.9742555248,63680.5712883978,57784.685233498,155539.772625306,34947.2766371969,122978.553392601,155172.758269368,223246.457435597,92869.2552952137,86010.0564428177,66154.3013469884,119695.300471139,48488.8804339329,162128.397928387,138786.102538904,80586.9470990915,92317.6869049167,121161.362937399,77160.375332483,94920.8440015739,117642.68247515,60866.266986824,43989.4045327653,128099.17221051,86625.7286639305,58801.9114212028,89525.2152514706,256032.632627909,133205.708498904,67053.3402441615,51233.6355402521,52283.9131904311,62857.1904629753,40549.2801651599,58769.3035406405,45238.195531531,94725.5824039844,126925.729675213,115628.08740367,155369.558552219,73531.9093587833,82600.7981528025,325337.999620128,76848.1482114181,59026.8759685774,107039.941908552,75044.2717733946,85805.3224770357,108918.849478849,114883.530928458,74728.8871275917,63090.7104130774,50009.5383586245,47528.0965995448,179534.094806249,59616.8565533935,58126.5417134563,51889.1692035971,79750.4649206499,50434.3802557093,68983.1312444283,103443.581290108,229626.831912522
Hypotaurine,931.624859096549,746.347060153939,110.766331481111,1389.88190572545,1944.65582839492,1776.48271066321,367.582012698547,1301.7823595194,1832.9435032073,5075.78262666239,3642.8976900618,11458.618993884,388.222523002534,1576.45472770548,3817.43891857072,896.766521963776,,1139.81219586233,1072.19145615383,1303.05092554348,418.375104804548,1189.40082775104,1304.3174448633,1491.40469062075,2645.23292606899,2153.76561517268,1980.27187695633,821.111643360773,253.563582856334,789.8076089109,805.674062295392,907.619218142082,427.511828236821,342.006082834995,1418.74206933137,1073.95630325231,538.624561925934,716.816807865956,1208.44131904929,1326.05089144302,970.849053908917,1445.44721424873,1983.70055324737,1651.83992551023,558.653256565124,1153.85818255649,1057.68870988431,1098.83215660631,1170.66369431574,1476.9071125916,3439.13442523909,1538.09479460016,1477.11521435797,514.784226890524,230.395213976537,920.004592410943,870.97249867245,2083.07810860166,668.802423518559,1260.14526705572,79.0133257527286,1651.28736039874,250.385363508659,990.837323304752,956.424832394906,1511.3510733127,516.695295354352,1210.68310544657,3868.11779018225,833.561430094803,353.101772431285,4368.74786567495,733.682237333701,1093.86979377944,818.889440601281,2983.76102763855,2814.89604569456,944.541007980836,1463.75014277434,3036.21761284948,2190.36763660455,18076.2337445781,1009.52383353685,1848.66010811365,1406.67707827842,2060.69933664991,1806.32306854942,232.568718793891,466.443286954808,1299.73895492923,690.524801645845,1999.23880682763,925.331856125778,1657.38683937906,1791.36857230356,210.972861519472
Proline,10808.065853154,17381.3753463422,129864.79446474,31916.7467091663,13311.9301460625,21198.9878079564,16047.185456766,9872.31915899046,3389.0861432532,10819.3791467249,13959.8785598522,5837.74775479555,78879.4746460091,11774.8733393383,18169.7462655281,10374.0141134191,6531.5736670326,6189.21519524139,,14254.5249426341,4284.60553822601,13507.3887446136,11421.5782854161,10200.4908672492,20587.7716790647,22995.9717193435,11503.797690895,20809.934309263,113825.235175986,72626.9372211928,107219.378586592,102563.389661017,70623.8393436117,56234.9760900823,91188.651688458,103404.569431494,142958.406141922,59532.7098535952,141425.713979009,146099.102864206,127830.436466188,105483.762492203,101762.541199654,78254.7431875733,101814.798599377,45518.161270845,108160.587374017,108406.417341585,89113.0438055418,100899.711400583,102438.364463915,85357.6173830664,78398.7253643825,112645.278934276,64439.372887074,72090.3852178131,120894.75779287,85838.5252366842,8965.0699933674,13504.5826621683,6964.88759510889,15061.1877721083,6412.5724240625,8389.97310623509,9057.29342521592,17953.193737205,3306.07280320347,9074.06812454128,13099.6397113292,20579.8369781325,11909.4200181245,19413.4534940624,11905.5712496866,18268.1535293866,14309.1009206533,106075.483820169,3742.9566197501,10967.7383141807,10101.9151779215,6850.12791713289,12299.7231807278,25705.6492700933,17906.5112864778,12358.9279698309,23359.0165197331,18298.6236317807,23582.4395181308,11809.7080575205,8700.6731512765,11689.6517952921,7406.84738399211,20828.9940236158,15230.7429524685,10132.3549585407,15104.5332453025,10006.3721559676
Betaine,725063.694658465,1950444.86156331,1597596.05341197,1565456.09577973,6700126.17726168,6193916.12793132,2528695.91249651,1537577.36143087,851054.129254967,1778979.41158486,2791630.85381463,1083340.3946485,2637268.81744081,853870.313495222,1068130.54754041,2738724.74307153,3528500.90917078,757130.948612882,2437571.75432107,1832265.63445361,1306965.20807818,607955.037562951,2022907.96406043,459442.243790526,2136902.69271831,2657317.11500804,566419.351642314,2469105.29267489,10029306.0028662,6835828.07549926,5475398.30911905,8936765.9744529,4165655.8526931,5425650.27587499,8572061.68667585,5809899.80002878,7580561.75932469,4226321.21349492,6723815.6530228,7889669.16186566,4320987.82466431,10677370.7317646,6640620.37957667,10571682.085356,6060261.67804286,5981921.16691741,3747763.96165323,3804103.82997405,4070542.8491853,5853423.57608377,6704417.86213891,4152480.87886976,6676703.10128003,7915706.02911544,3943058.30646465,3493265.67044966,11871297.7823878,4745411.36927269,266181.53847217,453074.817817351,544634.928726108,1023916.40799958,731368.329334626,794983.905997358,839714.681145911,1430486.21331948,515572.2060665,564651.673568355,598152.501634222,943680.151617003,723069.379511286,1104101.61710614,514454.494975037,795987.47094997,743163.080743434,2309032.06458891,731337.375909827,849614.291521184,1590734.91408743,1012235.27115048,1725872.40539158,1039381.72568026,1761408.37195716,1432959.58476316,1376478.50224805,1603557.12650755,1229311.23117977,698293.416986823,1445537.27763196,1651635.86188168,765601.68731843,1166432.69140361,470963.367133251,1122982.19728955,846542.453615233,564794.850538138
Valine,2679.20660087736,51651.1747469696,45494.0834223104,1362.47328951706,50153.2703726624,25382.9769500231,8596.78279317863,5521.37198668127,2267.54412416395,5125.51316058768,33767.7952297682,15751.7007878511,8565.47452593197,12098.9322054848,8786.04925702884,5447.37761622911,84392.5371353673,,,7253.96097677896,1544.67977804595,2122.43474487184,10713.6261270026,,6265.20519009754,22324.2218282545,,9046.07297015578,92566.5525319784,2203.35728130093,12119.6505369797,5260.93321155236,9579.76004023619,11492.683137918,4153.38417685414,4339.09165234174,11001.8258372334,1900.59645880557,6104.66976137588,21062.5387443341,9574.33244287394,23090.3565252757,3838.57634271171,2138.64269733454,11942.8508135494,3401.42052665436,5355.00448378287,12137.8707011946,2665.47241304018,3743.12023524581,8626.62320418294,2661.90799894847,,8223.52511037099,7310.06963232189,2802.30829830871,36524.2383875885,200.480318632428,1383.31773609115,22275.9782654338,39104.8453468749,38742.7532494135,6626.6694444247,14555.0839590875,2294.48176023189,10835.9484511638,6250.42443182953,15059.8613019252,3985.84560974168,23211.187905138,12332.356453181,50481.2101711331,7701.72396505701,15683.1361613721,9185.8663240224,34453.077651918204,,2493.3576899155,21539.7171906931,6505.66112290077,31770.8090140182,1039.10422842397,37994.6012455263,15203.8392398652,16190.0302124012,23208.173399594,19322.0463841192,15389.5427136071,4412.4524650696,19824.9251654055,5274.75890979977,12542.4343300986,2298.67893068163,28368.5187272354,27566.0733300694,62551.2702547459
Indole,95.8968560276342,369.519918016525,894.15402178667,94.5354836871083,333.40943964344,1143.51467444488,,135.478621515037,69.3301385882311,107.50811701291,320.983574457971,173.893164750005,743.798470010745,196.854143504798,91.720364833273,93.8253266469425,346.957917382334,46.7067700718587,,152.52253817324,380.274099480758,118.549731552324,161.157800890135,50.8351802731205,142.855546550697,175.946854635948,73.5540708406092,121.609933707181,860.24564434689,250.096874308645,263.649537745397,194.08576755793,172.429821114134,526.157423723243,205.138886852859,175.602942142324,372.011701372502,121.195732869109,272.064697810045,251.720802025207,267.929849424159,198.939969300085,205.109327504666,259.416835433977,257.768681057233,149.636205377233,314.698191112289,292.838761456218,162.497503616348,159.295049138538,267.906877097525,280.23488048321,58.4482857938081,179.418697762081,135.891850208302,133.012301959038,373.366158506061,88.4968888567319,110.807156122854,1421.60588717301,220.131728590104,211.276062383854,,104.859778526092,,96.7516954492621,77.9463502959031,191.549912643595,96.7656124306017,382.307425214665,313.083177151779,500.948552731657,101.557237854664,166.452391207637,191.553844782485,1008.04821100545,,113.83488171737,218.344468285499,132.367366394375,114.115927848029,2772.85642245169,319.918837071374,,174.165467045186,162.576514697007,,249.854415627976,817.827043295569,105.702913799767,64.2610378882247,368.800906855434,76.294644003817,991.82456382326,192.431984881837,304.350719500814
Threonine,20955.7732653423,65633.5760013829,190230.084626539,22338.7140959578,74129.5287669465,57836.8360558169,47413.3233029072,25852.6415496588,16442.3113351926,16287.9891567885,47521.2746621354,25754.0520973975,95754.4305903535,36310.9749278119,19763.1289721017,30508.9221906883,174119.200954801,27797.0621901863,35125.1670257594,31371.2838520312,17415.5097605802,22434.4199022137,29258.7517066434,27208.5695575106,34513.3056608582,38177.981980597,33498.2165864306,26236.3347598347,156080.778350173,76878.9344265862,125065.734102104,103743.219532695,72235.9677260451,71104.5277437167,71756.6798585479,45412.6028117449,107445.412108488,39270.349933883,81707.0755416598,96249.2599350888,119428.938179343,68706.0827234793,58529.3890784783,42201.1965591953,100865.492102864,45060.6164419152,111225.798386311,96286.1854078756,58949.1707119569,63045.2995414235,90017.9504052198,46274.1434534071,56771.2993276783,92586.1296537858,41629.0306497484,39597.023742038,115240.65715036,72606.6763258752,33208.159339887,60743.5788273422,127846.990848063,85948.9446615383,34889.0198872819,27755.2883540462,60911.2081399488,57202.3866143547,26711.7597701481,32642.6857178009,24067.6399213465,40799.4616959034,49836.082151758,64304.9409623877,81645.6392907777,42998.9324710403,55760.8131085408,227545.328403893,37240.5378240442,36143.4534743736,50420.2963226275,34161.2379488431,55171.0250002205,83387.8506613002,74772.9534673533,49137.6562379411,43665.8351894746,59227.5331295142,47842.0056980318,85771.0434102253,26201.4609139552,15338.3202652009,14254.7202124507,34653.6595389629,30248.5686276713,45865.6313810887,48240.2047570565,121210.725534454
Taurine,203.365071929446,555.772526959629,600.122162524101,155.424953290158,674.203228704017,758.38551699118,534.104785241067,302.288525269547,129.917704419329,100.967800873207,308.067881332163,228.995882272837,553.400547570266,259.670379223161,304.306072571392,617.661091093595,1276.36285100098,489.249018093468,135.61711626809,514.201236260051,174.233830109923,139.275216491977,680.744726271035,360.901599430021,652.343095941691,487.485233139095,304.25806257106,293.696025650405,789.822075560708,1639.5733117819,1148.27481029494,1963.1993075144,1224.1669334226401,1167.99421745927,2657.97180935952,1512.14617060064,1753.64404657012,2233.70531867424,1412.7994263051,3021.83361339988,1950.28160306794,6756.08819077368,4658.04599514683,1130.8727510417,1831.61912049873,1230.1922575226,2421.8226548222,1648.8934605178,3030.2631460372,2572.45085221479,8039.66188496555,2906.50727287317,1171.95520321218,2294.65146372377,1399.01725150444,1226.20005850577,2807.77353378831,1844.14710145667,313.794855039314,430.636514551352,494.522620876097,558.33715915491,,357.245080043008,339.128851728948,385.189943164762,157.380034922269,,320.886695214673,434.540515176838,282.300725509328,308.56303021693,434.447566492049,474.954791086286,355.662031133681,506.858733381979,237.19766591376,470.120342018251,705.760750499789,407.541364858004,1042.81712847077,8745.65162238167,514.598323152873,467.460569552693,117.82208867503,316.28680757714,189.631769463738,146.778085711842,313.91187641425,441.208821399669,145.39719610437,128.774658114373,177.549043906584,933.829579175658,876.253568759571,401.063361714262
Pyroglutamic Acid,1471.58229955289,5199.14540498134,2441.91671101655,1723.64962340422,5508.01038040302,5380.01395009406,2315.61450462341,1724.24120383529,696.040558239868,1943.01506843567,3658.9955113285,2221.35645883471,2466.80979631888,2372.30329240968,1427.78558326672,1316.22763196834,5165.23240741233,1268.67811494776,325.227253027153,1369.23858357131,3021.99034992537,771.118584618301,2861.52901661165,616.288854261781,1415.76535274028,7047.38834849437,1949.19373434518,2973.9231414933,6985.09782657767,640.42374181948,1121.13783647054,770.954910618334,1056.52425956053,805.349870311131,729.639450518092,1093.69113050157,2533.21012287274,499.700296354024,1103.62071378748,1460.55147844585,3312.8529601753,2151.71597343758,701.106987670546,708.808979693142,1780.888181948,478.735514875677,1266.49368418758,3222.59806376572,1051.17397044716,755.33982724991,2776.20884331669,865.402494262415,646.491488637392,2331.37158961089,1200.44667392542,470.754033423226,2685.66634618682,416.257233849713,4714.52571314185,8503.76895040998,13732.544181991,25132.7493292964,2922.02412807457,8885.70619347499,4845.61673080102,9371.08080024,4655.83647181073,5089.81405485588,14097.1071499663,31509.4307927183,6745.37713187026,30336.2530436247,7096.61196955073,28096.131527597,9692.13226213056,40421.9582716806,3240.5715149101,4720.62577125947,12301.9163021929,5091.15022414706,32700.8012651012,10514.8931779533,24886.5063317815,26067.874311812,12947.8189714654,23332.7742990483,15275.549260355,10584.8230500797,5088.82252061289,19055.3004544777,5368.06269116508,11388.7166620684,5927.31359475558,20516.4182981068,15080.9784162149,15033.2729508798
Pipecolate,5601.35548239566,7951.87178584496,9625.34339395191,3390.51961712414,3450.74192278656,3651.31907771356,9632.53124478672,4927.043758301,3510.04242855798,4673.27036747527,4481.23750365092,6828.73254899233,9933.25746859623,4912.6661483499,6963.17715366758,5799.91496584155,6487.14410411716,1739.6984849024,11655.7210658686,6552.91047337065,2164.33384729073,4920.43474071462,5976.85713668937,1649.59298220039,12489.5813299065,7930.74440222313,960.281036687523,3871.75172839952,6668.43494196843,2444.53685989964,1108.14800976823,3098.21567529399,1047.98559249974,1319.11737589245,1712.75489198796,2536.17185802302,1028.86222012102,1396.36825872585,1188.71929439497,1504.49852895384,1123.0285682291,881.940694840402,1180.33959698105,1962.34165694806,793.895816566859,1497.80623673954,1517.10475909159,819.314759607812,1097.81569870829,2490.39083046548,1319.76117102535,1886.28949326204,467.04263271875,1249.97939082529,866.923214043614,1226.26331624799,1626.90988413424,178.135000936283,2000.39388916034,4935.53364425034,3910.89270924504,5476.19915782514,5883.71277143169,9233.66780128141,3952.98210549894,3837.10437231481,5524.53779593036,8111.66927434507,9181.26125398912,10660.2775625623,3938.78823263577,8570.77653931952,7343.25350477603,11244.8145549372,7856.1595903107,18960.6743775006,2239.28438589904,1889.63607781305,3989.69688638606,3111.93421304234,6924.38020495166,3447.79387327562,9713.19125948515,7351.87193732024,4884.90198157773,5967.9711538785205,5531.89309797442,3827.1387159786,4491.9189334681,5842.68014780042,3416.03890908263,6348.39166745382,3323.57894771631,14036.1846783646,10475.7292525891,13235.9537079381
Agmatine,809617.222137064,2494175.64670748,3078214.38619573,607734.529986701,2030590.41314288,1849031.12063297,2186918.12042148,957476.841329596,775655.168749925,627154.996794197,1966957.15851344,1146174.15721149,1782580.61752301,1121026.97813936,615471.168504343,501031.188502178,5018838.49923643,611276.33607674,522143.468796957,1239372.52746917,610600.070064294,557471.255563937,874861.508404173,602584.375755596,442267.065775605,1159095.11184471,624170.154331521,552998.984212212,863393.745207689,16268.5912647326,6190.59903766222,20514.9444016525,8510.55362512694,4492.52211504953,9213.99638446564,7140.37074934909,22690.10506056,5183.39153998174,17108.3857622591,14157.1795852334,7300.82745019079,15852.8526837315,5527.7513916546,64552.478010722,9927.3996752537,4213.78933259076,7197.89340238806,4915.27910524415,5109.89789135745,6847.85437405794,19734.1042195033,25203.5874611822,4173.58955399137,10125.5820403496,4654.26417503325,17678.6567187755,303473.278045943,101364.866164924,1316943.75879448,2029101.81190868,1558793.48734868,1899227.73297138,940342.711762061,430082.430722083,824000.859367038,1296825.11833752,397357.365942675,735302.889083895,535570.115189259,1013307.75787,1851295.23292298,1671534.84894266,1935548.40946412,1550077.07885979,1738594.54360227,5129486.20819741,791302.254553216,1213904.0691885,672859.814768073,1177373.88272651,995321.759889197,1967314.22938297,1416011.64856718,1217974.49866339,1071001.25422699,1637065.23861196,1337285.72151627,1682033.23819623,736520.270781621,461711.478774203,435104.64247232,2771269.61515597,736968.910668398,552183.995843125,656878.825989117,1268328.31659225
Creatine,3966.38608306099,2213.72331932469,8187.78648736316,936.205976903178,2088.91621100492,2616.24239686236,92179.7907925171,51591.2984535607,45391.7033711182,4813.85074726719,7974.94572917215,5545.97647498921,8640.90936686718,4159.40498974512,4453.05702568613,117960.714877401,46906.5567332685,43948.2202712569,50796.2631563651,55246.5454046406,104095.363561277,15033.5150360126,43083.8590761023,29230.3614341861,7496.16086176906,6940.55137468392,7589.74595926097,4949.22053840464,2572.87644263107,6842.79310446335,4535.0170253608,688.26175054747,388.686135364944,52504.8668090253,1179.15032528494,641.349020461257,1226.98104871744,641.242332177916,462.054482032241,5970.27111526222,1700.60423716696,1904.74150585029,2247.19416214331,6668.2448615459,1096.98625821858,41530.5777196231,151.721056282985,471.919590868577,82220.9527610759,7731.80991820453,12072.1593596241,53882.4032334716,4449.9355936561,2634.04201220068,74202.9573816384,594.3602378172,1670.41999249483,33887.6684600434,1278.97624536797,286.693772950137,260.03941633975103,494.498258618703,539.513950828487,404.147328638322,47400.3599090674,941.643600471959,158.498755741435,490.053600327647,879.311779721302,709.628355826417,187.570216359126,440.157251575459,14108.5498807719,416.567857606623,378.87478619003,8541.38630775476,818.706413856844,788.993846246914,886.91217379097,1184.45955621455,550.592458279161,86599.0344362102,2571.76345750241,1976.98774231218,493.446566957306,840.409721769142,763.783849779641,794.98203399209,1435.93595235822,494.871635993959,230.694651936672,389.413188489843,181.270741126047,1804.85853309062,270.998645234863,248.81901780498399
Hydroxyproline,24832.7330891056,21988.8882579159,27257.9561396655,18510.5435036761,23313.9484479569,21317.9251883757,30676.9197853605,30572.1750042654,15800.0781041774,24915.1666852507,25045.4448020278,32846.6307294317,59930.665431544,18080.0754979508,23085.5656919792,20637.0673181124,37857.1297059853,22427.6994883024,14838.5972946869,32905.3015087026,10978.2485677995,15555.6967310886,21360.5233762129,14179.5210444546,35937.6806613648,96578.9300342408,31698.7604967168,16282.6769541551,41181.8875971111,10169.8221208173,15779.5283940524,20598.9740478455,10585.7743353688,25855.9510443086,19945.5332194509,22996.1690368343,15379.8435098741,19972.3915979869,24009.4554555474,30619.8447585983,11204.152261848,23431.0895062706,20752.9275057699,15845.5335362499,8761.3490242941,27192.9395054836,6236.47722789067,9399.78100050016,39819.1500038914,12787.6121112995,13051.5363836028,28252.9615340832,15339.1623329097,17987.6024837779,37162.4412377858,7274.85024569941,12721.7520159822,22732.9390047368,2602.0449259777,3475.29945889348,4385.03516792176,5047.69766199559,3668.47665900968,5707.7043010586,7409.62634404417,4423.35696607059,4488.16909792943,15987.3621469471,8982.12508564791,10280.8853891586,3815.10767488554,10863.720324093,6100.1757456472,15323.0750117635,8435.19790088652,21832.3651093526,5216.55206301893,3548.76332771754,7643.62464965708,20850.295295615,24873.9802428378,18705.570291406,31001.9725939939,27485.1665271134,24601.0780414259,21122.7047754144,10309.1012420893,6950.93700982035,16178.8704739088,30853.8377694164,15252.5179396486,19706.8771091312,4761.31173165387,7169.98171175828,9343.69178272784,7604.47539530097
Leucine /D-Norleucine,201560.300548728,405801.041499513,1300741.15635987,153131.163352457,77024.5797408077,192569.887098665,203197.706783072,84971.7057374895,110123.627358014,133822.869942595,144245.823898443,248641.369630916,449223.600283964,329769.342110376,235867.050097688,252293.213205504,56510.9317722779,54954.063733833,243837.667693573,136721.222695435,112772.975649495,175141.460732988,137817.136389865,33416.8386992882,219874.111071892,126800.802624792,87578.688238011,175517.126416793,91265.2405443229,147273.382768968,337546.422066458,260070.071166164,180578.196940479,131764.827681354,177055.219799448,143553.117777998,429754.941731155,82697.7219792669,294816.770623242,358102.692521683,440628.683558294,285246.758721801,170757.897303465,202401.251258746,289770.959459632,92133.6817920592,303211.144927783,225050.346770582,107221.900667363,239288.530177904,217209.701716049,138543.697683795,29192.3667675496,246092.655035819,82203.3569864372,74838.2473719308,288227.51639157,27525.5843582294,6097.9776593541,6678.91418190712,5463.87162415132,36917.5447435535,26034.3096372346,24131.4113165865,41954.6784961331,34358.2428655727,24655.8300203066,29029.9844787712,9272.95915837479,18694.6227405202,8501.48417953989,43295.8735620766,18259.7125802434,34870.3479235017,19514.126005622,133346.885317494,5814.67258563537,28160.64992493,15186.2697259733,19470.2751434037,54947.7519020664,96118.9932277974,21248.0777618219,41072.6547457565,34645.0614314948,26801.6859066783,28876.3675620962,12759.9318262256,15843.1760813008,8635.53450220769,2881.93152516804,14735.0144488862,26153.1481904568,47538.5342203807,41121.648711576,53773.3293525315
iso-Leucine /allo-isoLeucine,14543.7616834706,87032.5049830946,115944.284402129,8442.23082817977,41340.8836610125,38984.2597936746,9883.42339421079,5704.37624297271,4532.7435777621,,26681.6144223962,11776.2330819931,24984.8212744706,21574.098083056,16216.3412957401,22288.5706059824,67226.6762902167,38223.7080527024,104188.490042989,10800.1081532278,3441.59019304612,5029.32517793077,8333.6249464243,20615.3766707195,17797.5383179,25619.3436867456,25037.1133322208,16571.9552036084,70978.0453194627,8878.01738006428,21023.1033882716,14494.13825013,12724.3779737714,10285.58315302,10096.5733108509,7482.66766331772,25882.8385857282,5497.69662875477,19456.5984116397,27156.9346033879,39620.6530818405,27028.9322829494,7161.1195040719,8936.8958896186,14412.4362209641,4103.42124204039,28563.7098074192,20319.3731510709,7057.54998687802,13214.0844325983,15123.8952496092,7516.52125741147,22245.369733449,14747.9945626925,6122.68693848317,4917.5718440774,27463.8889039205,13967.7878741424,5325.39151061364,11521.3597571912,27110.6635977221,31075.7445867452,12404.5363481091,18659.6639670935,8853.01891627463,17143.2891257281,8231.71910684888,18096.8102236966,4286.98362228286,26307.058225277,13411.5920314916,38644.0495836055,18745.7375037501,16301.8865186182,11312.9590666698,51229.4967221403,11660.0952870185,5615.70106043769,18654.0512948725,6837.06939681713,41253.6114778724,12044.7600592006,45836.4097074221,13326.4411218971,16943.6616451986,30893.0803000931,21513.0921343743,16750.1260518873,7840.82413531228,15934.1815217633,4920.53226229608,21745.8061161635,5838.96649812887,29973.3277945053,28607.7119248957,55972.3672134988
Ornithine,7722.45817927661,8513.02677749937,11065.6811006945,13464.8050086853,11041.1191515498,9505.35890802141,12939.6506056732,8524.26957717003,2334.27480916406,5698.83492682059,10945.9669538709,4996.51574325371,6036.97082473663,3048.1543230063,4867.70147023554,4050.7512511385,5177.44194065536,3805.3660062617,627.03777207991,10490.7363538593,3002.31193611861,6010.97447939513,9801.40655458162,3859.37190134845,9403.43925468144,15718.6956360401,7878.11129692637,9534.69835715066,12050.5001253155,15999.2535298648,15752.8918606826,16344.010644826,10868.597850944,10815.1866374993,11170.3509775547,10872.458080328901,13549.6957613094,11123.822226041,14431.8051770898,16904.2110189477,11797.7035333787,12752.9890681694,12044.147420487,10786.4303577242,14279.0872095535,8207.92756731825,18123.7566897523,18611.9499860781,22170.8458590419,20288.6285989742,24425.916800133,19945.4415730062,9205.39210354002,20816.2403834925,15568.0302255318,29526.7397297328,43518.0888913246,26672.7105773167,6382.79682966999,12578.7465573612,7699.4158093457,10609.5372826067,5043.87079465981,6332.69315267595,8116.84137277206,15457.3582051626,4548.45203494895,6788.34457152216,8775.66321920401,18861.5120994064,10797.0877788158,12397.0595337586,8793.97770947308,15225.4053945075,11236.241749982,94686.7797676947,2147.14811688034,9933.86728168274,10198.2375083444,9172.46729964707,9387.42676174616,17220.0093181483,19444.4271829106,8366.884795286,16620.2029580913,15858.7536747995,14786.140063475,8674.8801716583,7081.93534664534,10281.462927836,7045.91058590607,19332.9623789321,10914.1081411522,10607.4295288953,14690.1947822574,9984.85968826927
Asparagine,7928.37125996916,23295.5006813015,94598.9460338107,10486.9377465118,34596.002305173,26503.2868723766,23866.4201350592,14272.8814482916,7982.23501662165,6962.73410725838,28690.2061948953,11785.1918879835,56039.4330238546,26493.1310509077,8965.31287195209,11456.6945896698,83470.3930962558,18781.213581793,8938.91202699672,19971.2671712586,9604.95164181085,8643.04631072132,16885.4800807822,20256.3045931066,14554.1903281055,17446.9902316168,22100.452960128,11040.3201405208,63513.7825076211,15522.411469679,46074.0913037935,26772.9928064569,22421.0447337716,18610.9806290233,15343.5054217826,14419.7162339522,45753.7668430918,9877.28596997196,32181.2935124584,43136.443986503,61957.0441109891,24397.4669530583,27789.7252289163,14713.5666623565,31226.3468361891,14949.0841923827,48612.0717273687,39044.9580795938,22187.4255391714,22874.0113701358,21973.6025296687,15557.4126781309,24426.7413489877,26665.3462214657,12089.8003595073,12420.6773978511,31350.3928780212,24752.3879604887,11231.3014840428,11820.782989379,62632.3802348264,27462.939782117,11567.7361001984,8915.29845620104,10232.2295985351,12962.1192112396,10964.6710847761,21628.7606724218,9756.36409225076,17203.8886030447,27728.9283523341,22884.65848599,29142.8259215357,14004.0374491817,16079.9332179542,42972.0654506667,19083.2055692784,11287.9431071195,21438.334000436,15575.2278795739,17452.1535898756,188543.587286698,20320.8190319705,15106.3862040355,14992.7829110487,11264.5527573528,9940.69597988586,41433.6567235134,15690.7314415223,12624.3474876413,11940.8357636433,22991.9073835181,11173.6967987378,10664.8504940445,19509.162566457,51390.68693115
Aspartic Acid,19625.9722191152,30246.3454659714,136697.149259393,24330.027392835502,48087.2017880102,44594.4223229225,59155.7103542852,17870.7385049705,10464.616785515,16062.8785535997,34708.1454421255,18100.8215765399,60011.4972113073,24445.1688500126,13928.5278085474,21246.2004459916,75767.0569011207,31967.039382221,,30718.7083178586,16456.0977027188,16764.9451091379,22182.9869968437,26665.8828337507,40126.3874253682,39894.5044387145,41947.7980042739,22047.433290359,69469.0274201814,172152.74833669,249882.388530969,161448.643214144,130262.483598022,135793.636214028,217940.231929266,139425.652301687,234974.581606563,114737.619465551,192854.41354625,204511.225262767,183525.6910633,142360.776039034,223415.976611256,136698.588333711,146245.92736865,132298.324256777,175886.954248988,178703.701261028,159264.735473565,157325.719097144,239208.997979873,145877.16252584,265841.085094433,208693.76693953,129441.398933436,107648.283423288,172275.940793146,232820.082279742,72091.671186845,66428.3069719274,223819.005719292,152964.903782219,57396.8439270696,64627.0538771986,35816.0352439349,44741.2511556604,90418.798736396,73923.0390691465,43071.0496724994,48612.3474068409,48833.4601383987,60189.7663451191,47264.3275113044,72756.0419753322,44798.631533033,131705.440147747,155549.595933498,55185.6525232099,70618.0376761771,74585.0428562053,68399.5649692064,267720.418574545,78550.6377753447,87013.6653367188,46930.6704802155,47616.3544658513,44136.758040216,74654.3873478319,121786.940421252,121294.746793716,120220.999603549,50869.1226316788,96437.77292522,68123.6947801482,121771.419480553,130103.363517564
Tyramine,275200.701834997,135786.011959617,864782.132870212,22609.2421703328,552892.925435257,269196.260109859,219825.744827673,315327.534874586,146893.893699105,71676.2016808777,1427849.20916374,350009.784395401,1020392.253786,838910.507493464,76626.6690689652,143176.622999611,2145.20358533321,108609.667352192,59901.4743258449,259456.538213995,197417.068485998,84224.150034807,306035.362312253,272405.29794146,251080.301873737,449764.641369208,361435.611744831,33594.138922292,7065.68952335303,19824.4342446282,190485.935773811,23221.4372963788,16138.7815676721,56137.3405430793,8112.3834742678,28001.8156741323,157505.682965064,4183.77499148408,27684.7421261196,36307.0475758106,62239.758783659,2071.89743874559,7174.2306352499,4188.46145147556,85943.1437683121,10733.1557086243,112508.06438067,89946.9677561962,22465.4500980823,13582.3088837669,74047.665641369,22513.4927844569,2518.24782083613,32062.7295559407,12229.7329849413,7908.31147594613,61103.0344092428,3969.79490233462,96271.6348235804,172144.949007387,56672.5864515529,494036.478852028,336990.951442357,31724.647370239,104099.192630004,89744.3228841571,50865.6080100597,151154.05274288,39569.8413663736,136883.888845045,331131.370861043,212528.809481549,307004.3417014,31635.0220936136,136613.164016382,403891.751301253,26583.8918156959,45789.0483669475,128487.588398445,59258.8616195303,81711.8032747837,22917.6996971062,389313.881724723,15245.5637550428,212753.538417459,173159.420109156,259849.768458586,77157.7908638808,69794.5557231582,44883.2503481724,118704.877283638,322048.303288077,25030.3836413111,34372.9174328962,99707.6019831244,143740.759910046
Trigonelline,246079.902278158,198415.093409089,253282.596485613,342779.012969871,534108.38095128,341374.502121139,552281.020136902,281722.211432149,347252.438798401,162950.575928835,175573.530721806,129805.731825557,437186.618939895,195550.122676658,225214.621827329,258549.538354056,370743.032834354,365932.852929678,,243471.401881179,189671.887020945,172203.722899282,297649.556241741,239209.319110799,97280.1889357045,210095.112888314,133205.395201807,323848.366436169,422535.306184275,97916.019737037,58546.4691130971,26870.6597943242,10774.4136677748,14987.7804729755,67100.7081776026,16658.1051553264,37508.4778493072,39896.109959377,39000.5537327901,19047.4664208917,28747.9388831917,31896.1905057687,39683.0639692638,53616.8699114203,37616.957525393,27343.9050584691,48239.2721225973,27551.9557205705,41478.9687158916,65815.8101285881,50235.4091309834,34113.52177512,49455.8462059593,51285.7562143347,27599.8257961047,41825.6075681603,68963.0309620516,53344.1326248603,682521.088925818,852813.693454344,807625.313267364,1237660.69777126,1199326.95544259,1186494.30412614,1735678.97157087,1541357.21406639,802527.320510771,1224234.43364105,1630254.81801071,2110456.00273605,1411428.2090321,2022548.271499,1444800.67686268,1771773.3582426,1644963.2946108,4365350.54411417,1652589.4583275,1368442.85887503,1590233.30388265,1356932.72814278,1785175.23859852,1368756.67270753,1848856.00170093,1690793.25945695,1652296.30961992,1552906.50021441,1636646.01745659,914853.615853984,838160.629389022,1002423.42960651,551207.164203816,865837.278111721,1106705.84678182,2110574.4763547,1703961.09226779,1584406.35180419
4-Guanidinobutanoate,225000.507524195,338133.746146696,394815.365765527,52907.3514351044,103397.994744189,156683.507543134,615329.194925491,323885.509691855,434460.05984271,259999.509506348,496360.695492426,312863.46921416,574140.34757773,352094.409826238,360060.287725508,242794.146499071,331676.100708615,206469.871684425,68130.9607357045,200212.468077895,92541.9122878114,468845.650902114,400884.732855192,327170.255596146,640453.660789422,493631.227412591,322228.505633136,86669.7872566646,201021.358333013,1218960.000865,1402314.83923055,1371255.77409499,950790.174387252,1518006.07043783,742794.605914532,488296.783418339,743407.814934499,497259.673787659,917986.502906257,763772.035810995,604111.770791712,714359.37011307,791214.344511472,728522.110685852,1172733.01084583,556985.701649733,301506.092021591,372851.941400169,315285.492456109,335705.085392517,422912.688307079,292709.42062625,854898.086316233,1782893.07120417,784810.303452776,294373.074299197,858526.365252368,363953.648874301,668878.067240436,911857.887676392,1203068.67024789,1840583.56258695,2297227.41389683,3208128.78618408,2735351.39258079,3388437.4779359,2046113.90135569,1962964.05098599,1715659.65985578,2037760.0363965,1248753.91510273,1775841.32859306,1141953.38984137,1426767.46629992,1103667.0137704,4262875.73215263,1434685.65695038,1284761.01076387,2521433.12080029,1553480.64180606,4213567.15504417,1598664.3725495,1936767.13763225,2660359.99100184,4462647.67454482,5355350.49766,4196515.51906129,2031757.03196722,526346.031776393,905120.504429657,382352.108204495,375227.409204198,1122310.25376372,2132966.12844583,2121707.5623008,1716137.55405131
Glutamine,168990.332401313,325278.151039055,568672.294532371,193473.183329385,411566.688475905,263322.142354079,211991.549193865,192332.315439281,96773.0899267652,156579.658656268,409885.590222772,165456.230954582,613009.395790536,246466.729337971,134448.037505775,160004.048508877,370297.128860541,207046.667528265,152358.102043544,235677.489768752,103662.514237612,171656.039689083,232855.968608254,228009.124546189,259235.190760986,213915.284205356,287133.759804748,136702.363746181,607124.687572095,259511.408823875,335822.597069282,284310.68365075,217183.95095688,190179.146812201,265992.616661811,163350.809415761,312887.510218348,162883.976249307,191604.473032593,191707.825905323,334855.6545563,294973.778657702,265104.967857484,198244.807513078,262212.24665091,156261.281503705,354083.520331272,296575.988970802,264472.074128754,240497.415964036,261629.136731547,205954.647524658,238021.216840743,285568.062347128,201922.361999508,141592.901279278,294922.36972078,343051.090088055,151847.781818199,204149.082743515,434269.264234599,341930.279761283,140263.438459956,197922.065168965,197093.478614596,323604.840261965,140528.313475191,320808.770060733,144680.970224804,261204.460072007,248284.116306478,257609.160373866,265211.065913604,246383.107617201,203945.434427152,771834.335275925,214496.542979033,148303.91670939,243011.82564986,245719.568212271,253004.464374733,619172.748742567,356495.587523904,210730.414563048,251206.660948406,286480.371114416,188012.63117823,277412.247867592,184449.159660225,231624.886047341,165729.530143557,394814.015338402,152800.0109684,148815.13298944,205910.042820213,402820.782097625
Lysine,221038.058425873,805243.329340901,234876.416776576,117789.501055609,290366.469678377,418330.886921552,180109.377774275,114684.102719624,38383.0162785242,132871.596251723,437858.80517521,234388.53467419,49702.2543639821,44536.132402716,33218.6285927441,144994.877993784,668710.629867974,162695.704579697,2975.05673065606,333678.110490431,223048.404989088,55206.4442243886,168851.816882155,31783.7968482241,147263.303662531,215257.026181253,73439.6061643105,108781.38802253,120883.31120549,586117.054328296,826186.899170397,605787.722170695,383605.710867919,303126.784544753,346871.778957842,288287.493513191,807162.256650409,284355.008234743,712669.407822253,722569.649194621,1038059.12947016,440085.435438088,409176.081346496,387431.634699257,768872.351717944,255452.200499398,769220.052512545,695940.780676629,426110.145186535,484792.766279447,612751.333800543,398140.070424281,319735.506636685,836356.129060953,375185.719398413,311525.174695285,906649.551213495,351918.776815797,515099.317326112,669228.05581148,487148.528906364,1042612.36646454,117077.005147109,170693.809970199,413283.250997844,563327.536694204,68126.9480984914,437230.099431239,274252.925432077,521369.80272397,226747.596489216,833637.456932521,775783.246918878,609377.591384897,637594.747693379,2351213.41826057,218045.612599715,509649.626260156,471544.05976618,581091.405750086,628123.605691321,525054.437719304,706488.861328774,597057.756342809,640882.279782136,905567.724211635,816346.05377921,1047518.26849535,203360.286070538,361958.33798897,142283.08583956,1136553.49167209,468618.93889655,522820.909378834,533690.061706389,978130.762333004
Deoxycarnitine,7563.13210231515,11799.3408817222,14129.13604544,1860.90275823873,3616.99459701563,6731.54782590741,19989.1807081893,11760.0611190577,15047.6672446135,8843.91514939649,17457.9883707975,10322.0095419283,20875.9851686216,12543.9955858511,12113.4205510006,8626.98871118281,11112.2939425743,7511.09752361722,2696.96133827453,6795.01019767855,3393.93410261265,15909.840688689,13648.2334743212,11396.7575439229,22134.6822959009,16258.5946840641,11314.4691270171,3132.40140210651,5728.64835207359,43039.0312618339,52700.9395096088,45683.0462796696,34877.0283838904,54153.8821208565,28209.3439062319,17847.85209579,25954.0379566009,17405.932002475,31774.0792903289,28528.8300002898,21208.198989295,25659.1036238144,27480.7450530513,25707.6949786918,40901.2845389641,20547.1621351555,10681.4359974949,13977.8349529787,11314.920204982,10802.041831754,15411.9302019712,10095.1082621146,31460.4769562625,65599.7160616149,28000.821500657,11117.1712379159,28129.7112507564,13516.4921589928,22832.3462006848,31237.051407694,41035.5847644529,64968.4801138784,74150.4828805795,110070.719829687,97342.2715524649,125606.538028825,72671.4534313139,68056.5493432794,60888.8881731229,70483.1177594236,45494.0489858334,64742.9151471274,40303.9789104387,50596.5478327556,39999.8054503344,150252.393659927,52186.6662957569,44536.1554925914,89739.1980120778,55935.6943217474,138868.175018093,54207.2945260553,65699.7556257963,97092.2296982079,162303.191025317,184260.509140954,151120.782836665,76740.52540494,19654.5224788091,32070.0399929786,13667.5855724673,12556.775539469,39217.9224355949,69294.4606583065,74817.0908608517,61635.5448186512
Glutamic acid,273962.426510996,436097.939340432,1000455.34986259,287355.436978263,572647.876770844,485888.205514892,420530.126170338,290148.749821229,242972.494194367,220415.867633485,616772.521874578,321790.435356674,722728.533507601,434952.945365858,186091.184045263,293319.935711339,801469.475522683,466296.763036238,5757.04519266252,417469.519268496,316122.418078119,364550.280536221,299181.567338999,452157.837345655,501146.387250897,430244.415235805,500388.628723614,300099.418424388,716149.422377864,446662.295539767,774272.591573853,379252.87297236,438083.598906966,339524.614990133,381395.264673198,343165.54277136,711222.99203831,291294.823893097,620621.663025174,775882.546350633,856464.296998586,390921.383404275,483366.467480999,371874.225453891,472252.236614909,236276.438276467,550141.286216262,583250.545175846,420945.380820029,473674.012458237,677672.165443027,332901.19955145,757579.273333373,468666.773997508,322831.462465858,291957.202132457,475595.980003146,539561.239873214,183052.479004376,214780.564198194,640590.983446581,309738.965376726,139037.085982471,180689.335892281,204470.090370466,234658.258421876,112335.033406543,263599.473182089,195528.66020362,257362.969684833,296911.250096899,268193.521450972,309715.390037517,272401.609529436,294010.946497794,704244.121806702,326155.389842715,200994.515102545,270731.307198155,232934.789304425,268831.591863663,1207958.04055081,322762.815446907,273087.405281137,239405.247889491,270418.412269066,223977.18172703,475838.361508387,298054.30577265,285637.025889068,213205.259027383,269267.067462061,220823.930780747,261314.985216792,270317.147642721,527610.192766091
Methionine,8748.34188277205,23822.6927334943,1906.58823347994,10783.1738641073,5085.03875778994,7351.89439644248,,4868.77755910324,7575.4365554189,7474.58564116327,10857.3297795305,13536.4846486964,1666.99840660313,23911.7160241707,13356.2839942437,14341.9132236997,266.707619250106,25034.3909409624,1250.63060774827,9710.28485745824,8891.23778944401,8674.31027477947,8160.30701326923,18392.346137844,14596.2316698132,10700.0450038013,23090.2827262806,11371.5898268194,2478.6980587882,15006.7210563953,33256.2685865945,26895.1950263958,7118.44630549813,7742.70023548057,13234.0917723393,10362.2154850369,24022.7024179627,8447.83051520262,22430.619103858,23380.0407620159,52300.4285430923,11147.7031935727,17784.276722936,12760.287664431,17356.6068656316,8027.56834363314,39727.3303132871,27474.5654443558,11668.3150419196,23528.5064807414,14177.9584821165,9547.96004469719,20251.1239481822,22368.2494700191,6375.03608485095,8290.04628106558,11701.0474396475,9579.31688371856,1999.98853362321,2898.07962015003,1405.70384214509,9938.48072306042,1550.38248984094,4434.91936672951,4645.48057575059,7572.93255009475,4782.31870736603,7480.4745154312,5469.20806348124,2010.16124168662,1810.08814292147,12390.4995751296,4064.94979509011,7244.4337585864,5210.99022091891,20245.7479242705,10600.5231867786,3630.90421337967,2868.38585701505,11052.2418052036,12103.2031361793,11455.8942338153,7389.32659009195,8661.6061654235,8007.49254547393,7734.97170835255,7626.88742544885,2920.73954085407,3319.79849482945,5079.1439632719,2343.02742785377,7856.25902872414,6072.56884303165,11041.1851500709,10403.700481474,2796.55518294909
Guanine,373112.215300737,524590.595603302,878751.22757986,165453.642190536,1072857.97503113,676369.13623363,248827.344743561,340214.252017086,174501.57319296,331884.834097489,918709.625714212,477944.243035894,410816.450915201,375039.536485669,128942.23562588,156478.601970106,1275996.58354298,214574.45494558,700229.136844138,602648.733513628,196539.653290777,259646.949661438,400480.133933496,333639.553183827,253725.710811012,309623.532504525,128742.219539062,240676.729963887,770823.480306118,5688.67983811118,18992.8044203612,5815.86625902382,6252.95107900301,2961.95335777054,4547.83583801697,12125.8376137095,36528.4250408504,1999.49525904281,9665.38605085416,16331.4782047134,66217.9966242882,11472.4871479694,4086.89499747143,11749.8530010951,12463.4515873626,2212.87377210583,10813.0850168697,13643.1123829603,2713.35401029015,5269.75339114104,28515.2017042081,15449.5849535312,25542.53249569,6352.557916803,2547.39330104304,4677.84964404806,15892.6062967806,9218.99670667416,111413.481707742,102035.149053853,115676.375510828,63768.3558391123,40074.7788428014,32941.708562201,3855.91441321868,7489.69302564879,45505.4287517546,15385.7828617472,1785.14752725274,6481.74653400651,8030.78191095192,3247.39539701776,17221.1675660107,20500.4955016993,16846.0944948337,60934.5958885704,8549.38590835189,7305.35168264186,10782.3273963944,4896.71362203844,5465.28543912113,51856.1621594423,6136.97666225815,2322.00628045492,72164.4366750496,89688.1185184727,66970.7360338715,11674.4922080523,41566.2105283935,54600.9810355525,10651.7660188057,61429.3100114672,17325.2585186902,28361.6782445757,6690.1918103086,3725.10114454816
Histidine,122715.932683676,256304.941447827,865543.067287587,124964.68351236,279190.316942551,291318.259161697,236720.413867366,171266.793629919,137817.984660108,84300.034673915,245255.243733702,153455.502184124,526379.418315896,275913.508256714,131481.037592508,118159.571349862,786726.596679798,238972.366707566,161394.512462079,230947.635508972,125361.758557449,167213.601187238,205716.542292998,342241.367977427,167177.056732615,204312.57460282,387028.219621632,145097.670969303,527018.386012756,119123.640668204,323436.04707878,194544.084943908,136445.969130095,101902.956261959,117949.915775585,102042.781305401,318843.961534244,75671.8948085415,268570.966309357,293195.96731973,569924.911429052,174048.798514976,138965.810045551,137572.740459679,269328.350954593,83681.8001110645,438097.190045115,342940.325582278,155650.848556782,176542.842771529,189654.94840311,127219.681992159,214943.594231907,247338.319525543,113372.390618459,95402.7398013045,250619.625851484,217188.903205518,161962.816374281,141566.647244044,439924.968078207,269251.631000308,155545.246219832,133619.337126535,252472.996955631,315142.159012043,307375.031533806,200600.148534921,150622.337115216,180319.86519719,267188.603736507,274751.321672918,345777.342855603,203565.439802074,191669.09502384,594014.011402609,551363.314500093,254369.226945587,369978.298365334,412965.192203618,228987.393597799,287691.256520261,308324.743571736,235966.295913505,255202.109209919,225134.160924521,368246.71491499897,377697.946818782,132444.698331221,170532.526990366,187053.013093717,185480.302588492,189270.018473153,146817.464981476,289087.456915936,424968.060182481
Tryptamine,184718.014591948,450123.770826713,121808.753632087,94491.2639045737,573730.920541652,217198.10804771,13655.2129122801,45075.1929272816,29968.7830980336,59417.3183037514,408874.915027579,164752.820435105,117699.319280043,210929.667593313,61851.7086745168,175519.443312683,104449.293120804,195466.354042449,36945.021184395,170572.105282266,189687.627631854,6678.92938039408,42764.1310210062,36116.3766447684,9394.05446735333,76603.8204493327,39010.439513151,71746.8045455628,320165.649134026,597972.306096013,1055607.27179412,95010.8954193734,192634.109708532,160879.178432179,225637.317732643,288416.36890761,726396.12336119,50384.2105339533,394206.64321124,250218.448792219,273528.389312215,28991.4827861648,91281.3543401005,15624.9686053544,394899.800743728,95413.0285345159,514899.188864696,582430.614047805,118005.531699163,131939.741838665,358804.005158677,91033.1438737253,20557.180308725,280682.498058099,179509.179718866,69990.0615489825,425971.846408364,49579.4265961583,314967.090486829,562408.994954161,548845.047700702,587205.170491924,245250.51277586,142712.95093056,252577.914792416,172780.406561722,128357.100549341,299811.682369023,88223.1200303842,617147.374710408,425528.503030394,592979.623796128,401418.419243975,151325.984478706,191720.254466812,912703.913758768,45619.8453427487,119306.501693808,328399.059339669,84563.2906091035,249103.245229338,32286.1358712567,338084.273858537,43873.6291485227,313348.344250516,365303.806681642,545458.857434956,571034.556155242,115613.875929934,111259.629772584,223814.031498398,669536.315613783,100385.311615004,227934.351611528,395230.082815437,418626.579056826
Carnitine,84223.8663729308,121288.200672913,133782.34698664,83090.4951519505,118317.683788705,175106.388187921,112669.271599101,73717.4052834893,111888.219784584,66463.6207092156,123484.731559661,62884.923114471,126262.762311441,88033.5527859483,75235.8029592714,83573.6343274045,110346.035893837,64874.2545646917,46900.321839334,74374.2380337423,67898.3252990372,80555.7189265985,85673.781024821,103757.070256664,85342.3971207291,74955.6089909896,82718.9315375204,96716.8752011214,319869.74409732,54756.0597859175,49516.8185949469,105345.871877838,52580.2329605303,72880.4756910678,58264.5426374092,33257.2306628919,67231.3073640876,34161.7595955122,55782.7586798882,45677.0895604648,50788.8415756187,49410.8936092352,64791.6960589569,54289.7743917264,89307.7204058425,78454.5026719679,60551.6954518726,56746.619317767,75886.4065139005,68053.4801231274,44131.8441172817,52766.9328739475,87750.6356245326,136608.297305614,73072.0293937407,65755.1893732788,147970.855592168,88045.8891209105,240432.798437901,244979.993601023,285423.364105365,317866.812772902,325896.125957261,341788.111374616,506411.200907583,536030.032527087,221768.901913944,348208.126854558,170853.030748014,174774.217674582,196177.292009588,218783.92258767,280345.456844767,330367.79468315,337887.478980728,925583.556448932,436869.157319442,301617.250889238,609741.692422012,421241.599927127,386564.437854455,314545.422051602,416748.958758334,427163.358354949,544901.478479217,551662.63038788,559787.607010593,324158.335661579,402169.086061023,579618.522822839,291677.280106918,397221.442961542,429228.452768216,525116.148538072,601839.74204385,485280.623965682
Phenylalanine,207098.991569015,422151.713872878,1716257.44497771,151417.227315307,105442.121062028,181393.456337651,235996.823924859,92647.6394513901,96406.9651546868,255128.646314996,116186.585047962,234265.78613954099,472055.757665152,88630.8336038375,140249.632154311,269451.336626054,85263.4713518589,23529.6901878725,338763.753486961,176204.130913294,98436.9012741629,170345.215792978,129188.756745344,14136.6684017787,351356.108575273,96933.8476418431,70513.4733109008,149471.280051929,122596.687565913,308073.878226293,443875.500846392,333440.682138622,362827.821845729,170430.436299078,347178.886775062,252309.56040079,548281.686988113,161277.362817814,586497.770250315,417480.926029272,528365.515365302,544751.334862916,383736.962323553,340038.136500445,505498.066208247,98031.9332181828,581891.237895196,612795.518460638,147067.701909403,469638.773234573,396399.606992401,257431.990629737,48903.8362224457,492617.004638216,137143.081487722,158302.838700545,417218.347997699,62474.4627611589,14477.2260262072,9877.35249086574,9223.18210153694,44075.9173856576,39699.7902522533,37630.6907997622,33321.0396814268,28241.7578898006,31199.9101344371,28742.2861083108,26404.497460927,41071.6422580393,26930.6890649795,41120.3455493972,51877.090281414,51283.8670201159,42272.8130710597,148083.62761306,10109.2936397058,43423.8413760099,36073.0081433205,42146.4646001535,59623.5924125204,93822.3419684996,,45967.245798282,26411.5176588745,,24563.975960485,27445.1656982206,,,8820.44097019644,18564.9575326321,37185.2919975956,68850.0188436301,44907.5878839676,104853.114240529
Methionine Sulfoxide,6962.53960911901,31266.0865584711,326940.834379156,6821.23845981257,14267.5523992323,22933.4639806019,61426.2584709182,7691.39285920808,4695.70409025018,5897.43513472464,16128.511601248,9038.92542105677,118003.142263367,21638.1764743142,7085.85862826836,7820.95103063969,165451.084248406,13564.3247089365,6130.77236322352,13472.1822544874,8500.25014774335,3684.18701822799,10222.0861050388,9156.17378691376,9292.13479638928,12588.7766412268,12545.6560012727,8566.33784744927,63204.6442251499,17743.9091976233,43045.750078543,27134.3399797619,71860.2119100992,31740.7744289565,28279.1280735525,29920.8456749693,88305.5571490143,9146.31317070278,57286.8761743494,80611.4866057805,44669.3920432345,78440.1496723143,24227.3717400555,28174.5402247693,63240.9751200595,13485.2532936775,37418.6791854355,39484.4607755174,15426.9320756634,18860.8833818805,55955.6139209209,33225.8511000319,16529.8113158912,24465.7111870667,18690.5166928031,8728.24816689793,65577.6164311015,50179.4655000842,15259.059449128,18856.3560248177,87560.0052759147,26663.2764708682,41097.7804677685,30543.3643583969,55588.3715513058,39617.8235020984,19982.908897609,20702.513443304,13601.3559758593,41913.919334099,46274.4354937323,26818.9456444689,53609.7074459177,22560.8899321516,31807.2134950001,107799.325958899,36245.7486935522,43253.2415001854,65524.4579960515,26430.4590055938,20182.8821690298,24190.547625824,30510.1434828289,21287.1543473413,22036.0509689589,35415.1600003564,30903.0552372836,52844.1465758037,17650.1794235551,25319.695225154,12595.2997509829,33714.4181686003,18696.9672144834,19459.7508919569,29576.5765227937,101918.189824423
Pyridoxamine,5353.54190652282,4961.32891273115,9879.75604226509,6657.42736907353,7194.48514954216,5788.65360047244,6477.49158989615,4708.3630330978,2817.84614395858,4261.323096243,6483.63737786189,3717.48068986563,17020.05589759,6029.31623430702,3022.21744041799,3854.43800162264,5414.24483162043,4471.00145713165,9463.41847460334,5558.75776924093,2266.19227629572,5006.33892487453,5108.29235528206,4352.80711641331,7370.94540880168,4989.68385722713,8030.87260123716,3570.49099096735,10053.1771267098,7879.89659518949,5928.0848405631,6868.53669051747,3320.63830112155,3363.19418317329,6564.63071453241,3310.33008477702,7141.30926479747,4211.25203074151,4630.80439495662,3838.05242489828,8487.59715075835,4598.52802441043,5118.50443802999,6519.05102279446,5939.15707087589,3512.56270162068,7673.486363305,5398.92883642556,5282.28704250726,6773.09853101544,5230.9874525119,4533.99740411739,7089.19633442543,6169.94844913517,2647.82240324768,3692.35673446791,4599.91042653803,9697.2987473813,4088.68154813897,3169.29535746886,6858.95521743122,6157.82354616283,3989.81292218151,2731.6443816049,6467.37866334902,5348.32211787252,2613.12775354318,5436.95956871549,3303.22115127009,4456.45336486387,5669.99781187268,4356.02293135543,6989.66829593522,3986.445716911,4744.70204278816,21182.1503650851,7829.22472988312,4134.68269752208,4223.63785426303,4265.56734183348,3822.78223718066,20350.7910661434,6014.2848918528,4474.51102184944,4691.89590388617,4034.53354478243,3067.60346640486,4719.34044467052,3898.9059575387,3474.62433317355,3172.55474654675,10432.634569836,4213.92274942618,2662.96467283715,3129.40115953733,6615.57728447127
1/3-Methylhistidine,987.699605840608,599.146522707879,743.382216477397,4701.86176038731,6053.82519889944,8525.32128850949,10978.3460228662,7718.60148890753,1315.08077833049,7322.26737138867,5548.51655042462,12662.0471929399,3922.90189314511,2015.62261874844,1898.64994252218,2958.38155426474,7846.97852752925,21273.0118652313,2307.36638656412,3817.532038979,3324.96823364233,2176.89099539013,5679.07694149249,14745.2913528153,5509.58169448295,7649.71465136949,17899.810110851,2873.66946326532,2107.80764336016,1890.14733481295,1797.9046007538,5932.10996307819,2625.7408008462,2872.5017899764,2052.0145974249,559.384492832554,1977.17859841843,3519.29582760282,3924.99848409218,2539.20387664614,870.805832380709,522.574605508673,1241.11838721027,2314.33457836151,1541.30471037958,1501.39567281254,7071.38560774504,4187.20917302585,6895.22637313563,6787.68472023878,5219.83868684206,5377.36426062415,4083.30994269901,1780.2360468241,1082.01477222523,4714.50087253556,4798.53732322289,12120.134537554,502.425586205021,400.324451518257,492.696305464966,988.65306524292,1266.87304754786,1027.05155032816,794.00671129329,448.187574768189,1757.84800864744,1101.34111295977,454.396653049164,379.886761960468,620.891695715503,713.545593304549,1758.95587248047,1333.58109431581,1544.04623778024,6966.08852424612,4483.74052961935,1129.01740224476,901.944480563916,1298.05871934966,893.739311675794,2622.30989758988,1408.65218320083,887.072668788424,3305.71996403334,4664.61995932112,4032.67505208864,1848.87497817329,1444.98204406048,4660.65421243964,2181.92341159904,3094.53672066954,900.584883878533,,941.474472207621,647.152912351105
n-Glycylproline,5438.75325759786,18362.5417567255,81324.2952824805,9058.29862611053,24478.9489496543,28297.0007728393,33695.0697792259,12866.3563271365,7594.24425079028,5477.89919686535,12453.6665718498,12470.7914549599,44351.3397940677,15304.460391028,8771.07799221088,9453.90767428337,71543.2338904826,18082.2425876935,6900.62610438173,15810.3802377797,7661.55488521588,5605.03326875753,11409.9182537899,10309.1364076561,6784.68219338841,10596.398624014,14099.7441584614,8724.99429191088,60266.0448228652,5739.63864572024,8047.05231396596,18402.612318259,3825.46904264101,2974.80229128206,9836.7116935792,5380.45571652451,7875.1353739862,4196.43409413799,11017.9429411351,8685.97493800298,14537.1963229187,6104.73729090357,12079.7608727069,12458.2218458361,5467.57398449359,6207.75085640633,10506.2612992643,2225.04995253569,6129.6252347868,8825.55479316703,7732.24825050997,8143.45938096129,11515.476574453,7256.33082904283,3464.18401643548,2824.42019472368,4467.44640490644,9282.26036759516,6768.97583231928,3104.05900099542,9711.46593015415,9887.84685528044,6932.5217265715,4690.93836311574,4267.45617887819,3239.06749559115,1863.64101239341,5629.265432721,2874.86140832612,11092.2435298633,11639.4693961147,8159.49982898386,15091.3649935622,3582.69689965923,6071.26367304083,17717.4701032163,5701.51035641049,6479.41013788662,8345.96617083802,4171.73706221242,3555.8669365266,7614.09164984617,4880.31467446436,4557.52567206173,3605.34180470085,4953.31401553335,3469.45499661968,7307.60049939876,4318.13300946262,5683.04250400525,2550.24600365606,5621.23391113563,6134.36547317854,4499.36433932394,8843.59216644936,12540.295074376
Arginine,22359.7495537504,98868.7971020147,2365335.61154292,348110.087646457,33706.0983151204,202046.954111188,53783.3294844471,25680.6627427917,26518.5257435478,84718.8126762525,73309.0880335058,41564.2169218723,1361569.86950291,125371.414411651,214883.531536048,118120.166584202,17620.4409953602,25915.5295933102,42923.2015525346,80070.8507938221,12932.344731824,92272.5868404023,46382.87541947,80250.5394456132,232286.194031325,111739.160758965,46268.7377863607,194305.164527072,1928881.52530239,930637.900018592,1687356.60852308,1487616.58384262,1040569.99822349,791019.152699473,1117058.81755616,878739.753471941,1942484.25312427,608271.486466852,1768275.98290505,1959597.71599828,1925837.21513007,1560622.36834659,1204301.00281501,1228677.50004959,1587355.67181458,634634.930866861,1578880.07867167,1557953.88477098,917854.893079804,1299660.42520229,1129085.28440825,898797.455520428,990312.295599763,1452855.55845587,731533.986130666,641183.783271372,1203783.3645223,1033794.51653281,29498.3130489851,17265.9239197895,16093.81207483,86849.0096396131,30222.9341208139,43778.2805080849,50377.911223382,51876.2551456864,15381.5027063647,26478.5538823929,44783.7519734111,110846.817155106,21671.6403725802,107959.00656206,64001.946146788,54364.0495392688,48395.5660991225,130152.820881016,17872.1970915554,28460.7806408488,30639.00544644,42087.1647400407,99121.0051958915,149667.344780429,74120.5388706317,88983.4860387148,64962.10428818,51554.1398858345,69375.0885712062,9341.81498440159,26520.5043621106,36608.0485406225,10589.5378695857,50122.5496542687,72340.7356982549,23240.800630357,48490.0718315072,27895.088820692
Tyrosine,,6927.46597422092,35328.7000889824,6329.00768444953,9733.23083207972,32257.729325283,,5178.05996810402,5808.10855851577,6535.79262756588,5971.83785945199,8377.3602736689,15590.9303241781,6963.61095061084,6779.14126659048,7493.56636730618,,3885.05045556303,6984.82045056097,10479.1777344075,3268.00137005791,6038.0501686043,8081.35503052422,4659.2230441539195,14041.0755183545,,6239.10550488352,9657.42726303673,,22156.2491744033,26365.0272384922,20929.6371497203,15444.9142070513,14222.0022053738,21887.3143546384,15790.4517437593,25101.8580051719,10323.4262639599,23178.1044179756,25885.423488376,20409.1248430939,25381.1898120098,16943.7723608381,19947.5808881529,24070.5646075975,9776.94330969929,20219.6868285029,25254.1685732842,10678.4292651525,17413.7884319351,22447.7148015194,10581.0082253763,14911.7899661673,25306.6787667757,9885.58570876126,10841.3016740993,41746.3795759287,12132.1304481749,12557.6087245356,16538.6800165138,7309.5156723535,33596.5447359022,32328.8039016725,22552.4653302605,21887.5273643388,18830.4130209512,29904.1766350022,24661.5848425148,28615.3154085692,32925.6088340689,39936.396598718,88997.0389951545,20808.9310215524,19973.9746306372,32239.9867757449,87056.0725844536,22416.0192368471,22033.4834077853,32599.819733,30665.00181391,21718.035723292898,17590.313743683,28082.1430260892,21468.6207373147,18004.5966659337,33074.7764182066,53505.2184595123,10387.3969727357,14269.4300181486,24508.2679897765,14933.7486985168,43617.6374684469,13436.6353070853,22275.0268256553,26548.4192293782,15362.1320266168
N6-Acetyl-Lysine,756.281675377464,4112.39724915969,19545.8843263058,1011.47263094168,3035.2208282647,3920.09755383852,3899.87389888906,973.530064190664,838.537496727194,881.588902660904,2730.529619147,1328.28001556914,12261.1209884786,1942.1594060222901,1074.39978418495,1264.66111890159,14119.2215248704,1346.1970924744,819.20754325104,1587.38539249609,849.409853330755,690.585305472065,1303.42133327614,934.610302844894,1287.68255412031,1237.68134705919,1252.15548974937,1114.50394015606,15213.6733932819,1727.16749907201,4239.81572829974,4373.88763042985,1798.0693758873,1648.8351645554,2726.29107916237,2196.39900578222,4589.53938185829,586.956642765211,3629.83218357934,3530.53639209479,8005.16389436008,3420.85298702521,2168.41171005082,2050.65953337985,9616.62067946592,2815.61057707826,6798.232289103,4915.24776452891,2873.84345350628,2216.03161386585,2954.63557979445,2756.13939395193,3068.78533490738,4404.36237128464,2619.21747472989,1063.6089388504,4279.89358688633,1858.11566570734,1421.91915413217,2640.41844059614,4124.23285171767,3659.78139891133,1915.19892931151,1125.13358594484,830.352777614036,869.6777764628,609.012836485966,1521.69282493009,819.448277540204,2672.46633811801,2855.01086372182,4178.15575548806,5191.58652331743,1388.58160792802,1856.87729413353,7899.43903080812,689.97321672804,1299.29158314164,1707.91303049929,1386.85137493589,1734.79911422787,2231.66219043229,2290.21397795569,1326.44834315184,1171.73852398141,1075.25490347973,1040.13409046657,3638.99567240204,987.446248040606,782.264109128965,680.006240358069,1070.60608093495,663.558309464242,1500.23981086007,1836.98760820291,6301.34758764892
Homoarginine,14873.773989626,15889.0259515806,21373.6984927668,30856.2732428667,24402.8658689154,29862.1073783607,33728.3741331592,28290.6946484842,32631.050907053,25930.7725313168,36252.1490737697,28149.421931284,68876.8084348783,39246.0727603787,38697.3914925395,14261.9325334319,12182.6246720305,12510.5603795463,5470.88503569755,8485.90683409872,6948.27293792686,41159.9922822077,43686.598696346,46196.5599801108,15235.3119256471,8978.46218278251,15485.4776427835,20886.6114495094,39445.9382875863,41890.5754861502,27929.6880578522,36389.8492403239,12954.1313493494,12109.3769934444,27867.9160822613,24070.4689082282,30363.7360536307,16848.861106082,18231.7747642556,21485.6507488065,36377.5001997022,27889.5601639319,53549.869656531,20965.347148825,18435.4473111684,11314.1303034143,25762.5657526761,23315.9296846305,23227.9343020299,22125.0656525656,27290.3928803484,14614.6847646152,64503.6324841004,37836.9778646912,17710.2699274741,22799.5364602329,37051.8353027095,36507.8830046102,10595.5266613283,16346.5192577306,16398.3486724511,14863.4612562132,3252.39592904134,3940.66499426798,5813.996056756,8390.55552494264,4124.95036283193,5375.90465292968,4986.04459242809,6995.40782093983,8484.9786021318,8284.10470507494,13925.9208303738,14447.5934763599,10888.2363202994,35121.7825460088,12327.887684113,8488.8280940668,6800.43257354011,9249.21664081693,7892.99077958634,30033.8463660879,9908.86607936422,10129.7449138075,24837.2800309136,13344.1139114553,15075.7737566568,12995.8585184328,9838.7779364651,12326.4718276355,6420.50130866523,7414.02786886669,14546.9357862955,13335.3215460001,19791.4340652634,17099.7641134706
N6-Trimethyllysine,355350.550003184,409457.691954787,526076.221895327,833517.013199011,632632.672429214,768207.518441189,867304.13225383,678003.623289389,804846.321297087,673791.721683312,1034995.06399254,774483.851480917,1842081.32140548,1026358.62091087,1093029.53503922,336498.285346435,319195.873706095,252216.055866374,75853.7683882219,190465.627031481,158323.468008838,908794.010285046,818149.277554675,967037.669053397,325067.423139789,194886.052349438,310672.871765705,604030.338944306,1027763.08705755,1156445.49969173,770805.432739143,1016130.3043619,337708.975000511,336765.717878121,561253.678762288,569783.86212082,737751.022261251,263595.533621605,280681.71563123,278780.312048192,800347.031013071,633789.767652716,1170962.16070646,516268.683702275,152686.86329921,125823.666022166,419153.886945565,413105.285579947,390609.097754781,224372.338688517,258876.779401976,153525.836852737,1677411.02275569,1102369.83474483,475669.267554568,453611.072049854,786410.005377948,766956.63660694,280619.514917732,465726.160787703,430547.113826382,361251.496333373,73044.7076514924,82309.9705054689,118313.421193379,196863.191903775,78460.7230858125,125369.960545539,60983.5855568075,127969.623108009,189478.256886546,165059.199693901,323587.684720386,333426.629331976,242261.434139118,802280.500844799,289089.549231363,227377.658687789,177239.183184569,206694.958820162,182497.021757838,797482.477636878,205865.986738674,195210.216950242,682339.180764125,369350.780375461,449436.43007322,405501.878051233,228420.603794165,330840.968984074,152674.268499743,170390.649917512,357105.618075601,461495.306703191,517165.722279238,477376.015322377
Homocitrulline,1691.72705985762,1029.03719538771,1780.92011091004,1825.47418188143,1671.34919189996,2090.59357561261,4634.91424858227,6185.31025305947,3584.95404717938,2429.89025169873,4912.24763577955,3023.43080641227,1724.9648348224,1169.78702805169,963.40076802499,913.96301190521,2400.18794435158,1822.31824643093,751.188378655758,970.317451748056,618.769368436591,2854.13308871473,8681.76827515147,5006.67203010623,1753.83097995548,1807.38122658234,2735.33125543751,1436.66778104538,4375.72935933987,1805.7764262187,1990.38391273214,3198.87585807708,1727.60671491035,1389.99244740339,1842.04140862178,2645.74790465271,2726.36953770402,1763.8535304284,3020.91737753235,2981.92602660765,1102.32466502994,819.628471449428,1639.50451864472,1328.58893614861,3799.68617468037,2195.23927234543,1856.20590746376,1631.82168715035,2181.7251247045,1768.78609654438,2955.99724301625,2398.43877985313,4301.511536464,2782.70740757312,1737.09872181508,1339.71966363225,1760.38395509898,2474.04664620125,2586.95975733024,6469.89022667446,4173.88583059616,4362.8813257999,3595.05806329849,4586.34535040608,2201.90318805379,2402.53599045584,4586.79153728486,3402.48947090749,2752.83474183174,2979.0207393394,2490.92992228301,2912.49326286564,1090.40131263923,1735.33083525069,1647.63166887805,3289.62219018685,2615.3433159719,1354.05061509024,1817.06335182202,2079.80722198059,2472.86454909296,2011.89414432435,1478.28197542544,3567.68455487539,1451.87553125515,2941.63079723579,2343.05697739753,1539.96044692749,2634.93871137809,5533.35320134543,3678.89184892461,4721.70374430836,1296.85848761318,1278.48612904045,1161.42930030821,1256.82987787894
Caffeine,115.576617239351,1535.49546869718,237.990327801828,136.413270087477,3234.89523039469,437.486846219969,346.780022470744,1686.99952818427,45.2306267676046,92.9830019607833,1870.32575271721,117.920987258433,223.366183364007,541.944337180429,106.777722866691,118.28302570181,1364.37268108539,44.1752537827479,106.450588432993,2557.17877820555,68.7548024456253,160.253617211201,1647.94540590267,26.6827922159998,177.180371418875,2674.70903371135,,504.675670307673,5437.52361474718,232.187861923445,813.080950427346,142.503214836685,928.587757765398,71.6305062425159,170.491756483059,1594.77004160726,114.14616640434,71.5100271524167,718.434402806244,157.32979321541401,131.268821708871,1128.61582516195,153.773586196948,226.712844346118,675.40464627963,,68.3237923539734,466.267560785957,56.1270396917235,115.624414065891,453.883052687732,66.9130692612,200.436682691518,1018.99189391591,62.4802139268193,56.2275343788581,870.91792489264,,442.031517873235,126.808365535618,807.062649540517,210.898765332596,226.13453066215,187.361520653902,223.553186656565,176.210229200795,2110.48470600133,520.501809017236,481.530550502189,326.979261018598,924.876458620499,205.289774328796,234.217792796005,263.711560918211,1602.65134073631,,44.4467070696444,431.136985513213,905.916866288995,420.866188059832,244.10589264832,252.531969794254,1566.38441066842,,192.567100701568,227.157705614397,617.799059942848,125.798814981575,184.056448763055,455.987613988353,1105.14424171994,129.306707636995,82.612516455858,566.036330323525,762.615400684973,
Dimethylarginine (A/SDMA),410759.745027228,819676.541049124,1203797.19056381,595369.709283851,442390.454417091,649554.904142613,427906.202218245,297780.992783578,591714.043965399,443161.164010607,719580.163874838,617574.295839378,264743.523125067,173729.939377592,187853.723118309,146076.959509019,264885.530389722,112924.853576552,241782.521476228,397606.911429918,343108.411601599,506541.846904553,453107.63776839,476649.075914834,1236010.89994875,487155.176394989,339922.14507779,506256.345104992,1958299.5424472,276065.375785854,143433.778617804,129414.001329954,43374.7878112599,55447.7678262621,146046.131255531,100418.705408924,160384.978333339,34244.3770133928,103189.845957868,109134.246222663,197094.498427828,100068.010982985,106489.053931383,92651.7550333681,68817.3088338771,65933.6540515533,116845.318965742,75149.8349019039,79609.8680817114,82083.9617550113,67029.3525785542,74040.6936228723,44640.7276594397,89498.0085311986,45399.6837650943,40733.8858929711,153583.988452063,42037.0392100601,97813.1297634726,96365.3150496502,173289.707019218,200402.198120835,75672.6518341922,50125.6829512718,145512.036790115,170388.693680847,38681.1254415598,66780.9962374755,64646.271982512,117195.162640423,154066.148309955,154295.870916306,117322.121840459,137582.024394593,166117.214433405,517932.366620546,749573.126118418,563331.393255865,928048.320583987,682633.309374978,141193.371228369,216057.774969043,187279.086271708,166635.044930212,163210.190367146,247863.715860811,175667.963430207,141234.008135027,141593.077731854,129112.270558282,75851.6711248826,196082.794707477,142577.491481394,93283.1131070811,193084.558826557,217555.246066688
Acetylcarnitine,55225.792343684,247316.723728137,117158.641055477,60612.0611099337,308606.423035751,419515.729761011,224692.712021859,137393.274979301,84260.4195366322,105887.945589175,312853.326902164,90364.2891059911,129749.242580733,126482.691891112,83520.3013787301,73520.8219998349,298966.438207264,9178.92564439943,3346.8339886831,261384.790034914,62679.1594039308,41186.6583732383,218228.269136263,9773.21767296126,128128.031291334,320526.586367525,15156.7968949381,115839.705140128,875073.675800661,15619.94000046,68972.5658999116,33581.4131604386,85506.9116232165,42878.7795405019,29313.515703429,67185.5863890633,28802.4247449634,10433.4550354722,56187.77448163,39734.152837726,14877.6824760669,105150.078733502,36331.1838736852,21249.3670410063,118655.611512046,29579.9377985148,10006.3897294203,45197.3400582132,14774.7099803521,11974.2282772827,91509.8549525209,17225.3133215481,3286.20305187877,148010.29260167,33545.3459755226,9327.30920082704,212693.210848441,5018.5951703418,48140.225610945,213479.450268484,182839.401749339,283242.331860262,86921.2547231986,232495.977658571,92172.5719743275,348020.390752285,257246.100911743,195550.39496104,66326.517902645,225107.423507082,82451.9425538543,165196.273494879,53752.6392859086,256152.928889711,165714.404726192,347034.235149121,7445.19045306735,112170.0308537,516413.837834505,142991.303425464,184863.962381173,32938.0782605825,387377.712442237,174501.528840782,358332.814380238,435100.818111479,455098.429710298,90270.6841674403,92877.858154245,245692.179536921,204127.643492832,105182.541459459,67742.251809422,570336.156296221,423696.074249852,211033.078420717
Tryptophan,4236.803452785,32736.2913822368,99346.9476948151,35271.1682119802,16556.0245505115,26015.308996733,22399.8384118851,19355.8679978001,25415.0547831093,36764.2063827489,5890.00119349285,37879.6360759112,44254.4252942199,22412.7016698208,34873.0571308106,43033.7568799228,39185.271497609,2105.86547530041,48874.022267768,16236.3748167859,3046.7538011448,21448.5263052578,33197.9699859503,3691.21191238499,32124.7202078944,28455.168026499,3753.53934075701,28109.8141311245,22160.6757537102,9414.3592818982,926.924545687822,14227.9848643829,6163.50554570672,2660.05337780044,14492.5984962262,1284.09294629575,6521.0750081348,6556.32688097126,9660.19285649953,14131.7783147617,25203.2411236934,26624.9999940698,10006.6885427512,14860.7346662808,11853.4607129793,4051.58330871182,11500.7204013615,7633.33124726086,3603.31241506905,16651.4047154139,6441.06009629203,5271.27041220421,3438.33003732611,8206.56042217465,2363.25225145875,4197.91151060704,14777.5348633149,2840.8629774154,3826.48643380606,20594.4648311409,6949.01847924498,18455.1565096403,16660.1103207666,19186.3736405876,20340.3411686297,30268.562053482,26365.335428794,8626.82204294453,26528.8950695314,26668.2978421979,19936.3982242847,49743.4428790638,16013.3297181677,30125.79204593,22818.8831835651,58343.8176541482,8725.19612940124,15070.8911174177,22647.4759796743,26245.4862246102,41317.6892143786,2823.36580583585,11093.5389957383,30730.7255046656,20844.302871453,25342.4227652476,37875.626578206,11021.0381040114,780.119759438856,17518.8609829052,6093.32123980174,24046.0892980444,18967.2381584903,31649.2718181935,17209.5221001052,24293.8221052448
N-Ac-Arginine,831.339157811969,499.045589733674,778.215794024783,504.96084797943,671.129709333132,572.038892780305,,708.87443476207,519.308728433389,682.987906001543,991.525486304985,458.637731455834,1516.0272906293,567.396105670483,759.345480962869,608.426648678901,1005.75532903418,992.687633144189,368.836031875552,894.342980470113,441.007879684847,657.103413172711,717.377787224559,868.725126112283,1108.74982411892,1230.3763989665,1349.3914659112,639.721877450827,1376.14374470493,5056.80625743667,7505.07847158651,8219.39395750346,3988.3729555097502,3228.06852552427,7907.06136087582,10358.7383466984,5835.78912086781,5776.3684792393,8366.14763632392,9912.63364976656,6271.92684141977,3549.08829112353,7696.24240048057,3903.86672318875,4988.36603423569,6717.35001195838,5873.67521219931,5262.58957657503,9147.72864808633,3984.5543473882,2888.17987501143,1864.92254911839,15456.5206819497,6362.04494131052,6172.21626218327,4200.02765581165,4949.93030341581,6237.03258422281,590.580875532875,367.093932164262,483.737603091854,880.30019917713,,309.253643868088,665.627424143807,764.186099642254,443.503922932174,407.202267110914,694.301180772954,1686.90393547811,587.551517623317,1184.39054425027,775.723957754038,508.112141111327,1104.40036837247,,658.396760440249,607.205566198856,1339.35408153051,612.586050827966,2871.00782707174,21836.0985049228,1608.8750288121,2102.72331454562,,1274.16001065718,696.091424359524,255.236153631441,739.421434068997,1049.96758714365,478.305338830926,649.198373104776,,,1136.32792657009,561.581495157125
Carnosine,2999.84137246172,6044.76097949293,13315.782781899,1984.51795464389,5414.90830864678,2843.01197091106,6811.46074138464,4547.48843502426,2930.56905260536,2317.36294605531,7115.38368488077,4583.99506288574,6021.63699745754,4278.9692803934,3740.9577036891,3384.08735434883,9064.19981237084,10657.1939552449,1122.74695605482,5874.60341551556,1673.53230553497,3155.15068914468,5901.65353808417,6703.85123759852,3839.2518855616,5444.31399430833,10100.3759408712,7586.77421347209,3635.46395942251,2688.37194105729,1124.77336375732,1385.89710903644,1011.23695227511,838.719257674541,1870.23526258992,911.660307503531,1660.82824288674,1393.77913122677,1984.48987503985,1850.34777422306,787.06885618336,718.521171887279,1344.25583891087,1434.27024405775,1021.89770099716,1234.5916526138,1357.89535021393,356.15121753625,1477.63248720828,1310.86053920176,1042.1082740908,938.006541057847,1785.28392223693,922.800666431123,1230.55718090557,937.80760280727,1216.63841051644,1183.56509258479,3259.93553875589,475.903856576054,346.641857272772,2368.65834578961,2492.88932799589,1240.93623626293,2557.94470391111,524.854312449153,1872.00164188558,3575.16255394781,1259.38735925248,1559.30485709157,962.829149247965,5819.43638204582,4855.16099601971,1356.1497134465,1341.25950021029,10758.8420068905,4471.06510479082,1433.42541097435,811.543624667473,2197.31480881164,778.779131380614,2683.49188867562,2216.23339934315,1182.78086963834,944.751217807189,2115.14370568706,2913.73105204391,403.203128869682,951.594056779905,1038.11161015211,799.068288945288,1271.10480133436,1222.38442209641,1440.32414889934,3709.35951891652,
2'-Deoxycytidine,120012.19266131,280160.299761112,333373.922003365,42645.1701344267,482455.087189704,220976.69974622,106296.352168393,130356.809762052,74075.5283726459,99269.8596013328,343492.854274119,161755.653736608,273084.337826722,245468.586504896,41123.2015493497,73850.8611602328,804025.442044041,106876.929792519,59772.7417322235,205624.210562378,116203.499867963,124726.596552287,156056.677538171,186415.013182347,60270.7482399151,118965.414552465,51817.4598033124,45944.2423637118,516998.32034683,6907.17864360065,27856.293692229,7145.43992101654,13287.5798222535,8323.74085318825,5231.78017210698,14982.9521944343,52872.5923488898,2490.79827723519,10268.1073397185,4536.20380617181,57714.1564066823,12840.7255506721,9823.84927728496,7737.48589573465,18241.9253637491,3522.95846080859,16315.9233218551,24102.9322478466,6188.3625425403,11449.6076519335,32661.5567037617,23029.2510362259,8656.98131581379,10587.0993073078,5273.26223075646,9099.93166005185,23222.8484902497,6868.29712102174,63242.8180857495,70076.1414602225,124447.788729274,31268.3161908609,1627.45372549619,1129.22921204365,3781.68476808172,8548.96293795387,2103.11696712959,2905.28349627997,2376.53787168679,2695.62435789094,3692.73651397374,3730.27813856018,3995.70381784817,6390.99792089035,6496.83483970904,15111.3143636713,5628.40346654142,5597.34754191319,5858.38884592305,5735.5478619185,1697.46355331354,42645.3743489164,3059.61612718537,1889.35741072042,8793.67835054887,2911.5215511479,3049.59175943608,21645.0271405628,10780.5746300137,5279.26356616042,1992.45594823311,3542.589632392,1614.83225720233,3295.03877334465,2741.76509195564,3294.52675362387
Cytidine,33568.7608827476,137746.197136847,176841.871116571,44665.0631170137,117865.717659237,92160.167429862,50431.8609138761,50316.8767853501,42016.7327439971,26938.0998754188,64877.8501454964,32997.0328129494,113743.917949212,88509.9836475954,57817.1466979722,29813.053276232,90028.7689177214,55869.245563229,27400.478550376,57690.8103957314,39806.0267885738,39989.0276741498,47926.8785582538,71499.0168771225,60363.019686701,38525.101547152,66542.6491961682,37978.4351896844,157302.195624616,15716.6438888978,39850.0789439787,22581.6883443805,23727.9357825962,19239.6297896746,11868.1949235071,16866.5325575013,23358.1547121127,10405.9394341436,33532.8667968455,12469.1725655068,29419.1004343478,14845.2517096453,19310.8793993711,7837.78260310918,15879.3607739928,19419.7710030826,19536.3579514721,25746.8562863111,36860.0839785813,23426.719220892,29999.4416380231,26104.2702249589,44898.3579782656,28811.7811690801,36183.67853148,51379.0216456006,33481.2199129769,57820.0705175565,14133.5013057899,27022.2123178538,48600.624132944,18841.3999964086,5062.12310581686,12565.6582132728,27724.1460762469,29312.6643996506,17391.9186743453,12342.1083963143,26267.2524407153,36068.2536204612,29566.7276623108,34715.0339072916,19194.009118229,32962.442904872,33360.4537312445,74582.5815887729,30307.9028634924,25098.7111583384,34153.6569967769,40811.6939789017,26457.514679827,40537.5237224716,26243.1524149675,21955.3318428089,27096.4492617211,25131.0279639729,17168.4463667277,20479.1527214248,23805.7093506277,19552.9650325501,7612.76390386981,11518.94392662,14434.3425731552,22493.0808495887,20115.6526757786,16134.0011964601
Uridine,30608.3175194363,49241.4070677408,56608.2969568454,32170.4456061037,40856.3343150231,30751.4279217375,42135.3915046033,24427.1435036717,26221.6462948961,24264.8337299006,20971.9334409393,18613.374512454,103105.000032952,45648.1809895118,29467.7780681121,30605.140448672,49438.3194143762,25446.7950210301,47158.1273551155,23844.9469634696,25471.1573965325,28659.7595896096,28953.4071866274,29613.8088364118,58585.8581579967,21624.8883463928,35109.5000091901,30292.7949833887,46562.44615953,12014.8232166271,30215.2423240703,26681.2457961336,18732.6697291282,14475.6916116192,11269.9229836427,12746.1087669499,27653.6050128992,11524.8485645122,31584.1382430818,19481.4107311423,16205.4710267023,12386.7481301088,14745.3750762761,9533.6584828863,10915.8410772349,14696.0100207277,20256.660544652,17914.1991205028,27054.6208252724,23216.0780031897,22655.5578504328,18130.0056401849,36271.28499074,18447.5825909826,18180.2536134105,28039.995685899,32820.3906793338,29618.1155403118,2763.41400745682,4721.34187867521,8185.06501134338,9342.22853004601,1566.40468623624,3523.12247929751,44589.1879079,41182.9336045961,6204.08642825661,1857.28478680524,38986.0644602243,42046.8694214468,36022.8680618303,65866.1243531804,6834.30326351265,13443.0639022837,11757.7644529456,49968.9922710905,47179.0234695893,44117.7754870104,46878.3112559469,59078.4821986878,35215.5247135992,31757.463380827,29682.1689030621,37005.6812656225,13033.7080815771,10711.3996288265,3476.06173950076,4775.96584341848,7518.58387966227,4402.49298780297,1494.2141472371,4574.36945678759,13345.2097877061,13562.4097137632,6254.63376358505,4459.42629590951
isoValerylcarnitine,560742.986003092,329863.880141791,908365.132586439,129618.225398002,180278.796208567,185736.047294653,307586.105037874,543568.73661896,408261.992457651,284151.540268935,325268.456571929,620173.223242588,1028476.250874,312570.791924251,412487.463404837,1077607.12948414,483233.048780243,1322790.50425836,1631445.95859696,629300.00110248,405751.608020925,446877.940055198,490717.795864236,789278.589744825,959574.002169808,377632.10254859,1010104.78797585,335796.895243738,304385.481133391,78034.655962153,96964.079451822,121338.471683094,38806.8315141594,13689.9303527155,78783.7632686364,73446.7240622714,39556.8285139003,136179.18708667,142441.24661145,52318.4315512125,73783.4856902504,24745.0906325299,75554.8296826953,200717.757689783,39004.8977956387,37509.0192104085,33036.9932463893,60393.5799164902,60177.5591090656,63170.0582965823,105613.629025927,89953.6096780872,199741.772994891,87822.4760081734,24251.8393304358,70149.8957890858,40090.9470213725,107149.15092129,549938.43488899,242235.966036971,438617.473460201,520010.801710003,1302087.46365075,1427142.79841805,2192996.59377134,593714.735650511,1214571.91429539,1917295.32458291,1831180.18260877,3046707.73424599,661315.982619493,999732.89853094,2574594.84926722,2438614.00389708,1068133.96853892,5200472.73032859,1615549.4855531,279535.154647784,642984.945619986,532074.334939927,529057.731556236,493169.705112386,388091.822630348,388022.842493519,435437.6934824,524110.869473373,295314.189825086,216722.876898128,348703.571251842,675317.930178847,267785.912901437,471274.008146923,402829.294573369,933761.505242338,973675.947948315,440081.234022317
Glycerophosphocholine,371841.777475509,857925.10264893,375624.493853999,146203.539865269,311116.813231719,323855.248419621,829106.635809128,438512.445776005,229893.075927906,144406.680286037,444998.954858886,365628.472330437,470382.451047042,290990.170384328,231389.399506666,523273.70624932,285805.300494288,1191260.89949951,166716.927990084,540119.73787557,553041.237856176,221325.509841653,599768.379818541,629620.236479687,160557.740229499,293767.977868685,392783.608211961,130506.840525115,170622.164218317,2306446.45574179,1383955.71646412,1963289.63561435,706151.296795689,705386.416213954,2465973.71340252,1427724.82332973,727195.435606259,1139159.48923766,1809245.30125246,986221.272296155,72298.4676935745,784040.738427566,2171182.86560776,1786017.79092501,571302.058747585,1220532.52243032,491522.564675383,705991.348045099,1017988.32582841,1403411.62236172,643299.71537917,1176527.38706916,2444315.58714145,1898087.04079165,1388319.55803841,775931.599158902,991453.536205751,1259695.80952132,57029.4244531605,165018.567006302,27625.9666310324,115616.681916203,51148.0086396277,77181.3739225712,77984.5317557405,117884.229392626,61104.6554551296,135468.594885476,111539.316755012,325527.907823484,83115.010287244,269439.55457997,67369.7599806384,117721.989859496,69886.0843838074,198333.909487188,97534.5970324845,69595.4402689246,186969.048985537,134525.167620755,155622.336860351,150780.907376494,188056.991983267,113721.15341995,193016.430708624,233269.553642421,105637.529579938,15130.0824852131,54104.8833262179,129217.272050448,71809.8428308291,131811.941053664,62657.3324135931,141775.236717524,88864.7658540928,38106.7329042305
5-Methylcytidine,2139.53602109435,4154.17205433453,7364.95554746852,2131.44572415246,2467.50853992588,3540.57302061414,3079.39049232262,3396.4120837096,2764.22681119199,1818.29624569786,3250.37851326699,2269.91935939838,3951.09029368807,3826.17551341292,3041.41994883993,1352.81370318095,1345.1524092531,2754.41857546042,2991.00461570124,2269.13336236308,1546.75343894439,1937.03146315239,4062.65811671883,4828.68771411348,2488.7025655211,1514.358858853,3984.22632039404,2642.87808715819,3818.50394354439,1446.53089837344,1135.81539610876,820.127750056658,614.21036972603,541.305258433901,1057.0370277399,1104.89611498733,1676.5227416728,1092.94501225984,2034.35607266418,688.392999244228,647.837603221932,374.118574494636,969.70261889767,603.746012186635,763.201017377313,835.393941570221,505.933961398481,1005.21171782914,459.88150621342203,1239.60915040449,1333.89183592573,701.162396268798,7802.67168732266,1101.85144352283,508.023420810632,2319.72075585366,915.811154831873,6251.27917454877,505.87129184631,484.738985559834,1221.16906596517,718.280867894608,384.780687396535,197.450523284605,766.125408148276,1377.9082341482,393.144365970408,431.949207674235,529.240212259314,505.06382439535,788.440289451107,390.672867515688,682.460614927776,702.924356183511,1219.198406754,1806.13448262364,1240.32796982765,1009.50304548977,335.026173154479,622.861662456091,,1621.38419965649,,487.340251201661,427.795262325857,,307.025130734644,732.185142450093,1150.50359292429,,482.206538726069,1367.22900620258,1050.26374619189,,478.03668500707,613.285224933743
Hexanoyl-L-Carnitine (6:0 Carnitine),195520.196345125,151695.977880066,244488.10225403,135620.41671934,118716.501950871,171069.605872886,99635.206321534,56933.7244323323,87126.6103695832,136543.859185731,182300.361367815,175404.466888497,84347.5999367219,120499.03342568,1159841.5371606,96026.9921936823,62619.2831940887,79267.2215276605,53641.8471103146,113814.341107811,74281.5530607192,87058.564471081,84542.7332631028,58034.1521577735,328456.95274111,144498.66173792,111718.161605621,172330.345606249,185964.723708932,9171.29704697252,7875.95812744029,8148.35547349876,6635.57295921087,6035.26077771576,15357.1242259191,15073.3805491777,9455.2109264026,9237.46772712902,6396.81855431423,3855.61199648552,2900.1652410274,5913.66551022525,5602.35747559264,5276.36409021349,11201.3303328353,6832.39002254522,4539.33431734528,6222.94074068056,7463.98284243707,7742.52297103919,9256.8323713974,5331.25168732506,4980.75404211874,20697.22907015,5439.04811690838,6192.05035314622,10733.2962346132,6228.99316612431,10494.3638096377,25382.102224891,7392.42491862362,31998.3415028594,40959.0160676764,33545.601240299,105219.333364662,95705.7955258291,59050.9473572865,38043.1127318231,30314.8894763936,8621.85373203577,17719.7679256591,10211.992203981,38428.0273125212,62558.7206934338,80930.831366146,169353.088668956,20541.0907984418,50766.758701753,36024.8194041509,49999.0813349571,22047.5618220368,42270.5701017027,30375.1338858989,60028.4106366162,26559.6118416755,16249.0205371439,14078.8709357317,5214.88634705632,32242.0296723292,15737.2925379085,37029.7313432743,44102.8717179381,24795.8346362511,21173.2995396497,29385.6392376126,5256.00671477734
Succinylcarnitine,2237.60358428902,5945.12745298795,6354.02270051267,1128.34987189798,2630.24458050225,2906.86241211068,4091.63343848687,4074.10915747708,3935.91145374762,2901.85397913065,7302.09859569808,2297.55186465387,4391.0102369796105,2527.20246969008,1331.14762229381,812.460535430999,2501.13970823984,3200.30082763713,1580.99454351283,3736.84119461325,4172.86518291116,5849.23761153563,4543.2577136517,15211.8376461086,4814.25948139627,5265.53818274947,8473.26111177997,1031.2127833698,6522.72347855082,819.661795840508,2118.27776749488,1787.69140276042,2444.3755298907,3235.16365176219,1585.80314803966,1432.34484706035,2522.87191836325,1608.65419323451,2848.53929295056,2350.97392828705,1056.70754766319,1836.62236016557,1840.94176508273,471.805582290304,2265.58183754184,1889.48657067114,4325.00568854826,3802.92040321266,6747.65368110256,1477.70332333677,2061.78612360891,1770.73112506499,2871.06270216786,3991.53864425945,5736.60560578436,1655.76648447537,3501.32434816649,3587.86489199328,20779.8244156895,29037.8975106897,49283.5618310776,38653.7376162944,6394.68136580169,18175.5691503978,24518.3045792328,25575.5949450257,23459.7598902265,24854.0591391111,10977.5397256255,16023.2808337072,18661.2264660759,22521.4805582008,14504.892427565,25378.1945949309,15361.6715721411,27776.0767797942,42520.9688271827,25389.8884362604,29781.0113490556,50996.5451444678,16681.6729771894,9007.83309965708,38713.0434512196,27423.0067030651,35721.3965248649,36905.9335806837,36160.9063811892,24909.6750501772,10368.2936207336,48404.184817403,20712.0306515859,37826.6697539986,33376.4423077401,23218.9392671875,71312.0240787534,54219.773197386
Thiamine,1650.04236281599,3696.63682532498,4607.56386245252,1384.3472091236,1714.23363903281,602.467293938203,1288.81671198941,810.948981588028,1435.49520828006,13588.1277136304,34525.1339825077,19104.8478573166,30537.1815661344,26650.2945704149,31237.2678903837,20376.0123282037,21923.9561862721,18187.1600223485,4208.97524185341,21624.9602588936,17181.2112937128,1064.2925091874,1613.09527617609,1306.07092732821,27687.1389952352,22670.2876947236,17720.0001840354,1762.59129579267,13565.3234231038,7410.1435665204,15829.3177703868,19054.559270415,14789.8184743542,15594.1319274357,14588.1855556559,17303.1992505602,17459.4095812905,8266.40889936496,18703.1197987423,34263.3684200166,12320.4295631322,17331.3580791152,16358.008452843,6948.37205979705,7489.44784822189,11894.3906571454,7197.34701388008,10275.0443709565,12214.1964073708,8084.31726570165,11715.9362589216,10264.2084087012,8113.05768684406,12690.6961525368,8696.02622025012,5723.85119642762,17453.4801756322,9993.98986105886,12243.7616856935,20453.7123443132,18934.8249056965,29830.1622499633,2189.66346387408,4826.33387199822,3140.16326807905,6349.68759223021,4540.87104224506,5461.57014442384,4051.45712647236,8256.92530178308,4411.10844712382,10232.3210374744,12153.0992740352,30621.410447248,22688.0997907037,40266.9280783795,10754.8462710344,8924.82666244674,24196.2464089156,20724.7733603642,26014.9655777662,8359.43289743615,15889.9387622824,23395.178544788,28595.2775101731,27944.1656364861,34724.0818915527,15217.2069351439,1119.36376397379,1197.95410845488,690.373956897038,604.51271680634,25380.8427812591,45216.4389067554,47483.278602177,43732.793094996
Deoxyguanosine,128467.83859027,140908.074373892,274404.324491004,20170.7224688579,231290.123296037,157304.203565012,89718.7716753045,135346.634576845,76250.6733804452,111542.167910803,239174.532121817,141961.439726567,145425.921982149,133483.107447195,22967.2608613818,45314.742631029,518019.637844328,76962.6567784046,33717.5919878469,153933.33330647,66686.9275621938,95988.0765778695,186399.50520705,159402.680365825,27304.995869767,46111.688321682,23015.3411235036,33046.3873365515,256779.387678325,1127.18823429369,10677.8813931191,1751.59331423985,3224.71572986383,1507.46252260709,1157.42991117959,5822.85118332318,19034.8526698192,783.970603127548,3834.87653870914,6716.17185924905,28736.4358584824,4986.35020169841,2019.04175427192,1885.64008153165,5699.70233102724,787.76692004837,4335.41936570154,6254.1329388784,1417.9816771022,2105.96652282373,14739.5683665499,7636.77399338027,6406.14490896002,2813.31833514241,1083.51807689761,2018.36115320656,9754.18843140751,2664.40198883286,19450.1732559857,26693.3207804393,44550.8634506449,14271.9313189572,619.453569871527,257.914343562698,971.173240690672,1819.15878143735,110.710187788678,374.929318552497,579.249900943524,1019.42113356317,1673.43464996302,1062.28445876352,899.752427940471,937.646553152899,1526.51828691776,2657.6132085975,1263.90037205743,1079.00363770142,1332.23733465903,799.961443746986,287.988806336739,16982.714402437,1329.18978417176,403.589482357757,1876.5125250761,439.913868172502,475.059050643202,3162.81036930728,2398.45890428377,1016.9885724326,219.157684715212,486.164390895367,235.077645324521,655.287161314113,517.054095976009,1215.89523836703
Adenosine,2863291.18216098,2491509.70961105,2714456.21448955,3300895.97396632,2066494.45574455,2566141.22272679,6485094.19447741,5059803.94585501,4873745.55228776,3091271.41269543,803386.418743446,465153.744520019,5620945.78129249,2847266.77975595,3385918.5605049,4029588.07145737,3795472.89452494,5075403.4220153,2183299.0095157,882824.748944794,2489889.6471838,5537929.72388002,6739299.83728935,6127159.10326691,2177621.73903069,1092167.73896857,4644679.04903222,1210346.68343472,3752094.26969391,2414076.49759102,1694842.79825765,1213861.24101747,1174135.02333536,917545.645390785,1775634.60803302,2011551.91743454,2360414.96228053,988393.920979975,1993315.386581,1022485.79775981,547143.995109844,927143.235640572,1623476.43285476,2033519.44921939,1237271.44167751,1183296.50341714,661661.776988126,880944.234479231,1076496.02306845,2215900.19421429,1905619.26751351,1217487.40118792,3551141.46831909,1832969.16121954,1103228.43353019,1350336.31096723,870105.121505516,1985561.93003869,150897.325449877,312181.24216493,168372.183920339,416209.148313674,216863.616596135,607593.765794745,3883553.26997989,2348981.44103099,504664.894843247,197631.637693629,3409479.52663311,828456.401257433,260761.636467203,1689711.76031591,319167.659954204,916513.400990924,615177.404428857,2637695.68636305,3330495.37443333,2394869.12888858,902798.219711245,3189221.42236961,793803.987719679,2721888.45318335,364776.903473213,1792906.10557613,399874.289828193,538675.301917676,527295.170972558,230751.299548333,537642.891413335,540285.253319593,177793.713609732,230922.662678284,1063102.54390038,1058145.98578391,453541.433120529,227721.570903805
Inosine,56895.9867658211,59992.589138054,55234.915449663,73706.3344091471,4661.11964908446,23700.8439637233,78350.4252281577,101678.901580484,168540.918837433,70975.0977219854,10195.2179782023,9386.17697178182,286944.328688436,119986.201078709,136096.073777423,219215.485505506,38365.5914976217,200798.896554827,35496.4743422331,11471.7707162595,154822.449890154,112339.613481223,133084.069361321,338538.871539544,79276.9545324207,12641.5148608503,216247.686020738,12901.305698122,9409.28865939399,331418.238843495,1221531.20248231,1761031.28717973,914137.556236316,792851.642343964,922950.416247821,644029.364721404,1333425.37455816,305634.296930427,1307122.13353138,1013503.380769,1025737.66548222,381667.380715646,1370105.93401056,485735.427342245,948875.986920106,890133.6523102,1130100.12623623,1263107.28305137,1059423.32794714,918704.239549335,1262782.19636397,1178349.76232684,508637.768622408,921676.304725775,747594.65086697,669484.796730964,990073.633752397,642750.145765924,73581.04636293,45053.3907243546,114087.461268972,32315.4122900769,20656.0233469911,17174.5642843895,879952.324023599,1659131.12455985,28575.7666390496,8948.93729165895,865196.513956396,617613.184357759,1240416.47639784,768126.461870159,204380.016438294,276373.181319057,435852.306035432,393816.751235102,1196493.21482087,1282525.51926048,851770.459463331,1500481.14406772,307153.820155543,1065978.74152037,504032.340686693,1370630.14894173,25821.4278739745,17343.230692057,3065.75396293972,45912.280588729,60836.7881353943,19880.8044163584,19864.3632640599,30760.9039515664,165530.152596708,39935.0817749301,13579.5856106716,41706.8096390164
Glutarylcarnitine,3238.84373650358,10809.214417483,19184.8138416242,2066.86269769521,5794.43027475195,9763.77648812753,4851.7212509525,4014.36135934379,3771.0975041065,4027.34708619839,14490.5803820459,8429.70059229297,15848.4288713171,10482.053823615899,4305.38412999308,4809.98650275239,23079.6450645378,20691.9576138156,15350.3730796906,12822.2924416934,9740.87571807022,2865.10895091212,4675.07893426836,22605.6171232932,8192.56345828321,12267.8310292361,13767.2930491095,2496.71044566229,26092.6843477502,838.275536195659,3010.12732414716,1741.71660363751,3310.10048224352,2038.11803583597,2852.38226260792,5560.4102620641,7976.92972514245,1146.06317703977,3215.08758269007,2701.41116501421,1578.94250904781,2544.95598462453,1426.88703782981,1058.70967239336,5275.15510134908,2308.49497966666,4606.25635035183,6514.85191702755,3800.73412601472,1340.11641307161,2069.31642507611,1565.38248004339,3881.73189110185,4047.91524773077,3108.43503034284,1635.19141049508,5575.8862457209,4140.19080876319,8222.65175916418,13673.454220997,18772.5114617731,19784.7781240159,5023.02965811129,14387.4706076254,7877.32454259143,18329.3095778082,9556.59979344165,16806.5051025383,5375.85631868442,15388.1129973914,3837.1988564356,11475.5343025407,8509.92495726054,17501.7264887117,10105.8295515491,20872.4625393732,27732.8531818178,7371.76291145119,16047.023982515,19596.5759980944,17212.1957348605,5487.72118873823,17396.1477198863,13227.9910357327,13697.0208554205,24463.2669915169,16685.8973723213,15218.9376829644,5746.33263621666,16916.6380746458,7212.69972722719,14584.736483619101,7658.68400603195,11804.4713209138,28035.2984269423,33836.5022096205
Oleamide,180.005104290587,446.020637310587,216.978549737237,226.515545087805,280.113430916312,311.188644137318,960.123279609173,547.603858946458,46.2791585668182,155.664645729423,112.284037740473,72.4243262719145,349.535100690567,47.4588893109821,82.4500717018981,294.372346722596,190.781149170496,27.1125657542792,,149.574044430158,40.7268882883956,196.308071290762,85.6919514765711,20.1741297439596,338.886528251208,219.091971762837,33.207255603571,421.939364137557,580.686183386144,237.27569905617,67.1576534855633,80.1999480371698,171.186135063526,248.369428093339,450.407407321907,154.037340492246,723.563266305419,171.275896845603,179.118837564871,172.154135527038,141.98057273121,295.641201376315,88.5109604403613,718.66084879677,197.178764841925,1042.72170513821,173.405693537602,82.599143182257,70.0468941181182,291.358139830363,81.5273657635618,126.25024012343,44.8224296926671,146.092469763146,90.37973958889,81.8852880988972,630.141071427166,12.3538114648909,61.7158070312072,82.5019004507869,118.94448206595,160.344368788668,251.972281494248,170.560431231509,222.688531951588,244.823556726887,83.2610945992062,227.118658129358,138.482209938358,247.445199933293,222.687484032322,247.552445949843,243.109524955888,331.124595423789,109.8315123118,2810.62939998293,18.0473840725676,121.929129686964,372.62322663882,83.007662923598,355.350818154809,247.048934399245,478.02445596995,326.699156719865,326.676889056097,552.536285329991,167.815270890166,161.017051594499,978.50207314004,155.433193070052,87.3732192517265,190.245228564632,167.570998539368,263.463702729635,155.435032872781,458.321430241295
6-Methyladenosine,3142.42349453122,5943.26067753524,16387.2632765498,5502.77076202933,10936.9508630669,10370.8366173907,3464.34182251343,3765.96801532459,2862.35688355219,1884.71996865556,4291.98052619665,1976.67032086255,13201.7404041798,9902.24589800081,4662.40110767935,2889.48351066069,11286.378452946,3223.40125681886,2791.21488361921,4388.52697129962,3100.54570706328,4673.03167848332,4229.67405846553,6194.98301386425,6015.82998313824,2823.9264632694,5701.01072647313,5009.99302820002,13937.1709333479,1593.57929590084,2121.80700557487,1854.03327745005,718.374284403567,703.140941234758,883.67809338966,1047.96076461959,1273.15669720774,419.602252744711,1129.74321550855,455.120717551389,1163.58016001863,267.086455969911,408.797121315461,838.781817903857,432.695310984798,266.464524948797,755.774374793231,765.423925438542,363.687820024717,691.403719149237,717.859707840673,653.390794679638,3288.09898879485,1904.50047928198,1105.82374056061,1389.06690050313,1066.79615594537,1840.73302463851,200.121564189453,383.005492316148,2142.6521117988,837.780338582703,383.891361490992,186.068446086024,942.593558513536,921.137213303055,162.107443385616,330.078691853802,673.740093002601,1545.30631424697,2066.26990414218,912.819174738455,1195.47479168145,859.266081132304,717.730194547893,786.071810676743,700.774624833715,770.786577003822,1158.69411242795,768.29747789938,594.892135720698,1177.33367395335,838.80038815411,385.530078995366,830.046618888853,433.986811631026,241.637766310437,2115.42821533671,826.762257625437,312.262927999426,434.297848689615,522.266499636394,279.220139850405,,343.822500717499,1981.39301167169
Guanosine,25737.4694782729,144296.125524841,98266.7702344786,50725.4699807012,114148.697309767,102457.850031232,120585.499955149,73717.2961174273,48223.5213460164,51885.2189186526,22344.7328367187,18120.125540066,98430.0460002952,57312.9229457308,93923.9608139196,48194.3990326319,115952.592626308,30199.3703542071,82351.3184112372,29540.9773002235,22818.370250143,43589.4954890866,94255.3549037079,56111.4960573353,70299.7276817153,45616.7904329422,21843.8186850085,53656.6877187851,134909.242092989,9119.28491821799,21299.0882242415,19058.8359051279,11420.6074176781,8220.51886753632,8786.72166892219,11690.5173233464,15742.5964139555,6150.09850218784,29105.58425119,15399.7370982828,9876.02182251472,13662.4758530821,7645.57808813961,10273.6507035777,8840.11566813544,6048.62105291208,8597.41362713843,9379.45542483826,5695.36239717309,14151.0729936638,17582.2928204923,9672.6512130544,41770.8863137417,12582.5611220258,9554.73159908552,16608.1338494825,29330.6250434045,21026.3505767807,2287.80644359073,9900.17089797068,15487.4708863577,16921.1546586755,3834.73641341651,8289.28843759151,27307.397418538,46389.3875815979,5077.76699178342,4465.48154432668,39753.6812139665,94333.6102775063,35026.1720575866,92352.7698749849,8210.89868061446,24097.4495573343,15716.740118335,50094.7722032339,30459.165462622,26690.6411704123,59222.2969362838,38129.4022754247,51009.7113950197,32231.2695651869,65701.7824768966,54413.6408912909,10578.8358733551,16739.9718154131,7246.81718954536,7260.9924590277,17939.9361215945,9513.56040864322,2092.51709242887,5739.49121506578,13318.8429559988,29225.9865777441,11153.6302274075,12044.0659840206
Retinol,882.30662172792,1976.80158574666,2274.92075972845,1111.07179435527,2101.49044963744,2602.78625679824,2763.1487682889,941.082622069096,653.960091360186,875.567445741263,1391.22547568828,1033.23518817416,2468.98595326756,931.556123563795,810.828008810215,1159.96042135834,2180.97765317353,284.929443250869,,1218.842158748,693.634322976386,796.92360315261806,1163.94943386698,252.476536738953,1366.32057434076,1450.96811587893,287.569610581749,1365.87839276874,3305.98676482149,1929.53092629999,1652.14563677063,2232.85466522538,1864.98866746687,1533.0113132797,2311.37828065337,1605.77369203308,2393.06344749554,1523.36030149653,2124.32808835747,2219.11638066385,1539.26379137983,2367.97554017065,2015.23455846916,2649.3280752689,2048.15694083284,1551.98583183379,1352.71933113561,1399.71955994931,1352.81737319047,1920.26445904314,2272.99262557753,1673.16585188085,491.475961325531,1789.00254552252,1287.45281006768,1285.90204234917,2310.2136244828,717.920236548583,851.920782180121,1091.71889132317,1870.4996876419,2334.68552479033,1183.36678258652,1020.36427953918,733.552205834129,1274.97227516653,916.782113174162,1689.54339510974,922.867039129444,2215.31921765099,1909.48854185541,2414.94087542122,1250.70276329116,1362.32841167742,1273.88156424913,,,945.497026822438,1801.05612438294,962.966186215114,1644.03647156564,1265.100881696,2396.78628686181,1073.20468896606,1532.09647468957,1719.10610195582,943.926595308938,988.907560427494,945.587505165707,795.504348888413,779.056694491208,928.878844876374,633.165319208237,2000.91774937079,2382.58874003609,2082.64281906945
Octanoyl-L-Carnitine (8:0 Carnitine),20770.5516308158,14865.2982334211,23625.0987258692,7783.04367018644,11425.5254841167,9737.43813440443,3465.3455416898,3351.15241271763,4569.9314956876,10141.3548570875,15305.7138458047,20085.6319468572,2746.80888260874,10021.1902959454,8596.04594715119,14783.4780579142,9291.59273432373,17754.9450459867,21381.4577729782,7801.13511720684,6678.07806641738,9127.75682643238,3865.49755038389,9232.51457391343,45918.7567963751,14911.4549561044,18365.8420735249,11865.6784702029,12956.400272074,1078.29893696507,691.920009925837,737.843004314074,919.356243622798,577.000229454578,1444.71841360017,1290.02297731286,1325.95996504182,1093.72740067906,695.544078032645,,258.490794997428,1000.38100758629,562.398722386942,1088.38610083496,951.123304161486,876.075955979887,275.190304780284,482.156909866586,752.778885031368,707.508288195512,454.008487021023,436.112563495178,850.705195326605,2151.31423284082,703.856379021403,705.657676359361,1394.01539332648,1029.12364937137,3476.28279986699,5895.0930459544,818.733153966455,4406.02545894006,1321.92644112507,3531.55675946791,11925.9605222167,19180.3744559597,8882.76259447166,3290.06825053041,15521.5701915582,2560.65226280957,2178.92598024122,4613.57711284023,1342.65062004743,8604.7453853128,4620.82008460893,17773.5434326559,10828.4557553175,4613.30263739215,3573.35810504522,10694.2748052836,7758.01672138899,5372.54790872001,9056.71023695871,14864.8554377892,9852.44391198334,11378.4469879473,5492.72848544414,999.997074485784,1649.82232045879,3708.09299374713,3002.12688074899,4304.6218961717,4887.69274081822,8066.6973167683,7023.07989923122,1370.01391966646
5'-Methylthioadenosine,4556.82377415008,14388.4164419465,4994.12877869715,7278.69946886362,29396.1637571244,37516.1577827507,1616.22859343377,2535.60031190478,3240.65635090967,5868.64947190962,23087.8889652228,10425.4547557836,6214.62420405331,7123.74441196721,3121.39980692525,2410.66457813187,4543.88832350887,4397.83194774509,2072.42734863973,2572.13705392774,9087.05533576197,5189.01387729757,2433.43660232662,19787.2135171883,6233.00863650319,12150.6687613194,10424.1396496432,10194.9088643624,14246.9651739356,789.658396867593,2224.94468017917,800.986491625567,1134.47949678074,788.609769355903,590.685463867679,1891.05801807627,1871.81246911798,622.590290519771,4887.91562236346,1881.64897381031,1215.90528320218,2239.89996850352,842.284165687422,440.88877257256,3180.57873965714,757.552667189218,1419.39281563164,5020.04369303938,5661.56042387537,714.130406873341,9785.50892131606,7022.82694272187,573.596950336724,4260.47654411159,4693.73093965396,642.057949247145,1496.05160146097,562.53760193749,11821.3670844357,4726.32029917879,2989.85378703612,4705.9790420727,2148.23940139774,3985.75463740315,1390.92736418231,3491.16667428085,3473.87667145332,2442.02724300818,2104.55900111297,3158.03815194657,4256.35289159245,4035.36520359344,2719.06659917625,4284.94444984461,2583.37356211511,3910.61314814572,1114.3567724191,1843.38071760696,5346.13604382234,2486.02744488678,2941.41791894114,8058.75726767893,2324.95976916618,1919.72043810089,2206.80447539459,2326.77038246169,2057.11882248496,8041.49228850117,9010.3151884086,5047.46158134287,2779.41919736865,3392.63126754674,2278.09123887175,5238.63203363932,3212.7468395173,5742.68569972184
1-Methylguanosine,5427.54940956386,3845.66778508168,8783.77800348137,11518.4072058603,8777.05173097422,4662.34911995998,5710.19391189472,10690.5392043839,13312.9451022737,20588.3561531217,4245.61834764529,3397.55014718794,17684.9420224729,14254.5501880533,16163.947885847,1110.1632319535,2673.87326799325,1078.91272360653,6192.19289521127,2510.1842619459,3110.44231360926,20450.6281765782,19214.7225643597,23549.9926905401,11223.8426420992,2765.25101519496,16112.9065086827,7281.13546808941,8184.74858869735,2474.49188172845,3423.9978959256,1229.17920456984,1206.65800514572,357.119504360319,2251.59458312831,3855.21727987005,878.179453459477,3976.23561066451,6927.57804783465,1449.92509401269,486.269146520532,340.974217220087,281.580778475522,330.430301682851,222.69473305488,162.982383328223,274.094110091457,897.636369872707,378.892386681534,3245.88196351222,420.360542084615,1020.38212455571,7179.12536861451,2264.43027737593,1734.48530672873,4445.92151893772,3299.74122746313,6684.8139919208,204.106022570154,631.215985909338,1238.61012404151,957.217708142632,,,470.9450966205,894.23809904933,113.709498115578,218.841620238772,390.383251803953,439.170521234686,274.50709234419,316.000744311688,660.176571871791,655.494801004605,618.990809770246,950.671053027484,680.024221253467,347.370028309821,217.729459156541,699.460897677383,236.567877026184,1152.97622107483,,348.884913113872,520.297788545676,314.132302719135,,1283.98095975607,1413.82837669175,210.635065912674,228.594312636173,667.779585341738,341.304518830317,,202.113465923808,553.765230876608
cAMP,292.53739457432,18960.2835970588,6767.08545788572,2279.53407022655,12388.9765322659,12842.0462076109,3824.91954842369,1075.36226276461,681.72226181032,1324.4316499662,781.479502299797,450.23202536214,3189.5640544885,434.922280335002,986.611934399479,1020.76619235673,2291.84940842662,299.586763408472,,647.542806532902,395.308423670995,1889.13251072999,817.251654230357,2147.95951842585,3610.76271837436,1704.46689555011,922.12166807372,5658.5012916152,45707.1589911965,5461.25200896244,6764.74946962366,4662.11693995614,3043.94210583294,853.860855101453,4794.07104840171,3301.12991397301,3004.44994589809,1792.76312429925,12796.4971595922,2063.77422016204,556.978685033293,1455.47161756396,663.519998025433,2279.7018263535,1241.71751589622,475.520246497927,257.090986691854,643.059966992907,881.550505876624,5555.31644138451,1289.36552619513,1857.29349941527,2394.26349192451,2659.55060206012,2050.0342273674,493.31958446146,4711.97218672075,4979.50568860097,294.178314501292,1354.55126539218,834.147262886848,1883.75898775225,976.40524012799,1016.40573012015,2247.980855911,1283.80858094861,600.29147776885,815.004305412154,70.0547391473797,1976.9138124047,1118.41916394481,1772.0864946683,2722.82249554315,1342.10079921008,322.102596438468,2691.04833088826,337.021515250566,282.186768908997,370.904326296359,251.055419198798,1258.51695356678,2722.60190891372,582.701260580866,607.844432474465,502.749105431113,577.316975169524,299.264094201313,753.100130571413,581.048683089175,1482.6358893319,153.358990882452,987.51027889583,220.167720680003,758.621840793285,857.141508532048,802.83562343957
GMP,20992.952444831,94746.6999605433,20244.5194800292,37450.3501022017,76908.6707754918,238198.495732038,37675.5210425375,15479.7655533544,7835.74975217577,10085.6686327129,16237.9636092754,12364.1628479448,42737.2779119474,5364.88254139393,21626.2875766396,10671.3996012787,10263.0988413944,3079.16654918449,,22577.0020859374,4469.1772630725,24995.2117413789,19913.1327679931,5565.17312230777,43461.2308493839,13909.4155889275,10943.0332238015,48681.209893861,437433.945865475,149569.823733247,156641.629146657,104847.627941347,162582.567174298,143609.256991379,239999.100046093,175370.176448855,110588.191106411,172767.832427868,316883.131113772,133893.925397972,27782.6842610588,79500.6026872963,145148.877026563,99217.6771431007,72994.3534767489,159767.381879076,33612.0649405081,111653.19913834,167747.799854037,153064.734186002,71116.8274846509,98718.2004449718,13647.1628545192,228916.965776274,200727.874806299,292675.747963521,309991.092619149,245252.489379782,5825.31675544892,16123.0467606452,12557.5034250682,26590.6313139636,,15284.5150088975,12147.2496330549,11209.9869070845,11087.5397840968,13217.5934266176,,17453.0828153143,15142.966414064,17231.0019364752,19962.3823476733,11532.1863187493,,,,23683.4542984729,,11715.0628205068,34425.6676017714,25453.0827399762,90290.0278736681,61074.1129068097,15498.1434377009,14406.6834262067,11131.1696064011,5138.90242804799,21691.0735407651,14038.838253351,7757.02689378151,15781.1265866209,8676.91819004843,,14314.2473051837,11742.2175460086
Myristoyl-L-Carnitine (14:0 Carnitine),2829.204889527,1992.93097233924,3653.25888309807,2312.68664620835,2274.4654169432,5793.30602403819,2563.98725125056,2319.15442788497,2570.41544062516,3159.94523350898,2241.31512733562,4235.46443955466,2628.03777280886,2345.07515309455,4508.54912124883,3306.35815400813,3209.34567605424,2567.01841239347,1398.21768975504,3355.59922050267,1931.57966431491,1884.3803314174,3007.11127429264,2337.98985228373,9894.42628115987,5404.59177488396,2836.50999384801,4965.4178565705,4245.17820326511,5186.37390469729,4070.82227054025,4352.03861336539,4302.0021282213,2245.87692619754,3949.46468948379,4162.16526911792,1946.1918434538,3362.69206644703,2948.50828303441,1739.55132583071,1090.79487171622,3363.46921323358,2491.89127430189,4038.74568270799,2761.65538953914,2413.76752544245,2416.12180561637,3106.71120710794,4635.50036275125,2467.85147220769,2379.24772998785,3279.6720316537,1156.29579570485,2866.72761077252,2064.53916373551,2350.77984295922,3772.73510039388,1034.28760298834,736.373116592335,1212.8721442166,852.819148316251,1654.82051869211,1179.56305177846,2699.52060599652,4145.67562271018,5272.3902373102,3448.66396930187,1006.39318356563,2946.87191327111,2729.99752982128,934.86099130459,1546.43224791879,2134.11518594061,3908.05265440528,2544.2395595836,2094.65820109466,1265.58055946552,1637.94590084851,2643.06654043602,2002.19272910651,4396.14654422779,367.526977970342,1912.8144543278,5866.23188583947,2010.36150108753,2828.33135207966,1049.20460232803,662.602667344504,400.958363668552,1609.61035469543,1458.51926076371,1340.14195893527,1216.71633221198,2081.69811819958,3056.43451809853,2079.20460114384
Riboflavin,65657.607027875,21250.8522581515,90090.8221461821,71559.8180013352,14847.027010676,22892.1395621579,28327.0500411933,67808.6019259175,66165.2118018446,41323.6389736028,36083.9851043332,31858.3447238084,97877.7840971953,55764.0740397111,55645.2485620561,49043.4318467893,31701.087935566,76111.6844908661,58474.670078151,66829.2826305202,50089.5327249471,63092.9919348456,57877.9735889284,79018.3681190018,57311.1905284934,21291.0191112216,69741.6984757699,23926.6540814136,22293.0127856505,5715.55652391714,3242.72299455341,1113.28054142119,,,420.655385335838,4900.22725260351,4600.22999144018,189.485244358035,562.675025744663,227.616150456412,4869.37157873909,,4343.87641491921,4924.46128009019,3587.60088957348,9234.76971003244,2179.30741598409,345.35735754999,4624.39899584237,12330.5140505639,4068.00237794693,6757.18972924126,7108.20297974088,208.321766002991,78.1977734444047,7638.35190846806,1090.61856551202,1636.43249030183,29672.3169110311,17102.5391597666,31759.3017543474,16689.1587187758,2220.37017888941,885.925732120713,4705.69466601489,5190.5075822726,1640.76571340556,966.17248729021,9515.85618184212,1481.69435996946,3705.76099369592,3109.57446759963,4025.68543350715,1767.58741792499,9357.86015412,8258.91260237828,4618.64424025485,12362.6258713774,4584.74187340079,11820.6150078885,551.711875965958,4370.86375070386,559.443588382903,1837.93857510344,5430.20939752599,4717.44002872212,2788.78511597585,3356.63305791872,10378.2734845412,3420.59504392428,9521.66076037692,16840.0814183521,9064.86673755939,,1461.35363441226,4696.36286873362
SAH,2242.98918096315,6356.37459204,574.825129238328,2131.79188453381,3681.6417829791,2691.53972045192,348.980242619938,2156.70629217205,1663.17189882726,2073.46908452499,2888.66413403121,2704.43713580155,1427.98649679899,2692.65998913806,2269.74431939103,1287.96162436617,590.275561333902,2861.36330189868,1853.93430818435,3201.55473887926,1793.8901398585,1143.68526645934,2299.70384686007,2530.45587971513,2015.33781285314,3800.45804892793,3411.18554775116,1528.52727167597,1047.67131469894,31831.3356636351,46621.7098134603,6364.92056248935,25947.4002203976,18811.4971400491,22815.9736568341,17940.771099282,24149.4325081819,4074.05489477494,23967.4190521994,13946.7584642345,8559.01129260259,10991.6055185453,8239.64846119969,4879.9952368502,16834.7562902292,7851.28704463122,4443.03438779495,16541.7912874343,7124.62951380833,5149.92758392264,22370.2221273733,11013.2011795886,10650.1347092481,21599.2406900327,17014.513086361,4608.13670943486,27950.4275114186,21716.9637959845,2233.01243365707,4473.86550376722,2899.48423232481,10385.9562046644,2049.4239776421,4591.62489811312,5246.10584891417,2606.51356861497,6025.64818787306,3575.79288247117,2855.05017648498,2957.71848504335,3364.82706173961,6500.9576433577,3492.71716142603,3691.11597073052,4792.21785360823,19873.0271558112,5383.89547087587,1941.92465876585,11371.9972448245,3901.65474255842,5162.04761590879,3171.75733666741,8106.33222447303,6279.72204548276,4361.20089635372,3183.51325590974,4946.25729377947,1568.16458975902,3706.37189780415,3289.94373689668,4957.78153853242,4199.66886818608,2980.95712012598,3828.9755110008,5395.46474368336,4483.99455687302
Cholecalciferol,275.221502740126,601.947688191981,759.631333808817,355.744190493269,819.11004201656,960.43824307324,1637.78853518185,387.129442997382,253.860079736768,277.090893571643,441.917678264158,395.139034186852,1507.97624614435,218.449596583512,338.714889632017,303.705613373377,855.761619065313,79.5315944891908,,515.119041687442,360.421612064999,255.318718313211,572.772577532258,55.7944659222796,477.580972109086,669.491092903168,121.302083549319,464.289754121577,1081.08280893205,1008.40136328528,494.187716568572,798.869470555507,400.405256179545,394.599379437664,836.756811894572,512.657720604779,543.821603828186,602.877872406656,606.400616588688,607.977508901179,400.484835135142,635.238628970268,633.021688668216,1255.52688569175,490.381371927585,487.59824427812,506.555104824897,300.705636012269,438.878778255297,703.818912975559,643.745022904293,462.846059956776,166.996200160489,501.025297218771,449.047586941048,367.402303541784,673.674740941467,157.827717623843,109.087417388342,311.799464432093,295.448454565243,510.303363318265,462.305168653441,286.798133609005,264.762016027027,238.606960853569,207.31296422261,347.864278144274,201.815249017952,912.633501555717,355.703101438705,639.797330540859,478.316033632685,500.651961603398,410.998813312967,1091.93750444874,56.2221571415962,364.740168363818,376.803320509908,201.261014446876,490.918352969509,605.818271436746,916.537304294723,330.949075692066,669.919423932421,392.246256899335,313.823165461051,182.220914118655,292.965285543512,232.396361283537,208.953908903669,410.789948858457,296.421930282462,1709.61166726783,437.75897926445,872.198554870096
S-Adenosylmethionine (SAM),36487.7665334523,21302.0956127016,8327.80105198368,60958.6242141277,40023.9449382988,34121.6717623433,35822.81688122,39931.6086905929,42122.9824740462,86509.206951357,48255.9238351278,49071.8167227146,45173.5347542121,36386.837116278,38852.616153114,56309.1821856557,5717.52229421546,4328.53645289149,6778.86150595172,60361.2942185237,28654.0070519627,51515.4674363108,56303.8305940444,469.605820565333,81886.3361516712,46317.2585005633,4661.03390763616,57538.0800048353,20578.2397423386,21883.321659247,18211.2687284732,15937.3033232377,16187.895687167,12032.703097958,22073.6250068668,25432.8294047508,12945.8040111171,21715.1455990665,22757.5731418086,12036.8851382903,8414.16040766741,13582.9666013944,21186.6558413588,16108.334443798,10778.6638923047,14675.4476890458,13254.3392515778,13835.8875743262,18486.0819302882,19889.0622688627,24163.9997547397,10759.1623619295,3562.0417558309,28178.4801561494,24834.1618764293,12991.790152632,18893.9738900825,2312.83322857789,9106.49639528671,19232.9391730315,2882.63444582148,19301.6130383862,11054.5504325271,30108.9659448157,21096.8697489849,36689.9390477422,51681.4965607941,15552.3957210072,29331.9440908414,47455.5886174287,16280.658751905,21852.7101029932,24580.8481428909,45126.0305550283,28454.5591129666,41519.6572302064,4459.7891256427,18652.688727797,26982.3660397843,29692.144726014,32069.6603261146,10592.6994140354,19222.5764742931,33047.8268253787,24490.4939216485,29993.7060654155,27365.4285228933,4343.29369518674,3968.56650286164,29434.3769125876,21314.011976856,13852.3319157342,23557.2246015017,25160.5671574748,25433.9115880202,17010.0393044331
PAF C-16,37630.1037033682,60215.1091763288,107318.365334494,18583.1863403823,52523.5646260598,65702.1655975094,13471.2148420839,26407.183681351,23793.8021346861,36513.8195238485,50200.1049265526,59904.9698706308,106201.170483505,27403.2234168048,24094.3790181847,27637.528513368,44260.3850789787,9866.93160042622,6388.19356386221,61998.6427633555,3843.3160748676,26977.3606113578,36230.5782258149,1702.464230272,85799.3765671474,65629.0030117677,32808.9983739371,43084.0612150736,84534.2468246521,98717.0916621748,67223.0368686134,84480.0779248534,40858.4361349617,93195.4614479077,46848.463183304,59738.0997638389,72056.9032322957,43868.4177745399,52388.8575811748,54345.4805619903,21229.7364651065,31747.1378069283,39090.8098133866,103000.713086611,42503.2336259333,52304.6294855084,51734.0178033103,41401.0242357044,65021.75613175,58130.4310812952,8813.6312236884,81877.5377008218,11940.6662976904,37405.9835750231,47166.8407269223,52034.564674908,82564.5902673177,22794.731504769,1127.10426583227,277.873833350062,1541.32098245519,4544.19326806546,2972.56736144702,1816.39057632867,1637.06154904121,2081.99188947017,2103.1634785405,10057.3408760019,1864.90231711417,4374.92952815298,2067.12289837983,4542.62582229104,3609.51943577706,4097.19984296041,3913.68876070488,6551.62974435879,758.244535135663,2634.35471007153,4085.92553269368,8980.85774807753,4914.48314412649,2281.88600961408,11266.1006984106,3329.02918077171,4824.37126871445,7271.25581834992,1987.2835955876,1290.1252963008901,1813.74243735527,2128.8116091447,2343.17388847252,4145.04359859382,1250.9913468683,685.556182008542,2759.73216547256,1969.57312975505
3-Hydroxypropionic Acid,9324.23546632643,8219.13299608037,17792.8001369045,8900.2613673141,21712.7635919785,11476.4317626281,27893.476122012202,11348.1992226284,4301.12455967351,20436.6555884106,23143.5239204205,14825.7256079871,34066.2427273518,13907.7527732477,7524.83358336733,17445.6185805321,21162.5977285487,8337.44953523823,10887.2502157206,9756.20541861615,3998.18839156775,6387.29158257987,15694.4979004089,13105.8453899671,17117.5080618225,14486.8178628263,7292.60503339334,15424.8110493414,22795.5244908761,1279.23520042854,1523.87780676522,1327.39149996497,718.405815038034,614.835278156868,1890.33747115068,973.311453046672,3418.14241240534,730.12241991095,1594.56787661689,1578.21240395367,980.215587792329,1424.94796672247,1769.5472152381,1909.57828589019,1241.93503778894,860.48239154688,767.862660945863,1599.05425341054,924.531833002606,1017.09058331786,1924.56922792742,1186.81158880403,1270.85042362427,2414.73807396026,788.531423306836,525.987610989755,1675.35472415822,1516.20674910118,1399.57872062327,1076.94923647202,657.01792299199,2136.4236727727,1479.15403029509,1834.43624974036,1845.78561324218,2386.15033751728,1507.44163670753,1239.31807400904,1442.71699894974,1914.87201850114,1162.72485356707,2007.06608739433,817.894912860292,1769.14966715187,2530.74797401034,6509.86179086754,1519.1259535098,1941.71687173065,2687.2325986207,1611.0957842722,1661.13858983689,2562.69224804765,2878.5669214243,2165.42603940206,3845.89216611059,2161.43562307665,2014.58921457011,898.455977327738,1982.97661573268,2089.5617256224,917.702964834636,1352.59214839256,1258.0766337654,5139.00373837898,1484.20012880489,829.094423377967
isoValeric Acid /3-Oxobutanoic Acid/4-Oxobutanoic Acid,866.337140060139,1439.02865593313,2371.81680491265,855.260324592226,,1981.69770790118,1966.19870292184,735.689051851577,722.051995948606,593.836021733007,1037.79152071107,865.702354125608,1603.48758486739,590.735260618857,1111.32400841445,741.914459658611,990.194330614617,701.947290841562,494.958351081122,1160.26933108057,577.659286321309,981.572759359422,927.065844374139,643.326842753622,1258.52543380848,743.587690928428,794.446212858642,1081.88065368789,1886.30499066764,1492.71786723577,4522.08064826909,1674.67110293417,2155.41726391824,1360.2270753721,1239.42870036761,1504.95110271047,2219.59011055714,1276.53317952108,2050.67209854471,2579.60175998325,1410.24697313726,2832.03218680854,2050.49010901327,1829.25151483956,1993.46232981346,1253.35442130728,1126.75532022906,1819.93594748399,1428.46930781157,1541.07778473192,2297.1871167468,1889.14156683607,1359.05859360616,2296.72228409827,2303.15037423627,2100.89987092847,2317.4562095598,1839.46385607312,1266.75437054289,2219.97460149778,6116.93364854328,3598.83513312118,1812.75128755699,1568.73456250256,1104.20751815651,1334.47504672562,1121.20664736069,1672.85902004015,1478.2292294574,1838.75144359222,2948.06379268512,4555.73749740551,1637.29428901996,1646.99304683256,2644.83795189962,4154.88564817371,1114.08060749174,1452.78579096636,2100.05899051882,1087.81614879378,2109.96825860117,1519.60156693847,5789.45217259315,1714.47633195885,6117.30437324895,8325.80842464311,2807.84309048386,4405.71552596935,1317.22502871614,2025.98068323722,1393.34667001874,1905.71850224029,931.218652661297,3661.47523748831,2507.06492541868,3017.53484073304
gamma-Aminobutyrate,578.849165899303,885.170609687615,2212.32882135392,561.113101872118,1342.39398345754,867.047881600594,598.442454145802,570.348663116189,591.526778457885,482.656476322387,1374.01660361625,643.324594479406,1436.71189665417,870.451830736383,357.05983758565,622.951676952989,1564.92752739811,107.716773037583,,817.584044173698,695.166000510503,656.081552461666,641.722780972738,,957.679117661853,907.081007016696,802.095754899923,643.302871436238,1285.57742132689,917.746862289704,1564.99469959448,762.309310516241,858.406451679868,648.73687262076,721.903492526301,701.421384482691,1386.65015348334,538.91595938169,1065.54976476839,1561.73017845882,1965.83442532814,698.34498618801,957.636940385566,663.538450866624,929.340559458809,462.428823383975,1234.06502066124,1005.3899427831,794.171147031073,878.546028213759,1175.11080917141,657.823099131939,,986.377243835358,699.642132319127,613.027714667778,875.151195110598,1009.45129705706,347.636994754206,390.971071072861,1274.27116309335,599.631137909737,313.195163195535,329.21275069008,419.172438754073,475.240661860163,241.214280032475,456.075416088061,390.352995937583,522.063016374659,582.4850796391,557.473224495605,595.004532603209,466.703818642906,539.333056573906,1440.66534770177,,401.956233154212,494.810185358628,454.148528674046,528.28498545384,2165.93660802142,681.0359286673,571.780269450262,429.843404556056,446.140273457865,474.145346359179,1072.12295342391,491.045255400686,522.735934435904,377.132205094951,505.80765806876,386.537544939401,317.561026546919,505.512842700005,987.583953142173
3HBA,989.042806149385,7513.16615493319,2931.46940154396,1262.19395946225,3827.496173281,14652.2725999066,7128.47487638337,1215.89231277483,852.023322486875,1223.131263967,2507.44106941697,1437.3034249703,1390.39424596881,1011.88740739689,1144.04952955649,1014.51994997949,2472.05529013943,612.836485047218,1254.32020789375,1826.11859909111,882.626549642465,1204.4447244982,1908.90153124948,14370.6651580471,2121.6880190004,2444.40136121016,430.374860843789,1984.74621132081,4107.54851129964,2001.96143046208,11420.2092976424,1475.53974883261,5846.14029744249,1007.63105087467,1436.12156726652,17697.6584127244,15543.1336183198,1035.28433144063,4044.8543996622,7852.80949836005,994.892581516334,9190.51119220294,1642.24282646929,2401.46464515576,6452.66413760056,1100.81792208177,1082.52278017239,4363.23272083664,2676.8005981979,826.089092549324,7958.51324306628,2749.80884931385,866.378304073474,12243.5790875682,1987.95162735601,632.929875278727,3520.15829234426,1352.33067040596,3739.86572347446,3287.62726435922,4716.55737692457,5545.51454645701,1972.1293358407,2113.32276364022,1288.3295804455,2505.14489018195,2164.93478244842,9433.3518679228,1037.20230195223,3433.5254246775,2162.71716831193,5089.14288675797,1873.39303446204,2470.31175708019,6907.57863353231,7153.43410850998,1110.999519108,2415.18452649119,3601.25151234842,1077.90365859578,2310.20983902212,93012.2590830933,21291.9338942483,2600.61491416872,8549.23223277817,3210.31777986478,3868.77877135166,2898.96665205926,157762.958796772,2632.93935893605,2210.34963722564,4137.12298006674,3173.32628617174,11891.5101570221,4138.96478577875,2262.77575892576
Uracil,27518.2557298314,116706.743283362,160287.411821124,27596.8276963352,146101.004454703,151847.385123598,6884.89458147587,3172.34464661357,4570.12248482476,22224.8810946535,73083.1184064155,103246.141245408,33563.9818619364,21109.2487403536,16440.1674953682,7905.47851362998,105872.415148896,5785.80341035835,22406.9877912852,115095.270370864,13456.3272945691,2278.49546151079,2563.93081895991,1572.59127265223,41868.0655892041,78600.7612069823,16134.1086155768,70429.8702964215,175470.854319216,5080.64194781052,16499.2570750347,1118.3406407125,2473.30350513538,2151.43476391975,10690.0571714109,9069.67923389256,13722.9122451146,561.946496133537,1350.72089599545,4324.47645700463,33471.8901845794,6578.08697575719,14959.7271298555,3315.09079888935,5064.91141541509,6987.46436930654,1128.44876519384,2601.8153414896,889.300281384593,3697.23175125866,5575.92265329782,4372.45930750392,11648.6580301909,16175.1735767938,10476.5443046418,720.919339103612,3423.37617314372,534.965016242785,238526.381180672,288717.717571152,300054.237637132,254798.79335798,211120.889298623,161076.57645073,1775.25104554163,4425.48986383161,192339.357510844,202305.073429614,8197.27761896878,5256.77595271788,8644.96384553629,4239.40729646064,214577.678338705,217076.281407083,236749.778657628,336599.597040926,2055.11963599631,894.690532041267,4275.55005695746,2705.97137976974,48241.9812767431,14323.3968315983,8904.51183341023,9431.66420144492,214137.697708884,237207.638808805,231777.674221489,252393.275555142,193540.887722114,278154.280651513,202510.24104678,239204.454859881,110621.011703358,167086.375401707,201320.66788996,270355.168405974
Maleic Acid,1734.71768324087,2443.52872283997,1712.44321704892,1560.64418612206,3188.40474425522,6744.17740713828,4015.33001719081,1248.46874367112,1015.42743651931,1194.56418848282,1250.99666254444,1290.59240404899,2259.91834462388,1167.96531825493,2232.03083780919,1950.38924391396,2144.97326606096,652.791561327052,1007.24065845494,2061.06194424129,457.410211097058,1070.91010473705,1694.12684507659,522.58995966709,2595.16238535617,3850.22561909992,669.541189526229,2548.43542753805,4790.00893089539,2269.2886909059,1456.58968725937,1536.11734579286,687.414314181317,1268.03926520961,2310.49359290727,1403.34842639862,1476.41462385675,1277.98745993967,2341.25104013143,3750.3258388456,785.152679019997,3592.10214167136,1570.19251926121,2935.88713562353,1547.54375775421,1249.81647963889,904.304325791362,1550.06663696525,1425.45039926172,1379.42881704699,935.275005083084,1028.63289904093,1069.64148118208,2441.73257510604,1705.75904068447,833.906202591229,2634.1119169345,1433.53667307313,1469.31009889505,1614.12352213863,1318.42817341568,3368.13854193914,2234.18557338688,2501.56240398544,2033.10047757379,2485.08968975179,1578.2293801447,2466.85678027253,1618.19177131402,3247.41951713837,2688.22202479356,3323.79698192681,2084.98665050641,3126.96013807111,2472.2333786735,7295.80253703117,1277.14439597255,1734.82418187929,3364.67739877779,1960.52303626292,2209.84055782117,2747.38598762674,5612.5558190725,1914.4217057197,5104.32739477416,10499.5242200817,2263.4165196282,1680.12280197216,2556.05772754956,2381.84983679093,1075.9618278538,2368.95349016984,1580.25154195038,5961.04437722964,3800.8328672779,3444.6586285483
N-AcetylGlycine,104.105611055299,143.85762433014,228.341398260965,168.901678681457,170.246570729858,522.938190021566,224.961027913601,124.145234493748,66.3579744435604,89.8897515380062,114.800928574649,111.843787099724,293.95558190805,128.941516849904,110.699398278426,128.583900783903,166.75322605265,,,254.629813783133,95.0703583608929,68.193237446084,134.848448886953,277.361597148393,227.777766682081,147.00881006922,,173.78110144118,218.84120846801,1408.80926530877,210.175403621157,289.005042223559,96.587933211423,123.848984647136,209.219703647457,91.1205241658739,2723.28089548111,515.061323918117,701.141746204952,431.948124439793,370.647210576697,218.172911681621,253.731399443266,206.281261230494,203.952344633455,188.262726195191,530.769316162499,480.829856243603,311.255946066083,180.990504223008,228.080694819748,134.836910487813,210.585171465423,325.256464195199,112.057658174371,124.77504083474,204.252090106092,,160.760105009177,119.693741302108,183.678456604961,202.280319336474,166.816009868764,87.6687802558243,576.128276925294,163.988672826708,73.7808469965584,106.914325173833,226.309540195181,140.214330323579,164.502439726438,141.872292198746,212.741037197171,121.767274278383,193.200196625256,469.183169620442,82.9045358127645,94.5836423598141,122.245347891673,77.6819029556085,115.495379406016,406.690940971665,352.180187551923,166.498184184967,260.86793396287,137.149346571578,116.043897618375,144.576802209401,,,89.7237513650066,140.980832079795,113.14517625964599,,169.573642731454,147.381137385476
Succinate,7912.20218727374,11553.2397470631,44388.9702490084,6123.0857323945,24530.8052561404,66648.498712456,34993.7849778583,14176.5510074015,3527.00108640868,20775.8572016282,18448.6128470285,17865.9777030455,20983.7839846401,14607.4049121355,8295.56823918588,11986.6414431612,22017.9748600997,6313.1805665684,2270.27990311109,24764.4806450318,4310.15292500122,5096.73850986846,15565.7500143054,8804.73368348324,30116.2779710854,39081.3260234812,7003.56364397394,11252.4896126505,34480.0778855985,7595.47885603672,34701.1394485363,14388.080991066,33926.8374478867,18331.5609037538,13700.8791454675,23540.8335929723,28723.4486817147,10373.2675209156,29076.7805254877,33705.7342511919,8356.60449619618,47964.5284641196,19265.8105150971,10786.891785944401,15691.8869208929,10749.3174587477,6195.82804607413,23022.9301015817,11105.9677904161,10167.3536731538,22539.9140632039,8077.17825338812,17364.5570652737,37780.3441338057,15545.8541734294,7668.80358638537,22573.0429438627,7739.86152337441,7799.11496202962,39463.1996837543,26470.7705844103,38705.4742727983,12503.8675071181,20827.1186933345,11920.1610622369,11230.5327603354,72543.3060160021,21657.862267541,27052.1312440984,38097.3019193764,20520.6090078426,28497.5917983726,10384.3315931843,17888.0069387839,31956.9267045112,64587.9086068284,5674.20444183159,12957.39053896,38365.2395452876,15733.0333209904,23426.9906944255,62845.3215224572,59768.5368406395,19248.4432295378,46603.3353218382,25062.9615982599,30984.2883109553,19280.8344071571,19180.125672954,17231.9774357082,36727.9780773441,13149.4142095375,13347.3206938389,36072.3918993027,69499.4003924996,20748.8084669416
Picolinic Acid,7872.64422012932,48001.026479498,33816.9281056043,12550.4193726281,95967.4992711844,108457.415992967,36232.1776194533,25912.2832312111,12112.9423372123,22507.7195035686,66179.186522851,46620.0173375604,30708.6343276699,37183.7585292668,34465.4006292884,22013.0972238218,69616.9365224613,7338.20031937049,1635.6442104469,44993.9641774093,12092.8995719953,12098.2655261135,39247.0516723262,5203.31784832071,28598.8765208098,64073.2207133049,9369.67398744856,39716.1668665066,145076.239592646,1828.83048864751,11281.9505123399,7126.64811085899,7736.68256911259,12769.0974328515,5296.64702264978,7246.99714242595,9926.78869320013,2219.84667760915,7809.79158501672,16839.060832412,7480.64632668633,13003.9327343685,6536.56677656307,2560.22398294941,11421.1187349962,10953.0311131073,6581.27505378751,14587.307511636,6431.55922866717,4243.2730537609,9392.00616891987,5053.08147279889,930.828236933946,11648.9022592317,27686.9061246404,4052.43891608613,31805.0548009022,1554.90865131334,9494.38911462964,53395.5028786093,45078.4773765165,78885.7148046748,42280.6441187287,99940.0667725514,26162.4357387776,80496.7218032045,25918.0669670605,84154.2002469327,27710.4390885808,121952.006827802,49220.1353696045,120607.420903445,26071.5492270873,96099.5100269752,66253.141185763,116780.729010811,3905.94413922304,19048.7599691437,112293.006549452,51414.8392873539,276367.589542828,13653.5024281201,154754.270879206,133147.354139424,67299.427453071,96839.7546283101,61430.7686129267,30232.5541483079,38399.9410968696,138494.303447482,50267.5041747307,31743.4447949739,17379.5277303478,95698.3410727168,127729.934293776,107588.174068459
Citraconic Acid,2107.48991866868,2981.62083130549,2511.62989867214,2063.80696280264,4893.82567319189,9157.05169560736,5131.76380833658,2080.91992565227,1085.63824722563,1445.73708810972,2109.97562023237,1380.23867824609,4427.48982335893,2087.57074010508,2121.1335258693,1789.75096828082,2585.28334473643,1105.38243816684,1365.28263682312,3859.56812892459,1065.76562104838,1264.40743448495,2722.21164997257,1076.87544601858,3427.29312131407,4132.38804487015,1546.94695581768,2615.69061744133,7745.06531225816,3583.76610811398,2767.84365686367,2980.56151202352,1459.09917133569,1499.89693092336,2710.06861618788,2550.39976858294,6884.24547739035,1755.42667885894,4080.85707495941,3202.6742589855,1823.91677131338,3852.09044924506,3221.47568994386,3986.50935943616,2667.51734699486,1950.08073311321,2190.84837911636,2648.79414797961,2504.5606894778,3053.02345755771,2385.92299618738,1740.0047781837,2359.07936053773,4284.55747602327,1588.29327728238,1875.98742555801,4220.11951414697,2570.65204718238,2563.42362850743,2351.4923179065,2980.20965781777,5812.02261573509,4241.69811683506,3265.54185053531,2795.91040525996,3056.59382994946,2456.99435047557,2536.30313425831,2106.01060166323,6703.65945030208,4303.19719089243,5140.25399155343,2804.79406348501,3435.85373694354,4179.89934473307,11702.7533586549,3323.12671854856,3838.87422542819,5622.57323233599,3076.93681397733,3062.19753306646,4527.53028155942,8360.66456559549,3294.72049356689,5848.00955421576,4172.21605071026,4236.90598890952,3871.19708136304,5571.12087482027,4618.97604099458,2917.52319435394,2715.34214457549,2906.73971373911,6745.29895509068,5270.05361812238,4525.73292392463
N-Ac-Alanine,1457.07890134412,9082.2485632579,45288.8492562969,1314.95491424853,7430.11902517943,5060.77164656348,7069.91344995553,2714.46717848995,1565.0030643565,1218.83262951721,6515.52550133099,3448.92969016741,19699.8043541702,6432.90711216292,2173.04099195456,1441.09218871331,32040.5211375658,668.686024109945,145.432775706152,3819.7452082116,1890.15646041896,1008.20222952654,1949.19911312309,1467.80876926459,2812.45776878946,3154.50239560891,841.456151290312,1714.06182201401,15370.597396517,5434.44417550813,24894.6586002384,17486.0352571001,12873.7157889413,9709.33478760755,6820.80146967752,6898.54998448122,13236.1509028551,4834.39939752436,17014.7461206716,19208.7286304964,37886.8175480898,12169.5375317318,15172.6280586883,6367.01962565565,14397.4240624919,9413.38658280393,26862.7984289155,26572.5010129858,13770.0508617769,9513.00073927617,13099.0450416536,13117.1614371461,11575.9246468889,15588.7875022627,11790.9445116936,7356.09842499183,14314.3336257106,3637.10970492903,6350.667968327,6415.82210199889,48608.0021248007,12061.1717006105,13219.9714167337,5080.37133455166,5009.05681042596,5172.42371812928,2801.38106973004,5938.13657046101,3965.7780417235,12110.4745529495,25105.1136561822,10411.6410645166,28055.0920644019,5443.12424794738,8955.46991790584,13595.1627994029,2167.2218234166,2039.28454532559,8155.76096089865,3084.58819776526,8349.80430993342,2739.14699333836,10407.7443078925,5125.11100331409,3202.76742122241,3284.19024924348,3644.9136247933,39584.882880972,3821.49295297824,3775.75072640976,4339.70068650465,4858.49289777004,2138.71857870948,3665.18104027171,8292.12555161442,37787.0463098178
D-Leucic Acid,2936.45877571869,5769.71112824318,12768.0784897647,2613.87044858716,5962.93338214278,7836.62691279728,4967.1324722603,2773.60051510221,2694.38958863531,2684.98234970906,5491.57480559926,3615.20166468349,6707.36565571192,4647.60286463581,3282.91912186293,3574.04965266624,6808.19454833223,2565.91657791957,1587.08087130512,4362.57530310135,2285.86292829459,2879.04934385225,3931.53779108359,2583.30307411361,4345.38631213859,4098.22348742886,2536.89954094013,3553.94487425241,6584.01441694778,8780.12584307082,4226.68376648126,3325.01393305778,3574.2074113336,1656.34139733379,3617.44358740734,4013.73495224967,20578.4386544709,3970.62210464161,7256.99723743639,4848.79164528038,3406.02330075573,5629.65601422773,3629.40414423602,2952.06951818966,3087.00297082121,2159.09606860258,3703.38915431438,5068.1654623919,4257.74987447704,2311.20200255544,3383.96586053969,2927.147679993,2228.93413330044,4563.11874894115,2568.26790975918,1373.83871329065,4123.54991591813,5048.50078247421,2788.8974207056,3150.97794890264,8226.96831332593,4479.09937439848,3866.75957017013,2729.65937261247,2475.98249757191,3006.63906693252,5244.24912730908,2110.84468636253,3502.36556701922,5797.32581701161,5953.08798550078,3169.81187407292,5096.64780697592,3861.7155382076,4983.25847583839,7319.17483608231,1757.97917493211,3071.63365450082,5647.01555842523,3290.97978986654,3238.46701566961,4452.38893786203,7221.58759258401,3432.65489985939,7904.56510532022,3517.30657426187,2554.34025882836,8068.94782446845,4810.62793453058,5013.69855878901,4236.59793742871,3402.61681127742,2493.85352216236,6495.0750206984,4304.50249552433,10035.8101225256
Adenine,2026345.65554797,3478639.38561416,3634648.42078832,1976779.31724261,5647581.92187526,3797355.56825328,1562879.19895832,1059917.62450488,1152292.06782046,1860351.5910948,3730379.62517541,2659485.75850813,2574540.21328931,2484575.13526628,1834023.21990968,1418516.04076008,3034553.40976385,1040875.15113055,1563120.45503956,3644017.79709667,1410313.96610639,1164597.87341102,1292794.47370415,817349.818240454,3188216.36586942,3009073.72478656,1551521.50756598,3018104.22378081,4361429.05191426,149072.55309431,105758.524826655,92826.686409617,74035.1941340086,57479.5448080259,130522.197439756,178126.867502841,145732.535446532,55216.0750406869,117241.474233826,83048.3688423489,46359.443753756,167628.519168638,327164.218825991,141177.048205225,79008.5128740299,59800.9227691956,54038.3530372892,53648.8397799112,53035.3891111695,118628.903616638,145399.451058592,132314.607330362,217951.981305126,168773.561379434,72413.0296850463,163538.918240227,173676.55666883299,170356.184665171,1339901.01216623,1591278.34847924,1515418.10493985,1992554.20048678,1844254.47468274,1472963.47923627,231846.122899326,148640.850518894,1237242.52461813,1595052.9899653,304694.93893878,113487.134783335,102110.954025057,139689.779140722,1124812.15902399,1511466.1828452,1803152.30828232,3576767.20208624,173347.237472812,130657.67373898,98105.3515430087,176161.713690847,651387.356326162,356462.434975841,149583.762192444,239112.582743563,1639323.91403649,1766277.11859416,1832929.66820362,1119562.80266033,1542505.10515888,1891143.77899134,1335694.92144245,1686994.12864207,1038984.14955517,1759395.34976174,1839480.84041957,1753855.32796915
Hypoxanthine,53992.9494785979,200893.417592424,219065.594626302,87268.8846287499,182616.389762424,53401.7951780729,43630.8619516985,35037.5058372181,28104.1972855574,92777.9714167786,204839.766556383,116188.826862633,224376.933277561,127237.664014676,63587.630001822,57738.2058874387,70150.4656480349,27063.5571397383,63937.5010648236,179181.767662968,142771.924530422,16812.9834689336,36314.4802764361,17318.2577104904,102700.671606381,83437.6521010265,123091.023906781,64859.6444268803,115636.689602403,11456.7963349954,193667.011078683,25109.1722398035,83294.1332683511,96156.4141873467,13540.7664421138,51576.8909763207,124445.501382881,5350.59294400463,48880.1226299704,122598.786798368,96345.5505457682,87971.8175156645,63459.3528504689,10977.6981159576,137878.787957308,37738.4884246219,129743.22329884,277076.270509841,95310.7742077586,48410.5385145195,118722.071504429,77113.4436068047,20526.5136089738,134812.415047708,118142.224852176,60305.3699689734,182875.954679564,42229.1248764802,456779.99358074,286894.689307334,817634.982601043,446159.297960594,268929.025083142,267126.640510511,9901.39792504983,27482.0674018649,343474.227486112,208064.81845989,53758.7297805486,71817.3921561765,277745.78582657,46967.2300643089,1182476.32502741,511004.599899401,598300.782408619,835831.341346585,18976.7814237261,11140.6151814777,70959.1003455359,12061.2475282077,411659.458476539,121913.544046147,172110.344494331,75196.6344492558,421990.874132163,450329.853917176,116454.528641356,664982.639515415,308242.819513147,676942.731148481,354638.882522892,311459.518876608,272147.508101386,416733.121008692,331571.982135465,603597.883510632
Phenylacetic Acid,271.305059746372,466.823299645815,552.341319781501,727.906335908241,1703.14116025297,6080.7318623609,1051.913774425,712.743254826386,512.994480418593,302.238904843986,893.3447568575,596.486265140632,314.833147340914,295.793729674331,819.526142915287,213.088883335554,450.895112080716,163.382666063617,64.3752572096815,856.152354236592,164.851846323293,179.27915931971,867.981931876419,104.004688727821,366.968621550843,1205.41710077619,253.679341965261,689.237287973871,748.11657441071,784.542506341133,995.295385219494,1084.74324011008,269.391997455836,413.857284396664,1092.40474788429,463.487311512455,1064.97883868198,468.782155240741,951.508968045095,2514.01190172923,925.975306366229,661.666246328067,848.439290082816,1242.26244550999,205.641142545129,206.444471033521,785.880920247295,224.554383096638,362.498473441899,657.499729964749,772.348717254839,420.198717637629,413.410618642178,700.260723677409,168.151097125233,164.229330161857,449.704626963768,190.567110131671,197.527244024748,784.192126363733,766.889608752419,434.870451896138,570.868864669831,494.139552362532,1268.92352660748,284.008938901567,683.657349884125,398.574601429724,428.834377992812,657.617803928807,435.45177934663,587.720917145206,1024.36226376145,459.126866620717,1100.95618069658,1589.78927197217,244.831169263648,825.191553653754,691.72610420133,468.220940102348,436.095865392245,2778.76582267855,1061.01284722074,1347.45256342762,544.109398824719,586.130212996921,1466.12760903357,373.517073375313,870.104268999137,563.899009005391,564.331172180557,937.111234112852,404.745932289623,1797.81658592528,721.437127161633,573.35572020732
Erythronic/Threonic Acid,59615.7373422379,130535.679599946,400336.61939424,46986.9258581735,110295.184266579,73690.0644742484,379445.023154809,57540.663420038,59211.7572572758,63952.3693986213,102658.54446427,122288.063542959,394803.022688237,73244.1432845425,48717.2529691915,85754.1075266791,102698.0162103,13143.4464704933,,118745.417335969,46055.6845947798,79569.1605406895,62937.2663190706,8810.63676541471,86654.1939650257,67062.2088739326,10473.3864279383,148319.59861713,69739.4180433037,68778.0743757533,93582.7817596309,66643.4962653433,41539.2905493651,37332.7797314478,73634.7582896991,90678.8639483789,,86700.8803950888,114159.294435166,51302.3788647284,61015.5362016649,64227.4321700166,110425.727499571,75099.4969429127,63349.8881182812,56457.9108429345,55932.2488895016,61190.0510066671,39203.107127154,58779.8500848592,131341.134891867,67988.1930459354,,58866.690050158,34908.711721859,53178.6074692193,72695.7610248054,19231.3640377382,109626.859416624,25799.528985401,56096.1293059454,101873.197825312,183172.181648669,219252.407244427,349641.226106251,68711.819198431,107993.808920002,67589.5310546853,553463.589885603,60978.7512452475,60253.9119533964,33552.0341926194,228431.662351761,106049.9998816,225547.306959938,885258.356360689,71568.4305628255,194005.653458292,136904.706686703,77096.1371582023,112654.092207149,151214.552671503,109768.904353544,222890.041981337,72790.5629180283,38128.274984141,36241.330451553,,209403.285586812,93570.4942251438,34217.0179817139,126571.971080289,183412.263200044,195671.194533138,99140.5839286334,54633.8772418975
4-Hydroxybenzoic Acid,1576.69830176268,2067.40642322983,2771.29196087317,3762.14688309826,10691.8112704762,10819.6145154703,4297.8325159555,1256.8445725081,2178.82588924673,1312.57378456867,1328.36743379472,3856.31053787392,300408.13337559,1098.16272728335,6407.83998005496,1787.93357783077,3486.32605656397,4538.74594247439,4847.34263028595,12268.6041077035,581.290347210413,1321.67503877088,1764.5456774747,264.995404161699,1938.0026336535,136448.304406752,8292.69756005845,4043.97301841767,59353.438097763,24929.3801130015,480.88500146269,,382.560767014081,11686.3439815505,1628.57834434744,1226.66937298983,17751.862111449,490.500896178715,1752.55831493398,7129.60311790237,449.899299217416,1633.3154014541,574.625798029383,1519.70474213311,651.950723077851,4254.32739119143,551.813106496117,381.496072619744,8727.16632731405,1850.6470358823,579.863533075441,1431.55743568911,1325.98937728323,1120.99491810571,1968.58222426018,1283.50121161677,1025.86052332222,5500.97773675568,1412.19514578974,2298.62826521031,564.285881241209,229864.224950611,1901.64163517954,4447.63744888282,5560.93737739609,3409.71388729083,13604.0589850523,1372.41745415706,1847.40617031418,4606.50214878822,2472.08735956898,5731.26076466928,4640.50903273283,6974.3426333621,3228.88769094333,29576.3733791339,1664.52163215755,2074.10429027474,16037.4610943319,10841.295591578,1280.0037734714,3036.70501865177,8518.24728629916,2195.19145804976,4396.86160284322,2831.5463693235,2915.9156776972,16027.233125353,5121.38903930891,4228.49337799576,1344.6186394253,15590.9339936075,1594.93296324731,3868.54013581813,4894.01553074356,3891.90161224731
o-Phosphoethanolamine,3577.1105516127,5398.92811147848,1529.25397434421,5783.02592025019,10854.729199037,11653.6420358119,29231.9227190915,3391.04704217253,1774.12024577198,8945.08313224536,16908.0248674338,5970.82454641808,3817.75434288919,5584.20898923711,4193.92690795179,8982.28640960044,4122.18238802877,,1623.78489712027,21622.4130386627,9487.62650805577,10443.0847869439,10226.3684600742,449.990597468132,21010.2161362118,21760.4357782666,620.713265945647,11781.0514993916,13442.6960519169,3696.87532413519,23049.6859694469,14156.863509164,18351.7411452972,28249.1464961431,38675.8212583837,15095.4954075759,22985.1735877708,14116.3336481042,24792.5938918222,21590.3067630989,12128.3545238757,20452.7116225833,30026.2222330827,7642.680164029,29599.7525763856,49878.0261603915,20714.1447010829,44229.7702551272,28883.6005473026,31702.8164398369,221282.834329811,17340.1932376602,1633.31855870421,28462.9993620061,11904.0652949576,40535.9684070972,23733.3017355925,2151.65050028164,15067.1038504684,37053.6425228207,7372.95017213762,57487.6206547902,15879.8958966288,19575.7594795518,23796.1376785324,99993.0911762051,55820.5561511672,62727.7940708171,42569.0630930883,25954.1387344375,39319.7694582056,102016.774190993,11293.876486298,56586.1384235907,29328.1004628811,219308.318669425,2679.56069021151,21260.7342556867,20082.5909377406,43681.6259446453,51435.1300222418,8464.9228728882,89749.5132106225,64639.2669823571,38194.0953633294,33607.6763959513,57623.9833122192,8210.41484934229,16502.7211878186,19234.6785021968,17208.0285774854,26175.0320087745,28158.6414870387,42908.3124214722,31237.2219623454,10696.3889308498
Adipic Acid / 3-Methylglutaric Acid,1213.28184822927,1954.50705905228,2514.61379063305,2207.69769904995,2502.81054730438,12943.6410799702,3875.54055645375,1651.26088332272,933.74367357434,,2140.89203777647,1549.8411148606,3595.11222734502,1958.33986289143,1551.20881309873,1310.87711939719,2242.08619356787,521.99654472797,683.972070835337,3954.25817525393,821.100886755894,1728.15577951526,2958.57023594373,684.338638137075,2252.1177645949,2559.70642944953,2101.24197793314,2708.18891218621,,1646.2550077306,2440.15318559796,1976.90828997384,2080.68770193668,779.291861967054,1939.70942937808,1881.79312046875,5526.91200146938,1127.97844912235,4790.05564395875,2848.04105749733,2192.31218868759,2193.2811584807,3276.80385443656,1655.66733133227,3303.63054115279,844.281954807296,2331.22512928742,7521.17181244601,2259.38414369073,2243.0759936774,2142.21663581374,1754.9396437375,679.177480238176,5343.65078901686,2315.65366371419,1029.0562402066,1980.62272397156,686.80988395302,4391.15092500277,5638.18108609562,13815.6505453522,5895.09350532941,6510.19901546951,2753.54949430922,5961.96221920177,4396.97432576638,1756.69101646034,,4651.52132955906,15530.8807837114,8907.78619076136,6367.89830548634,4637.86025045115,4245.23282068102,6039.79967161765,8428.39829199264,2189.97550146726,3624.54831781934,11318.6924384002,3732.4902983097,,7837.22445882693,9204.79631720471,2601.68259127881,32858.2433233354,4730.48767580777,7833.36697863807,19643.3832732076,4170.1845289947,3726.88196160558,4566.3165791273,4457.23783439679,3117.19033496619,4707.24176715578,6622.5559560816,14738.2117284733
Alpha-Ketoglutaric Acid,223.880790253704,2247.24309773121,1366.11341766316,613.402813249886,2637.10209137895,2131.4122037233,855.573458505254,902.441149040676,329.604245769449,853.209560162182,1273.80448865791,1045.44482282722,,1719.68157153482,825.060318133074,1769.53285460433,1528.58259891181,164.24322807628,,859.962264045437,304.87687707304,870.655801401713,1181.53640775609,,2143.64178935911,2216.45556890021,183.004027636668,1807.58891121,3874.93509449058,577.407783023853,1473.38363984349,815.025777073927,429.230434015487,680.88388089175,894.346237665594,1072.77966870669,2741.97242088732,607.627103012325,1671.79494024903,1734.77246650415,525.274249096539,268.157448147632,1221.39533871504,521.075670625455,931.713336929313,886.356998321339,263.143245165285,1816.5512028506,778.946590210306,787.847859096186,910.707818193103,715.53224293525,,1047.75494080948,597.034026285187,480.726863486636,1186.19117128449,329.20788010079,,596.600602637501,369.55853613136,1774.8183335423,834.92856223203,1300.66548541094,712.737050200686,764.386549909037,509.301362037393,1365.62757316722,1460.09507702907,2509.48353345874,983.308062167383,2336.89507816094,622.779867081814,925.997585043325,1348.45897640559,1420.36364215224,,571.903521539885,2247.09010343572,765.383563924396,2643.61398755354,1722.71138759638,5339.3947495192,1830.52502411657,768.270964664619,884.430242665197,1105.72450315608,1280.65837388656,1225.92777702275,4379.92910291364,1295.19553592891,1086.39502322457,699.37780458689,2634.81723557115,2327.3171351071,415.198276801301
Xanthine,9459.68881419704,243815.408476341,66162.6605826334,6481.38834328778,216400.189242496,100046.700628034,6842.25769191568,7291.8407534756,3017.68429155745,6242.54706246165,261631.73516864,21176.7904682254,15039.2468501493,107457.718427597,7198.37435325623,12688.7601492859,55768.7131597731,11243.4751572485,9225.04171338587,56346.0090324516,6593.70726529815,2363.31291404423,6788.89876808304,9584.72968283225,10046.3520686205,24992.9493706849,9191.89193329638,14660.708440484,248471.387262327,34226.0652262426,73788.0950138866,19752.5405222286,22710.5326288485,14112.2209308131,6499.91057940201,30618.1601586115,33321.6240586347,11808.1056601864,22380.0804409744,44721.5196701879,36231.4140382777,28615.4342050882,32960.2136300739,14155.096850789,36994.9207187075,12888.3034792956,47053.6668375709,34593.3840910378,37965.4528607855,32445.8827955407,38915.876132079,27997.9980972796,42551.6426038072,47318.108510463,26657.676386591,22298.7482904737,28371.8767849983,46121.8630717178,86670.3159056165,219187.1798575,470100.581816164,382329.795150796,253608.364012696,204663.486945318,10613.5913145619,34103.2778601554,203424.864180039,288760.854511911,23273.5723494698,51725.6369963733,79251.0786029323,22586.2643609471,344884.892549109,296983.082790403,374491.304103905,645583.85156676,10327.5793926967,7405.58846999353,41173.7744719897,9521.02469083007,93815.2991641056,55184.3422651962,65675.3120099256,20155.9750065907,127044.606057,98053.4700130751,138064.601855145,305838.84096982,271778.8752068,265373.927184255,245000.399777413,206449.262352183,103519.058399006,227476.760726252,344775.713321354,420111.968106064
2-Hydroxyphenylacetate,459.297591534944,738.84760616683,682.222328798722,721.521213008396,1169.5798863064,1844.00513709742,1007.31602414307,653.261775769637,674.159054004597,558.070749506916,579.50430973448,498.621999663213,662.39022415309,705.180681844024,719.31991364602,596.079953762766,1236.20116904174,255.434309645265,286.06275568075,768.26599912485,700.825778622685,549.946965001009,427.54528888358,227.153858975766,604.425740457796,600.043475122002,217.860378413564,1408.40822692509,1581.29095647797,531.312892367744,327.379084951961,340.171377492071,166.971585212532,141.06395043688,439.19063229235,406.024205741697,634.269131954257,207.905898446736,408.296739480417,355.452494085615,347.613532500849,503.551356882199,377.501951469428,513.626288460845,250.52429927575,148.74287501942499,214.932197885455,262.4338708542,285.392780848058,312.578845947591,336.624756451097,308.648033116371,234.965846268139,490.882606982709,236.827437766237,159.256982610175,640.56516418245,169.237946536261,394.518517688415,362.855789545538,377.058656947281,505.979648914838,533.638496453866,946.046927494744,503.547626652656,1083.22252009881,486.256421081604,559.219073393713,501.701289762785,894.756802642538,775.913132524003,831.837656807014,667.130948408937,907.433224397962,624.209315789567,2239.0230331995,178.138665414482,1331.35347845012,731.988133778398,299.446981935664,568.872054075317,1349.40531964217,1248.58716614418,640.935307714785,515.017812094687,623.232619463811,522.096606707132,507.389231765849,1081.76867119548,628.930210874537,453.051312180694,566.131952575159,644.162359243312,1085.90611327564,1248.03306967449,717.082822448078
Arabitol/Xylitol,303.457153121269,1162.04302789583,732.349588463822,292.707181362879,1566.68448750999,40201.9933414348,1126.7440022048,838.769381583236,295.330094980609,509.59390860645,1084.47327964441,1003.88041157026,1607.63215450891,947.518051791418,967.580100929252,721.150399829779,1810.74046696454,1008.3507124084,,1508.27055806448,257.732032427282,307.813230315392,1168.94012231018,567.396831445306,1092.94660086337,1899.45884788289,459.458214510827,737.021714547648,2284.40399411431,336.374171484488,494.737557449125,548.841559117806,413.980609467388,397.415730165037,409.174543852612,492.256795660269,1354.75500306166,320.150895083493,706.953715181167,993.074605036588,255.407286357792,1040.01100559842,789.089364991171,220.137663622448,290.732568706412,374.610931961655,139.736224402461,1032.36484272772,334.106158465667,489.694729529965,395.785193281054,256.157264592276,202.302769742922,1246.4397290786,399.103581540865,328.978239806131,660.324828886288,680.255072665823,427.53898064253,865.559545192297,684.33736463227,1187.43973090689,524.168212083393,665.46295501256,509.300969962469,510.272555187178,802.43911132673,886.70552642943,840.669990302353,1080.36670516577,555.405303093405,1525.32176326866,398.214992461087,1301.54047662278,1555.21111768867,2382.49334946232,379.646044740624,395.122132255285,936.138662186529,622.466234704391,922.566118374733,410.561344837067,2106.12524660112,1170.93837673816,14380.4645671452,1117.83700465534,1177.30674603447,408.885046971384,572.324901457378,858.787537969709,583.678461703092,772.924306519647,485.838076880416,1106.57088061443,1353.54577631525,892.540671954511
Allantoin,2059.72760188393,3011.05526656775,1687.46924073228,1917.71558431852,5277.00431642986,2761.24551266884,3164.00513710098,3213.3970931764,1415.73267160092,1036.3539048937,4249.00786440261,1433.50645858192,2118.62608633039,2128.62184822307,1890.53354057035,2652.99398381248,3076.87207056749,3310.13157035725,2993.67142145815,5385.29152002786,1783.75906575377,1478.1338988311,4917.42419507312,3665.58426161245,1447.94774880919,3020.26077519959,3116.43501804724,2992.71663237927,4676.64001314442,1779.1120262322,2380.92554517257,1657.19467169357,1186.79005694866,588.028718974752,765.979112040586,2638.51676958115,2114.60751609556,1110.56464289533,2068.5216957205,2152.29083129043,3380.60837237999,3748.94726091539,4127.0335675019,2962.06691405942,2006.96719006287,567.814229409039,663.271912371071,727.1766828619,1528.76395609691,888.157121336221,2769.52133711896,887.282711708291,3828.73923944523,3828.14224493009,967.872832845409,897.872965277183,2813.13593358671,1956.59416199448,174.883886256685,293.561347748054,211.337121562549,348.381817195922,654.976940906304,258.952354575355,342.137059968904,311.099016033551,448.733923424923,437.372247504997,328.753390676978,347.788905960882,256.473196736937,315.551385495675,314.018853084619,251.441465426951,580.604271433664,1251.80208765475,192.922439550976,368.413836464324,603.484909764201,233.089212145652,,94875.0201518094,779.089719193182,,559.923453651915,340.360133138974,336.920316528516,248.191436470921,453.528093922217,297.716846797909,360.993964183526,475.814152264332,195.420684273083,,384.129094365814,272.427088492593
2-Aminoadipate,913.993291800309,1287.46438170538,817.494507868588,455.027345203998,916.459310661661,,583.586411609463,260.346912972678,152.037427772905,818.484914856282,766.717764969062,674.911917697628,1106.15086445416,210.450940218813,211.577709229522,823.100718718598,879.170116052552,61210.4289879102,,372.822131261147,208.317792568479,128.63377765874,305.596895754527,37980.8956075346,551.65478712876,686.599926566003,21915.0926984044,364.091739217424,,1848.2914319419,788.069827316955,1005.56578439774,560.272333460767,1123.69881343164,856.341995559226,1057.77276483646,4434.2720766353,474.295821727728,595.913270291157,1254.95095204786,1071.42735583419,1123.18667306342,1247.41932732698,898.172356628921,920.366625135899,1176.69122120329,640.596079923205,1058.1220767293,2523.21543551521,587.032803660244,966.383758739984,1066.58887936135,5156.4662258115,2305.53690198155,2501.81878042013,261.052795446855,880.505923236585,214.08083165507,1835.84604833185,4474.67481965795,4196.6325727612,3513.59552288327,1127.27103977307,2493.7684323879,3810.98649386334,2539.87184345195,5982.44835899445,3061.87419061673,2430.43629033628,4241.79876915397,1088.73787613237,2885.07400947022,2804.88933899135,3745.55129275032,3816.55422529281,18373.8727208529,223.150300254414,1494.94930890954,3272.29690126602,2105.91430768698,6514.68255670202,15932.9355392351,3256.59429735887,5545.72081993927,3909.41150312858,3604.49021007743,5693.31911620534,2741.44785778759,1976.1399184726,5210.88011387522,2841.61385204023,6850.91369647864,2257.7351094362,3541.85978617516,3622.1526079018,3505.07475572321
Phenyllactic Acid,17455.3733838117,32769.6986587357,52571.480005904,13515.5739607993,42056.6152707602,34354.5027513335,23612.7534158636,23640.7607926873,31800.1082454969,23571.8656891502,57967.7639447287,33879.7040434591,48056.3108206576,35456.7360502166,20713.7535917254,14683.9413984743,39851.3869512398,20229.4540909724,6667.60659385494,37262.1511477469,21603.6963278654,19906.822431356,25234.450737584,19238.1646947268,17058.8481913609,21809.6451011122,11876.9498812837,13320.4232260955,60653.2135003091,15026.2191995058,31960.3318266198,39766.4744245172,30379.8870007289,20001.5732136444,26784.2066462888,22146.8011819801,40384.3306845753,15376.5368942386,38742.3919159234,31984.8068528086,28041.3635260088,30896.9755898961,32772.4856854339,18107.9921888567,23881.286480013,16815.3018229591,29675.3157595937,27333.6929420249,21730.2714445769,21341.0776012157,29221.8360907631,25181.7101085855,15546.271276649,27990.9343630305,19782.0305756632,19769.012468226,30418.2812759252,29443.3996330289,21145.0528939395,30063.9985958842,83820.4263082389,36690.0158121842,18168.1212019217,15171.6408350662,8302.52449695501,19896.8893475951,12779.8857345213,12438.2573188643,16488.5300765819,36766.6752176938,64168.9743146563,28845.4064869031,37564.8745416183,23433.7352771317,24707.3091291206,22820.1189351377,6643.40984031659,12511.1517608,33753.9776741143,8465.23448645868,28504.1345957887,11944.0738129955,28974.0321800688,15865.9018350416,14938.6594736139,10023.852696094,13352.4727805713,65306.2657853877,16323.8485292873,26704.6442447005,24749.0596275953,11351.4618947035,11396.5326861047,13686.8474119778,30372.157672644,83618.5697426504
Urate,2934.82757726227,1569.80969116556,655.718690107577,404.726607205293,1201.66180539317,1624.87224084677,553.125379053979,665.32737184289,477.734080067945,1894.96165892689,908.960426666389,440.340914608294,466.65615416634,811.893738207121,644.072163003989,522.812466066142,834.897156267812,1426.91001124333,426.665248059058,1007.52524767476,370.183157654673,341.251651210814,393.154707627881,1222.40736719136,879.588682651438,3775.19873393525,1190.25153564488,648.909463516535,1692.60135655362,602.652170980249,1634.29592587354,1166.3843890032,871.209025093063,555.296347097276,514.173090277514,2633.63823980892,1418.61715993563,432.89128655677,1449.45606749942,1405.79613264241,517.597508695272,2906.73832158954,1345.22137838001,890.907094675077,796.326457184357,365.418743572713,338.013556675489,405.993578763627,780.990837648187,517.456079006924,1309.3023326967,727.649235807547,813.828295665959,3707.75318731997,917.833275764271,383.12517057748,2399.65078293585,565.54214256596,616.88697722889,983.997824031643,1213.4630882463,2174.34808599731,977.876336187443,1402.72579787866,946.24302395446,1116.90340739416,6408.33399405476,2052.87833710034,841.978484992254,1313.00204784885,764.758652408827,2361.88317346036,992.941562879983,1018.00952773656,1309.31099879829,3326.83029631373,749.158227657081,1033.48768312642,2251.3655876336,1494.47354800081,1030.76496963607,1708.2129636625,4998.07926818362,848.912010314051,1236.06346775442,1906.22205620363,2056.2832586472,854.527334495523,1276.74317331803,1743.67337699608,2138.44957925557,2102.45471592641,1132.9801143926,2029.29997351732,1947.47691263539,1696.84911092214
Glycerol-3-P,14748.3592948644,51427.1018930185,8349.74941896202,7466.79398788533,34828.0891270202,21771.0943008603,25603.4518634857,8688.67403506391,5775.48857091305,5605.11129973095,38875.1741684452,17862.2115237721,36195.2187050454,36026.4250982425,12154.1178823345,10602.9208111093,7590.00605345255,14430.3150486853,184.928540869566,23474.5118511387,4213.66273476883,5450.43907044125,15632.6411805851,492.253995989267,10142.8388684962,20430.4864814877,25406.5273978886,8515.66249067692,35989.8206328303,115187.651024757,709383.735021539,438691.102101001,386333.531924687,280062.711204127,187689.210429837,261826.809467095,359089.983135145,69805.411974991,404336.782533827,540129.191903591,388649.741032587,341235.065694842,524564.856208413,100463.729970098,375084.615007116,76479.1817006642,439201.408209164,417278.203602133,113624.326819138,315210.46290046,94041.4130110196,189526.147160424,7595.44909502127,475794.160242942,112065.272184171,221531.752430754,206211.217900446,306707.753267529,28913.9958870229,12237.5862711728,64810.5360224065,76174.7415005241,53321.6525483688,22187.4087661025,21778.0010863663,70498.1215342206,171741.479688633,67197.9531616433,20185.857714854,28325.6242845311,142637.066547128,47861.8470242694,59115.7850361166,48680.9487195928,41815.4347533275,104439.35292251,885.110956634226,25431.3628378491,32410.3292302975,11752.927588966,40792.1538850106,110206.091874836,153764.428135865,22833.353570296,56881.4026179175,21860.0870537457,23308.6417408548,89664.6630472213,53650.3227580861,15857.5861652684,40285.8564434622,47979.0938871885,29746.5563150017,15481.5667755259,41200.2640379063,126765.207208019
Suberic Acid,2413.22583584798,5287.70774577608,6550.56458674843,2354.64621949546,7561.264017501,38512.5112651564,9391.43073674382,3037.5059855433,1308.89575277988,1732.74609946642,3339.28001865072,2529.54275696248,4661.9675088695,2964.70418525927,3783.75126673968,3326.15493486025,7088.58454433627,702.766360836477,1087.82457377914,6013.3288923603,815.357432699869,2718.93609343129,5810.80304720499,1312.59456764467,7321.87633295626,10504.1014763886,986.678592650999,9156.42750336925,13277.5368825224,4684.92583724676,3024.46422450623,3254.82310666804,2389.14777934334,1579.80231363824,3501.06270199452,3036.30016229618,5523.91418321687,1336.97460916168,2648.86816676313,4090.57335832342,1734.92049029071,5621.06279073898,3112.27159360782,4042.79300306651,4546.81127457244,1557.13325242834,1507.60127558541,3881.34662162924,2174.98176112525,3082.21740792612,1816.02561746769,1933.2908292099,1886.28649348933,7592.83036109928,2073.50595425932,1833.92181943273,6699.17320835244,1369.19365028237,2589.58688162942,3224.09767718051,4858.35003429394,9968.31722413497,5416.64023766271,7368.08639266051,3072.14478833198,3935.95618154789,3099.80021325894,3949.73196891884,3384.62143727208,10837.7514984619,4719.95524508999,6904.64762502211,3941.71584645342,9719.29664319387,6808.4734928309,15352.6248222391,2326.11337453984,5220.15074561212,12986.3781369581,3231.256069959,4019.13802733042,5723.66904910208,24852.9087193588,4671.80828980926,18920.0332480581,9022.74517837045,6224.00696860099,3728.55701755026,8566.73856618144,6886.75729958675,3437.2277948437,4548.80803037304,3252.55948879657,13230.1703114001,10818.7423153998,6692.8828161143
Indole-3-Acetic Acid,,215.720541297469,,,251.360556231379,,,141.209804872697,81.9681219010652,144.653882709174,458.208329062813,338.796543759208,,182.135407273354,161.267047346887,82.8457534821905,167.527913592103,76.2067436905426,39.9247734641737,137.170733662198,75.6307033789709,,165.962506520962,67.2814040485949,,240.316869272072,82.7075910946676,,409.592197705657,363.368227623529,918.351062812201,343.027835735773,398.72464496939,304.10575617722,229.391323365036,573.0407590995,500.327604620014,348.461307986217,651.281571945722,734.72558626181706,409.741112899535,615.293516410531,539.220847691874,182.934099549877,377.495937912685,214.435985896076,430.873661809102,531.440500986428,364.744879200097,527.183517610942,467.019002956571,437.943802088092,246.513220687658,719.035807383427,270.657595837558,431.597422609793,492.552210462766,335.955026455073,369.112281954816,310.58249849518,200.387931333838,277.308300503701,333.622895788535,239.843454056166,426.866334393797,361.683432180604,272.844024014548,517.061418923575,417.363046520052,681.387953063235,349.21228249684,293.818628413513,470.630891015639,339.258741776515,439.559670385625,1462.82323269883,115.788866991199,202.258070029504,514.556318808062,182.318332342599,555.598859459188,6242.27519096537,883.720525455467,219.715141621056,454.818950422528,1330.34007068665,1699.756707612,385.670420543206,1017.84286698573,221.077396996777,191.947163223149,528.363494880321,172.262514836476,524.933517865585,256.566624117314,344.919335374742
Citrulline,11337.8747037756,8569.38099076735,7928.71120646606,9568.92381723462,11413.7511696949,16184.432770328,22859.2372352911,27470.9435260236,14880.902105909,22633.6162350892,18562.3748221637,25558.1315771842,6501.78164095679,5135.18298280457,6050.92071669238,15945.8246587713,27882.1388196175,27976.7882263877,4901.60854546982,8974.83654067518,3884.66637067698,7463.15956610411,29158.7308841605,14358.542575201,5069.59653997659,17486.0738471615,7003.16474618198,7068.91032327013,14249.8919027986,12092.8066588279,17091.8410736027,24011.4733397925,14040.7446864899,14408.4962383299,8658.38004907208,10999.1617579863,10570.5162472297,10113.3901542512,11918.0789950643,9720.85258091241,9169.14023545942,13972.0376550626,15350.18552383,9352.18327959884,15166.6140490069,12294.1387454779,10788.2439688673,12884.7798225031,21567.7825717503,9675.09784615321,15062.0582890063,14699.2727893186,23287.0764711306,21882.5556772282,18878.7040297338,11675.0648572388,16053.7257829188,20968.6612328939,10370.4094421751,10261.4270271826,4806.36446405223,5922.7227533595,4656.13617680291,4392.06846607636,8958.83196536642,12397.8583194568,8025.50243726122,6740.88787736067,6138.33077277779,6208.75008352308,4346.93251877467,5830.70337055731,4046.58838167738,6868.03684110647,6090.54907170841,54722.9101680977,11665.84557804,4551.89253761052,7229.76198989389,7768.86749591001,5595.9841052836,200928.148605556,13857.3843701478,6429.73661597658,9800.79214857003,7161.55726616112,8302.76536337468,4906.69387234566,9914.04512827764,5124.43880155745,6047.45968691084,14413.322952725,5372.48092455998,7115.30434329736,6850.65694224132,6865.79735423338
Inositol,36136.9542827577,54824.8482930699,109010.686404048,32185.9617648692,53080.9108271684,42802.1188010281,59203.2262690074,36095.6734323009,32470.2109605322,34848.0096112684,44630.6222741602,30534.242124614,135136.529347861,39482.4760849114,32396.7306594774,34220.337802506,90749.3697203827,51085.9786165867,36859.5826601147,46219.1122258873,38052.338522131,27549.2285832304,32039.0696452654,48127.6419994675,38023.589315233,26205.7598290667,57682.1570849847,29049.3891502953,105114.212769169,52031.6544769064,59692.8521063396,52247.6474290172,27874.403876917,101713.483772282,39510.5804102459,30781.7869844161,44193.3549909439,31532.5925062799,33350.9948467442,41727.032471415,64999.906115651,23740.3018719779,49833.2362842261,31440.081554715,36644.5138132581,72961.5695580684,64465.3482732521,47120.8955168089,119104.461264276,33587.8849013062,77777.799977821807,83549.803705794,74792.4327709327,37077.4489354603,147887.632236942,41358.0804409302,39073.1536018642,106438.872649926,70841.360190853,94179.5576746408,139811.007189946,122859.965390626,66933.8510939992,62850.7295409005,137007.742710155,91799.011641265,62013.9908564351,50171.2415925824,108765.31584611,133451.378944034,102473.061248341,103212.057603223,91272.2314476272,77809.5637804074,71720.5642547553,164893.730178183,207983.137633791,110185.918857561,113810.054187594,118206.307748099,132846.515356376,96191.4115872106,106819.877942306,127208.68088813,135274.104063232,144534.612039558,129105.185874959,140196.059153852,78665.7763854911,127031.567831958,68756.0843088133,81973.8108865646,87566.9887794332,121293.832182755,109037.477209883,132520.682447121
Glucose,3686.22857387959,18799.8340086117,9993.45545564443,3331.21966429565,9442.9272960586,,10491.1154127219,2627.24575698538,2724.4926294201,3821.48360662035,13115.8444438121,6889.74504148214,9679.38274039764,10625.1846340392,7984.46043728332,5436.48876546557,12300.7801877598,5443.92375745995,4548.03462257811,8954.2981864965,4800.2384105583,3571.84909860402,4480.48534382776,5097.89112953402,6240.84032538121,9811.57612311933,4828.47494819508,3402.83185859623,29520.1584122256,2276.25498638165,4979.13892533365,3403.95515346897,2721.76226353265,3960.72240975363,2227.91007512631,2395.6904328075,2858.44826354254,1137.00404720904,3414.58063838813,1823.3121980953,4799.8409175567,2973.51668612956,4633.72321441891,2100.3674026149,2992.39152188305,2451.81746287458,3480.27637070687,4574.69347018112,2250.43548088868,2368.35453344446,5539.8305495221,3037.11796125117,3042.21278939346,3508.28225398888,3181.7000295009,2757.91419951427,5995.18239271683,2150.10413455763,4230.00549131858,6222.44345539895,10285.5365146147,12870.3538523824,4195.7851955008,5235.54343688432,3423.37037545577,8042.62211276734,4802.04061492263,5496.65783731191,3361.46780203319,10102.7476370722,8091.50478681982,14080.1908741507,5347.99806833827,7033.84915716221,5909.61632754992,11120.8273831225,8782.46502249825,5641.00827927712,10123.4553563299,5227.81228418078,9439.39528197604,6780.12124637267,7603.34977617191,5047.591039566,5092.78051715887,11466.0304786989,6849.92190598348,12057.6825890067,3286.9430666622,12523.1031533631,3392.24088014611,4190.55481465106,3493.36003088324,19148.8517453792,10014.4507581809,10318.2946817566
Sorbitol,160.500888126473,22558.9478935989,1356.59062345071,491.015944834289,3093.15101232496,13648536.945002,3673.36254495236,1455.09321023222,488.941840570084,373.263263436769,3054.3446474501,1108.36400140684,2394.87154654733,2082.77480804583,1435.13667861274,340.927870420781,1498.39728369117,,,1453.54737717251,365.538543806919,767.364832035439,1566.54609894779,1597.99794352344,1968.06798874729,9419.0535019139,199.00443146544,1642.72867337452,17332.0211939282,394.358044623593,141205.009581946,71078.8510209782,81473.4002103265,123417.13567281,46983.5343395978,161781.084944824,85884.656213815,1134.66503306157,98833.6455010474,165941.178556473,717.965328111615,99653.9043261957,67213.7561725735,42157.5772230255,76408.7945682411,67258.3705409402,2200.78374773499,121187.496709878,1909.2539110732,4801.7762942305,89901.2460178041,3649.07790410105,31906.012216829,132138.772786337,124477.309049323,3657.11845095994,175292.250672963,15968.3851240349,295.688313640869,9453.00789406043,1527.64015819719,27495.9545174067,9485.85885055452,29086.4257124158,1545.83292596792,24388.8352310041,73919.2519701967,246427.931642085,20236.550982558,11341.4643058597,2709.06733014561,4735.7228850142,1536.16101282396,5084.77795370934,2332.69263529323,8606.69603633976,171.383684027458,2105.12137239422,2550.04133880992,2823.39872274827,2462.69873060428,1288.32155545644,39396.7836037002,1995.41184306715,144726.984766183,102332.758375958,33815.7747737206,53042.8422269175,28532.8835082467,2554.88227692671,19537.2895021726,2045.29529754982,1753.99146100609,4122.05736336267,3864.3074025632,1843.17931936933
Mannitol,1298.00692724722,599.688211369,1226.60515542036,1151.55374032707,521.024092941707,1037937.02686364,660.835961229351,408.720067701867,560.340592574807,990.95933427551,562.590080154704,550.153945531956,1211.52516166986,738.794410511991,645.210239848631,767.942146482269,344.684416732923,925.159680239159,1119.2153730587,503.58805191548,757.333825532918,1359.61213884404,244.683378387209,679.414027060049,1174.46854666167,337.694615601305,1553.47465079322,873.41210704282,478.683180009591,2740.40829838569,4639.23853388468,4131.03014606806,1706.48557113935,1851.25970079314,3483.64605493803,2410.44709415529,4950.67181705087,3922.71270411277,21689.2526017426,2789.49229078153,14766.1286501425,946.833391451596,12187.0844428686,4253.27022316642,1469.69708723419,1372.50184150576,4719.86851968929,9088.99453026896,5708.06918351092,3324.71147364428,5007.49114197692,10146.1895255684,11410.9898791637,4130.37538152412,2896.49750000405,3740.83563931387,1430.09064230279,1509.4177594735,4005.1097032565,682.938463926246,334.84069739586,557.51275313676,423.412180885344,661.779397732892,582.486489126744,579.64579992632,977.698661423444,4107.92626987445,871.841983259303,162.913597712377,162.182091772335,210.75038605932,542.870948402785,235.652300861727,712.170550591034,650.537985638109,726.607123165216,649.005265584359,198.802110566764,597.205906282353,114.212698321905,16762.6424627515,1133.68488842539,232.055814058,2045.07609046373,4501.19944553333,885.89867944025,4082.31525452136,721.328323076887,206.963929257757,477.038375464767,918.773000403596,237.559973831308,126.194673762611,122.384402545929,122.189676195767
Azelaic Acid,13780.1593116645,24705.5664060261,23154.0078915637,15598.4847885822,36002.9883934864,114595.225053226,51765.7306168565,17271.3019349913,10120.7796698519,11512.4439803046,19272.7844536456,15602.6034875636,24709.9788544799,14164.9695401661,23121.4361054725,18487.9856801947,26471.4396254277,4586.15819167231,6342.99447864132,37455.3533525209,6261.24954134229,19860.2107327678,32097.9650901095,8708.47019493897,39976.5803932033,47905.8007729597,6095.69416026075,52988.750781592,55817.3275642173,32060.410271265,16719.6439984992,12821.2507304073,8986.2558774572,4834.52291174261,17710.916408472898,16284.5846660962,31114.9615515924,7790.02723758236,16113.0310848555,17301.0829794914,10475.2299402829,22588.4586757764,14573.5288780893,22156.3113728574,31766.5721490677,8655.12871519283,8199.95507428915,19045.4274287966,11616.8272699794,17055.5244000393,9611.78346588353,13480.7152651613,8234.00183045293,31278.2754018523,17354.2792709976,10408.8928500265,33567.8280375471,4843.0651326169,17956.0361201479,18272.5125359299,19704.4395055999,43027.8167164707,34562.1798386252,28656.6314308163,21627.222335567,25091.8174835956,14384.307370575,15600.1578694948,20968.4111949296,44458.9014763946,26468.9198575243,26596.3766306833,30198.4234314234,48991.1054675061,34551.942838634,79208.6246461267,13050.1593943728,34069.76990079,48021.0111595211,17786.499298656,16951.9903123843,37526.4403222969,79789.6290504009,26569.1765298006,89624.5611497828,33187.179115792,24854.5121374742,17977.485538036,45953.6074475239,31222.8211236096,21747.3764916816,29618.8366918357,21581.2951408248,45137.741882769304,47130.6642450431,30605.1557705226
N-Ac-L-Glutamine,567.217804549424,1125.14118297089,4314.07983098983,565.819046871618,1413.318290079,1209.16033351586,1321.97076463535,769.725971864528,648.935749147543,722.800947855784,1478.77216076589,969.829507966851,3303.8655776905,1018.76813293536,813.814010439308,804.331084075519,3544.00344748167,923.512837664619,186.564967772843,1075.73087147632,505.083518703535,711.988774653933,1018.18141374338,1145.49037656964,1002.81435108667,1014.13220215963,859.026702335891,853.410646065779,4419.58407421621,1421.48422847869,2536.26068751918,3006.30308973505,1613.2528193434,2079.4708758371,2816.38746740561,2488.78130646598,2391.98159724693,1440.14880401779,2962.07341299949,2785.65576479955,3201.13272090424,2329.85758479721,2976.77889487306,1038.82231139019,3673.98113730838,2272.89324589066,3430.18969557535,2930.81155343081,2728.35695907949,2026.34913494938,2535.79054048794,1967.73413907468,3033.21659910768,3503.37530067938,3072.89349462265,1595.76972537547,3002.32928635913,1793.71457096044,1626.13708735318,2933.55379238661,3345.06219031038,3482.28911942788,2305.85111456968,1856.86352688096,1190.60709440635,1686.1016105631,1514.31299797808,1899.46126872005,1271.34596446039,2081.37525819167,2015.16111178886,2300.3546646848,1976.70029853143,1525.83765589427,1927.07766680698,3881.23975910987,1188.07845410433,1126.25200470265,1029.67835109532,1554.6385996693,2002.07619507802,2668.27520366171,2555.22567289439,2628.9063804974,1865.52518762668,2178.80168890112,2161.15647091025,2224.11409323034,972.750344968766,1029.44592899072,988.51002147229,1233.54645405292,1583.8538646657,2374.55207025317,2300.41488089599,4218.42698658286
N-Ac-Glutamate,502.142501850212,2781.22685913241,1882.138026393,440.025337674036,2019.75358915772,2132.27794408765,2973.20422367284,4790.0775408154,1362.04911044611,891.394346644209,2439.85411962506,1296.58333724201,2034.31168771749,1443.43390808873,837.37596559589,493.618388190241,15371.9889746948,341.928009774002,,6958.53028264752,1074.81257631695,1332.08471656121,3079.00044185555,1497.12702331625,755.884518718479,3538.41485771541,888.293756666005,1014.40019619414,5411.68625705353,300.685888426709,601.964705500954,691.584725532603,1711.06414024684,1266.88347042328,378.410434394013,415.659221093869,487.07491042193,308.131002266541,728.131206612342,1094.08535565035,291.733563280771,597.96808451858,336.140360411123,,775.173438720759,371.470768206379,82.7183013225686,600.074738901317,304.362051884148,189.759646062455,2148.66675921065,347.484840790945,149.644143314134,831.642217443586,859.812020442056,176.01535199096801,729.355161625158,236.774787647489,,675.24428608135,679.951740769578,1267.96834072127,,451.458189907801,339.135893339566,848.648575155208,865.852323945271,890.397921131833,600.565012864756,707.345259349498,499.025108034179,727.997192654279,,670.292046091119,686.80111345342,1634.14272166963,494.883793710372,,1650.68766215603,1075.88932294315,1579.56037696789,1617.19261042918,1639.11567898072,1670.3415906604,1299.43686690057,730.499163174588,568.141884964626,392.253838407062,897.024038481083,1184.44631740906,627.329158305811,377.161795930648,356.863279824182,680.916484839548,827.823065044537,741.501712623218
Glucoronate,2007.55070700635,3630.85700133354,5553.98598694791,3269.60856742913,5904.06554768558,4865.76474229285,4568.9344023587,2949.07329338248,2698.34076960396,1768.00821878125,3573.48286170736,4232.17698197608,6642.01042833572,4748.94852607635,2469.29695246467,2902.33690174278,4939.1880550808,167.362045184179,,5068.26545427569,2992.10288115935,1513.92067996673,2099.90804825066,131.652867656212,3651.10452442039,4854.24130553353,223.958365969583,2916.3284608337,7228.56010962748,2308.77345309948,2306.73690915795,3720.092060487,1584.14244145299,1768.12991904656,2663.49806249818,1805.75486252764,1451.64947468339,2323.41534217013,2165.9478230319,1860.96347805622,3381.06285016812,2184.8292857794,3972.03289266671,2397.17953397889,1412.35428010734,2019.78068090433,3519.44894229687,3530.25745823845,4617.51494514861,1971.6048736597,4046.36804059824,1923.56798489609,209.342968160023,1551.71798458505,2096.87568817671,2627.17301963828,2295.77211985072,603.031027884542,1330.59088718533,2485.37381757076,4205.70418468265,2043.74588090036,766.063481624381,1014.00017218893,1785.96241389228,1268.59619162314,483.33253857752,2191.94481050781,2069.45440586004,1925.83598767941,1994.81388055929,2391.90884774611,1644.48839534863,2165.93274592911,2095.9615153425,6220.84906681337,238.326551588974,772.398059769558,1769.92919343479,1868.99990349832,1395.15864928706,2168.93920675157,2755.522803766,2280.304113881,1320.84101455685,2238.23415270154,1739.93758504961,2636.73682355499,1620.97985112562,2105.26700004238,951.79546983287,2151.05902569174,1435.57488410732,1589.96652655738,2219.25145059829,3298.20472777226
Xanthurenic Acid,379.992900237828,873.898525990135,2212.01747969417,1464.39771601244,704.546392140929,763.080193522775,1239.94032333993,680.868036770736,965.88401402058,1228.79750892724,274.792355030383,981.197909659264,1487.77885799643,760.994113044608,933.21567960149,1518.28055568137,1154.45019288342,510.004276856337,,614.596003993891,175.176475806317,828.837626774551,882.993072076406,727.921830202675,1146.45433664119,793.793313222382,1104.06138504065,1102.94722626435,974.262125028535,1247.019577165,263.63067255982,1298.67794657945,726.443948848901,289.373779808419,1546.9706836089,225.731155599726,747.255323925365,1103.37392907947,1131.05550176042,1069.58202225949,2355.16218588818,1398.39863802291,1341.00638746389,1079.2690907256,986.378599176512,602.672153707577,1832.84972296769,1054.84782728025,905.103319689154,1445.19631051682,910.558096385493,786.529451648175,697.912678942684,1035.35790252014,448.920961549117,869.41509509541,962.423560844522,1244.97176869946,611.744138439615,904.948446019963,454.567507272695,1048.97131171878,1547.36474154819,949.674774093431,2130.04506675235,1749.80503472941,1744.12695891903,558.825770229341,1892.82494666869,1086.38677710145,1278.2285599154,1924.15682860578,1338.39716300405,1363.08972581299,1526.57524829597,4405.43087005029,1649.62383414224,1514.47180064979,890.487779498723,1942.91079732289,1705.60510722823,750.026992569676,763.237656606793,1406.76217251553,1000.19599765674,908.209162996511,1409.60306467113,670.598863294909,419.42255399093,868.879909595211,454.414709483367,1830.01656897839,1622.36998837018,714.598693998354,939.073357426211,1150.09987709702
Pantothenate,118918.75950142,116934.735962933,335283.024396238,118060.441200055,227345.501734901,189548.400665915,142319.418507801,142571.45393925,140989.113870463,97000.3201489548,212340.914177354,104005.886677512,403417.399133987,369829.596540034,148823.385945079,141589.810530547,188649.275180984,343805.092706621,203673.627181303,196975.76796985,145094.998904614,111652.985788137,106442.19521175,327931.049022471,236855.512103206,204785.757880858,308731.334549964,107009.070254173,208206.510470685,12556.8722268381,30431.4410237236,46007.7890876418,24216.2726158072,28659.8950736207,45729.6659031527,34621.0922209419,56114.3894774355,43239.9344389378,41562.0961058074,59634.6679289767,103792.894959081,27622.2954340489,97525.3395753125,34875.6741650345,28905.5206599016,72389.8391047814,84202.0905929382,79359.1530292542,125705.482849357,64903.3690709028,85044.1364666693,64203.305413648,63554.1179954015,39468.5986037972,44046.2433946402,60347.1623599492,34599.656470091,94925.9266456076,505339.066564356,611408.813062122,1158141.3356698,554738.609825539,155824.251955944,110150.104157279,303464.902150575,220756.386965348,88580.4092792114,134952.694007363,317995.945719957,485984.473947522,451107.517533765,399241.823287128,435741.958178981,209566.265085839,277600.59216867,407349.737643577,346808.953862325,261394.062969164,283465.169019022,508042.431356335,354957.619680558,241949.869351914,252608.067596085,388935.346828212,403329.409240189,493492.905544745,336117.391486698,948588.737572979,226897.863347121,388405.957602311,315286.690884785,382426.501095676,219131.847984776,283826.998903793,327398.467898233,751617.319240051
Ribose-5-P,7290.84747626957,1374.90256305014,,8983.4772384155,3230.60039978272,5438.22154772713,,669.424344444367,1215.17644257486,3961.56200607065,2549.85667578043,1188.98050922408,1083.35934957453,2133.6350896079002,763.8951779877,3419.57889707403,,47.7499689521942,263.657891263173,2489.90624407915,188.777992214098,4664.08172648695,2430.00940373798,97.6797602389388,5427.96345599813,8160.51505791259,192.581549273904,5309.33368986909,5631.0617065063,32096.5735544813,57160.6733925992,35168.2007715999,37007.1565784437,48920.3717724869,36748.962504485,37791.479349397,34086.8296256481,32245.3092218228,52131.7177287049,54900.8828302449,13516.5322328508,24573.432274337,61399.2399632996,24141.1506535804,35967.4262301841,36717.4446281267,30602.4729158273,75592.9744063584,52988.341626942,51398.2056663303,16016.8971845864,28905.8515885991,2707.12000913805,71960.8619436981,46756.0368691811,58682.9168173019,42967.5136079624,2285.52745012913,5471.03753437908,1082.19114922856,1220.46622139732,10733.3765144769,6293.00161477777,10388.3510920678,15965.9085286916,24576.3840283437,8429.78970324854,8977.66115334587,15270.5212301444,10681.2845325098,10645.7404649281,16980.5924201768,11604.2750458115,15733.4366200828,13671.5609495693,68761.0745831378,835.554560038003,8723.30384570463,6940.67591875516,7936.2679737021,28904.867456321,61666.0979987801,40462.5067190917,30983.0094841895,15092.8948019802,4653.3066182074,19628.1255822374,1238.52882173722,11548.7116423986,8070.44420995402,8385.24125614572,7520.95066699482,13159.6413272069,458.354493752401,18477.0154445413,3430.9458209503
Ribulose 5-Phosphate,11317.8646649898,1524.66331451815,326.607536423168,17510.7736432145,5982.36848376091,4205.30894095235,3382.72385277326,2732.52918569735,4802.58882258508,11921.7683341675,6023.0149962044,2010.9251492671399,1358.85524252821,3892.59604576309,3675.1566063639,9186.76042064671,152.542122897163,,,10024.9870768442,866.909753369688,11518.417855219,11172.7561588781,,10084.8869409465,10237.772132228,,10762.3129958187,4222.05079634673,19016.9689110758,40388.7899230525,32583.5060913519,22874.0135261889,33346.4150922949,26058.3414487257,33653.5765199586,21877.0946452796,21476.1249163579,42419.4543191741,44768.6085247827,6400.63567152131,21191.5845944063,67370.0946992455,16729.1217155106,27189.8391546733,31423.4426914397,16639.1230787278,44035.3813069874,38505.0098195737,29647.1843482903,18280.6107911387,18247.2189505822,,68419.1655350178,52812.1146327594,68475.9850235752,31314.693528982,380.711602012598,2797.00369163456,428.662591393042,1488.85590921459,7915.65022545345,3534.8675116289,9243.2654025397,13726.687147617,20286.0428856195,7907.59683910752,7416.50990872504,12976.5754956413,5757.12975488463,10345.2533666174,11889.4996976452,10026.3476008967,12798.2990990532,12921.0726001173,53442.3587029332,,5713.60373345305,5400.44621390618,6777.64074687304,22286.3649255153,53449.8384031223,31308.1934579526,23166.4437720899,12631.7067062851,2157.64581749466,17873.9857661545,1669.44841670995,9397.14473102116,7808.41289470818,9304.96247932745,6344.72862396662,13851.1322989789,,14720.7776563948,2703.03457118693
Thymidine,534521.458609592,630487.413202558,886231.054174942,83422.8830055395,1296091.23909418,572775.985476605,364708.343042396,607414.665691659,326717.898112913,497960.049502063,1244427.27666616,554529.268523815,366615.183208833,444639.37911949,75348.9863643091,179064.284835272,1814949.33892532,263117.421401044,46603.3888170945,661683.174994017,268451.296145711,511598.95587862,686019.163354795,416822.930776577,101757.335837391,226363.714277172,60784.81269567,173985.82506265,911663.298280281,7667.73676478761,29551.2778126862,9575.36454975857,12439.7300578957,7942.78457686317,6097.09261064004,21664.1292386869,50732.5375218305,5286.35146636545,15508.8398159478,24168.8355360477,88214.6959049955,18210.718298205,9719.54696912075,10866.4258947795,18917.9394500555,4920.9030951094,26067.5825437275,27035.4612675302,10151.7393313113,10144.5031028927,36295.3850657797,22222.4006945426,4946.1979245608,9336.23799947116,6421.82185696245,9894.22732717591,26335.2404022754,7923.43418395776,78883.0690793994,85146.6037338286,133766.953914368,29476.442464137,2662.44809243053,1072.44232533642,3547.80211721067,7271.86918517287,837.499201290251,1628.55486447234,1966.52562372111,3076.12285988622,3334.48490800248,2565.97610334679,4016.03872986936,3466.19980897005,5221.38471711274,11597.1311528249,2969.3578125481,5257.3864941668,5815.36065858985,3258.68092287897,878.070042814455,31683.7657723494,3395.05337291262,955.94878210014,8320.98142888575,2765.18945093285,2545.6031217815,14936.108049509,10684.7246905346,6443.49576803349,1305.34306510074,3304.88922191982,2153.06431273069,3759.14034240609,2253.45058765364,3522.37923774975
Pseudouridine,1261.21981523023,16034.3696488738,23390.7377318479,2605.74107123764,19262.2278479321,8586.82291974322,4050.79733894966,4188.38049957012,2552.36853599489,1365.15855506157,5942.55542325581,3242.79086104482,11468.9047047482,10227.5543444776,4209.66923329557,1353.61255529432,13219.3573755973,1003.05887056037,202.455562095771,4244.32918149558,3246.00570053179,1796.39945628582,3320.3300644796,3451.64362569122,2528.68094101381,2434.16173698147,1368.94754131436,3257.08131860005,20830.5875331258,964.483002301774,3192.393938906,939.582433119946,1262.78203705018,399.176371741705,1241.22800505369,2642.20981368164,1378.40135709052,2100.07960941778,10271.3865786687,1557.81587906355,1147.03113835977,974.499283884697,801.741963414813,509.403086942587,650.635199268192,380.450391297635,319.334909111617,1171.70712946428,579.960077251058,2599.76452533309,1475.20048067149,1174.35482841021,10274.5181835824,2847.46109695532,1845.63390005339,6396.64521245072,1816.16086445265,4633.6132582769,156.920960264484,1677.08784853244,14257.0681252625,4966.63741925672,275.796950696132,214.011839196629,912.539051492338,960.084298706543,293.917972170851,451.416577261945,706.754630947626,1627.38199971279,1799.82315210585,838.831155421765,1763.88021827246,977.973245289603,1381.89379358353,2632.62753887397,983.694350402284,951.914648298007,1060.63156459534,1084.29330644567,620.921616110278,2012.03410897341,756.748413070855,618.179722003998,707.031174129244,535.887638811713,463.859731975848,6099.70412286121,3829.32507640015,765.959331975596,619.297934220416,988.931644078177,487.231572452278,438.550248891145,701.493237094867,2454.77102780362
Biotin,78375.1140722047,119624.552857605,156411.396170406,80919.589261961,96207.1033594557,65813.4271394253,110428.586730194,73375.7209153639,90887.5702499013,71264.8934502787,52896.5456350475,45691.0701565086,138773.46432335,115276.483386803,89237.9613126761,67300.5549988657,117019.558888506,94511.18347364,86794.3827883555,61099.1647566218,75725.8255608022,91726.4421290982,86633.5223882653,115567.750623599,93984.4119015521,57043.5415942744,100601.989804433,75389.4499875535,86913.0212785376,29273.9937183308,74361.543691751,59455.5886686839,37386.053825152,32671.6450169729,26078.0823895967,32219.772083075,46048.387357137,25048.6293693203,58127.9324967231,42593.356691568,42128.5037474583,32023.3118900943,36254.7273351245,23765.264282777,26809.8188867504,32414.6835514156,45699.58624276,37365.1181357857,56239.8491326213,36100.7226599048,53355.0072938282,40846.6139549442,78595.3829677397,43284.7779494685,50497.721019775,61517.0653473235,53758.8049617474,77606.4321480517,6554.99034451144,10265.9307826946,23043.9281648931,14432.6356277419,4309.65447547198,7808.7157508923,106204.427071223,101483.951929726,10587.5804956883,3967.3730573728,95011.19908134,104272.041620583,96263.9977520278,108507.260598176,18291.6452534119,31962.44521143,25908.798920368,117421.983687267,123664.887150538,100550.605785048,98496.7393537662,116285.663019763,67493.3661870341,75126.5133413039,90243.7468395205,86497.3168924134,34931.6289168044,31203.0588582335,9261.24141107931,13024.6931820136,20352.5621638797,9766.46784917492,3274.08798759508,9102.20305783404,43818.4477502736,35157.4999756096,10661.4928020816,11871.4170434669
Palmitic Acid,1068.3306213885,2049.88983190673,1038.11840101214,1249.16334217585,2612.50871377745,2666.42058275151,2575.23198560737,1377.09162698188,674.410916589916,837.350756635362,1345.37840228026,1266.45192710593,2084.55760195696,1165.10464951248,984.368757884865,1262.13427516551,2936.79484607039,175.247054626527,,1397.0848882412,222.757152731209,783.167407709736,1401.91255013073,162.792474887275,1643.87822559534,2104.30391430002,243.257366170081,1986.68291549485,4379.55806553268,1142.18515772847,911.170056430478,1446.18827013782,747.69740720572,916.288035903773,1263.02205345866,1038.22707188322,1660.17356671392,846.568206354245,1317.4109249659,1997.79077468121,601.690828877546,2704.97474501906,1377.56855853457,2203.70217992171,974.456627485644,808.795858626876,463.354210687856,636.049546817985,585.961902776319,1422.14384670591,544.728573158982,660.624213666986,290.488692312568,1328.1508704927,550.014437700155,436.303325153737,1590.88228520192,218.9087526067,577.396165700602,521.081573144422,964.888542067608,2917.26743046776,2606.03966690048,1819.15166369001,1318.16125264244,1209.22463146364,791.960376558526,1703.72121684093,1329.36867091015,2751.87294186599,1628.41426419136,2474.19598274836,1667.47290194174,2128.74929248794,1956.48042592489,5470.75251349743,168.175898481919,1018.23844812046,2346.20524974292,861.107420571685,2994.60030745585,3110.19486933246,4086.5932986842,1813.37320812649,2484.28291493233,1680.80154194521,1806.43642593313,922.372737694553,3079.64204703205,1413.70200611766,797.736070934936,1678.6812774879,1383.33351058054,3258.81882637502,2859.55845368734,1823.13955168684
G6P,4470.9805778927,624.509595667819,,3117.46819250185,1809.49273443496,578.941350233652,1200.99698281678,745.155498020786,771.208773311628,6139.50820658673,3109.00526387223,602.102001446825,490.288668119916,1251.58296408616,748.18189359789,2941.44679660876,,3805.84029056238,7779.64184198835,3316.87051534039,691.636792543516,3175.59843658821,2927.26522057567,10476.1373801263,5389.0734017804,2721.29451733777,7172.88785510287,2242.9014078613,779.206956039162,1644.52603735402,5469.54417769673,2320.24273899068,4215.42611094574,2258.65909839382,2585.0885963313,1883.88196936839,2857.18593887065,1031.82706819696,4454.11107167785,3576.66763067291,843.473682583205,2067.41904685233,2293.51254038759,740.581333877178,2134.83061068598,2203.48690343675,977.537758600422,1995.74774925591,2790.38147246832,1347.61923856193,952.393568062461,1127.78243055149,5239.48457081831,4576.99870969648,1823.69544615962,1979.91944229437,1952.77872638559,5891.14671968624,1497.07794577205,197.94287098948,504.46641157576,2760.36744045862,1147.84871261563,6084.48884730322,3447.88683654954,3875.75635100432,3443.70523820703,2531.04700094279,4549.72471484993,4687.88731309685,1595.75970078224,5859.74876510445,1473.47662464841,2921.11986808003,3348.43321550028,9079.05681583205,5218.22499172308,1654.95268905254,1634.35439057811,3712.01549238684,23010.3454074033,2455.4981118785,41299.5881961014,4959.97640332981,3213.12372653279,16151.6810739356,12755.2439942986,404.107262126226,2068.59611038149,3148.52649328692,2376.15011925132,2316.24805777616,2669.47815224112,8258.95492578208,9756.4885900712,615.735892036662
G1P/F1P/F6P,357.474966791456,1782.89300378062,518.718798799339,,4929.19943669031,1403.97580387019,7317.01491935597,3640.0340187711,,20725.9958675857,6947.35271176677,2146.79957635491,662.770829058146,2958.58379006374,3101.15660039243,7574.28856219119,,334.812370489895,527.365462719427,12491.4195530226,,370.136618518289,9567.34665626456,768.654794546436,14918.1430984594,7659.0909704446,468.827124315533,6441.50174546857,3668.32902678767,,12148.486764295,5920.8905546869,10780.6768124225,5478.70309172561,5286.39482416944,3313.22989845703,8352.55908300767,132.823539478654,6703.45807407764,8271.10029918756,196.313445876011,4468.88730474389,2963.02302290593,476.843625565862,5535.11413075285,5206.03552927551,212.562110525752,6493.05105515946,217.078642463773,433.332145355519,2386.60670832122,264.996594172475,377.000170250017,13133.9786485474,5809.14428403511,518.185089361159,5632.44162195617,359.225885397845,1404.69081158074,550.688772973154,2568.00852813066,7372.16715644038,1769.10102548011,4266.19754375842,1432.49652932522,11293.2265007328,10358.6177093524,5129.37346000338,13108.6195757275,4372.40819419216,5803.2424793836,8391.3494547635,2551.2310671305,8987.33179216567,10049.3365616405,22238.2373164103,150.465060157961,2793.10907319444,4059.20490243945,8989.11242349188,10400.2464138554,1818.86719211885,14388.1448965868,11301.8902229355,7449.07535409611,2400.23550563167,7817.88804762144,1476.56610110675,6617.34767894927,4131.8462946364,8377.59099542827,5515.53584237508,5855.99775115339,2771.0187919207,8204.51413797631,4188.82286798361
Linoleic Acid,698.337411741868,2589.41431767467,2260.34003867097,917.879603881171,2334.96433511838,2031.26397109514,623.133915918058,490.21928764212,454.706394383768,592.562475438146,1243.26918414572,888.189761766126,988.298723051099,567.248218721736,675.623175806954,1102.84803331435,3397.63814871095,231.779353371725,39.9634759831336,740.591050370872,468.483493224454,479.038354678668,370.38392285398,55.2307555352924,1125.41586646229,888.482138127076,296.690074752094,1252.26707983035,5792.45200453984,851.634009388962,828.421006928757,1292.8671861252,589.615221326891,670.940465632079,1473.72954092289,970.848075601304,1513.23349453338,599.105974976308,1084.41213587,1344.03368071639,1683.67367707567,1429.3027219612,1129.52915075027,1356.31526720914,783.999470605127,704.847775347385,628.533766122575,802.11622581003,535.019383579183,1166.54069279626,706.289878408354,791.649705542775,261.224701874331,936.45510686029,449.140675851417,533.717130984531,1124.05558788932,214.166537900076,573.741827088596,701.701708014079,1650.66352752121,2097.01893512436,1511.65619413748,1500.78176146972,1078.87927862363,1230.5632376666,874.252411939074,1071.40332843449,869.956773613919,2502.49947773733,1479.68465993328,1909.53387185513,1755.03428555517,1948.17245118815,1401.78687482433,1890.04104398218,118.021361966427,1199.437163492,1522.79234075465,697.54938715655,2413.09505291465,2433.09703224495,2626.52520530398,1267.15795672631,2313.78667626607,1585.99195910477,1018.77490088136,1212.04609988164,1367.29076983055,1280.2842235553,1238.54071513844,1502.95396668884,967.853316125814,2006.01153814479,1199.471012765,1795.46134874072
Xanthosine,15681.7207718508,20615.1669571859,25197.1744993495,20664.2072393073,17906.2276954191,13254.6693321329,21756.2991518744,16660.8208147697,20954.6203989605,15278.0455448875,5626.51203723172,5475.10846956984,26413.1395763138,14419.4539692517,16010.1137324173,17734.2469683628,19031.3814568257,14370.5966001442,,7230.31782054918,12322.3224674307,17382.4495150677,17203.8525979654,4348.45127499645,15093.1447886957,5771.79373458454,20163.803478846,9772.3257433527,19374.5622661954,8459.0177830421,14797.649749038,12452.9807336773,5719.03403484139,3115.81560475988,5727.60078696572,7150.32880109901,9159.65691375781,5699.20758916382,17711.8858065214,7026.36466178693,9348.11693709434,5031.79132382359,5693.64764262965,5432.64658013479,6078.65470625393,3304.88577251201,9690.08833128656,5850.49602369907,5467.29203917158,10128.7704488095,11528.8849248521,8099.46177888685,2031.72293201617,7608.63124669161,5493.1398185905,13274.6271574606,8508.62763923231,12371.381590115,1539.93958490556,1359.55154498682,2577.33329309958,2702.88225408678,1342.15061603002,1112.41270356548,13619.13647938,8393.59422823557,2251.54521138247,818.570615826922,11028.4779757392,10726.2032408458,8609.13738363646,10046.2365314633,3170.87226964851,2690.50536051292,3496.85396034961,10220.2419650183,1543.29858740091,10633.8720826227,7512.743934388,9959.45314549761,6302.84057458587,20912.1585885604,10301.3731609409,6793.37516281712,1601.29406302744,1912.47325714824,838.945226004887,1844.44152557411,4914.95441392207,1401.2648026024,776.674360728918,1581.13869574616,4542.80769661371,3847.05049089847,1675.5586185552,1423.68146567349
Sedoheptulose 7-Phosphate,1100.38517247586,3055.72147532874,,1095.92095361336,23441.4400039217,4836.71235796801,2047.31385402656,324.464484029048,321.299351496813,1818.53994379343,7114.05587993093,,,434.14346853474,385.311802767049,1159.07811476364,,1692.18835949199,3842.05791945525,1157.89239846867,227.509607006518,1246.54784621395,3393.27963978625,3065.77070789171,1590.39662003139,25289.8110355854,3305.67050211356,2833.79118950502,9758.32794659589,672.829917257737,1172.84862979573,1020.18062904827,1037.54327397573,13741.9428969157,590.146012065004,877.69548858743,804.379591094852,498.38063846756,1480.756377927,5075.02595614571,449.392479408486,18959.5228167845,1127.29933447694,547.152344726735,809.757524318481,649.43941803497,965.542508086825,1128.13710089115,910.502315077969,934.586407804029,506.608286973509,533.396722594048,3189.22923553593,1643.55440782812,694.96358358422,1094.45071933601,23325.6714863355,2071.3064163779,217.320492326437,2692.75748400181,2386.32663134512,17573.9633481097,,12822.5265121902,936.639365374529,17501.9586621219,2202.7808304049,10652.3459482485,936.140590587942,12274.3542657188,598.588685789323,21487.8780057063,494.037253254341,17386.4993413095,532.626384462754,28320.6018792955,1541.89306183556,554.573527351825,14691.9886653264,186.140993598147,23154.2783645476,1403.76194764486,38905.2099781181,31289.9891195506,19497.8530392756,5991.24065212957,30737.9455342477,1344.79604723781,625.369516953187,12278.4531139497,2344.62494415871,564.927876024792,664.790100965949,4892.29074740797,23264.6723644352,4758.5973587168
Arachidonate,144662.148361944,147083.193057154,177070.604528012,123472.489734627,160935.295441989,295919.579574579,114161.188603023,135631.635692524,108003.36437017,98802.7226863718,81919.908602509,139566.032522056,62565.3173723227,69753.3168178394,95751.5768992428,151198.311549112,190028.930064481,40399.1124008049,4943.42451794356,150789.180073421,61717.6591605298,101779.072991869,141185.437263016,22044.7954007011,197935.412105229,120714.804922857,60569.893716637,209331.208674436,307196.182377351,198811.97765357,148643.566324829,234607.540233999,114190.138477442,160963.116725234,245546.872290307,197716.005750056,218588.606351994,96077.0349891637,173161.417860352,169935.069077623,135407.15842585,215003.769993838,182182.590515208,317789.418577475,135325.579550989,101341.127083724,139535.611806899,129223.345143149,115660.141937172,152773.654107603,62366.1632296079,125398.010372862,36146.2460198281,190062.748347146,130529.735717455,86998.6435429653,202770.750943582,36186.311919131,28973.7550689854,153849.972139529,131951.85535587,88209.6930211247,84099.0279348683,43571.5931878614,27343.2604562486,49602.6288261418,28216.6256973286,286433.051890808,39944.5990463085,115362.675452212,88554.2997258519,76545.7669958232,72859.0111157508,51242.1312384326,80592.533832151,69886.6591072656,4638.22486121883,37438.069076753,80706.6959781512,168353.94891625,99121.2607949473,64911.1146398806,514918.093743449,56856.8546756165,155481.600086524,273587.815210272,29383.5789297189,87805.3279163411,35139.0787798761,32942.1716991347,47945.0174399341,96881.1433860152,51508.6554444538,302556.061530975,38685.3989460232,123319.646699077
Lactose/Trehalose,5935.48881918032,166859.317974528,13906.2534455308,1747.02693752585,2925.18426354655,5915.54760449702,1663.18686158636,840.226547880826,3813.32117210779,7452.32137606926,3885.82129134429,3215.64132639481,17459.4027945163,15756.4364737087,41815.587414326,5604.83268310072,2306.55877516265,2676.10938808215,3589.80356230901,7060.16478674536,1941.87753865647,1757.33582156624,1202.61461150281,2243.85006331466,5456.20379534891,6991.53167802091,8833.58659360976,3084.42100229725,71458.238705204,2887.06969969219,1476.69069956821,644.233854286595,341.251487620443,1312.51110851435,3535.87979978857,2702.61165779532,3571.43575795887,1715.08594375228,1164.68477978802,1421.39419174182,541.994806644727,1514.05844157973,2207.17783981746,690.08882220452,2216.99608304657,3005.06117458935,384.199915125029,1676.55864295349,1903.51002593364,1854.14139821422,3694.9194283347,2212.24164742045,1973.21147000922,1992.14686568499,975.237373931965,1707.97381713051,1576.41282521324,1989.06968729534,4138.33520426147,1912.75761977867,538.84201483089,11731.6248267554,2359.41501278107,3187.49790120706,4867.41361094056,10182.0187814863,6374.10424072985,5364.44078665773,4961.23967459112,1468.46353973235,4253.19663271897,3863.23232666871,2918.86247208618,4893.04327113167,6858.42220826928,10024.9960348326,7443.33616897219,10958.5863511198,1960.3055329816,4026.92524443633,6693.34531809978,23278.7098477933,4249.83052455469,6101.77509974094,18432.9066904585,1385.04344080819,2833.30418660526,2868.95066457133,3972.07754681266,2850.35555047024,2535.11432675789,3331.06641610979,9012.88962184642,3733.81656114624,5114.71504380905,1234.37189725884
Sucrose,4790.04844141158,12762.7291446269,2578.00081582726,2445.833790844,5231.93611342786,13320.2438128525,4753.61584511485,1391.57429158328,1439.92348041569,4221.63288837797,8296.59811416457,6259.38645324869,4895.03481883531,7291.20795707186,10169.6315456927,4866.60924298753,3843.09174736823,1231.8598118481,1625.25675512553,4597.13337022013,1177.94081059091,2190.28259993893,3679.63638350465,2091.89651387945,1694.91024058693,5461.5295573347,3353.11867829302,6762.26640336167,6553.12178042181,48572.2599794587,6768.09570626237,6479.30362276835,8589.10894880591,1919.66714012907,3614.70194727463,8322.61008497701,222156.445326953,5107.44583273013,21168.1967189983,3756.25898784584,1865.8376510266,41500.2607771506,4249.03169016687,2467.36104910221,10235.3945815349,3777.34883839529,8896.42759353248,7656.08435871774,10609.5682582268,3869.32529858013,8757.25135414684,25650.9635051145,6485.94537939238,11352.8569664047,3646.96629657827,1651.92408357658,6109.86039490485,37775.6304230037,53257.874882039,3561.45894531256,1088.76852965701,2340.49129279987,5938.95601942132,5896.73511207317,7299.74513706989,23293.0742558684,19956.2571041855,40938.6146681426,5804.82356299676,2877.37106170779,9077.73496810044,2313.00291812862,3535.72731899009,10975.0741433884,63010.5918323912,8023.2359428986,56316.433277469,21675.123503368,2043.09223288572,3894.44541545501,3117.25169530511,902850.145509325,7710.34760539969,1990.67090005726,22474.2544177033,14002.1621902531,5736.62688447948,1827.37019057124,111141.182851347,1230.71204295933,3411.40018171145,12626.3771077496,41693.7985119044,13285.8423219886,11277.8200973913,3071.40550676667
cGMP,795.701887990403,21507.0550338899,8910.94756619952,4472.86879343058,26253.1815154853,41713.0354871957,5491.97572859914,1458.67373370269,753.270816669331,1537.69705788331,1381.35950436136,1060.94875776045,2246.26017440613,430.936174977409,1233.69476782602,1292.91491252602,4521.75574489161,427.496986107739,582.19825577872,751.007801771762,461.697704151859,1969.75909980372,1086.42012442479,1107.72200567255,6333.58875627144,2924.58249172869,853.602639880764,11980.2030121971,55121.7348890081,8672.68941857355,12447.1608159853,8431.05734223367,5301.08790262293,1162.85049763453,8625.98470201131,7854.90421794691,1918.01072756958,5503.93340266136,23625.4284270792,4523.91170665288,1040.77708155082,2050.82343331721,1023.3243782888,2743.56642166226,1032.41853175577,611.457802204498,740.090652892071,801.313753796523,1214.24486864846,8425.88109025898,1996.24964127583,3069.89744712799,10917.850107673,6993.74148241976,6467.54351521643,2591.93314134236,10698.5895518363,19367.2925154307,794.934496342823,3602.00734346699,1933.49715455935,2114.19824449204,1537.62295539753,1295.67873961688,2630.67998428562,1807.60692021621,945.695506783083,832.015723101632,,2195.55541544901,1420.92975391574,1867.46486704897,2518.37179141705,1816.17356150245,692.929117259176,2262.90826522816,912.662425474359,595.314461183362,703.22712428559,579.079792160473,1635.56642210064,2543.12009486553,1415.44640508994,1030.83102107283,5014.51136928493,985.044422628652,552.766853759152,1281.97066632757,1279.2627477937,2064.89494300384,295.406277589403,1368.93223011168,283.032293339093,945.355733713754,882.660404196124,1966.08734400095
PGE,1065.3419560753,2432.69634484029,9108.41462329282,1044.23872014459,1528.52076194659,1944.62087874795,1253.80423983383,912.898671706548,915.389087538431,913.193192553663,1672.64861910685,1348.70312526897,1227.27073753318,1169.17773030827,545.436555376352,1091.95221665087,2780.39066226808,392.331337352595,44.038161918801,1251.24205934835,935.331115155016,831.058606160755,984.196945692416,532.436442819758,1504.8305945871,1001.72434853152,460.289768959798,1330.61007331408,2116.04443243014,3253.01676247133,4731.47041362361,7109.58960036931,4266.00284263524,3287.19438542115,5588.39887078136,4809.31338994079,4761.98090339273,2654.18188998596,5472.49568947179,4694.95041794059,3724.0826856221,6723.7869945399,5137.49824228064,6123.97631571714,4951.8103515095,3761.32351192867,3162.96227335067,4679.6849924505,3226.77657396887,4092.16258045771,5590.27827158416,4302.06542435467,1840.25985675998,4884.21905996638,3201.29499021602,2480.12167973547,6910.38861515897,1602.72114236907,512.216586813605,531.072122144511,730.405741928079,452.026701007967,250.127754069131,,219.303934139178,260.061643214113,,1351.78989265162,375.800167602762,417.880373333154,594.89968099729,573.700877725767,467.971119510797,514.937814308825,590.215796685528,1084.50195939292,,269.723290954617,,338.744960314649,405.227558847649,652.298593672442,1790.00101389147,320.873691170307,1347.46498794199,563.884718843558,,256.791108851862,355.911126170355,,177.224848483375,504.301933272192,,,200.374827679288,307.122553796285
Adenylosuccinate,5461.48867546924,3242.58739266537,2452.64928835019,10147.1220400161,9433.63970573594,12369.0826053911,2439.54877758646,3990.12448982023,4621.33286063349,7243.9746040276405,6368.92449171701,8611.68118925421,1912.98470607046,3579.25138288411,5613.54013618866,5116.2652704377,2631.86012691651,2909.21425061995,1557.05750187431,8030.54275116967,1311.8203202099,3812.81683613619,5121.11770336935,1047.00606945834,5902.02000126098,5042.63536786905,3521.10163193437,11921.0270503206,8468.37744301332,1779.42368156419,1670.47042302854,1572.40520808398,770.973490260691,1044.71552755319,2054.82579003683,1462.91089838486,1295.58410129623,1146.735571216,1663.99990703318,1697.3901887708,992.601217032629,1650.78238096206,1558.74006046465,2630.14728071602,1119.34979221611,1063.88107327029,933.659875509268,648.45466896054,801.118866455827,1756.73166679862,158.034180798254,1096.91250877198,571.76400684995,1392.53760808055,1021.0489017080901,1019.61567021419,1810.61215138997,567.90848577676,190.160221216456,438.450378748633,481.124379457878,407.608893208076,227.757268049283,136.990337078383,180.537997397874,272.563481526699,162.326329710583,1226.11446323708,218.955346376457,482.609198299012,471.185176142994,467.340065031827,386.491059620833,324.48605110129,435.057472164396,595.488783459994,118.928319202505,238.696433359367,458.720190232684,935.414492127709,672.447137790097,139.319920798194,1293.47395246798,347.265826752066,993.469128251563,1095.87812704503,276.857395252896,354.523607356368,174.647494090703,192.675459345836,343.318779011212,651.09367508657,253.977652845307,1123.78624281934,385.346119916965,520.85393769801
