E,pooled_sd,contrast,ok,check,rep
0.10129282073026397,0.1839117513841834,0.002335411820784416,TRUE,primary,1
0.09783840410376582,0.18048766978486686,-0.03848717754523524,TRUE,S1_joint,1
0.09850430926974252,0.18142178177979773,0.03071519763333874,TRUE,S2_annotated,1
0.10285300902235034,0.1816867031708667,-0.005224397071382064,TRUE,S3_cpg20,1
0.10129282073026397,0.1839117513841834,-0.02701693990438161,TRUE,S4_no_covariates,1
0.10129282073026397,0.1839117513841834,-5.648703676256994e-4,TRUE,S5_expr_strata,1
0.08089168745519143,0.18387157450801755,-0.015705763651763884,TRUE,S6_apul_plus_one,1
0.11595749929219223,0.2204617820342579,-0.0026796474561670922,TRUE,primary,2
0.12079051117192502,0.21584622458191494,-0.0749533553582986,TRUE,S1_joint,2
0.1146427833800776,0.21144553094312193,0.03615267754665027,TRUE,S2_annotated,2
0.12330816207972295,0.21051605564530418,-0.05491491763996554,TRUE,S3_cpg20,2
0.11595749929219223,0.2204617820342579,-0.032271073721797223,TRUE,S4_no_covariates,2
0.11595749929219223,0.2204617820342579,-0.003487368998128311,TRUE,S5_expr_strata,2
0.09993783282048979,0.21947909072945745,9.365602367636561e-4,TRUE,S6_apul_plus_one,2
0.04651873114573346,0.22477253212898518,-0.01604002813963161,TRUE,primary,3
0.06502200642642292,0.22051709892259586,-0.1066464811728251,TRUE,S1_joint,3
0.04312068286074977,0.22232546461072797,0.02103492197981969,TRUE,S2_annotated,3
0.04770192345815133,0.22011897302459393,-0.027296224507507478,TRUE,S3_cpg20,3
0.04651873114573346,0.22477253212898518,-0.037750406584243626,TRUE,S4_no_covariates,3
0.04651873114573346,0.22477253212898518,-0.01459083031992586,TRUE,S5_expr_strata,3
0.03687398288425414,0.22429078011784745,-0.018834722035983693,TRUE,S6_apul_plus_one,3
0.08854478764015272,0.18580455680402505,0.007016523568788153,TRUE,primary,4
0.10529228644241434,0.18071692598077788,-0.018125905850042846,TRUE,S1_joint,4
0.08124683055596527,0.18066806629893173,0.03051571609393043,TRUE,S2_annotated,4
0.0956378935019645,0.1847243694648181,-0.005748355120787262,TRUE,S3_cpg20,4
0.08854478764015272,0.18580455680402505,-0.02022529571317997,TRUE,S4_no_covariates,4
0.08854478764015272,0.18580455680402505,0.005180612257910314,TRUE,S5_expr_strata,4
0.07006180339436258,0.18388397827436806,0.020081760715379045,TRUE,S6_apul_plus_one,4
0.04348171182871874,0.22050512833879116,-0.008116477063135463,TRUE,primary,5
0.035835133470196234,0.22601389604737726,-0.05281462534367843,TRUE,S1_joint,5
0.0472466889348685,0.21994461679239394,0.013277687659993669,TRUE,S2_annotated,5
0.04003670135843718,0.22055086979351188,-0.05108434000526982,TRUE,S3_cpg20,5
0.04348171182871874,0.22050512833879116,-0.03646655659291717,TRUE,S4_no_covariates,5
0.04348171182871874,0.22050512833879116,-0.006776437710109487,TRUE,S5_expr_strata,5
0.030680946926778196,0.22700165523360546,-0.0031270692988828556,TRUE,S6_apul_plus_one,5
0.14419845043639368,0.20435517568239697,-0.014960640202463309,TRUE,primary,6
0.14287798346252534,0.19981260099169385,-0.09325883855304559,TRUE,S1_joint,6
0.13895974943796374,0.20070609628225408,0.016137157072325672,TRUE,S2_annotated,6
0.13224513714507202,0.1992710439878644,-0.043684242169307025,TRUE,S3_cpg20,6
0.14419845043639368,0.20435517568239697,-0.033686747949676965,TRUE,S4_no_covariates,6
0.14419845043639368,0.20435517568239697,-0.012763136052493636,TRUE,S5_expr_strata,6
0.12806240588611845,0.20553166522896113,-0.01872842929128761,TRUE,S6_apul_plus_one,6
0.07926519720111846,0.2391039678768682,0.0011664631607013946,TRUE,primary,7
0.09029634446731988,0.2256554782837687,-0.04577563309652391,TRUE,S1_joint,7
0.08361211775503874,0.22870111643956204,0.04009665912183182,TRUE,S2_annotated,7
0.08562014599890416,0.2298135263480317,-0.03274001272916354,TRUE,S3_cpg20,7
0.07926519720111846,0.2391039678768682,-0.02395696186641253,TRUE,S4_no_covariates,7
0.07926519720111846,0.2391039678768682,-0.0032366144495523954,TRUE,S5_expr_strata,7
0.07076715841350334,0.2345970188451312,0.006937361589539026,TRUE,S6_apul_plus_one,7
0.11980092857193897,0.212037418572424,0.005022086669468111,TRUE,primary,8
0.1315854550301075,0.21273812094732641,-0.053743417263212044,TRUE,S1_joint,8
0.1186846467218114,0.20090716875789025,0.028531252382027916,TRUE,S2_annotated,8
0.13684210230056848,0.20474940451148704,-0.030853204002899322,TRUE,S3_cpg20,8
0.11980092857193897,0.212037418572424,-0.0202455630664098,TRUE,S4_no_covariates,8
0.11980092857193897,0.212037418572424,0.0022832096925711064,TRUE,S5_expr_strata,8
0.10442809660877878,0.21144253842121452,0.019486977392439306,TRUE,S6_apul_plus_one,8
0.15989026916652743,0.19895482681783122,0.015277097241049397,TRUE,primary,9
0.15976197396545766,0.1906332429372633,-0.015021418116587606,TRUE,S1_joint,9
0.14882835772660868,0.19533951010495465,0.02643749674701326,TRUE,S2_annotated,9
0.16693013262823675,0.20481881873591462,0.01095611131058307,TRUE,S3_cpg20,9
0.15989026916652743,0.19895482681783122,-0.012186500581191884,TRUE,S4_no_covariates,9
0.15989026916652743,0.19895482681783122,0.010541692191088971,TRUE,S5_expr_strata,9
0.14455361510971465,0.19613380370725042,0.021026266550273492,TRUE,S6_apul_plus_one,9
0.1379936545634874,0.22881579007970063,0.014185186504881922,TRUE,primary,10
0.14236528842585655,0.2212535837777897,-0.08327577252598252,TRUE,S1_joint,10
0.1308727787531292,0.22291919934932,0.047293906521124314,TRUE,S2_annotated,10
0.14704765599959374,0.22104401573426674,-0.01895116851606122,TRUE,S3_cpg20,10
0.1379936545634874,0.22881579007970063,-0.0232000655128634,TRUE,S4_no_covariates,10
0.1379936545634874,0.22881579007970063,0.011233713910124427,TRUE,S5_expr_strata,10
0.11481262542843423,0.22929509143403848,0.019026896290556684,TRUE,S6_apul_plus_one,10
0.06851246243642561,0.2100084388970152,0.01628810825864047,TRUE,primary,11
0.06693857053580354,0.20770087289182093,-0.04292195235833788,TRUE,S1_joint,11
0.07172365021218591,0.20074026891695537,0.0496007727663068,TRUE,S2_annotated,11
0.060209908650269095,0.20401163033502265,-0.011300100231853735,TRUE,S3_cpg20,11
0.06851246243642561,0.2100084388970152,-0.012753278338960733,TRUE,S4_no_covariates,11
0.06851246243642561,0.2100084388970152,0.015178369030600308,TRUE,S5_expr_strata,11
0.04392037821673994,0.21156398778139984,0.025137328279111637,TRUE,S6_apul_plus_one,11
0.09078291264773519,0.22352991486360074,-0.0027878835018564094,TRUE,primary,12
0.10645854772923369,0.22426222265404824,-0.10772958563725728,TRUE,S1_joint,12
0.08416207799906045,0.21614682268195404,0.03204484023126044,TRUE,S2_annotated,12
0.09208521330742808,0.21961247384393728,-0.027061875857881265,TRUE,S3_cpg20,12
0.09078291264773519,0.22352991486360074,-0.03698438200026122,TRUE,S4_no_covariates,12
0.09078291264773519,0.22352991486360074,-4.5001671840804846e-4,TRUE,S5_expr_strata,12
0.07392092852647686,0.22578270124773178,0.0029728566642607075,TRUE,S6_apul_plus_one,12
0.09733203895028952,0.20910175667036707,0.01975290411141599,TRUE,primary,13
0.09960924079785977,0.2050928611650633,-0.002719049178097002,TRUE,S1_joint,13
0.097055293848868407,0.20376538894166393,0.05182782686355417,TRUE,S2_annotated,13
0.09391729410406208,0.2047867031345227,0.013798477424257185,TRUE,S3_cpg20,13
0.09733203895028952,0.20910175667036707,-0.009179616430116324,TRUE,S4_no_covariates,13
0.09733203895028952,0.20910175667036707,0.014914023019584957,TRUE,S5_expr_strata,13
0.08452846328581476,0.20770981508572936,0.049074359361446135,TRUE,S6_apul_plus_one,13
0.12142287622087289,0.20954116980278895,0.009474075040265772,TRUE,primary,14
0.1218639886518299,0.21038735177054607,-0.022553242106646935,TRUE,S1_joint,14
0.11724385245833013,0.20434090674240432,0.04280938383685091,TRUE,S2_annotated,14
0.12116756717046362,0.20313559672539336,-0.012729342670836767,TRUE,S3_cpg20,14
0.12142287622087289,0.20954116980278895,-0.020073261108144044,TRUE,S4_no_covariates,14
0.12142287622087289,0.20954116980278895,0.004385668438054144,TRUE,S5_expr_strata,14
0.10837707719965511,0.20697670881252567,0.02611570472538454,TRUE,S6_apul_plus_one,14
0.08192833513788605,0.24285073556786513,-0.010294279579569616,TRUE,primary,15
0.10298118325290673,0.23358096410279583,-0.09000733532753306,TRUE,S1_joint,15
0.08094134650839985,0.23446209535127474,0.02738271250995998,TRUE,S2_annotated,15
0.09237775546675048,0.23428905855984875,-0.03855913547796479,TRUE,S3_cpg20,15
0.08192833513788605,0.24285073556786513,-0.04359519527981844,TRUE,S4_no_covariates,15
0.08192833513788605,0.24285073556786513,-0.012884157361356795,TRUE,S5_expr_strata,15
0.06820307201303749,0.24333500857469936,-0.015174200619257621,TRUE,S6_apul_plus_one,15
0.09173966483463158,0.19281893781732878,-0.00343002991103863,TRUE,primary,16
0.09065378494620341,0.19582510216409757,-0.05647368577425694,TRUE,S1_joint,16
0.08885449744841456,0.1839403852859152,0.025650620336652778,TRUE,S2_annotated,16
0.08664526035026554,0.1891942623402066,-0.061268063509427054,TRUE,S3_cpg20,16
0.09173966483463158,0.19281893781732878,-0.030720957722701524,TRUE,S4_no_covariates,16
0.09173966483463158,0.19281893781732878,-0.004103879654138829,TRUE,S5_expr_strata,16
0.06993584295986222,0.19271486259513457,-0.005032817964167633,TRUE,S6_apul_plus_one,16
0.12669956879219468,0.20878343815263947,-0.01986653613554648,TRUE,primary,17
0.14494258344317112,0.21538102629628755,-0.12306760578969492,TRUE,S1_joint,17
0.12619037579153292,0.1996105293993621,0.01306262424526389,TRUE,S2_annotated,17
0.1310141244240094,0.2000760623769064,-0.07819705807565819,TRUE,S3_cpg20,17
0.12669956879219468,0.20878343815263947,-0.04463746776818563,TRUE,S4_no_covariates,17
0.12669956879219468,0.20878343815263947,-0.024704725139372108,TRUE,S5_expr_strata,17
0.10278233145757276,0.21369162332562336,-0.02891332028560368,TRUE,S6_apul_plus_one,17
0.04701469888074722,0.24443543626805278,0.009536251025541422,TRUE,primary,18
0.05154967410028238,0.24110264494464842,-0.03441461252808557,TRUE,S1_joint,18
0.04113252379091248,0.23927071515345963,0.025555958046799564,TRUE,S2_annotated,18
0.05233796116364131,0.2386483209769565,-0.005030891536631459,TRUE,S3_cpg20,18
0.04701469888074722,0.24443543626805278,-0.023766617253037334,TRUE,S4_no_covariates,18
0.04701469888074722,0.24443543626805278,0.005023972169223024,TRUE,S5_expr_strata,18
0.023945771692701345,0.24761623591387077,0.028467456966984758,TRUE,S6_apul_plus_one,18
0.12413673328494612,0.2040953364816569,-0.001882376604516876,TRUE,primary,19
0.13412861896245176,0.20160997005607112,-0.0732408264246079,TRUE,S1_joint,19
0.12012377375511984,0.19751969692300808,0.03822794119377326,TRUE,S2_annotated,19
0.12215414503685296,0.1973869480790519,-0.030006634798976577,TRUE,S3_cpg20,19
0.12413673328494612,0.2040953364816569,-0.029033414395249982,TRUE,S4_no_covariates,19
0.12413673328494612,0.2040953364816569,-0.005219165870506266,TRUE,S5_expr_strata,19
0.11472867877829729,0.20239181370980436,-0.004364090027895509,TRUE,S6_apul_plus_one,19
0.06413590026092814,0.1919957439608751,-0.00944201945837627,TRUE,primary,20
0.05916163634592431,0.18654040584085033,-0.042827032293798716,TRUE,S1_joint,20
0.06542318144622994,0.18809207196110905,0.007067281703751976,TRUE,S2_annotated,20
0.05669697026582965,0.19434292407301146,-0.0199821492665292,TRUE,S3_cpg20,20
0.06413590026092814,0.1919957439608751,-0.029265719559742203,TRUE,S4_no_covariates,20
0.06413590026092814,0.1919957439608751,-0.007753235201314593,TRUE,S5_expr_strata,20
0.04875074067840318,0.19211866102447336,-0.008301599866285113,TRUE,S6_apul_plus_one,20
0.08333517861938061,0.2171726578788002,-0.013945003767830855,TRUE,primary,21
0.09450237214909613,0.2166299628999754,-0.10926937668636488,TRUE,S1_joint,21
0.07671677331643406,0.21134737983019622,0.027983443672782077,TRUE,S2_annotated,21
0.07468435423104897,0.21208996827697363,-0.015523891536960491,TRUE,S3_cpg20,21
0.08333517861938061,0.2171726578788002,-0.037000292916476905,TRUE,S4_no_covariates,21
0.08333517861938061,0.2171726578788002,-0.014065089406473897,TRUE,S5_expr_strata,21
0.0725057657760283,0.21706069811588333,-0.01696656502489151,TRUE,S6_apul_plus_one,21
0.10087876579812621,0.21405300618947676,0.00573152624723441,TRUE,primary,22
0.10026640565190065,0.21482258609518054,-0.07765117301786431,TRUE,S1_joint,22
0.0995738704964772,0.2118142265964121,0.04566223710968316,TRUE,S2_annotated,22
0.10311838289765424,0.20112648273026357,-0.03389469787204472,TRUE,S3_cpg20,22
0.10087876579812621,0.21405300618947676,-0.02737631577318906,TRUE,S4_no_covariates,22
0.10087876579812621,0.21405300618947676,0.001889147890318186,TRUE,S5_expr_strata,22
0.08151501765860986,0.2143396030917455,0.003147023940769188,TRUE,S6_apul_plus_one,22
-0.0018798809428283714,0.22035473137741185,-0.002736131046696689,TRUE,primary,23
0.002275686243002506,0.20830983072715087,-0.05591473999071917,TRUE,S1_joint,23
0.004520341821293017,0.21099742548083145,0.02147716260506205,TRUE,S2_annotated,23
0.00875880257392564,0.21526014697518717,-0.014834563332892832,TRUE,S3_cpg20,23
-0.0018798809428283714,0.22035473137741185,-0.033348370510929405,TRUE,S4_no_covariates,23
-0.0018798809428283714,0.22035473137741185,-0.0038044283474795485,TRUE,S5_expr_strata,23
-0.01757478483448094,0.21504660307161683,0.0013126151430416372,TRUE,S6_apul_plus_one,23
0.046363227426561404,0.2006675711915648,-0.008119520610637507,TRUE,primary,24
0.05074021774466897,0.2038972270562434,-0.06469952099544508,TRUE,S1_joint,24
0.04336830990001511,0.18659249900987296,0.022535412289627577,TRUE,S2_annotated,24
0.04548704904585338,0.19990083924478041,-0.02530201789904092,TRUE,S3_cpg20,24
0.046363227426561404,0.2006675711915648,-0.03471731142031049,TRUE,S4_no_covariates,24
0.046363227426561404,0.2006675711915648,-0.009794472325053287,TRUE,S5_expr_strata,24
0.025414204201562596,0.20085317214108364,-0.016677559780589334,TRUE,S6_apul_plus_one,24
0.09958004628451206,0.20765254405218178,-0.011436314129221688,TRUE,primary,25
0.09224854512547132,0.21494661535547907,-0.05761629765798766,TRUE,S1_joint,25
0.09072791722352719,0.1975713265038769,0.019267250203515555,TRUE,S2_annotated,25
0.08960766048290364,0.2039491541542237,-0.03533739130222209,TRUE,S3_cpg20,25
0.09958004628451206,0.20765254405218178,-0.03342103773451804,TRUE,S4_no_covariates,25
0.09958004628451206,0.20765254405218178,-0.010770423808111872,TRUE,S5_expr_strata,25
0.07561516064186996,0.20557563682718283,-0.0013830532074529515,TRUE,S6_apul_plus_one,25
0.09763316141965661,0.19380080373354153,0.018965516431340826,TRUE,primary,26
0.11446258228375666,0.18514077688349467,-0.014043335927904145,TRUE,S1_joint,26
0.09416409669215525,0.1862488524113161,0.036220690793579244,TRUE,S2_annotated,26
0.11217452130647221,0.19289157158660059,0.020875105201578696,TRUE,S3_cpg20,26
0.09763316141965661,0.19380080373354153,-0.01871123469240275,TRUE,S4_no_covariates,26
0.09763316141965661,0.19380080373354153,0.015373689889773334,TRUE,S5_expr_strata,26
0.08853331615539878,0.19112855847177657,0.02948098673749867,TRUE,S6_apul_plus_one,26
0.08939708112652184,0.22390277574836437,-0.0064632561080992645,TRUE,primary,27
0.07647015288823705,0.23257564190227922,-0.07299215964973842,TRUE,S1_joint,27
0.08885313578523751,0.22033128149437556,0.023093835853508046,TRUE,S2_annotated,27
0.0909579759821984,0.21290088548130007,-0.05427348988029042,TRUE,S3_cpg20,27
0.08939708112652184,0.22390277574836437,-0.03566036592634264,TRUE,S4_no_covariates,27
0.08939708112652184,0.22390277574836437,-0.008556171309966661,TRUE,S5_expr_strata,27
0.06553599971614626,0.23407887829874238,-0.01932638981659382,TRUE,S6_apul_plus_one,27
0.10744244807055192,0.1863106425453747,-0.016524611936211245,TRUE,primary,28
0.11628787434415083,0.1739125707411581,-0.06627371416252793,TRUE,S1_joint,28
0.1100981597829585,0.18001773025667567,0.008498105104421958,TRUE,S2_annotated,28
0.10131840269066339,0.18989001763408103,-0.03627355425232574,TRUE,S3_cpg20,28
0.10744244807055192,0.1863106425453747,-0.03680631367246415,TRUE,S4_no_covariates,28
0.10744244807055192,0.1863106425453747,-0.013909213556915096,TRUE,S5_expr_strata,28
0.10231559508559235,0.18094335507295245,-0.020745327218873386,TRUE,S6_apul_plus_one,28
0.07831140410306425,0.21201502349153617,-0.021086929695670744,TRUE,primary,29
0.09323819954235729,0.20632283915306676,-0.10778719859465494,TRUE,S1_joint,29
0.08662865967293043,0.20062554019220152,0.014926292173192966,TRUE,S2_annotated,29
0.0726408139224064,0.20986934573087576,-0.050678178066058795,TRUE,S3_cpg20,29
0.07831140410306425,0.21201502349153617,-0.05277446678932158,TRUE,S4_no_covariates,29
0.07831140410306425,0.21201502349153617,-0.01787673080906074,TRUE,S5_expr_strata,29
0.06314760687235221,0.20929988369214717,-0.029434544593776275,TRUE,S6_apul_plus_one,29
0.12256592159438884,0.19526261408085802,0.0030894167328361817,TRUE,primary,30
0.13210126477040535,0.1881020007088394,-0.02977319092466199,TRUE,S1_joint,30
0.1205573727272341,0.1885027543018044,0.01771100407373405,TRUE,S2_annotated,30
0.13258567880326705,0.19469523145976628,-0.03722465642843996,TRUE,S3_cpg20,30
0.12256592159438884,0.19526261408085802,-0.02649361764803579,TRUE,S4_no_covariates,30
0.12256592159438884,0.19526261408085802,0.0013025878620847961,TRUE,S5_expr_strata,30
0.1155122201478258,0.19457750044121688,0.014384178150927488,TRUE,S6_apul_plus_one,30
0.07293355075086838,0.19982427824246835,-0.003666401668474614,TRUE,primary,31
0.06615127995357067,0.19317286315792262,-0.08123869455720985,TRUE,S1_joint,31
0.07461912856970065,0.19476404934550343,0.023748059927409144,TRUE,S2_annotated,31
0.07133743365307849,0.19632856232312107,-0.018691232920321946,TRUE,S3_cpg20,31
0.07293355075086838,0.19982427824246835,-0.03145685498309903,TRUE,S4_no_covariates,31
0.07293355075086838,0.19982427824246835,-0.006036442644867941,TRUE,S5_expr_strata,31
0.056488371786827085,0.1968466338037482,-0.023526360513662012,TRUE,S6_apul_plus_one,31
0.12876571373439344,0.2121542164355967,0.007572474310777105,TRUE,primary,32
0.14516997566129308,0.21462006727685595,-0.07774399879174118,TRUE,S1_joint,32
0.12487838863409245,0.20791618627756608,0.03857122460778788,TRUE,S2_annotated,32
0.13886589496394935,0.19933779465112828,-0.05108262393273041,TRUE,S3_cpg20,32
0.12876571373439344,0.2121542164355967,-0.032433832077985815,TRUE,S4_no_covariates,32
0.12876571373439344,0.2121542164355967,0.004689495317516388,TRUE,S5_expr_strata,32
0.11415728112304535,0.215076663100919,0.011715926123066435,TRUE,S6_apul_plus_one,32
0.09066927539065789,0.19191532252843457,0.009338841320600337,TRUE,primary,33
0.09638044973640147,0.1913410883338784,-0.019133464649036647,TRUE,S1_joint,33
0.09310237551354761,0.18614377837831755,0.038060491367646866,TRUE,S2_annotated,33
0.0913696408947654,0.1900343057099179,-0.020657770905100504,TRUE,S3_cpg20,33
0.09066927539065789,0.19191532252843457,-0.015592678713548646,TRUE,S4_no_covariates,33
0.09066927539065789,0.19191532252843457,0.006935720080542401,TRUE,S5_expr_strata,33
0.07193616780039597,0.19457301098242527,0.02839444043598941,TRUE,S6_apul_plus_one,33
0.09525976424933275,0.21539828327801572,0.01474367067574808,TRUE,primary,34
0.10580654689516134,0.21400216762685878,-0.037865045863475826,TRUE,S1_joint,34
0.09484714245730846,0.20736242621233344,0.04506774900586438,TRUE,S2_annotated,34
0.10702128587816356,0.20127276635643293,-0.011236555036887782,TRUE,S3_cpg20,34
0.09525976424933275,0.21539828327801572,-0.011170414868742377,TRUE,S4_no_covariates,34
0.09525976424933275,0.21539828327801572,0.01119797714896772,TRUE,S5_expr_strata,34
0.08380996802751545,0.21354210702887555,0.03398731241409625,TRUE,S6_apul_plus_one,34
-0.0055097166554555765,0.21783566205222868,-0.006205200883065307,TRUE,primary,35
0.005179159064252925,0.2177054864704569,-0.026879099657491443,TRUE,S1_joint,35
0.0023035305635089043,0.21297852276226228,0.020793812058486665,TRUE,S2_annotated,35
-0.0015449669940991173,0.22033788749895428,-0.02210841353752935,TRUE,S3_cpg20,35
-0.0055097166554555765,0.21783566205222868,-0.030806664665749953,TRUE,S4_no_covariates,35
-0.0055097166554555765,0.21783566205222868,-0.009980295162865421,TRUE,S5_expr_strata,35
-0.019040022941083812,0.2205703175545285,-0.019012923415131746,TRUE,S6_apul_plus_one,35
0.1137162418533591,0.20225941021832455,0.003638641131127606,TRUE,primary,36
0.12305299265892977,0.2060709715474739,-0.04246763139086695,TRUE,S1_joint,36
0.10180638132123854,0.19917176987292873,0.04359606114733766,TRUE,S2_annotated,36
0.11234389913389642,0.19859438455693637,0.01221883715772674,TRUE,S3_cpg20,36
0.1137162418533591,0.20225941021832455,-0.02916112953237997,TRUE,S4_no_covariates,36
0.1137162418533591,0.20225941021832455,-3.6756405580933536e-4,TRUE,S5_expr_strata,36
0.09827464356302418,0.2034836449424091,0.025263125810677814,TRUE,S6_apul_plus_one,36
0.10134981112265523,0.1984033526489693,-0.008883526738255583,TRUE,primary,37
0.10460687105273853,0.19835627646912105,-0.043460036806894496,TRUE,S1_joint,37
0.09080769698992142,0.1921893214484827,0.02429483278313601,TRUE,S2_annotated,37
0.09929680907086069,0.19664198948066286,0.019495534775117156,TRUE,S3_cpg20,37
0.10134981112265523,0.1984033526489693,-0.02738934611831692,TRUE,S4_no_covariates,37
0.10134981112265523,0.1984033526489693,-0.010952689458395656,TRUE,S5_expr_strata,37
0.0809316690744275,0.19638103472875218,0.00817902249226905,TRUE,S6_apul_plus_one,37
0.05467873920227023,0.1954047679984919,-3.7000566239009475e-5,TRUE,primary,38
0.08018068508527454,0.19085309021919972,-0.05943346527197712,TRUE,S1_joint,38
0.04993732905666687,0.1899401455911398,0.040360690082800445,TRUE,S2_annotated,38
0.05296043546940388,0.19156105578029242,0.013889775704517434,TRUE,S3_cpg20,38
0.05467873920227023,0.1954047679984919,-0.02935055640633833,TRUE,S4_no_covariates,38
0.05467873920227023,0.1954047679984919,-0.0013190735903137016,TRUE,S5_expr_strata,38
0.04413582123998244,0.19379282696089675,0.005893926366195313,TRUE,S6_apul_plus_one,38
0.10510002867488188,0.21905799988150604,-0.005767401336913423,TRUE,primary,39
0.11539289196651198,0.2133845791953841,-0.10402118730867874,TRUE,S1_joint,39
0.10656163256500928,0.2120719631287341,0.04318994696082025,TRUE,S2_annotated,39
0.09914465386974347,0.21084504575856683,-0.03089522437802827,TRUE,S3_cpg20,39
0.10510002867488188,0.21905799988150604,-0.03784642177105944,TRUE,S4_no_covariates,39
0.10510002867488188,0.21905799988150604,-0.006037039752928515,TRUE,S5_expr_strata,39
0.092047586390757,0.21841169687175485,-0.010004183414577334,TRUE,S6_apul_plus_one,39
0.12306815433855472,0.2154703215001208,-0.010656927027149262,TRUE,primary,40
0.12180750332874857,0.22312582738655473,-0.09020293201760744,TRUE,S1_joint,40
0.12118358565995663,0.207200650657207,0.029614594551021185,TRUE,S2_annotated,40
0.12396453957917425,0.20495133998238566,-0.046511271607231106,TRUE,S3_cpg20,40
0.12306815433855472,0.2154703215001208,-0.03849764600608376,TRUE,S4_no_covariates,40
0.12306815433855472,0.2154703215001208,-0.010406862394849576,TRUE,S5_expr_strata,40
0.10122981012411586,0.21481583228207943,-0.02156985929189571,TRUE,S6_apul_plus_one,40
0.08237853077573304,0.1925529073570354,0.009789844638657081,TRUE,primary,41
0.08890677024746108,0.19929360923292364,-0.03492805469391965,TRUE,S1_joint,41
0.08302984014042142,0.18646523905584514,0.030190839980898054,TRUE,S2_annotated,41
0.09917897799886366,0.18563643977444785,-0.018138136495215194,TRUE,S3_cpg20,41
0.08237853077573304,0.1925529073570354,-0.028266983731260586,TRUE,S4_no_covariates,41
0.08237853077573304,0.1925529073570354,0.00781388209063344,TRUE,S5_expr_strata,41
0.06406250667885927,0.19388616710298737,0.014497281118685772,TRUE,S6_apul_plus_one,41
0.022869634140754047,0.19628443928495812,-0.004407781396377476,TRUE,primary,42
0.04413668751339045,0.18546998111114812,-0.011787182167363592,TRUE,S1_joint,42
0.026441672180561815,0.19110055890258393,0.029851593883064034,TRUE,S2_annotated,42
0.026240176259069603,0.20249881739636696,-0.011496546583015051,TRUE,S3_cpg20,42
0.022869634140754047,0.19628443928495812,-0.03155300197221344,TRUE,S4_no_covariates,42
0.022869634140754047,0.19628443928495812,-0.005412177198273807,TRUE,S5_expr_strata,42
0.011161385368277543,0.19588879423832414,-0.0036203875478802556,TRUE,S6_apul_plus_one,42
0.13199411765028962,0.22969045749922054,-0.010262013832548529,TRUE,primary,43
0.12807768091667615,0.22723744116907701,-0.0570153568849804,TRUE,S1_joint,43
0.13158626474144608,0.2212524193767503,0.019385456970061093,TRUE,S2_annotated,43
0.13748925638623677,0.2256958806110381,-0.0265132735194171,TRUE,S3_cpg20,43
0.13199411765028962,0.22969045749922054,-0.032413305345147234,TRUE,S4_no_covariates,43
0.13199411765028962,0.22969045749922054,-0.0110339803287921,TRUE,S5_expr_strata,43
0.10671172837090748,0.23101377451184096,-0.02144536948126483,TRUE,S6_apul_plus_one,43
0.13909275038625074,0.20760668727301362,-0.006761824828496133,TRUE,primary,44
0.1550789320519611,0.20454236351586436,-0.07343352819651636,TRUE,S1_joint,44
0.13941481226588026,0.20317524795203146,0.02374398883425757,TRUE,S2_annotated,44
0.140506105805709,0.19610902593275079,-0.0460399319815504,TRUE,S3_cpg20,44
0.13909275038625074,0.20760668727301362,-0.03402013602771263,TRUE,S4_no_covariates,44
0.13909275038625074,0.20760668727301362,-0.008658935281796981,TRUE,S5_expr_strata,44
0.12714709629177307,0.2043536028663689,-0.00725900113621841,TRUE,S6_apul_plus_one,44
0.08742201639687408,0.19584716094659918,0.0026250899081608743,TRUE,primary,45
0.10263342815352816,0.19476821525276394,-0.06614224610229134,TRUE,S1_joint,45
0.0854530455373328,0.18980420910888426,0.03619801435922251,TRUE,S2_annotated,45
0.0891620287716618,0.19332654188925452,-0.042332261112794554,TRUE,S3_cpg20,45
0.08742201639687408,0.19584716094659918,-0.02822677808508215,TRUE,S4_no_covariates,45
0.08742201639687408,0.19584716094659918,0.001190388141972492,TRUE,S5_expr_strata,45
0.07128629577167067,0.1946540563111465,0.016417552790473015,TRUE,S6_apul_plus_one,45
0.056255172300824885,0.2072935148533618,-0.009627986733955747,TRUE,primary,46
0.064419383013407,0.20671003576449987,-0.08338234002475861,TRUE,S1_joint,46
0.05718364621457367,0.20201712831722143,0.033187053285239965,TRUE,S2_annotated,46
0.050801397763804323,0.2054339356620148,-0.04464156725822204,TRUE,S3_cpg20,46
0.056255172300824885,0.2072935148533618,-0.03990197044707052,TRUE,S4_no_covariates,46
0.056255172300824885,0.2072935148533618,-0.01031577884853797,TRUE,S5_expr_strata,46
0.029406741277192838,0.21091786104978585,-0.009893382500490969,TRUE,S6_apul_plus_one,46
0.07610777616938474,0.2134108999306506,0.00916998151860232,TRUE,primary,47
0.09356004464378248,0.20032200445970988,-0.05594391703620801,TRUE,S1_joint,47
0.07088898428503682,0.21237110632309256,0.047806812350109855,TRUE,S2_annotated,47
0.07668988649479136,0.20840503487685508,0.018844671779302838,TRUE,S3_cpg20,47
0.07610777616938474,0.2134108999306506,-0.030456898109980406,TRUE,S4_no_covariates,47
0.07610777616938474,0.2134108999306506,0.007415633275559351,TRUE,S5_expr_strata,47
0.06117488574750268,0.21287332937238582,0.017274987087824975,TRUE,S6_apul_plus_one,47
0.10956102019578129,0.21001195855586755,-0.012090818026118775,TRUE,primary,48
0.12491670258130899,0.21076681911408013,-0.09004521996914541,TRUE,S1_joint,48
0.10386055450119086,0.20144505835819193,0.0106671588253155,TRUE,S2_annotated,48
0.12277965142161551,0.20488947943561267,-0.03280515664585811,TRUE,S3_cpg20,48
0.10956102019578129,0.21001195855586755,-0.04376585488662696,TRUE,S4_no_covariates,48
0.10956102019578129,0.21001195855586755,-0.015958095006247883,TRUE,S5_expr_strata,48
0.08645028455925258,0.21226763518739655,-0.017428574485642397,TRUE,S6_apul_plus_one,48
0.11571415668385054,0.20529695120708308,0.011492086509313196,TRUE,primary,49
0.12444676931833748,0.1945443571771469,-0.03790783282908214,TRUE,S1_joint,49
0.11693844449719099,0.1997593113437098,0.05248091927148751,TRUE,S2_annotated,49
0.12496407367208856,0.20295767891291913,-0.009319971619606121,TRUE,S3_cpg20,49
0.11571415668385054,0.20529695120708308,-0.019879943917756968,TRUE,S4_no_covariates,49
0.11571415668385054,0.20529695120708308,0.0074508509758782916,TRUE,S5_expr_strata,49
0.10722554485612074,0.19760535667274653,0.016964795612670128,TRUE,S6_apul_plus_one,49
0.05757696665768075,0.20857102846342024,-0.02360556866443486,TRUE,primary,50
0.04721894278429961,0.2143061856228064,-0.061228508398021825,TRUE,S1_joint,50
0.056199083874063804,0.1985942842668044,0.00835413954768207,TRUE,S2_annotated,50
0.04194690471722329,0.20530422911664337,-0.03867729080113213,TRUE,S3_cpg20,50
0.05757696665768075,0.20857102846342024,-0.043518637664614876,TRUE,S4_no_covariates,50
0.05757696665768075,0.20857102846342024,-0.02215141131082472,TRUE,S5_expr_strata,50
0.028521897056529688,0.21090264682375484,-0.021633513733696444,TRUE,S6_apul_plus_one,50
0.1661385847480486,0.21591899493570843,0.013426713049298784,TRUE,primary,51
0.14463920413993936,0.22371312728656437,-0.053255743029048945,TRUE,S1_joint,51
0.15576403673321065,0.21126109510081204,0.036591014772947066,TRUE,S2_annotated,51
0.16384260361010689,0.21307133458850272,-0.008467906422403084,TRUE,S3_cpg20,51
0.1661385847480486,0.21591899493570843,-0.01173805987759201,TRUE,S4_no_covariates,51
0.1661385847480486,0.21591899493570843,0.009965641642371454,TRUE,S5_expr_strata,51
0.13952769517000557,0.22507110276452938,-0.002691178396253641,TRUE,S6_apul_plus_one,51
0.12092968198515125,0.2017928226325005,-0.013269796454145798,TRUE,primary,52
0.1292556770048774,0.1983053555459384,-0.10030010974610472,TRUE,S1_joint,52
0.11970803628328819,0.19552980530414713,0.028291506445044103,TRUE,S2_annotated,52
0.12127451420558233,0.19404257576445763,-0.0532854785044918,TRUE,S3_cpg20,52
0.12092968198515125,0.2017928226325005,-0.03989877230033857,TRUE,S4_no_covariates,52
0.12092968198515125,0.2017928226325005,-0.014290946391785946,TRUE,S5_expr_strata,52
0.10860092646123587,0.1977798619555535,-9.281740531852406e-4,TRUE,S6_apul_plus_one,52
0.06826287408771281,0.21604807534380704,4.997634178677637e-5,TRUE,primary,53
0.0662424828406104,0.22655685152138477,-0.025877820279568718,TRUE,S1_joint,53
0.0670231358515826,0.20647020455133658,0.03206350464718358,TRUE,S2_annotated,53
0.0748344567415053,0.2102980081586547,-0.03314283770920932,TRUE,S3_cpg20,53
0.06826287408771281,0.21604807534380704,-0.022524516799161603,TRUE,S4_no_covariates,53
0.06826287408771281,0.21604807534380704,2.809795830027149e-4,TRUE,S5_expr_strata,53
0.039963680257558976,0.225442842130066,0.01954027863208353,TRUE,S6_apul_plus_one,53
0.08553460257213591,0.21635893523401123,0.016703875065746922,TRUE,primary,54
0.0799744057408393,0.21900228438920774,-0.015967755750259847,TRUE,S1_joint,54
0.08313721475714259,0.21062086880697772,0.057808750054519895,TRUE,S2_annotated,54
0.0938087261613414,0.20950570690215423,-0.004451700733069876,TRUE,S3_cpg20,54
0.08553460257213591,0.21635893523401123,-0.010810599498574082,TRUE,S4_no_covariates,54
0.08553460257213591,0.21635893523401123,0.012311273479293498,TRUE,S5_expr_strata,54
0.06846075419660846,0.21798587189670438,0.0235186706831536,TRUE,S6_apul_plus_one,54
0.04507872835544974,0.2106699620662052,-0.014503930357258955,TRUE,primary,55
0.052947051785967036,0.2048925538215613,-0.056450681708786275,TRUE,S1_joint,55
0.048257409719828004,0.1951398898363537,0.010800582762571823,TRUE,S2_annotated,55
0.0474873059630897,0.20853398160738776,-0.04315679553459182,TRUE,S3_cpg20,55
0.04507872835544974,0.2106699620662052,-0.0432618560260167,TRUE,S4_no_covariates,55
0.04507872835544974,0.2106699620662052,-0.01281691459405086,TRUE,S5_expr_strata,55
0.02910764535114807,0.20802559480104937,0.0110546244309395,TRUE,S6_apul_plus_one,55
0.15565012022626828,0.2031501076101281,-0.010422116271389822,TRUE,primary,56
0.15634322471831097,0.1966069757649993,-0.08025987407753764,TRUE,S1_joint,56
0.1524276550079407,0.20228369404108024,0.028671984389665933,TRUE,S2_annotated,56
0.1435884572903316,0.19981372645358333,-0.04202903508127834,TRUE,S3_cpg20,56
0.15565012022626828,0.2031501076101281,-0.03349364663670086,TRUE,S4_no_covariates,56
0.15565012022626828,0.2031501076101281,-0.009667496823561394,TRUE,S5_expr_strata,56
0.14501644659183155,0.19892758655293097,-6.530203839908063e-4,TRUE,S6_apul_plus_one,56
0.09034228178658016,0.24678017247664927,-0.0066715818599387385,TRUE,primary,57
0.08133109363315061,0.24616390385859485,-0.08316556510649599,TRUE,S1_joint,57
0.09194173500826669,0.23630025523607118,0.022273073498138417,TRUE,S2_annotated,57
0.1048227648574872,0.24038676636815023,-0.04477947404473219,TRUE,S3_cpg20,57
0.09034228178658016,0.24678017247664927,-0.03721615864870746,TRUE,S4_no_covariates,57
0.09034228178658016,0.24678017247664927,-0.009869941600758771,TRUE,S5_expr_strata,57
0.06510359436183949,0.24968727749802969,-0.014883631611837487,TRUE,S6_apul_plus_one,57
0.08111542762639912,0.1904266198980931,-7.391044420677928e-4,TRUE,primary,58
0.09202290315689543,0.1856759285657098,-0.04100068457437312,TRUE,S1_joint,58
0.08200194847394132,0.18412469942028925,0.024445564277536833,TRUE,S2_annotated,58
0.0855109316334568,0.1895717791099981,-0.010884194113361167,TRUE,S3_cpg20,58
0.08111542762639912,0.1904266198980931,-0.023869292915329958,TRUE,S4_no_covariates,58
0.08111542762639912,0.1904266198980931,9.828270913858162e-6,TRUE,S5_expr_strata,58
0.05943595915931443,0.18943833584937186,-0.0038611879829323938,TRUE,S6_apul_plus_one,58
0.09851528622779243,0.20929168392545333,-0.007276170529585269,TRUE,primary,59
0.09703198069182811,0.20556617352860304,-0.05985906408406979,TRUE,S1_joint,59
0.08818296906731404,0.2065314984082248,0.04228080804179948,TRUE,S2_annotated,59
0.09484110898701087,0.20018108049321273,-0.012774457194956575,TRUE,S3_cpg20,59
0.09851528622779243,0.20929168392545333,-0.0341260422384699,TRUE,S4_no_covariates,59
0.09851528622779243,0.20929168392545333,-0.010140666062426763,TRUE,S5_expr_strata,59
0.0759939490988587,0.20583222407148793,2.0916563095077923e-4,TRUE,S6_apul_plus_one,59
0.05782135275059824,0.20755164302688825,4.107856257599607e-4,TRUE,primary,60
0.05785690681904765,0.20488599110163638,-0.046431489834886215,TRUE,S1_joint,60
0.05790611624743397,0.2044646261331448,0.04032978528859643,TRUE,S2_annotated,60
0.05693167682554462,0.2011639828292712,-0.020731398212195305,TRUE,S3_cpg20,60
0.05782135275059824,0.20755164302688825,-0.03065059661633098,TRUE,S4_no_covariates,60
0.05782135275059824,0.20755164302688825,-0.0027560553673726135,TRUE,S5_expr_strata,60
0.03982230121188629,0.20764648346781855,0.002368156760726439,TRUE,S6_apul_plus_one,60
0.0937138088656696,0.19799556250493178,-0.01647430903911193,TRUE,primary,61
0.09959280886968869,0.19277433952259732,-0.0946428363917563,TRUE,S1_joint,61
0.09045169155946764,0.19428854516490857,0.02648457921394835,TRUE,S2_annotated,61
0.09323243612227061,0.19661207136237227,-0.034904745674200634,TRUE,S3_cpg20,61
0.0937138088656696,0.19799556250493178,-0.04388738949500455,TRUE,S4_no_covariates,61
0.0937138088656696,0.19799556250493178,-0.016238073637609433,TRUE,S5_expr_strata,61
0.07567512615269772,0.19490534042628233,-0.01469253580771665,TRUE,S6_apul_plus_one,61
0.0999896054292802,0.19599392754819342,-0.008349284490749249,TRUE,primary,62
0.09962497116471647,0.20144491324582162,-0.04165312938152724,TRUE,S1_joint,62
0.09853307479241796,0.18690592556559923,0.013394441307210679,TRUE,S2_annotated,62
0.09523409739886968,0.19227886647919493,-0.03454061185426305,TRUE,S3_cpg20,62
0.0999896054292802,0.19599392754819342,-0.03212873835979079,TRUE,S4_no_covariates,62
0.0999896054292802,0.19599392754819342,-0.006457869304083892,TRUE,S5_expr_strata,62
0.0871292239478062,0.19832900285303576,-0.0033844535055981883,TRUE,S6_apul_plus_one,62
0.1537344245176986,0.2115982673900183,0.005599739856453487,TRUE,primary,63
0.1491695762197014,0.2085395057812343,-0.06922999617958686,TRUE,S1_joint,63
0.15484813505501588,0.20894688529234795,0.04286452816885271,TRUE,S2_annotated,63
0.1638827900166609,0.2005959526447948,-0.05699763124864355,TRUE,S3_cpg20,63
0.1537344245176986,0.2115982673900183,-0.029831114812196077,TRUE,S4_no_covariates,63
0.1537344245176986,0.2115982673900183,0.004103962425911683,TRUE,S5_expr_strata,63
0.14263938101889734,0.2091345854637694,0.00175387655923825,TRUE,S6_apul_plus_one,63
0.08469143849413485,0.20513766036472064,-0.0098193411646054,TRUE,primary,64
0.1023579975291139,0.2083302005681589,-0.05680221506951556,TRUE,S1_joint,64
0.08945641406472143,0.19218817734968452,0.02214423464835753,TRUE,S2_annotated,64
0.08503252645249487,0.2026815472659424,-0.03347508071631576,TRUE,S3_cpg20,64
0.08469143849413485,0.20513766036472064,-0.029018057348734395,TRUE,S4_no_covariates,64
0.08469143849413485,0.20513766036472064,-0.008234050980392734,TRUE,S5_expr_strata,64
0.07228547897409526,0.2048264533023023,-0.010793707659242402,TRUE,S6_apul_plus_one,64
0.1236037743759335,0.21341755041527183,0.00326437612508004,TRUE,primary,65
0.13908454730547215,0.21510048044267618,-0.05747434294887484,TRUE,S1_joint,65
0.12247760721534079,0.2058388019751118,0.03403844186298612,TRUE,S2_annotated,65
0.12615725421675472,0.2030903971817004,-0.03160904956981761,TRUE,S3_cpg20,65
0.1236037743759335,0.21341755041527183,-0.02869060564475003,TRUE,S4_no_covariates,65
0.1236037743759335,0.21341755041527183,-2.500351540950053e-6,TRUE,S5_expr_strata,65
0.11419721267386479,0.2131194120034076,0.009412713578858447,TRUE,S6_apul_plus_one,65
0.10009362236671082,0.20742403858783018,-0.013733069916674034,TRUE,primary,66
0.10405876708580242,0.20193270759936585,-0.11150597186780496,TRUE,S1_joint,66
0.10369188629124093,0.20309601216032985,0.017258529803770874,TRUE,S2_annotated,66
0.0971426729942041,0.20133225684353903,-0.07259961999761659,TRUE,S3_cpg20,66
0.10009362236671082,0.20742403858783018,-0.04479501177642504,TRUE,S4_no_covariates,66
0.10009362236671082,0.20742403858783018,-0.014244971431367104,TRUE,S5_expr_strata,66
0.08874452695869967,0.20409115151810872,-0.02586731697564973,TRUE,S6_apul_plus_one,66
0.03199243920876277,0.21228867720508968,-0.010044466427765427,TRUE,primary,67
0.04380510076413985,0.21362528611957,-0.06389475858526905,TRUE,S1_joint,67
0.03359409359485904,0.19710834403886768,0.02327718812033879,TRUE,S2_annotated,67
0.032217008442008865,0.2127467990564173,-0.021044259302237127,TRUE,S3_cpg20,67
0.03199243920876277,0.21228867720508968,-0.037023768125676114,TRUE,S4_no_covariates,67
0.03199243920876277,0.21228867720508968,-0.0105865482524243,TRUE,S5_expr_strata,67
0.01607326310677404,0.2105127697952379,-0.021775248698730387,TRUE,S6_apul_plus_one,67
0.03435494123650912,0.20771222802484712,-3.92580199543531e-4,TRUE,primary,68
0.04711882525557576,0.21204055742036426,-0.05108489337613183,TRUE,S1_joint,68
0.031103154275511635,0.20178630032565745,0.03079363283789632,TRUE,S2_annotated,68
0.04019456109604419,0.20143598241219401,-0.002077493482891068,TRUE,S3_cpg20,68
0.03435494123650912,0.20771222802484712,-0.02976430241375666,TRUE,S4_no_covariates,68
0.03435494123650912,0.20771222802484712,-0.0036370293963565994,TRUE,S5_expr_strata,68
0.014673416795719707,0.20678580156434445,0.02259279173684329,TRUE,S6_apul_plus_one,68
0.049661373883203186,0.2355203270665529,-0.0010113540919932857,TRUE,primary,69
0.023870054244862715,0.24531951979967917,-0.011440098656230224,TRUE,S1_joint,69
0.052671289721379244,0.22862987718522806,0.019382659732821907,TRUE,S2_annotated,69
0.05074256133555133,0.23224134528610793,-0.014232441661592207,TRUE,S3_cpg20,69
0.049661373883203186,0.2355203270665529,-0.031107201596982586,TRUE,S4_no_covariates,69
0.049661373883203186,0.2355203270665529,-0.0020830888119967497,TRUE,S5_expr_strata,69
0.01974603908889616,0.24673420336323448,-0.029817281564438712,TRUE,S6_apul_plus_one,69
0.06714021223786204,0.19298996245049904,-0.014505900597928476,TRUE,primary,70
0.0698476586801634,0.19081752659084722,-0.07447483423748603,TRUE,S1_joint,70
0.06826273142810313,0.18343399465402016,0.025897524015492702,TRUE,S2_annotated,70
0.0752882299540833,0.1880143452844007,-0.02830554200822598,TRUE,S3_cpg20,70
0.06714021223786204,0.19298996245049904,-0.0411454334952969,TRUE,S4_no_covariates,70
0.06714021223786204,0.19298996245049904,-0.015163315833226143,TRUE,S5_expr_strata,70
0.0520596569804781,0.1909219954397346,-0.02476944751453135,TRUE,S6_apul_plus_one,70
0.09472856862759582,0.20618591868085112,0.01846490365964649,TRUE,primary,71
0.10519196274134585,0.2063332652026767,-0.00737406572741828,TRUE,S1_joint,71
0.0920464901398883,0.1998059687154074,0.03734291377301903,TRUE,S2_annotated,71
0.11160317490879729,0.20401442593046007,0.009408664921436426,TRUE,S3_cpg20,71
0.09472856862759582,0.20618591868085112,-0.01775026882875295,TRUE,S4_no_covariates,71
0.09472856862759582,0.20618591868085112,0.014147375522699724,TRUE,S5_expr_strata,71
0.0808753703484032,0.2098712389712255,0.030474071793488103,TRUE,S6_apul_plus_one,71
0.10231234449294885,0.21228299041070958,-0.006124801515627882,TRUE,primary,72
0.10155680512759269,0.20693924451101198,-0.0749312031428094,TRUE,S1_joint,72
0.09736311201196762,0.20408355303257603,0.03325050787325641,TRUE,S2_annotated,72
0.10228734716845828,0.20118323005581898,-0.025917883777870535,TRUE,S3_cpg20,72
0.10231234449294885,0.21228299041070958,-0.03335738917861341,TRUE,S4_no_covariates,72
0.10231234449294885,0.21228299041070958,-0.006254326462761621,TRUE,S5_expr_strata,72
0.08234228027834906,0.20533942251749168,-0.011638184550159863,TRUE,S6_apul_plus_one,72
0.13381555413707485,0.22301839780282176,-0.006869351291766055,TRUE,primary,73
0.14391875331605752,0.2248670851557616,-0.1169023557548147,TRUE,S1_joint,73
0.1274227559765187,0.21561420407963436,0.03205609351737593,TRUE,S2_annotated,73
0.14194314483898074,0.21131527980243375,-0.0767120933619638,TRUE,S3_cpg20,73
0.13381555413707485,0.22301839780282176,-0.032559823957252064,TRUE,S4_no_covariates,73
0.13381555413707485,0.22301839780282176,-0.009918392012578551,TRUE,S5_expr_strata,73
0.10861825886689719,0.22557125382454343,-0.01783123194003272,TRUE,S6_apul_plus_one,73
0.13664517713818364,0.19972359154197422,0.006503369232881061,TRUE,primary,74
0.12820073921271818,0.19997869572008495,-0.028735768197092452,TRUE,S1_joint,74
0.13431538167275237,0.1954926095250158,0.034116849809903114,TRUE,S2_annotated,74
0.13960397134032843,0.19580453169429343,-0.017059581500610578,TRUE,S3_cpg20,74
0.13664517713818364,0.19972359154197422,-0.018571635291875884,TRUE,S4_no_covariates,74
0.13664517713818364,0.19972359154197422,0.004821240560994976,TRUE,S5_expr_strata,74
0.11979247889611522,0.2017105897884823,0.0011623114614425067,TRUE,S6_apul_plus_one,74
0.06716735488166792,0.2104574648091299,-0.012852130732535976,TRUE,primary,75
0.0587555062291647,0.2157425348129587,-0.06338684734194756,TRUE,S1_joint,75
0.061631147542104026,0.20184977160960021,0.024780882495595367,TRUE,S2_annotated,75
0.06421931457946367,0.20780377366854733,-0.025091252539972,TRUE,S3_cpg20,75
0.06716735488166792,0.2104574648091299,-0.04073211011856099,TRUE,S4_no_covariates,75
0.06716735488166792,0.2104574648091299,-0.0138289080813464,TRUE,S5_expr_strata,75
0.042507596474837206,0.21831890359473557,0.007926602895204995,TRUE,S6_apul_plus_one,75
0.07205579231802672,0.22580524770613103,0.0024835832236274865,TRUE,primary,76
0.0714548582903472,0.22685899609580057,-0.08030430252407843,TRUE,S1_joint,76
0.06889466389379034,0.21392369338015157,0.044802729832031644,TRUE,S2_annotated,76
0.06427307155504336,0.21640452632648713,-0.016536167730460398,TRUE,S3_cpg20,76
0.07205579231802672,0.22580524770613103,-0.02200072585827416,TRUE,S4_no_covariates,76
0.07205579231802672,0.22580524770613103,0.002966797164712345,TRUE,S5_expr_strata,76
0.054738130898930315,0.22514571800790062,0.010113142090050514,TRUE,S6_apul_plus_one,76
0.07006446257805304,0.19260336775956527,-0.007972230991329555,TRUE,primary,77
0.08165180024165464,0.18943285127105666,-0.05132002874863186,TRUE,S1_joint,77
0.06875675226746591,0.18531003370613053,0.021648893698684432,TRUE,S2_annotated,77
0.07396620326152531,0.18816979930997035,-0.015647642066745678,TRUE,S3_cpg20,77
0.07006446257805304,0.19260336775956527,-0.031330284706295015,TRUE,S4_no_covariates,77
0.07006446257805304,0.19260336775956527,-0.008801165081214226,TRUE,S5_expr_strata,77
0.05399958160323315,0.19697080390193195,-0.010275407501492601,TRUE,S6_apul_plus_one,77
0.08771069297349177,0.18988913773942945,-0.00905432992437319,TRUE,primary,78
0.0980231633066383,0.19342564739425627,-0.0678178174724234,TRUE,S1_joint,78
0.08329555001856837,0.18589197930201157,0.03189725396851019,TRUE,S2_annotated,78
0.09145491328582528,0.18744045683086244,-0.02884531464753885,TRUE,S3_cpg20,78
0.08771069297349177,0.18988913773942945,-0.04222798134171893,TRUE,S4_no_covariates,78
0.08771069297349177,0.18988913773942945,-0.009800768874601998,TRUE,S5_expr_strata,78
0.07726153980632483,0.1882695267179776,-0.01880277717869709,TRUE,S6_apul_plus_one,78
0.07259194109735306,0.1976333920038594,-0.01101136907998806,TRUE,primary,79
0.06880331373663773,0.19791137945347656,-0.07471904392153185,TRUE,S1_joint,79
0.08131013290912609,0.18899878159644565,0.020823484599645288,TRUE,S2_annotated,79
0.07987805326786701,0.19067756908737207,-0.050800407580884104,TRUE,S3_cpg20,79
0.07259194109735306,0.1976333920038594,-0.04306626657911114,TRUE,S4_no_covariates,79
0.07259194109735306,0.1976333920038594,-0.008930218337870728,TRUE,S5_expr_strata,79
0.05424484992300149,0.202399118026243,-0.028633702298150158,TRUE,S6_apul_plus_one,79
0.07684250929842446,0.19627656715267475,-0.004686258615859865,TRUE,primary,80
0.09095991254429059,0.1900887881009281,-0.031570938663920654,TRUE,S1_joint,80
0.07543264503913338,0.18891395838992306,0.02744534154085026,TRUE,S2_annotated,80
0.09346338148309968,0.1911441437232316,-0.0031198250569611876,TRUE,S3_cpg20,80
0.07684250929842446,0.19627656715267475,-0.02902154034814717,TRUE,S4_no_covariates,80
0.07684250929842446,0.19627656715267475,-0.007130716858277686,TRUE,S5_expr_strata,80
0.06484218100654043,0.197610806088197,-0.008384136897320607,TRUE,S6_apul_plus_one,80
0.1082919405233086,0.20411353232923732,6.601689134905986e-4,TRUE,primary,81
0.10916852090284362,0.199372085704277,-0.070752809221027,TRUE,S1_joint,81
0.11035336560669501,0.19961184632981813,0.036838409982462364,TRUE,S2_annotated,81
0.1119333207684366,0.19567888755824847,-0.04005728931710631,TRUE,S3_cpg20,81
0.1082919405233086,0.20411353232923732,-0.03568526610470484,TRUE,S4_no_covariates,81
0.1082919405233086,0.20411353232923732,-0.0012216138132587152,TRUE,S5_expr_strata,81
0.09298598459976581,0.2027913950895812,0.0015848189096958982,TRUE,S6_apul_plus_one,81
0.10455564560646174,0.2089310502895373,-0.008443581525759834,TRUE,primary,82
0.12003099096458858,0.19767566937132958,-0.09601834880675646,TRUE,S1_joint,82
0.10499248513840642,0.2020636070310241,0.02579026013369928,TRUE,S2_annotated,82
0.1088461852136694,0.19826659113705689,-0.04566662947711156,TRUE,S3_cpg20,82
0.10455564560646174,0.2089310502895373,-0.030591582334406016,TRUE,S4_no_covariates,82
0.10455564560646174,0.2089310502895373,-0.008474093326470563,TRUE,S5_expr_strata,82
0.0920593529692818,0.20517231772488956,-0.008755980056982558,TRUE,S6_apul_plus_one,82
0.06788931872926224,0.1995840880783488,-0.007197268350465747,TRUE,primary,83
0.08111057498020996,0.20191035352006748,-0.05599270556094183,TRUE,S1_joint,83
0.05932989007771794,0.19556368450163353,0.029738834953011047,TRUE,S2_annotated,83
0.06547564297633285,0.19669698094506757,-0.02511509810394438,TRUE,S3_cpg20,83
0.06788931872926224,0.1995840880783488,-0.03383283127434593,TRUE,S4_no_covariates,83
0.06788931872926224,0.1995840880783488,-0.009832111649483239,TRUE,S5_expr_strata,83
0.04638563328838391,0.20309550550213237,-0.012473550214226773,TRUE,S6_apul_plus_one,83
0.10088964293158742,0.2017964885442628,0.012692365319843264,TRUE,primary,84
0.10118993806192661,0.1972429516653389,-8.290380456065053e-4,TRUE,S1_joint,84
0.10077282326767473,0.1999469578187042,0.046990368519792484,TRUE,S2_annotated,84
0.10363814040505481,0.19802051133310858,-0.00227894630220151,TRUE,S3_cpg20,84
0.10088964293158742,0.2017964885442628,-0.012913270936721507,TRUE,S4_no_covariates,84
0.10088964293158742,0.2017964885442628,0.010784204624459184,TRUE,S5_expr_strata,84
0.08587840561475946,0.20334721012935647,0.026906826318586895,TRUE,S6_apul_plus_one,84
0.09054518174252468,0.18789974420952216,-0.017120379956077875,TRUE,primary,85
0.10946147438386344,0.18861390221388216,-0.058642435646959465,TRUE,S1_joint,85
0.09398894186112927,0.17971102397091152,0.005342023916519239,TRUE,S2_annotated,85
0.0884889527400809,0.1851650473620172,-0.0519971940642389,TRUE,S3_cpg20,85
0.09054518174252468,0.18789974420952216,-0.03967490025127918,TRUE,S4_no_covariates,85
0.09054518174252468,0.18789974420952216,-0.01659185992779619,TRUE,S5_expr_strata,85
0.08460348792876232,0.18621751289090982,-0.022132540438241713,TRUE,S6_apul_plus_one,85
0.13610432336201161,0.20661446144699067,0.021094764147435295,TRUE,primary,86
0.13135635354955294,0.20880456545001155,-0.02710237018018689,TRUE,S1_joint,86
0.1349936386561678,0.20247835141914294,0.05659771744885478,TRUE,S2_annotated,86
0.13568116808418257,0.19650439845408343,-0.02070992097215141,TRUE,S3_cpg20,86
0.13610432336201161,0.20661446144699067,-0.009096772063715987,TRUE,S4_no_covariates,86
0.13610432336201161,0.20661446144699067,0.017139747399274353,TRUE,S5_expr_strata,86
0.12415714310601439,0.20502662463419954,0.027654753920964687,TRUE,S6_apul_plus_one,86
0.11736016755081707,0.1996294926842042,-0.015316316171563876,TRUE,primary,87
0.11443893669419175,0.19618564552692605,-0.07934251240795548,TRUE,S1_joint,87
0.1267326082082249,0.19154185891249378,0.01479806594300128,TRUE,S2_annotated,87
0.11456497804980387,0.195195813452706,-0.05963879199525597,TRUE,S3_cpg20,87
0.11736016755081707,0.1996294926842042,-0.03890228493583124,TRUE,S4_no_covariates,87
0.11736016755081707,0.1996294926842042,-0.013473725274671982,TRUE,S5_expr_strata,87
0.10461296537922926,0.19750295074011745,-0.029273813900658096,TRUE,S6_apul_plus_one,87
0.09293354451161118,0.22321316136891353,0.005740152020470644,TRUE,primary,88
0.09625832283496849,0.2226203398482681,-0.058637638439028056,TRUE,S1_joint,88
0.08647165819854147,0.21878786742181136,0.05651362375365522,TRUE,S2_annotated,88
0.08672592824584258,0.21553480074113895,-0.020690335363122654,TRUE,S3_cpg20,88
0.09293354451161118,0.22321316136891353,-0.02195752123335852,TRUE,S4_no_covariates,88
0.09293354451161118,0.22321316136891353,0.0029640794251774858,TRUE,S5_expr_strata,88
0.07903477337730497,0.2228202869239011,0.009657152134949954,TRUE,S6_apul_plus_one,88
0.11266372678987546,0.19782391141592792,-0.007309142856624755,TRUE,primary,89
0.12268948827508203,0.18813174936062232,-0.05044793956725872,TRUE,S1_joint,89
0.10993507493170585,0.19315818252606465,0.018264001303213994,TRUE,S2_annotated,89
0.11291867312450432,0.19536157322178166,-0.01929798343887594,TRUE,S3_cpg20,89
0.11266372678987546,0.19782391141592792,-0.03051441438997854,TRUE,S4_no_covariates,89
0.11266372678987546,0.19782391141592792,-0.008224695039121753,TRUE,S5_expr_strata,89
0.0986678071268084,0.19526430530881958,-0.015359164184606621,TRUE,S6_apul_plus_one,89
0.06902559381594486,0.18850447300826723,-0.0014093990627068913,TRUE,primary,90
0.0755767149227381,0.18453380520556908,-0.020031495355260654,TRUE,S1_joint,90
0.06853368199151594,0.18281520023842,0.02562036049955299,TRUE,S2_annotated,90
0.07777308898619634,0.18587608252311694,-0.01519914908626539,TRUE,S3_cpg20,90
0.06902559381594486,0.18850447300826723,-0.025373325503046194,TRUE,S4_no_covariates,90
0.06902559381594486,0.18850447300826723,-0.0023850423880055864,TRUE,S5_expr_strata,90
0.05476280666870015,0.18886618603246771,0.004254271157840001,TRUE,S6_apul_plus_one,90
0.07998789314342564,0.23475631131436536,-0.01703983481987098,TRUE,primary,91
0.09456662515088549,0.22767302048978638,-0.09766291801997402,TRUE,S1_joint,91
0.0795659007085725,0.21781413396269333,0.022851089204828336,TRUE,S2_annotated,91
0.08479790354222438,0.22538245193124679,-0.04373222431942452,TRUE,S3_cpg20,91
0.07998789314342564,0.23475631131436536,-0.049240299185928295,TRUE,S4_no_covariates,91
0.07998789314342564,0.23475631131436536,-0.018890124654008245,TRUE,S5_expr_strata,91
0.06467240858478257,0.23329146669732206,-0.008744039912536887,TRUE,S6_apul_plus_one,91
0.08339240537781972,0.23282118360599702,0.010809599886411194,TRUE,primary,92
0.10368381900792539,0.23049493866099016,-0.10325759138363544,TRUE,S1_joint,92
0.08279816604378382,0.2302798223076455,0.0628274492687391,TRUE,S2_annotated,92
0.09003170925152221,0.22709970245221936,-0.02403430062336118,TRUE,S3_cpg20,92
0.08339240537781972,0.23282118360599702,-0.027699048608104553,TRUE,S4_no_covariates,92
0.08339240537781972,0.23282118360599702,0.0076558327719796595,TRUE,S5_expr_strata,92
0.07402626152288483,0.23067973064602465,0.01610598706873962,TRUE,S6_apul_plus_one,92
0.07437590120041015,0.19309929194778475,-0.012206750473809822,TRUE,primary,93
0.0776712599582085,0.189257930330786,-0.04339744433632119,TRUE,S1_joint,93
0.07049634799897192,0.1903286515659468,0.009288608296450685,TRUE,S2_annotated,93
0.06532530967558003,0.19860942207574048,-0.022732402765118398,TRUE,S3_cpg20,93
0.07437590120041015,0.19309929194778475,-0.03671942695175472,TRUE,S4_no_covariates,93
0.07437590120041015,0.19309929194778475,-0.00982040619142399,TRUE,S5_expr_strata,93
0.06870521187313516,0.19196733368425242,0.0019950650378129917,TRUE,S6_apul_plus_one,93
0.07801100290275015,0.18497707761557813,-0.00982650579747798,TRUE,primary,94
0.09040778568833202,0.18149949830747625,-0.0671835342169338,TRUE,S1_joint,94
0.08584367287295125,0.1770474868717347,0.014633001205285791,TRUE,S2_annotated,94
0.07479326621836624,0.18434413346231923,-0.058118137154603323,TRUE,S3_cpg20,94
0.07801100290275015,0.18497707761557813,-0.03614880781092264,TRUE,S4_no_covariates,94
0.07801100290275015,0.18497707761557813,-0.009643045535920228,TRUE,S5_expr_strata,94
0.0684939985575777,0.1848046575655427,-0.025066399863692634,TRUE,S6_apul_plus_one,94
0.07497901312823663,0.18653190815608095,2.3747141689301921e-4,TRUE,primary,95
0.08874436380815004,0.182958282100906,-0.037539533074358714,TRUE,S1_joint,95
0.07187401375105801,0.1809474296698029,0.03471214715948615,TRUE,S2_annotated,95
0.07644284957020742,0.18178778356414566,-0.004629350233131957,TRUE,S3_cpg20,95
0.07497901312823663,0.18653190815608095,-0.026466864341911533,TRUE,S4_no_covariates,95
0.07497901312823663,0.18653190815608095,-0.0018322978899060903,TRUE,S5_expr_strata,95
0.06199164609825153,0.1866519474234653,0.00985407828784017,TRUE,S6_apul_plus_one,95
0.10837463459963831,0.2083222567622103,-5.926786052279204e-4,TRUE,primary,96
0.10523368883161249,0.20465079767513064,-0.09176168855640719,TRUE,S1_joint,96
0.10384858662594831,0.20409303652622623,0.03790745643555357,TRUE,S2_annotated,96
0.10409844663986323,0.19925151292979115,-0.019267574931907387,TRUE,S3_cpg20,96
0.10837463459963831,0.2083222567622103,-0.031426130807824644,TRUE,S4_no_covariates,96
0.10837463459963831,0.2083222567622103,-0.0039974971732433,TRUE,S5_expr_strata,96
0.09315324176083578,0.20681604073797916,-0.004986553926307237,TRUE,S6_apul_plus_one,96
0.06503740166130267,0.19349257852947363,0.0033071405444905035,TRUE,primary,97
0.061959951617912457,0.19260396889531814,-0.03861924979137599,TRUE,S1_joint,97
0.06702149487314829,0.18760971606148366,0.027364892137421652,TRUE,S2_annotated,97
0.06793496239743185,0.18905171305560695,-0.01724017813802202,TRUE,S3_cpg20,97
0.06503740166130267,0.19349257852947363,-0.01848982583765629,TRUE,S4_no_covariates,97
0.06503740166130267,0.19349257852947363,0.003095316362924408,TRUE,S5_expr_strata,97
0.04700516547677769,0.2002264724963575,0.011371950755355943,TRUE,S6_apul_plus_one,97
0.07123868049034293,0.2103436566217654,-0.02613975578932857,TRUE,primary,98
0.07882802672360967,0.20609664023330454,-0.08457982690817797,TRUE,S1_joint,98
0.07100258689861894,0.197421326972027,0.003250587953339534,TRUE,S2_annotated,98
0.0665424184442322,0.21062821708218998,-0.024203918089724448,TRUE,S3_cpg20,98
0.07123868049034293,0.2103436566217654,-0.04887559569153121,TRUE,S4_no_covariates,98
0.07123868049034293,0.2103436566217654,-0.023783728013534337,TRUE,S5_expr_strata,98
0.05989832256156896,0.20351949486943116,-0.024576457528214763,TRUE,S6_apul_plus_one,98
0.06756842524625462,0.23333057909855098,-0.01456009965035388,TRUE,primary,99
0.0655136584633158,0.2359313248889357,-0.05504308636055655,TRUE,S1_joint,99
0.06970607501164416,0.22454233352154526,0.01827791816535672,TRUE,S2_annotated,99
0.07106118678687307,0.22546302786424846,-0.06606302960750891,TRUE,S3_cpg20,99
0.06756842524625462,0.23333057909855098,-0.038670160867141486,TRUE,S4_no_covariates,99
0.06756842524625462,0.23333057909855098,-0.01198057349958608,TRUE,S5_expr_strata,99
0.04314116139410329,0.23759971048059592,-0.03474682742992931,TRUE,S6_apul_plus_one,99
0.08095908544894148,0.20815076047346184,-0.010638054494160082,TRUE,primary,100
0.09345845618654453,0.2072634147218544,-0.08470974703937012,TRUE,S1_joint,100
0.08493263534967521,0.19952796728416125,0.0261271937322301,TRUE,S2_annotated,100
0.08096400475566612,0.20115881288666532,-0.03655767494616294,TRUE,S3_cpg20,100
0.08095908544894148,0.20815076047346184,-0.0411968160596995,TRUE,S4_no_covariates,100
0.08095908544894148,0.20815076047346184,-0.010448736670664148,TRUE,S5_expr_strata,100
0.06286017569737257,0.20541989543865344,-8.702449552560866e-4,TRUE,S6_apul_plus_one,100
0.0684357205179546,0.2019251282690615,-3.6846837508995177e-4,TRUE,primary,101
0.07009068345877667,0.1965971123015227,-0.015901986396576105,TRUE,S1_joint,101
0.06843954399494573,0.19265166927211197,0.023772326008801695,TRUE,S2_annotated,101
0.07289645751990703,0.19583032808875941,-0.004028582343505246,TRUE,S3_cpg20,101
0.0684357205179546,0.2019251282690615,-0.018888906833356398,TRUE,S4_no_covariates,101
0.0684357205179546,0.2019251282690615,2.1772018411279909e-4,TRUE,S5_expr_strata,101
0.05072618731420758,0.20305462648936343,0.021289974147459548,TRUE,S6_apul_plus_one,101
0.08893708863634686,0.2105348310936959,-0.013549941380518328,TRUE,primary,102
0.0858838157679564,0.20689210115186626,-0.06423916405486868,TRUE,S1_joint,102
0.08800940110475708,0.19914936071089745,0.018637763331735873,TRUE,S2_annotated,102
0.08361377957487476,0.20412090240590633,-0.03562121147760193,TRUE,S3_cpg20,102
0.08893708863634686,0.2105348310936959,-0.0353425002513166,TRUE,S4_no_covariates,102
0.08893708863634686,0.2105348310936959,-0.010689752862130666,TRUE,S5_expr_strata,102
0.06184927877223645,0.21098552073154966,-0.026941512840148108,TRUE,S6_apul_plus_one,102
0.10387825929977212,0.18996364147799105,-0.01564322433781456,TRUE,primary,103
0.0890744061820628,0.20412001044830955,-0.07262429818379516,TRUE,S1_joint,103
0.10131921345969697,0.17893451406470995,0.015351810758578785,TRUE,S2_annotated,103
0.10456443452215491,0.19337891289139436,-0.042427376863860215,TRUE,S3_cpg20,103
0.10387825929977212,0.18996364147799105,-0.044281541278328895,TRUE,S4_no_covariates,103
0.10387825929977212,0.18996364147799105,-0.015318309166235559,TRUE,S5_expr_strata,103
0.07638812845607468,0.19514780129437567,-0.037418059800687735,TRUE,S6_apul_plus_one,103
0.052556433115728995,0.20036863060437737,0.0034854373539819315,TRUE,primary,104
0.07977164594334957,0.20152571413359083,-0.04265667084678412,TRUE,S1_joint,104
0.04611624958103694,0.1977940933693949,0.035929563799839755,TRUE,S2_annotated,104
0.05458748703123084,0.19765312576170674,-0.0012922952009090847,TRUE,S3_cpg20,104
0.052556433115728995,0.20036863060437737,-0.02420079126279704,TRUE,S4_no_covariates,104
0.052556433115728995,0.20036863060437737,0.004605370745413855,TRUE,S5_expr_strata,104
0.04347800691473558,0.20187790838186787,0.016433245101772465,TRUE,S6_apul_plus_one,104
0.06771241903275421,0.19759084703426585,0.015830417174281745,TRUE,primary,105
0.06966285795370636,0.19542788248830958,0.0010352776499370701,TRUE,S1_joint,105
0.06977264434629737,0.187616073511055,0.04531346349558066,TRUE,S2_annotated,105
0.08628677944218843,0.1966527664964626,0.010793560931775789,TRUE,S3_cpg20,105
0.06771241903275421,0.19759084703426585,-0.008878001823417808,TRUE,S4_no_covariates,105
0.06771241903275421,0.19759084703426585,0.0113772728641336,TRUE,S5_expr_strata,105
0.04855673697927798,0.19704972817133565,0.027311271784807807,TRUE,S6_apul_plus_one,105
0.11579045755673045,0.21228407321204978,-0.00964936072337311,TRUE,primary,106
0.12916897911117026,0.21307756739737033,-0.10914126112690245,TRUE,S1_joint,106
0.10967909997491593,0.20666868591001702,0.03558303223694776,TRUE,S2_annotated,106
0.11751960123916688,0.19734033801653086,-0.051493701458733644,TRUE,S3_cpg20,106
0.11579045755673045,0.21228407321204978,-0.038523016653412845,TRUE,S4_no_covariates,106
0.11579045755673045,0.21228407321204978,-0.01181206842382287,TRUE,S5_expr_strata,106
0.09678142174363635,0.21375498701996037,-0.03700037906665908,TRUE,S6_apul_plus_one,106
0.13135218499221407,0.19124673159994862,0.006262521147166997,TRUE,primary,107
0.13142671645957293,0.19640054725179734,-0.014810952472090008,TRUE,S1_joint,107
0.12332702404137641,0.18171664339854932,0.01782030496501168,TRUE,S2_annotated,107
0.13890787176875036,0.1879031365232354,-0.03244614661149995,TRUE,S3_cpg20,107
0.13135218499221407,0.19124673159994862,-0.021974733528358405,TRUE,S4_no_covariates,107
0.13135218499221407,0.19124673159994862,0.005729195315738128,TRUE,S5_expr_strata,107
0.11138185565464209,0.1934387238207201,0.01392597108890306,TRUE,S6_apul_plus_one,107
0.10759563620611184,0.20026868764909392,0.005603746081744259,TRUE,primary,108
0.09934511427765341,0.19773244193384593,-0.027669548127522425,TRUE,S1_joint,108
0.10626978131987486,0.19577986245167522,0.03974102258996231,TRUE,S2_annotated,108
0.1063461390860636,0.19922169212971955,-0.007484672247052557,TRUE,S3_cpg20,108
0.10759563620611184,0.20026868764909392,-0.029420446292554674,TRUE,S4_no_covariates,108
0.10759563620611184,0.20026868764909392,0.006711036527267025,TRUE,S5_expr_strata,108
0.09543314798678226,0.19852286298338032,0.009753060350846818,TRUE,S6_apul_plus_one,108
0.09897592502173724,0.2083150067672543,0.007317358681257379,TRUE,primary,109
0.09863417421227338,0.20935578397406088,-0.030090912299278343,TRUE,S1_joint,109
0.09776481940090942,0.2026512517038285,0.04752679015384659,TRUE,S2_annotated,109
0.09982478578716303,0.20443348638219067,-0.015073919272183886,TRUE,S3_cpg20,109
0.09897592502173724,0.2083150067672543,-0.030127215478164947,TRUE,S4_no_covariates,109
0.09897592502173724,0.2083150067672543,0.007638868744231209,TRUE,S5_expr_strata,109
0.08480906875380456,0.20033864786259464,0.021385933602340815,TRUE,S6_apul_plus_one,109
0.10920808921341263,0.2125556922844107,-0.0038854055548665552,TRUE,primary,110
0.11781702616907297,0.20850340005565757,-0.07608901819938388,TRUE,S1_joint,110
0.10811930833140793,0.2096691932536922,0.043626483324320106,TRUE,S2_annotated,110
0.0988401103742193,0.20929641530491605,-0.027884652917271463,TRUE,S3_cpg20,110
0.10920808921341263,0.2125556922844107,-0.0316090222455547,TRUE,S4_no_covariates,110
0.10920808921341263,0.2125556922844107,-0.006033879326409898,TRUE,S5_expr_strata,110
0.09923437051747924,0.2105287720287442,0.0018958876237059998,TRUE,S6_apul_plus_one,110
0.10943616327358235,0.19819639009937126,0.012054660536344746,TRUE,primary,111
0.10327610338130838,0.19960114450020572,-0.014412361435960308,TRUE,S1_joint,111
0.10625580703414989,0.1945378829789198,0.05056621910505318,TRUE,S2_annotated,111
0.1125707661724406,0.19201929006847698,-0.018385446032292287,TRUE,S3_cpg20,111
0.10943616327358235,0.19819639009937126,-0.024366913233175632,TRUE,S4_no_covariates,111
0.10943616327358235,0.19819639009937126,0.01183712938743313,TRUE,S5_expr_strata,111
0.09209697743154815,0.19720984275817824,0.024318731625221097,TRUE,S6_apul_plus_one,111
0.0736895068246719,0.2047456062966254,0.017807754191012624,TRUE,primary,112
0.06354201566858447,0.2113649759010667,-0.034765758479492016,TRUE,S1_joint,112
0.06481021845150636,0.1996440277865814,0.06113428852682053,TRUE,S2_annotated,112
0.07749286450645138,0.19738965409163367,0.019366654181810456,TRUE,S3_cpg20,112
0.0736895068246719,0.2047456062966254,-0.01160069878422175,TRUE,S4_no_covariates,112
0.0736895068246719,0.2047456062966254,0.014378341102070754,TRUE,S5_expr_strata,112
0.048157413105322566,0.20413321530504458,0.024468780847581927,TRUE,S6_apul_plus_one,112
0.007352569658653829,0.22776361825082586,-0.020770818582121413,TRUE,primary,113
0.004276180350891001,0.2269582768320107,-0.06627016278571836,TRUE,S1_joint,113
0.008283192014857943,0.2160306410843787,0.023454160574640563,TRUE,S2_annotated,113
0.0072750789581345066,0.21952098208525833,-0.04450999884563467,TRUE,S3_cpg20,113
0.007352569658653829,0.22776361825082586,-0.04820393300829174,TRUE,S4_no_covariates,113
0.007352569658653829,0.22776361825082586,-0.021936375744069585,TRUE,S5_expr_strata,113
-0.027728139779481964,0.2301411931227461,-0.023990220770218434,TRUE,S6_apul_plus_one,113
0.08272860771575025,0.21169105627718132,-0.004919406628782856,TRUE,primary,114
0.08524786817865926,0.20962637937818124,-0.05617345537170971,TRUE,S1_joint,114
0.07831027140663205,0.20771434589134186,0.03505078549645607,TRUE,S2_annotated,114
0.08000470347293165,0.2051789531236968,-0.04669367308691456,TRUE,S3_cpg20,114
0.08272860771575025,0.21169105627718132,-0.03625126399569512,TRUE,S4_no_covariates,114
0.08272860771575025,0.21169105627718132,-0.00568045531947841,TRUE,S5_expr_strata,114
0.06817209265885443,0.2097348851233487,-0.0013997656527662905,TRUE,S6_apul_plus_one,114
0.04197698806005368,0.2231189614504176,-0.009748596676922907,TRUE,primary,115
0.04231304058000368,0.21717887209810083,-0.045919613814638834,TRUE,S1_joint,115
0.04884352219613619,0.2061675110211443,0.01573447894187905,TRUE,S2_annotated,115
0.03456378758836143,0.22451901390451098,-0.03473903896298568,TRUE,S3_cpg20,115
0.04197698806005368,0.2231189614504176,-0.04023019805661853,TRUE,S4_no_covariates,115
0.04197698806005368,0.2231189614504176,-0.005380118925228591,TRUE,S5_expr_strata,115
0.030620945928081067,0.21680384530591126,0.0022167945063583483,TRUE,S6_apul_plus_one,115
0.096019291628836545,0.20953714658058253,0.006759655175819025,TRUE,primary,116
0.10652381901400754,0.2111181856604569,-0.037319125195323016,TRUE,S1_joint,116
0.09079058885871122,0.2017303878600146,0.03792957139983494,TRUE,S2_annotated,116
0.08857858249682365,0.206701666535457,-0.013150588335351874,TRUE,S3_cpg20,116
0.096019291628836545,0.20953714658058253,-0.019735551813982923,TRUE,S4_no_covariates,116
0.096019291628836545,0.20953714658058253,0.004916336006758808,TRUE,S5_expr_strata,116
0.08270059412475067,0.20535971399296402,0.038773719381224044,TRUE,S6_apul_plus_one,116
0.1282619515766431,0.19573371810047066,-0.010753685224504874,TRUE,primary,117
0.14740865324696267,0.1994760147667311,-0.09356398584743887,TRUE,S1_joint,117
0.12586714875330807,0.18330602429975487,0.01218427291742461,TRUE,S2_annotated,117
0.12305187457814565,0.1877332723314251,-0.06825888642578938,TRUE,S3_cpg20,117
0.1282619515766431,0.19573371810047066,-0.028144455103771778,TRUE,S4_no_covariates,117
0.1282619515766431,0.19573371810047066,-0.011638070466043484,TRUE,S5_expr_strata,117
0.1108920203944303,0.1940600489480625,-0.022883933468638224,TRUE,S6_apul_plus_one,117
0.12213701345694672,0.2112515498236192,-0.009512011754582782,TRUE,primary,118
0.12292323740916594,0.2116577316982247,-0.08288845383154843,TRUE,S1_joint,118
0.1193012659826333,0.20557465864575855,0.030601988168798968,TRUE,S2_annotated,118
0.12045346603330026,0.20360323758831453,-0.033008725978364024,TRUE,S3_cpg20,118
0.12213701345694672,0.2112515498236192,-0.036853284855539084,TRUE,S4_no_covariates,118
0.12213701345694672,0.2112515498236192,-0.012811720575648495,TRUE,S5_expr_strata,118
0.10902364442514506,0.20817844213374462,-0.02226503172986404,TRUE,S6_apul_plus_one,118
0.11909625713539662,0.21477807684328556,-3.795356625048035e-4,TRUE,primary,119
0.13015315907384428,0.2148782181620494,-0.07962534677364953,TRUE,S1_joint,119
0.11590141414005523,0.207876953852002,0.040641645646259376,TRUE,S2_annotated,119
0.12344035878280796,0.20464584592857113,-0.023256393148898,TRUE,S3_cpg20,119
0.11909625713539662,0.21477807684328556,-0.0333263505548601,TRUE,S4_no_covariates,119
0.11909625713539662,0.21477807684328556,-0.004646380381984127,TRUE,S5_expr_strata,119
0.09717287109332912,0.2149562283947815,0.005422428298399625,TRUE,S6_apul_plus_one,119
0.07490948422754085,0.1950104227331109,-0.010137642657051096,TRUE,primary,120
0.09618149949746574,0.1942804349869116,-0.0616339283959014,TRUE,S1_joint,120
0.07447257711795718,0.18743915891366908,0.025762331776294854,TRUE,S2_annotated,120
0.07531529487780048,0.19220504807155442,-0.03377782585129127,TRUE,S3_cpg20,120
0.07490948422754085,0.1950104227331109,-0.04043779405833248,TRUE,S4_no_covariates,120
0.07490948422754085,0.1950104227331109,-0.011028529211991505,TRUE,S5_expr_strata,120
0.061774891532401455,0.1936487057608494,-0.008783495054606854,TRUE,S6_apul_plus_one,120
0.04952435513066372,0.2147620898766151,-0.03048512342209029,TRUE,primary,121
0.0506519629744529,0.21209762820693992,-0.09822804913653198,TRUE,S1_joint,121
0.057042311723598416,0.20232941847512723,-0.00180951741231094,TRUE,S2_annotated,121
0.03710248056720511,0.2152608680650885,-0.05797909118110292,TRUE,S3_cpg20,121
0.04952435513066372,0.2147620898766151,-0.05073421081216952,TRUE,S4_no_covariates,121
0.04952435513066372,0.2147620898766151,-0.02264212581926907,TRUE,S5_expr_strata,121
0.03408892812578057,0.21288378859974305,-0.05853416994475954,TRUE,S6_apul_plus_one,121
0.07886739462236142,0.1989254507386773,-0.016588391506517204,TRUE,primary,122
0.08584327117073492,0.19689914141744472,-0.08047052138065863,TRUE,S1_joint,122
0.08297714260458006,0.18925968181639288,0.013442674263006464,TRUE,S2_annotated,122
0.0682735097248689,0.1969717583191969,-0.04344149693884076,TRUE,S3_cpg20,122
0.07886739462236142,0.1989254507386773,-0.04553853703715282,TRUE,S4_no_covariates,122
0.07886739462236142,0.1989254507386773,-0.013758404306699933,TRUE,S5_expr_strata,122
0.07054026756704102,0.19658509761321633,-0.016787733837043385,TRUE,S6_apul_plus_one,122
0.10741868173532182,0.20958050651088567,-0.010585555504005589,TRUE,primary,123
0.10921411420285931,0.21029884960020184,-0.07021084884702004,TRUE,S1_joint,123
0.10469190021647001,0.2017709716776818,0.02580259396192427,TRUE,S2_annotated,123
0.1050076215641827,0.20064626076593062,-0.023235063782344228,TRUE,S3_cpg20,123
0.10741868173532182,0.20958050651088567,-0.03780437082586934,TRUE,S4_no_covariates,123
0.10741868173532182,0.20958050651088567,-0.010172243287739406,TRUE,S5_expr_strata,123
0.09106120599423595,0.2091415284844497,-0.02592797407543109,TRUE,S6_apul_plus_one,123
0.11457660621738558,0.22098835393278066,-0.01885511588133737,TRUE,primary,124
0.10811377749884732,0.22499798880610303,-0.08236937887446821,TRUE,S1_joint,124
0.10733406822087638,0.21477223908048207,0.008980268080433262,TRUE,S2_annotated,124
0.11326419159815493,0.2208203929442297,-0.013087403887568736,TRUE,S3_cpg20,124
0.11457660621738558,0.22098835393278066,-0.047248378746754506,TRUE,S4_no_covariates,124
0.11457660621738558,0.22098835393278066,-0.01974933846639431,TRUE,S5_expr_strata,124
0.08791046467393343,0.22353245431450286,-0.018323863213542353,TRUE,S6_apul_plus_one,124
0.023743363874476064,0.20440323107135203,-0.0039406739423276434,TRUE,primary,125
0.02887531036266261,0.2025416737966776,-0.0765201883926214,TRUE,S1_joint,125
0.022009100835779838,0.19804657516816485,0.026512899563270607,TRUE,S2_annotated,125
0.02432859940142884,0.19811057970613197,-0.003286248941344503,TRUE,S3_cpg20,125
0.023743363874476064,0.20440323107135203,-0.029652314516798423,TRUE,S4_no_covariates,125
0.023743363874476064,0.20440323107135203,-0.00542874276241118,TRUE,S5_expr_strata,125
2.683256957045632e-4,0.20175790425580778,0.0012841562762742583,TRUE,S6_apul_plus_one,125
0.08249207358866795,0.2171757959416703,-0.013085710542998214,TRUE,primary,126
0.07885484735104126,0.22209827035958754,-0.07133667290871894,TRUE,S1_joint,126
0.08222462553983323,0.21355871322483239,0.01202147251838433,TRUE,S2_annotated,126
0.08035567645899422,0.21789253737178366,-0.05183620585079728,TRUE,S3_cpg20,126
0.08249207358866795,0.2171757959416703,-0.03569423075514787,TRUE,S4_no_covariates,126
0.08249207358866795,0.2171757959416703,-0.013535101835002051,TRUE,S5_expr_strata,126
0.07728635458916439,0.21778728128830613,-0.014611817129628894,TRUE,S6_apul_plus_one,126
0.11224927932076223,0.21683528153075535,-0.010052447976455372,TRUE,primary,127
0.11391085290293756,0.21234082822212988,-0.09503617563225691,TRUE,S1_joint,127
0.11424312879301146,0.20648976468242958,0.028876573479816554,TRUE,S2_annotated,127
0.11312104763884628,0.20681882132760268,-0.0708036708157766,TRUE,S3_cpg20,127
0.11224927932076223,0.21683528153075535,-0.038113855869054344,TRUE,S4_no_covariates,127
0.11224927932076223,0.21683528153075535,-0.009411507840035522,TRUE,S5_expr_strata,127
0.10055258409599616,0.21547134021355213,-0.007546390792883301,TRUE,S6_apul_plus_one,127
0.07386019023298518,0.20291736913374775,5.006093405887651e-4,TRUE,primary,128
0.08194568821749026,0.21148723185204588,-0.027934408163750438,TRUE,S1_joint,128
0.06763433615788167,0.19498073842937805,0.026663031290813155,TRUE,S2_annotated,128
0.0657982990696262,0.20512387552348796,4.162083516960947e-4,TRUE,S3_cpg20,128
0.07386019023298518,0.20291736913374775,-0.03233074303482731,TRUE,S4_no_covariates,128
0.07386019023298518,0.20291736913374775,-4.6562445825416496e-4,TRUE,S5_expr_strata,128
0.056559318213744825,0.2015775625275781,0.019902920233983476,TRUE,S6_apul_plus_one,128
0.12860697047621994,0.20529117471589262,-0.020960895662888866,TRUE,primary,129
0.12838826535315817,0.21396635954916945,-0.09051053028466352,TRUE,S1_joint,129
0.1276697584678405,0.19625969980172459,0.007103968776957117,TRUE,S2_annotated,129
0.12811034788780434,0.2009723822926282,-0.05414457782643035,TRUE,S3_cpg20,129
0.12860697047621994,0.20529117471589262,-0.04992092442373875,TRUE,S4_no_covariates,129
0.12860697047621994,0.20529117471589262,-0.01924715507568838,TRUE,S5_expr_strata,129
0.11717107906420893,0.2090430426506799,-0.024864140383030538,TRUE,S6_apul_plus_one,129
0.07076931757751459,0.21121200279935884,0.013695991335041966,TRUE,primary,130
0.07922540019593516,0.21149161027415256,-0.04617939678259797,TRUE,S1_joint,130
0.06428169280520735,0.20608621560832677,0.044877285638396144,TRUE,S2_annotated,130
0.07805899885219081,0.20716660956609043,0.018517987982348914,TRUE,S3_cpg20,130
0.07076931757751459,0.21121200279935884,-0.027441261267661714,TRUE,S4_no_covariates,130
0.07076931757751459,0.21121200279935884,0.011324217361749307,TRUE,S5_expr_strata,130
0.058806615663147654,0.21170198380450433,0.03181639374518127,TRUE,S6_apul_plus_one,130
0.09821082914689477,0.20423130141502582,0.012928251183785293,TRUE,primary,131
0.09123988561765173,0.21248685495381348,-0.03908763439078953,TRUE,S1_joint,131
0.1034794397347919,0.19880796755480049,0.03516551386205727,TRUE,S2_annotated,131
0.10131249118649427,0.19899029855609057,-0.020771209751052164,TRUE,S3_cpg20,131
0.09821082914689477,0.20423130141502582,-0.017733781660509908,TRUE,S4_no_covariates,131
0.09821082914689477,0.20423130141502582,0.012520671724230978,TRUE,S5_expr_strata,131
0.0761310160761563,0.21707622500282314,0.0066708507434409215,TRUE,S6_apul_plus_one,131
0.09267399904572615,0.21117577557344416,0.002621807363815682,TRUE,primary,132
0.09382198232796712,0.2071965982740339,-0.07803583272615192,TRUE,S1_joint,132
0.09289626704367698,0.20073043608023167,0.031793699799306234,TRUE,S2_annotated,132
0.10478613706442902,0.20731569267121983,-0.05154751684162005,TRUE,S3_cpg20,132
0.09267399904572615,0.21117577557344416,-0.02106906255533053,TRUE,S4_no_covariates,132
0.09267399904572615,0.21117577557344416,0.00014444710863215716,TRUE,S5_expr_strata,132
0.07246683068183957,0.20755516589156217,0.00862462641994956,TRUE,S6_apul_plus_one,132
0.08875195277694842,0.20248984333108197,-0.0022884042044684486,TRUE,primary,133
0.08852072345507978,0.20428048102899748,-0.04945936791209471,TRUE,S1_joint,133
0.09038685390204826,0.19523673254670007,0.03252409644938851,TRUE,S2_annotated,133
0.0933912233090401,0.1999675671865166,-0.03762505080953137,TRUE,S3_cpg20,133
0.08875195277694842,0.20248984333108197,-0.035052016574169745,TRUE,S4_no_covariates,133
0.08875195277694842,0.20248984333108197,-0.003230383077193955,TRUE,S5_expr_strata,133
0.07943997012664183,0.20526075705696945,-0.021303780761744426,TRUE,S6_apul_plus_one,133
0.07140201562846227,0.19724797723687235,-0.02339450252219658,TRUE,primary,134
0.06996650726778814,0.20141212144807477,-0.09388404025443338,TRUE,S1_joint,134
0.06718023753385644,0.18906175340072204,0.012280679755471275,TRUE,S2_annotated,134
0.06448589374988317,0.193311409654682,-0.034739340564912236,TRUE,S3_cpg20,134
0.07140201562846227,0.19724797723687235,-0.04575808040992014,TRUE,S4_no_covariates,134
0.07140201562846227,0.19724797723687235,-0.01967734717662654,TRUE,S5_expr_strata,134
0.044235436427982056,0.20225753682658973,-0.03479542601341423,TRUE,S6_apul_plus_one,134
0.028729718389648162,0.21380629741342264,-0.015692703421516158,TRUE,primary,135
0.04030894078384312,0.2044745065770097,-0.05913998905912075,TRUE,S1_joint,135
0.03156532148757152,0.19805138105729486,0.01858869759364075,TRUE,S2_annotated,135
0.03845871617382002,0.21124370223540015,-0.017131994431427558,TRUE,S3_cpg20,135
0.028729718389648162,0.21380629741342264,-0.04192365515851613,TRUE,S4_no_covariates,135
0.028729718389648162,0.21380629741342264,-0.016787699934267066,TRUE,S5_expr_strata,135
0.013599479031236317,0.20749260489911978,-0.006261012906399021,TRUE,S6_apul_plus_one,135
0.07924881020726715,0.20958038788794306,0.022205634258495064,TRUE,primary,136
0.07006431166096211,0.20669230983706768,-0.028580438042485834,TRUE,S1_joint,136
0.07841637870674828,0.20896494894821083,0.049458001027386664,TRUE,S2_annotated,136
0.09152620054071031,0.19944491012840887,-0.0034577977917972353,TRUE,S3_cpg20,136
0.07924881020726715,0.20958038788794306,-0.007372842143579735,TRUE,S4_no_covariates,136
0.07924881020726715,0.20958038788794306,0.016036567560723726,TRUE,S5_expr_strata,136
0.061115164225801544,0.20900130857128105,0.028507516630401276,TRUE,S6_apul_plus_one,136
0.10158390057229916,0.1818134229103104,0.002570091635587193,TRUE,primary,137
0.09664002229227797,0.18433292467264184,-0.026607059411303886,TRUE,S1_joint,137
0.09430304568361014,0.17689680603406538,0.029700030346869133,TRUE,S2_annotated,137
0.10546377385353767,0.17880317110341842,0.008753498990117499,TRUE,S3_cpg20,137
0.10158390057229916,0.1818134229103104,-0.023221849340413617,TRUE,S4_no_covariates,137
0.10158390057229916,0.1818134229103104,0.0031277160079851434,TRUE,S5_expr_strata,137
0.08163216553846969,0.1823075835555429,-0.0018196706921398227,TRUE,S6_apul_plus_one,137
0.04957286720277232,0.20636022894477268,-0.010038171391128505,TRUE,primary,138
0.05880338500779847,0.20152138811516568,-0.07392546368551525,TRUE,S1_joint,138
0.04865085958955717,0.20053947271744363,0.026011994454177137,TRUE,S2_annotated,138
0.049067765043567024,0.20194904006286427,-0.047642923775382665,TRUE,S3_cpg20,138
0.04957286720277232,0.20636022894477268,-0.036534246300654785,TRUE,S4_no_covariates,138
0.04957286720277232,0.20636022894477268,-0.008702462443281348,TRUE,S5_expr_strata,138
0.034538351501938236,0.20297712472830914,-8.507891954599798e-4,TRUE,S6_apul_plus_one,138
0.12601768462047364,0.214283305193904,-0.01447986349111402,TRUE,primary,139
0.12777053589447646,0.21122463739224834,-0.119523837820966,TRUE,S1_joint,139
0.12118302107477896,0.20376423313968134,0.02851724875267735,TRUE,S2_annotated,139
0.1160452278378844,0.20815750810395353,-0.05736183428985556,TRUE,S3_cpg20,139
0.12601768462047364,0.214283305193904,-0.03972231653985287,TRUE,S4_no_covariates,139
0.12601768462047364,0.214283305193904,-0.01324239919672329,TRUE,S5_expr_strata,139
0.10128685190670572,0.21247835242195492,-0.01774793352882499,TRUE,S6_apul_plus_one,139
0.06764451005624927,0.19000831978882773,-0.007713130869545463,TRUE,primary,140
0.08638791543958357,0.18336791998917018,-0.05294790322747533,TRUE,S1_joint,140
0.07094917540230317,0.18499332828696002,0.008957459614527541,TRUE,S2_annotated,140
0.07355176888954257,0.18770015571537024,-0.04831882202950933,TRUE,S3_cpg20,140
0.06764451005624927,0.19000831978882773,-0.03529784982357514,TRUE,S4_no_covariates,140
0.06764451005624927,0.19000831978882773,-0.010114054470435742,TRUE,S5_expr_strata,140
0.06055302304020482,0.18595792306386885,-0.006897255429862161,TRUE,S6_apul_plus_one,140
0.023453705865323915,0.18841476914549246,0.0019639340147918206,TRUE,primary,141
0.029674407039033457,0.1864615283110925,-0.016911623948106667,TRUE,S1_joint,141
0.021025868847942608,0.18515776398462216,0.029144656478105678,TRUE,S2_annotated,141
0.025164755141793282,0.19232764226035115,0.0038380177978088966,TRUE,S3_cpg20,141
0.023453705865323915,0.18841476914549246,-0.023261396971488556,TRUE,S4_no_covariates,141
0.023453705865323915,0.18841476914549246,-0.0011029774251072667,TRUE,S5_expr_strata,141
0.011621080251424332,0.1901552925286153,0.01980685821765406,TRUE,S6_apul_plus_one,141
0.12042342913964993,0.189737933969585,-0.0070676314103572755,TRUE,primary,142
0.1351020447571306,0.18589397706278774,-0.0670044335393971,TRUE,S1_joint,142
0.11232553773799558,0.18676843632566978,0.021563459545201055,TRUE,S2_annotated,142
0.12127239221610864,0.18456348131383865,-0.00197314355804795,TRUE,S3_cpg20,142
0.12042342913964993,0.189737933969585,-0.03472037416285059,TRUE,S4_no_covariates,142
0.12042342913964993,0.189737933969585,-0.01046925555042031,TRUE,S5_expr_strata,142
0.1012738078338431,0.18961724270253316,-2.967494431872817e-4,TRUE,S6_apul_plus_one,142
0.06381178730671982,0.18568073087105175,0.00916738676059647,TRUE,primary,143
0.057437400969100216,0.18802750329426487,-0.029479854027849736,TRUE,S1_joint,143
0.06081256809516261,0.1813349562503695,0.038406468119446216,TRUE,S2_annotated,143
0.06564479514047222,0.17979647401571247,-0.008861911082955445,TRUE,S3_cpg20,143
0.06381178730671982,0.18568073087105175,-0.015030612426920952,TRUE,S4_no_covariates,143
0.06381178730671982,0.18568073087105175,0.007620958123440131,TRUE,S5_expr_strata,143
0.04736872661862668,0.18958706270439715,0.007554791949110151,TRUE,S6_apul_plus_one,143
0.09348239129264357,0.21202720282799037,-0.024729075942988236,TRUE,primary,144
0.11156700105915962,0.2047578145032745,-0.11204252984632888,TRUE,S1_joint,144
0.09724223903767681,0.20113084598461095,0.013085609357637749,TRUE,S2_annotated,144
0.10148631648151707,0.20527588979935935,-0.05062477717282959,TRUE,S3_cpg20,144
0.09348239129264357,0.21202720282799037,-0.052923859611480314,TRUE,S4_no_covariates,144
0.09348239129264357,0.21202720282799037,-0.023769812217558157,TRUE,S5_expr_strata,144
0.07757057087290542,0.20887389624352995,-0.028862838697121904,TRUE,S6_apul_plus_one,144
0.06522485672784328,0.22209587266665878,7.234763127816614e-4,TRUE,primary,145
0.07384549306054505,0.2263928984535206,-0.04353536091150209,TRUE,S1_joint,145
0.0634062809599778,0.21796638962440715,0.010743136175024138,TRUE,S2_annotated,145
0.08214569377539938,0.21994807235237734,-0.026343373111655747,TRUE,S3_cpg20,145
0.06522485672784328,0.22209587266665878,-0.03095049700098108,TRUE,S4_no_covariates,145
0.06522485672784328,0.22209587266665878,-0.0027600429203399847,TRUE,S5_expr_strata,145
0.0470478283594466,0.23095265000137147,-0.019482318751033754,TRUE,S6_apul_plus_one,145
0.06928524676232745,0.22245890086488548,0.004109718813653611,TRUE,primary,146
0.08343804868901228,0.21587562338543823,-0.059103964049000805,TRUE,S1_joint,146
0.06302764072356642,0.2158742619554122,0.04235137865451033,TRUE,S2_annotated,146
0.07896193888163333,0.21517404305965812,-0.00470494906012796,TRUE,S3_cpg20,146
0.06928524676232745,0.22245890086488548,-0.02204200268936597,TRUE,S4_no_covariates,146
0.06928524676232745,0.22245890086488548,-0.003242366587022061,TRUE,S5_expr_strata,146
0.054816363704320914,0.22230605030485687,0.028186627980016154,TRUE,S6_apul_plus_one,146
0.050623133924528385,0.21362346892396294,0.008001625706950387,TRUE,primary,147
0.06220319728910367,0.20800770573967434,-0.05010948458743545,TRUE,S1_joint,147
0.04904690320595678,0.20849278572552007,0.05390056094847094,TRUE,S2_annotated,147
0.0397086216265824,0.21172997759774567,0.0034618870106564036,TRUE,S3_cpg20,147
0.050623133924528385,0.21362346892396294,-0.022970740058462516,TRUE,S4_no_covariates,147
0.050623133924528385,0.21362346892396294,0.0065238717153427075,TRUE,S5_expr_strata,147
0.03524168195512706,0.21130589439134695,0.017650454847220838,TRUE,S6_apul_plus_one,147
0.12529355189178076,0.2055541952561623,-0.015447997704839001,TRUE,primary,148
0.12595877071777367,0.20326307395944587,-0.09042606232206618,TRUE,S1_joint,148
0.12188372389522512,0.19927335255170578,0.025075386172204287,TRUE,S2_annotated,148
0.12220031291681216,0.19618645629678425,-0.042230616225474,TRUE,S3_cpg20,148
0.12529355189178076,0.2055541952561623,-0.04571652507719915,TRUE,S4_no_covariates,148
0.12529355189178076,0.2055541952561623,-0.01731499755809938,TRUE,S5_expr_strata,148
0.11326072827454264,0.2045173946482789,-0.020564267603447192,TRUE,S6_apul_plus_one,148
0.12127207387873179,0.20775186735359977,0.0053293363044863125,TRUE,primary,149
0.12818031763827975,0.20022639409516746,-0.0689028462612706,TRUE,S1_joint,149
0.11825719136283414,0.20272914708829842,0.0327340720948486,TRUE,S2_annotated,149
0.13842134562419645,0.1968950692002138,-0.04059949181920549,TRUE,S3_cpg20,149
0.12127207387873179,0.20775186735359977,-0.027723848083031688,TRUE,S4_no_covariates,149
0.12127207387873179,0.20775186735359977,0.0010983430457667252,TRUE,S5_expr_strata,149
0.10713695750017177,0.20809534545836172,-4.563004139800258e-4,TRUE,S6_apul_plus_one,149
0.11382136042508006,0.22404398803392564,0.00740969979830522,TRUE,primary,150
0.12198463984355618,0.21954393799596061,-0.08640777007613888,TRUE,S1_joint,150
0.11507955109368967,0.219652572700407,0.05173553495913343,TRUE,S2_annotated,150
0.11809125206538151,0.20931775220117615,-0.036396599580996364,TRUE,S3_cpg20,150
0.11382136042508006,0.22404398803392564,-0.0219071209825447,TRUE,S4_no_covariates,150
0.11382136042508006,0.22404398803392564,0.004856985572092397,TRUE,S5_expr_strata,150
0.10357144244827443,0.21888536791903032,0.007326186720786713,TRUE,S6_apul_plus_one,150
0.11773596068769832,0.21181740718792197,-0.021093339759661142,TRUE,primary,151
0.11430170765201325,0.21317451096636497,-0.1155800417605434,TRUE,S1_joint,151
0.1193929492437632,0.20466723158731817,0.01634243149741316,TRUE,S2_annotated,151
0.11471605608941038,0.20444369651509736,-0.06587488398448801,TRUE,S3_cpg20,151
0.11773596068769832,0.21181740718792197,-0.044714513968886475,TRUE,S4_no_covariates,151
0.11773596068769832,0.21181740718792197,-0.020331841352142166,TRUE,S5_expr_strata,151
0.09704716331515667,0.21805327582318332,-0.026929327482743824,TRUE,S6_apul_plus_one,151
0.1317830898622831,0.20138600652393998,-0.004286863088797007,TRUE,primary,152
0.14005468002296922,0.1992796096905194,-0.062462665339906104,TRUE,S1_joint,152
0.1305439333834671,0.19233671270978842,0.026119748250653312,TRUE,S2_annotated,152
0.1253655800486863,0.19306935769550176,-0.03649433391761022,TRUE,S3_cpg20,152
0.1317830898622831,0.20138600652393998,-0.021543428064359084,TRUE,S4_no_covariates,152
0.1317830898622831,0.20138600652393998,-0.002757789982074001,TRUE,S5_expr_strata,152
0.12252888320625571,0.19915457469432124,0.007332901823440223,TRUE,S6_apul_plus_one,152
0.07591384630116821,0.20557602959665108,-0.009713815321387391,TRUE,primary,153
0.09237138080887625,0.2065316331356542,-0.06697139833238644,TRUE,S1_joint,153
0.07017740276871764,0.1978933855571858,0.027790257193962116,TRUE,S2_annotated,153
0.07008566006184724,0.2047824432237998,-0.0324373321953404,TRUE,S3_cpg20,153
0.07591384630116821,0.20557602959665108,-0.04026214633871768,TRUE,S4_no_covariates,153
0.07591384630116821,0.20557602959665108,-0.010035376490647046,TRUE,S5_expr_strata,153
0.05756765148220222,0.21049615890931433,0.004423427072913547,TRUE,S6_apul_plus_one,153
0.10880049510859208,0.20079291387252587,-0.01606981327419903,TRUE,primary,154
0.1298186442812867,0.19742440729416708,-0.07601872410191042,TRUE,S1_joint,154
0.11177479461153816,0.18907422982338454,0.015504173362600892,TRUE,S2_annotated,154
0.11142833123214818,0.19518263517208548,-0.03324307715485797,TRUE,S3_cpg20,154
0.10880049510859208,0.20079291387252587,-0.03508099612183375,TRUE,S4_no_covariates,154
0.10880049510859208,0.20079291387252587,-0.015603165719005779,TRUE,S5_expr_strata,154
0.10428255852948648,0.19185745160565437,-0.019998130420172493,TRUE,S6_apul_plus_one,154
0.030813389278450787,0.21246026946805724,-0.01461355474177774,TRUE,primary,155
0.05238156740987515,0.21174479079173877,-0.07619368800695897,TRUE,S1_joint,155
0.02695903919462761,0.20461844412456315,0.024806085391191376,TRUE,S2_annotated,155
0.03101659710538629,0.2069375547332196,-0.014696962413268611,TRUE,S3_cpg20,155
0.030813389278450787,0.21246026946805724,-0.037129605858546647,TRUE,S4_no_covariates,155
0.030813389278450787,0.21246026946805724,-0.01603952175371216,TRUE,S5_expr_strata,155
0.02073612919172746,0.21190005155670963,-0.00883118091330814,TRUE,S6_apul_plus_one,155
0.034779044541960846,0.20328864595647284,-0.013966700031549015,TRUE,primary,156
0.030600907040910175,0.2127153145575068,-0.045965190076047775,TRUE,S1_joint,156
0.03629563915879863,0.1897008291170738,0.014680548416244589,TRUE,S2_annotated,156
0.03844451149315137,0.19807867289812062,-0.010130432975212031,TRUE,S3_cpg20,156
0.034779044541960846,0.20328864595647284,-0.03562571296461324,TRUE,S4_no_covariates,156
0.034779044541960846,0.20328864595647284,-0.015592001975250638,TRUE,S5_expr_strata,156
0.00748586299623516,0.21273300383628804,-0.009949507714775086,TRUE,S6_apul_plus_one,156
0.05848449850208093,0.20735119718480136,0.007449162950656137,TRUE,primary,157
0.059307946263750855,0.2071865043082657,-0.06250024782649893,TRUE,S1_joint,157
0.05341163285419254,0.20550298742247097,0.05248209455679552,TRUE,S2_annotated,157
0.06725265427995075,0.19692026580473945,-0.03053392624666665,TRUE,S3_cpg20,157
0.05848449850208093,0.20735119718480136,-0.027266017233682664,TRUE,S4_no_covariates,157
0.05848449850208093,0.20735119718480136,0.0050169081568241436,TRUE,S5_expr_strata,157
0.04171941649383687,0.2085705168817217,0.014174627938050655,TRUE,S6_apul_plus_one,157
0.05183101510428845,0.21760077717341503,-0.015257321901068939,TRUE,primary,158
0.07407161798935824,0.20353068712788921,-0.07255839030117094,TRUE,S1_joint,158
0.05260389452967368,0.20891184083289857,0.019125059569263157,TRUE,S2_annotated,158
0.05701578041258987,0.2149265519061534,-0.03170858455844369,TRUE,S3_cpg20,158
0.05183101510428845,0.21760077717341503,-0.051609256777539525,TRUE,S4_no_covariates,158
0.05183101510428845,0.21760077717341503,-0.014166651908656468,TRUE,S5_expr_strata,158
0.03227182737348183,0.21538611509571684,-0.017658113041860945,TRUE,S6_apul_plus_one,158
0.08751489933522832,0.21152256004696482,-0.016877984265938853,TRUE,primary,159
0.10133533868879335,0.20812349070250874,-0.09822505348463464,TRUE,S1_joint,159
0.08743575031826772,0.2008186147383127,0.023043618237595483,TRUE,S2_annotated,159
0.08300954618520512,0.20449369593674205,-0.029871889679382427,TRUE,S3_cpg20,159
0.08751489933522832,0.21152256004696482,-0.0361471184518974,TRUE,S4_no_covariates,159
0.08751489933522832,0.21152256004696482,-0.016474658494035663,TRUE,S5_expr_strata,159
0.06711785998065217,0.21074157412377575,-0.014030552436200208,TRUE,S6_apul_plus_one,159
0.07747557008897976,0.18556596408718418,-0.021005419780991623,TRUE,primary,160
0.07489951433146064,0.18626371995803795,-0.0957295702394258,TRUE,S1_joint,160
0.08167306889132209,0.17835475771806714,0.007598768621034461,TRUE,S2_annotated,160
0.07326947472883039,0.1819148240118929,-0.061481003670605605,TRUE,S3_cpg20,160
0.07747557008897976,0.18556596408718418,-0.047084511492484174,TRUE,S4_no_covariates,160
0.07747557008897976,0.18556596408718418,-0.02000122817590184,TRUE,S5_expr_strata,160
0.062042413709339606,0.18746502657249267,-0.05173783053519076,TRUE,S6_apul_plus_one,160
0.1032186908179864,0.20613914536348676,0.00742457012369525,TRUE,primary,161
0.10132168868882985,0.20506536771442052,-0.016775138483802837,TRUE,S1_joint,161
0.09835247694344246,0.19787563966973215,0.04314911764473232,TRUE,S2_annotated,161
0.10796165548484854,0.20030127545663384,0.006975792165453005,TRUE,S3_cpg20,161
0.1032186908179864,0.20613914536348676,-0.0182334738123437,TRUE,S4_no_covariates,161
0.1032186908179864,0.20613914536348676,0.007601235800917337,TRUE,S5_expr_strata,161
0.08463102166291342,0.20366725157633844,0.017156397127796794,TRUE,S6_apul_plus_one,161
0.08472729830074577,0.22606705033686816,-0.02577008716964478,TRUE,primary,162
0.10178775798533296,0.2172276218923108,-0.12600517973532951,TRUE,S1_joint,162
0.08883608735530968,0.21648367391857035,0.017833779757331553,TRUE,S2_annotated,162
0.07477954871851011,0.22378141869889856,-0.058687603307611566,TRUE,S3_cpg20,162
0.08472729830074577,0.22606705033686816,-0.05235913292760895,TRUE,S4_no_covariates,162
0.08472729830074577,0.22606705033686816,-0.0233008867337388,TRUE,S5_expr_strata,162
0.0769478183154424,0.22437030668415334,-0.029407704994891377,TRUE,S6_apul_plus_one,162
0.08907858331996682,0.1805478961496183,0.0015042671216128315,TRUE,primary,163
0.09481254652758686,0.17918935899045388,-0.04717719021812939,TRUE,S1_joint,163
0.08258266779660689,0.1758941747031411,0.02584409549056453,TRUE,S2_annotated,163
0.08547138060537568,0.17929999051497877,1.1165967322266957e-5,TRUE,S3_cpg20,163
0.08907858331996682,0.1805478961496183,-0.022768188921814224,TRUE,S4_no_covariates,163
0.08907858331996682,0.1805478961496183,0.0028238742106710653,TRUE,S5_expr_strata,163
0.07344348664594502,0.1822584815559476,0.01910885086419567,TRUE,S6_apul_plus_one,163
0.07710476006036604,0.19221723171475547,-0.0063455275478970265,TRUE,primary,164
0.08066975236773144,0.1913886615016595,-0.041100873009935306,TRUE,S1_joint,164
0.0744545705613675,0.18360721730575852,0.028865729227092816,TRUE,S2_annotated,164
0.07619325858611437,0.19179547648766462,-0.009642220221579494,TRUE,S3_cpg20,164
0.07710476006036604,0.19221723171475547,-0.03297761808339777,TRUE,S4_no_covariates,164
0.07710476006036604,0.19221723171475547,-0.005315244120596866,TRUE,S5_expr_strata,164
0.05798481158369745,0.18880979337801965,-0.005110569656184227,TRUE,S6_apul_plus_one,164
0.12087461059614912,0.21369472353836208,-0.003146946935838357,TRUE,primary,165
0.10578099182786577,0.21750210766965714,-0.07744429486606498,TRUE,S1_joint,165
0.1241110549472933,0.2079755971939237,0.025590813294763787,TRUE,S2_annotated,165
0.11726462622433931,0.20815208474984975,-0.03844872441606605,TRUE,S3_cpg20,165
0.12087461059614912,0.21369472353836208,-0.029976894119604715,TRUE,S4_no_covariates,165
0.12087461059614912,0.21369472353836208,-0.004669011252968458,TRUE,S5_expr_strata,165
0.09824401426034307,0.22455662103002438,-0.018368265595311264,TRUE,S6_apul_plus_one,165
0.06069493641246859,0.2007629712733975,-0.01199230884053094,TRUE,primary,166
0.07316065970026397,0.19143526913898515,-0.07195159480253216,TRUE,S1_joint,166
0.06419784308042431,0.1925104603658089,0.010431208670044755,TRUE,S2_annotated,166
0.06521596978168287,0.19809380594606227,-0.015856983187939627,TRUE,S3_cpg20,166
0.06069493641246859,0.2007629712733975,-0.04192430554063356,TRUE,S4_no_covariates,166
0.06069493641246859,0.2007629712733975,-0.013659016381051525,TRUE,S5_expr_strata,166
0.046983501042983045,0.19437103244500487,-0.033905390986631055,TRUE,S6_apul_plus_one,166
0.07090514379041546,0.20559526724689056,-0.008665316504903126,TRUE,primary,167
0.07827809386708151,0.20414971341349109,-0.04487085126576729,TRUE,S1_joint,167
0.07093484621943541,0.2005075853210691,0.01934303141644632,TRUE,S2_annotated,167
0.06476420254183451,0.20182874125227904,-0.022185357217808614,TRUE,S3_cpg20,167
0.07090514379041546,0.20559526724689056,-0.03850883270250265,TRUE,S4_no_covariates,167
0.07090514379041546,0.20559526724689056,-0.008133660902285893,TRUE,S5_expr_strata,167
0.057185301254074505,0.20722433693725248,2.363453470534063e-4,TRUE,S6_apul_plus_one,167
0.10582990493806732,0.21545073814789972,-0.0019756627145960646,TRUE,primary,168
0.10722443789176617,0.21385814636247913,-0.06752749529652267,TRUE,S1_joint,168
0.10482615828809161,0.208225205287349,0.030498511026077302,TRUE,S2_annotated,168
0.10513569801746925,0.2088597713051383,-0.06300350083864384,TRUE,S3_cpg20,168
0.10582990493806732,0.21545073814789972,-0.03217948629520193,TRUE,S4_no_covariates,168
0.10582990493806732,0.21545073814789972,-0.0011880713707142177,TRUE,S5_expr_strata,168
0.09240509414965609,0.21608607321505788,0.009369855951204265,TRUE,S6_apul_plus_one,168
0.05973109546598182,0.20659958668112582,-0.006447178596222749,TRUE,primary,169
0.060108481654476076,0.20888565483051155,-0.06382968651340762,TRUE,S1_joint,169
0.05616514552962176,0.19662693499864425,0.023740834409728722,TRUE,S2_annotated,169
0.06338004529463731,0.20100351827652915,-0.018256103788745082,TRUE,S3_cpg20,169
0.05973109546598182,0.20659958668112582,-0.030228591229091155,TRUE,S4_no_covariates,169
0.05973109546598182,0.20659958668112582,-0.010260082472630098,TRUE,S5_expr_strata,169
0.04465290861384613,0.20289610657481322,-0.0036881693514718037,TRUE,S6_apul_plus_one,169
0.086854718373305,0.2089203172127831,0.0046412569974653445,TRUE,primary,170
0.08601643978634121,0.20593332377865642,-0.04894501643546719,TRUE,S1_joint,170
0.08186401997421872,0.2031250767845328,0.05116058275967348,TRUE,S2_annotated,170
0.08872714498211431,0.20121808030091154,-0.016577750218224142,TRUE,S3_cpg20,170
0.086854718373305,0.2089203172127831,-0.02474753534428476,TRUE,S4_no_covariates,170
0.086854718373305,0.2089203172127831,0.002211436267616768,TRUE,S5_expr_strata,170
0.06856330257591453,0.20617973117790145,0.010969139735139617,TRUE,S6_apul_plus_one,170
0.07206970439515442,0.20635644342764078,-0.007598258078137653,TRUE,primary,171
0.07001223626376024,0.20867884541468087,-0.07177817474575804,TRUE,S1_joint,171
0.06544619269160112,0.20044497114537482,0.03676398368492244,TRUE,S2_annotated,171
0.06792635145388437,0.19974337483727156,-0.027987583822378304,TRUE,S3_cpg20,171
0.07206970439515442,0.20635644342764078,-0.0403001800799093,TRUE,S4_no_covariates,171
0.07206970439515442,0.20635644342764078,-0.011414327315922047,TRUE,S5_expr_strata,171
0.040948256010738204,0.20976720765388368,-0.0013480828965754723,TRUE,S6_apul_plus_one,171
0.12050464637939123,0.21562487542544062,0.0022296030247223146,TRUE,primary,172
0.11359544653597031,0.21622936020361927,-0.0432435301718841,TRUE,S1_joint,172
0.11962875748144047,0.21041770511679805,0.02705431477008025,TRUE,S2_annotated,172
0.12365468085414388,0.20824767838335828,-0.016057579963440462,TRUE,S3_cpg20,172
0.12050464637939123,0.21562487542544062,-0.0291728663165061,TRUE,S4_no_covariates,172
0.12050464637939123,0.21562487542544062,5.037474486663672e-4,TRUE,S5_expr_strata,172
0.10585556242198862,0.2115118035237393,-0.01694499053112975,TRUE,S6_apul_plus_one,172
0.07472225215547346,0.221939201817355,-0.0021152045233653735,TRUE,primary,173
0.08101229348191141,0.21787355131010822,-0.07269767032777377,TRUE,S1_joint,173
0.06970473830575558,0.21887313258179636,0.03811866008879059,TRUE,S2_annotated,173
0.06629466512443588,0.22026433811078502,-9.915686997139879e-4,TRUE,S3_cpg20,173
0.07472225215547346,0.221939201817355,-0.03390740261042825,TRUE,S4_no_covariates,173
0.07472225215547346,0.221939201817355,-0.0038428409158340784,TRUE,S5_expr_strata,173
0.06038433729752263,0.21996680910123584,5.496228060007052e-4,TRUE,S6_apul_plus_one,173
0.14128363055391607,0.21799256705589903,-0.0026918485933244626,TRUE,primary,174
0.14507118683073605,0.21126045460614676,-0.09010843921653715,TRUE,S1_joint,174
0.1419329785972323,0.21136135410613857,0.030397718280233743,TRUE,S2_annotated,174
0.13457838490478946,0.20866605329123938,-0.07783956744677624,TRUE,S3_cpg20,174
0.14128363055391607,0.21799256705589903,-0.029448269813371928,TRUE,S4_no_covariates,174
0.14128363055391607,0.21799256705589903,-2.1375121532654252e-4,TRUE,S5_expr_strata,174
0.1276004675260083,0.2158677314967601,-0.0039276487904473705,TRUE,S6_apul_plus_one,174
0.09668347827346047,0.20152147233514167,-0.0033041554660885957,TRUE,primary,175
0.10733813799015895,0.1989616120168268,-0.06931622638416805,TRUE,S1_joint,175
0.09641931403174864,0.19064523807064437,0.012777314777994429,TRUE,S2_annotated,175
0.1023704552601552,0.19592254314140164,-0.05298198604014193,TRUE,S3_cpg20,175
0.09668347827346047,0.20152147233514167,-0.035127238618325465,TRUE,S4_no_covariates,175
0.09668347827346047,0.20152147233514167,-0.0031359980541347072,TRUE,S5_expr_strata,175
0.08177507820357105,0.19911089117508354,-0.010637496050486249,TRUE,S6_apul_plus_one,175
0.1607509640785289,0.2230031512420683,0.016947287531887466,TRUE,primary,176
0.15126353381150176,0.22117258883761723,0.0020456670181080495,TRUE,S1_joint,176
0.1617705545981568,0.21787593764691848,0.05781295939822114,TRUE,S2_annotated,176
0.1821669427552165,0.21289471510645774,-0.016918946275000117,TRUE,S3_cpg20,176
0.1607509640785289,0.2230031512420683,-0.008168143075067108,TRUE,S4_no_covariates,176
0.1607509640785289,0.2230031512420683,0.013295458993641925,TRUE,S5_expr_strata,176
0.13932758221388375,0.22131331424315873,0.018267766074470428,TRUE,S6_apul_plus_one,176
0.12011209523476551,0.20054714657633282,-0.0024231013778633803,TRUE,primary,177
0.11690681203433223,0.2011919220077891,-0.09238859808658327,TRUE,S1_joint,177
0.11741132800269583,0.1988736002390108,0.04005705705839082,TRUE,S2_annotated,177
0.12476691872637963,0.1866359822563159,-0.046620210422096395,TRUE,S3_cpg20,177
0.12011209523476551,0.20054714657633282,-0.03558440513164582,TRUE,S4_no_covariates,177
0.12011209523476551,0.20054714657633282,-0.005647967189201079,TRUE,S5_expr_strata,177
0.09532788784418267,0.20282418455095522,-0.023034958724914588,TRUE,S6_apul_plus_one,177
0.09578472598093829,0.20671172394312692,0.019548569681402575,TRUE,primary,178
0.08631101019977444,0.2006517209612785,-0.01859193099427226,TRUE,S1_joint,178
0.09694145720655356,0.2051259118325576,0.05339145831946528,TRUE,S2_annotated,178
0.10981090356135148,0.1941851409889399,-0.01109614974130914,TRUE,S3_cpg20,178
0.09578472598093829,0.20671172394312692,-0.006689671386746599,TRUE,S4_no_covariates,178
0.09578472598093829,0.20671172394312692,0.01397051461648967,TRUE,S5_expr_strata,178
0.08252458551834502,0.20492618903379087,0.017783380998387024,TRUE,S6_apul_plus_one,178
0.06654632596110355,0.17869110500244229,0.002032867261725769,TRUE,primary,179
0.07539894607989439,0.18313224039771667,-0.04590771237133799,TRUE,S1_joint,179
0.06037880133591367,0.17460739230969313,0.029237370005721724,TRUE,S2_annotated,179
0.06568181361320369,0.17719379214979702,-0.014902234476321163,TRUE,S3_cpg20,179
0.06654632596110355,0.17869110500244229,-0.023141889359812037,TRUE,S4_no_covariates,179
0.06654632596110355,0.17869110500244229,-6.868645248492179e-4,TRUE,S5_expr_strata,179
0.0484495236914631,0.18090858657077913,0.006480116022646704,TRUE,S6_apul_plus_one,179
0.09726380475718677,0.19245441503553345,0.008750406268820987,TRUE,primary,180
0.0953511885360332,0.19361787196341265,-0.014635756995765416,TRUE,S1_joint,180
0.08594871685245997,0.18906816139365493,0.0340001837594766,TRUE,S2_annotated,180
0.10349734619560452,0.18982020334480523,0.0038096469399488443,TRUE,S3_cpg20,180
0.09726380475718677,0.19245441503553345,-0.011809010703690498,TRUE,S4_no_covariates,180
0.09726380475718677,0.19245441503553345,0.007373290063534848,TRUE,S5_expr_strata,180
0.08843245395042049,0.1895377997935553,0.01714038593179329,TRUE,S6_apul_plus_one,180
0.0573698758304354,0.18988985505553452,-0.005992120296158345,TRUE,primary,181
0.06150586426896992,0.18145307936042285,-0.05088371226680773,TRUE,S1_joint,181
0.05919272909587103,0.18440072000264826,0.03463212012767132,TRUE,S2_annotated,181
0.05613576477839838,0.18743267151102644,-0.030018099275959338,TRUE,S3_cpg20,181
0.0573698758304354,0.18988985505553452,-0.03720585735421799,TRUE,S4_no_covariates,181
0.0573698758304354,0.18988985505553452,-0.003744766881706948,TRUE,S5_expr_strata,181
0.04129066642184864,0.18732382121255398,-0.01626300345179055,TRUE,S6_apul_plus_one,181
0.020894413793641375,0.19885774717678897,-0.009732394824244279,TRUE,primary,182
0.0027270458003413323,0.20960193445709926,-0.0505956642506199,TRUE,S1_joint,182
0.0165134281742218,0.18721700212904904,0.01932124781373277,TRUE,S2_annotated,182
0.01727357537338431,0.1981209161751114,-0.03189386800615618,TRUE,S3_cpg20,182
0.020894413793641375,0.19885774717678897,-0.03129334414101804,TRUE,S4_no_covariates,182
0.020894413793641375,0.19885774717678897,-0.010462627585259619,TRUE,S5_expr_strata,182
-0.011368813062246796,0.20800917998829363,-0.01993323557292193,TRUE,S6_apul_plus_one,182
0.1179457568519039,0.21668179156130518,-0.002899700118955137,TRUE,primary,183
0.12101266820256978,0.21545266120867698,-0.07494840186623043,TRUE,S1_joint,183
0.11657892696119265,0.21202275998956324,0.0319500377394783,TRUE,S2_annotated,183
0.11835241846517774,0.2098336027036896,-0.019801499896119183,TRUE,S3_cpg20,183
0.1179457568519039,0.21668179156130518,-0.030885710479923154,TRUE,S4_no_covariates,183
0.1179457568519039,0.21668179156130518,-0.004014809289339286,TRUE,S5_expr_strata,183
0.10290466914414703,0.21937344334181216,-0.013658194959401874,TRUE,S6_apul_plus_one,183
0.019976398724746436,0.21463732697742766,0.0050555158901890475,TRUE,primary,184
0.031433915792808464,0.2140856316973549,-0.06488276847266647,TRUE,S1_joint,184
0.015172356748025584,0.2093547593483541,0.044007308303215156,TRUE,S2_annotated,184
0.011075582445269239,0.20991765013318606,0.008668833339757182,TRUE,S3_cpg20,184
0.019976398724746436,0.21463732697742766,-0.028161454923667163,TRUE,S4_no_covariates,184
0.019976398724746436,0.21463732697742766,0.004019740239569336,TRUE,S5_expr_strata,184
0.003976139900918829,0.21142563525528124,0.023903278132637394,TRUE,S6_apul_plus_one,184
0.10637713176453834,0.2119224947995391,-0.0017097508216911991,TRUE,primary,185
0.12135596743955657,0.2079158300875004,-0.0703029085201694,TRUE,S1_joint,185
0.0999189638862264,0.2083911216996571,0.032358791837273644,TRUE,S2_annotated,185
0.10912144100807447,0.20157587810747846,-0.013236919827707753,TRUE,S3_cpg20,185
0.10637713176453834,0.2119224947995391,-0.02978820662584736,TRUE,S4_no_covariates,185
0.10637713176453834,0.2119224947995391,-0.004580689289154338,TRUE,S5_expr_strata,185
0.09734910509437417,0.20981288244868418,-0.0046860889892805235,TRUE,S6_apul_plus_one,185
0.021759731680846772,0.2194262908012949,0.00883470731705161,TRUE,primary,186
0.03604533754908884,0.21611427068025493,-0.0613128160201936,TRUE,S1_joint,186
0.01797274151686279,0.21623713986314608,0.05347636369923366,TRUE,S2_annotated,186
0.008083619073626425,0.2188661704501345,0.0076782513589883005,TRUE,S3_cpg20,186
0.021759731680846772,0.2194262908012949,-0.026560054393945397,TRUE,S4_no_covariates,186
0.021759731680846772,0.2194262908012949,0.01057986402421959,TRUE,S5_expr_strata,186
0.007620827584438161,0.21804510664384774,0.02271585009398357,TRUE,S6_apul_plus_one,186
0.05596801797289097,0.20753318143772662,-0.018442864685151526,TRUE,primary,187
0.0563530591931507,0.2087507960309802,-0.06561364120630549,TRUE,S1_joint,187
0.056789167739574875,0.19494406306716966,0.0056487844313990775,TRUE,S2_annotated,187
0.06545089108244873,0.20375229354478264,-0.04199474648849394,TRUE,S3_cpg20,187
0.05596801797289097,0.20753318143772662,-0.042927690863821547,TRUE,S4_no_covariates,187
0.05596801797289097,0.20753318143772662,-0.016660083126027545,TRUE,S5_expr_strata,187
0.030066626220609072,0.2079507077570188,-0.0064386912166355245,TRUE,S6_apul_plus_one,187
0.030456144712509292,0.20468728994126786,-0.002533457052493989,TRUE,primary,188
0.04790158926085414,0.21216226197931776,-0.031119037659781038,TRUE,S1_joint,188
0.025096729516010496,0.1974218212855378,0.030196827926123913,TRUE,S2_annotated,188
0.031207423704615933,0.2041910822391039,-0.011511135947765531,TRUE,S3_cpg20,188
0.030456144712509292,0.20468728994126786,-0.029052888856694645,TRUE,S4_no_covariates,188
0.030456144712509292,0.20468728994126786,-0.0021747356266842315,TRUE,S5_expr_strata,188
0.010918554082975096,0.2072976186423513,-0.0037061696462087237,TRUE,S6_apul_plus_one,188
0.06546084082000347,0.1916798478951589,-3.3676663121330006e-4,TRUE,primary,189
0.07071297073537314,0.20670868336248283,-0.03340473836445917,TRUE,S1_joint,189
0.05637478163436582,0.1823664872712634,0.017803959920609413,TRUE,S2_annotated,189
0.06039071660955658,0.18969431111318177,-0.02138129747785259,TRUE,S3_cpg20,189
0.06546084082000347,0.1916798478951589,-0.019965600615989437,TRUE,S4_no_covariates,189
0.06546084082000347,0.1916798478951589,-0.00483591826773009,TRUE,S5_expr_strata,189
0.04450920713013207,0.19824707692410062,-0.009890576827288186,TRUE,S6_apul_plus_one,189
0.08538553963887874,0.2159501910995383,-0.013726009767748128,TRUE,primary,190
0.09312647703887511,0.21396980614103553,-0.11340447785694277,TRUE,S1_joint,190
0.08356693803485155,0.205332067806353,0.03206416480663559,TRUE,S2_annotated,190
0.07890080924129583,0.20834600052236008,-0.046066187222903454,TRUE,S3_cpg20,190
0.08538553963887874,0.2159501910995383,-0.04791612576851725,TRUE,S4_no_covariates,190
0.08538553963887874,0.2159501910995383,-0.013132793297062798,TRUE,S5_expr_strata,190
0.06441200997732088,0.21785925736907524,-0.0288776631744772,TRUE,S6_apul_plus_one,190
0.05511757094939629,0.20018157243889095,0.014896916784437468,TRUE,primary,191
0.057842492827258174,0.20447082868147826,-0.022608416129829344,TRUE,S1_joint,191
0.05172200394736037,0.19641557181958846,0.04229334870961152,TRUE,S2_annotated,191
0.06022702644536093,0.19866509997127382,0.002341995379110281,TRUE,S3_cpg20,191
0.05511757094939629,0.20018157243889095,-0.021283010532226067,TRUE,S4_no_covariates,191
0.05511757094939629,0.20018157243889095,0.012813004390982458,TRUE,S5_expr_strata,191
0.03439362788491396,0.20238433741077014,0.0353387864144349,TRUE,S6_apul_plus_one,191
0.1575632476801474,0.20437275083012707,0.011030133127681082,TRUE,primary,192
0.16743636016816132,0.2038893055752111,-0.06629990149961043,TRUE,S1_joint,192
0.1552125747637088,0.1997270665962451,0.04869734666679472,TRUE,S2_annotated,192
0.17287636774820486,0.19499837662215933,-0.040759154796873955,TRUE,S3_cpg20,192
0.1575632476801474,0.20437275083012707,-0.025546288118565626,TRUE,S4_no_covariates,192
0.1575632476801474,0.20437275083012707,0.009219331725915197,TRUE,S5_expr_strata,192
0.1419959309238214,0.20256286534558268,0.012913224308523446,TRUE,S6_apul_plus_one,192
0.11163299283337264,0.21511889933228995,0.006559898649665432,TRUE,primary,193
0.11605797949464569,0.21312777273881237,-0.05699612838989639,TRUE,S1_joint,193
0.1105330395961549,0.2066684383672622,0.03365503968389464,TRUE,S2_annotated,193
0.13070435495140598,0.20362698228464815,-0.029361402013316985,TRUE,S3_cpg20,193
0.11163299283337264,0.21511889933228995,-0.028245487146613447,TRUE,S4_no_covariates,193
0.11163299283337264,0.21511889933228995,0.005459825415571135,TRUE,S5_expr_strata,193
0.10208840751028908,0.21267773177159538,0.00579075477789908,TRUE,S6_apul_plus_one,193
0.07070540085043608,0.2056406234116374,-9.274013108392619e-4,TRUE,primary,194
0.07518608152625067,0.2062346377716574,-0.033198015194302925,TRUE,S1_joint,194
0.06963130766160786,0.1967882242687949,0.025635969179305683,TRUE,S2_annotated,194
0.07269451019731576,0.20378650307862195,0.020118991885320306,TRUE,S3_cpg20,194
0.07070540085043608,0.2056406234116374,-0.02754697061388247,TRUE,S4_no_covariates,194
0.07070540085043608,0.2056406234116374,-0.002979221085533888,TRUE,S5_expr_strata,194
0.05055241630982493,0.2082090113100488,0.014919574468985126,TRUE,S6_apul_plus_one,194
0.060173517482284666,0.2204846200793121,0.0023111661659329014,TRUE,primary,195
0.07312886609577723,0.21287566201249974,-0.07308630277084499,TRUE,S1_joint,195
0.05827030576772618,0.20891760068529602,0.033455572439174575,TRUE,S2_annotated,195
0.06902292617502881,0.21550154195378418,3.4431125255948133e-4,TRUE,S3_cpg20,195
0.060173517482284666,0.2204846200793121,-0.027343497951220597,TRUE,S4_no_covariates,195
0.060173517482284666,0.2204846200793121,-6.640356541114643e-6,TRUE,S5_expr_strata,195
0.047437549560352565,0.2161175312742763,0.00135886541346276,TRUE,S6_apul_plus_one,195
0.14936279458860696,0.1995269056457511,-0.017870378774089406,TRUE,primary,196
0.15129997239604853,0.19791802615639753,-0.09281410867154177,TRUE,S1_joint,196
0.14654322003395415,0.19253353496448103,0.011053885795022643,TRUE,S2_annotated,196
0.13745229515467572,0.1984742695176446,-0.03389291934889885,TRUE,S3_cpg20,196
0.14936279458860696,0.1995269056457511,-0.04086375057050921,TRUE,S4_no_covariates,196
0.14936279458860696,0.1995269056457511,-0.017209252886903986,TRUE,S5_expr_strata,196
0.13677489664176123,0.20096106579720122,-0.019469604321354615,TRUE,S6_apul_plus_one,196
0.05915748026809747,0.19234995917577222,-0.0028703759719294155,TRUE,primary,197
0.07917509069005763,0.18721394422964394,-0.06835480768335339,TRUE,S1_joint,197
0.057941511852677874,0.18322371839790644,0.031250717683816924,TRUE,S2_annotated,197
0.05905863556729157,0.18639722255924393,-0.012672801845630799,TRUE,S3_cpg20,197
0.05915748026809747,0.19234995917577222,-0.02326616576401104,TRUE,S4_no_covariates,197
0.05915748026809747,0.19234995917577222,-0.006031156009575477,TRUE,S5_expr_strata,197
0.05085229566979055,0.19031246266190976,0.008588047288101143,TRUE,S6_apul_plus_one,197
0.058966124646634255,0.19638192957150621,-0.004611578468117044,TRUE,primary,198
0.05572753544718706,0.19576106789996278,-0.05780593648164425,TRUE,S1_joint,198
0.05810708191374603,0.18807419303896558,0.021094637873649458,TRUE,S2_annotated,198
0.06216586860423445,0.1925807792089076,-0.011923810246355521,TRUE,S3_cpg20,198
0.058966124646634255,0.19638192957150621,-0.027131373762270546,TRUE,S4_no_covariates,198
0.058966124646634255,0.19638192957150621,-0.006961279108385229,TRUE,S5_expr_strata,198
0.03324258179088596,0.20462256824602398,-0.01245750580536021,TRUE,S6_apul_plus_one,198
0.13251588862812624,0.22292372518239553,0.00827170250944582,TRUE,primary,199
0.13171335553241165,0.21887519875597217,-0.08029327890275294,TRUE,S1_joint,199
0.12737564619182296,0.21797131421029525,0.04256973384622869,TRUE,S2_annotated,199
0.14352821381267117,0.21920136635815338,-0.02967646042887479,TRUE,S3_cpg20,199
0.13251588862812624,0.22292372518239553,-0.02614897917453602,TRUE,S4_no_covariates,199
0.13251588862812624,0.22292372518239553,0.0021117444964866114,TRUE,S5_expr_strata,199
0.11421011795653191,0.2238832968902115,-0.008057599773256327,TRUE,S6_apul_plus_one,199
0.09784440032026492,0.19156707542041357,6.67664988050682e-4,TRUE,primary,200
0.1026217676886435,0.19111815157083148,-0.03714902534965305,TRUE,S1_joint,200
0.09156233491671656,0.18633208572106488,0.0384589908316908,TRUE,S2_annotated,200
0.10130799288002107,0.1880232235609446,-0.02041301798691718,TRUE,S3_cpg20,200
0.09784440032026492,0.19156707542041357,-0.026385847329003276,TRUE,S4_no_covariates,200
0.09784440032026492,0.19156707542041357,-0.002065784069386377,TRUE,S5_expr_strata,200
0.08756845394018742,0.18700617611764386,0.0067424908079031,TRUE,S6_apul_plus_one,200
0.09229208397645627,0.21665511787233271,-0.00929237900757843,TRUE,primary,201
0.08898435777947122,0.21947190717687057,-0.0414724484194,TRUE,S1_joint,201
0.09448604118194542,0.2042932836552681,0.021589518751077993,TRUE,S2_annotated,201
0.0918962239177532,0.2106146241635386,-0.03216396094788173,TRUE,S3_cpg20,201
0.09229208397645627,0.21665511787233271,-0.029954352918302497,TRUE,S4_no_covariates,201
0.09229208397645627,0.21665511787233271,-0.009231744642292962,TRUE,S5_expr_strata,201
0.07781375033042492,0.21987125504803398,-0.012561510201823878,TRUE,S6_apul_plus_one,201
0.08760936351564041,0.20200349936319,-0.02461254273250778,TRUE,primary,202
0.11999422742928617,0.19315078867119795,-0.08816646187565177,TRUE,S1_joint,202
0.08718548614391347,0.19550660209982845,0.005078681470234644,TRUE,S2_annotated,202
0.08387034486375539,0.20019235089243909,-0.05365194411876546,TRUE,S3_cpg20,202
0.08760936351564041,0.20200349936319,-0.04929126021663024,TRUE,S4_no_covariates,202
0.08760936351564041,0.20200349936319,-0.02519029749976547,TRUE,S5_expr_strata,202
0.07306753839191016,0.2007960766318672,-0.026236111746770138,TRUE,S6_apul_plus_one,202
0.09354144678297344,0.1980579058363869,-0.007756816126791256,TRUE,primary,203
0.0913805916326309,0.19691025513642957,-0.05168383305930032,TRUE,S1_joint,203
0.09158201461771937,0.19157422994664997,0.033933079633631846,TRUE,S2_annotated,203
0.08695983622220138,0.19496248964890878,-0.031045825841427257,TRUE,S3_cpg20,203
0.09354144678297344,0.1980579058363869,-0.032349709745002085,TRUE,S4_no_covariates,203
0.09354144678297344,0.1980579058363869,-0.008052336680599806,TRUE,S5_expr_strata,203
0.07883742382731473,0.19783862665543578,-7.048336402794162e-4,TRUE,S6_apul_plus_one,203
0.052212360126956625,0.2305741914265583,-0.008783450840017986,TRUE,primary,204
0.05534597407757286,0.23410326339785983,-0.08422210581880803,TRUE,S1_joint,204
0.05525163701961899,0.22715007688868344,0.02012433208425242,TRUE,S2_annotated,204
0.05045776374688993,0.22190770058322673,-0.06679220556400918,TRUE,S3_cpg20,204
0.052212360126956625,0.2305741914265583,-0.038844428434821235,TRUE,S4_no_covariates,204
0.052212360126956625,0.2305741914265583,-0.010945206239694642,TRUE,S5_expr_strata,204
0.037485710172867504,0.23255446372151414,-0.01400461846797012,TRUE,S6_apul_plus_one,204
0.10556884614422812,0.22474583964272035,0.01820467984092934,TRUE,primary,205
0.11161365422705727,0.22226374002185853,-0.031536145116572156,TRUE,S1_joint,205
0.10499514814644645,0.2246652042784941,0.06531181439062034,TRUE,S2_annotated,205
0.11647935662068981,0.2144967034171283,-0.027234198735250726,TRUE,S3_cpg20,205
0.10556884614422812,0.22474583964272035,-0.017351931777968482,TRUE,S4_no_covariates,205
0.10556884614422812,0.22474583964272035,0.013471062932590575,TRUE,S5_expr_strata,205
0.0933069817116512,0.22281278514220537,0.010637771113026408,TRUE,S6_apul_plus_one,205
0.05835183518425441,0.20344629271611825,-0.006518439357397322,TRUE,primary,206
0.06131204664463852,0.20259290405793037,-0.04603198284178902,TRUE,S1_joint,206
0.059543668212484524,0.19327909331504933,0.023381565177828228,TRUE,S2_annotated,206
0.05186215394666088,0.20494174888209485,-0.042164954455405766,TRUE,S3_cpg20,206
0.05835183518425441,0.20344629271611825,-0.0379642062733134,TRUE,S4_no_covariates,206
0.05835183518425441,0.20344629271611825,-0.007178619058832557,TRUE,S5_expr_strata,206
0.03640583816475096,0.20615856553225806,0.012334658341728316,TRUE,S6_apul_plus_one,206
0.0871944918989302,0.19704542152894772,-0.025859123167154833,TRUE,primary,207
0.0732436815972598,0.19907593016480407,-0.11553309723001867,TRUE,S1_joint,207
0.09129511990583261,0.18812656228999183,0.009470033974490866,TRUE,S2_annotated,207
0.0771594977402777,0.19320300575825716,-0.07554827672235084,TRUE,S3_cpg20,207
0.0871944918989302,0.19704542152894772,-0.05141799475937706,TRUE,S4_no_covariates,207
0.0871944918989302,0.19704542152894772,-0.02198937312870351,TRUE,S5_expr_strata,207
0.06093856454585145,0.20032988717884817,-0.061061846705151045,TRUE,S6_apul_plus_one,207
0.12088259011806174,0.20937119274638075,-0.009963360022863937,TRUE,primary,208
0.1326398415250894,0.20155429789546078,-0.09430103272355664,TRUE,S1_joint,208
0.1212350073025294,0.20455951633831154,0.030121891715558586,TRUE,S2_annotated,208
0.11797955069132243,0.20177588816164801,-0.06674657260335187,TRUE,S3_cpg20,208
0.12088259011806174,0.20937119274638075,-0.04047044524664825,TRUE,S4_no_covariates,208
0.12088259011806174,0.20937119274638075,-0.007926269955350392,TRUE,S5_expr_strata,208
0.11425865847794897,0.20165492406091964,-0.001951760106194701,TRUE,S6_apul_plus_one,208
0.07782069961537369,0.20446076037696864,-0.014838101913538727,TRUE,primary,209
0.08779503708100889,0.20240594907159856,-0.08154971041418356,TRUE,S1_joint,209
0.07885541232027288,0.19408500113696414,0.02140789029055385,TRUE,S2_annotated,209
0.07711262423631343,0.19991963984090097,-0.03953736187053105,TRUE,S3_cpg20,209
0.07782069961537369,0.20446076037696864,-0.04199667227190775,TRUE,S4_no_covariates,209
0.07782069961537369,0.20446076037696864,-0.013067723101868274,TRUE,S5_expr_strata,209
0.06273667364297725,0.2080249156127838,-0.02951493787945495,TRUE,S6_apul_plus_one,209
0.09611466235917332,0.1997633261458384,-0.018221428749507586,TRUE,primary,210
0.09763977229166543,0.19272442579787108,-0.09354394024265768,TRUE,S1_joint,210
0.09082588590890661,0.1938591473946459,0.025780852030031557,TRUE,S2_annotated,210
0.09608034396991649,0.19272646002359867,-0.041681879106119174,TRUE,S3_cpg20,210
0.09611466235917332,0.1997633261458384,-0.0472231444083014,TRUE,S4_no_covariates,210
0.09611466235917332,0.1997633261458384,-0.020891459700350626,TRUE,S5_expr_strata,210
0.0739547294646476,0.19791685070044107,-0.023248923552863444,TRUE,S6_apul_plus_one,210
0.008783900160772184,0.21545619344723477,0.00675572806939512,TRUE,primary,211
0.003098496879830104,0.23069955863252947,-0.05254970875194257,TRUE,S1_joint,211
0.008550862763829326,0.2058460717664875,0.04276738052912871,TRUE,S2_annotated,211
0.011911028551023273,0.2115679284405367,0.00476844848888598,TRUE,S3_cpg20,211
0.008783900160772184,0.21545619344723477,-0.02432166701001976,TRUE,S4_no_covariates,211
0.008783900160772184,0.21545619344723477,0.007423553434890954,TRUE,S5_expr_strata,211
-0.013371769346616713,0.2323915398474185,-0.013645781996334884,TRUE,S6_apul_plus_one,211
0.13267937756718612,0.22389246856898598,0.021687402399219888,TRUE,primary,212
0.15826436847058611,0.21329612430550735,-0.03964394856614246,TRUE,S1_joint,212
0.12065141619188269,0.21918592481322488,0.05825837286839403,TRUE,S2_annotated,212
0.12662784367106705,0.22925827108519797,0.04465674189754263,TRUE,S3_cpg20,212
0.13267937756718612,0.22389246856898598,-0.014756285238597068,TRUE,S4_no_covariates,212
0.13267937756718612,0.22389246856898598,0.01580269216322843,TRUE,S5_expr_strata,212
0.12116065037830004,0.2212491270693297,0.03805367080403334,TRUE,S6_apul_plus_one,212
0.04573390214410927,0.19704884489024954,-0.006198609865170913,TRUE,primary,213
0.05919529406318641,0.19617166060343255,-0.059176095826543554,TRUE,S1_joint,213
0.041207592256796766,0.19286324079896916,0.03222903348392022,TRUE,S2_annotated,213
0.04458065702227193,0.19685936707912416,-0.0013809155630416276,TRUE,S3_cpg20,213
0.04573390214410927,0.19704884489024954,-0.03250439968580475,TRUE,S4_no_covariates,213
0.04573390214410927,0.19704884489024954,-0.009186860618181289,TRUE,S5_expr_strata,213
0.030922745280889896,0.20054516119877974,-0.008810497671639987,TRUE,S6_apul_plus_one,213
0.08732527571267568,0.1934339811728793,-0.012595433005528617,TRUE,primary,214
0.09670130160222157,0.19137443901576368,-0.06037113181307554,TRUE,S1_joint,214
0.08496144312540133,0.18997336060299483,0.024086125474045803,TRUE,S2_annotated,214
0.08200356600023245,0.187695067910048,-0.030783553222382395,TRUE,S3_cpg20,214
0.08732527571267568,0.1934339811728793,-0.033800682573797924,TRUE,S4_no_covariates,214
0.08732527571267568,0.1934339811728793,-0.014779560092222126,TRUE,S5_expr_strata,214
0.07353683584961257,0.19432225947517828,-0.011819694124595407,TRUE,S6_apul_plus_one,214
0.09885177754238761,0.20325750839283835,-0.016981744457889466,TRUE,primary,215
0.10228316653525882,0.20235535943200833,-0.0876734763463555,TRUE,S1_joint,215
0.10217900514650163,0.19565957360433806,0.0290001538399238,TRUE,S2_annotated,215
0.09575503137436397,0.19563456921606878,-0.055395885038042735,TRUE,S3_cpg20,215
0.09885177754238761,0.20325750839283835,-0.04600219289311305,TRUE,S4_no_covariates,215
0.09885177754238761,0.20325750839283835,-0.016038810765920824,TRUE,S5_expr_strata,215
0.08529339414229947,0.2044678752149422,-0.038999014832826036,TRUE,S6_apul_plus_one,215
0.1080906011878911,0.2093156906262978,0.006642790590861824,TRUE,primary,216
0.10266026475854284,0.21244027518584613,-0.06098872464173117,TRUE,S1_joint,216
0.10518649679343778,0.2067445505605639,0.039305470725037456,TRUE,S2_annotated,216
0.10050288918994393,0.201615437238739,-0.018455849023713677,TRUE,S3_cpg20,216
0.1080906011878911,0.2093156906262978,-0.02499333954509822,TRUE,S4_no_covariates,216
0.1080906011878911,0.2093156906262978,0.0037380321363978584,TRUE,S5_expr_strata,216
0.09161613229142318,0.2079449995163581,-0.015910534019550265,TRUE,S6_apul_plus_one,216
0.03573678555235038,0.2326297713763865,-0.012384185784246937,TRUE,primary,217
0.03036882164280863,0.23282073067911574,-0.09872128908807346,TRUE,S1_joint,217
0.03576240230568428,0.2267241396795181,0.023483606768884644,TRUE,S2_annotated,217
0.029967295338749256,0.22277946522828052,-0.0456361292094349,TRUE,S3_cpg20,217
0.03573678555235038,0.2326297713763865,-0.036716681403189275,TRUE,S4_no_covariates,217
0.03573678555235038,0.2326297713763865,-0.009998964001033542,TRUE,S5_expr_strata,217
0.01049600587006344,0.2361753932171418,-0.021232575681640626,TRUE,S6_apul_plus_one,217
0.11481869011975454,0.20435566656538806,0.0010841908758556324,TRUE,primary,218
0.11511724385463512,0.20566278720732284,-0.0246948469445078,TRUE,S1_joint,218
0.11397339576288518,0.19598709116312946,0.030598172154020647,TRUE,S2_annotated,218
0.11773948054482586,0.2025722058282642,-0.02428460882948048,TRUE,S3_cpg20,218
0.11481869011975454,0.20435566656538806,-0.0289451748459123,TRUE,S4_no_covariates,218
0.11481869011975454,0.20435566656538806,8.259099089902838e-4,TRUE,S5_expr_strata,218
0.10279795297518968,0.20354192600388116,0.010172568416796245,TRUE,S6_apul_plus_one,218
0.07003545891332347,0.20504378805720522,-0.004364319558478666,TRUE,primary,219
0.06724554295765739,0.209770660720423,-0.07064212053221725,TRUE,S1_joint,219
0.06112604496263496,0.19932609079374375,0.04165877155484651,TRUE,S2_annotated,219
0.06704541924236262,0.20635910286863118,-0.007937074478687998,TRUE,S3_cpg20,219
0.07003545891332347,0.20504378805720522,-0.03358766578831403,TRUE,S4_no_covariates,219
0.07003545891332347,0.20504378805720522,-0.006043963610745841,TRUE,S5_expr_strata,219
0.04675774295632812,0.20538642581501002,-0.019518831804960675,TRUE,S6_apul_plus_one,219
0.11232014516847522,0.212685812232548,-0.0010187762425228931,TRUE,primary,220
0.0957570550501709,0.2088892059227517,-0.08741276456742081,TRUE,S1_joint,220
0.10832799765381323,0.2052158847039625,0.042213340033220345,TRUE,S2_annotated,220
0.11034551536127735,0.2027862008641964,-0.02807235956680445,TRUE,S3_cpg20,220
0.11232014516847522,0.212685812232548,-0.029069634100648577,TRUE,S4_no_covariates,220
0.11232014516847522,0.212685812232548,-0.0018742003147297125,TRUE,S5_expr_strata,220
0.08492560332974292,0.21003810817699692,-0.020381652293857768,TRUE,S6_apul_plus_one,220
0.04008737961663339,0.23561672472252537,-0.02391475167685808,TRUE,primary,221
0.038152295348877985,0.2361358665864794,-0.09378121319212233,TRUE,S1_joint,221
0.0475755934376722,0.22821703548383035,0.01507490773292484,TRUE,S2_annotated,221
0.03791102143360675,0.2282156394988077,-0.06631207670760123,TRUE,S3_cpg20,221
0.04008737961663339,0.23561672472252537,-0.05368897582465721,TRUE,S4_no_covariates,221
0.04008737961663339,0.23561672472252537,-0.02340431114854751,TRUE,S5_expr_strata,221
0.02536220778284415,0.23663802147661184,-0.039957910133416624,TRUE,S6_apul_plus_one,221
0.07301209077996101,0.2104130440303021,0.008049815966824464,TRUE,primary,222
0.06329895862282392,0.2052501357067488,-0.03696485234691697,TRUE,S1_joint,222
0.07894956138936948,0.20306677161159173,0.034787466246623384,TRUE,S2_annotated,222
0.09417655937991304,0.20637698715826416,-0.02400865255991596,TRUE,S3_cpg20,222
0.07301209077996101,0.2104130440303021,-0.020506485056325786,TRUE,S4_no_covariates,222
0.07301209077996101,0.2104130440303021,0.007136849136556836,TRUE,S5_expr_strata,222
0.054622777116187626,0.2066832204779649,-2.405357694070518e-4,TRUE,S6_apul_plus_one,222
0.0568225108160183,0.20445281246057825,0.009049603364645352,TRUE,primary,223
0.0636856032293549,0.20758440488297664,-0.04649422705032564,TRUE,S1_joint,223
0.05911538941239802,0.1968145605840702,0.011056016723015203,TRUE,S2_annotated,223
0.06810050225875497,0.19960036596765976,-0.03018150870152064,TRUE,S3_cpg20,223
0.0568225108160183,0.20445281246057825,-0.019448414835175204,TRUE,S4_no_covariates,223
0.0568225108160183,0.20445281246057825,0.005783931633548158,TRUE,S5_expr_strata,223
0.03931391382896554,0.20695136053893723,-0.015357544491328501,TRUE,S6_apul_plus_one,223
0.10941167607753083,0.21164210541751316,-3.811664070229288e-4,TRUE,primary,224
0.11549910767255878,0.20848470412677494,-0.07546308906007895,TRUE,S1_joint,224
0.10721228663071797,0.20917920666742534,0.043517534932991674,TRUE,S2_annotated,224
0.10935203311302583,0.20356905670905093,-0.02881483849905104,TRUE,S3_cpg20,224
0.10941167607753083,0.21164210541751316,-0.032024667846370695,TRUE,S4_no_covariates,224
0.10941167607753083,0.21164210541751316,-0.002482865721300314,TRUE,S5_expr_strata,224
0.09337380387631916,0.21344070871546403,0.0010272765535072417,TRUE,S6_apul_plus_one,224
0.06228701709025103,0.20773895020127325,-0.001266261172083189,TRUE,primary,225
0.05169728777708105,0.211228224647203,-0.04556584360994383,TRUE,S1_joint,225
0.06429170568300469,0.20267530163769357,0.02633189220098493,TRUE,S2_annotated,225
0.06141874800867425,0.20621496591838748,-0.05280109527366302,TRUE,S3_cpg20,225
0.06228701709025103,0.20773895020127325,-0.03199498191012068,TRUE,S4_no_covariates,225
0.06228701709025103,0.20773895020127325,3.6694851677125017e-4,TRUE,S5_expr_strata,225
0.03440896398850041,0.21297225540215733,-0.005250191822790299,TRUE,S6_apul_plus_one,225
0.10525318137527834,0.21068831016037431,-0.01548582832806753,TRUE,primary,226
0.11815257782437366,0.20295847751808196,-0.10206682087967484,TRUE,S1_joint,226
0.11248380566299304,0.2026119267544512,0.01813948023421996,TRUE,S2_annotated,226
0.1127018652824659,0.20153819329703854,-0.06322802230135302,TRUE,S3_cpg20,226
0.10525318137527834,0.21068831016037431,-0.042172653478303845,TRUE,S4_no_covariates,226
0.10525318137527834,0.21068831016037431,-0.01316401804509619,TRUE,S5_expr_strata,226
0.08790312604383238,0.20850599682305243,-0.028575525942506844,TRUE,S6_apul_plus_one,226
0.1297141697292169,0.20725889059350378,-0.003510242999708685,TRUE,primary,227
0.12006987062977797,0.20316309034041297,-0.07317871055248278,TRUE,S1_joint,227
0.12743721400305158,0.20288803090254084,0.03896229072785861,TRUE,S2_annotated,227
0.12276351973473054,0.19873808940058887,-0.036320777798503276,TRUE,S3_cpg20,227
0.1297141697292169,0.20725889059350378,-0.030838847768701782,TRUE,S4_no_covariates,227
0.1297141697292169,0.20725889059350378,-0.005118638773596374,TRUE,S5_expr_strata,227
0.10852173129700904,0.20611998177104843,-0.019662136867938974,TRUE,S6_apul_plus_one,227
0.08425196448999323,0.19633129018368525,-0.007365125339270543,TRUE,primary,228
0.07141584357394498,0.2057640523823314,-0.07690236834805757,TRUE,S1_joint,228
0.08596955467414857,0.19234873167106242,0.02935400158013904,TRUE,S2_annotated,228
0.08298700215656823,0.18814410069924106,-0.04519346971022432,TRUE,S3_cpg20,228
0.08425196448999323,0.19633129018368525,-0.03623366586873811,TRUE,S4_no_covariates,228
0.08425196448999323,0.19633129018368525,-0.005315191430538821,TRUE,S5_expr_strata,228
0.06500988549909037,0.20217867108171808,-0.03690997419453218,TRUE,S6_apul_plus_one,228
0.11353955509694985,0.1947182792404533,-0.006049991374098907,TRUE,primary,229
0.12328108819015926,0.18713998809363777,-0.05010636528141174,TRUE,S1_joint,229
0.11636370737531415,0.1868655348867397,0.022713961564673747,TRUE,S2_annotated,229
0.10898855395471929,0.19316182030259704,-0.03861997830434061,TRUE,S3_cpg20,229
0.11353955509694985,0.1947182792404533,-0.026075269045181263,TRUE,S4_no_covariates,229
0.11353955509694985,0.1947182792404533,-0.003147133003122745,TRUE,S5_expr_strata,229
0.09902951480384353,0.1926682352707163,-0.005787282572851829,TRUE,S6_apul_plus_one,229
0.09823822724196551,0.2066409182581622,-0.0030176529843097574,TRUE,primary,230
0.10613142725299618,0.20433150426835156,-0.05132783187498725,TRUE,S1_joint,230
0.0933074667078913,0.20514667339370202,0.03841719020221886,TRUE,S2_annotated,230
0.09530745211158087,0.20389042080651107,-0.00522587055062755,TRUE,S3_cpg20,230
0.09823822724196551,0.2066409182581622,-0.028031459326944307,TRUE,S4_no_covariates,230
0.09823822724196551,0.2066409182581622,-0.004148689283247412,TRUE,S5_expr_strata,230
0.08804177320368622,0.20132852205285484,0.011981639655785496,TRUE,S6_apul_plus_one,230
0.03521033336782592,0.21455669388184692,-0.0063747307448204765,TRUE,primary,231
0.03501900235048966,0.21532087569568778,-0.08611763668186963,TRUE,S1_joint,231
0.04225273569827892,0.20465108765771164,0.02608135148742472,TRUE,S2_annotated,231
0.03617115539430921,0.21069002881558196,-0.034010153955315564,TRUE,S3_cpg20,231
0.03521033336782592,0.21455669388184692,-0.04270284647310237,TRUE,S4_no_covariates,231
0.03521033336782592,0.21455669388184692,-0.007729409273557911,TRUE,S5_expr_strata,231
0.023440195721969204,0.2173392685197089,-0.019809613869648326,TRUE,S6_apul_plus_one,231
0.07599408380858741,0.20736362481721274,-0.02226684977749812,TRUE,primary,232
0.07126133010170604,0.20438078794980755,-0.12219130562729655,TRUE,S1_joint,232
0.07801814783395788,0.20278527186490994,0.021399925860568454,TRUE,S2_annotated,232
0.0596113088314868,0.2069159711217211,-0.0534121529315008,TRUE,S3_cpg20,232
0.07599408380858741,0.20736362481721274,-0.04787859331752494,TRUE,S4_no_covariates,232
0.07599408380858741,0.20736362481721274,-0.016896864509865953,TRUE,S5_expr_strata,232
0.05619013747576235,0.21373949231094874,-0.05265290292810567,TRUE,S6_apul_plus_one,232
0.12569600836050426,0.21773405778633856,0.008679131102438033,TRUE,primary,233
0.14051593112660948,0.21609850666345973,-0.037017797193385146,TRUE,S1_joint,233
0.11657023462265798,0.21385616736310267,0.04463107652908879,TRUE,S2_annotated,233
0.14100166482926818,0.20873266377488175,-0.02617237722416615,TRUE,S3_cpg20,233
0.12569600836050426,0.21773405778633856,-0.024857249997250943,TRUE,S4_no_covariates,233
0.12569600836050426,0.21773405778633856,0.0055361009832488,TRUE,S5_expr_strata,233
0.10362216492356463,0.21828362155558353,0.014891005011719874,TRUE,S6_apul_plus_one,233
0.1081998485864229,0.20708956798045566,-0.015372273903283353,TRUE,primary,234
0.12356406969992029,0.20224731886059344,-0.10923347424333188,TRUE,S1_joint,234
0.10870720408134427,0.19659287214749752,0.011077139317224394,TRUE,S2_annotated,234
0.1147696918907824,0.19792663081962844,-0.07120042980938225,TRUE,S3_cpg20,234
0.1081998485864229,0.20708956798045566,-0.039202752547230844,TRUE,S4_no_covariates,234
0.1081998485864229,0.20708956798045566,-0.014833318467486964,TRUE,S5_expr_strata,234
0.09025381598556714,0.20462051788892804,-0.01784224015636764,TRUE,S6_apul_plus_one,234
0.04477187148297962,0.19096081980401727,-0.010632994072911172,TRUE,primary,235
0.04792268050325177,0.18389683411920124,-0.05449953858942179,TRUE,S1_joint,235
0.04339175706273046,0.18662646493572635,0.023772225598454176,TRUE,S2_annotated,235
0.04733827968139964,0.19112354900570544,-0.01786453194011142,TRUE,S3_cpg20,235
0.04477187148297962,0.19096081980401727,-0.04160150739516875,TRUE,S4_no_covariates,235
0.04477187148297962,0.19096081980401727,-0.012866641624884378,TRUE,S5_expr_strata,235
0.027905571186113642,0.18984416962531242,0.003522232483993267,TRUE,S6_apul_plus_one,235
0.06283588506161969,0.20816318403614995,-0.02127868322831147,TRUE,primary,236
0.08166697631279657,0.20672205325357335,-0.05940671564274595,TRUE,S1_joint,236
0.0626244419116499,0.1938851270643666,0.013405649210563843,TRUE,S2_annotated,236
0.06970417356153319,0.20389693262365902,-0.01727507095629481,TRUE,S3_cpg20,236
0.06283588506161969,0.20816318403614995,-0.039883090794858654,TRUE,S4_no_covariates,236
0.06283588506161969,0.20816318403614995,-0.023142779181654735,TRUE,S5_expr_strata,236
0.04409671929082154,0.21162302770513744,-0.010950506217205048,TRUE,S6_apul_plus_one,236
0.07305463435354875,0.20196896137239662,-0.01234455149719183,TRUE,primary,237
0.08896497956918142,0.207779629271931,-0.06909952172676058,TRUE,S1_joint,237
0.07381698996668595,0.19240422083141642,0.014529741699739298,TRUE,S2_annotated,237
0.0834238829297358,0.19556428370022952,-0.034035435276039326,TRUE,S3_cpg20,237
0.07305463435354875,0.20196896137239662,-0.043586021261281624,TRUE,S4_no_covariates,237
0.07305463435354875,0.20196896137239662,-0.012229292022082611,TRUE,S5_expr_strata,237
0.060087228059994835,0.20716779200312133,-0.002573741782523329,TRUE,S6_apul_plus_one,237
0.1310751617461573,0.20464777044687435,-0.013063439123125667,TRUE,primary,238
0.1306137442766766,0.20672923261419807,-0.062195829690516714,TRUE,S1_joint,238
0.12606867317205317,0.1944727861295694,0.01833132415091084,TRUE,S2_annotated,238
0.12890092632640077,0.20074294858390285,-0.03144972994040995,TRUE,S3_cpg20,238
0.1310751617461573,0.20464777044687435,-0.03961537002975458,TRUE,S4_no_covariates,238
0.1310751617461573,0.20464777044687435,-0.011599600487010649,TRUE,S5_expr_strata,238
0.11648100598277783,0.19800143093966244,-0.022421899958962915,TRUE,S6_apul_plus_one,238
0.08277535307348394,0.20170454422829806,-0.009248505492867631,TRUE,primary,239
0.07803177107234793,0.19942757772624756,-0.07441743844660408,TRUE,S1_joint,239
0.07637411788706455,0.19548522277312036,0.0333234770450899,TRUE,S2_annotated,239
0.07232750646780095,0.2034048136172151,-0.018784039080876846,TRUE,S3_cpg20,239
0.08277535307348394,0.20170454422829806,-0.03343344823065242,TRUE,S4_no_covariates,239
0.08277535307348394,0.20170454422829806,-0.007209771500238766,TRUE,S5_expr_strata,239
0.057004968303374925,0.1998357902878886,-0.0015226817378998394,TRUE,S6_apul_plus_one,239
0.10400441568537594,0.2156772809117331,0.005535517946708087,TRUE,primary,240
0.10544976124288452,0.21439989176406596,-0.08260206479849554,TRUE,S1_joint,240
0.10395148251747488,0.2094113649403638,0.05282212560198652,TRUE,S2_annotated,240
0.10103399653059869,0.20868116023378916,-0.0341130851828223,TRUE,S3_cpg20,240
0.10400441568537594,0.2156772809117331,-0.026408928903902763,TRUE,S4_no_covariates,240
0.10400441568537594,0.2156772809117331,0.002625344899162229,TRUE,S5_expr_strata,240
0.08962748532709475,0.2132667557380973,-0.0018104687338178038,TRUE,S6_apul_plus_one,240
0.0744030039868388,0.20450388449075604,0.008229205147952001,TRUE,primary,241
0.08179542146853219,0.20833488377350506,-0.02280241129755483,TRUE,S1_joint,241
0.07128208801383762,0.19646243619300277,0.03282788978427043,TRUE,S2_annotated,241
0.07918231354709254,0.19673242034817479,-0.041588367423485206,TRUE,S3_cpg20,241
0.0744030039868388,0.20450388449075604,-0.017209199143582054,TRUE,S4_no_covariates,241
0.0744030039868388,0.20450388449075604,0.0067787767060618455,TRUE,S5_expr_strata,241
0.056594408763787796,0.20747533392335793,0.01869503302609138,TRUE,S6_apul_plus_one,241
0.10215357728983337,0.20843157248951066,-0.008041675031333996,TRUE,primary,242
0.10926673208804677,0.21226760375995488,-0.08507624514457367,TRUE,S1_joint,242
0.10125870305597123,0.20060294702293005,0.029183535882881948,TRUE,S2_annotated,242
0.08708900487311877,0.20467442173898076,-0.013311077208492294,TRUE,S3_cpg20,242
0.10215357728983337,0.20843157248951066,-0.031914008652328275,TRUE,S4_no_covariates,242
0.10215357728983337,0.20843157248951066,-0.00783796489693596,TRUE,S5_expr_strata,242
0.08048120470600079,0.2094142786796177,-0.002714392301933941,TRUE,S6_apul_plus_one,242
0.11573138751147788,0.19187936234376293,-1.0873081128232749e-4,TRUE,primary,243
0.11703300517218623,0.187865590761544,-0.05296135737548486,TRUE,S1_joint,243
0.11314116426228427,0.1883492742441512,0.02697701303489041,TRUE,S2_annotated,243
0.11203114415147891,0.19142611658671024,-0.009845221250085395,TRUE,S3_cpg20,243
0.11573138751147788,0.19187936234376293,-0.03549308683442729,TRUE,S4_no_covariates,243
0.11573138751147788,0.19187936234376293,-7.2876834115846e-4,TRUE,S5_expr_strata,243
0.10451810665722999,0.1905436943627081,-6.52730689636577e-4,TRUE,S6_apul_plus_one,243
0.08220566972684806,0.20056194715288836,-0.00530002666390341,TRUE,primary,244
0.08603886244045283,0.19895098673712916,-0.06438314358722357,TRUE,S1_joint,244
0.08015308151777067,0.19559519085364044,0.0289714914747525,TRUE,S2_annotated,244
0.07695680796270649,0.1927460540566161,-0.026660977061339592,TRUE,S3_cpg20,244
0.08220566972684806,0.20056194715288836,-0.035746299860150064,TRUE,S4_no_covariates,244
0.08220566972684806,0.20056194715288836,-0.00484623801185454,TRUE,S5_expr_strata,244
0.0647982067209193,0.19987048387289413,8.135916212827045e-4,TRUE,S6_apul_plus_one,244
0.046157335858313386,0.2097050598810649,-0.009183827761315511,TRUE,primary,245
0.04502928714202081,0.20824627359602618,-0.07593564493516347,TRUE,S1_joint,245
0.04191583696653389,0.2011555277449308,0.03550697745687379,TRUE,S2_annotated,245
0.04286184220030259,0.2020140060517501,-0.017339546298964257,TRUE,S3_cpg20,245
0.046157335858313386,0.2097050598810649,-0.032543237644606135,TRUE,S4_no_covariates,245
0.046157335858313386,0.2097050598810649,-0.009295562499478993,TRUE,S5_expr_strata,245
0.02593657233044866,0.20952651747980755,0.002944451579380804,TRUE,S6_apul_plus_one,245
0.06339320189848185,0.19155447642986634,0.002370046889465031,TRUE,primary,246
0.06398504316887244,0.19141310797062921,-0.0571039856684738,TRUE,S1_joint,246
0.067505635970036,0.18618200799284343,0.039244146712470465,TRUE,S2_annotated,246
0.06633298993910774,0.18308972829088904,-0.028098981677468417,TRUE,S3_cpg20,246
0.06339320189848185,0.19155447642986634,-0.028945815921528645,TRUE,S4_no_covariates,246
0.06339320189848185,0.19155447642986634,0.0011595649494714074,TRUE,S5_expr_strata,246
0.049490050768829286,0.19419170619871345,-0.006447265354014811,TRUE,S6_apul_plus_one,246
0.07822457482711609,0.2071480721746388,-0.027079613421155675,TRUE,primary,247
0.06918139148460134,0.21572267688307442,-0.09797949678564263,TRUE,S1_joint,247
0.07417061931194707,0.197759101189848,0.005630750783634596,TRUE,S2_annotated,247
0.07692813889103473,0.19997697045577006,-0.03916951343756656,TRUE,S3_cpg20,247
0.07822457482711609,0.2071480721746388,-0.045780334302170024,TRUE,S4_no_covariates,247
0.07822457482711609,0.2071480721746388,-0.025589362246557563,TRUE,S5_expr_strata,247
0.054496607762688554,0.21390920629919438,-0.053106025804690066,TRUE,S6_apul_plus_one,247
0.15863946235016996,0.22854121288885973,0.020547794742142415,TRUE,primary,248
0.1517982964246773,0.22242980737634918,-0.011812730170349716,TRUE,S1_joint,248
0.15689109364470305,0.22700828983180016,0.04343547659528367,TRUE,S2_annotated,248
0.1709890852676888,0.21947335345618624,1.6937854863265344e-4,TRUE,S3_cpg20,248
0.15863946235016996,0.22854121288885973,-0.008506663975472766,TRUE,S4_no_covariates,248
0.15863946235016996,0.22854121288885973,0.016064893989740633,TRUE,S5_expr_strata,248
0.14325643947691963,0.22974169931011332,0.03171501103203337,TRUE,S6_apul_plus_one,248
0.1461975424656332,0.19755485441924608,-0.010562592177024158,TRUE,primary,249
0.1427338673322382,0.19310882868474674,-0.08819612534806086,TRUE,S1_joint,249
0.14578239313741592,0.19043309134487843,0.025579754817164846,TRUE,S2_annotated,249
0.1411015983038677,0.19459517974429735,-0.05418620527106116,TRUE,S3_cpg20,249
0.1461975424656332,0.19755485441924608,-0.03427781383825868,TRUE,S4_no_covariates,249
0.1461975424656332,0.19755485441924608,-0.008857418585308351,TRUE,S5_expr_strata,249
0.131495495241084,0.1941836715819309,-0.016822589995325012,TRUE,S6_apul_plus_one,249
0.023863718975486836,0.20121784296545742,0.003631056240554231,TRUE,primary,250
0.01393022399878957,0.2113812850761639,-0.02061640870012093,TRUE,S1_joint,250
0.015545046092264425,0.1960575995745791,0.03377478301008206,TRUE,S2_annotated,250
0.02863471033285203,0.19929624789009784,4.4401397084927315e-4,TRUE,S3_cpg20,250
0.023863718975486836,0.20121784296545742,-0.019819293816160793,TRUE,S4_no_covariates,250
0.023863718975486836,0.20121784296545742,0.002057719106493437,TRUE,S5_expr_strata,250
0.0018167591615299572,0.21180220871640795,0.019452183440627945,TRUE,S6_apul_plus_one,250
0.08188865007004775,0.2063823528018195,-0.0038183631773510266,TRUE,primary,251
0.06752292203412597,0.2165273631705953,-0.0772866526704607,TRUE,S1_joint,251
0.08508504514426524,0.19525604351959389,0.028064416677607822,TRUE,S2_annotated,251
0.08460988865843483,0.19413535099444976,-0.03332169963869533,TRUE,S3_cpg20,251
0.08188865007004775,0.2063823528018195,-0.035883564265462145,TRUE,S4_no_covariates,251
0.08188865007004775,0.2063823528018195,-0.003710536396862219,TRUE,S5_expr_strata,251
0.05343062699183193,0.21921903351811836,-0.01613169823471239,TRUE,S6_apul_plus_one,251
0.11474630416404435,0.22271740551798927,0.01365178271520405,TRUE,primary,252
0.12168622841658217,0.2254667593425947,-0.05495687044917969,TRUE,S1_joint,252
0.10608682391465968,0.21927241644601217,0.0496499254772824,TRUE,S2_annotated,252
0.1232531475272306,0.21406428278803533,-0.012317243132989666,TRUE,S3_cpg20,252
0.11474630416404435,0.22271740551798927,-0.019849462988655607,TRUE,S4_no_covariates,252
0.11474630416404435,0.22271740551798927,0.008528031005719364,TRUE,S5_expr_strata,252
0.09973082808419309,0.2242577649132703,0.032625063569386326,TRUE,S6_apul_plus_one,252
0.130488598365383,0.2050517495057084,0.010082277094790737,TRUE,primary,253
0.1374801006780722,0.202575414299206,-0.04285109245210639,TRUE,S1_joint,253
0.13161568598990853,0.20053515072599054,0.041583604702439235,TRUE,S2_annotated,253
0.13846345449573283,0.19985051707300408,-0.022161219261883216,TRUE,S3_cpg20,253
0.130488598365383,0.2050517495057084,-0.024887232428411753,TRUE,S4_no_covariates,253
0.130488598365383,0.2050517495057084,0.007345225011132463,TRUE,S5_expr_strata,253
0.11926465907590972,0.20349738250342533,0.014535908310681835,TRUE,S6_apul_plus_one,253
0.11366120167053723,0.20694094715039907,0.007803394540580294,TRUE,primary,254
0.11739332221178844,0.20545710654925192,-0.012648594277485267,TRUE,S1_joint,254
0.114794223252351,0.20168950892170678,0.045723391571214474,TRUE,S2_annotated,254
0.12031679959131425,0.2003448022243587,-0.02874228273069055,TRUE,S3_cpg20,254
0.11366120167053723,0.20694094715039907,-0.018524527019076156,TRUE,S4_no_covariates,254
0.11366120167053723,0.20694094715039907,0.006666893561555547,TRUE,S5_expr_strata,254
0.10037387148960969,0.2062972833571184,0.02671735981738648,TRUE,S6_apul_plus_one,254
0.05207505258552597,0.19758140007121544,0.00207481435172439,TRUE,primary,255
0.058986143276217706,0.18910049990424757,-0.06585995470369953,TRUE,S1_joint,255
0.057950678743063144,0.19433316232531922,0.032499585244506475,TRUE,S2_annotated,255
0.05995537918042565,0.1894185710436311,-0.03340812408445227,TRUE,S3_cpg20,255
0.05207505258552597,0.19758140007121544,-0.027952382029112793,TRUE,S4_no_covariates,255
0.05207505258552597,0.19758140007121544,0.0012619164647487276,TRUE,S5_expr_strata,255
0.038197407606874345,0.19714634028748199,-0.014401786290026527,TRUE,S6_apul_plus_one,255
0.10565274697984267,0.18397946883505978,-0.01258391063529266,TRUE,primary,256
0.12006562784702368,0.18679651769060515,-0.07155480419883255,TRUE,S1_joint,256
0.10420004870883387,0.17494924402032322,0.018406511883233858,TRUE,S2_annotated,256
0.1066797226533523,0.17738816217974898,-0.022635925705944325,TRUE,S3_cpg20,256
0.10565274697984267,0.18397946883505978,-0.030840458062839315,TRUE,S4_no_covariates,256
0.10565274697984267,0.18397946883505978,-0.013586879976949058,TRUE,S5_expr_strata,256
0.08891250360507219,0.1846325141020156,-0.014891949836147564,TRUE,S6_apul_plus_one,256
0.08302268413681019,0.1840505033726284,-0.00846587311021181,TRUE,primary,257
0.08110280092528438,0.18061323224551643,-0.04326171644015285,TRUE,S1_joint,257
0.08331692432612287,0.18057588635572194,0.008852123007794917,TRUE,S2_annotated,257
0.07766626398406573,0.1867554199853106,-0.03695313221466845,TRUE,S3_cpg20,257
0.08302268413681019,0.1840505033726284,-0.030171099439549397,TRUE,S4_no_covariates,257
0.08302268413681019,0.1840505033726284,-0.006139723256372688,TRUE,S5_expr_strata,257
0.06482512764409587,0.1895089929361695,5.312630595317032e-4,TRUE,S6_apul_plus_one,257
0.020897935094249087,0.22097981525212332,-0.014043858175859805,TRUE,primary,258
0.02345908640340344,0.2232115102257951,-0.043611165576500535,TRUE,S1_joint,258
0.021706525236040664,0.19696169707807734,0.01333141635941021,TRUE,S2_annotated,258
0.0319445291099158,0.22041834916052266,-0.006401309783423472,TRUE,S3_cpg20,258
0.020897935094249087,0.22097981525212332,-0.03828365808619068,TRUE,S4_no_covariates,258
0.020897935094249087,0.22097981525212332,-0.013903685614155293,TRUE,S5_expr_strata,258
-0.0066534838897747695,0.22595457713246114,-0.015610493991606984,TRUE,S6_apul_plus_one,258
0.005679810008947905,0.19545497090580718,-0.006128110230963174,TRUE,primary,259
-0.011550281878482505,0.20156403457244174,-0.02131793770628567,TRUE,S1_joint,259
-0.001116366556328685,0.18443217495097725,0.021942450297352402,TRUE,S2_annotated,259
0.0034805467384561584,0.20541590125680437,-0.0208403142622791,TRUE,S3_cpg20,259
0.005679810008947905,0.19545497090580718,-0.029331346559851305,TRUE,S4_no_covariates,259
0.005679810008947905,0.19545497090580718,-0.007333085223324283,TRUE,S5_expr_strata,259
-0.022520773581175046,0.2020399450647802,-0.007809810542282261,TRUE,S6_apul_plus_one,259
0.0533129263897838,0.19821512406650818,-0.005927856202499342,TRUE,primary,260
0.06494929035021951,0.19682618542807145,-0.04877489747365291,TRUE,S1_joint,260
0.05830252359651411,0.192171144898281,0.018016571595601605,TRUE,S2_annotated,260
0.04862501440965261,0.19707665676879485,-0.02462881268791556,TRUE,S3_cpg20,260
0.0533129263897838,0.19821512406650818,-0.03866307289889032,TRUE,S4_no_covariates,260
0.0533129263897838,0.19821512406650818,-0.0029407294930695336,TRUE,S5_expr_strata,260
0.04253020495802473,0.19493662992764924,0.005061623832316268,TRUE,S6_apul_plus_one,260
0.08613304639173713,0.19580122138379072,-0.01936617058487731,TRUE,primary,261
0.08671510220462264,0.20094115069870608,-0.08019825517813349,TRUE,S1_joint,261
0.08288606948835203,0.18854514893254123,0.009523904163241515,TRUE,S2_annotated,261
0.08142261775793247,0.19485286486560938,-0.03267816788133735,TRUE,S3_cpg20,261
0.08613304639173713,0.19580122138379072,-0.04088655681480162,TRUE,S4_no_covariates,261
0.08613304639173713,0.19580122138379072,-0.018508705639583508,TRUE,S5_expr_strata,261
0.06847527497488154,0.1980523570658309,-0.03270938151142507,TRUE,S6_apul_plus_one,261
0.06989779088974596,0.22118094467534577,-0.025133281822513728,TRUE,primary,262
0.07268980030662231,0.22337512576113808,-0.10385433582462092,TRUE,S1_joint,262
0.07553192921307395,0.20537436994075742,0.01201328505850697,TRUE,S2_annotated,262
0.06420651653242654,0.21807286160092879,-0.06330289117769,TRUE,S3_cpg20,262
0.06989779088974596,0.22118094467534577,-0.04864134893645562,TRUE,S4_no_covariates,262
0.06989779088974596,0.22118094467534577,-0.021627669943876812,TRUE,S5_expr_strata,262
0.052758247285477344,0.22406381899404856,-0.029782604980078866,TRUE,S6_apul_plus_one,262
0.08966861170903895,0.224553594867884,0.014189168958562388,TRUE,primary,263
0.07474292952328476,0.22051009992853385,-0.01829267804712624,TRUE,S1_joint,263
0.0886439986895895,0.22618640963655806,0.030665676579122187,TRUE,S2_annotated,263
0.08503576116765699,0.22198447368973412,0.005051424912735453,TRUE,S3_cpg20,263
0.08966861170903895,0.224553594867884,-0.017959325837794672,TRUE,S4_no_covariates,263
0.08966861170903895,0.224553594867884,0.011342894991985436,TRUE,S5_expr_strata,263
0.0779144318454954,0.22198509205140424,0.00858892715981806,TRUE,S6_apul_plus_one,263
0.06868307995493617,0.19728285661200332,-0.017051764114572664,TRUE,primary,264
0.05786164932973942,0.20027826703597273,-0.07004859667356803,TRUE,S1_joint,264
0.06706594848595582,0.18327742551648168,0.012817610695747689,TRUE,S2_annotated,264
0.07169924672374567,0.19240522672421848,-0.051528022094620415,TRUE,S3_cpg20,264
0.06868307995493617,0.19728285661200332,-0.041747458919793264,TRUE,S4_no_covariates,264
0.06868307995493617,0.19728285661200332,-0.01737635284287997,TRUE,S5_expr_strata,264
0.0383218340144425,0.20005724881669407,-0.03409321810865062,TRUE,S6_apul_plus_one,264
0.03462742400588881,0.2023256018178574,-0.017073439098832664,TRUE,primary,265
0.031205247889864007,0.19831508993591654,-0.0458565826699678,TRUE,S1_joint,265
0.03987920425386027,0.19404098922156066,0.017275794838225056,TRUE,S2_annotated,265
0.034879151147477416,0.2003258175359218,-0.02806613005863909,TRUE,S3_cpg20,265
0.03462742400588881,0.2023256018178574,-0.044662602276092596,TRUE,S4_no_covariates,265
0.03462742400588881,0.2023256018178574,-0.01660350771077023,TRUE,S5_expr_strata,265
0.015215629161880795,0.20136918294417486,-0.03678458558661793,TRUE,S6_apul_plus_one,265
0.08118338587264023,0.18947966264972338,-0.006038895523663112,TRUE,primary,266
0.10185363677643683,0.18238460230457765,-0.04476321215129547,TRUE,S1_joint,266
0.07965358633109854,0.18415903386927185,0.021971541940247905,TRUE,S2_annotated,266
0.08577793546797396,0.18523333224981867,-0.010723532469474713,TRUE,S3_cpg20,266
0.08118338587264023,0.18947966264972338,-0.03538766365311035,TRUE,S4_no_covariates,266
0.08118338587264023,0.18947966264972338,-0.0064038851030607715,TRUE,S5_expr_strata,266
0.07568861015992867,0.18279915372914657,-0.004598630934315633,TRUE,S6_apul_plus_one,266
0.11051096431175356,0.20516625791778015,0.004783922639912672,TRUE,primary,267
0.12044982483854721,0.2009970277771477,-0.07568927436727803,TRUE,S1_joint,267
0.10704728708791555,0.19903863100908248,0.04840015420593829,TRUE,S2_annotated,267
0.10492029557039995,0.19943863622873073,-0.013664363043470459,TRUE,S3_cpg20,267
0.11051096431175356,0.20516625791778015,-0.024983571384110677,TRUE,S4_no_covariates,267
0.11051096431175356,0.20516625791778015,0.004893137005343116,TRUE,S5_expr_strata,267
0.10118547232402869,0.19939713832107553,0.01658715026355163,TRUE,S6_apul_plus_one,267
0.05812476614052142,0.2039533659740395,-0.008270199898694833,TRUE,primary,268
0.06111703813831454,0.20250676046448463,-0.09203948092841199,TRUE,S1_joint,268
0.05779189155459047,0.20220294623806473,0.037064405571739255,TRUE,S2_annotated,268
0.056775161150645514,0.1964443423271425,-0.03849914588138244,TRUE,S3_cpg20,268
0.05812476614052142,0.2039533659740395,-0.04088217253365937,TRUE,S4_no_covariates,268
0.05812476614052142,0.2039533659740395,-0.011187027268031832,TRUE,S5_expr_strata,268
0.03926280334288307,0.2057756228840111,-0.036552940777024354,TRUE,S6_apul_plus_one,268
0.09731091523339758,0.20752329475534415,-0.012843362573138013,TRUE,primary,269
0.10478090753462904,0.20903402023420056,-0.1097074852049037,TRUE,S1_joint,269
0.09482120857147719,0.20047859360367612,0.029671847448647117,TRUE,S2_annotated,269
0.09523101568950476,0.19956000989788455,-0.05176106422573828,TRUE,S3_cpg20,269
0.09731091523339758,0.20752329475534415,-0.040855669646243896,TRUE,S4_no_covariates,269
0.09731091523339758,0.20752329475534415,-0.012532795113202204,TRUE,S5_expr_strata,269
0.07429808073265809,0.21254621580587013,-0.02589540735403719,TRUE,S6_apul_plus_one,269
0.09715326759497872,0.20728577998351363,0.001989028767548676,TRUE,primary,270
0.1069937855600393,0.2037954470791852,-0.0687026538852715,TRUE,S1_joint,270
0.10175115691367892,0.1993095693136881,0.03963819864143714,TRUE,S2_annotated,270
0.10016701913517218,0.2006431912952554,-0.026556917798937964,TRUE,S3_cpg20,270
0.09715326759497872,0.20728577998351363,-0.031281714066815014,TRUE,S4_no_covariates,270
0.09715326759497872,0.20728577998351363,0.0013693255799985921,TRUE,S5_expr_strata,270
0.08226443824452967,0.204271691261243,-0.0020260117207943763,TRUE,S6_apul_plus_one,270
0.10087909308367804,0.1947072570403845,0.004567070817645958,TRUE,primary,271
0.10750308378699425,0.1976508967995052,-0.04194204034329306,TRUE,S1_joint,271
0.09738369790540541,0.1841189791877036,0.0227233843069668,TRUE,S2_annotated,271
0.11631381280919478,0.1864463145203427,-0.03667877094101955,TRUE,S3_cpg20,271
0.10087909308367804,0.1947072570403845,-0.022468363415196677,TRUE,S4_no_covariates,271
0.10087909308367804,0.1947072570403845,-5.499733473257038e-4,TRUE,S5_expr_strata,271
0.08009515819835,0.19650742455372208,0.007483206663912705,TRUE,S6_apul_plus_one,271
0.0765824269350876,0.2129109450203503,0.01040014597791569,TRUE,primary,272
0.07434280796093007,0.2159978388342785,-0.04895621250964771,TRUE,S1_joint,272
0.0696504016875269,0.20720201088090548,0.048869914247055696,TRUE,S2_annotated,272
0.08057378667008275,0.20161054375158016,-0.025807161216765774,TRUE,S3_cpg20,272
0.0765824269350876,0.2129109450203503,-0.020531045090882518,TRUE,S4_no_covariates,272
0.0765824269350876,0.2129109450203503,0.007398742358506077,TRUE,S5_expr_strata,272
0.05625536525965297,0.21417006252687232,0.015034754497605813,TRUE,S6_apul_plus_one,272
0.1239208001288784,0.19188744956076806,0.004448004422799779,TRUE,primary,273
0.1369705918955964,0.1860179990619149,-0.03442708363333028,TRUE,S1_joint,273
0.12044384312124723,0.18431665983268813,0.03371122387829953,TRUE,S2_annotated,273
0.13278660243291962,0.1871624077851202,-0.027591073450399656,TRUE,S3_cpg20,273
0.1239208001288784,0.19188744956076806,-0.0243988068811868,TRUE,S4_no_covariates,273
0.1239208001288784,0.19188744956076806,0.00404221158864241,TRUE,S5_expr_strata,273
0.11227341067860624,0.18876262346555045,0.020342699273144554,TRUE,S6_apul_plus_one,273
0.08901264117480112,0.19633561258967602,8.157476126623429e-4,TRUE,primary,274
0.07932846087331713,0.20511486807907597,-0.037839501642100704,TRUE,S1_joint,274
0.07930847434324273,0.19202455369130786,0.03311518349629107,TRUE,S2_annotated,274
0.09140204671971569,0.18998822552761316,-0.0021707090173199617,TRUE,S3_cpg20,274
0.08901264117480112,0.19633561258967602,-0.022510792114430557,TRUE,S4_no_covariates,274
0.08901264117480112,0.19633561258967602,-0.0019252093194871587,TRUE,S5_expr_strata,274
0.06547544300949154,0.201280980836089,-0.005907310622121018,TRUE,S6_apul_plus_one,274
0.08895207892384055,0.20925320877017772,0.0033935976192692855,TRUE,primary,275
0.11166585477152957,0.19905700659001366,-0.05537451035634084,TRUE,S1_joint,275
0.08753033200759752,0.19750231017684963,0.03920904089347021,TRUE,S2_annotated,275
0.1041643360668647,0.20852551659660187,-0.017918823013081342,TRUE,S3_cpg20,275
0.08895207892384055,0.20925320877017772,-0.03197810565757208,TRUE,S4_no_covariates,275
0.08895207892384055,0.20925320877017772,3.175843836563053e-4,TRUE,S5_expr_strata,275
0.08462211962904309,0.2069685430249947,0.010724707633861416,TRUE,S6_apul_plus_one,275
0.07514111099688142,0.21215236502565024,-0.012753553448370303,TRUE,primary,276
0.07840212477950076,0.204305027293914,-0.0747983796694295,TRUE,S1_joint,276
0.07812997945153993,0.2065387219522036,0.01967933905409141,TRUE,S2_annotated,276
0.06985225323739758,0.20658904697772712,-0.029594776547266426,TRUE,S3_cpg20,276
0.07514111099688142,0.21215236502565024,-0.04215550996060109,TRUE,S4_no_covariates,276
0.07514111099688142,0.21215236502565024,-0.011096118129747763,TRUE,S5_expr_strata,276
0.06382841521473026,0.20604325511279145,-0.03072049098628304,TRUE,S6_apul_plus_one,276
0.05431135463931419,0.2084761793793779,0.0011106570551474473,TRUE,primary,277
0.05136729825260972,0.21750206542245293,-0.04100877370012737,TRUE,S1_joint,277
0.04533919358319821,0.20074261153361583,0.034834322812222505,TRUE,S2_annotated,277
0.050596275670350466,0.20470991246391995,0.0031036198891125836,TRUE,S3_cpg20,277
0.05431135463931419,0.2084761793793779,-0.02461893019528365,TRUE,S4_no_covariates,277
0.05431135463931419,0.2084761793793779,1.666747204246536e-4,TRUE,S5_expr_strata,277
0.032568812386296886,0.21189394485598403,0.006462097606544991,TRUE,S6_apul_plus_one,277
0.07131753058699575,0.2088851240070202,-0.012521864673866939,TRUE,primary,278
0.05981742899006787,0.2199120328300201,-0.05902059758878631,TRUE,S1_joint,278
0.06949224929518277,0.1978807643291705,0.011123582460593268,TRUE,S2_annotated,278
0.0668310243957303,0.20799745555440563,-0.022881786528653702,TRUE,S3_cpg20,278
0.07131753058699575,0.2088851240070202,-0.03962521138427833,TRUE,S4_no_covariates,278
0.07131753058699575,0.2088851240070202,-0.009422226826960116,TRUE,S5_expr_strata,278
0.04902617100806389,0.2121823308718146,-0.014373046779697087,TRUE,S6_apul_plus_one,278
0.10807651300999799,0.2229237457888532,-1.582255110552379e-4,TRUE,primary,279
0.117336051013543,0.21666471690817382,-0.08883239581622408,TRUE,S1_joint,279
0.11099212894701466,0.21651867986157441,0.034744004392544374,TRUE,S2_annotated,279
0.10537020945224229,0.21534372019663717,-0.030122606363796656,TRUE,S3_cpg20,279
0.10807651300999799,0.2229237457888532,-0.0400741765533718,TRUE,S4_no_covariates,279
0.10807651300999799,0.2229237457888532,-0.0012018841853744674,TRUE,S5_expr_strata,279
0.10332137259372232,0.21958403015017608,-0.002339476510309491,TRUE,S6_apul_plus_one,279
0.01928683226538236,0.22197402755445494,-0.031088561348260987,TRUE,primary,280
0.02097811175100872,0.2200912665242426,-0.11267602134548388,TRUE,S1_joint,280
0.023730399046345496,0.20957850256506846,0.011265183591445353,TRUE,S2_annotated,280
0.012790378996842489,0.22062322473187682,-0.07668763203487365,TRUE,S3_cpg20,280
0.01928683226538236,0.22197402755445494,-0.05699465227226443,TRUE,S4_no_covariates,280
0.01928683226538236,0.22197402755445494,-0.027935081406173245,TRUE,S5_expr_strata,280
-0.009570530460819793,0.22313754959507415,-0.06654810568123082,TRUE,S6_apul_plus_one,280
0.07550716037177574,0.21771494730083585,-0.005870532221347575,TRUE,primary,281
0.06296475907123084,0.21798718697389322,-0.09932030236617104,TRUE,S1_joint,281
0.0720088424644294,0.2125251737475093,0.04029955601068815,TRUE,S2_annotated,281
0.07089312423594035,0.20681445455288147,-0.03366971890430763,TRUE,S3_cpg20,281
0.07550716037177574,0.21771494730083585,-0.03515212545974834,TRUE,S4_no_covariates,281
0.07550716037177574,0.21771494730083585,-0.008062318904212187,TRUE,S5_expr_strata,281
0.04852736517796097,0.2206985051953912,-0.012595271248994342,TRUE,S6_apul_plus_one,281
0.08801327871819492,0.2026564231867327,-0.008118297504000005,TRUE,primary,282
0.09363452034951397,0.21062486230521182,-0.0497362221383033,TRUE,S1_joint,282
0.0877610368738051,0.18663612340563204,0.003945740271779381,TRUE,S2_annotated,282
0.10081450826512772,0.1986323339835312,-0.025269542619984906,TRUE,S3_cpg20,282
0.08801327871819492,0.2026564231867327,-0.038444981325205935,TRUE,S4_no_covariates,282
0.08801327871819492,0.2026564231867327,-0.008618725285776193,TRUE,S5_expr_strata,282
0.0654489933898309,0.21272665560445791,-0.014453020243372462,TRUE,S6_apul_plus_one,282
0.06946888297104614,0.20446330044707553,-0.014805895887414988,TRUE,primary,283
0.06147095568589733,0.20180176861266966,-0.0945798356654002,TRUE,S1_joint,283
0.07592912979272032,0.19597879258751788,0.023988218176261376,TRUE,S2_annotated,283
0.06667487958585705,0.20081792121726488,-0.06455611211449641,TRUE,S3_cpg20,283
0.06946888297104614,0.20446330044707553,-0.041619507417076755,TRUE,S4_no_covariates,283
0.06946888297104614,0.20446330044707553,-0.01240054478678447,TRUE,S5_expr_strata,283
0.052683429812697635,0.2056111363565072,-0.041078913204563944,TRUE,S6_apul_plus_one,283
0.06807877044766497,0.22477247151877747,-4.607701715907391e-4,TRUE,primary,284
0.0762580347124146,0.23419987872528708,-0.03835812479867864,TRUE,S1_joint,284
0.06217163266974607,0.21983148052998516,0.027527203733054482,TRUE,S2_annotated,284
0.07653073858528542,0.21775983435661034,-0.013208560306662658,TRUE,S3_cpg20,284
0.06807877044766497,0.22477247151877747,-0.03309883951661832,TRUE,S4_no_covariates,284
0.06807877044766497,0.22477247151877747,-0.005060811274259807,TRUE,S5_expr_strata,284
0.044872977290506544,0.2331794366511302,-0.003644075805051889,TRUE,S6_apul_plus_one,284
0.0463309716549804,0.19287192463742364,0.005063377643734716,TRUE,primary,285
0.05515980875513421,0.19449933743863107,-0.05917657550315172,TRUE,S1_joint,285
0.04395922360687149,0.1896854996151218,0.04523783799408821,TRUE,S2_annotated,285
0.0528688758618181,0.18789570538893058,-0.020323366425681062,TRUE,S3_cpg20,285
0.0463309716549804,0.19287192463742364,-0.021033969312291435,TRUE,S4_no_covariates,285
0.0463309716549804,0.19287192463742364,0.00195122761071405,TRUE,S5_expr_strata,285
0.02771047866577414,0.19215579883220923,0.013679413801213357,TRUE,S6_apul_plus_one,285
0.1329580295198733,0.21732902227821607,0.008896046475840073,TRUE,primary,286
0.12954092768551745,0.2111357299446386,-0.07182159039305533,TRUE,S1_joint,286
0.13891939086833205,0.21291731677613612,0.04691463009796936,TRUE,S2_annotated,286
0.13685226008839385,0.20732230873184992,-0.07835457514781466,TRUE,S3_cpg20,286
0.1329580295198733,0.21732902227821607,-0.01809757119198167,TRUE,S4_no_covariates,286
0.1329580295198733,0.21732902227821607,0.008135006485565406,TRUE,S5_expr_strata,286
0.11597448168763569,0.21738490278727543,0.008353429423237505,TRUE,S6_apul_plus_one,286
0.05259470294034818,0.2151099669445214,-0.01584691993604612,TRUE,primary,287
0.07023861192307701,0.20384035630222155,-0.08260023205397729,TRUE,S1_joint,287
0.05553721363218672,0.20636141183038528,0.025471283947547982,TRUE,S2_annotated,287
0.05745301384535523,0.20619576916212035,-0.04550314077299775,TRUE,S3_cpg20,287
0.05259470294034818,0.2151099669445214,-0.042313762700127336,TRUE,S4_no_covariates,287
0.05259470294034818,0.2151099669445214,-0.013275791035611878,TRUE,S5_expr_strata,287
0.0450787645923566,0.2097151379970554,-0.030074914391612754,TRUE,S6_apul_plus_one,287
0.08475318590329961,0.20315140871026835,-0.0015595743304897903,TRUE,primary,288
0.09038107548632979,0.2018253840558947,-0.052695496809761475,TRUE,S1_joint,288
0.08487606471815357,0.19814172017857953,0.03650206560480321,TRUE,S2_annotated,288
0.09263914347043789,0.19391159699876132,-0.025159289782355564,TRUE,S3_cpg20,288
0.08475318590329961,0.20315140871026835,-0.028851258341308385,TRUE,S4_no_covariates,288
0.08475318590329961,0.20315140871026835,-0.005540969913771171,TRUE,S5_expr_strata,288
0.0686447937629105,0.20688450288016874,-0.0032668316965293515,TRUE,S6_apul_plus_one,288
0.0383939446759744,0.2286709056345114,0.020534700721402566,TRUE,primary,289
0.04498812603905056,0.22860526027850128,-0.04876792871465734,TRUE,S1_joint,289
0.03818968431366282,0.21826466150404383,0.06203704239861104,TRUE,S2_annotated,289
0.04536838481807337,0.22322608304313732,0.017018616287901134,TRUE,S3_cpg20,289
0.0383939446759744,0.2286709056345114,-0.017182413825485552,TRUE,S4_no_covariates,289
0.0383939446759744,0.2286709056345114,0.015280391208436215,TRUE,S5_expr_strata,289
0.024636809948892446,0.22435302423391332,0.028331908565549915,TRUE,S6_apul_plus_one,289
0.04792457863518501,0.21697823888790735,0.001193879522279324,TRUE,primary,290
0.04990256924166098,0.21566408980490293,-0.07116279091593289,TRUE,S1_joint,290
0.0466241139478874,0.20833485950486522,0.0367736716003039,TRUE,S2_annotated,290
0.04203776379504248,0.21508000457601378,-0.006443958624111193,TRUE,S3_cpg20,290
0.04792457863518501,0.21697823888790735,-0.03248188383579925,TRUE,S4_no_covariates,290
0.04792457863518501,0.21697823888790735,0.0019003509862632964,TRUE,S5_expr_strata,290
0.020688130022756823,0.2165155805569293,0.004344307178699743,TRUE,S6_apul_plus_one,290
0.039577185434344186,0.1860725337162437,-0.006964090268005152,TRUE,primary,291
0.05809427499853731,0.19118029810977152,-0.04414354634379064,TRUE,S1_joint,291
0.038685468306098036,0.17944522058958914,0.01830008727874204,TRUE,S2_annotated,291
0.04281896006791169,0.18726837380014308,-0.015382842709482097,TRUE,S3_cpg20,291
0.039577185434344186,0.1860725337162437,-0.027519486518240044,TRUE,S4_no_covariates,291
0.039577185434344186,0.1860725337162437,-0.009891991724860326,TRUE,S5_expr_strata,291
0.023109186563354644,0.1850059025477456,8.689658396812393e-4,TRUE,S6_apul_plus_one,291
0.06463630691177547,0.20352437901212567,0.006069325901585605,TRUE,primary,292
0.07390554084029571,0.2050517256458985,-0.04323408532230816,TRUE,S1_joint,292
0.062392753291135306,0.19566803294008703,0.04173361853266751,TRUE,S2_annotated,292
0.06819051809727772,0.1942553225544968,-0.02642740740176196,TRUE,S3_cpg20,292
0.06463630691177547,0.20352437901212567,-0.027784793443767667,TRUE,S4_no_covariates,292
0.06463630691177547,0.20352437901212567,0.005022566810536333,TRUE,S5_expr_strata,292
0.05002837237040364,0.20224013242968122,0.0058557305174043546,TRUE,S6_apul_plus_one,292
0.11537023185771722,0.2046929268227198,-0.005129492983433357,TRUE,primary,293
0.11189464215967437,0.20176800646491794,-0.07070324244625223,TRUE,S1_joint,293
0.11718679852959057,0.19820511939406824,0.03324065538161525,TRUE,S2_annotated,293
0.11295765755712528,0.19868768302082251,-0.029609181459257013,TRUE,S3_cpg20,293
0.11537023185771722,0.2046929268227198,-0.03501586582553415,TRUE,S4_no_covariates,293
0.11537023185771722,0.2046929268227198,-0.004470167436480247,TRUE,S5_expr_strata,293
0.09564344697491867,0.2035551571561653,-0.013730719081773257,TRUE,S6_apul_plus_one,293
0.13440987991654302,0.21917647646125937,0.015721064303922665,TRUE,primary,294
0.14044248888350325,0.21461340661598502,-0.04520948149961507,TRUE,S1_joint,294
0.1305567630260156,0.21769898963038345,0.055928308522121814,TRUE,S2_annotated,294
0.1534667839254673,0.20447603773607517,-0.03338686958830748,TRUE,S3_cpg20,294
0.13440987991654302,0.21917647646125937,-0.01836199467834171,TRUE,S4_no_covariates,294
0.13440987991654302,0.21917647646125937,0.010461296482139974,TRUE,S5_expr_strata,294
0.11945562233684315,0.21694410683927828,0.020815836288646073,TRUE,S6_apul_plus_one,294
0.06416764200594571,0.22107247264430854,0.002379688095897247,TRUE,primary,295
0.05709892383135917,0.22169717643858916,-0.027501416017887772,TRUE,S1_joint,295
0.06041492174164609,0.21278340151216354,0.03044934440434482,TRUE,S2_annotated,295
0.0648020525180823,0.2164016529197344,0.010319184518327319,TRUE,S3_cpg20,295
0.06416764200594571,0.22107247264430854,-0.022403967314362287,TRUE,S4_no_covariates,295
0.06416764200594571,0.22107247264430854,1.1909247324987798e-4,TRUE,S5_expr_strata,295
0.0411710549201591,0.22199739617378553,7.372547095606391e-4,TRUE,S6_apul_plus_one,295
0.05613699052929083,0.18693005923291206,-0.011426235513804773,TRUE,primary,296
0.05640678611449307,0.19150193732025442,-0.043515074487136735,TRUE,S1_joint,296
0.05212310329344183,0.1767084526420939,0.015765791889576993,TRUE,S2_annotated,296
0.053144862541659676,0.19157969604546257,-0.025965475825968976,TRUE,S3_cpg20,296
0.05613699052929083,0.18693005923291206,-0.03043374296052468,TRUE,S4_no_covariates,296
0.05613699052929083,0.18693005923291206,-0.00983732587966719,TRUE,S5_expr_strata,296
0.03610774824209906,0.18427098358934402,-0.009275446778885595,TRUE,S6_apul_plus_one,296
0.10023840865411726,0.19889620375840666,-0.00933331058689412,TRUE,primary,297
0.09576247840529994,0.2028804502192301,-0.07298073484970966,TRUE,S1_joint,297
0.09717670701264136,0.19177401024042176,0.022180900866163835,TRUE,S2_annotated,297
0.10349664737782505,0.19303848563459047,-0.06251343140780746,TRUE,S3_cpg20,297
0.10023840865411726,0.19889620375840666,-0.04005121343577554,TRUE,S4_no_covariates,297
0.10023840865411726,0.19889620375840666,-0.008745792043731028,TRUE,S5_expr_strata,297
0.08094407253061908,0.20285305055716715,-0.007382739552963321,TRUE,S6_apul_plus_one,297
0.07956097572102128,0.18967108266916763,-0.011192868790029929,TRUE,primary,298
0.08833537738964314,0.18144345147736354,-0.049302717862665706,TRUE,S1_joint,298
0.08239215934146016,0.18394009818968912,0.019550027727884094,TRUE,S2_annotated,298
0.0810570250678192,0.18418578927854687,-0.03270041284604857,TRUE,S3_cpg20,298
0.07956097572102128,0.18967108266916763,-0.035645858085317936,TRUE,S4_no_covariates,298
0.07956097572102128,0.18967108266916763,-0.012505592477877872,TRUE,S5_expr_strata,298
0.07199085314474635,0.18838122221880632,-0.017565660911417282,TRUE,S6_apul_plus_one,298
0.04381194298205754,0.22412091031699674,-0.007150690115697756,TRUE,primary,299
0.08162490854818322,0.22385169496922316,-0.07537866102270543,TRUE,S1_joint,299
0.042223981111459696,0.21757565931400746,0.02677973631551956,TRUE,S2_annotated,299
0.04226628307791297,0.2259134188984403,-0.008263116157364792,TRUE,S3_cpg20,299
0.04381194298205754,0.22412091031699674,-0.04006289418566503,TRUE,S4_no_covariates,299
0.04381194298205754,0.22412091031699674,-0.004421658230717799,TRUE,S5_expr_strata,299
0.03699023951568603,0.22108874583830987,-0.004460192505973609,TRUE,S6_apul_plus_one,299
0.09116911808612893,0.20331852026582428,-0.0025699963209089723,TRUE,primary,300
0.07273463744885189,0.20143671103335645,-0.04142535173713652,TRUE,S1_joint,300
0.0885524816125427,0.1983632365165239,0.031142116251665717,TRUE,S2_annotated,300
0.08885696746529836,0.201535267549439,-0.01874102038356092,TRUE,S3_cpg20,300
0.09116911808612893,0.20331852026582428,-0.029216575753184818,TRUE,S4_no_covariates,300
0.09116911808612893,0.20331852026582428,-0.0013026424318968806,TRUE,S5_expr_strata,300
0.06738947847117344,0.20172379212958574,-0.022172543122491617,TRUE,S6_apul_plus_one,300
0.07967754859691528,0.19948688391226801,-0.005003828029232343,TRUE,primary,301
0.07845674244977602,0.20211446459836951,-0.046508557824992844,TRUE,S1_joint,301
0.07702020720619274,0.19192919621305943,0.02342426461527304,TRUE,S2_annotated,301
0.08186621800631849,0.19131695494837603,-0.00997172314394969,TRUE,S3_cpg20,301
0.07967754859691528,0.19948688391226801,-0.035026993717819775,TRUE,S4_no_covariates,301
0.07967754859691528,0.19948688391226801,-0.005771633034801249,TRUE,S5_expr_strata,301
0.06634592549515583,0.20223254063268797,-0.01142666027356191,TRUE,S6_apul_plus_one,301
0.07402444656510965,0.22310323090531164,9.243124446881278e-4,TRUE,primary,302
0.0804516068278402,0.21703213977179778,-0.06366209909188761,TRUE,S1_joint,302
0.07312313556756311,0.22280853061014796,0.041785298701643256,TRUE,S2_annotated,302
0.07666680750499122,0.21320615679211186,-0.03524563847062806,TRUE,S3_cpg20,302
0.07402444656510965,0.22310323090531164,-0.0312932667127708,TRUE,S4_no_covariates,302
0.07402444656510965,0.22310323090531164,-0.0023223559334538905,TRUE,S5_expr_strata,302
0.0616282792405064,0.21933479723466154,0.011650988333289822,TRUE,S6_apul_plus_one,302
0.07494220676241137,0.22003244376909561,-0.002786154892443592,TRUE,primary,303
0.0649380880386567,0.21491817471767477,-0.047346433764932964,TRUE,S1_joint,303
0.07629177762745121,0.21910127657666573,0.02400241395966644,TRUE,S2_annotated,303
0.07054628770299859,0.21686806095730987,-0.02009033174395518,TRUE,S3_cpg20,303
0.07494220676241137,0.22003244376909561,-0.031897317292742915,TRUE,S4_no_covariates,303
0.07494220676241137,0.22003244376909561,-0.005203431235614884,TRUE,S5_expr_strata,303
0.06045933981464363,0.2204635032272344,0.006198921101368597,TRUE,S6_apul_plus_one,303
0.022859393692942265,0.20138748254650052,-0.012727016192270004,TRUE,primary,304
0.02149128065963124,0.20257547429099404,-0.05155787536446353,TRUE,S1_joint,304
0.02538569713953337,0.1948994461222782,0.008843811909110452,TRUE,S2_annotated,304
0.02605014272320788,0.19682742498930475,-0.03134846290543928,TRUE,S3_cpg20,304
0.022859393692942265,0.20138748254650052,-0.04065822511738391,TRUE,S4_no_covariates,304
0.022859393692942265,0.20138748254650052,-0.015776010795857606,TRUE,S5_expr_strata,304
-0.0041068599525448946,0.206629574274,-0.025513258592937904,TRUE,S6_apul_plus_one,304
0.10145677506444745,0.21250956563412404,-0.006567247629062202,TRUE,primary,305
0.09377568067248904,0.21327254249556216,-0.06707630177541732,TRUE,S1_joint,305
0.09958486868808308,0.2063956438198181,0.024912439785776716,TRUE,S2_annotated,305
0.10354926100995898,0.20311928366650403,-0.031267155731832856,TRUE,S3_cpg20,305
0.10145677506444745,0.21250956563412404,-0.03218633066856372,TRUE,S4_no_covariates,305
0.10145677506444745,0.21250956563412404,-0.010329776185922538,TRUE,S5_expr_strata,305
0.08541903676624901,0.21162477972918917,-0.028698361790700865,TRUE,S6_apul_plus_one,305
0.10895440243470988,0.20821152617116215,0.010848598652704442,TRUE,primary,306
0.1079806872468595,0.2066122029409688,-0.07059810585629965,TRUE,S1_joint,306
0.10766235804839358,0.2055003162877299,0.04470492974531012,TRUE,S2_annotated,306
0.11155379321063802,0.20116431362027073,-0.04881454474149456,TRUE,S3_cpg20,306
0.10895440243470988,0.20821152617116215,-0.025978903134156923,TRUE,S4_no_covariates,306
0.10895440243470988,0.20821152617116215,0.00738271047509091,TRUE,S5_expr_strata,306
0.08848233699910885,0.20818438926842897,0.018758307816315035,TRUE,S6_apul_plus_one,306
0.0797065356283258,0.19072645792690235,-0.0026236178844707167,TRUE,primary,307
0.07076826546039533,0.1916130864589546,-0.044541870542701985,TRUE,S1_joint,307
0.07988099052105968,0.18438842415800394,0.027662774643411974,TRUE,S2_annotated,307
0.07818722722768068,0.1882261384217982,-0.026578500544012063,TRUE,S3_cpg20,307
0.0797065356283258,0.19072645792690235,-0.02407357063861849,TRUE,S4_no_covariates,307
0.0797065356283258,0.19072645792690235,-0.003032764584323731,TRUE,S5_expr_strata,307
0.06580353102021458,0.1954556491868379,-0.021101291415513732,TRUE,S6_apul_plus_one,307
0.09109977010247833,0.1964564075214208,-0.009029506374834649,TRUE,primary,308
0.09098702725916574,0.19629674641063338,-0.06445910366196606,TRUE,S1_joint,308
0.08986152172615819,0.19153725968730773,0.027068449339121003,TRUE,S2_annotated,308
0.0817714147146289,0.18991516223466634,-0.019526212749054164,TRUE,S3_cpg20,308
0.09109977010247833,0.1964564075214208,-0.0342554778239926,TRUE,S4_no_covariates,308
0.09109977010247833,0.1964564075214208,-0.009840406745075171,TRUE,S5_expr_strata,308
0.07351495688432208,0.1978941978940901,-0.008641391385776949,TRUE,S6_apul_plus_one,308
0.04177319361284498,0.2043327142352487,-0.004600896497157134,TRUE,primary,309
0.04135779057645639,0.2064077655453439,-0.034898562085699074,TRUE,S1_joint,309
0.04973565227888299,0.1917267436054676,0.027800768326877758,TRUE,S2_annotated,309
0.06031306555361465,0.1996148150190551,-0.030720578344796336,TRUE,S3_cpg20,309
0.04177319361284498,0.2043327142352487,-0.0363514230590924,TRUE,S4_no_covariates,309
0.04177319361284498,0.2043327142352487,-0.0034385018904068906,TRUE,S5_expr_strata,309
0.021988977385516417,0.20458111862208994,-0.017805720032890927,TRUE,S6_apul_plus_one,309
0.08114873813958917,0.2020442688748725,0.007964660436542594,TRUE,primary,310
0.09007859304701082,0.19548668116963294,-0.04247519298744724,TRUE,S1_joint,310
0.0765462535197397,0.20080594277656766,0.05230098257451081,TRUE,S2_annotated,310
0.07966093223690601,0.19440398050602198,-0.002703228353290543,TRUE,S3_cpg20,310
0.08114873813958917,0.2020442688748725,-0.02055437761907703,TRUE,S4_no_covariates,310
0.08114873813958917,0.2020442688748725,0.006735936263770165,TRUE,S5_expr_strata,310
0.06996743042872583,0.1979623061904742,0.006093062417842077,TRUE,S6_apul_plus_one,310
0.10291009773059928,0.20201950245725422,0.003003525202457966,TRUE,primary,311
0.11225831443599033,0.1958586806970068,-0.046944820725706195,TRUE,S1_joint,311
0.10116736084899314,0.1985909651013926,0.03188328997328608,TRUE,S2_annotated,311
0.11151013770778584,0.1954454257902263,-0.02386393157021448,TRUE,S3_cpg20,311
0.10291009773059928,0.20201950245725422,-0.022246053805711846,TRUE,S4_no_covariates,311
0.10291009773059928,0.20201950245725422,-6.116182387379604e-4,TRUE,S5_expr_strata,311
0.09362764818287733,0.20329731018137628,0.0031225128183456382,TRUE,S6_apul_plus_one,311
0.08159884303383746,0.20287950820266015,-0.028673041907931966,TRUE,primary,312
0.07437337281322987,0.21109910013100128,-0.11834013239729936,TRUE,S1_joint,312
0.08258182486308069,0.19325698084914014,0.006056404578469755,TRUE,S2_annotated,312
0.07804810204781715,0.19514957768621613,-0.07864572069862452,TRUE,S3_cpg20,312
0.08159884303383746,0.20287950820266015,-0.0543175534651399,TRUE,S4_no_covariates,312
0.08159884303383746,0.20287950820266015,-0.026098939080432326,TRUE,S5_expr_strata,312
0.05139012778896457,0.21404188504890959,-0.05383284249514756,TRUE,S6_apul_plus_one,312
0.06122333457676271,0.2130120347752323,-0.004469280934426869,TRUE,primary,313
0.05172113086041641,0.21385368036484548,-0.09466243557876397,TRUE,S1_joint,313
0.06480699903770043,0.20225183248881934,0.0403754240361688,TRUE,S2_annotated,313
0.062153124271351445,0.20028967941324893,-0.06565118215520355,TRUE,S3_cpg20,313
0.06122333457676271,0.2130120347752323,-0.038436250656146295,TRUE,S4_no_covariates,313
0.06122333457676271,0.2130120347752323,-0.004941272941175381,TRUE,S5_expr_strata,313
0.04313519553774203,0.21652976087539444,-0.02115110014024625,TRUE,S6_apul_plus_one,313
0.11233811389309684,0.23340193994885022,0.015528855570693346,TRUE,primary,314
0.13491160985097772,0.23409810408849346,-0.08220222020787817,TRUE,S1_joint,314
0.1033136721548491,0.23065006001518545,0.06333702359436143,TRUE,S2_annotated,314
0.12562325066747893,0.22306589890171666,-0.0283104335487145,TRUE,S3_cpg20,314
0.11233811389309684,0.23340193994885022,-0.02016976690231619,TRUE,S4_no_covariates,314
0.11233811389309684,0.23340193994885022,0.012224699781908183,TRUE,S5_expr_strata,314
0.09687953935985194,0.23313053191853794,0.03146192045980659,TRUE,S6_apul_plus_one,314
0.10268110987537488,0.1955743702078736,-0.0187899257335856,TRUE,primary,315
0.12026671330025568,0.19007649154224002,-0.08667360881151835,TRUE,S1_joint,315
0.1043091063115027,0.1831168526370215,0.009446626166975511,TRUE,S2_annotated,315
0.09729914746680624,0.1935046758541422,-0.049105238172087506,TRUE,S3_cpg20,315
0.10268110987537488,0.1955743702078736,-0.04345394542683526,TRUE,S4_no_covariates,315
0.10268110987537488,0.1955743702078736,-0.019032154769335848,TRUE,S5_expr_strata,315
0.09254281704238732,0.18970050623946758,-0.03463272144890818,TRUE,S6_apul_plus_one,315
0.0798705419898399,0.20323829170315696,-0.0121362453528058,TRUE,primary,316
0.10073558628609824,0.19424323914433525,-0.05074198280582392,TRUE,S1_joint,316
0.08152075402324632,0.19361964992028202,0.011926438823711133,TRUE,S2_annotated,316
0.07622136574167948,0.2030307732825677,-0.013024979083438944,TRUE,S3_cpg20,316
0.0798705419898399,0.20323829170315696,-0.04118983667909165,TRUE,S4_no_covariates,316
0.0798705419898399,0.20323829170315696,-0.010668511559289776,TRUE,S5_expr_strata,316
0.07295212748805341,0.19723706998195242,0.004958538112730988,TRUE,S6_apul_plus_one,316
0.07883050713398726,0.20153957681187426,0.010197926488772942,TRUE,primary,317
0.08723276140446279,0.198377285370756,-0.021380706566525895,TRUE,S1_joint,317
0.07504749992371851,0.19551125040578649,0.03735874179066918,TRUE,S2_annotated,317
0.09622185698492147,0.1946068977878096,0.010760094970199726,TRUE,S3_cpg20,317
0.07883050713398726,0.20153957681187426,-0.016049764510172808,TRUE,S4_no_covariates,317
0.07883050713398726,0.20153957681187426,0.005680339460085684,TRUE,S5_expr_strata,317
0.059714328046874765,0.20335449466972963,0.026336765438114428,TRUE,S6_apul_plus_one,317
0.056779645213545726,0.20908912490456932,-0.01898103714746419,TRUE,primary,318
0.06449091109886718,0.21234334450225328,-0.09842430868424533,TRUE,S1_joint,318
0.05343889726344886,0.19837100272719327,0.027073479784282848,TRUE,S2_annotated,318
0.05137139286458636,0.20071487241922994,-0.02271824487164931,TRUE,S3_cpg20,318
0.056779645213545726,0.20908912490456932,-0.04161357096350864,TRUE,S4_no_covariates,318
0.056779645213545726,0.20908912490456932,-0.01911231929420314,TRUE,S5_expr_strata,318
0.03141560763806428,0.2125879374051944,-0.01724591636957873,TRUE,S6_apul_plus_one,318
0.07996003546611191,0.22976718702104912,-0.022741623961595618,TRUE,primary,319
0.06834328225388636,0.2295087884956827,-0.09853912465988007,TRUE,S1_joint,319
0.07754948859566868,0.22600491583349613,0.018756149972998258,TRUE,S2_annotated,319
0.06470122605289147,0.22378394217620753,-0.049678016050138385,TRUE,S3_cpg20,319
0.07996003546611191,0.22976718702104912,-0.04207239851053765,TRUE,S4_no_covariates,319
0.07996003546611191,0.22976718702104912,-0.021007152430104523,TRUE,S5_expr_strata,319
0.05227994664986346,0.23146263916715695,-0.037447277572691826,TRUE,S6_apul_plus_one,319
0.07701630186084424,0.20079107940143656,-0.015213327312105191,TRUE,primary,320
0.08319408434782166,0.19443301986522027,-0.06099991573306641,TRUE,S1_joint,320
0.08179903757785595,0.19159396383923316,0.01445608762098178,TRUE,S2_annotated,320
0.07078562023134066,0.19620286161327966,-0.02806965342038166,TRUE,S3_cpg20,320
0.07701630186084424,0.20079107940143656,-0.03284697345258513,TRUE,S4_no_covariates,320
0.07701630186084424,0.20079107940143656,-0.013749607402976032,TRUE,S5_expr_strata,320
0.06734368176773192,0.20067830756543203,-0.01803585518631293,TRUE,S6_apul_plus_one,320
0.09286257100057177,0.2176331147474328,-0.005936911642005321,TRUE,primary,321
0.10561669187384709,0.21643328630927688,-0.08250600759350867,TRUE,S1_joint,321
0.08881745284459164,0.21300845802470883,0.03131451640572261,TRUE,S2_annotated,321
0.0959295559931056,0.20763913547409224,-0.046965102122550936,TRUE,S3_cpg20,321
0.09286257100057177,0.2176331147474328,-0.03195619267197833,TRUE,S4_no_covariates,321
0.09286257100057177,0.2176331147474328,-0.005067335058914414,TRUE,S5_expr_strata,321
0.07848288812767357,0.21377350759856362,9.498297756888837e-4,TRUE,S6_apul_plus_one,321
0.1449999474045826,0.21577729907677307,-0.0017064678969380069,TRUE,primary,322
0.15403333305140016,0.20605663163094698,-0.06233237306316771,TRUE,S1_joint,322
0.1364773664389115,0.20972752653289542,0.03206277609669241,TRUE,S2_annotated,322
0.13819989733618954,0.21919776671117674,-0.009370567799031653,TRUE,S3_cpg20,322
0.1449999474045826,0.21577729907677307,-0.027638305631064213,TRUE,S4_no_covariates,322
0.1449999474045826,0.21577729907677307,-0.004410765750801715,TRUE,S5_expr_strata,322
0.12875331413618302,0.21196101942540418,0.005826767578218667,TRUE,S6_apul_plus_one,322
0.1143902275066832,0.20471155864739207,0.0016745544722620367,TRUE,primary,323
0.11253119555713181,0.19972094757506126,-0.0803849845905487,TRUE,S1_joint,323
0.10796397777974082,0.19599963264995493,0.022614714094080727,TRUE,S2_annotated,323
0.12856401170503295,0.19863639731457777,-0.0308812884599079,TRUE,S3_cpg20,323
0.1143902275066832,0.20471155864739207,-0.034030853947958836,TRUE,S4_no_covariates,323
0.1143902275066832,0.20471155864739207,-1.9269725638794964e-5,TRUE,S5_expr_strata,323
0.0899233486068407,0.20759270773273483,-0.020378026083848755,TRUE,S6_apul_plus_one,323
0.0790050744617094,0.194543866263409,0.004178897710450629,TRUE,primary,324
0.08049717619103353,0.1962208364047347,-0.04489123692345121,TRUE,S1_joint,324
0.07173726815101222,0.1899202565061095,0.03541097966598347,TRUE,S2_annotated,324
0.0817838547386946,0.18978725297797863,-0.0011943586744926303,TRUE,S3_cpg20,324
0.0790050744617094,0.194543866263409,-0.026215846776135903,TRUE,S4_no_covariates,324
0.0790050744617094,0.194543866263409,0.0035925463590381836,TRUE,S5_expr_strata,324
0.06590356592810448,0.19184457449217215,0.014965787314288834,TRUE,S6_apul_plus_one,324
0.09985706003394795,0.2077667962593202,-0.0037184478470551653,TRUE,primary,325
0.10251081224033753,0.2071471816805138,-0.0669082627244024,TRUE,S1_joint,325
0.09492214061049364,0.20225992647456517,0.02660512780490789,TRUE,S2_annotated,325
0.09117967821963974,0.20685634527258243,0.003824669585103941,TRUE,S3_cpg20,325
0.09985706003394795,0.2077667962593202,-0.03442520690480428,TRUE,S4_no_covariates,325
0.09985706003394795,0.2077667962593202,-0.003943684108855025,TRUE,S5_expr_strata,325
0.08428361208138857,0.2057208987547603,0.008801932154504625,TRUE,S6_apul_plus_one,325
0.05359002410008157,0.2305083794260133,0.010939309371838462,TRUE,primary,326
0.07041730312015376,0.22959819114759072,-0.07638404662853987,TRUE,S1_joint,326
0.049358201949391056,0.22521114307359,0.05816757918260276,TRUE,S2_annotated,326
0.05758356154357552,0.21678796287509092,-0.02759823965906857,TRUE,S3_cpg20,326
0.05359002410008157,0.2305083794260133,-0.020091103723514237,TRUE,S4_no_covariates,326
0.05359002410008157,0.2305083794260133,0.009542345895194383,TRUE,S5_expr_strata,326
0.03874584107697748,0.23177836535373159,0.007935275744420527,TRUE,S6_apul_plus_one,326
0.06722222538941963,0.20663418171378942,-0.009962113204101099,TRUE,primary,327
0.08713949212414501,0.2050492615639578,-0.0641615785667619,TRUE,S1_joint,327
0.0642472467818706,0.19783197080888634,0.031845770645265524,TRUE,S2_annotated,327
0.06876813163651962,0.20332706723242652,-0.019220020508915588,TRUE,S3_cpg20,327
0.06722222538941963,0.20663418171378942,-0.03409631072636768,TRUE,S4_no_covariates,327
0.06722222538941963,0.20663418171378942,-0.011684295308126164,TRUE,S5_expr_strata,327
0.05528199820506963,0.20296695489404912,-0.007118301026276424,TRUE,S6_apul_plus_one,327
0.10020558486443071,0.1928103452842974,-0.0021851882002467396,TRUE,primary,328
0.10386843551166774,0.18367892609054276,-0.026959851930940176,TRUE,S1_joint,328
0.10048792564790554,0.18771898513179675,0.022062774277804342,TRUE,S2_annotated,328
0.10696587400927537,0.19166357222605382,-0.0013328870523069759,TRUE,S3_cpg20,328
0.10020558486443071,0.1928103452842974,-0.031332417595357834,TRUE,S4_no_covariates,328
0.10020558486443071,0.1928103452842974,-8.626265217375332e-4,TRUE,S5_expr_strata,328
0.08179404694213793,0.1926559268756011,-0.008611193137384092,TRUE,S6_apul_plus_one,328
0.07054301998974222,0.20779363125319722,0.007662164059410273,TRUE,primary,329
0.061470247924262034,0.21618894184996268,-0.03409242316445985,TRUE,S1_joint,329
0.0708708670244671,0.20252735492198332,0.03912323920863557,TRUE,S2_annotated,329
0.07674019716477637,0.19803830980638526,-0.013023555511586701,TRUE,S3_cpg20,329
0.07054301998974222,0.20779363125319722,-0.015231880007470151,TRUE,S4_no_covariates,329
0.07054301998974222,0.20779363125319722,0.005792896383494007,TRUE,S5_expr_strata,329
0.04732371256179235,0.2132066768783963,0.015066758047742863,TRUE,S6_apul_plus_one,329
0.134629646529969,0.19771178490400615,-0.00639141805986441,TRUE,primary,330
0.13068460081300703,0.19783905377982353,-0.06380938859154997,TRUE,S1_joint,330
0.13192973180501777,0.19397147830378755,0.023318470756878183,TRUE,S2_annotated,330
0.12817944875052367,0.1923673655227088,-0.0420922452512931,TRUE,S3_cpg20,330
0.134629646529969,0.19771178490400615,-0.03178766250547812,TRUE,S4_no_covariates,330
0.134629646529969,0.19771178490400615,-0.008126503964146997,TRUE,S5_expr_strata,330
0.1193632222069323,0.19734801047855038,-0.011792822676900263,TRUE,S6_apul_plus_one,330
0.07371002580348723,0.22647331107292906,0.0024383801915902584,TRUE,primary,331
0.08621825827842311,0.21880798293431994,-0.06941871781981852,TRUE,S1_joint,331
0.07658729942408554,0.21625160361601192,0.04832490349552084,TRUE,S2_annotated,331
0.08801819576927838,0.21754132828764453,-0.02736291492987724,TRUE,S3_cpg20,331
0.07371002580348723,0.22647331107292906,-0.029774883925626234,TRUE,S4_no_covariates,331
0.07371002580348723,0.22647331107292906,-2.1106477895101758e-4,TRUE,S5_expr_strata,331
0.05987995531779278,0.2239496198366365,0.0021297073434491057,TRUE,S6_apul_plus_one,331
0.10592372575025755,0.22521394236946707,-0.008243551463174648,TRUE,primary,332
0.11827058077104274,0.22204048825242537,-0.09809987543099509,TRUE,S1_joint,332
0.10623436286529736,0.21470372742594301,0.029319229154667874,TRUE,S2_annotated,332
0.09215287162685021,0.21847088775789975,-0.045018598906125064,TRUE,S3_cpg20,332
0.10592372575025755,0.22521394236946707,-0.031231559416409278,TRUE,S4_no_covariates,332
0.10592372575025755,0.22521394236946707,-0.006277011948454616,TRUE,S5_expr_strata,332
0.08976664950234792,0.2240020738728423,-0.003978436982803494,TRUE,S6_apul_plus_one,332
0.06325220031380413,0.21325556906891918,-0.012111995315122366,TRUE,primary,333
0.06912638379877523,0.20966877970149664,-0.10093773690333635,TRUE,S1_joint,333
0.06358589616822713,0.20726167476224255,0.03932333637313185,TRUE,S2_annotated,333
0.055078306810370126,0.21004555573335937,-0.03410075720909488,TRUE,S3_cpg20,333
0.06325220031380413,0.21325556906891918,-0.044434661186468834,TRUE,S4_no_covariates,333
0.06325220031380413,0.21325556906891918,-0.010508513735591155,TRUE,S5_expr_strata,333
0.0444928217875335,0.21196451065294736,-0.028710371072847133,TRUE,S6_apul_plus_one,333
0.08511474262779217,0.2116015158608261,-0.006739345446512177,TRUE,primary,334
0.08897834947668415,0.21202259561982476,-0.04692765887147347,TRUE,S1_joint,334
0.07851449192384369,0.20425358956282233,0.03248358751539822,TRUE,S2_annotated,334
0.0875614505521391,0.20637073205046477,-0.012890520869234515,TRUE,S3_cpg20,334
0.08511474262779217,0.2116015158608261,-0.03277947654112545,TRUE,S4_no_covariates,334
0.08511474262779217,0.2116015158608261,-0.008921334248513851,TRUE,S5_expr_strata,334
0.06743178975714026,0.21218308703155103,-1.358746295847111e-4,TRUE,S6_apul_plus_one,334
0.12111897707415153,0.21240831081046072,-0.001653284974528777,TRUE,primary,335
0.1414923536791075,0.20888358133687623,-0.08548849951244758,TRUE,S1_joint,335
0.12037927469794385,0.20945719575307709,0.025161923336857503,TRUE,S2_annotated,335
0.11283842906389235,0.20695382887476643,-0.06131184090517995,TRUE,S3_cpg20,335
0.12111897707415153,0.21240831081046072,-0.02788376578984912,TRUE,S4_no_covariates,335
0.12111897707415153,0.21240831081046072,8.129871924182685e-4,TRUE,S5_expr_strata,335
0.1097237131370386,0.21471819405966056,-0.004017187114112209,TRUE,S6_apul_plus_one,335
0.059159584271070875,0.1925431836285856,0.0035703231002136623,TRUE,primary,336
0.07253904749140944,0.18763090116105385,-0.04564962894151976,TRUE,S1_joint,336
0.058481651890348096,0.1869406184611071,0.028887541902163263,TRUE,S2_annotated,336
0.06161557884053459,0.18516696169422436,-0.0076202435681825,TRUE,S3_cpg20,336
0.059159584271070875,0.1925431836285856,-0.022375446934600217,TRUE,S4_no_covariates,336
0.059159584271070875,0.1925431836285856,0.004098139675431133,TRUE,S5_expr_strata,336
0.05213688334879618,0.19290473741882666,0.006759806742609429,TRUE,S6_apul_plus_one,336
0.09346082610234996,0.20483712829255452,-0.00473109309900717,TRUE,primary,337
0.08022328634009385,0.2198256094325974,-0.05850925885261942,TRUE,S1_joint,337
0.08494809911738549,0.1970163849042344,0.0192727703928594,TRUE,S2_annotated,337
0.08506662364662226,0.20427964185126052,-0.03249552209427734,TRUE,S3_cpg20,337
0.09346082610234996,0.20483712829255452,-0.0336644420031885,TRUE,S4_no_covariates,337
0.09346082610234996,0.20483712829255452,-0.004014948197963942,TRUE,S5_expr_strata,337
0.06949091205723734,0.20633190223255712,-6.734683628593398e-4,TRUE,S6_apul_plus_one,337
0.09549574762630447,0.21396136927012777,0.011819428561481719,TRUE,primary,338
0.10892460268301762,0.20279145025989165,-0.037707248366129924,TRUE,S1_joint,338
0.08829136497281981,0.19985145682202313,0.02415979874178631,TRUE,S2_annotated,338
0.116890856557193,0.21009444827849494,-0.001878251584360796,TRUE,S3_cpg20,338
0.09549574762630447,0.21396136927012777,-0.01561627613496456,TRUE,S4_no_covariates,338
0.09549574762630447,0.21396136927012777,0.009301714040165126,TRUE,S5_expr_strata,338
0.08170341760559441,0.20865919183775386,0.020719852028944212,TRUE,S6_apul_plus_one,338
0.015978162351087954,0.22026880246516584,-0.00674297228893915,TRUE,primary,339
0.013533117078369017,0.22132521275600522,-0.06799994652130803,TRUE,S1_joint,339
0.02332702685440552,0.21312501713071264,0.02872605664227009,TRUE,S2_annotated,339
0.026389491930145614,0.21434494402658413,-0.05318399770351929,TRUE,S3_cpg20,339
0.015978162351087954,0.22026880246516584,-0.029084134797648743,TRUE,S4_no_covariates,339
0.015978162351087954,0.22026880246516584,-0.008004753427043975,TRUE,S5_expr_strata,339
-0.003916355126307169,0.22529905369695288,-0.005045757414195254,TRUE,S6_apul_plus_one,339
0.10911111438776316,0.21365307010545687,-0.005720484300025151,TRUE,primary,340
0.09973083856710951,0.21158118883800428,-0.07831206009059614,TRUE,S1_joint,340
0.10713174833948574,0.20519002596230476,0.023977437534863772,TRUE,S2_annotated,340
0.09801097772255529,0.21181577188686868,-0.022215280920829902,TRUE,S3_cpg20,340
0.10911111438776316,0.21365307010545687,-0.03215325461488222,TRUE,S4_no_covariates,340
0.10911111438776316,0.21365307010545687,-0.002705054280353907,TRUE,S5_expr_strata,340
0.09841041457789151,0.21098279398832684,3.0876568544019176e-4,TRUE,S6_apul_plus_one,340
0.04689841042626647,0.21635149494018835,0.004691649060230883,TRUE,primary,341
0.06613669766526792,0.20912467392388126,-0.04497946117566399,TRUE,S1_joint,341
0.04048373878137518,0.20913455474316858,0.047317973495186474,TRUE,S2_annotated,341
0.0500299898391407,0.21143394576332314,0.03252358892503767,TRUE,S3_cpg20,341
0.04689841042626647,0.21635149494018835,-0.02578484985259768,TRUE,S4_no_covariates,341
0.04689841042626647,0.21635149494018835,0.001215114616254188,TRUE,S5_expr_strata,341
0.03008444069850158,0.21257523286396818,0.02741116219341188,TRUE,S6_apul_plus_one,341
0.1356811950241914,0.2097873301537521,0.0012216588812051835,TRUE,primary,342
0.1403377494231678,0.20405146844128152,-0.06658332387983348,TRUE,S1_joint,342
0.13605189931177164,0.20539953322642635,0.0475548016425439,TRUE,S2_annotated,342
0.14015456822175149,0.20011119235880417,-0.051022985770604025,TRUE,S3_cpg20,342
0.1356811950241914,0.2097873301537521,-0.030120007508746435,TRUE,S4_no_covariates,342
0.1356811950241914,0.2097873301537521,-0.0012735108275966419,TRUE,S5_expr_strata,342
0.11893901234804588,0.20549687216388351,-0.0022939602724135044,TRUE,S6_apul_plus_one,342
0.05798727861697395,0.21238107079339746,-0.012389432531696377,TRUE,primary,343
0.05921840615193652,0.22093227168809781,-0.0488107950978174,TRUE,S1_joint,343
0.05581400059961128,0.20473839818685524,0.010112369210888235,TRUE,S2_annotated,343
0.0589862503080506,0.2094670450512298,-0.04627182615571173,TRUE,S3_cpg20,343
0.05798727861697395,0.21238107079339746,-0.04096044476874209,TRUE,S4_no_covariates,343
0.05798727861697395,0.21238107079339746,-0.01299991373001015,TRUE,S5_expr_strata,343
0.04615268021966723,0.21660264293878762,-0.01944339592216506,TRUE,S6_apul_plus_one,343
0.08596938159271733,0.21658118593351547,5.45443224818299e-4,TRUE,primary,344
0.09452192126757641,0.2217234813985339,-0.08779178982393124,TRUE,S1_joint,344
0.07966617440467244,0.2045704035281288,0.028506990593583113,TRUE,S2_annotated,344
0.09796096535781545,0.21224745575102147,-0.03756021805731228,TRUE,S3_cpg20,344
0.08596938159271733,0.21658118593351547,-0.03535306783600886,TRUE,S4_no_covariates,344
0.08596938159271733,0.21658118593351547,-0.0019185845336466504,TRUE,S5_expr_strata,344
0.05409682707463154,0.22092540004971586,-0.024664246863047395,TRUE,S6_apul_plus_one,344
0.07807095342948045,0.18019417678935637,-0.00907599317271587,TRUE,primary,345
0.07605958468294116,0.1808639750927222,-0.04164207625585663,TRUE,S1_joint,345
0.07867562733557021,0.17149840198472982,0.017642758300846006,TRUE,S2_annotated,345
0.07857060463659865,0.18041949931067336,-0.026027354845451687,TRUE,S3_cpg20,345
0.07807095342948045,0.18019417678935637,-0.035542302954304585,TRUE,S4_no_covariates,345
0.07807095342948045,0.18019417678935637,-0.007117735707506412,TRUE,S5_expr_strata,345
0.05825190088058785,0.18158115375875603,-0.0015507255597430806,TRUE,S6_apul_plus_one,345
-0.03472807612496498,0.23848357078969884,0.007596379375597932,TRUE,primary,346
-0.03881791175226407,0.2399204914223096,-0.009118136309933028,TRUE,S1_joint,346
-0.03358264672729444,0.2223163458661127,0.033427820859089664,TRUE,S2_annotated,346
-0.029835759012520224,0.2422867167903411,-0.005498590192231776,TRUE,S3_cpg20,346
-0.03472807612496498,0.23848357078969884,-0.025855271538481647,TRUE,S4_no_covariates,346
-0.03472807612496498,0.23848357078969884,0.0021506776570952135,TRUE,S5_expr_strata,346
-0.06622793017557776,0.24502576139050758,0.021146671402500043,TRUE,S6_apul_plus_one,346
0.05616703681188401,0.20754541768479526,-0.008956126879579985,TRUE,primary,347
0.05740419236101357,0.19966811683562857,-0.0553613554338403,TRUE,S1_joint,347
0.05639448560629695,0.19847850507457437,0.014648788008590556,TRUE,S2_annotated,347
0.057910900726458325,0.20508301911427015,-0.01660336868575327,TRUE,S3_cpg20,347
0.05616703681188401,0.20754541768479526,-0.035052273666573215,TRUE,S4_no_covariates,347
0.05616703681188401,0.20754541768479526,-0.007499363490834964,TRUE,S5_expr_strata,347
0.03777195720732546,0.20604236245556712,-0.009673095018070312,TRUE,S6_apul_plus_one,347
0.03765272020102384,0.2007917167243184,-0.006447504735741717,TRUE,primary,348
0.030572409815287305,0.193427672078881,-0.03709086198375222,TRUE,S1_joint,348
0.03996095831283525,0.19626970250366255,0.027402511572058134,TRUE,S2_annotated,348
0.035805012573869976,0.20387556355631736,-0.02996887798649835,TRUE,S3_cpg20,348
0.03765272020102384,0.2007917167243184,-0.029868757474431032,TRUE,S4_no_covariates,348
0.03765272020102384,0.2007917167243184,-0.0027901477758966154,TRUE,S5_expr_strata,348
0.01876955153793841,0.19871754172444048,-0.01383527537708084,TRUE,S6_apul_plus_one,348
0.10192848346910588,0.2017170160050875,-0.005250210264038536,TRUE,primary,349
0.11046632894603953,0.1934916997855527,-0.07708472711970282,TRUE,S1_joint,349
0.10119734694628818,0.1933938795301043,0.02011172287652606,TRUE,S2_annotated,349
0.0924403682257312,0.1972659522187844,-0.047236941776597374,TRUE,S3_cpg20,349
0.10192848346910588,0.2017170160050875,-0.028671062309557956,TRUE,S4_no_covariates,349
0.10192848346910588,0.2017170160050875,-0.00505209861400313,TRUE,S5_expr_strata,349
0.09170198950224545,0.19703658439301536,4.517294221295152e-5,TRUE,S6_apul_plus_one,349
0.11278525560206182,0.19604259357292783,-0.02312143537733201,TRUE,primary,350
0.12143793742758169,0.1985343596342352,-0.08931161835292628,TRUE,S1_joint,350
0.11691516886393666,0.18351223208677167,-5.2080490666486746e-5,TRUE,S2_annotated,350
0.11045879164481015,0.1914384622382531,-0.0649647803563827,TRUE,S3_cpg20,350
0.11278525560206182,0.19604259357292783,-0.04715435219528554,TRUE,S4_no_covariates,350
0.11278525560206182,0.19604259357292783,-0.021324863230855997,TRUE,S5_expr_strata,350
0.08916681376522345,0.20168160594312506,-0.029462954682956104,TRUE,S6_apul_plus_one,350
0.1169837630239472,0.20579354282822535,-0.01234978294473616,TRUE,primary,351
0.11895412935392874,0.20793853310151644,-0.05634701555031194,TRUE,S1_joint,351
0.11130635416227536,0.1993680445505239,0.019967276513345872,TRUE,S2_annotated,351
0.11377370922199681,0.20062798606382143,-0.004630772611028132,TRUE,S3_cpg20,351
0.1169837630239472,0.20579354282822535,-0.037480378509687544,TRUE,S4_no_covariates,351
0.1169837630239472,0.20579354282822535,-0.011431620244624338,TRUE,S5_expr_strata,351
0.09824580305161157,0.20833986355105247,-0.01629386922990545,TRUE,S6_apul_plus_one,351
0.09065233005948353,0.21657575337708002,6.797320907216222e-4,TRUE,primary,352
0.0997490839735296,0.2152141241220269,-0.07140325452888469,TRUE,S1_joint,352
0.09054518679382978,0.20900136878662984,0.029257514271033062,TRUE,S2_annotated,352
0.09809034365119956,0.20905619758972033,-0.038587954714446156,TRUE,S3_cpg20,352
0.09065233005948353,0.21657575337708002,-0.031739556449459645,TRUE,S4_no_covariates,352
0.09065233005948353,0.21657575337708002,-8.675173407468188e-4,TRUE,S5_expr_strata,352
0.07311523426025579,0.21784352090697442,0.0011616670990483302,TRUE,S6_apul_plus_one,352
0.04048464154491754,0.22125999411451644,-0.005203793803053756,TRUE,primary,353
0.045984444978703576,0.22377111825295695,-0.05678600552494263,TRUE,S1_joint,353
0.03890978163195036,0.20225453100216165,0.03148299441292265,TRUE,S2_annotated,353
0.053267364529206884,0.21518974079234285,-0.03486999954754858,TRUE,S3_cpg20,353
0.04048464154491754,0.22125999411451644,-0.03161779703948626,TRUE,S4_no_covariates,353
0.04048464154491754,0.22125999411451644,-0.006639066627773145,TRUE,S5_expr_strata,353
0.01883476812629753,0.22397683907275226,0.018540699573712148,TRUE,S6_apul_plus_one,353
0.12051768157457304,0.2162213741139819,0.007690869907743668,TRUE,primary,354
0.10583874166889368,0.21264310416808843,-0.02509888258326783,TRUE,S1_joint,354
0.12103870510107356,0.20953590362331262,0.04205029983626826,TRUE,S2_annotated,354
0.1318496427149255,0.20397491451344266,-0.03977289991078969,TRUE,S3_cpg20,354
0.12051768157457304,0.2162213741139819,-0.014003038837021406,TRUE,S4_no_covariates,354
0.12051768157457304,0.2162213741139819,0.0041837789357462895,TRUE,S5_expr_strata,354
0.09359601397263767,0.2146563669738401,-0.0014840049920772451,TRUE,S6_apul_plus_one,354
0.07337832312389836,0.19791994999722634,-0.016087329748107847,TRUE,primary,355
0.07333341929674936,0.20229123166106883,-0.0709007109902206,TRUE,S1_joint,355
0.06940683304928047,0.18942076048432746,0.012721873781267165,TRUE,S2_annotated,355
0.06817307135193906,0.19507254335675966,-0.02857312726104929,TRUE,S3_cpg20,355
0.07337832312389836,0.19791994999722634,-0.03821866255737167,TRUE,S4_no_covariates,355
0.07337832312389836,0.19791994999722634,-0.012439700585123198,TRUE,S5_expr_strata,355
0.05253734802071125,0.20221604934962195,-0.025234587690331933,TRUE,S6_apul_plus_one,355
0.1256905683056339,0.21981174320608576,0.024606900738501906,TRUE,primary,356
0.12242781306353484,0.21316660598109824,-0.058020721804239665,TRUE,S1_joint,356
0.1194582557588772,0.22035997255851983,0.04855055275183455,TRUE,S2_annotated,356
0.1382066046185052,0.21109000877785195,-0.006607115416209761,TRUE,S3_cpg20,356
0.1256905683056339,0.21981174320608576,-0.015401883424916298,TRUE,S4_no_covariates,356
0.1256905683056339,0.21981174320608576,0.019952135267407144,TRUE,S5_expr_strata,356
0.11015127760400428,0.22476463173082317,0.028758819278197883,TRUE,S6_apul_plus_one,356
0.06980992551855358,0.1920176704756978,-0.010887469422847917,TRUE,primary,357
0.07619152857718225,0.18253594450224672,-0.043220120799679004,TRUE,S1_joint,357
0.0744635677168688,0.18215664076899993,0.013310349810684715,TRUE,S2_annotated,357
0.07640421219634635,0.19117033484393686,-0.02557409084241234,TRUE,S3_cpg20,357
0.06980992551855358,0.1920176704756978,-0.032646346969223715,TRUE,S4_no_covariates,357
0.06980992551855358,0.1920176704756978,-0.01009266597404301,TRUE,S5_expr_strata,357
0.060645948163361885,0.18705567117673513,-0.016660127651531742,TRUE,S6_apul_plus_one,357
0.09179198078002787,0.20183559153331584,0.011324643392271455,TRUE,primary,358
0.09388228934464027,0.1989742198241556,-0.06933184058998988,TRUE,S1_joint,358
0.09207781274647409,0.1992233193258405,0.03620831452407865,TRUE,S2_annotated,358
0.10321994077853147,0.19441691823663726,-0.029390713034752203,TRUE,S3_cpg20,358
0.09179198078002787,0.20183559153331584,-0.022516552841217508,TRUE,S4_no_covariates,358
0.09179198078002787,0.20183559153331584,0.009385684998558949,TRUE,S5_expr_strata,358
0.0791706259502265,0.20519499004509423,0.008486999980653108,TRUE,S6_apul_plus_one,358
0.10647036036593449,0.19973261376652926,-0.010257200280483452,TRUE,primary,359
0.11080126944020813,0.2020059240948296,-0.08318284067580554,TRUE,S1_joint,359
0.09809723998006081,0.1973577852659637,0.029250203781675702,TRUE,S2_annotated,359
0.10198505584737255,0.1956570871416314,-0.012095809702463647,TRUE,S3_cpg20,359
0.10647036036593449,0.19973261376652926,-0.03759688879915054,TRUE,S4_no_covariates,359
0.10647036036593449,0.19973261376652926,-0.012628206677525058,TRUE,S5_expr_strata,359
0.08755539920383593,0.200613787986036,-0.013716641695854149,TRUE,S6_apul_plus_one,359
0.08562469897269698,0.22726309697743707,-0.0228276284028541,TRUE,primary,360
0.08648221554380409,0.22944367508489275,-0.10276646722480666,TRUE,S1_joint,360
0.08936091575701566,0.2127873330723625,0.008775259483870937,TRUE,S2_annotated,360
0.0810391172127114,0.21804736715003756,-0.07001078473996415,TRUE,S3_cpg20,360
0.08562469897269698,0.22726309697743707,-0.05077730450994218,TRUE,S4_no_covariates,360
0.08562469897269698,0.22726309697743707,-0.017347183840237722,TRUE,S5_expr_strata,360
0.06342285515909718,0.23094693967568025,-0.04607394146382282,TRUE,S6_apul_plus_one,360
0.16556201005643556,0.22801157294594998,0.015360367167087396,TRUE,primary,361
0.16789022285574173,0.22434577459352345,-0.022499939061940647,TRUE,S1_joint,361
0.16880046189643388,0.2222300157844444,0.04590936741821946,TRUE,S2_annotated,361
0.16813053506423997,0.21959722630944903,-0.03216789360571415,TRUE,S3_cpg20,361
0.16556201005643556,0.22801157294594998,-0.013712536245114848,TRUE,S4_no_covariates,361
0.16556201005643556,0.22801157294594998,0.014508203625098002,TRUE,S5_expr_strata,361
0.1547135110892014,0.22289945848817375,0.028195950013346044,TRUE,S6_apul_plus_one,361
0.021787711022926315,0.1937317767739577,0.0026793874370965773,TRUE,primary,362
0.02085801004844523,0.20492339491577546,-0.0016490225660127167,TRUE,S1_joint,362
0.01657432545049825,0.1881972977459765,0.027132280206752568,TRUE,S2_annotated,362
0.0261359968658475,0.19818391822558806,0.012967899703198237,TRUE,S3_cpg20,362
0.021787711022926315,0.1937317767739577,-0.027146804524752172,TRUE,S4_no_covariates,362
0.021787711022926315,0.1937317767739577,-0.002383314212995786,TRUE,S5_expr_strata,362
-0.0055025144563640715,0.19716797074931225,0.02114147554325365,TRUE,S6_apul_plus_one,362
0.09096422419726158,0.19834782534153542,-0.0010027173816773566,TRUE,primary,363
0.09878354818014518,0.20400709099147443,-0.047448583381373505,TRUE,S1_joint,363
0.08396760925543201,0.186006687928076,0.022872518098467628,TRUE,S2_annotated,363
0.0874530546623648,0.19540117762443748,-0.01638954369247575,TRUE,S3_cpg20,363
0.09096422419726158,0.19834782534153542,-0.026937288859091003,TRUE,S4_no_covariates,363
0.09096422419726158,0.19834782534153542,-0.00352295542843189,TRUE,S5_expr_strata,363
0.07163970255122387,0.19550719453449217,-2.824763578701596e-4,TRUE,S6_apul_plus_one,363
0.07881497514725888,0.19931435723229793,7.37847663796784e-4,TRUE,primary,364
0.09844049904278385,0.1912916443263472,-0.030518569408740287,TRUE,S1_joint,364
0.0789180165184144,0.18878464532564823,0.019001598001702837,TRUE,S2_annotated,364
0.08989115731498704,0.19970964722631673,-0.004918389078222222,TRUE,S3_cpg20,364
0.07881497514725888,0.19931435723229793,-0.03147293477232746,TRUE,S4_no_covariates,364
0.07881497514725888,0.19931435723229793,-0.002292085021555838,TRUE,S5_expr_strata,364
0.06572441071060026,0.1978633510068773,0.013428150546584677,TRUE,S6_apul_plus_one,364
0.09637926163039623,0.1981106932239157,-0.015903558740563106,TRUE,primary,365
0.09588991587707796,0.20727648048293784,-0.044238501466693315,TRUE,S1_joint,365
0.0919168922037289,0.19421779078713838,0.010217740054144483,TRUE,S2_annotated,365
0.09374835678561155,0.1956721222276689,-0.015574066054856815,TRUE,S3_cpg20,365
0.09637926163039623,0.1981106932239157,-0.041130530028459136,TRUE,S4_no_covariates,365
0.09637926163039623,0.1981106932239157,-0.014584471882448696,TRUE,S5_expr_strata,365
0.07791693049612486,0.2055348335106651,-0.030700264562895863,TRUE,S6_apul_plus_one,365
0.004945891557560422,0.2274615101348913,0.010671432462738184,TRUE,primary,366
8.838565135542709e-4,0.23380621391159478,-0.013966687101435116,TRUE,S1_joint,366
3.283335239794294e-4,0.22681301310635532,0.03661600889868158,TRUE,S2_annotated,366
0.013457857257091699,0.22070925667578278,0.011861727207712353,TRUE,S3_cpg20,366
0.004945891557560422,0.2274615101348913,-0.014900627374634576,TRUE,S4_no_covariates,366
0.004945891557560422,0.2274615101348913,0.008719813023864115,TRUE,S5_expr_strata,366
-0.015196960492414258,0.23198480825192594,-0.00849662716442654,TRUE,S6_apul_plus_one,366
0.06780235786094241,0.20094021414987476,0.0035531374186694043,TRUE,primary,367
0.06961183825479283,0.20516079827203024,-0.06336973082255465,TRUE,S1_joint,367
0.059881245568195185,0.1955672802839991,0.03941864476975599,TRUE,S2_annotated,367
0.0560515268286908,0.19503945753189225,-6.049224590033307e-5,TRUE,S3_cpg20,367
0.06780235786094241,0.20094021414987476,-0.025054376701642216,TRUE,S4_no_covariates,367
0.06780235786094241,0.20094021414987476,0.0031051754138469397,TRUE,S5_expr_strata,367
0.048446983744756256,0.20398800298261818,0.015065021262667823,TRUE,S6_apul_plus_one,367
0.09335938842403113,0.19750633129621661,0.005993684908704101,TRUE,primary,368
0.10976818908766389,0.18735259517413527,-0.050418801191282406,TRUE,S1_joint,368
0.09091007630336329,0.19371398891365546,0.04048083858554081,TRUE,S2_annotated,368
0.0969315119914157,0.1964258429272042,-0.02062639148802718,TRUE,S3_cpg20,368
0.09335938842403113,0.19750633129621661,-0.027442564003941565,TRUE,S4_no_covariates,368
0.09335938842403113,0.19750633129621661,0.006514425743226766,TRUE,S5_expr_strata,368
0.07970828581071965,0.19554738932834476,0.009180855927013435,TRUE,S6_apul_plus_one,368
0.09666010884942022,0.20965055074386033,-0.012632461559639811,TRUE,primary,369
0.11386028894744282,0.2036918471907907,-0.1051411244374729,TRUE,S1_joint,369
0.10170020206571512,0.19823867859936176,0.0177199459684556,TRUE,S2_annotated,369
0.10598780071404945,0.2010257714093968,-0.06479231840197439,TRUE,S3_cpg20,369
0.09666010884942022,0.20965055074386033,-0.045492622591883344,TRUE,S4_no_covariates,369
0.09666010884942022,0.20965055074386033,-0.012008525332266958,TRUE,S5_expr_strata,369
0.08521361117163762,0.20476574781622794,-0.03365534389825331,TRUE,S6_apul_plus_one,369
0.08906428045734999,0.20189606626861223,-0.006559812877714782,TRUE,primary,370
0.10204177202623682,0.19546868807471943,-0.07629684628940775,TRUE,S1_joint,370
0.08349048349289961,0.19652973925842068,0.03266169081445565,TRUE,S2_annotated,370
0.0906883611255151,0.1946590560306357,-0.033128150831021025,TRUE,S3_cpg20,370
0.08906428045734999,0.20189606626861223,-0.02928527574155673,TRUE,S4_no_covariates,370
0.08906428045734999,0.20189606626861223,-0.007750470410325131,TRUE,S5_expr_strata,370
0.07522754033754181,0.20111036382758604,-0.005837737653516897,TRUE,S6_apul_plus_one,370
0.0598971376679599,0.20830318469291537,-0.007554918038109052,TRUE,primary,371
0.07467824359629965,0.19984909161381273,-0.08620626673188128,TRUE,S1_joint,371
0.056870944892016384,0.20225184293770423,0.02921524850032994,TRUE,S2_annotated,371
0.05658004185825899,0.20573670836249477,-0.008343532042745261,TRUE,S3_cpg20,371
0.0598971376679599,0.20830318469291537,-0.03901778131667953,TRUE,S4_no_covariates,371
0.0598971376679599,0.20830318469291537,-0.006286612932524844,TRUE,S5_expr_strata,371
0.05132611364373385,0.20581512473857752,-0.011037435494948813,TRUE,S6_apul_plus_one,371
0.14104674872984413,0.21068468493719344,0.010859259288077037,TRUE,primary,372
0.13880160866931823,0.2060020380713236,-0.05504538031140652,TRUE,S1_joint,372
0.13715880624517607,0.20881801078765228,0.04382029923846792,TRUE,S2_annotated,372
0.1335943658128747,0.2038889873982852,0.0020358815084297456,TRUE,S3_cpg20,372
0.14104674872984413,0.21068468493719344,-0.02278175286258548,TRUE,S4_no_covariates,372
0.14104674872984413,0.21068468493719344,0.007826149874389388,TRUE,S5_expr_strata,372
0.12105934511031446,0.2099728067474022,0.02201173033634212,TRUE,S6_apul_plus_one,372
0.0607101774366019,0.23461942245917564,-0.005059740819523544,TRUE,primary,373
0.036638714383390836,0.2353882758462995,-0.06305400526419153,TRUE,S1_joint,373
0.06423039894518262,0.2289194667916299,0.03351870841641172,TRUE,S2_annotated,373
0.05250956029178716,0.22594216925929572,-0.03294647149588043,TRUE,S3_cpg20,373
0.0607101774366019,0.23461942245917564,-0.033550085070060257,TRUE,S4_no_covariates,373
0.0607101774366019,0.23461942245917564,-0.006599793853363232,TRUE,S5_expr_strata,373
0.028908407615567955,0.2396692707384109,-0.020991978322132777,TRUE,S6_apul_plus_one,373
0.12181236048932759,0.20763543298491802,0.005740582851964612,TRUE,primary,374
0.11783654482596623,0.20415942456777694,-0.004984485945953702,TRUE,S1_joint,374
0.1253779725806713,0.19759697384275318,0.04275340262859368,TRUE,S2_annotated,374
0.12580735128405152,0.20274595802454853,-0.04140011676121283,TRUE,S3_cpg20,374
0.12181236048932759,0.20763543298491802,-0.012207382177306277,TRUE,S4_no_covariates,374
0.12181236048932759,0.20763543298491802,0.005651419992694319,TRUE,S5_expr_strata,374
0.09846270193588186,0.20810409122941528,-0.005671036096215931,TRUE,S6_apul_plus_one,374
0.0793073752497982,0.21146191767022057,-0.013594268518397516,TRUE,primary,375
0.07728855702958237,0.2193546564367208,-0.08967554019609643,TRUE,S1_joint,375
0.0847309604819323,0.2034887641446232,0.02312799315172358,TRUE,S2_annotated,375
0.08723121943708595,0.20163305583636318,-0.07490409130290439,TRUE,S3_cpg20,375
0.0793073752497982,0.21146191767022057,-0.038819391881403306,TRUE,S4_no_covariates,375
0.0793073752497982,0.21146191767022057,-0.01215609840470494,TRUE,S5_expr_strata,375
0.05415518886866627,0.21976076033219574,-0.04449518124126217,TRUE,S6_apul_plus_one,375
0.09130121462054197,0.2114571919689483,0.00677134000096283,TRUE,primary,376
0.09350499551863328,0.20943233754099158,-0.06188393458452486,TRUE,S1_joint,376
0.08994234310442673,0.20901251456958697,0.0477617581966984,TRUE,S2_annotated,376
0.09013687263105247,0.20735538338661796,-0.03061143760261499,TRUE,S3_cpg20,376
0.09130121462054197,0.2114571919689483,-0.025781444296654278,TRUE,S4_no_covariates,376
0.09130121462054197,0.2114571919689483,0.0034547204676388895,TRUE,S5_expr_strata,376
0.07081603663811686,0.21273356805773197,0.01922895049326635,TRUE,S6_apul_plus_one,376
0.11241904619104492,0.19822559411782534,-0.014575426153872249,TRUE,primary,377
0.12193809374739356,0.1918871503727678,-0.055716390837054056,TRUE,S1_joint,377
0.11262954901675376,0.19082559686302009,0.01781514430969689,TRUE,S2_annotated,377
0.1061113688970266,0.20209901714070647,-0.004924483030729156,TRUE,S3_cpg20,377
0.11241904619104492,0.19822559411782534,-0.043943562563207125,TRUE,S4_no_covariates,377
0.11241904619104492,0.19822559411782534,-0.014076395870980085,TRUE,S5_expr_strata,377
0.10064275425174435,0.19534077853509757,-0.005227554617782418,TRUE,S6_apul_plus_one,377
0.07115390756483131,0.2322617672472388,-0.01724137228562543,TRUE,primary,378
0.07948003632883244,0.23718131863941105,-0.11887416520236908,TRUE,S1_joint,378
0.06867824910450054,0.22084174225622216,0.037437663905776665,TRUE,S2_annotated,378
0.06880461963727547,0.2251147663127674,-0.05920034975891351,TRUE,S3_cpg20,378
0.07115390756483131,0.2322617672472388,-0.047104579206859454,TRUE,S4_no_covariates,378
0.07115390756483131,0.2322617672472388,-0.01949139716626736,TRUE,S5_expr_strata,378
0.043876840830193886,0.23521772491640094,-0.019148158951649775,TRUE,S6_apul_plus_one,378
0.14074298014744724,0.20864893599976284,-0.005441274066153084,TRUE,primary,379
0.13993262837610937,0.2090395223179498,-0.09184533141584027,TRUE,S1_joint,379
0.138514294983618,0.20316471036393483,0.030051820571921826,TRUE,S2_annotated,379
0.1574162135890852,0.19487025796972024,-0.07516021192008919,TRUE,S3_cpg20,379
0.14074298014744724,0.20864893599976284,-0.031383796811245375,TRUE,S4_no_covariates,379
0.14074298014744724,0.20864893599976284,-0.008595837069113278,TRUE,S5_expr_strata,379
0.11798756721847292,0.2109976876384704,-0.010003308515732917,TRUE,S6_apul_plus_one,379
0.11783189579581926,0.20577628029905676,-0.006127174020244228,TRUE,primary,380
0.13060931074895205,0.1991006712538006,-0.10370054531628099,TRUE,S1_joint,380
0.11988665183107194,0.20119440794537208,0.03483334298733505,TRUE,S2_annotated,380
0.12036384393110228,0.20050627205279578,-0.07651204719873414,TRUE,S3_cpg20,380
0.11783189579581926,0.20577628029905676,-0.03970763611275388,TRUE,S4_no_covariates,380
0.11783189579581926,0.20577628029905676,-0.0076403101706994155,TRUE,S5_expr_strata,380
0.10759102328734055,0.20190233598851018,-0.011614280273187227,TRUE,S6_apul_plus_one,380
0.1108831508673791,0.21303164433986585,7.840702413578988e-4,TRUE,primary,381
0.14445723510412717,0.1982948455548386,-0.0689699493701186,TRUE,S1_joint,381
0.10536563991471065,0.20401020739513084,0.026613264711569794,TRUE,S2_annotated,381
0.1230583033771504,0.20975279089957735,0.00456527270892605,TRUE,S3_cpg20,381
0.1108831508673791,0.21303164433986585,-0.03215467723480334,TRUE,S4_no_covariates,381
0.1108831508673791,0.21303164433986585,-0.002718732120987073,TRUE,S5_expr_strata,381
0.10800951079113269,0.20880217834196635,0.014182316958696603,TRUE,S6_apul_plus_one,381
0.12305187983441124,0.2295644838122594,-0.011888462437350708,TRUE,primary,382
0.1096980975593081,0.22522114200452314,-0.09029253594254824,TRUE,S1_joint,382
0.1314140785001735,0.21793247098893992,0.019724757061886592,TRUE,S2_annotated,382
0.1174488867038454,0.2198805089688611,-0.07007639459771098,TRUE,S3_cpg20,382
0.12305187983441124,0.2295644838122594,-0.03897077878275198,TRUE,S4_no_covariates,382
0.12305187983441124,0.2295644838122594,-0.011477548134309831,TRUE,S5_expr_strata,382
0.10106877918650081,0.23090554657073178,-0.03633495208700325,TRUE,S6_apul_plus_one,382
0.11778716989769189,0.21425464335145136,-6.567436961583148e-5,TRUE,primary,383
0.13186713489000151,0.2130673922965571,-0.0840076404491467,TRUE,S1_joint,383
0.11114760648232985,0.20118990583875668,0.02645820937718726,TRUE,S2_annotated,383
0.12602925171512458,0.20795832031978395,-0.05657692096579067,TRUE,S3_cpg20,383
0.11778716989769189,0.21425464335145136,-0.02284921661434679,TRUE,S4_no_covariates,383
0.11778716989769189,0.21425464335145136,-2.625055064254842e-4,TRUE,S5_expr_strata,383
0.09585807484748798,0.21454941952193385,0.006267540012715056,TRUE,S6_apul_plus_one,383
0.15739839326562471,0.20336181576797413,-0.01938401053214885,TRUE,primary,384
0.16776100069133448,0.20215600889056917,-0.09435717430945835,TRUE,S1_joint,384
0.14978818377651892,0.20030824149420431,0.02774537110594965,TRUE,S2_annotated,384
0.15306703407769084,0.19850206901845507,-0.05306752274880026,TRUE,S3_cpg20,384
0.15739839326562471,0.20336181576797413,-0.04525982012152316,TRUE,S4_no_covariates,384
0.15739839326562471,0.20336181576797413,-0.020826117435501473,TRUE,S5_expr_strata,384
0.15009691848781193,0.1999263079057547,-0.017599240846761628,TRUE,S6_apul_plus_one,384
0.12809517596943137,0.21162972202127212,-0.004886812033822232,TRUE,primary,385
0.14009719641458585,0.21183783831751127,-0.08133539984331292,TRUE,S1_joint,385
0.1234020949746088,0.2063975094979077,0.025314560171938144,TRUE,S2_annotated,385
0.13066245641225638,0.2064672800253599,-0.04159425570570506,TRUE,S3_cpg20,385
0.12809517596943137,0.21162972202127212,-0.03159998811461867,TRUE,S4_no_covariates,385
0.12809517596943137,0.21162972202127212,-0.0054034394292917,TRUE,S5_expr_strata,385
0.11126959741389297,0.21289344528420187,-0.0015961518139269572,TRUE,S6_apul_plus_one,385
0.1013111901186487,0.20215728980660325,0.0031285857605813203,TRUE,primary,386
0.11644141154364102,0.19788027043552892,-0.030174019568790726,TRUE,S1_joint,386
0.09897040959657788,0.19902140157796044,0.04325334408259165,TRUE,S2_annotated,386
0.10005446910276505,0.19643706795962532,-0.011780791566222878,TRUE,S3_cpg20,386
0.1013111901186487,0.20215728980660325,-0.02248713864296117,TRUE,S4_no_covariates,386
0.1013111901186487,0.20215728980660325,0.0017865695246472152,TRUE,S5_expr_strata,386
0.08546034047330087,0.20347221901266388,0.020136539021591415,TRUE,S6_apul_plus_one,386
0.04368390337843159,0.23415048350038956,-0.010766530365810528,TRUE,primary,387
0.047371203736245815,0.23923842589598007,-0.053183621046062654,TRUE,S1_joint,387
0.0422584874792431,0.22136425515769673,0.015878697177068482,TRUE,S2_annotated,387
0.04911787273719531,0.23238681630646332,-0.05746385159074496,TRUE,S3_cpg20,387
0.04368390337843159,0.23415048350038956,-0.037696233016222123,TRUE,S4_no_covariates,387
0.04368390337843159,0.23415048350038956,-0.012049645616129739,TRUE,S5_expr_strata,387
0.02892509819650685,0.23790544686001833,-0.0059262010466459465,TRUE,S6_apul_plus_one,387
0.10157037522354512,0.23403997941679355,-0.007005797613612733,TRUE,primary,388
0.12007793302198183,0.22610488943652912,-0.09625601745127112,TRUE,S1_joint,388
0.09663611229425279,0.2245738468382952,0.04045657795530953,TRUE,S2_annotated,388
0.11329606072794401,0.22697083228682474,-0.03690778123728164,TRUE,S3_cpg20,388
0.10157037522354512,0.23403997941679355,-0.038724322737837914,TRUE,S4_no_covariates,388
0.10157037522354512,0.23403997941679355,-0.007023966475546863,TRUE,S5_expr_strata,388
0.08875142150709525,0.23284642241540168,-0.014517513009641858,TRUE,S6_apul_plus_one,388
0.09999487276525443,0.2283485697461102,0.0031715923283786728,TRUE,primary,389
0.10041655954540146,0.23194622326024963,-0.029804227033510988,TRUE,S1_joint,389
0.09384498289643017,0.22227369233921176,0.043551506537907035,TRUE,S2_annotated,389
0.10311919311171214,0.227554437983316,-0.0019350437853226956,TRUE,S3_cpg20,389
0.09999487276525443,0.2283485697461102,-0.032293127545724665,TRUE,S4_no_covariates,389
0.09999487276525443,0.2283485697461102,-0.0011406091186898862,TRUE,S5_expr_strata,389
0.0798757469892562,0.22430715841773893,0.018036741115388787,TRUE,S6_apul_plus_one,389
0.06391466575403898,0.21238655489373026,-0.020028531401895415,TRUE,primary,390
0.061762945400360925,0.2081283926673982,-0.06831653637194295,TRUE,S1_joint,390
0.06448245185399565,0.2023360706467782,0.014910389362228774,TRUE,S2_annotated,390
0.0635878831485941,0.20824127209538004,-0.04676650973695869,TRUE,S3_cpg20,390
0.06391466575403898,0.21238655489373026,-0.04042599880514273,TRUE,S4_no_covariates,390
0.06391466575403898,0.21238655489373026,-0.015229947071613513,TRUE,S5_expr_strata,390
0.03490384702107091,0.21514882920185327,-0.0237862222742441,TRUE,S6_apul_plus_one,390
0.05826092814914491,0.24183736904101358,-0.007568734175367523,TRUE,primary,391
0.062123008204603314,0.24830613142455907,-0.06979606416048226,TRUE,S1_joint,391
0.06215609256190474,0.24128679898254451,0.020851718328760968,TRUE,S2_annotated,391
0.057412394902944586,0.23452437254156544,-0.050222664593617836,TRUE,S3_cpg20,391
0.05826092814914491,0.24183736904101358,-0.037260630840857414,TRUE,S4_no_covariates,391
0.05826092814914491,0.24183736904101358,-0.013123045652499242,TRUE,S5_expr_strata,391
0.03878691619536351,0.2482140539206819,-0.02374769080098669,TRUE,S6_apul_plus_one,391
0.11666300674255503,0.20392737724530519,-0.01952542498638764,TRUE,primary,392
0.14458191581559832,0.19316269913516534,-0.09312650800559301,TRUE,S1_joint,392
0.11973215479057919,0.19199941106764443,0.0048211347061151,TRUE,S2_annotated,392
0.11862370003079992,0.19960717694918165,-0.05194296151625188,TRUE,S3_cpg20,392
0.11666300674255503,0.20392737724530519,-0.04670935573163449,TRUE,S4_no_covariates,392
0.11666300674255503,0.20392737724530519,-0.019340916039990868,TRUE,S5_expr_strata,392
0.10907845260083587,0.1961877628233495,-0.030618002920623458,TRUE,S6_apul_plus_one,392
0.037086932641530235,0.20686791065212898,-0.006646806991652266,TRUE,primary,393
0.03270080313638918,0.20658741287918403,-0.061493283696323134,TRUE,S1_joint,393
0.03449249266509985,0.2016394578968637,0.0323047081658187,TRUE,S2_annotated,393
0.018197749312754807,0.2074974410062949,-0.02223037020061464,TRUE,S3_cpg20,393
0.037086932641530235,0.20686791065212898,-0.03547920064828214,TRUE,S4_no_covariates,393
0.037086932641530235,0.20686791065212898,-0.004766373692018983,TRUE,S5_expr_strata,393
0.011357125380987931,0.2068580318353991,0.0037045447320520845,TRUE,S6_apul_plus_one,393
0.08823769056091979,0.19742595918545425,-6.25218261693963e-4,TRUE,primary,394
0.10406160819362703,0.19004819688909932,-0.0701630310564293,TRUE,S1_joint,394
0.08805363596494259,0.1910909917462198,0.032095045826673246,TRUE,S2_annotated,394
0.0904934154393156,0.190859066776236,-0.03799384523067871,TRUE,S3_cpg20,394
0.08823769056091979,0.19742595918545425,-0.025132125921212126,TRUE,S4_no_covariates,394
0.08823769056091979,0.19742595918545425,-0.001072021105858608,TRUE,S5_expr_strata,394
0.07849821979732169,0.19622907611980692,0.005171386817026472,TRUE,S6_apul_plus_one,394
0.10773380541585709,0.21821444934679288,-0.011828340469133867,TRUE,primary,395
0.08803615931765568,0.23397321001883142,-0.02934103689583744,TRUE,S1_joint,395
0.09653285992934696,0.2136553538803611,0.013026962522694885,TRUE,S2_annotated,395
0.0985892980128848,0.22163490660850907,-0.015811296731992733,TRUE,S3_cpg20,395
0.10773380541585709,0.21821444934679288,-0.03549210281309656,TRUE,S4_no_covariates,395
0.10773380541585709,0.21821444934679288,-0.009801418173288435,TRUE,S5_expr_strata,395
0.08607919256040814,0.2170768438918115,0.004814853457202065,TRUE,S6_apul_plus_one,395
0.11783535076887819,0.20080419850900152,-0.013661749511266677,TRUE,primary,396
0.11052726259755724,0.19947794692451537,-0.08700190440774828,TRUE,S1_joint,396
0.11358446548877815,0.19822871421552585,0.0197164283041638,TRUE,S2_annotated,396
0.12069027081858996,0.19488689373687978,-0.034912664280829994,TRUE,S3_cpg20,396
0.11783535076887819,0.20080419850900152,-0.040401947526218555,TRUE,S4_no_covariates,396
0.11783535076887819,0.20080419850900152,-0.01624930062626648,TRUE,S5_expr_strata,396
0.10286436599703253,0.19798033542357418,-0.03580936053747666,TRUE,S6_apul_plus_one,396
0.06859369680978583,0.21085668924106965,0.004360467212411735,TRUE,primary,397
0.07898787312438976,0.20928424857276118,-0.05796247462462633,TRUE,S1_joint,397
0.061297234643800935,0.20731863309743798,0.04078658381680014,TRUE,S2_annotated,397
0.05557348199391965,0.2104167118908688,0.001033512523267162,TRUE,S3_cpg20,397
0.06859369680978583,0.21085668924106965,-0.02264733866682366,TRUE,S4_no_covariates,397
0.06859369680978583,0.21085668924106965,0.005935569526486978,TRUE,S5_expr_strata,397
0.047018871000618134,0.211258810384329,0.03013312197321468,TRUE,S6_apul_plus_one,397
0.04380350140107353,0.2185377075734287,-0.0014990805991969762,TRUE,primary,398
0.024862936546996783,0.22346244365709717,-0.07123462606876317,TRUE,S1_joint,398
0.044323435482457096,0.21893958148522133,0.040411320777753126,TRUE,S2_annotated,398
0.04413158813751261,0.21237474477174903,-0.04031485560461931,TRUE,S3_cpg20,398
0.04380350140107353,0.2185377075734287,-0.031600257704420695,TRUE,S4_no_covariates,398
0.04380350140107353,0.2185377075734287,-0.003960453528783578,TRUE,S5_expr_strata,398
0.012862700376150726,0.2277451333817019,-0.01019141462040295,TRUE,S6_apul_plus_one,398
0.1054232824412023,0.19959640451439115,-0.016395912186145768,TRUE,primary,399
0.09331055690036805,0.21130273578487208,-0.06124438868597071,TRUE,S1_joint,399
0.10460689483479868,0.19134291180844815,0.0054234568945793725,TRUE,S2_annotated,399
0.10507830012144609,0.1956095237358842,-0.015961394403573397,TRUE,S3_cpg20,399
0.1054232824412023,0.19959640451439115,-0.04045941764830593,TRUE,S4_no_covariates,399
0.1054232824412023,0.19959640451439115,-0.016391372274693918,TRUE,S5_expr_strata,399
0.08354292024783039,0.21169890443716338,-0.030663640960739206,TRUE,S6_apul_plus_one,399
0.06694905812095975,0.1975677938521441,-0.018785144484464864,TRUE,primary,400
0.0877382029129008,0.20391759438967205,-0.10006651872675226,TRUE,S1_joint,400
0.06825409005633981,0.1875843938691043,0.02046915487720989,TRUE,S2_annotated,400
0.06812885477347475,0.19000293185152867,-0.04456937686876085,TRUE,S3_cpg20,400
0.06694905812095975,0.1975677938521441,-0.03939077984588269,TRUE,S4_no_covariates,400
0.06694905812095975,0.1975677938521441,-0.020712644229729595,TRUE,S5_expr_strata,400
0.050198456382679,0.201355459714245,-0.024801524655662054,TRUE,S6_apul_plus_one,400
0.0502863593655804,0.1915757687374394,-0.010127126475030238,TRUE,primary,401
0.060015643024089516,0.2021886886212768,-0.04389448926330139,TRUE,S1_joint,401
0.053836219457787216,0.17896285646334997,0.015964433070145705,TRUE,S2_annotated,401
0.05605519307227402,0.19146309631862898,-0.02600000260285864,TRUE,S3_cpg20,401
0.0502863593655804,0.1915757687374394,-0.03895782418942526,TRUE,S4_no_covariates,401
0.0502863593655804,0.1915757687374394,-0.010590308993750436,TRUE,S5_expr_strata,401
0.037484484677240915,0.19625689644610445,-0.012950243222950138,TRUE,S6_apul_plus_one,401
0.062448721078637526,0.20343673229186243,0.005078979587134593,TRUE,primary,402
0.06173155413740489,0.20278962904895093,-0.017682393295623853,TRUE,S1_joint,402
0.06253507375742678,0.19893412486489095,0.034605258323841113,TRUE,S2_annotated,402
0.07726461335525053,0.19768313967162907,-0.019115767168661205,TRUE,S3_cpg20,402
0.062448721078637526,0.20343673229186243,-0.026334424383630716,TRUE,S4_no_covariates,402
0.062448721078637526,0.20343673229186243,0.0047929195578989385,TRUE,S5_expr_strata,402
0.04743909484491393,0.20255698470190153,0.00862490214302162,TRUE,S6_apul_plus_one,402
0.043782331917145145,0.21318047250492778,0.0016390491722104363,TRUE,primary,403
0.05803496161110838,0.21500858820076263,-0.07162320489597504,TRUE,S1_joint,403
0.0404725875876511,0.2040514197301692,0.03681860178851563,TRUE,S2_annotated,403
0.038593585332556746,0.20897919455017316,0.006993892528385048,TRUE,S3_cpg20,403
0.043782331917145145,0.21318047250492778,-0.02832627983455594,TRUE,S4_no_covariates,403
0.043782331917145145,0.21318047250492778,1.3415736895684385e-4,TRUE,S5_expr_strata,403
0.027983287907879018,0.21136168584515724,0.025856834217554227,TRUE,S6_apul_plus_one,403
0.08397128782938235,0.20549778244807557,5.239556896032353e-4,TRUE,primary,404
0.09509821969063603,0.20848349673480768,-0.05489828411515829,TRUE,S1_joint,404
0.0814929585469531,0.20029315285169694,0.03289306086094483,TRUE,S2_annotated,404
0.06983805289613293,0.20127347222427455,-0.012120187407697134,TRUE,S3_cpg20,404
0.08397128782938235,0.20549778244807557,-0.02341061235384729,TRUE,S4_no_covariates,404
0.08397128782938235,0.20549778244807557,0.0013916837738721635,TRUE,S5_expr_strata,404
0.06572049689526527,0.20776297647078337,0.027119885380520323,TRUE,S6_apul_plus_one,404
0.0951947264421048,0.2128436693505365,-0.0063723543193454964,TRUE,primary,405
0.09184416690337427,0.22021262690899068,-0.08475647233467211,TRUE,S1_joint,405
0.09303271643494532,0.2010043430902809,0.03331179551787315,TRUE,S2_annotated,405
0.10579112675101071,0.20192144293626843,-0.06159938559862012,TRUE,S3_cpg20,405
0.0951947264421048,0.2128436693505365,-0.02801349043465336,TRUE,S4_no_covariates,405
0.0951947264421048,0.2128436693505365,-0.008122996234518185,TRUE,S5_expr_strata,405
0.06667487608424005,0.21757477332964312,-0.0030851473949025823,TRUE,S6_apul_plus_one,405
0.10823838189833207,0.19543567369796247,-0.0065487559764125574,TRUE,primary,406
0.1186356852800331,0.19182707972050414,-0.058816773580929654,TRUE,S1_joint,406
0.1042819909395526,0.19047866316768094,0.026333580284876486,TRUE,S2_annotated,406
0.10464560714457272,0.18815832578108643,-0.03786769846629063,TRUE,S3_cpg20,406
0.10823838189833207,0.19543567369796247,-0.028895852907307513,TRUE,S4_no_covariates,406
0.10823838189833207,0.19543567369796247,-0.005188960357394998,TRUE,S5_expr_strata,406
0.0897074512474253,0.19571524291462541,0.014049594269244459,TRUE,S6_apul_plus_one,406
0.18554041903137114,0.22451465418815106,0.01320182748462483,TRUE,primary,407
0.1821595624010871,0.21035374763723497,-0.0379542622223536,TRUE,S1_joint,407
0.17776080138584183,0.21503430920287106,0.026575481976418788,TRUE,S2_annotated,407
0.19038077885987548,0.22695688322562227,-0.007418938908263546,TRUE,S3_cpg20,407
0.18554041903137114,0.22451465418815106,-0.007712213974971176,TRUE,S4_no_covariates,407
0.18554041903137114,0.22451465418815106,0.0103395109401307,TRUE,S5_expr_strata,407
0.1700007179773962,0.21973733679057758,0.011825669481258714,TRUE,S6_apul_plus_one,407
0.02959030601289242,0.21544317615702346,0.003622495640798051,TRUE,primary,408
0.055335476435355246,0.2076682478849468,-0.06317117315291583,TRUE,S1_joint,408
0.03049713607374477,0.21215209823887823,0.03651016944381029,TRUE,S2_annotated,408
0.030513489706085695,0.21235476840515152,-0.015642763396200018,TRUE,S3_cpg20,408
0.02959030601289242,0.21544317615702346,-0.027036457486332377,TRUE,S4_no_covariates,408
0.02959030601289242,0.21544317615702346,0.008951976283871428,TRUE,S5_expr_strata,408
0.02361369467750918,0.21217524230902984,0.01676065676162328,TRUE,S6_apul_plus_one,408
0.011351375399242636,0.21577631750746512,-0.0035367496700465808,TRUE,primary,409
8.600339121448974e-4,0.2259155927853721,-0.05290371241871378,TRUE,S1_joint,409
0.012994541208863508,0.21428211722590382,0.0180491134612902,TRUE,S2_annotated,409
0.01751624034360738,0.21464790586470842,-0.0521107123491167,TRUE,S3_cpg20,409
0.011351375399242636,0.21577631750746512,-0.02859425375254955,TRUE,S4_no_covariates,409
0.011351375399242636,0.21577631750746512,-0.0046094581973997895,TRUE,S5_expr_strata,409
-0.01243961332828758,0.22443505823124485,-0.005158016936698444,TRUE,S6_apul_plus_one,409
0.08280624603718967,0.19123851581120033,-0.02106818678814298,TRUE,primary,410
0.10452716640660198,0.19046361137332132,-0.06298105798684,TRUE,S1_joint,410
0.07806226614314593,0.18480301089976262,0.010719503463069538,TRUE,S2_annotated,410
0.08472793066228967,0.18688780610206965,-0.004429343849678481,TRUE,S3_cpg20,410
0.08280624603718967,0.19123851581120033,-0.04196365419410639,TRUE,S4_no_covariates,410
0.08280624603718967,0.19123851581120033,-0.021860817990528015,TRUE,S5_expr_strata,410
0.07062001382668448,0.18903985819304073,-0.005078569713137987,TRUE,S6_apul_plus_one,410
0.09203050649544642,0.22122309015079258,0.001033740563174565,TRUE,primary,411
0.10706981520461867,0.2242404542019978,-0.08921794789478388,TRUE,S1_joint,411
0.08828277585953431,0.21655891587368611,0.04449769536809743,TRUE,S2_annotated,411
0.0968092851023899,0.21164920101400758,-0.018264659602679964,TRUE,S3_cpg20,411
0.09203050649544642,0.22122309015079258,-0.029522199221679302,TRUE,S4_no_covariates,411
0.09203050649544642,0.22122309015079258,-0.0021484908449328263,TRUE,S5_expr_strata,411
0.07779775967362079,0.2209537696872182,0.0022248601680128844,TRUE,S6_apul_plus_one,411
0.035656917890566686,0.20979974822991268,0.0027418119602813013,TRUE,primary,412
0.04017518056124292,0.20468486286158086,-0.07133436577798373,TRUE,S1_joint,412
0.03745159412423216,0.20576624814467495,0.02834807805710515,TRUE,S2_annotated,412
0.050771657020609984,0.203360638808794,-0.02401653145944633,TRUE,S3_cpg20,412
0.035656917890566686,0.20979974822991268,-0.029249379039524046,TRUE,S4_no_covariates,412
0.035656917890566686,0.20979974822991268,-4.7529940680204766e-4,TRUE,S5_expr_strata,412
0.027365272714193922,0.21283503362785594,-0.0054111503919430795,TRUE,S6_apul_plus_one,412
0.1310966216588108,0.20057279963708471,-0.008305171535245109,TRUE,primary,413
0.1339716338644637,0.20110660593082694,-0.09816015987215358,TRUE,S1_joint,413
0.12460824991752761,0.19649186758152673,0.03510572853076815,TRUE,S2_annotated,413
0.12262872485008569,0.1947645923537465,-0.04619056571626593,TRUE,S3_cpg20,413
0.1310966216588108,0.20057279963708471,-0.030603237509768958,TRUE,S4_no_covariates,413
0.1310966216588108,0.20057279963708471,-0.010365046115073146,TRUE,S5_expr_strata,413
0.11743766113726245,0.20146797059613347,-0.015702939479292723,TRUE,S6_apul_plus_one,413
0.09571894564250955,0.19798797389064682,-0.010668220190593235,TRUE,primary,414
0.1185279947954499,0.2036629567429196,-0.038408206146832775,TRUE,S1_joint,414
0.08993288490884493,0.18897804897809017,0.01704091155697872,TRUE,S2_annotated,414
0.10032447399138328,0.1950548521110065,-0.036996176712385344,TRUE,S3_cpg20,414
0.09571894564250955,0.19798797389064682,-0.033415691419457945,TRUE,S4_no_covariates,414
0.09571894564250955,0.19798797389064682,-0.013315133955475058,TRUE,S5_expr_strata,414
0.08177453424216763,0.19677388080718095,-0.018050481188146623,TRUE,S6_apul_plus_one,414
0.03721128496768927,0.22037893506532386,-0.005441730023322556,TRUE,primary,415
0.03307707469653337,0.22087035468227278,-0.06163853975743405,TRUE,S1_joint,415
0.038473378115995716,0.21947011590712706,0.027330535821067776,TRUE,S2_annotated,415
0.033738780172418936,0.21555651236600748,-0.011887403206271418,TRUE,S3_cpg20,415
0.03721128496768927,0.22037893506532386,-0.034208681095103784,TRUE,S4_no_covariates,415
0.03721128496768927,0.22037893506532386,-0.007185690839659927,TRUE,S5_expr_strata,415
0.022660698532090295,0.2249508958177361,-0.03329145431291492,TRUE,S6_apul_plus_one,415
0.11088356762444362,0.2018078722076506,0.008247170664569538,TRUE,primary,416
0.1163905144622408,0.19503782505287676,-0.03884644175295097,TRUE,S1_joint,416
0.10944453664886744,0.1987787620076233,0.030970817050453178,TRUE,S2_annotated,416
0.11905369719869252,0.19447597015598117,-0.020071005572504096,TRUE,S3_cpg20,416
0.11088356762444362,0.2018078722076506,-0.02449029018681218,TRUE,S4_no_covariates,416
0.11088356762444362,0.2018078722076506,0.005067914040032793,TRUE,S5_expr_strata,416
0.09974996306238731,0.20098313514134658,0.007967807240084992,TRUE,S6_apul_plus_one,416
0.07393881561499605,0.20071119845988397,-0.009466228991898133,TRUE,primary,417
0.07392065953429294,0.2078841703679101,-0.03640553519068439,TRUE,S1_joint,417
0.067658475022007,0.19138187953594193,0.011619749256314343,TRUE,S2_annotated,417
0.07405520704958146,0.19858430334687302,-0.026835404329389894,TRUE,S3_cpg20,417
0.07393881561499605,0.20071119845988397,-0.03621270635436765,TRUE,S4_no_covariates,417
0.07393881561499605,0.20071119845988397,-0.012517819103765964,TRUE,S5_expr_strata,417
0.05794461294169129,0.20867533222256587,0.01359615243044233,TRUE,S6_apul_plus_one,417
0.09929299306005546,0.1978235053211052,-0.009770597266285626,TRUE,primary,418
0.10767372009128279,0.1968405957003808,-0.07819217452775777,TRUE,S1_joint,418
0.10625862402023134,0.19179226401178032,0.022402376111324413,TRUE,S2_annotated,418
0.10729402752078171,0.1911216348693146,-0.04391709163701161,TRUE,S3_cpg20,418
0.09929299306005546,0.1978235053211052,-0.03693822699627077,TRUE,S4_no_covariates,418
0.09929299306005546,0.1978235053211052,-0.008335988685305207,TRUE,S5_expr_strata,418
0.08355894595399227,0.19603739963561256,-0.010522062141409215,TRUE,S6_apul_plus_one,418
0.09601783491114635,0.19389094443449328,-0.004244036529746659,TRUE,primary,419
0.10736686665883488,0.1905366312019195,-0.04554391270261638,TRUE,S1_joint,419
0.09612627718683159,0.18867979562774007,0.022274644117854216,TRUE,S2_annotated,419
0.100116014066432,0.18626195006311064,-0.014570977270745043,TRUE,S3_cpg20,419
0.09601783491114635,0.19389094443449328,-0.02551649841085105,TRUE,S4_no_covariates,419
0.09601783491114635,0.19389094443449328,-0.0060086147904559115,TRUE,S5_expr_strata,419
0.08478126014321952,0.19463196696811105,-0.01896362882524927,TRUE,S6_apul_plus_one,419
0.07058511228456388,0.23983138828983863,0.009291730772713594,TRUE,primary,420
0.06754454687037503,0.24690679860955153,-0.06732538598993215,TRUE,S1_joint,420
0.06781566169432468,0.2349296068316622,0.0502022991853196,TRUE,S2_annotated,420
0.07521032552336021,0.23102321101482218,-0.005193455425752278,TRUE,S3_cpg20,420
0.07058511228456388,0.23983138828983863,-0.025678057149523807,TRUE,S4_no_covariates,420
0.07058511228456388,0.23983138828983863,0.0075654599157311386,TRUE,S5_expr_strata,420
0.042726194066940115,0.24355974943825995,0.02086455419744035,TRUE,S6_apul_plus_one,420
0.15727760698723509,0.23065647471182937,0.0061901944802525985,TRUE,primary,421
0.14777492267636794,0.23035301919075363,-0.05509737665708711,TRUE,S1_joint,421
0.15754650400308862,0.21978823033148157,0.03645482937703197,TRUE,S2_annotated,421
0.171888847130299,0.2260045409409762,-0.01841062543353316,TRUE,S3_cpg20,421
0.15727760698723509,0.23065647471182937,-0.030026995435922844,TRUE,S4_no_covariates,421
0.15727760698723509,0.23065647471182937,0.0022801333937036445,TRUE,S5_expr_strata,421
0.13300916308212235,0.2314954757226952,-0.0029123048004543357,TRUE,S6_apul_plus_one,421
0.1235689448134839,0.2314145339588897,0.02329513898925688,TRUE,primary,422
0.11973316223717645,0.22848633023281978,-0.024191593480898815,TRUE,S1_joint,422
0.12428091289591897,0.22671214254304758,0.06483537079056914,TRUE,S2_annotated,422
0.13032736714882326,0.22185915344694443,0.008511132902688363,TRUE,S3_cpg20,422
0.1235689448134839,0.2314145339588897,-0.007603834284125856,TRUE,S4_no_covariates,422
0.1235689448134839,0.2314145339588897,0.016786542732189737,TRUE,S5_expr_strata,422
0.10491484365466991,0.2321762866198289,0.03462198678755421,TRUE,S6_apul_plus_one,422
0.13788789208670738,0.20328617828834247,-0.016320784870890823,TRUE,primary,423
0.1444429124552935,0.19922863776774852,-0.1077937131294952,TRUE,S1_joint,423
0.13453915031776925,0.1986775858990636,0.032944851327548166,TRUE,S2_annotated,423
0.12922653909879128,0.19598351107987447,-0.03853540328627498,TRUE,S3_cpg20,423
0.13788789208670738,0.20328617828834247,-0.04314938700328565,TRUE,S4_no_covariates,423
0.13788789208670738,0.20328617828834247,-0.01897727798673097,TRUE,S5_expr_strata,423
0.1251491904078621,0.1995426244454992,-0.027992365893287595,TRUE,S6_apul_plus_one,423
0.07761438579839058,0.2078255561702211,0.0072729517054848985,TRUE,primary,424
0.08604500311195201,0.20012676596795012,-0.02917285997202521,TRUE,S1_joint,424
0.07454750261471182,0.20022476539350625,0.03369755522227113,TRUE,S2_annotated,424
0.0842235638726877,0.2061059790002808,-0.011117271971864679,TRUE,S3_cpg20,424
0.07761438579839058,0.2078255561702211,-0.0219065979530877,TRUE,S4_no_covariates,424
0.07761438579839058,0.2078255561702211,0.0019294103356740071,TRUE,S5_expr_strata,424
0.06543222000116539,0.2030746474618246,0.03278685597258835,TRUE,S6_apul_plus_one,424
0.062448298627491294,0.22527483660136616,-0.009321724565629927,TRUE,primary,425
0.050580054495537596,0.23239754309833388,-0.0763559418080133,TRUE,S1_joint,425
0.059559659442697754,0.21513369378428807,0.027604912504415102,TRUE,S2_annotated,425
0.05170421344608772,0.21811870110003426,-0.040703226939023535,TRUE,S3_cpg20,425
0.062448298627491294,0.22527483660136616,-0.04153703090808836,TRUE,S4_no_covariates,425
0.062448298627491294,0.22527483660136616,-0.006972950519345292,TRUE,S5_expr_strata,425
0.036196835617647805,0.22734430104654813,-0.016895995220390637,TRUE,S6_apul_plus_one,425
0.07613976592840843,0.22433410939630075,0.0010876704946580903,TRUE,primary,426
0.08718195210234603,0.21633422324272195,-0.050920175473278435,TRUE,S1_joint,426
0.07615497644412955,0.2154312282133548,0.03913191543767753,TRUE,S2_annotated,426
0.07723529301810961,0.22534301383876978,-0.010241855279128492,TRUE,S3_cpg20,426
0.07613976592840843,0.22433410939630075,-0.029452750281760014,TRUE,S4_no_covariates,426
0.07613976592840843,0.22433410939630075,-1.530508260865321e-4,TRUE,S5_expr_strata,426
0.06411690021922323,0.22067294951355532,-0.006957863961080379,TRUE,S6_apul_plus_one,426
0.11562044434351337,0.2081832281778302,-1.690962997902384e-4,TRUE,primary,427
0.130115174079649,0.20005938762385891,-0.06476490664841594,TRUE,S1_joint,427
0.11028776164322196,0.20516134353027543,0.03429372867447364,TRUE,S2_annotated,427
0.10903718030926635,0.2056987188673519,-0.007372872987682364,TRUE,S3_cpg20,427
0.11562044434351337,0.2081832281778302,-0.024462342892573437,TRUE,S4_no_covariates,427
0.11562044434351337,0.2081832281778302,-0.0017457801363150356,TRUE,S5_expr_strata,427
0.10091660879218733,0.2068029940102084,0.017174447142795153,TRUE,S6_apul_plus_one,427
0.1417627122570076,0.20992970232663546,-0.013187787149510048,TRUE,primary,428
0.14143206758524124,0.20986955354844658,-0.10857710544848156,TRUE,S1_joint,428
0.14015624351009615,0.20053107331237627,0.02426955933732007,TRUE,S2_annotated,428
0.13245372830387764,0.201955871242181,-0.05254295182641115,TRUE,S3_cpg20,428
0.1417627122570076,0.20992970232663546,-0.03091708033330923,TRUE,S4_no_covariates,428
0.1417627122570076,0.20992970232663546,-0.010656638811180875,TRUE,S5_expr_strata,428
0.12649245749735544,0.21233769786684736,-0.010001154587707029,TRUE,S6_apul_plus_one,428
0.0766344814695945,0.1972602228842362,-0.008945911802583653,TRUE,primary,429
0.08864047778169193,0.1932243556122246,-0.06756515018858787,TRUE,S1_joint,429
0.07500362682807749,0.19310889633093875,0.01566908239805478,TRUE,S2_annotated,429
0.08067601612087599,0.1920316491198593,-0.02364188035686435,TRUE,S3_cpg20,429
0.0766344814695945,0.1972602228842362,-0.037464773096923774,TRUE,S4_no_covariates,429
0.0766344814695945,0.1972602228842362,-0.009675294672824181,TRUE,S5_expr_strata,429
0.06392470177352233,0.1964436484213161,-0.01613193202610842,TRUE,S6_apul_plus_one,429
0.10710858074714402,0.2046105894688815,-0.0105210744111885,TRUE,primary,430
0.10754427417131712,0.20691284797681966,-0.05395767893262949,TRUE,S1_joint,430
0.09508213625396716,0.19803329352939555,0.019712412383745586,TRUE,S2_annotated,430
0.11084808485739561,0.20654018906063754,-0.015283264212252106,TRUE,S3_cpg20,430
0.10710858074714402,0.2046105894688815,-0.027136499510888035,TRUE,S4_no_covariates,430
0.10710858074714402,0.2046105894688815,-0.013095050622144526,TRUE,S5_expr_strata,430
0.09865465668365814,0.20605370549436286,-0.01751429620683163,TRUE,S6_apul_plus_one,430
0.044111194495538464,0.2483496359499321,-0.0141172076485317,TRUE,primary,431
0.03932636218879987,0.24834125097641283,-0.1158265081037455,TRUE,S1_joint,431
0.043140799515509254,0.23100513109527057,0.02218232382200118,TRUE,S2_annotated,431
0.04177919039423461,0.24470960505977157,-0.016293892887533218,TRUE,S3_cpg20,431
0.044111194495538464,0.2483496359499321,-0.0486460233973107,TRUE,S4_no_covariates,431
0.044111194495538464,0.2483496359499321,-0.01441986898374537,TRUE,S5_expr_strata,431
0.011837649376993775,0.25324389210550474,-0.022522497298026207,TRUE,S6_apul_plus_one,431
0.1258222959807851,0.2081005648668658,0.00852055354872136,TRUE,primary,432
0.12689237461090797,0.19576268682272044,-0.042020561399740405,TRUE,S1_joint,432
0.12905839720160078,0.20704969882804314,0.041135017535819815,TRUE,S2_annotated,432
0.12667290321737806,0.20581781073947109,-0.02518259059133972,TRUE,S3_cpg20,432
0.1258222959807851,0.2081005648668658,-0.02484435671456809,TRUE,S4_no_covariates,432
0.1258222959807851,0.2081005648668658,0.005072640432876665,TRUE,S5_expr_strata,432
0.12055166927310196,0.2024402159572645,0.01739045178844826,TRUE,S6_apul_plus_one,432
0.026465639692059617,0.19697361189692875,-0.009745423327313643,TRUE,primary,433
0.04640583700654316,0.20605349553424668,-0.046090578919558256,TRUE,S1_joint,433
0.023888159030974188,0.18300948845778195,0.009999779293163152,TRUE,S2_annotated,433
0.029584343201531915,0.1969894617711872,-0.016430578963993463,TRUE,S3_cpg20,433
0.026465639692059617,0.19697361189692875,-0.03367472440490511,TRUE,S4_no_covariates,433
0.026465639692059617,0.19697361189692875,-0.009044322690110912,TRUE,S5_expr_strata,433
0.01438079427449962,0.1946489510404218,-0.012725093025853536,TRUE,S6_apul_plus_one,433
0.04285576795072743,0.20861872063733755,0.006250256946298515,TRUE,primary,434
0.04750115384694159,0.20552285706507498,-0.036108685534495935,TRUE,S1_joint,434
0.03759374666519527,0.20269077537214286,0.039925017019947745,TRUE,S2_annotated,434
0.05046432519950167,0.20325356668878233,-0.030480969050424175,TRUE,S3_cpg20,434
0.04285576795072743,0.20861872063733755,-0.023896731240498827,TRUE,S4_no_covariates,434
0.04285576795072743,0.20861872063733755,0.005279734716450682,TRUE,S5_expr_strata,434
0.022708331465690845,0.20516550661788294,0.011073589716764724,TRUE,S6_apul_plus_one,434
0.15203870675247055,0.2235107478328688,0.009929787927064745,TRUE,primary,435
0.15793221238015032,0.21840317687799013,-0.02457501833254982,TRUE,S1_joint,435
0.1487337534367169,0.21672742119757377,0.024865632254835315,TRUE,S2_annotated,435
0.15757191863832637,0.2188591990056834,-0.0358545593428466,TRUE,S3_cpg20,435
0.15203870675247055,0.2235107478328688,-0.02413861723890505,TRUE,S4_no_covariates,435
0.15203870675247055,0.2235107478328688,0.007710245550802021,TRUE,S5_expr_strata,435
0.13642300671858354,0.22369365912113198,0.03232080571914004,TRUE,S6_apul_plus_one,435
0.09102848843484818,0.20064762864154054,0.002037389818654822,TRUE,primary,436
0.09072352799438349,0.2013953932762635,-0.06989941173572309,TRUE,S1_joint,436
0.08612319359610887,0.19746445253857015,0.04059204930509788,TRUE,S2_annotated,436
0.07542083461374077,0.19802645967170535,-0.0068410172905220635,TRUE,S3_cpg20,436
0.09102848843484818,0.20064762864154054,-0.026374645142873986,TRUE,S4_no_covariates,436
0.09102848843484818,0.20064762864154054,0.0012401857125980333,TRUE,S5_expr_strata,436
0.06894767836937754,0.2016900065464185,0.017012606859676985,TRUE,S6_apul_plus_one,436
0.0546307255316314,0.21675464579077416,-0.022850792992999264,TRUE,primary,437
0.057562581095244036,0.22404026279839806,-0.07640316455727418,TRUE,S1_joint,437
0.05854444080004684,0.20079046184185997,0.0038120460361699376,TRUE,S2_annotated,437
0.051229130534654166,0.21234963407949475,-0.04229951054043638,TRUE,S3_cpg20,437
0.0546307255316314,0.21675464579077416,-0.052466301377311196,TRUE,S4_no_covariates,437
0.0546307255316314,0.21675464579077416,-0.02178507273012439,TRUE,S5_expr_strata,437
0.04016473906933565,0.22160668479885615,-0.0060780905559919924,TRUE,S6_apul_plus_one,437
0.09174455109007362,0.1995949267620309,-0.010520535245681252,TRUE,primary,438
0.09529925316385063,0.19987112927205022,-0.09299185076469588,TRUE,S1_joint,438
0.09358886148923279,0.19288661768525406,0.01669382511063899,TRUE,S2_annotated,438
0.08842166703532733,0.19590531063257247,-0.02365056052211817,TRUE,S3_cpg20,438
0.09174455109007362,0.1995949267620309,-0.044931647507027245,TRUE,S4_no_covariates,438
0.09174455109007362,0.1995949267620309,-0.0094344190347032085,TRUE,S5_expr_strata,438
0.07837490918229195,0.20246069486527346,-0.023370437226951007,TRUE,S6_apul_plus_one,438
0.08071361435915769,0.2057202512205834,-0.01003632118554726,TRUE,primary,439
0.09103393011803773,0.19927851972938201,-0.07846032527484129,TRUE,S1_joint,439
0.08050002475062834,0.1980358306835611,0.02775790196902262,TRUE,S2_annotated,439
0.07683369736102663,0.2038311150495017,-0.020916156216717746,TRUE,S3_cpg20,439
0.08071361435915769,0.2057202512205834,-0.038174246590185736,TRUE,S4_no_covariates,439
0.08071361435915769,0.2057202512205834,-0.007836983530984012,TRUE,S5_expr_strata,439
0.06859612144771182,0.20070875417898856,0.00416968126046143,TRUE,S6_apul_plus_one,439
0.1041919256244323,0.2077704729944053,-0.014317921980261163,TRUE,primary,440
0.10737489670367056,0.2127985117361419,-0.05956416421750105,TRUE,S1_joint,440
0.099575989749636,0.20218294271784004,0.020242299879724847,TRUE,S2_annotated,440
0.09816821561208783,0.2058496783545017,-0.03337439953520683,TRUE,S3_cpg20,440
0.1041919256244323,0.2077704729944053,-0.041868725699447495,TRUE,S4_no_covariates,440
0.1041919256244323,0.2077704729944053,-0.01500019454867273,TRUE,S5_expr_strata,440
0.08709773233356277,0.2068463226708958,-0.0048139659947452895,TRUE,S6_apul_plus_one,440
0.021297690525999613,0.2011069598901766,-3.5589341917371904e-4,TRUE,primary,441
0.03388490140872308,0.20343337241655132,0.006537622248221872,TRUE,S1_joint,441
0.024225859992038468,0.18536767971977117,0.027393078352405165,TRUE,S2_annotated,441
0.02363632533111426,0.20479837663513875,0.0010472653832075223,TRUE,S3_cpg20,441
0.021297690525999613,0.2011069598901766,-0.022260782172538452,TRUE,S4_no_covariates,441
0.021297690525999613,0.2011069598901766,-0.0013086074613349354,TRUE,S5_expr_strata,441
0.0030572634859011294,0.20361936363634786,0.019307358052892194,TRUE,S6_apul_plus_one,441
0.09565889024089108,0.2021846737069803,-0.0028067787893345394,TRUE,primary,442
0.10846886946988915,0.1957509598047645,-0.06807115951956076,TRUE,S1_joint,442
0.09080983161355721,0.1943722249357425,0.03923528871152602,TRUE,S2_annotated,442
0.10363448429171196,0.1914780467192839,-0.018861975122872545,TRUE,S3_cpg20,442
0.09565889024089108,0.2021846737069803,-0.02777235159248174,TRUE,S4_no_covariates,442
0.09565889024089108,0.2021846737069803,-0.005427840654536271,TRUE,S5_expr_strata,442
0.0777180654261902,0.19728148119031136,0.0028763717551922524,TRUE,S6_apul_plus_one,442
0.08303657731630121,0.23339377460300856,-0.0108665811344362,TRUE,primary,443
0.08598968106192462,0.23384075707662352,-0.10508166669466984,TRUE,S1_joint,443
0.08202519174873596,0.2208497250792943,0.035220090408441596,TRUE,S2_annotated,443
0.08514131524032797,0.22314333030720743,-0.033849447519162155,TRUE,S3_cpg20,443
0.08303657731630121,0.23339377460300856,-0.04526854336526608,TRUE,S4_no_covariates,443
0.08303657731630121,0.23339377460300856,-0.014102141373092882,TRUE,S5_expr_strata,443
0.056426790113655756,0.23947130618474854,-0.017291315623548246,TRUE,S6_apul_plus_one,443
0.04095689005634717,0.2225247748353953,-0.00716381210113148,TRUE,primary,444
0.022534032534298143,0.2340999041771114,-0.064004348206395,TRUE,S1_joint,444
0.04749937250587255,0.21284187651035968,0.020177783158058973,TRUE,S2_annotated,444
0.04613832283132713,0.2165959517612222,-0.04815232106535335,TRUE,S3_cpg20,444
0.04095689005634717,0.2225247748353953,-0.0361292916531533,TRUE,S4_no_covariates,444
0.04095689005634717,0.2225247748353953,-0.008943420523786211,TRUE,S5_expr_strata,444
0.011909329200522623,0.23689074970951327,-0.02509673150463911,TRUE,S6_apul_plus_one,444
0.08205455000394263,0.18609410825620898,-0.011828385064951721,TRUE,primary,445
0.09981212147231477,0.18277357129109353,-0.061157848557954315,TRUE,S1_joint,445
0.08180467588935203,0.17865280954098314,0.015641035640097622,TRUE,S2_annotated,445
0.08144028953181565,0.18420928987248614,-0.02698825566964673,TRUE,S3_cpg20,445
0.08205455000394263,0.18609410825620898,-0.03376900584161055,TRUE,S4_no_covariates,445
0.08205455000394263,0.18609410825620898,-0.012295913618419875,TRUE,S5_expr_strata,445
0.06853717815581972,0.1885899857184066,-0.013530903741608445,TRUE,S6_apul_plus_one,445
0.12969707936720976,0.21594046244298587,0.004672790426053742,TRUE,primary,446
0.13251685808119879,0.20763160043285087,-0.041829066929422676,TRUE,S1_joint,446
0.13020952146017356,0.21295202931648433,0.038750995172176214,TRUE,S2_annotated,446
0.12542768596194392,0.20816101482561652,-0.030871666145946483,TRUE,S3_cpg20,446
0.12969707936720976,0.21594046244298587,-0.027757119992061506,TRUE,S4_no_covariates,446
0.12969707936720976,0.21594046244298587,0.004988977160646859,TRUE,S5_expr_strata,446
0.11753966096674007,0.2104908969229086,0.024295075254618975,TRUE,S6_apul_plus_one,446
0.022985850488210335,0.206874831806387,-0.001403400040713985,TRUE,primary,447
0.03480078217682259,0.21385655995498412,-0.05181730629435187,TRUE,S1_joint,447
0.02432106913655191,0.20370673301982511,0.013215226809406644,TRUE,S2_annotated,447
0.03134752934752577,0.2035276062640824,-0.026013926674118178,TRUE,S3_cpg20,447
0.022985850488210335,0.206874831806387,-0.03075176689550535,TRUE,S4_no_covariates,447
0.022985850488210335,0.206874831806387,-0.0063805855686059985,TRUE,S5_expr_strata,447
0.0073390327021845,0.2123967337595879,-0.006877255235121922,TRUE,S6_apul_plus_one,447
0.13187601369822716,0.22136772354199344,0.005543697033057748,TRUE,primary,448
0.1444476227060486,0.20673594566223027,-0.04892346603518,TRUE,S1_joint,448
0.12434997658365027,0.2137286649956803,0.04245620500148975,TRUE,S2_annotated,448
0.1356581295917041,0.21559365996892146,0.015232300936077046,TRUE,S3_cpg20,448
0.13187601369822716,0.22136772354199344,-0.02666484007277103,TRUE,S4_no_covariates,448
0.13187601369822716,0.22136772354199344,0.0027630126501553176,TRUE,S5_expr_strata,448
0.11638047678466418,0.21562699332923307,0.01958221014059612,TRUE,S6_apul_plus_one,448
0.037539350059347776,0.2061825198680384,-0.012756969558420095,TRUE,primary,449
0.03657512655868661,0.20856101420722536,-0.09292314359749326,TRUE,S1_joint,449
0.03913782053787701,0.20230426152184075,0.009968186894763538,TRUE,S2_annotated,449
0.035117755375638715,0.20344568828668638,-0.03244688007019519,TRUE,S3_cpg20,449
0.037539350059347776,0.2061825198680384,-0.038704559826414076,TRUE,S4_no_covariates,449
0.037539350059347776,0.2061825198680384,-0.013001671000128381,TRUE,S5_expr_strata,449
0.0182033503730063,0.21517702677761347,-0.03197497563057425,TRUE,S6_apul_plus_one,449
0.10568197969125614,0.19426852499433436,0.01724195579692068,TRUE,primary,450
0.10798033708292165,0.18861686756777818,0.013380299555182548,TRUE,S1_joint,450
0.10656416341130814,0.19128433454208552,0.04865837697643404,TRUE,S2_annotated,450
0.11621694278992323,0.19574140156616152,-0.004789374733121591,TRUE,S3_cpg20,450
0.10568197969125614,0.19426852499433436,-0.017484852104770684,TRUE,S4_no_covariates,450
0.10568197969125614,0.19426852499433436,0.016265954381120197,TRUE,S5_expr_strata,450
0.09239303620097972,0.19091147318283794,0.037384376467831854,TRUE,S6_apul_plus_one,450
0.10670465764477027,0.20645678822232946,-0.01579199221452229,TRUE,primary,451
0.10500185914377319,0.20906230506518145,-0.11253059994530588,TRUE,S1_joint,451
0.1058201644363404,0.20130064063198394,0.014832933884614029,TRUE,S2_annotated,451
0.10783395255914063,0.19778966624706745,-0.06375898794307194,TRUE,S3_cpg20,451
0.10670465764477027,0.20645678822232946,-0.041202982810704315,TRUE,S4_no_covariates,451
0.10670465764477027,0.20645678822232946,-0.017972661819753436,TRUE,S5_expr_strata,451
0.08831942585101366,0.20796097416939618,-0.03365628709014999,TRUE,S6_apul_plus_one,451
0.08937920013349143,0.226745706877715,0.01778686471540529,TRUE,primary,452
0.08442537024600061,0.22796264928103088,-0.05654230144839825,TRUE,S1_joint,452
0.0848172623293737,0.22763693465356782,0.051403129317441995,TRUE,S2_annotated,452
0.09683706174453227,0.2200878583622446,-0.02291941314616906,TRUE,S3_cpg20,452
0.08937920013349143,0.226745706877715,-0.021104198211349078,TRUE,S4_no_covariates,452
0.08937920013349143,0.226745706877715,0.012780341716962948,TRUE,S5_expr_strata,452
0.06538225887154658,0.23262668907638845,0.005418415591573777,TRUE,S6_apul_plus_one,452
0.07989457797621136,0.17994588728157374,-0.013674731330450229,TRUE,primary,453
0.06784817655083397,0.19104945626511363,-0.044058337088509064,TRUE,S1_joint,453
0.07272183048311348,0.16954086289537576,0.012270044146886516,TRUE,S2_annotated,453
0.08220234266676879,0.18774741749048257,-0.03570292212778961,TRUE,S3_cpg20,453
0.07989457797621136,0.17994588728157374,-0.03119782971125107,TRUE,S4_no_covariates,453
0.07989457797621136,0.17994588728157374,-0.011529839629812876,TRUE,S5_expr_strata,453
0.05658448971092367,0.1817382011792255,-0.02348068117223807,TRUE,S6_apul_plus_one,453
0.08826416136595844,0.2076731214303591,0.0021157766942237546,TRUE,primary,454
0.08922878988037714,0.20727379019654968,-0.06268400819367313,TRUE,S1_joint,454
0.08760581487235575,0.20021719089918075,0.02982172142625596,TRUE,S2_annotated,454
0.09693196863814457,0.19481693680787263,-0.0355204101069387,TRUE,S3_cpg20,454
0.08826416136595844,0.2076731214303591,-0.023728625364403018,TRUE,S4_no_covariates,454
0.08826416136595844,0.2076731214303591,9.602823638745585e-4,TRUE,S5_expr_strata,454
0.06979448471922595,0.21281926175308155,0.005794296029513692,TRUE,S6_apul_plus_one,454
0.07767667467102796,0.21096912811261487,-0.009121210644027268,TRUE,primary,455
0.07793615096307505,0.2041738832857852,-0.08420604864750443,TRUE,S1_joint,455
0.08217433068840607,0.20038346172265978,0.03145305996252628,TRUE,S2_annotated,455
0.0746742401912544,0.20161264212605046,-0.04639092455506321,TRUE,S3_cpg20,455
0.07767667467102796,0.21096912811261487,-0.03398381279336475,TRUE,S4_no_covariates,455
0.07767667467102796,0.21096912811261487,-0.007775904320740608,TRUE,S5_expr_strata,455
0.06146847372468217,0.20980479940936175,-0.02124535257967006,TRUE,S6_apul_plus_one,455
0.06929727580737133,0.20134770864557508,-0.02126252700302973,TRUE,primary,456
0.07059949139303584,0.19879907173791503,-0.05364807123344313,TRUE,S1_joint,456
0.06728426151315542,0.1903191283594852,-2.9276400279092325e-4,TRUE,S2_annotated,456
0.05915813357780847,0.2036588984898119,-0.04610911741872444,TRUE,S3_cpg20,456
0.06929727580737133,0.20134770864557508,-0.04069620922508357,TRUE,S4_no_covariates,456
0.06929727580737133,0.20134770864557508,-0.018366125243751617,TRUE,S5_expr_strata,456
0.052359887775444036,0.20212224837247997,-0.012726937279806491,TRUE,S6_apul_plus_one,456
0.0893200554312174,0.21635731398383934,-7.862683651290583e-4,TRUE,primary,457
0.08571273323282935,0.22036376251381337,-0.06288727801595077,TRUE,S1_joint,457
0.09065858439599156,0.20980023311203802,0.03874369331082676,TRUE,S2_annotated,457
0.09090116111783758,0.20295782587695907,-0.05074431347899845,TRUE,S3_cpg20,457
0.0893200554312174,0.21635731398383934,-0.03477814466328047,TRUE,S4_no_covariates,457
0.0893200554312174,0.21635731398383934,-1.236887991418874e-4,TRUE,S5_expr_strata,457
0.06981918628720041,0.21474952347918042,-0.005941209158480182,TRUE,S6_apul_plus_one,457
0.018214229738580057,0.23326014006094795,-0.008507901676611801,TRUE,primary,458
0.018679460137972892,0.23785803410875825,-0.0639443494711903,TRUE,S1_joint,458
0.014816186668796139,0.22326231780448227,0.025124954891185276,TRUE,S2_annotated,458
0.021928024431462523,0.22890077555634533,-0.025612000083505487,TRUE,S3_cpg20,458
0.018214229738580057,0.23326014006094795,-0.04608927438816301,TRUE,S4_no_covariates,458
0.018214229738580057,0.23326014006094795,-0.00922571980890865,TRUE,S5_expr_strata,458
-0.00790702139513888,0.23832124008577824,1.3184915691314184e-4,TRUE,S6_apul_plus_one,458
0.10216534979935527,0.21193484802159496,0.004691412957849658,TRUE,primary,459
0.10012608695497299,0.21338287028977948,-0.044466389414483186,TRUE,S1_joint,459
0.09878051889623463,0.20424060875138014,0.04119537835115984,TRUE,S2_annotated,459
0.10505485257658237,0.20667992601728413,-0.004844461785581264,TRUE,S3_cpg20,459
0.10216534979935527,0.21193484802159496,-0.02550626814457213,TRUE,S4_no_covariates,459
0.10216534979935527,0.21193484802159496,0.0026039363969639975,TRUE,S5_expr_strata,459
0.08640409535268595,0.2084300881669118,0.021032548386454422,TRUE,S6_apul_plus_one,459
8.28953850923464e-4,0.20900133908307703,-0.005679485996951125,TRUE,primary,460
0.003126350609922668,0.212493091317807,-0.05144543126484332,TRUE,S1_joint,460
-0.0012227101405333785,0.20267959094941668,0.028236603169566256,TRUE,S2_annotated,460
0.0038786781227694855,0.20041038182863588,-0.001889406547285595,TRUE,S3_cpg20,460
8.28953850923464e-4,0.20900133908307703,-0.026172477049176242,TRUE,S4_no_covariates,460
8.28953850923464e-4,0.20900133908307703,-0.006576289658651818,TRUE,S5_expr_strata,460
-0.0219154330318731,0.214159417183956,-0.01212316398444514,TRUE,S6_apul_plus_one,460
0.07028512878975224,0.2037288539105101,-0.01993487451970475,TRUE,primary,461
0.07912188845490697,0.1976013714828346,-0.06192113266668655,TRUE,S1_joint,461
0.07015969159418617,0.19522433467521277,0.008343463734535823,TRUE,S2_annotated,461
0.061898355666207105,0.2023155348607719,-0.040868710780743854,TRUE,S3_cpg20,461
0.07028512878975224,0.2037288539105101,-0.04739547331869232,TRUE,S4_no_covariates,461
0.07028512878975224,0.2037288539105101,-0.019264731206957642,TRUE,S5_expr_strata,461
0.05472938582815168,0.20231054024623105,-0.014068673274689842,TRUE,S6_apul_plus_one,461
0.03683664623491151,0.18216129603558545,-4.7807258947086216e-4,TRUE,primary,462
0.040503217983490714,0.18134090127324734,-0.034734387025026514,TRUE,S1_joint,462
0.0388285788244368,0.1782443464552493,0.031112125769411525,TRUE,S2_annotated,462
0.034634008192590215,0.1821809120967062,-0.014915054152849326,TRUE,S3_cpg20,462
0.03683664623491151,0.18216129603558545,-0.02511230025777733,TRUE,S4_no_covariates,462
0.03683664623491151,0.18216129603558545,-0.002094334898220281,TRUE,S5_expr_strata,462
0.018868071950193077,0.18712523335230694,9.718551352517782e-4,TRUE,S6_apul_plus_one,462
0.06556188153449705,0.1845747901321927,-0.007445270106110026,TRUE,primary,463
0.05790531033398605,0.1794556325258072,-0.04654606015247006,TRUE,S1_joint,463
0.06989001499559194,0.1770583039729168,0.02149425576889636,TRUE,S2_annotated,463
0.06609698524699514,0.1833530773507056,-0.02445651378743965,TRUE,S3_cpg20,463
0.06556188153449705,0.1845747901321927,-0.029937212868100985,TRUE,S4_no_covariates,463
0.06556188153449705,0.1845747901321927,-0.007744439881613707,TRUE,S5_expr_strata,463
0.04478170997058861,0.18517496997657026,-0.024232030690013617,TRUE,S6_apul_plus_one,463
0.14543541708838253,0.21153228744328306,-0.003196770961540838,TRUE,primary,464
0.14899224847375536,0.20510125142271596,-0.07585647793167592,TRUE,S1_joint,464
0.14183185961288008,0.2045366841368976,0.033707903895736045,TRUE,S2_annotated,464
0.15122008287868238,0.20193690976758466,-0.044443533321811626,TRUE,S3_cpg20,464
0.14543541708838253,0.21153228744328306,-0.03199794975292182,TRUE,S4_no_covariates,464
0.14543541708838253,0.21153228744328306,-0.005939578110347329,TRUE,S5_expr_strata,464
0.1318426811867992,0.20895575625343624,0.008005002414561008,TRUE,S6_apul_plus_one,464
0.07953875136853206,0.21886518869004412,0.0022842525898266494,TRUE,primary,465
0.08044621299951865,0.21819983816307156,-0.06287743957769688,TRUE,S1_joint,465
0.07601695492289401,0.22047430760014647,0.0397976703286713,TRUE,S2_annotated,465
0.07824765636642755,0.20909837297312128,-0.012074194326171026,TRUE,S3_cpg20,465
0.07953875136853206,0.21886518869004412,-0.02899900090039334,TRUE,S4_no_covariates,465
0.07953875136853206,0.21886518869004412,-0.0014536671793530776,TRUE,S5_expr_strata,465
0.06555472030229603,0.22448756621915333,-0.0034991063497602057,TRUE,S6_apul_plus_one,465
0.08062709565101206,0.20584390386769028,-0.010914463608937766,TRUE,primary,466
0.07334370854428895,0.2027617221183628,-0.044589738189567844,TRUE,S1_joint,466
0.08304387953059061,0.2003343811040875,0.02344321529692967,TRUE,S2_annotated,466
0.08719451408831103,0.1971976959943866,-0.04293595330290682,TRUE,S3_cpg20,466
0.08062709565101206,0.20584390386769028,-0.03031770374308537,TRUE,S4_no_covariates,466
0.08062709565101206,0.20584390386769028,-0.012141690599407609,TRUE,S5_expr_strata,466
0.0629708215624098,0.2075685407953822,-0.027364216084974195,TRUE,S6_apul_plus_one,466
0.08951914505751807,0.19685646808828428,-0.013733129739499713,TRUE,primary,467
0.10271672099351437,0.19949891222085786,-0.09843899797353692,TRUE,S1_joint,467
0.08568075080215048,0.18993557676072872,0.02724483802821736,TRUE,S2_annotated,467
0.08241663955577816,0.18936467261015552,-0.02418327055646538,TRUE,S3_cpg20,467
0.08951914505751807,0.19685646808828428,-0.037690572653936744,TRUE,S4_no_covariates,467
0.08951914505751807,0.19685646808828428,-0.014812572491437435,TRUE,S5_expr_strata,467
0.07245188818872256,0.19916723400344297,-0.017685731948286366,TRUE,S6_apul_plus_one,467
0.08660132123958292,0.1997305082633906,-0.01615503586878353,TRUE,primary,468
0.09215004253193354,0.1930414450180124,-0.09760369185340778,TRUE,S1_joint,468
0.08395118023258952,0.19536293500108032,0.020578235466963284,TRUE,S2_annotated,468
0.0866834419150121,0.1945304046124842,-0.02189649050601559,TRUE,S3_cpg20,468
0.08660132123958292,0.1997305082633906,-0.04527345516286477,TRUE,S4_no_covariates,468
0.08660132123958292,0.1997305082633906,-0.01691012492899018,TRUE,S5_expr_strata,468
0.06134517318159488,0.20209640167466772,-0.030695165081284212,TRUE,S6_apul_plus_one,468
0.07674967168009122,0.22963070445958778,-0.0037961957304143406,TRUE,primary,469
0.0565808634427265,0.23547670362681872,-0.0983897888221118,TRUE,S1_joint,469
0.07798773474061377,0.22123682523407007,0.028515038877760156,TRUE,S2_annotated,469
0.07711438786899766,0.22173793278570952,-0.03906510339772223,TRUE,S3_cpg20,469
0.07674967168009122,0.22963070445958778,-0.0427668074339873,TRUE,S4_no_covariates,469
0.07674967168009122,0.22963070445958778,-0.004000849017226011,TRUE,S5_expr_strata,469
0.051162637886673246,0.23920670994603271,-0.01222691159574936,TRUE,S6_apul_plus_one,469
0.026550542002152122,0.19809460213762986,-0.012973230898189667,TRUE,primary,470
0.043902310218795704,0.2001963966686187,-0.0614111465959199,TRUE,S1_joint,470
0.022326622447028155,0.1891558536519852,0.017185554608233136,TRUE,S2_annotated,470
0.024057313086727483,0.20246951095305654,0.013126414195314543,TRUE,S3_cpg20,470
0.026550542002152122,0.19809460213762986,-0.038632670757301764,TRUE,S4_no_covariates,470
0.026550542002152122,0.19809460213762986,-0.013177164427304667,TRUE,S5_expr_strata,470
0.015641999300925524,0.19844423285088975,-0.012438866881371724,TRUE,S6_apul_plus_one,470
0.14963540996783137,0.21607418773672335,0.0010483035600815402,TRUE,primary,471
0.14943993571723174,0.2076389546665022,-0.028935907181607864,TRUE,S1_joint,471
0.1558914620449678,0.20764057219848342,0.024695581828865384,TRUE,S2_annotated,471
0.15025888200287724,0.20835326405887852,-0.056237248473674596,TRUE,S3_cpg20,471
0.14963540996783137,0.21607418773672335,-0.01978959440915345,TRUE,S4_no_covariates,471
0.14963540996783137,0.21607418773672335,6.764873225472642e-4,TRUE,S5_expr_strata,471
0.1401368006080233,0.21244754432831545,-7.753958037623705e-4,TRUE,S6_apul_plus_one,471
0.08547571161031764,0.1808290832229593,-0.01138155348557779,TRUE,primary,472
0.10464564288501543,0.17661943939172606,-0.05138926250555212,TRUE,S1_joint,472
0.08197909614995474,0.17431562046236376,0.018799234392227047,TRUE,S2_annotated,472
0.08491233025192535,0.1828420519809597,-0.0176442853054432,TRUE,S3_cpg20,472
0.08547571161031764,0.1808290832229593,-0.03746243065985829,TRUE,S4_no_covariates,472
0.08547571161031764,0.1808290832229593,-0.011405202487892141,TRUE,S5_expr_strata,472
0.07633220074787295,0.17835403085280213,-0.004469258878964531,TRUE,S6_apul_plus_one,472
0.09538943395318539,0.20713247160189366,-0.027585173707324148,TRUE,primary,473
0.09059440228532112,0.2076559679907442,-0.10761459031315639,TRUE,S1_joint,473
0.09311281740269056,0.20253000923361122,0.013132734472163447,TRUE,S2_annotated,473
0.08192568092600183,0.20394875181838074,-0.03656963455940239,TRUE,S3_cpg20,473
0.09538943395318539,0.20713247160189366,-0.052910631498441475,TRUE,S4_no_covariates,473
0.09538943395318539,0.20713247160189366,-0.02511069300505533,TRUE,S5_expr_strata,473
0.06910632477463169,0.21195202082589934,-0.03606039323106586,TRUE,S6_apul_plus_one,473
0.10173968013230472,0.20847101933085374,-0.004207436833558518,TRUE,primary,474
0.11305830290036056,0.19796148583094703,-0.04924107161321576,TRUE,S1_joint,474
0.10219766087825771,0.20162642131996547,0.02142468728631101,TRUE,S2_annotated,474
0.1036604799535702,0.20777618927303101,-0.01682649926345933,TRUE,S3_cpg20,474
0.10173968013230472,0.20847101933085374,-0.027721014369610966,TRUE,S4_no_covariates,474
0.10173968013230472,0.20847101933085374,-0.0049534851812310645,TRUE,S5_expr_strata,474
0.09193741218729845,0.20531549512271144,-0.009257121012797595,TRUE,S6_apul_plus_one,474
0.05032878770203625,0.20302719656451831,-0.006307789836889687,TRUE,primary,475
0.05798853957185268,0.20488056504013744,-0.06268508158353121,TRUE,S1_joint,475
0.04905203639741634,0.19372700660074452,0.030145071937419984,TRUE,S2_annotated,475
0.05190339902154162,0.19534833720027794,-0.017085096986785564,TRUE,S3_cpg20,475
0.05032878770203625,0.20302719656451831,-0.0340541497010895,TRUE,S4_no_covariates,475
0.05032878770203625,0.20302719656451831,-0.006858098885003061,TRUE,S5_expr_strata,475
0.040363794737169945,0.1997326372491728,-0.012420155232966157,TRUE,S6_apul_plus_one,475
0.053013348200264265,0.20222584329103643,-0.01688022971309465,TRUE,primary,476
0.06204288614911668,0.20463457541220373,-0.05191623628310459,TRUE,S1_joint,476
0.05630663875670777,0.19389063929865386,0.016300513741649893,TRUE,S2_annotated,476
0.049545525418423,0.2003525020435444,-0.03681889622445492,TRUE,S3_cpg20,476
0.053013348200264265,0.20222584329103643,-0.043711898597937865,TRUE,S4_no_covariates,476
0.053013348200264265,0.20222584329103643,-0.014601174875744567,TRUE,S5_expr_strata,476
0.03399564320931464,0.20283837794242204,-0.012177130965591318,TRUE,S6_apul_plus_one,476
0.09881802254778665,0.1950391441519974,-0.011385391347399694,TRUE,primary,477
0.10872925854607257,0.18416006180587632,-0.057335493464270935,TRUE,S1_joint,477
0.09684103669215699,0.1860411612544243,0.012219447757904137,TRUE,S2_annotated,477
0.09152682346619728,0.19741374036070616,-0.014613535462728883,TRUE,S3_cpg20,477
0.09881802254778665,0.1950391441519974,-0.03762189550291518,TRUE,S4_no_covariates,477
0.09881802254778665,0.1950391441519974,-0.010377531730045427,TRUE,S5_expr_strata,477
0.09097478828364891,0.18744708770120183,-8.863300260412155e-4,TRUE,S6_apul_plus_one,477
0.13201415661901877,0.21323430727646764,0.008914198586708685,TRUE,primary,478
0.14475317727569165,0.21181660559785137,-0.04684388957736853,TRUE,S1_joint,478
0.12741596853045128,0.2065311098425402,0.03514435824709643,TRUE,S2_annotated,478
0.13978843280961545,0.20753223527180711,-0.019658317203703472,TRUE,S3_cpg20,478
0.13201415661901877,0.21323430727646764,-0.021568311171135685,TRUE,S4_no_covariates,478
0.13201415661901877,0.21323430727646764,0.0035143918046608874,TRUE,S5_expr_strata,478
0.11981958419810307,0.21531839056989796,0.03512145703594419,TRUE,S6_apul_plus_one,478
0.1439736599428617,0.21026696911626394,-0.013466881987202483,TRUE,primary,479
0.14481704381453925,0.20820662013449892,-0.10448350622897282,TRUE,S1_joint,479
0.14528404792720934,0.2044873111715121,0.02667309491532066,TRUE,S2_annotated,479
0.1321240009129992,0.2035385823891429,-0.04737135513782878,TRUE,S3_cpg20,479
0.1439736599428617,0.21026696911626394,-0.03889622943564263,TRUE,S4_no_covariates,479
0.1439736599428617,0.21026696911626394,-0.014330371813477322,TRUE,S5_expr_strata,479
0.12772101484272014,0.2109918851539024,-0.03343026727598781,TRUE,S6_apul_plus_one,479
0.11734362051549901,0.19960997946727227,-0.010434389596059367,TRUE,primary,480
0.12272340365586953,0.2001249368386467,-0.06688405841017112,TRUE,S1_joint,480
0.11440700760099787,0.19319019832007564,0.017160979283898526,TRUE,S2_annotated,480
0.10951381829195234,0.1959545533335818,-0.04785334578410399,TRUE,S3_cpg20,480
0.11734362051549901,0.19960997946727227,-0.03443688292968688,TRUE,S4_no_covariates,480
0.11734362051549901,0.19960997946727227,-0.009100737166791965,TRUE,S5_expr_strata,480
0.09920920539696731,0.19728686887557184,1.8246898106321057e-4,TRUE,S6_apul_plus_one,480
0.14184466589595468,0.23189548342042093,-0.00591116506443229,TRUE,primary,481
0.14829045384634276,0.22726116237261,-0.09543935391261539,TRUE,S1_joint,481
0.14645065946708252,0.22179476350168018,0.034886051232736075,TRUE,S2_annotated,481
0.14808772337186554,0.2233377212532424,-0.04494684209099157,TRUE,S3_cpg20,481
0.14184466589595468,0.23189548342042093,-0.03666644327380814,TRUE,S4_no_covariates,481
0.14184466589595468,0.23189548342042093,-0.008445301751136646,TRUE,S5_expr_strata,481
0.12411671623829085,0.23053385184764336,-0.033485665568940885,TRUE,S6_apul_plus_one,481
0.08236096011275468,0.19910950113446074,-0.009183996992753123,TRUE,primary,482
0.09173060587208975,0.1973295940001271,-0.07518743963008148,TRUE,S1_joint,482
0.08445606722347837,0.1903096803431596,0.02374351023862802,TRUE,S2_annotated,482
0.08944500780550224,0.1910976402228342,-0.044541722215087204,TRUE,S3_cpg20,482
0.08236096011275468,0.19910950113446074,-0.041892947170178635,TRUE,S4_no_covariates,482
0.08236096011275468,0.19910950113446074,-0.011413644351265382,TRUE,S5_expr_strata,482
0.06726446741183462,0.2031980641570017,-0.012897567650721031,TRUE,S6_apul_plus_one,482
0.14460547674275637,0.21221453063949136,0.01685203945311349,TRUE,primary,483
0.14526965846183437,0.21034372459891718,-0.03260940900854369,TRUE,S1_joint,483
0.13709272562022923,0.21152754845250274,0.046649761086359674,TRUE,S2_annotated,483
0.1390193317334683,0.2086311743733177,0.011393118205898637,TRUE,S3_cpg20,483
0.14460547674275637,0.21221453063949136,-0.016578130935262163,TRUE,S4_no_covariates,483
0.14460547674275637,0.21221453063949136,0.012869144068990162,TRUE,S5_expr_strata,483
0.13010119165097894,0.2112054415681431,0.04409997665832473,TRUE,S6_apul_plus_one,483
0.10348988779167961,0.20817548022990015,-0.0036278648993851694,TRUE,primary,484
0.1061543699383905,0.20409148629008333,-0.030990081060928574,TRUE,S1_joint,484
0.10559050483492854,0.2026315660979965,0.024204868536228958,TRUE,S2_annotated,484
0.10324546560634551,0.2064915331349648,-0.017561065103466104,TRUE,S3_cpg20,484
0.10348988779167961,0.20817548022990015,-0.03274073821017291,TRUE,S4_no_covariates,484
0.10348988779167961,0.20817548022990015,-0.004637762288843893,TRUE,S5_expr_strata,484
0.100908441064546,0.20181309243733933,-0.009713585394040762,TRUE,S6_apul_plus_one,484
0.11509940111524469,0.2057596315778898,-0.007390033970749009,TRUE,primary,485
0.10378028755035479,0.21237640873807997,-0.050978121098010844,TRUE,S1_joint,485
0.11572330510097179,0.20339099233881727,0.016954354494423056,TRUE,S2_annotated,485
0.10987819763348222,0.20223111109086353,-0.0417114241277904,TRUE,S3_cpg20,485
0.11509940111524469,0.2057596315778898,-0.03378874466084394,TRUE,S4_no_covariates,485
0.11509940111524469,0.2057596315778898,-0.00914754685208676,TRUE,S5_expr_strata,485
0.09625198273234631,0.21349657737102998,-0.01734893444732881,TRUE,S6_apul_plus_one,485
0.022737307797710327,0.21880383382560084,-0.0035671369014045507,TRUE,primary,486
0.007893595059878633,0.22282240870218817,-0.02514209657665189,TRUE,S1_joint,486
0.02339818342412997,0.21357899496381533,0.02747865032392065,TRUE,S2_annotated,486
0.021348976626409,0.2131476880470828,-0.046856667630466926,TRUE,S3_cpg20,486
0.022737307797710327,0.21880383382560084,-0.025244885530023135,TRUE,S4_no_covariates,486
0.022737307797710327,0.21880383382560084,-0.002166865622240204,TRUE,S5_expr_strata,486
-0.008544015495279222,0.22686975122244032,-0.014721649852123006,TRUE,S6_apul_plus_one,486
0.02073980590784158,0.20638432229942777,-0.002885187543478068,TRUE,primary,487
0.016885653446472138,0.20993353768208647,-0.05499004768803386,TRUE,S1_joint,487
0.01831162841604511,0.19804637572931358,0.0385116945198562,TRUE,S2_annotated,487
0.014577868917785952,0.20305750810618853,-0.00613821261401737,TRUE,S3_cpg20,487
0.02073980590784158,0.20638432229942777,-0.032269514596390006,TRUE,S4_no_covariates,487
0.02073980590784158,0.20638432229942777,-0.004830336977761753,TRUE,S5_expr_strata,487
-0.007546676064128899,0.20848538572804914,0.007037453719286765,TRUE,S6_apul_plus_one,487
0.06445240395287039,0.20894420973360422,-0.005933430730683412,TRUE,primary,488
0.057731595026009885,0.20894348498547702,-0.04287355913426574,TRUE,S1_joint,488
0.06996348330009838,0.19863006297838062,0.02717117280718504,TRUE,S2_annotated,488
0.07240686591746753,0.20080124770736188,-0.040375585709152555,TRUE,S3_cpg20,488
0.06445240395287039,0.20894420973360422,-0.032080393663522534,TRUE,S4_no_covariates,488
0.06445240395287039,0.20894420973360422,-0.00477127011414011,TRUE,S5_expr_strata,488
0.04859924978564922,0.2104545378278211,-0.027104919643711787,TRUE,S6_apul_plus_one,488
0.1534219109638662,0.2043257265922552,-0.01322772186906906,TRUE,primary,489
0.17137466928956885,0.20963295216770708,-0.10676634560765487,TRUE,S1_joint,489
0.1518751619932857,0.19408700769130452,0.008797073628454877,TRUE,S2_annotated,489
0.14566020838822408,0.19646321529453806,-0.08618431883633629,TRUE,S3_cpg20,489
0.1534219109638662,0.2043257265922552,-0.03117629685181623,TRUE,S4_no_covariates,489
0.1534219109638662,0.2043257265922552,-0.011562339293048535,TRUE,S5_expr_strata,489
0.14235930651683432,0.20446078303676068,-0.019435702471317408,TRUE,S6_apul_plus_one,489
0.13176231288802792,0.2095072781467474,-0.008455517361591346,TRUE,primary,490
0.1374735219439051,0.21024069301767187,-0.11487372550187534,TRUE,S1_joint,490
0.13030087781985733,0.20256249630381942,0.028546398773600743,TRUE,S2_annotated,490
0.1338668315855036,0.19828996528188955,-0.07935077783667811,TRUE,S3_cpg20,490
0.13176231288802792,0.2095072781467474,-0.03756503306215725,TRUE,S4_no_covariates,490
0.13176231288802792,0.2095072781467474,-0.011347362268117807,TRUE,S5_expr_strata,490
0.10938028971293007,0.21017872886521424,-0.027243723398991674,TRUE,S6_apul_plus_one,490
-0.002639329735160789,0.20449189338864535,-0.0033154235750212464,TRUE,primary,491
-0.0024675137492006227,0.20476436303727688,-0.0038924374813299033,TRUE,S1_joint,491
0.003870236464928012,0.19510379370924857,0.02283416115914593,TRUE,S2_annotated,491
-5.113861656756424e-4,0.20332154445044842,-0.015439015934497799,TRUE,S3_cpg20,491
-0.002639329735160789,0.20449189338864535,-0.026294771969538736,TRUE,S4_no_covariates,491
-0.002639329735160789,0.20449189338864535,-0.005526025150569961,TRUE,S5_expr_strata,491
-0.023151514257147676,0.20599664500762394,0.0032084545311336357,TRUE,S6_apul_plus_one,491
0.12638800029023556,0.2117417330926996,-0.004069754051115089,TRUE,primary,492
0.12335740685692004,0.21413996022587903,-0.0962594040008261,TRUE,S1_joint,492
0.1242034964625322,0.2075294884777471,0.039482622919032886,TRUE,S2_annotated,492
0.13122528595062016,0.19883735355072502,-0.06126714901346755,TRUE,S3_cpg20,492
0.12638800029023556,0.2117417330926996,-0.03288221345036144,TRUE,S4_no_covariates,492
0.12638800029023556,0.2117417330926996,-0.007117718838179951,TRUE,S5_expr_strata,492
0.10643643982889645,0.21417962165239057,-0.022055083693340215,TRUE,S6_apul_plus_one,492
0.06279121368031387,0.18808183257832276,-0.02221876150408729,TRUE,primary,493
0.05316181164852202,0.1875587645660667,-0.08161129126417357,TRUE,S1_joint,493
0.06166472892962849,0.17846863888054848,0.007852554370429456,TRUE,S2_annotated,493
0.058140548579860396,0.18549646205926623,-0.03966848370147701,TRUE,S3_cpg20,493
0.06279121368031387,0.18808183257832276,-0.043421103462411445,TRUE,S4_no_covariates,493
0.06279121368031387,0.18808183257832276,-0.02119106527949611,TRUE,S5_expr_strata,493
0.03706831957186191,0.18875286469822877,-0.04449991254320524,TRUE,S6_apul_plus_one,493
0.14392306286778211,0.226849472650151,0.02236596590189376,TRUE,primary,494
0.1421597215709101,0.22292252904682056,-0.03490777276401059,TRUE,S1_joint,494
0.14082226672830578,0.22193947013950965,0.05603083283860721,TRUE,S2_annotated,494
0.15035347076998518,0.21733346873339496,-0.0051859815539198285,TRUE,S3_cpg20,494
0.14392306286778211,0.226849472650151,-0.009589997452644411,TRUE,S4_no_covariates,494
0.14392306286778211,0.226849472650151,0.013359626492047692,TRUE,S5_expr_strata,494
0.12904446166481504,0.2255608546367988,0.0356369741714203,TRUE,S6_apul_plus_one,494
0.045453764413403375,0.1966712879185655,-0.009069042351420122,TRUE,primary,495
0.047498254653221494,0.20640790392576094,-0.07666610450811721,TRUE,S1_joint,495
0.045648834207384414,0.18481441764578768,0.0252604237188779,TRUE,S2_annotated,495
0.041068586229393966,0.19508946416030484,-0.027453058161443472,TRUE,S3_cpg20,495
0.045453764413403375,0.1966712879185655,-0.03474954178427441,TRUE,S4_no_covariates,495
0.045453764413403375,0.1966712879185655,-0.007610398361745398,TRUE,S5_expr_strata,495
0.020296261036673313,0.20479535560556872,-0.016385074788906953,TRUE,S6_apul_plus_one,495
0.034923982657811437,0.20957240099202243,-0.006404230810416345,TRUE,primary,496
0.03394941393666179,0.21618903058478262,-0.0543174676458484,TRUE,S1_joint,496
0.03531778459408036,0.19941885638419268,0.026447670236865367,TRUE,S2_annotated,496
0.033430305498624746,0.20246044192753535,-0.03076658040943664,TRUE,S3_cpg20,496
0.034923982657811437,0.20957240099202243,-0.03764314209582889,TRUE,S4_no_covariates,496
0.034923982657811437,0.20957240099202243,-0.0025787289076041027,TRUE,S5_expr_strata,496
0.014995301177257836,0.21341930857334265,-0.011084923360749172,TRUE,S6_apul_plus_one,496
0.08991699672877251,0.2123479805132545,-0.004884207038562661,TRUE,primary,497
0.08304266412316147,0.20920029257143005,-0.06591896463984916,TRUE,S1_joint,497
0.09298825930731791,0.20580689698442356,0.030323435144425943,TRUE,S2_annotated,497
0.10178091811441814,0.19920231977373418,-0.047382265822998315,TRUE,S3_cpg20,497
0.08991699672877251,0.2123479805132545,-0.029304256808758776,TRUE,S4_no_covariates,497
0.08991699672877251,0.2123479805132545,-0.0071883471562993965,TRUE,S5_expr_strata,497
0.06529792428456949,0.21090103954080597,-0.029553616746039565,TRUE,S6_apul_plus_one,497
0.12714836856339995,0.21145584319328115,-0.0028011758400958353,TRUE,primary,498
0.12261238201174518,0.21286332339729377,-0.06834344629468103,TRUE,S1_joint,498
0.12040056500573515,0.20937443465264705,0.026832675907280477,TRUE,S2_annotated,498
0.11884124357404635,0.20869398920564272,-0.01198380242399862,TRUE,S3_cpg20,498
0.12714836856339995,0.21145584319328115,-0.03287444995059384,TRUE,S4_no_covariates,498
0.12714836856339995,0.21145584319328115,-0.004962551304039374,TRUE,S5_expr_strata,498
0.11175959012452447,0.2100245434985552,0.002290195070288638,TRUE,S6_apul_plus_one,498
0.07076562687771004,0.2246136629168397,-0.010679208679039546,TRUE,primary,499
0.0626065064989928,0.23237179243877254,-0.04541680149703582,TRUE,S1_joint,499
0.0692915002823224,0.2219991664754771,0.0247003151795616,TRUE,S2_annotated,499
0.06343406664503454,0.22043444152576827,-0.045469567480494015,TRUE,S3_cpg20,499
0.07076562687771004,0.2246136629168397,-0.03487398077732849,TRUE,S4_no_covariates,499
0.07076562687771004,0.2246136629168397,-0.012791234642283461,TRUE,S5_expr_strata,499
0.05235345450271123,0.2263586237730629,-0.02140108183749323,TRUE,S6_apul_plus_one,499
0.0779276634903382,0.19415965594153298,-0.015001466119942528,TRUE,primary,500
0.08272123093830253,0.18736401114132828,-0.049589922738575536,TRUE,S1_joint,500
0.0781150100964556,0.1859893824795822,0.015945497019307597,TRUE,S2_annotated,500
0.07836306007992,0.1907158188264202,-0.021449075699537204,TRUE,S3_cpg20,500
0.0779276634903382,0.19415965594153298,-0.03578348613166601,TRUE,S4_no_covariates,500
0.0779276634903382,0.19415965594153298,-0.01717851958334732,TRUE,S5_expr_strata,500
0.06873496147699437,0.1901849625354922,-0.014296937921252889,TRUE,S6_apul_plus_one,500
0.023736009382486045,0.23352768392694548,-0.007686977984350081,TRUE,primary,501
0.13882462428717007,0.20279835648113115,-0.008821382693516438,TRUE,primary,502
0.04695222116754416,0.21708792455510184,0.007941479350684316,TRUE,primary,503
0.1139904928787997,0.2130772301735184,0.002857516824867719,TRUE,primary,504
0.16428742587984557,0.21098310069020915,0.01906372767672156,TRUE,primary,505
0.07981838643780903,0.2352881851777494,-0.021636562845990717,TRUE,primary,506
0.07198573019797488,0.20024318284239806,-0.0248843439448317,TRUE,primary,507
0.12153782395055385,0.19997563314271732,-0.011351366926596891,TRUE,primary,508
0.08732536278722874,0.21276630306855918,-0.0023714638588704035,TRUE,primary,509
0.08215562776412455,0.19396109983408485,-0.004927975079196056,TRUE,primary,510
0.13301524370031115,0.2014882612150012,-0.015835525736995367,TRUE,primary,511
-0.017759392802778273,0.25203376594775456,0.011371432600367734,TRUE,primary,512
0.07478302294428196,0.2165723208047805,0.002522441778854534,TRUE,primary,513
0.08066454679057933,0.20890984803393514,-0.010737654372047595,TRUE,primary,514
0.12168501492464268,0.20730880383443828,-0.001495322601351752,TRUE,primary,515
0.07335974973064996,0.185564428750858,-0.00872863731725107,TRUE,primary,516
0.10989025172946792,0.20869333130349338,-0.008026747706354658,TRUE,primary,517
0.04302112065241581,0.23142705921423382,0.02831773986408648,TRUE,primary,518
0.06381562468612323,0.21273942562766393,-0.001587163111596872,TRUE,primary,519
0.026782392070804795,0.21874812956740544,-0.0081773178415274015,TRUE,primary,520
0.08388380684693247,0.21932771450612504,0.005392543438535953,TRUE,primary,521
0.09879563542731862,0.20636456675454803,-0.004411761919687935,TRUE,primary,522
0.07894668296772456,0.22025041526030587,-0.005490374804087649,TRUE,primary,523
0.03510340612564733,0.20680724788967172,0.002293756347984522,TRUE,primary,524
0.027538885638921484,0.19239606999738562,-0.018267630221015792,TRUE,primary,525
0.08956524960407236,0.1975348978366361,-0.006709941975312894,TRUE,primary,526
0.13587910109959866,0.21113268399474858,0.02365124205663754,TRUE,primary,527
0.033554008385511314,0.22676214410217466,-9.57869160931978e-4,TRUE,primary,528
0.07947483657195642,0.23456902232601134,-0.020151754997356837,TRUE,primary,529
0.05234407977708988,0.24246190215848265,0.022193002952376074,TRUE,primary,530
0.06036384184850058,0.21289062139767756,-0.002565141684237266,TRUE,primary,531
0.03625902277976972,0.22390085239553578,-0.007352388030300029,TRUE,primary,532
0.04654658302848658,0.2181263368232595,-0.0030581121965574734,TRUE,primary,533
0.07765824496746243,0.20769267699631372,-0.02023893478379237,TRUE,primary,534
0.04438094414416227,0.21313326462215718,-8.541534016909724e-4,TRUE,primary,535
0.07330869356232306,0.2112080131079112,0.006310971429497897,TRUE,primary,536
0.0975475053964287,0.19045303796910473,-2.669942760030874e-4,TRUE,primary,537
0.10807969510053378,0.19268835254808916,-0.014686404741283568,TRUE,primary,538
0.1260893431875605,0.19638294346053733,-0.001326668473200674,TRUE,primary,539
0.09358811854182209,0.19685388172645701,0.004374559488843598,TRUE,primary,540
0.0320467212549892,0.22162619267992206,0.00157359726357116,TRUE,primary,541
0.10499362146706753,0.19893596095016033,7.97096217488559e-4,TRUE,primary,542
0.026010935541985136,0.22555365091112628,-0.013934339332899982,TRUE,primary,543
0.08525736052662503,0.21630027538603844,0.00401928206962994,TRUE,primary,544
0.03179728432530787,0.20483471253854738,0.0014592385157565346,TRUE,primary,545
0.10594337093394784,0.22204674165760369,0.012452678217673294,TRUE,primary,546
0.0930564302826633,0.23578855592196088,-0.029447863440231814,TRUE,primary,547
0.13720638467905655,0.20413770581325957,-0.009214572648449205,TRUE,primary,548
0.06563999383235969,0.22172056669007417,4.617087285984532e-4,TRUE,primary,549
0.10018636348677501,0.19634405048155068,0.006405739659594769,TRUE,primary,550
0.09304079510130964,0.2126622764317107,-0.00887650777365326,TRUE,primary,551
0.05169360714701632,0.1949234759394777,-0.009099811823521039,TRUE,primary,552
0.08815013505330027,0.21766491152903783,0.026447658199930724,TRUE,primary,553
0.06260582803632375,0.20478623670206222,0.008644211968465237,TRUE,primary,554
0.09846644896623685,0.19840949180442133,-0.00489282446662463,TRUE,primary,555
0.025397887325897595,0.20666393141769648,-0.00798233194807061,TRUE,primary,556
0.08140871833905355,0.20516926579558523,-0.0010494158445124532,TRUE,primary,557
0.07815416863457808,0.18969871679534583,-0.010107492915671574,TRUE,primary,558
0.06727596806708447,0.22591575681953097,-0.02255196225695383,TRUE,primary,559
0.07680247772284543,0.18483354409834094,-0.0012517651247477397,TRUE,primary,560
0.0319126758636783,0.22620902527508657,-0.016088410408591033,TRUE,primary,561
0.08969223433376305,0.203453256052093,0.01441474222942933,TRUE,primary,562
0.04805318558602817,0.21776986591679728,-0.007918546287157921,TRUE,primary,563
0.10956801156390145,0.2053491696590429,-0.005584423952560061,TRUE,primary,564
0.08992028199637192,0.18735103760237634,-0.023058779752230495,TRUE,primary,565
0.07812376669366444,0.2226989124283714,4.485399373732851e-4,TRUE,primary,566
0.1426950335841745,0.20204404360170855,-0.0026048066110555173,TRUE,primary,567
0.05061479701193744,0.2286646129760198,0.01998274549167067,TRUE,primary,568
0.0983616455746808,0.1956384681098691,-0.012158478374152676,TRUE,primary,569
0.08158792899623829,0.18047678079793222,-0.0076393025194304255,TRUE,primary,570
-0.006802624410945701,0.2297860833887116,2.069079846514345e-4,TRUE,primary,571
0.08859958286407182,0.20349672061436888,-0.016894449966991118,TRUE,primary,572
0.09744675684056447,0.20096910884096525,-0.010322873546381249,TRUE,primary,573
0.1311905915398705,0.2091201921222849,-0.017695307916023514,TRUE,primary,574
0.11879655058527577,0.19438557600709494,-0.002430088786901727,TRUE,primary,575
0.08132627503966816,0.1959263867614075,0.017881628643757107,TRUE,primary,576
0.08975784893977984,0.22460999236732992,0.001889923455891831,TRUE,primary,577
-0.0840294805048738,0.2446704674810349,-0.01604510195035891,TRUE,primary,578
0.06847586928816335,0.24458710225701774,-0.014560095090126063,TRUE,primary,579
0.09877633192342211,0.2065936616562269,0.008394646998920513,TRUE,primary,580
0.17299006573834208,0.22404775810552885,0.011367851943756726,TRUE,primary,581
0.0448859419319898,0.20472839866254522,-0.002605872410397907,TRUE,primary,582
0.12667344476174336,0.21436950797171578,-5.659837014086183e-4,TRUE,primary,583
0.10397177917158651,0.20134111561755746,-0.0058026365262016134,TRUE,primary,584
0.09695738865648518,0.20603128180911773,-0.01779289782716691,TRUE,primary,585
0.04288549262729374,0.21901431413572361,0.006058538292573149,TRUE,primary,586
0.09413527980683195,0.21655945255515968,-0.01373224679016357,TRUE,primary,587
0.10874914131313379,0.2143561377032311,-0.002060400133601656,TRUE,primary,588
0.09823908879139076,0.2093978558816311,-0.002089913810107081,TRUE,primary,589
0.1148225543867345,0.20498201084884762,-0.008663743666511365,TRUE,primary,590
0.10381388195431268,0.20314724831800765,0.010820572592490734,TRUE,primary,591
0.13943962157553258,0.206993541874492,-0.010188520067275306,TRUE,primary,592
0.0843222391920232,0.2082063738085966,0.0074286052220512745,TRUE,primary,593
0.07710416202514975,0.23778304313348284,0.015740515155504422,TRUE,primary,594
0.13134522351808287,0.21118386002889242,-0.00994492255768182,TRUE,primary,595
0.07652956490304685,0.2045966347104852,-0.007108440828495899,TRUE,primary,596
0.02646093512278691,0.21672572065079024,-0.010281411199421168,TRUE,primary,597
0.07031347570074759,0.2198914364393351,-0.013739996987134531,TRUE,primary,598
0.06995290555727912,0.19383724933757537,-0.016254475573530765,TRUE,primary,599
0.018654093429355034,0.20037397974216783,0.012322948047632233,TRUE,primary,600
0.048572702721917604,0.2157071098852208,-0.023711517247907588,TRUE,primary,601
0.025212229957262966,0.19410720667361867,-0.009674746236078604,TRUE,primary,602
0.13434257694924523,0.22279731422067,0.0037772217789598613,TRUE,primary,603
0.09962001622781058,0.2022673726839495,-0.020799978883751527,TRUE,primary,604
0.12294665519986792,0.21091026082957587,0.0040569846517624596,TRUE,primary,605
0.10838338090270505,0.21757131986846118,0.008690031958729433,TRUE,primary,606
0.11287240194774656,0.21366831804634226,0.009323957903847852,TRUE,primary,607
0.07193156732450101,0.19173472734933236,-3.329996625701144e-4,TRUE,primary,608
0.12958118397618273,0.20123965227703092,-0.007171121604146276,TRUE,primary,609
0.060288860846477665,0.2138927803122313,5.576392671985695e-4,TRUE,primary,610
0.10751003992330149,0.20670209474833834,-0.010679705249675198,TRUE,primary,611
0.09177289876818095,0.20136312209664323,-0.009145627811187135,TRUE,primary,612
0.07900734024550571,0.19576391102809737,-0.01952623176101757,TRUE,primary,613
0.12553537955539917,0.20408675371132806,-0.007185837393246659,TRUE,primary,614
0.1115737545782644,0.21008623030126417,-0.019078886352463426,TRUE,primary,615
0.0780102000804434,0.18819843950326245,-0.009987221961289355,TRUE,primary,616
0.0766556288617784,0.20253816501174132,-0.008165229709894027,TRUE,primary,617
0.09912778130363803,0.20790743815670049,-0.027367593562609527,TRUE,primary,618
0.10524340477825117,0.2120441789932396,0.0297501286635887,TRUE,primary,619
0.08349017639596501,0.19183802043747114,-0.010651099553908852,TRUE,primary,620
0.02289277578286547,0.21573273903032933,-0.01787191089903638,TRUE,primary,621
0.059915525457680474,0.19587417422619857,0.010059052186357966,TRUE,primary,622
0.09731983066817484,0.19675827520566913,-0.007959884837557484,TRUE,primary,623
0.0679229919435958,0.20532535695629406,0.003376256190363467,TRUE,primary,624
0.06767675942231416,0.21041552761396698,0.0018974391220966896,TRUE,primary,625
0.09006535909139363,0.2168838121140052,-0.005228791493294489,TRUE,primary,626
0.11847521653557042,0.2075451604272196,0.019449440790459384,TRUE,primary,627
0.07443390187977827,0.19062212394388714,-0.013292127838689428,TRUE,primary,628
0.09207387586472865,0.21594744949991826,0.003992190159132078,TRUE,primary,629
0.09424990348049528,0.2410882728399879,0.028437673530009037,TRUE,primary,630
0.1295576194765674,0.22051324149140125,-0.020400636964017397,TRUE,primary,631
0.049589170618471734,0.20023707522799516,-0.011256900135749528,TRUE,primary,632
0.06926931517281121,0.20807701941367526,-0.01067521928231416,TRUE,primary,633
0.15370270826621862,0.22912602049912512,0.0025157583180917156,TRUE,primary,634
0.04182411082775134,0.20489401201539045,-0.011767733574064965,TRUE,primary,635
0.11387753276007961,0.2171216909050174,-0.00706169568297523,TRUE,primary,636
0.11837592024024962,0.20379175481244113,0.0068291675438176365,TRUE,primary,637
0.026542811281604572,0.20974174313596083,-0.0031202685217103874,TRUE,primary,638
0.07540800530603009,0.18322316101232836,-0.024291112657647055,TRUE,primary,639
0.1321294773081519,0.23041929789192747,0.0192299487483478,TRUE,primary,640
0.05122013182728885,0.22886857212708928,0.0034317797130972716,TRUE,primary,641
0.14517895621713922,0.2039682647581449,0.002611028257900177,TRUE,primary,642
0.11270995292244618,0.19186934626992222,-0.014234583092654206,TRUE,primary,643
0.073382925861912085,0.2068009077863273,-0.0035005772169035628,TRUE,primary,644
0.06875084174778329,0.2157010567494296,-5.94479783804921e-5,TRUE,primary,645
0.04044443566495215,0.2058292418746277,-0.012394310042288656,TRUE,primary,646
0.0991249759344564,0.1949958542072524,0.00222437553962607,TRUE,primary,647
0.06065987734137834,0.2035908145025808,-0.026259284958214148,TRUE,primary,648
0.055503694211411436,0.1902176973879466,-0.002717347450553829,TRUE,primary,649
0.09478635968777033,0.21956367517605208,0.0027638468166821767,TRUE,primary,650
0.10084185717985872,0.21795794248093478,-0.021591186940539638,TRUE,primary,651
0.040351658601556206,0.21308819013845892,-0.011739262805505348,TRUE,primary,652
0.09644564658129334,0.2251824310907635,-0.003308170576811496,TRUE,primary,653
0.12113040393273361,0.2084911839290232,0.012588856709464722,TRUE,primary,654
0.05156257502199035,0.21386829402693475,-0.008154661363683122,TRUE,primary,655
0.11510173274996266,0.2057321125935092,-0.01096627933714472,TRUE,primary,656
0.12019109687573681,0.21945008794473952,0.004488639261751961,TRUE,primary,657
0.10825969557166731,0.21397529097887755,-0.01911803027389769,TRUE,primary,658
0.07927621723600992,0.21628813952190074,0.0040786256477053084,TRUE,primary,659
0.04956580365462726,0.18695054969592997,8.487015101024247e-5,TRUE,primary,660
0.02875551356454331,0.2238417084857962,-0.021387057495106603,TRUE,primary,661
0.0863302819896341,0.17991662262460512,-0.005595875822126043,TRUE,primary,662
0.08929276051058804,0.21153949469381164,0.012794543460979468,TRUE,primary,663
0.11379967670923957,0.21722119662557082,-0.01026221764251683,TRUE,primary,664
0.07049143490898852,0.19644077488596254,-0.009655955596489317,TRUE,primary,665
0.07391853002551652,0.20765679907258264,-2.8458632018445954e-4,TRUE,primary,666
0.09528267883359243,0.20854296037416953,-0.011314208573571106,TRUE,primary,667
0.14361738757203013,0.20347550263061878,-0.014867903219711398,TRUE,primary,668
0.03719229389379125,0.20562793446376118,6.904674548702366e-4,TRUE,primary,669
0.05850359344522643,0.20707671568672406,-0.018283190865505342,TRUE,primary,670
0.09066907318687345,0.22837881069992266,0.020428394943579464,TRUE,primary,671
0.0964415908432481,0.2083572357438006,0.0027912870572961686,TRUE,primary,672
0.13085865380373563,0.19869150177249897,0.008192437056224272,TRUE,primary,673
0.08258275981210078,0.22474273517239418,-0.005742564621794675,TRUE,primary,674
0.1386231969739924,0.21126351317229747,0.0011562391254265948,TRUE,primary,675
0.09277767715494051,0.1900826869774404,-0.01239558176927574,TRUE,primary,676
0.061470535932868164,0.2025974631005935,-0.016548628798720044,TRUE,primary,677
0.07080384138763318,0.22874369102921827,0.005111503046574923,TRUE,primary,678
0.15301586356913888,0.22578419009423123,-0.01157157869539702,TRUE,primary,679
0.08296900938770496,0.2213768456543334,-0.013068671809685978,TRUE,primary,680
0.14844861325586362,0.20670905972340722,-0.01838131654888144,TRUE,primary,681
0.09029607002671375,0.20756416278389292,-0.009983308258041784,TRUE,primary,682
0.031103280316655824,0.21130646578573065,6.739419578844674e-4,TRUE,primary,683
0.07653988411031543,0.21041156466931055,-0.005781162877108803,TRUE,primary,684
0.06815460721139249,0.2042932691986943,-0.01046040100835853,TRUE,primary,685
0.08232566400776958,0.20288347207148008,0.0038138061833206515,TRUE,primary,686
0.09099361835638031,0.19548666717921423,-0.006582806135505726,TRUE,primary,687
0.10257677356808098,0.2099686887931578,-0.013957363588433632,TRUE,primary,688
0.12596712063043913,0.20915332535973008,0.009250572714772514,TRUE,primary,689
0.08773512518310495,0.1975037919126568,0.013829190999299055,TRUE,primary,690
0.11670787974775632,0.22979149751102873,0.025090038618058797,TRUE,primary,691
0.09808914913671868,0.21778853921109903,0.004991296278764201,TRUE,primary,692
0.06825924948841516,0.2001368038561625,-0.014920161609646704,TRUE,primary,693
0.11140606068873743,0.21171780749520938,0.005407725264994476,TRUE,primary,694
0.06502883489091343,0.2037386076095574,-0.015554025793016587,TRUE,primary,695
0.07963926096043095,0.19172647297094347,0.0018898687075409222,TRUE,primary,696
0.05366213915421708,0.19817928747699592,-0.007786682626507264,TRUE,primary,697
0.04871462449542202,0.18852755562927828,-0.0031169033207635454,TRUE,primary,698
0.09062405027631043,0.22100766484581036,-0.009668806557801331,TRUE,primary,699
0.10403130812427275,0.22983161906820507,0.0031760337696816305,TRUE,primary,700
0.09223986206012696,0.2221395715418421,-0.005019142311959548,TRUE,primary,701
0.11764643952205273,0.20438947470037824,-0.0031062363584404306,TRUE,primary,702
0.11548390587583302,0.23114175815672142,0.023047220580944387,TRUE,primary,703
0.13649587637268434,0.19240608721458338,-0.007962742545234488,TRUE,primary,704
0.045799054864679944,0.1950800340383828,-0.018008806554401603,TRUE,primary,705
0.11802682687017513,0.20238041649127841,-0.0071363456913810675,TRUE,primary,706
0.10581242841628086,0.1935872269865853,-0.004745971270432639,TRUE,primary,707
0.11306522492234744,0.23750601645110583,-0.004852878193530192,TRUE,primary,708
0.10199809694683443,0.20471459125682723,-0.0041188263864334294,TRUE,primary,709
0.05797353385961784,0.21859217825362587,0.003670520071572265,TRUE,primary,710
0.03827434185965983,0.20183778198201097,-0.01386078467154863,TRUE,primary,711
0.08318097143641912,0.20063494756815087,1.0247052362372392e-5,TRUE,primary,712
0.1039539508013066,0.2030593360856442,-0.01557739369038047,TRUE,primary,713
0.0710019517889196,0.19451906198466257,-0.013911194213613148,TRUE,primary,714
0.07361572561411617,0.2003119376770482,-0.014492622180951154,TRUE,primary,715
0.07429507014691727,0.19708282366035942,0.005093054274900499,TRUE,primary,716
0.06827603376241492,0.20831167660760003,-0.01411631732790733,TRUE,primary,717
0.09372385430239188,0.2143073195167452,0.003378746634642107,TRUE,primary,718
0.02914330747627719,0.2081175278402772,0.002923697570097984,TRUE,primary,719
0.13518613399762885,0.2034242133361075,-0.003526199757586413,TRUE,primary,720
0.14278266835574327,0.21802310308684977,0.0043367960359634175,TRUE,primary,721
0.07844897977450771,0.21986092923122025,-0.0040894863741978826,TRUE,primary,722
0.08035564040475451,0.21813636990450716,-0.025514445952911736,TRUE,primary,723
0.11084763542069298,0.20673327250531945,0.013025478662798082,TRUE,primary,724
0.040297837890149846,0.19521352178995224,0.007824027945124693,TRUE,primary,725
0.09018016675498597,0.20468985648228855,-0.0020768628808716747,TRUE,primary,726
0.07539764524161768,0.21556563518477126,-0.0031783400007161233,TRUE,primary,727
0.1251985097870803,0.2091451988570218,0.0082118095652032,TRUE,primary,728
0.06838772250286757,0.20158015286003103,-0.005570327926570514,TRUE,primary,729
0.013953314311084375,0.20518993651951012,-0.01670188408172472,TRUE,primary,730
0.053871658327312666,0.21701092249842982,0.02261510450265776,TRUE,primary,731
0.10702031901034342,0.1983013044686616,-0.0012258166278049866,TRUE,primary,732
0.07029599115137097,0.1874586181604703,-5.62185715692732e-4,TRUE,primary,733
0.09086592845924879,0.20443718927526616,-8.966944804993266e-4,TRUE,primary,734
0.03148433164494441,0.19829223924093367,-0.021732337778400532,TRUE,primary,735
0.09421642925638823,0.20427142457523245,-0.008230158651039505,TRUE,primary,736
0.08114716156743407,0.21036902803608096,-0.01938938820765284,TRUE,primary,737
0.06685207484457395,0.21059781539625924,-0.012679936298687501,TRUE,primary,738
0.053071194432293634,0.21206973868261025,-0.028233906037077088,TRUE,primary,739
0.08370289465264541,0.2059538669239857,-0.012701444286141748,TRUE,primary,740
0.03380315308860521,0.2132597420166501,0.011447086300987197,TRUE,primary,741
0.025179673947144154,0.19975144457552224,7.436936311432756e-4,TRUE,primary,742
0.0860165903242392,0.22268961397617285,-0.0031096033058137826,TRUE,primary,743
0.015558067800540476,0.2107442232422724,-0.018010815125744623,TRUE,primary,744
0.07914498034162598,0.21850467028611686,-0.017217039888237903,TRUE,primary,745
0.05843967120155874,0.1990655995967948,-0.0010390056160376408,TRUE,primary,746
0.06628975858198055,0.19632949495986377,-0.0257358207510695,TRUE,primary,747
0.10547260615640919,0.20748586329075952,0.014498142751415144,TRUE,primary,748
0.12748410985562192,0.19202468258765915,-6.725726295559718e-4,TRUE,primary,749
0.082221865905438285,0.19748124621560817,-0.008665946434889174,TRUE,primary,750
0.10424417933235397,0.19874102513150768,9.9281356959479e-4,TRUE,primary,751
0.05756513303274524,0.21700464453499044,-0.003948413230439486,TRUE,primary,752
0.0749107351499731,0.22958792640811654,-0.01813759470179877,TRUE,primary,753
0.0557491268993805,0.20871787766428515,0.005501664026915649,TRUE,primary,754
0.07185189066111347,0.20515860812283268,0.009539072408778044,TRUE,primary,755
0.14189482078718224,0.2227078366307647,0.006195305067057575,TRUE,primary,756
0.0870631284017529,0.21857474717696299,-0.02776779310392439,TRUE,primary,757
0.11099725507300806,0.21851457617935852,-0.0026494441733189546,TRUE,primary,758
0.1392009587549689,0.19611023229520266,-0.02221082100520018,TRUE,primary,759
0.08611913626733358,0.208111048998236,-0.007259656345832068,TRUE,primary,760
0.13103395458448974,0.2181676642913017,-0.0027824503071726524,TRUE,primary,761
0.07814533491701992,0.19916505840289406,-0.0017427355066444398,TRUE,primary,762
0.06705663922622629,0.20195862259812125,-0.013930605194201522,TRUE,primary,763
0.0746929032491887,0.21499233301556533,-0.03104205405423901,TRUE,primary,764
0.11485100935626985,0.20095283254695118,-0.01135474935322467,TRUE,primary,765
0.11624735194583063,0.20823699135143814,-0.012752951593451687,TRUE,primary,766
0.08593982150726598,0.20604951554006315,0.00859759949934407,TRUE,primary,767
0.06033555572775967,0.2087362982828027,-0.013546208275350214,TRUE,primary,768
0.04321585856340898,0.18932021903360838,-0.008330578871329472,TRUE,primary,769
0.1522119580928079,0.22618780939212887,-0.010127300460017221,TRUE,primary,770
0.07896316946126608,0.21587076247488687,0.008550618373512241,TRUE,primary,771
0.053777918622059606,0.2203081852035119,-0.0030453669920844076,TRUE,primary,772
0.09994874669140896,0.20422925743305556,-0.0014724631066194733,TRUE,primary,773
0.10705202773436595,0.2081248997332436,6.73850815701889e-4,TRUE,primary,774
0.02400913107565028,0.21868115641563954,-0.019058191734817907,TRUE,primary,775
0.04241756442517919,0.2028232999334769,-0.00861905340191565,TRUE,primary,776
0.13236907324934477,0.21260277868343175,-0.007076889501858363,TRUE,primary,777
0.06348946234276082,0.1997442989033264,-0.005048845724381947,TRUE,primary,778
0.10537038463899828,0.23116855817979157,-0.012370052697923854,TRUE,primary,779
0.02572231674847425,0.2047326673397205,0.004514133298229342,TRUE,primary,780
0.05876783606591163,0.20835907119553432,7.974919399999497e-4,TRUE,primary,781
0.04962347623565572,0.19609161060082533,0.0029259252482681654,TRUE,primary,782
0.09862726293328317,0.1959299640802501,-0.0037835057206911014,TRUE,primary,783
0.020752219133216676,0.2184323134877824,0.011239917465202866,TRUE,primary,784
-0.004264358269748636,0.222708662287279,0.022081996578722313,TRUE,primary,785
0.05871850073751417,0.2031674968955227,-0.0015232325517440192,TRUE,primary,786
0.03450446246999844,0.22509518669620512,0.020208443444404575,TRUE,primary,787
0.11531992839342536,0.22581139388753238,-0.004802038632491053,TRUE,primary,788
0.05981748505262341,0.19952906683258978,0.004758552833538694,TRUE,primary,789
0.07001745844848672,0.19742616195661136,0.005563027308938639,TRUE,primary,790
0.07199223029731722,0.2021244121132809,-0.002658558551354896,TRUE,primary,791
0.0679344421142164,0.18910631910127515,-0.021397130647238725,TRUE,primary,792
0.013541581650150625,0.2468459177191768,-0.018202859591654196,TRUE,primary,793
0.1398142910258916,0.21575313405788313,0.0017151914685192868,TRUE,primary,794
0.10455355089138957,0.2057402798292744,-0.006381024220373569,TRUE,primary,795
-0.024675753465704164,0.219003440118017,-0.00902201950616344,TRUE,primary,796
0.09712156237817221,0.19737252354087784,-0.0058625189424938665,TRUE,primary,797
0.06300246414911143,0.21298836777512042,-0.01643995151607412,TRUE,primary,798
0.0807348204909103,0.20931037578536002,-0.003829166439948276,TRUE,primary,799
0.12181261585207903,0.20959677718810663,0.020579220346569924,TRUE,primary,800
0.04960459388490435,0.24191790357892248,-0.012872405898840488,TRUE,primary,801
0.0785121040405235,0.20489358955647574,0.004100316601681062,TRUE,primary,802
0.07965243444268638,0.19863160962824625,-0.016981876381647915,TRUE,primary,803
0.085479840356801,0.21624502115750363,-0.0017924751480138388,TRUE,primary,804
0.04290815623225119,0.19739240652249693,-0.018754059715713894,TRUE,primary,805
0.06091217716574182,0.20947606646520114,0.00238189020638439,TRUE,primary,806
0.058416595880083244,0.20551587311219227,-0.023509095871197275,TRUE,primary,807
0.08415396497000271,0.20276405910703402,-0.014010610907774413,TRUE,primary,808
0.11380566725818231,0.21471220330430904,-0.00237425449121644,TRUE,primary,809
0.16945895778507375,0.20540119125526812,0.007772812587562433,TRUE,primary,810
0.061538257768482596,0.2070524724937046,-0.0018731341724626456,TRUE,primary,811
-0.013732829308364614,0.2198244712801953,-0.0035609255821617202,TRUE,primary,812
0.12366830225763137,0.201319460341837,1.4349850790907744e-5,TRUE,primary,813
0.04913221179401761,0.2030359243880786,-0.015166319140634052,TRUE,primary,814
0.09129580558454659,0.20184042512558056,-0.015380125892524351,TRUE,primary,815
0.05894212304874258,0.2029155349207188,-0.004324104550417219,TRUE,primary,816
0.03709176719157875,0.2270191767367931,-0.012885228147728304,TRUE,primary,817
0.08932170117264432,0.21087477392844722,0.006183285623086141,TRUE,primary,818
0.05605184636349264,0.20291353218690777,-0.0029688392301432066,TRUE,primary,819
0.1601598951454506,0.21032243719045554,-8.137123943367535e-4,TRUE,primary,820
0.07776583098127887,0.21456260435320482,0.002800137393986443,TRUE,primary,821
0.1271239728478994,0.21701458036377352,-0.015272539987350191,TRUE,primary,822
0.11957536961286458,0.19877075896723667,-0.009882860824630621,TRUE,primary,823
0.08025695004796629,0.19217916268071686,-0.010346364707338115,TRUE,primary,824
0.06304159765130446,0.1932420791187361,-0.002826556162673224,TRUE,primary,825
0.09012496399993591,0.2015377267420339,0.005437659337211823,TRUE,primary,826
0.04484692111706001,0.21205434131863266,-0.005713071196734418,TRUE,primary,827
0.0947296996582197,0.20546599419546796,0.007404291801174679,TRUE,primary,828
0.06349288286651311,0.18559096139911968,-0.004046740133974562,TRUE,primary,829
0.028188279891919632,0.2137875735732246,-0.016067760994396788,TRUE,primary,830
0.07085540133732116,0.20256036332903318,0.002527815023442809,TRUE,primary,831
0.0840649277529878,0.1854667813025232,0.009568097237076557,TRUE,primary,832
0.05330593293430402,0.23901645176887287,0.0146009770257619,TRUE,primary,833
0.04265054390484635,0.19021625126383257,-0.017433052479161,TRUE,primary,834
0.04600655339768828,0.21547002354347966,-0.014971762623232177,TRUE,primary,835
0.04954767259444193,0.20043420067416232,-0.010736664749723191,TRUE,primary,836
0.06217781910785447,0.1911450443647728,-0.005777885143716334,TRUE,primary,837
0.13832580394777555,0.20700442961693757,-0.007678507240878459,TRUE,primary,838
0.06791874720117269,0.20841674913826194,-0.005960343561283201,TRUE,primary,839
0.057776673261542344,0.20169268804932666,-0.019359611719655834,TRUE,primary,840
0.10548839027601675,0.23720521813624815,0.01894218340401789,TRUE,primary,841
0.08276073326405764,0.21448262245772015,9.377954007264231e-5,TRUE,primary,842
0.020393703448285838,0.21286770522092213,0.0018271003318356509,TRUE,primary,843
0.012269086161043552,0.2059532469616606,-0.01166149549314345,TRUE,primary,844
0.02715117043217813,0.21923192690108367,-0.007084705321524051,TRUE,primary,845
0.03740652955907048,0.20776264288553173,0.006478316616598945,TRUE,primary,846
0.06900534003111636,0.20331659400749127,-8.773729005035353e-4,TRUE,primary,847
0.07883015278544425,0.21502503033313594,3.27285715942251e-4,TRUE,primary,848
0.10524209016892633,0.21625723567277388,-0.009763276353125074,TRUE,primary,849
0.08791395111440914,0.19900659378871535,-0.004059934347438653,TRUE,primary,850
0.10934230485256174,0.20374446559961087,0.002570606786971725,TRUE,primary,851
0.08398372281390892,0.1927458988552175,0.0026805243923093197,TRUE,primary,852
0.10336122016657567,0.20680980213113337,-0.013788036672688063,TRUE,primary,853
0.05953835549475078,0.20967158669674743,-0.00245948845536148,TRUE,primary,854
0.07043573439688422,0.19024535087988398,-0.008158040301642555,TRUE,primary,855
0.09265238891493233,0.2067598737299656,-0.017995486697137176,TRUE,primary,856
0.13645585866934284,0.2079864946473221,0.007762572538797772,TRUE,primary,857
0.09760199718628038,0.21523935047213694,-0.012585100755520823,TRUE,primary,858
0.07930938788862085,0.20281239232545709,0.00342123606747113,TRUE,primary,859
0.09204220210527536,0.21403837997666206,-0.01498654535219189,TRUE,primary,860
0.11774892364070999,0.2088955229073951,-0.012576514394940844,TRUE,primary,861
0.10764192109064807,0.20751206510456446,-0.010760773014471129,TRUE,primary,862
0.09418457924704804,0.20614949909190056,0.0024153816018416758,TRUE,primary,863
0.05435052745193686,0.21803755224384444,-0.020905506075143424,TRUE,primary,864
0.11903479053915539,0.20960413451773052,-0.009420933712118069,TRUE,primary,865
0.02698562279133998,0.19400789933288995,-0.0019111125692337937,TRUE,primary,866
0.11667360958423739,0.2060018158531936,0.007863516611051193,TRUE,primary,867
0.12866112338522362,0.21259214836405635,0.0022954163083769344,TRUE,primary,868
0.09753622492289071,0.2092912804340515,0.0034371548566576224,TRUE,primary,869
0.1321286842393789,0.21475884248690408,0.0013995018787947987,TRUE,primary,870
-0.07252549184221152,0.2822261987676293,-0.014771388279231846,TRUE,primary,871
0.09983419962058915,0.21314785964519628,-0.010037986944194898,TRUE,primary,872
0.08365634076810924,0.20489172381197163,-0.003261232632416208,TRUE,primary,873
0.025211980739020923,0.21271485989842073,-0.0031731886837914687,TRUE,primary,874
0.17233717314896285,0.21689608079880252,0.01990968807404715,TRUE,primary,875
0.06246814828506536,0.23579008984370295,-0.002706255666411868,TRUE,primary,876
0.06326186777476978,0.22096100071497285,0.001133972114556034,TRUE,primary,877
0.08517714007073401,0.19192709409645578,0.009192826608946247,TRUE,primary,878
0.05895710183455061,0.2383132491436406,-8.488219639591424e-4,TRUE,primary,879
0.06385865648379452,0.212193952793104,-0.002526569270392761,TRUE,primary,880
0.096770655657633875,0.1993820224634821,-0.0021299805519543946,TRUE,primary,881
0.12293470479171159,0.20658702846112395,-0.006655558874008978,TRUE,primary,882
0.14612700629529274,0.20442468776219536,-0.004469120510558007,TRUE,primary,883
0.0719178303674915,0.21357059569462997,0.00414253754622433,TRUE,primary,884
0.04162153017382869,0.1951353299746286,-0.02181153299356772,TRUE,primary,885
0.16625887267237843,0.2051785578691014,-0.01007730705013051,TRUE,primary,886
0.04787509384619393,0.18754457821788295,0.0037192730237159918,TRUE,primary,887
0.09823529190594621,0.1963957889854549,-0.005179552522943535,TRUE,primary,888
0.0764149084695398,0.221021028436305,-0.00239881136142488,TRUE,primary,889
0.06818354576053437,0.18548384595208137,4.852220765793071e-4,TRUE,primary,890
0.09683670190510624,0.2003531038640299,0.0020373042991016885,TRUE,primary,891
0.08821958181034006,0.2055744288246373,-1.5181269643981622e-4,TRUE,primary,892
0.0804114192125785,0.21037454536657557,-8.268647894894747e-5,TRUE,primary,893
0.0938929545385383,0.19819827770855838,-0.013668184850314355,TRUE,primary,894
0.1319803265950713,0.19715404979347312,0.003014971826203901,TRUE,primary,895
0.07424210794536634,0.19098580849573135,9.576007655418857e-4,TRUE,primary,896
0.11335686430357922,0.20102570751167087,-0.00448694648695171,TRUE,primary,897
0.08319680530012663,0.21168688595974355,-0.007754987345693192,TRUE,primary,898
0.059988978732770926,0.22867620006329306,-0.01116901579622295,TRUE,primary,899
0.08404234754168644,0.20143933995115498,-0.013195134633292077,TRUE,primary,900
0.049208609711942686,0.19306331980704072,-0.016023702717446464,TRUE,primary,901
0.12135720843651787,0.20639367408092385,7.544500260450363e-4,TRUE,primary,902
0.0685776205532952,0.2026845183666198,-0.008283969491503108,TRUE,primary,903
0.06545750541260076,0.20518375355794827,-0.009115177659089639,TRUE,primary,904
0.16264639658925917,0.223070704787446,0.011189401610179749,TRUE,primary,905
0.10132710749491203,0.19393348781356923,-0.01389271292626838,TRUE,primary,906
0.14345572859701072,0.21684126372098655,0.004663563215997014,TRUE,primary,907
0.1182043984289956,0.2113981907128181,-0.01819144589169526,TRUE,primary,908
0.06785924838836443,0.20399297308344025,-0.006443251931019264,TRUE,primary,909
0.049758753908126896,0.2064043413623312,-0.003938821106235193,TRUE,primary,910
0.07213651651678743,0.2064001091648903,-0.004998337940800951,TRUE,primary,911
0.09136598287631398,0.19750750056415986,-0.006554338893074155,TRUE,primary,912
0.10128268431955861,0.19312543209731767,-0.014014164845166358,TRUE,primary,913
0.10392225434395463,0.213943816812706,0.009901573325848921,TRUE,primary,914
0.06916057553660726,0.19955567198838028,-0.013845326595337736,TRUE,primary,915
0.059480267752074434,0.20679645335912925,-0.013191912200845923,TRUE,primary,916
0.06574896697812405,0.21457554804803153,-0.029756889302348394,TRUE,primary,917
0.06983496427485963,0.20217618364647777,-0.004550807507283577,TRUE,primary,918
0.1088933913201105,0.205179080609683,-0.005350077513003613,TRUE,primary,919
0.08820240135305107,0.2200978936534041,-0.020337484536664077,TRUE,primary,920
0.12921300169338723,0.20797049190052486,-0.010237224898005794,TRUE,primary,921
0.0968364465697727,0.20906963714088972,-0.004487207313324864,TRUE,primary,922
0.135055129899102,0.21126838747957713,-1.67622283126492e-4,TRUE,primary,923
0.09631507749005808,0.22541145111569968,0.00430567531036586,TRUE,primary,924
0.047219417226903815,0.19334173332374213,-0.012364808497366592,TRUE,primary,925
0.09063069669107698,0.20194313197654284,3.6046232641518924e-4,TRUE,primary,926
0.16235164996512103,0.2261286013569726,0.017632059641557882,TRUE,primary,927
0.07990205482365426,0.2097787484148373,-3.6931863930480917e-4,TRUE,primary,928
0.06406923124164698,0.19317496666742415,0.010578174391209335,TRUE,primary,929
0.0852345946192733,0.21728066661572967,0.006136027692176663,TRUE,primary,930
0.05163634118539867,0.18916443015616793,-0.00819609038437503,TRUE,primary,931
0.032823656442916016,0.21723719787883936,-0.011915253129346338,TRUE,primary,932
0.09788215318912363,0.2191888552121093,0.004444309461806493,TRUE,primary,933
0.09358820687457697,0.223099343406955,6.51980429726383e-4,TRUE,primary,934
0.1151050231347654,0.19869100524455643,-0.009915381527314908,TRUE,primary,935
0.09368729845784152,0.2052693698578034,-0.012859448286840514,TRUE,primary,936
0.09470197630215227,0.2123022439906261,-0.0012686837369921531,TRUE,primary,937
0.08708088918512646,0.22499967015207956,0.009991970899890859,TRUE,primary,938
0.041485123815415026,0.21716481764223014,0.013322585047548319,TRUE,primary,939
0.1068459753328887,0.19815776649948877,0.0011239106087340116,TRUE,primary,940
0.12842912471806356,0.21002395211103825,-0.0032281148244772445,TRUE,primary,941
0.08779491667070238,0.21403006863506502,-0.0010039208276826474,TRUE,primary,942
0.07398084863247445,0.21446046908540678,-0.01148518084494796,TRUE,primary,943
0.06183131749159981,0.20479890356514768,-0.012429673273601172,TRUE,primary,944
0.11953964566563452,0.20126061689992408,-0.012317842463751134,TRUE,primary,945
0.13523903195197612,0.22004003947091455,0.008837925321193688,TRUE,primary,946
0.06027122883982222,0.212811761078414,-0.015466977130728865,TRUE,primary,947
0.058403576850003525,0.21658150491739817,-0.006664117118726224,TRUE,primary,948
0.11840061979064526,0.22046661123268038,-0.0020003716926009834,TRUE,primary,949
0.09548535167341687,0.2230916664397826,-0.0045639667837352686,TRUE,primary,950
0.0694261764506281,0.19850873750992692,4.1951677396683294e-4,TRUE,primary,951
0.06776975813407954,0.20762129830863854,-0.013083414561284151,TRUE,primary,952
0.08725216775111283,0.1979120179406702,0.01363901624060529,TRUE,primary,953
0.06613781736411939,0.1978523688208606,-0.0011622280788269126,TRUE,primary,954
0.08215425430419082,0.20962577975718477,-0.006712464752346957,TRUE,primary,955
0.1045956611597213,0.18934359036042556,0.004350343519781035,TRUE,primary,956
0.04815600255048269,0.22219479182481366,0.014073696047591148,TRUE,primary,957
0.10307684752867274,0.19919583384445666,-8.127305787968042e-4,TRUE,primary,958
0.08588308573228226,0.2122106090947661,-0.002895631276897798,TRUE,primary,959
0.08660435458882021,0.21743335264691488,-0.0048530548731433405,TRUE,primary,960
0.0799892067506901,0.21064686106243347,8.430619673821173e-4,TRUE,primary,961
0.04818320878866078,0.2276464074810937,0.01299989694603489,TRUE,primary,962
0.05821674370674834,0.194366182440449,0.009079680407757423,TRUE,primary,963
0.07156821575280914,0.1923834081834089,-0.01561693762413999,TRUE,primary,964
0.06158836394610423,0.20071960633181052,-1.5071356701823208e-4,TRUE,primary,965
0.13496475822515358,0.19787602307538368,-0.012229511337042897,TRUE,primary,966
0.0613175239671247,0.20698763346923055,-0.0022022282821247342,TRUE,primary,967
0.037796217531506526,0.21082133028946082,-0.01830363882710155,TRUE,primary,968
0.0829373771155365,0.20911100123466403,-0.004591319963747679,TRUE,primary,969
0.16756141358121945,0.23898126481612783,0.01637452637007672,TRUE,primary,970
0.09415496418759328,0.1946048359905942,0.015015113505016301,TRUE,primary,971
0.13801998051689757,0.20792125772501502,-0.0050972439450581546,TRUE,primary,972
0.045421554072971715,0.22347438694769847,0.0011702521684069293,TRUE,primary,973
0.08791481608042134,0.22666467284806652,-0.016517674876390873,TRUE,primary,974
0.020254068268785563,0.22959718607756852,-0.006248919867930203,TRUE,primary,975
0.1156900281027084,0.19869499760525303,0.004241559282670262,TRUE,primary,976
0.055918632316193984,0.20120817376932953,-0.005729673767196158,TRUE,primary,977
0.07369172615995057,0.22480851518631792,-0.014425507126026804,TRUE,primary,978
0.11783517682150213,0.2052386587922516,-0.007764380483188401,TRUE,primary,979
0.14284519358390468,0.20255739846276127,0.004164890239849929,TRUE,primary,980
0.046758393144678556,0.19257345958494004,-0.006048178106402341,TRUE,primary,981
0.07332439207278935,0.23566718807807224,0.01770449191050505,TRUE,primary,982
0.10011338839812717,0.2105102819945888,-0.02375195333811746,TRUE,primary,983
0.07468419891112338,0.1936495639751281,-0.03414889766178318,TRUE,primary,984
0.06973552663100391,0.19235072245796672,-0.009474349672182933,TRUE,primary,985
0.041551964778502426,0.22499136555859728,-0.030286968383373497,TRUE,primary,986
0.1876703664666018,0.23955198015646756,0.010653477414066284,TRUE,primary,987
0.12160116629949819,0.21112006506229555,-0.0026207111418292657,TRUE,primary,988
0.11361497993126463,0.1992297806899579,-0.017563554792777148,TRUE,primary,989
0.07710784659667358,0.20666064567575124,-0.0036193467010660553,TRUE,primary,990
0.09216391851667521,0.1981308119404478,-0.0032930432967024836,TRUE,primary,991
0.10208502725636226,0.22835136427987507,-0.017035823486945857,TRUE,primary,992
0.0699169715767719,0.19604903455476994,6.655342963288845e-4,TRUE,primary,993
0.17290928354865281,0.20266909009590484,1.8632962713991893e-4,TRUE,primary,994
0.029493004552138435,0.20720185278882625,-0.01164681289201739,TRUE,primary,995
0.14148148092068108,0.21122910841861772,0.003046806451933137,TRUE,primary,996
0.07758296919196322,0.21642224181545597,0.011339373216412247,TRUE,primary,997
0.08739631662758629,0.21953683293787862,-0.010081209753816569,TRUE,primary,998
0.014382305290430941,0.20854743986857366,-5.636946618602574e-4,TRUE,primary,999
0.08438383365516494,0.2059773801692428,-0.013786275478811422,TRUE,primary,1000
