species,analysis,r0.8,r0.9,r0.95,perm,null
Apul,primary,1,0,0,1,full permutation
Apul,primary,0,0,0,2,full permutation
Apul,primary,0,0,0,3,full permutation
Apul,primary,1,0,0,4,full permutation
Apul,primary,0,0,0,5,full permutation
Apul,primary,0,0,0,6,full permutation
Apul,primary,0,0,0,7,full permutation
Apul,primary,0,0,0,8,full permutation
Apul,primary,0,0,0,9,full permutation
Apul,primary,0,0,0,10,full permutation
Apul,primary,0,0,0,11,full permutation
Apul,primary,0,0,0,12,full permutation
Apul,primary,0,0,0,13,full permutation
Apul,primary,0,0,0,14,full permutation
Apul,primary,0,0,0,15,full permutation
Apul,primary,9,0,0,16,full permutation
Apul,primary,0,0,0,17,full permutation
Apul,primary,0,0,0,18,full permutation
Apul,primary,0,0,0,19,full permutation
Apul,primary,5,0,0,20,full permutation
Apul,primary,0,0,0,21,full permutation
Apul,primary,0,0,0,22,full permutation
Apul,primary,0,0,0,23,full permutation
Apul,primary,0,0,0,24,full permutation
Apul,primary,4,0,0,25,full permutation
Apul,primary,0,0,0,26,full permutation
Apul,primary,0,0,0,27,full permutation
Apul,primary,0,0,0,28,full permutation
Apul,primary,0,0,0,29,full permutation
Apul,primary,0,0,0,30,full permutation
Apul,primary,0,0,0,31,full permutation
Apul,primary,0,0,0,32,full permutation
Apul,primary,1,0,0,33,full permutation
Apul,primary,0,0,0,34,full permutation
Apul,primary,3,0,0,35,full permutation
Apul,primary,0,0,0,36,full permutation
Apul,primary,0,0,0,37,full permutation
Apul,primary,0,0,0,38,full permutation
Apul,primary,0,0,0,39,full permutation
Apul,primary,2,0,0,40,full permutation
Apul,primary,0,0,0,41,full permutation
Apul,primary,0,0,0,42,full permutation
Apul,primary,13,0,0,43,full permutation
Apul,primary,0,0,0,44,full permutation
Apul,primary,0,0,0,45,full permutation
Apul,primary,0,0,0,46,full permutation
Apul,primary,0,0,0,47,full permutation
Apul,primary,0,0,0,48,full permutation
Apul,primary,0,0,0,49,full permutation
Apul,primary,1,0,0,50,full permutation
Apul,primary,2,0,0,51,full permutation
Apul,primary,3,0,0,52,full permutation
Apul,primary,0,0,0,53,full permutation
Apul,primary,1,0,0,54,full permutation
Apul,primary,3,0,0,55,full permutation
Apul,primary,0,0,0,56,full permutation
Apul,primary,1,0,0,57,full permutation
Apul,primary,0,0,0,58,full permutation
Apul,primary,0,0,0,59,full permutation
Apul,primary,1,0,0,60,full permutation
Apul,primary,0,0,0,61,full permutation
Apul,primary,1,0,0,62,full permutation
Apul,primary,0,0,0,63,full permutation
Apul,primary,0,0,0,64,full permutation
Apul,primary,0,0,0,65,full permutation
Apul,primary,0,0,0,66,full permutation
Apul,primary,0,0,0,67,full permutation
Apul,primary,0,0,0,68,full permutation
Apul,primary,0,0,0,69,full permutation
Apul,primary,0,0,0,70,full permutation
Apul,primary,0,0,0,71,full permutation
Apul,primary,0,0,0,72,full permutation
Apul,primary,6,0,0,73,full permutation
Apul,primary,0,0,0,74,full permutation
Apul,primary,0,0,0,75,full permutation
Apul,primary,2,0,0,76,full permutation
Apul,primary,0,0,0,77,full permutation
Apul,primary,0,0,0,78,full permutation
Apul,primary,2,0,0,79,full permutation
Apul,primary,0,0,0,80,full permutation
Apul,primary,0,0,0,81,full permutation
Apul,primary,0,0,0,82,full permutation
Apul,primary,1,0,0,83,full permutation
Apul,primary,0,0,0,84,full permutation
Apul,primary,5,0,0,85,full permutation
Apul,primary,24,0,0,86,full permutation
Apul,primary,0,0,0,87,full permutation
Apul,primary,2,0,0,88,full permutation
Apul,primary,7,0,0,89,full permutation
Apul,primary,2,0,0,90,full permutation
Apul,primary,0,0,0,91,full permutation
Apul,primary,0,0,0,92,full permutation
Apul,primary,0,0,0,93,full permutation
Apul,primary,0,0,0,94,full permutation
Apul,primary,3,0,0,95,full permutation
Apul,primary,0,0,0,96,full permutation
Apul,primary,3,0,0,97,full permutation
Apul,primary,0,0,0,98,full permutation
Apul,primary,0,0,0,99,full permutation
Apul,primary,0,0,0,100,full permutation
Apul,primary,0,0,0,101,full permutation
Apul,primary,1,0,0,102,full permutation
Apul,primary,2,0,0,103,full permutation
Apul,primary,0,0,0,104,full permutation
Apul,primary,0,0,0,105,full permutation
Apul,primary,0,0,0,106,full permutation
Apul,primary,0,0,0,107,full permutation
Apul,primary,10,0,0,108,full permutation
Apul,primary,1,0,0,109,full permutation
Apul,primary,0,0,0,110,full permutation
Apul,primary,2,0,0,111,full permutation
Apul,primary,3,0,0,112,full permutation
Apul,primary,0,0,0,113,full permutation
Apul,primary,0,0,0,114,full permutation
Apul,primary,0,0,0,115,full permutation
Apul,primary,0,0,0,116,full permutation
Apul,primary,0,0,0,117,full permutation
Apul,primary,0,0,0,118,full permutation
Apul,primary,1,0,0,119,full permutation
Apul,primary,0,0,0,120,full permutation
Apul,primary,2,0,0,121,full permutation
Apul,primary,0,0,0,122,full permutation
Apul,primary,0,0,0,123,full permutation
Apul,primary,0,0,0,124,full permutation
Apul,primary,0,0,0,125,full permutation
Apul,primary,0,0,0,126,full permutation
Apul,primary,3,0,0,127,full permutation
Apul,primary,0,0,0,128,full permutation
Apul,primary,0,0,0,129,full permutation
Apul,primary,0,0,0,130,full permutation
Apul,primary,1,0,0,131,full permutation
Apul,primary,13,0,0,132,full permutation
Apul,primary,0,0,0,133,full permutation
Apul,primary,0,0,0,134,full permutation
Apul,primary,0,0,0,135,full permutation
Apul,primary,0,0,0,136,full permutation
Apul,primary,1,0,0,137,full permutation
Apul,primary,0,0,0,138,full permutation
Apul,primary,0,0,0,139,full permutation
Apul,primary,0,0,0,140,full permutation
Apul,primary,0,0,0,141,full permutation
Apul,primary,4,0,0,142,full permutation
Apul,primary,6,0,0,143,full permutation
Apul,primary,1,0,0,144,full permutation
Apul,primary,0,0,0,145,full permutation
Apul,primary,0,0,0,146,full permutation
Apul,primary,0,0,0,147,full permutation
Apul,primary,0,0,0,148,full permutation
Apul,primary,0,0,0,149,full permutation
Apul,primary,0,0,0,150,full permutation
Apul,primary,0,0,0,151,full permutation
Apul,primary,0,0,0,152,full permutation
Apul,primary,0,0,0,153,full permutation
Apul,primary,1,0,0,154,full permutation
Apul,primary,0,0,0,155,full permutation
Apul,primary,0,0,0,156,full permutation
Apul,primary,0,0,0,157,full permutation
Apul,primary,0,0,0,158,full permutation
Apul,primary,0,0,0,159,full permutation
Apul,primary,0,0,0,160,full permutation
Apul,primary,0,0,0,161,full permutation
Apul,primary,4,0,0,162,full permutation
Apul,primary,0,0,0,163,full permutation
Apul,primary,0,0,0,164,full permutation
Apul,primary,0,0,0,165,full permutation
Apul,primary,0,0,0,166,full permutation
Apul,primary,0,0,0,167,full permutation
Apul,primary,0,0,0,168,full permutation
Apul,primary,0,0,0,169,full permutation
Apul,primary,1,0,0,170,full permutation
Apul,primary,0,0,0,171,full permutation
Apul,primary,0,0,0,172,full permutation
Apul,primary,0,0,0,173,full permutation
Apul,primary,0,0,0,174,full permutation
Apul,primary,3,0,0,175,full permutation
Apul,primary,1,0,0,176,full permutation
Apul,primary,0,0,0,177,full permutation
Apul,primary,0,0,0,178,full permutation
Apul,primary,0,0,0,179,full permutation
Apul,primary,0,0,0,180,full permutation
Apul,primary,1,0,0,181,full permutation
Apul,primary,0,0,0,182,full permutation
Apul,primary,0,0,0,183,full permutation
Apul,primary,0,0,0,184,full permutation
Apul,primary,0,0,0,185,full permutation
Apul,primary,0,0,0,186,full permutation
Apul,primary,1,0,0,187,full permutation
Apul,primary,0,0,0,188,full permutation
Apul,primary,0,0,0,189,full permutation
Apul,primary,0,0,0,190,full permutation
Apul,primary,0,0,0,191,full permutation
Apul,primary,0,0,0,192,full permutation
Apul,primary,0,0,0,193,full permutation
Apul,primary,0,0,0,194,full permutation
Apul,primary,0,0,0,195,full permutation
Apul,primary,0,0,0,196,full permutation
Apul,primary,0,0,0,197,full permutation
Apul,primary,1,0,0,198,full permutation
Apul,primary,0,0,0,199,full permutation
Apul,primary,1,0,0,200,full permutation
Apul,primary,655,0,0,1,within-timepoint
Apul,primary,299,0,0,2,within-timepoint
Apul,primary,1590,0,0,3,within-timepoint
Apul,primary,1839,0,0,4,within-timepoint
Apul,primary,490,0,0,5,within-timepoint
Apul,primary,578,0,0,6,within-timepoint
Apul,primary,854,0,0,7,within-timepoint
Apul,primary,706,1,0,8,within-timepoint
Apul,primary,5617,1,0,9,within-timepoint
Apul,primary,715,0,0,10,within-timepoint
Apul,primary,560,0,0,11,within-timepoint
Apul,primary,1033,0,0,12,within-timepoint
Apul,primary,623,0,0,13,within-timepoint
Apul,primary,352,0,0,14,within-timepoint
Apul,primary,845,0,0,15,within-timepoint
Apul,primary,9664,0,0,16,within-timepoint
Apul,primary,921,0,0,17,within-timepoint
Apul,primary,303,0,0,18,within-timepoint
Apul,primary,735,0,0,19,within-timepoint
Apul,primary,5672,0,0,20,within-timepoint
Apul,primary,1006,0,0,21,within-timepoint
Apul,primary,734,0,0,22,within-timepoint
Apul,primary,461,0,0,23,within-timepoint
Apul,primary,1134,0,0,24,within-timepoint
Apul,primary,963,0,0,25,within-timepoint
Apul,primary,1221,0,0,26,within-timepoint
Apul,primary,420,0,0,27,within-timepoint
Apul,primary,1629,1,0,28,within-timepoint
Apul,primary,1006,0,0,29,within-timepoint
Apul,primary,2290,0,0,30,within-timepoint
Apul,primary,332,0,0,31,within-timepoint
Apul,primary,147,0,0,32,within-timepoint
Apul,primary,1430,0,0,33,within-timepoint
Apul,primary,659,0,0,34,within-timepoint
Apul,primary,40495,71,0,35,within-timepoint
Apul,primary,810,0,0,36,within-timepoint
Apul,primary,1309,0,0,37,within-timepoint
Apul,primary,277,0,0,38,within-timepoint
Apul,primary,2618,1,1,39,within-timepoint
Apul,primary,1240,0,0,40,within-timepoint
Apul,primary,156,0,0,41,within-timepoint
Apul,primary,1681,0,0,42,within-timepoint
Apul,primary,1270,0,0,43,within-timepoint
Apul,primary,1253,0,0,44,within-timepoint
Apul,primary,440,0,0,45,within-timepoint
Apul,primary,834,0,0,46,within-timepoint
Apul,primary,94,0,0,47,within-timepoint
Apul,primary,185,0,0,48,within-timepoint
Apul,primary,10600,2,0,49,within-timepoint
Apul,primary,1875,0,0,50,within-timepoint
Apul,primary,982,0,0,51,within-timepoint
Apul,primary,708,0,0,52,within-timepoint
Apul,primary,461,0,0,53,within-timepoint
Apul,primary,938,0,0,54,within-timepoint
Apul,primary,1894,0,0,55,within-timepoint
Apul,primary,512,0,0,56,within-timepoint
Apul,primary,1316,0,0,57,within-timepoint
Apul,primary,1735,4,0,58,within-timepoint
Apul,primary,5881,16,0,59,within-timepoint
Apul,primary,524,0,0,60,within-timepoint
Apul,primary,719,0,0,61,within-timepoint
Apul,primary,902,0,0,62,within-timepoint
Apul,primary,919,0,0,63,within-timepoint
Apul,primary,527,0,0,64,within-timepoint
Apul,primary,2021,0,0,65,within-timepoint
Apul,primary,1602,0,0,66,within-timepoint
Apul,primary,8797,2,0,67,within-timepoint
Apul,primary,1394,0,0,68,within-timepoint
Apul,primary,498,0,0,69,within-timepoint
Apul,primary,1167,0,0,70,within-timepoint
Apul,primary,3105,0,0,71,within-timepoint
Apul,primary,622,0,0,72,within-timepoint
Apul,primary,117,0,0,73,within-timepoint
Apul,primary,869,0,0,74,within-timepoint
Apul,primary,612,0,0,75,within-timepoint
Apul,primary,1155,1,0,76,within-timepoint
Apul,primary,648,0,0,77,within-timepoint
Apul,primary,621,0,0,78,within-timepoint
Apul,primary,607,0,0,79,within-timepoint
Apul,primary,773,0,0,80,within-timepoint
Apul,primary,264,0,0,81,within-timepoint
Apul,primary,754,0,0,82,within-timepoint
Apul,primary,1932,0,0,83,within-timepoint
Apul,primary,1172,2,0,84,within-timepoint
Apul,primary,477,0,0,85,within-timepoint
Apul,primary,3307,0,0,86,within-timepoint
Apul,primary,2895,0,0,87,within-timepoint
Apul,primary,2476,1,0,88,within-timepoint
Apul,primary,768,0,0,89,within-timepoint
Apul,primary,566,0,0,90,within-timepoint
Apul,primary,1457,0,0,91,within-timepoint
Apul,primary,355,0,0,92,within-timepoint
Apul,primary,872,0,0,93,within-timepoint
Apul,primary,4053,0,0,94,within-timepoint
Apul,primary,1387,0,0,95,within-timepoint
Apul,primary,3524,0,0,96,within-timepoint
Apul,primary,5481,0,0,97,within-timepoint
Apul,primary,739,0,0,98,within-timepoint
Apul,primary,1900,0,0,99,within-timepoint
Apul,primary,2802,0,0,100,within-timepoint
Apul,primary,2606,0,0,101,within-timepoint
Apul,primary,4358,0,0,102,within-timepoint
Apul,primary,1708,0,0,103,within-timepoint
Apul,primary,405,0,0,104,within-timepoint
Apul,primary,7034,0,0,105,within-timepoint
Apul,primary,1658,0,0,106,within-timepoint
Apul,primary,1132,0,0,107,within-timepoint
Apul,primary,1676,0,0,108,within-timepoint
Apul,primary,380,0,0,109,within-timepoint
Apul,primary,1374,1,0,110,within-timepoint
Apul,primary,331,0,0,111,within-timepoint
Apul,primary,480,0,0,112,within-timepoint
Apul,primary,1088,0,0,113,within-timepoint
Apul,primary,719,0,0,114,within-timepoint
Apul,primary,670,0,0,115,within-timepoint
Apul,primary,2377,0,0,116,within-timepoint
Apul,primary,1120,0,0,117,within-timepoint
Apul,primary,238,0,0,118,within-timepoint
Apul,primary,633,0,0,119,within-timepoint
Apul,primary,125,0,0,120,within-timepoint
Apul,primary,176,0,0,121,within-timepoint
Apul,primary,3109,0,0,122,within-timepoint
Apul,primary,1006,1,0,123,within-timepoint
Apul,primary,623,0,0,124,within-timepoint
Apul,primary,742,0,0,125,within-timepoint
Apul,primary,537,0,0,126,within-timepoint
Apul,primary,1518,0,0,127,within-timepoint
Apul,primary,1206,0,0,128,within-timepoint
Apul,primary,364,0,0,129,within-timepoint
Apul,primary,1118,0,0,130,within-timepoint
Apul,primary,1447,1,0,131,within-timepoint
Apul,primary,252,0,0,132,within-timepoint
Apul,primary,3551,0,0,133,within-timepoint
Apul,primary,530,0,0,134,within-timepoint
Apul,primary,579,0,0,135,within-timepoint
Apul,primary,258,0,0,136,within-timepoint
Apul,primary,862,0,0,137,within-timepoint
Apul,primary,247,0,0,138,within-timepoint
Apul,primary,1007,0,0,139,within-timepoint
Apul,primary,980,0,0,140,within-timepoint
Apul,primary,476,0,0,141,within-timepoint
Apul,primary,261,0,0,142,within-timepoint
Apul,primary,1447,2,0,143,within-timepoint
Apul,primary,78,0,0,144,within-timepoint
Apul,primary,5379,0,0,145,within-timepoint
Apul,primary,500,0,0,146,within-timepoint
Apul,primary,1220,0,0,147,within-timepoint
Apul,primary,209,0,0,148,within-timepoint
Apul,primary,751,0,0,149,within-timepoint
Apul,primary,1864,0,0,150,within-timepoint
Apul,primary,271,0,0,151,within-timepoint
Apul,primary,1215,0,0,152,within-timepoint
Apul,primary,793,0,0,153,within-timepoint
Apul,primary,673,0,0,154,within-timepoint
Apul,primary,848,0,0,155,within-timepoint
Apul,primary,1936,0,0,156,within-timepoint
Apul,primary,2009,0,0,157,within-timepoint
Apul,primary,1150,0,0,158,within-timepoint
Apul,primary,649,0,0,159,within-timepoint
Apul,primary,709,0,0,160,within-timepoint
Apul,primary,2248,0,0,161,within-timepoint
Apul,primary,3095,0,0,162,within-timepoint
Apul,primary,2207,0,0,163,within-timepoint
Apul,primary,515,0,0,164,within-timepoint
Apul,primary,570,0,0,165,within-timepoint
Apul,primary,262,0,0,166,within-timepoint
Apul,primary,2033,0,0,167,within-timepoint
Apul,primary,1398,0,0,168,within-timepoint
Apul,primary,898,0,0,169,within-timepoint
Apul,primary,238,0,0,170,within-timepoint
Apul,primary,1089,0,0,171,within-timepoint
Apul,primary,465,0,0,172,within-timepoint
Apul,primary,463,0,0,173,within-timepoint
Apul,primary,156,0,0,174,within-timepoint
Apul,primary,284,0,0,175,within-timepoint
Apul,primary,760,0,0,176,within-timepoint
Apul,primary,3587,0,0,177,within-timepoint
Apul,primary,5445,1,0,178,within-timepoint
Apul,primary,359,0,0,179,within-timepoint
Apul,primary,288,0,0,180,within-timepoint
Apul,primary,658,0,0,181,within-timepoint
Apul,primary,368,0,0,182,within-timepoint
Apul,primary,4564,0,0,183,within-timepoint
Apul,primary,790,0,0,184,within-timepoint
Apul,primary,37644,94,0,185,within-timepoint
Apul,primary,3263,0,0,186,within-timepoint
Apul,primary,829,0,0,187,within-timepoint
Apul,primary,414,0,0,188,within-timepoint
Apul,primary,867,0,0,189,within-timepoint
Apul,primary,779,0,0,190,within-timepoint
Apul,primary,6927,0,0,191,within-timepoint
Apul,primary,278,0,0,192,within-timepoint
Apul,primary,1817,0,0,193,within-timepoint
Apul,primary,3780,0,0,194,within-timepoint
Apul,primary,1517,0,0,195,within-timepoint
Apul,primary,928,0,0,196,within-timepoint
Apul,primary,524,0,0,197,within-timepoint
Apul,primary,333,0,0,198,within-timepoint
Apul,primary,222,0,0,199,within-timepoint
Apul,primary,2321,0,0,200,within-timepoint
Peve,primary,1,0,0,1,full permutation
Peve,primary,0,0,0,2,full permutation
Peve,primary,2,0,0,3,full permutation
Peve,primary,0,0,0,4,full permutation
Peve,primary,0,0,0,5,full permutation
Peve,primary,0,0,0,6,full permutation
Peve,primary,3,0,0,7,full permutation
Peve,primary,0,0,0,8,full permutation
Peve,primary,0,0,0,9,full permutation
Peve,primary,0,0,0,10,full permutation
Peve,primary,5,0,0,11,full permutation
Peve,primary,0,0,0,12,full permutation
Peve,primary,0,0,0,13,full permutation
Peve,primary,0,0,0,14,full permutation
Peve,primary,0,0,0,15,full permutation
Peve,primary,0,0,0,16,full permutation
Peve,primary,0,0,0,17,full permutation
Peve,primary,6,0,0,18,full permutation
Peve,primary,1,0,0,19,full permutation
Peve,primary,0,0,0,20,full permutation
Peve,primary,1,0,0,21,full permutation
Peve,primary,2,0,0,22,full permutation
Peve,primary,1,0,0,23,full permutation
Peve,primary,2,0,0,24,full permutation
Peve,primary,0,0,0,25,full permutation
Peve,primary,2,0,0,26,full permutation
Peve,primary,1,0,0,27,full permutation
Peve,primary,1,0,0,28,full permutation
Peve,primary,0,0,0,29,full permutation
Peve,primary,0,0,0,30,full permutation
Peve,primary,0,0,0,31,full permutation
Peve,primary,0,0,0,32,full permutation
Peve,primary,0,0,0,33,full permutation
Peve,primary,1,0,0,34,full permutation
Peve,primary,0,0,0,35,full permutation
Peve,primary,1,0,0,36,full permutation
Peve,primary,1,0,0,37,full permutation
Peve,primary,0,0,0,38,full permutation
Peve,primary,2,0,0,39,full permutation
Peve,primary,1,0,0,40,full permutation
Peve,primary,1,0,0,41,full permutation
Peve,primary,0,0,0,42,full permutation
Peve,primary,1,0,0,43,full permutation
Peve,primary,1,0,0,44,full permutation
Peve,primary,1,0,0,45,full permutation
Peve,primary,1,0,0,46,full permutation
Peve,primary,0,0,0,47,full permutation
Peve,primary,1,0,0,48,full permutation
Peve,primary,1,0,0,49,full permutation
Peve,primary,0,0,0,50,full permutation
Peve,primary,1,0,0,51,full permutation
Peve,primary,1,0,0,52,full permutation
Peve,primary,0,0,0,53,full permutation
Peve,primary,0,0,0,54,full permutation
Peve,primary,0,0,0,55,full permutation
Peve,primary,2,0,0,56,full permutation
Peve,primary,0,0,0,57,full permutation
Peve,primary,5,0,0,58,full permutation
Peve,primary,0,0,0,59,full permutation
Peve,primary,1,0,0,60,full permutation
Peve,primary,0,0,0,61,full permutation
Peve,primary,0,0,0,62,full permutation
Peve,primary,2,0,0,63,full permutation
Peve,primary,0,0,0,64,full permutation
Peve,primary,0,0,0,65,full permutation
Peve,primary,0,0,0,66,full permutation
Peve,primary,0,0,0,67,full permutation
Peve,primary,0,0,0,68,full permutation
Peve,primary,2,0,0,69,full permutation
Peve,primary,1,0,0,70,full permutation
Peve,primary,1,0,0,71,full permutation
Peve,primary,0,0,0,72,full permutation
Peve,primary,1,0,0,73,full permutation
Peve,primary,1,0,0,74,full permutation
Peve,primary,0,0,0,75,full permutation
Peve,primary,1,0,0,76,full permutation
Peve,primary,2,0,0,77,full permutation
Peve,primary,0,0,0,78,full permutation
Peve,primary,1,0,0,79,full permutation
Peve,primary,2,0,0,80,full permutation
Peve,primary,0,0,0,81,full permutation
Peve,primary,0,0,0,82,full permutation
Peve,primary,0,0,0,83,full permutation
Peve,primary,0,0,0,84,full permutation
Peve,primary,3,0,0,85,full permutation
Peve,primary,0,0,0,86,full permutation
Peve,primary,0,0,0,87,full permutation
Peve,primary,0,0,0,88,full permutation
Peve,primary,0,0,0,89,full permutation
Peve,primary,0,0,0,90,full permutation
Peve,primary,0,0,0,91,full permutation
Peve,primary,0,0,0,92,full permutation
Peve,primary,7,0,0,93,full permutation
Peve,primary,4,0,0,94,full permutation
Peve,primary,0,0,0,95,full permutation
Peve,primary,4,0,0,96,full permutation
Peve,primary,1,0,0,97,full permutation
Peve,primary,0,0,0,98,full permutation
Peve,primary,5,0,0,99,full permutation
Peve,primary,0,0,0,100,full permutation
Peve,primary,6,0,0,101,full permutation
Peve,primary,0,0,0,102,full permutation
Peve,primary,7,0,0,103,full permutation
Peve,primary,0,0,0,104,full permutation
Peve,primary,2,0,0,105,full permutation
Peve,primary,2,0,0,106,full permutation
Peve,primary,0,0,0,107,full permutation
Peve,primary,0,0,0,108,full permutation
Peve,primary,0,0,0,109,full permutation
Peve,primary,1,0,0,110,full permutation
Peve,primary,0,0,0,111,full permutation
Peve,primary,1,0,0,112,full permutation
Peve,primary,0,0,0,113,full permutation
Peve,primary,2,0,0,114,full permutation
Peve,primary,0,0,0,115,full permutation
Peve,primary,0,0,0,116,full permutation
Peve,primary,0,0,0,117,full permutation
Peve,primary,0,0,0,118,full permutation
Peve,primary,1,0,0,119,full permutation
Peve,primary,3,0,0,120,full permutation
Peve,primary,0,0,0,121,full permutation
Peve,primary,0,0,0,122,full permutation
Peve,primary,2,0,0,123,full permutation
Peve,primary,0,0,0,124,full permutation
Peve,primary,1,0,0,125,full permutation
Peve,primary,0,0,0,126,full permutation
Peve,primary,0,0,0,127,full permutation
Peve,primary,0,0,0,128,full permutation
Peve,primary,1,0,0,129,full permutation
Peve,primary,0,0,0,130,full permutation
Peve,primary,1,0,0,131,full permutation
Peve,primary,0,0,0,132,full permutation
Peve,primary,2,0,0,133,full permutation
Peve,primary,0,0,0,134,full permutation
Peve,primary,0,0,0,135,full permutation
Peve,primary,1,0,0,136,full permutation
Peve,primary,0,0,0,137,full permutation
Peve,primary,0,0,0,138,full permutation
Peve,primary,1,0,0,139,full permutation
Peve,primary,2,0,0,140,full permutation
Peve,primary,2,0,0,141,full permutation
Peve,primary,0,0,0,142,full permutation
Peve,primary,0,0,0,143,full permutation
Peve,primary,0,0,0,144,full permutation
Peve,primary,0,0,0,145,full permutation
Peve,primary,0,0,0,146,full permutation
Peve,primary,0,0,0,147,full permutation
Peve,primary,4,0,0,148,full permutation
Peve,primary,0,0,0,149,full permutation
Peve,primary,0,0,0,150,full permutation
Peve,primary,60,0,0,151,full permutation
Peve,primary,2,0,0,152,full permutation
Peve,primary,0,0,0,153,full permutation
Peve,primary,0,0,0,154,full permutation
Peve,primary,0,0,0,155,full permutation
Peve,primary,1,0,0,156,full permutation
Peve,primary,1,0,0,157,full permutation
Peve,primary,2,0,0,158,full permutation
Peve,primary,0,0,0,159,full permutation
Peve,primary,0,0,0,160,full permutation
Peve,primary,3,0,0,161,full permutation
Peve,primary,1,0,0,162,full permutation
Peve,primary,2,0,0,163,full permutation
Peve,primary,0,0,0,164,full permutation
Peve,primary,0,0,0,165,full permutation
Peve,primary,0,0,0,166,full permutation
Peve,primary,1,0,0,167,full permutation
Peve,primary,3,0,0,168,full permutation
Peve,primary,1,0,0,169,full permutation
Peve,primary,1,0,0,170,full permutation
Peve,primary,0,0,0,171,full permutation
Peve,primary,1,0,0,172,full permutation
Peve,primary,0,0,0,173,full permutation
Peve,primary,2,0,0,174,full permutation
Peve,primary,0,0,0,175,full permutation
Peve,primary,1,0,0,176,full permutation
Peve,primary,0,0,0,177,full permutation
Peve,primary,0,0,0,178,full permutation
Peve,primary,5,0,0,179,full permutation
Peve,primary,0,0,0,180,full permutation
Peve,primary,1,0,0,181,full permutation
Peve,primary,1,0,0,182,full permutation
Peve,primary,0,0,0,183,full permutation
Peve,primary,1,0,0,184,full permutation
Peve,primary,0,0,0,185,full permutation
Peve,primary,1,0,0,186,full permutation
Peve,primary,0,0,0,187,full permutation
Peve,primary,0,0,0,188,full permutation
Peve,primary,0,0,0,189,full permutation
Peve,primary,8,0,0,190,full permutation
Peve,primary,0,0,0,191,full permutation
Peve,primary,0,0,0,192,full permutation
Peve,primary,0,0,0,193,full permutation
Peve,primary,0,0,0,194,full permutation
Peve,primary,0,0,0,195,full permutation
Peve,primary,1,0,0,196,full permutation
Peve,primary,1,0,0,197,full permutation
Peve,primary,0,0,0,198,full permutation
Peve,primary,0,0,0,199,full permutation
Peve,primary,1,0,0,200,full permutation
Peve,primary,0,0,0,1,within-timepoint
Peve,primary,1,0,0,2,within-timepoint
Peve,primary,0,0,0,3,within-timepoint
Peve,primary,0,0,0,4,within-timepoint
Peve,primary,0,0,0,5,within-timepoint
Peve,primary,12,0,0,6,within-timepoint
Peve,primary,0,0,0,7,within-timepoint
Peve,primary,5,0,0,8,within-timepoint
Peve,primary,3,0,0,9,within-timepoint
Peve,primary,2,0,0,10,within-timepoint
Peve,primary,0,0,0,11,within-timepoint
Peve,primary,0,0,0,12,within-timepoint
Peve,primary,0,0,0,13,within-timepoint
Peve,primary,1,0,0,14,within-timepoint
Peve,primary,1,0,0,15,within-timepoint
Peve,primary,0,0,0,16,within-timepoint
Peve,primary,0,0,0,17,within-timepoint
Peve,primary,0,0,0,18,within-timepoint
Peve,primary,0,0,0,19,within-timepoint
Peve,primary,1,0,0,20,within-timepoint
Peve,primary,0,0,0,21,within-timepoint
Peve,primary,1,0,0,22,within-timepoint
Peve,primary,2,0,0,23,within-timepoint
Peve,primary,1,0,0,24,within-timepoint
Peve,primary,0,0,0,25,within-timepoint
Peve,primary,0,0,0,26,within-timepoint
Peve,primary,0,0,0,27,within-timepoint
Peve,primary,1,0,0,28,within-timepoint
Peve,primary,1,0,0,29,within-timepoint
Peve,primary,3,0,0,30,within-timepoint
Peve,primary,1,0,0,31,within-timepoint
Peve,primary,0,0,0,32,within-timepoint
Peve,primary,1,0,0,33,within-timepoint
Peve,primary,1,0,0,34,within-timepoint
Peve,primary,1,0,0,35,within-timepoint
Peve,primary,0,0,0,36,within-timepoint
Peve,primary,1,0,0,37,within-timepoint
Peve,primary,0,0,0,38,within-timepoint
Peve,primary,4,0,0,39,within-timepoint
Peve,primary,1,0,0,40,within-timepoint
Peve,primary,1,0,0,41,within-timepoint
Peve,primary,0,0,0,42,within-timepoint
Peve,primary,3,0,0,43,within-timepoint
Peve,primary,1,0,0,44,within-timepoint
Peve,primary,2,0,0,45,within-timepoint
Peve,primary,0,0,0,46,within-timepoint
Peve,primary,1,0,0,47,within-timepoint
Peve,primary,2,0,0,48,within-timepoint
Peve,primary,4,0,0,49,within-timepoint
Peve,primary,0,0,0,50,within-timepoint
Peve,primary,1,0,0,51,within-timepoint
Peve,primary,0,0,0,52,within-timepoint
Peve,primary,1,0,0,53,within-timepoint
Peve,primary,1,0,0,54,within-timepoint
Peve,primary,0,0,0,55,within-timepoint
Peve,primary,0,0,0,56,within-timepoint
Peve,primary,1,0,0,57,within-timepoint
Peve,primary,0,0,0,58,within-timepoint
Peve,primary,2,0,0,59,within-timepoint
Peve,primary,0,0,0,60,within-timepoint
Peve,primary,0,0,0,61,within-timepoint
Peve,primary,11,0,0,62,within-timepoint
Peve,primary,6,0,0,63,within-timepoint
Peve,primary,1,0,0,64,within-timepoint
Peve,primary,0,0,0,65,within-timepoint
Peve,primary,2,0,0,66,within-timepoint
Peve,primary,0,0,0,67,within-timepoint
Peve,primary,1,0,0,68,within-timepoint
Peve,primary,3,0,0,69,within-timepoint
Peve,primary,0,0,0,70,within-timepoint
Peve,primary,2,0,0,71,within-timepoint
Peve,primary,0,0,0,72,within-timepoint
Peve,primary,1,0,0,73,within-timepoint
Peve,primary,2,0,0,74,within-timepoint
Peve,primary,0,0,0,75,within-timepoint
Peve,primary,2,0,0,76,within-timepoint
Peve,primary,2,0,0,77,within-timepoint
Peve,primary,52,0,0,78,within-timepoint
Peve,primary,2,0,0,79,within-timepoint
Peve,primary,1,0,0,80,within-timepoint
Peve,primary,109,0,0,81,within-timepoint
Peve,primary,3,0,0,82,within-timepoint
Peve,primary,1,0,0,83,within-timepoint
Peve,primary,0,0,0,84,within-timepoint
Peve,primary,1,0,0,85,within-timepoint
Peve,primary,4,0,0,86,within-timepoint
Peve,primary,2,0,0,87,within-timepoint
Peve,primary,0,0,0,88,within-timepoint
Peve,primary,10,0,0,89,within-timepoint
Peve,primary,0,0,0,90,within-timepoint
Peve,primary,3,0,0,91,within-timepoint
Peve,primary,1,0,0,92,within-timepoint
Peve,primary,0,0,0,93,within-timepoint
Peve,primary,3,0,0,94,within-timepoint
Peve,primary,3,0,0,95,within-timepoint
Peve,primary,2,0,0,96,within-timepoint
Peve,primary,0,0,0,97,within-timepoint
Peve,primary,6,0,0,98,within-timepoint
Peve,primary,0,0,0,99,within-timepoint
Peve,primary,2,0,0,100,within-timepoint
Peve,primary,1,0,0,101,within-timepoint
Peve,primary,0,0,0,102,within-timepoint
Peve,primary,2,0,0,103,within-timepoint
Peve,primary,1,0,0,104,within-timepoint
Peve,primary,2,0,0,105,within-timepoint
Peve,primary,1,0,0,106,within-timepoint
Peve,primary,1,0,0,107,within-timepoint
Peve,primary,7,0,0,108,within-timepoint
Peve,primary,0,0,0,109,within-timepoint
Peve,primary,0,0,0,110,within-timepoint
Peve,primary,1,0,0,111,within-timepoint
Peve,primary,0,0,0,112,within-timepoint
Peve,primary,0,0,0,113,within-timepoint
Peve,primary,0,0,0,114,within-timepoint
Peve,primary,0,0,0,115,within-timepoint
Peve,primary,2,0,0,116,within-timepoint
Peve,primary,0,0,0,117,within-timepoint
Peve,primary,8,0,0,118,within-timepoint
Peve,primary,14,0,0,119,within-timepoint
Peve,primary,4,0,0,120,within-timepoint
Peve,primary,1,0,0,121,within-timepoint
Peve,primary,0,0,0,122,within-timepoint
Peve,primary,7,0,0,123,within-timepoint
Peve,primary,1,0,0,124,within-timepoint
Peve,primary,1,0,0,125,within-timepoint
Peve,primary,0,0,0,126,within-timepoint
Peve,primary,0,0,0,127,within-timepoint
Peve,primary,0,0,0,128,within-timepoint
Peve,primary,1,0,0,129,within-timepoint
Peve,primary,2,0,0,130,within-timepoint
Peve,primary,7,0,0,131,within-timepoint
Peve,primary,5,0,0,132,within-timepoint
Peve,primary,1,0,0,133,within-timepoint
Peve,primary,3,0,0,134,within-timepoint
Peve,primary,0,0,0,135,within-timepoint
Peve,primary,0,0,0,136,within-timepoint
Peve,primary,1,0,0,137,within-timepoint
Peve,primary,0,0,0,138,within-timepoint
Peve,primary,0,0,0,139,within-timepoint
Peve,primary,0,0,0,140,within-timepoint
Peve,primary,2,0,0,141,within-timepoint
Peve,primary,1,0,0,142,within-timepoint
Peve,primary,229,34,8,143,within-timepoint
Peve,primary,7,0,0,144,within-timepoint
Peve,primary,0,0,0,145,within-timepoint
Peve,primary,0,0,0,146,within-timepoint
Peve,primary,0,0,0,147,within-timepoint
Peve,primary,1,0,0,148,within-timepoint
Peve,primary,0,0,0,149,within-timepoint
Peve,primary,1,0,0,150,within-timepoint
Peve,primary,4,0,0,151,within-timepoint
Peve,primary,0,0,0,152,within-timepoint
Peve,primary,1,0,0,153,within-timepoint
Peve,primary,0,0,0,154,within-timepoint
Peve,primary,0,0,0,155,within-timepoint
Peve,primary,0,0,0,156,within-timepoint
Peve,primary,1,0,0,157,within-timepoint
Peve,primary,0,0,0,158,within-timepoint
Peve,primary,2,0,0,159,within-timepoint
Peve,primary,2,0,0,160,within-timepoint
Peve,primary,1,0,0,161,within-timepoint
Peve,primary,0,0,0,162,within-timepoint
Peve,primary,1,0,0,163,within-timepoint
Peve,primary,0,0,0,164,within-timepoint
Peve,primary,1,0,0,165,within-timepoint
Peve,primary,0,0,0,166,within-timepoint
Peve,primary,5,0,0,167,within-timepoint
Peve,primary,0,0,0,168,within-timepoint
Peve,primary,0,0,0,169,within-timepoint
Peve,primary,0,0,0,170,within-timepoint
Peve,primary,2,0,0,171,within-timepoint
Peve,primary,2,0,0,172,within-timepoint
Peve,primary,0,0,0,173,within-timepoint
Peve,primary,2,0,0,174,within-timepoint
Peve,primary,0,0,0,175,within-timepoint
Peve,primary,0,0,0,176,within-timepoint
Peve,primary,0,0,0,177,within-timepoint
Peve,primary,1,0,0,178,within-timepoint
Peve,primary,0,0,0,179,within-timepoint
Peve,primary,3,0,0,180,within-timepoint
Peve,primary,0,0,0,181,within-timepoint
Peve,primary,0,0,0,182,within-timepoint
Peve,primary,0,0,0,183,within-timepoint
Peve,primary,0,0,0,184,within-timepoint
Peve,primary,0,0,0,185,within-timepoint
Peve,primary,0,0,0,186,within-timepoint
Peve,primary,2,0,0,187,within-timepoint
Peve,primary,1,0,0,188,within-timepoint
Peve,primary,0,0,0,189,within-timepoint
Peve,primary,2,0,0,190,within-timepoint
Peve,primary,2,0,0,191,within-timepoint
Peve,primary,2,0,0,192,within-timepoint
Peve,primary,0,0,0,193,within-timepoint
Peve,primary,0,0,0,194,within-timepoint
Peve,primary,1,0,0,195,within-timepoint
Peve,primary,0,0,0,196,within-timepoint
Peve,primary,0,0,0,197,within-timepoint
Peve,primary,1,0,0,198,within-timepoint
Peve,primary,2,0,0,199,within-timepoint
Peve,primary,0,0,0,200,within-timepoint
Ptuh,primary,304,1,0,1,full permutation
Ptuh,primary,0,0,0,2,full permutation
Ptuh,primary,0,0,0,3,full permutation
Ptuh,primary,0,0,0,4,full permutation
Ptuh,primary,4,0,0,5,full permutation
Ptuh,primary,0,0,0,6,full permutation
Ptuh,primary,0,0,0,7,full permutation
Ptuh,primary,0,0,0,8,full permutation
Ptuh,primary,3,0,0,9,full permutation
Ptuh,primary,0,0,0,10,full permutation
Ptuh,primary,0,0,0,11,full permutation
Ptuh,primary,206,0,0,12,full permutation
Ptuh,primary,0,0,0,13,full permutation
Ptuh,primary,1,0,0,14,full permutation
Ptuh,primary,0,0,0,15,full permutation
Ptuh,primary,1,0,0,16,full permutation
Ptuh,primary,0,0,0,17,full permutation
Ptuh,primary,0,0,0,18,full permutation
Ptuh,primary,0,0,0,19,full permutation
Ptuh,primary,0,0,0,20,full permutation
Ptuh,primary,0,0,0,21,full permutation
Ptuh,primary,5,0,0,22,full permutation
Ptuh,primary,1,0,0,23,full permutation
Ptuh,primary,10,0,0,24,full permutation
Ptuh,primary,3,0,0,25,full permutation
Ptuh,primary,1325,1,0,26,full permutation
Ptuh,primary,0,0,0,27,full permutation
Ptuh,primary,0,0,0,28,full permutation
Ptuh,primary,0,0,0,29,full permutation
Ptuh,primary,0,0,0,30,full permutation
Ptuh,primary,10,0,0,31,full permutation
Ptuh,primary,12,0,0,32,full permutation
Ptuh,primary,1,0,0,33,full permutation
Ptuh,primary,1,0,0,34,full permutation
Ptuh,primary,1,0,0,35,full permutation
Ptuh,primary,0,0,0,36,full permutation
Ptuh,primary,2,0,0,37,full permutation
Ptuh,primary,0,0,0,38,full permutation
Ptuh,primary,2,0,0,39,full permutation
Ptuh,primary,0,0,0,40,full permutation
Ptuh,primary,0,0,0,41,full permutation
Ptuh,primary,0,0,0,42,full permutation
Ptuh,primary,1,0,0,43,full permutation
Ptuh,primary,1497,0,0,44,full permutation
Ptuh,primary,0,0,0,45,full permutation
Ptuh,primary,153,0,0,46,full permutation
Ptuh,primary,0,0,0,47,full permutation
Ptuh,primary,3,0,0,48,full permutation
Ptuh,primary,0,0,0,49,full permutation
Ptuh,primary,0,0,0,50,full permutation
Ptuh,primary,0,0,0,51,full permutation
Ptuh,primary,0,0,0,52,full permutation
Ptuh,primary,0,0,0,53,full permutation
Ptuh,primary,0,0,0,54,full permutation
Ptuh,primary,0,0,0,55,full permutation
Ptuh,primary,12,0,0,56,full permutation
Ptuh,primary,0,0,0,57,full permutation
Ptuh,primary,1,0,0,58,full permutation
Ptuh,primary,0,0,0,59,full permutation
Ptuh,primary,39,0,0,60,full permutation
Ptuh,primary,0,0,0,61,full permutation
Ptuh,primary,7,0,0,62,full permutation
Ptuh,primary,0,0,0,63,full permutation
Ptuh,primary,0,0,0,64,full permutation
Ptuh,primary,4,0,0,65,full permutation
Ptuh,primary,1,0,0,66,full permutation
Ptuh,primary,0,0,0,67,full permutation
Ptuh,primary,1,0,0,68,full permutation
Ptuh,primary,1,0,0,69,full permutation
Ptuh,primary,0,0,0,70,full permutation
Ptuh,primary,0,0,0,71,full permutation
Ptuh,primary,8,0,0,72,full permutation
Ptuh,primary,9,0,0,73,full permutation
Ptuh,primary,1,0,0,74,full permutation
Ptuh,primary,0,0,0,75,full permutation
Ptuh,primary,0,0,0,76,full permutation
Ptuh,primary,0,0,0,77,full permutation
Ptuh,primary,0,0,0,78,full permutation
Ptuh,primary,1,0,0,79,full permutation
Ptuh,primary,0,0,0,80,full permutation
Ptuh,primary,1,0,0,81,full permutation
Ptuh,primary,1,0,0,82,full permutation
Ptuh,primary,0,0,0,83,full permutation
Ptuh,primary,0,0,0,84,full permutation
Ptuh,primary,0,0,0,85,full permutation
Ptuh,primary,0,0,0,86,full permutation
Ptuh,primary,0,0,0,87,full permutation
Ptuh,primary,0,0,0,88,full permutation
Ptuh,primary,0,0,0,89,full permutation
Ptuh,primary,0,0,0,90,full permutation
Ptuh,primary,0,0,0,91,full permutation
Ptuh,primary,1,0,0,92,full permutation
Ptuh,primary,27,0,0,93,full permutation
Ptuh,primary,1,0,0,94,full permutation
Ptuh,primary,0,0,0,95,full permutation
Ptuh,primary,1,0,0,96,full permutation
Ptuh,primary,0,0,0,97,full permutation
Ptuh,primary,32,0,0,98,full permutation
Ptuh,primary,0,0,0,99,full permutation
Ptuh,primary,0,0,0,100,full permutation
Ptuh,primary,0,0,0,101,full permutation
Ptuh,primary,0,0,0,102,full permutation
Ptuh,primary,1,0,0,103,full permutation
Ptuh,primary,1,0,0,104,full permutation
Ptuh,primary,0,0,0,105,full permutation
Ptuh,primary,8,0,0,106,full permutation
Ptuh,primary,0,0,0,107,full permutation
Ptuh,primary,0,0,0,108,full permutation
Ptuh,primary,0,0,0,109,full permutation
Ptuh,primary,245,1,0,110,full permutation
Ptuh,primary,0,0,0,111,full permutation
Ptuh,primary,0,0,0,112,full permutation
Ptuh,primary,0,0,0,113,full permutation
Ptuh,primary,0,0,0,114,full permutation
Ptuh,primary,0,0,0,115,full permutation
Ptuh,primary,1,0,0,116,full permutation
Ptuh,primary,0,0,0,117,full permutation
Ptuh,primary,0,0,0,118,full permutation
Ptuh,primary,0,0,0,119,full permutation
Ptuh,primary,0,0,0,120,full permutation
Ptuh,primary,1,0,0,121,full permutation
Ptuh,primary,1,0,0,122,full permutation
Ptuh,primary,1,0,0,123,full permutation
Ptuh,primary,0,0,0,124,full permutation
Ptuh,primary,2,0,0,125,full permutation
Ptuh,primary,0,0,0,126,full permutation
Ptuh,primary,3,0,0,127,full permutation
Ptuh,primary,1,0,0,128,full permutation
Ptuh,primary,4,0,0,129,full permutation
Ptuh,primary,0,0,0,130,full permutation
Ptuh,primary,2,0,0,131,full permutation
Ptuh,primary,0,0,0,132,full permutation
Ptuh,primary,2,0,0,133,full permutation
Ptuh,primary,0,0,0,134,full permutation
Ptuh,primary,0,0,0,135,full permutation
Ptuh,primary,26,0,0,136,full permutation
Ptuh,primary,3,0,0,137,full permutation
Ptuh,primary,0,0,0,138,full permutation
Ptuh,primary,0,0,0,139,full permutation
Ptuh,primary,0,0,0,140,full permutation
Ptuh,primary,1,0,0,141,full permutation
Ptuh,primary,0,0,0,142,full permutation
Ptuh,primary,0,0,0,143,full permutation
Ptuh,primary,0,0,0,144,full permutation
Ptuh,primary,0,0,0,145,full permutation
Ptuh,primary,0,0,0,146,full permutation
Ptuh,primary,0,0,0,147,full permutation
Ptuh,primary,0,0,0,148,full permutation
Ptuh,primary,1,0,0,149,full permutation
Ptuh,primary,0,0,0,150,full permutation
Ptuh,primary,0,0,0,151,full permutation
Ptuh,primary,0,0,0,152,full permutation
Ptuh,primary,0,0,0,153,full permutation
Ptuh,primary,0,0,0,154,full permutation
Ptuh,primary,0,0,0,155,full permutation
Ptuh,primary,1,0,0,156,full permutation
Ptuh,primary,9,0,0,157,full permutation
Ptuh,primary,0,0,0,158,full permutation
Ptuh,primary,278,0,0,159,full permutation
Ptuh,primary,0,0,0,160,full permutation
Ptuh,primary,0,0,0,161,full permutation
Ptuh,primary,1308,1,0,162,full permutation
Ptuh,primary,0,0,0,163,full permutation
Ptuh,primary,0,0,0,164,full permutation
Ptuh,primary,0,0,0,165,full permutation
Ptuh,primary,0,0,0,166,full permutation
Ptuh,primary,1,0,0,167,full permutation
Ptuh,primary,30,0,0,168,full permutation
Ptuh,primary,2,0,0,169,full permutation
Ptuh,primary,0,0,0,170,full permutation
Ptuh,primary,0,0,0,171,full permutation
Ptuh,primary,0,0,0,172,full permutation
Ptuh,primary,0,0,0,173,full permutation
Ptuh,primary,0,0,0,174,full permutation
Ptuh,primary,0,0,0,175,full permutation
Ptuh,primary,29,0,0,176,full permutation
Ptuh,primary,29,0,0,177,full permutation
Ptuh,primary,0,0,0,178,full permutation
Ptuh,primary,0,0,0,179,full permutation
Ptuh,primary,9,0,0,180,full permutation
Ptuh,primary,0,0,0,181,full permutation
Ptuh,primary,0,0,0,182,full permutation
Ptuh,primary,3,0,0,183,full permutation
Ptuh,primary,4,0,0,184,full permutation
Ptuh,primary,0,0,0,185,full permutation
Ptuh,primary,2,0,0,186,full permutation
Ptuh,primary,0,0,0,187,full permutation
Ptuh,primary,6,0,0,188,full permutation
Ptuh,primary,0,0,0,189,full permutation
Ptuh,primary,0,0,0,190,full permutation
Ptuh,primary,1566,4,0,191,full permutation
Ptuh,primary,23,0,0,192,full permutation
Ptuh,primary,0,0,0,193,full permutation
Ptuh,primary,8,0,0,194,full permutation
Ptuh,primary,7,0,0,195,full permutation
Ptuh,primary,0,0,0,196,full permutation
Ptuh,primary,0,0,0,197,full permutation
Ptuh,primary,0,0,0,198,full permutation
Ptuh,primary,0,0,0,199,full permutation
Ptuh,primary,0,0,0,200,full permutation
Ptuh,primary,0,0,0,1,within-timepoint
Ptuh,primary,0,0,0,2,within-timepoint
Ptuh,primary,0,0,0,3,within-timepoint
Ptuh,primary,0,0,0,4,within-timepoint
Ptuh,primary,2,0,0,5,within-timepoint
Ptuh,primary,0,0,0,6,within-timepoint
Ptuh,primary,5,0,0,7,within-timepoint
Ptuh,primary,0,0,0,8,within-timepoint
Ptuh,primary,0,0,0,9,within-timepoint
Ptuh,primary,5,0,0,10,within-timepoint
Ptuh,primary,1387,1,0,11,within-timepoint
Ptuh,primary,0,0,0,12,within-timepoint
Ptuh,primary,0,0,0,13,within-timepoint
Ptuh,primary,2,0,0,14,within-timepoint
Ptuh,primary,0,0,0,15,within-timepoint
Ptuh,primary,0,0,0,16,within-timepoint
Ptuh,primary,3,0,0,17,within-timepoint
Ptuh,primary,0,0,0,18,within-timepoint
Ptuh,primary,0,0,0,19,within-timepoint
Ptuh,primary,1,0,0,20,within-timepoint
Ptuh,primary,1,0,0,21,within-timepoint
Ptuh,primary,0,0,0,22,within-timepoint
Ptuh,primary,2,0,0,23,within-timepoint
Ptuh,primary,0,0,0,24,within-timepoint
Ptuh,primary,0,0,0,25,within-timepoint
Ptuh,primary,0,0,0,26,within-timepoint
Ptuh,primary,4,0,0,27,within-timepoint
Ptuh,primary,0,0,0,28,within-timepoint
Ptuh,primary,0,0,0,29,within-timepoint
Ptuh,primary,8,0,0,30,within-timepoint
Ptuh,primary,0,0,0,31,within-timepoint
Ptuh,primary,3,0,0,32,within-timepoint
Ptuh,primary,1448,1,0,33,within-timepoint
Ptuh,primary,3,0,0,34,within-timepoint
Ptuh,primary,6,0,0,35,within-timepoint
Ptuh,primary,2,0,0,36,within-timepoint
Ptuh,primary,0,0,0,37,within-timepoint
Ptuh,primary,1,0,0,38,within-timepoint
Ptuh,primary,2,0,0,39,within-timepoint
Ptuh,primary,0,0,0,40,within-timepoint
Ptuh,primary,0,0,0,41,within-timepoint
Ptuh,primary,9,0,0,42,within-timepoint
Ptuh,primary,2,0,0,43,within-timepoint
Ptuh,primary,3,0,0,44,within-timepoint
Ptuh,primary,0,0,0,45,within-timepoint
Ptuh,primary,1967,2,0,46,within-timepoint
Ptuh,primary,0,0,0,47,within-timepoint
Ptuh,primary,1,0,0,48,within-timepoint
Ptuh,primary,0,0,0,49,within-timepoint
Ptuh,primary,1,0,0,50,within-timepoint
Ptuh,primary,0,0,0,51,within-timepoint
Ptuh,primary,0,0,0,52,within-timepoint
Ptuh,primary,0,0,0,53,within-timepoint
Ptuh,primary,3,0,0,54,within-timepoint
Ptuh,primary,0,0,0,55,within-timepoint
Ptuh,primary,0,0,0,56,within-timepoint
Ptuh,primary,0,0,0,57,within-timepoint
Ptuh,primary,0,0,0,58,within-timepoint
Ptuh,primary,0,0,0,59,within-timepoint
Ptuh,primary,0,0,0,60,within-timepoint
Ptuh,primary,0,0,0,61,within-timepoint
Ptuh,primary,0,0,0,62,within-timepoint
Ptuh,primary,1,0,0,63,within-timepoint
Ptuh,primary,0,0,0,64,within-timepoint
Ptuh,primary,0,0,0,65,within-timepoint
Ptuh,primary,2,0,0,66,within-timepoint
Ptuh,primary,0,0,0,67,within-timepoint
Ptuh,primary,0,0,0,68,within-timepoint
Ptuh,primary,0,0,0,69,within-timepoint
Ptuh,primary,0,0,0,70,within-timepoint
Ptuh,primary,1231,3,0,71,within-timepoint
Ptuh,primary,0,0,0,72,within-timepoint
Ptuh,primary,5,0,0,73,within-timepoint
Ptuh,primary,0,0,0,74,within-timepoint
Ptuh,primary,0,0,0,75,within-timepoint
Ptuh,primary,0,0,0,76,within-timepoint
Ptuh,primary,1,0,0,77,within-timepoint
Ptuh,primary,1,0,0,78,within-timepoint
Ptuh,primary,0,0,0,79,within-timepoint
Ptuh,primary,0,0,0,80,within-timepoint
Ptuh,primary,4,0,0,81,within-timepoint
Ptuh,primary,1,0,0,82,within-timepoint
Ptuh,primary,0,0,0,83,within-timepoint
Ptuh,primary,0,0,0,84,within-timepoint
Ptuh,primary,0,0,0,85,within-timepoint
Ptuh,primary,4,0,0,86,within-timepoint
Ptuh,primary,0,0,0,87,within-timepoint
Ptuh,primary,0,0,0,88,within-timepoint
Ptuh,primary,1,0,0,89,within-timepoint
Ptuh,primary,0,0,0,90,within-timepoint
Ptuh,primary,0,0,0,91,within-timepoint
Ptuh,primary,0,0,0,92,within-timepoint
Ptuh,primary,0,0,0,93,within-timepoint
Ptuh,primary,0,0,0,94,within-timepoint
Ptuh,primary,1,0,0,95,within-timepoint
Ptuh,primary,1387,2,0,96,within-timepoint
Ptuh,primary,1447,2,0,97,within-timepoint
Ptuh,primary,0,0,0,98,within-timepoint
Ptuh,primary,0,0,0,99,within-timepoint
Ptuh,primary,0,0,0,100,within-timepoint
Ptuh,primary,1,0,0,101,within-timepoint
Ptuh,primary,0,0,0,102,within-timepoint
Ptuh,primary,1,0,0,103,within-timepoint
Ptuh,primary,1132,3,0,104,within-timepoint
Ptuh,primary,0,0,0,105,within-timepoint
Ptuh,primary,1830,1,0,106,within-timepoint
Ptuh,primary,10,0,0,107,within-timepoint
Ptuh,primary,4,0,0,108,within-timepoint
Ptuh,primary,2794,3,0,109,within-timepoint
Ptuh,primary,0,0,0,110,within-timepoint
Ptuh,primary,2,0,0,111,within-timepoint
Ptuh,primary,1,0,0,112,within-timepoint
Ptuh,primary,0,0,0,113,within-timepoint
Ptuh,primary,0,0,0,114,within-timepoint
Ptuh,primary,4,0,0,115,within-timepoint
Ptuh,primary,0,0,0,116,within-timepoint
Ptuh,primary,1,0,0,117,within-timepoint
Ptuh,primary,0,0,0,118,within-timepoint
Ptuh,primary,1,0,0,119,within-timepoint
Ptuh,primary,1,0,0,120,within-timepoint
Ptuh,primary,2,0,0,121,within-timepoint
Ptuh,primary,0,0,0,122,within-timepoint
Ptuh,primary,1,0,0,123,within-timepoint
Ptuh,primary,18,0,0,124,within-timepoint
Ptuh,primary,0,0,0,125,within-timepoint
Ptuh,primary,0,0,0,126,within-timepoint
Ptuh,primary,2,0,0,127,within-timepoint
Ptuh,primary,0,0,0,128,within-timepoint
Ptuh,primary,0,0,0,129,within-timepoint
Ptuh,primary,2,0,0,130,within-timepoint
Ptuh,primary,0,0,0,131,within-timepoint
Ptuh,primary,0,0,0,132,within-timepoint
Ptuh,primary,0,0,0,133,within-timepoint
Ptuh,primary,3,0,0,134,within-timepoint
Ptuh,primary,0,0,0,135,within-timepoint
Ptuh,primary,0,0,0,136,within-timepoint
Ptuh,primary,1,0,0,137,within-timepoint
Ptuh,primary,0,0,0,138,within-timepoint
Ptuh,primary,0,0,0,139,within-timepoint
Ptuh,primary,1,0,0,140,within-timepoint
Ptuh,primary,0,0,0,141,within-timepoint
Ptuh,primary,0,0,0,142,within-timepoint
Ptuh,primary,1366,3,0,143,within-timepoint
Ptuh,primary,0,0,0,144,within-timepoint
Ptuh,primary,0,0,0,145,within-timepoint
Ptuh,primary,0,0,0,146,within-timepoint
Ptuh,primary,1,0,0,147,within-timepoint
Ptuh,primary,0,0,0,148,within-timepoint
Ptuh,primary,0,0,0,149,within-timepoint
Ptuh,primary,0,0,0,150,within-timepoint
Ptuh,primary,0,0,0,151,within-timepoint
Ptuh,primary,0,0,0,152,within-timepoint
Ptuh,primary,0,0,0,153,within-timepoint
Ptuh,primary,0,0,0,154,within-timepoint
Ptuh,primary,0,0,0,155,within-timepoint
Ptuh,primary,1371,0,0,156,within-timepoint
Ptuh,primary,0,0,0,157,within-timepoint
Ptuh,primary,1489,0,0,158,within-timepoint
Ptuh,primary,2566,12,0,159,within-timepoint
Ptuh,primary,0,0,0,160,within-timepoint
Ptuh,primary,1,0,0,161,within-timepoint
Ptuh,primary,3,0,0,162,within-timepoint
Ptuh,primary,1,0,0,163,within-timepoint
Ptuh,primary,0,0,0,164,within-timepoint
Ptuh,primary,2,0,0,165,within-timepoint
Ptuh,primary,1,0,0,166,within-timepoint
Ptuh,primary,10,0,0,167,within-timepoint
Ptuh,primary,1512,3,0,168,within-timepoint
Ptuh,primary,1997,3,0,169,within-timepoint
Ptuh,primary,0,0,0,170,within-timepoint
Ptuh,primary,0,0,0,171,within-timepoint
Ptuh,primary,2193,2,0,172,within-timepoint
Ptuh,primary,0,0,0,173,within-timepoint
Ptuh,primary,5,0,0,174,within-timepoint
Ptuh,primary,0,0,0,175,within-timepoint
Ptuh,primary,0,0,0,176,within-timepoint
Ptuh,primary,2,0,0,177,within-timepoint
Ptuh,primary,0,0,0,178,within-timepoint
Ptuh,primary,1399,2,0,179,within-timepoint
Ptuh,primary,1942,2,0,180,within-timepoint
Ptuh,primary,1485,0,0,181,within-timepoint
Ptuh,primary,6,0,0,182,within-timepoint
Ptuh,primary,2,0,0,183,within-timepoint
Ptuh,primary,2,0,0,184,within-timepoint
Ptuh,primary,4,0,0,185,within-timepoint
Ptuh,primary,4,0,0,186,within-timepoint
Ptuh,primary,0,0,0,187,within-timepoint
Ptuh,primary,0,0,0,188,within-timepoint
Ptuh,primary,0,0,0,189,within-timepoint
Ptuh,primary,0,0,0,190,within-timepoint
Ptuh,primary,8,0,0,191,within-timepoint
Ptuh,primary,0,0,0,192,within-timepoint
Ptuh,primary,0,0,0,193,within-timepoint
Ptuh,primary,0,0,0,194,within-timepoint
Ptuh,primary,14,0,0,195,within-timepoint
Ptuh,primary,0,0,0,196,within-timepoint
Ptuh,primary,0,0,0,197,within-timepoint
Ptuh,primary,2,0,0,198,within-timepoint
Ptuh,primary,0,0,0,199,within-timepoint
Ptuh,primary,0,0,0,200,within-timepoint
Apul,colony-residualized,0,0,0,1,full permutation
Apul,colony-residualized,0,0,0,2,full permutation
Apul,colony-residualized,1,0,0,3,full permutation
Apul,colony-residualized,0,0,0,4,full permutation
Apul,colony-residualized,0,0,0,5,full permutation
Apul,colony-residualized,1,0,0,6,full permutation
Apul,colony-residualized,0,0,0,7,full permutation
Apul,colony-residualized,0,0,0,8,full permutation
Apul,colony-residualized,0,0,0,9,full permutation
Apul,colony-residualized,0,0,0,10,full permutation
Apul,colony-residualized,0,0,0,11,full permutation
Apul,colony-residualized,0,0,0,12,full permutation
Apul,colony-residualized,0,0,0,13,full permutation
Apul,colony-residualized,0,0,0,14,full permutation
Apul,colony-residualized,0,0,0,15,full permutation
Apul,colony-residualized,0,0,0,16,full permutation
Apul,colony-residualized,0,0,0,17,full permutation
Apul,colony-residualized,0,0,0,18,full permutation
Apul,colony-residualized,0,0,0,19,full permutation
Apul,colony-residualized,0,0,0,20,full permutation
Apul,colony-residualized,0,0,0,21,full permutation
Apul,colony-residualized,0,0,0,22,full permutation
Apul,colony-residualized,0,0,0,23,full permutation
Apul,colony-residualized,0,0,0,24,full permutation
Apul,colony-residualized,0,0,0,25,full permutation
Apul,colony-residualized,0,0,0,26,full permutation
Apul,colony-residualized,0,0,0,27,full permutation
Apul,colony-residualized,0,0,0,28,full permutation
Apul,colony-residualized,0,0,0,29,full permutation
Apul,colony-residualized,0,0,0,30,full permutation
Apul,colony-residualized,0,0,0,31,full permutation
Apul,colony-residualized,0,0,0,32,full permutation
Apul,colony-residualized,1,0,0,33,full permutation
Apul,colony-residualized,0,0,0,34,full permutation
Apul,colony-residualized,1,0,0,35,full permutation
Apul,colony-residualized,1,0,0,36,full permutation
Apul,colony-residualized,0,0,0,37,full permutation
Apul,colony-residualized,0,0,0,38,full permutation
Apul,colony-residualized,0,0,0,39,full permutation
Apul,colony-residualized,0,0,0,40,full permutation
Apul,colony-residualized,0,0,0,41,full permutation
Apul,colony-residualized,0,0,0,42,full permutation
Apul,colony-residualized,0,0,0,43,full permutation
Apul,colony-residualized,0,0,0,44,full permutation
Apul,colony-residualized,0,0,0,45,full permutation
Apul,colony-residualized,0,0,0,46,full permutation
Apul,colony-residualized,0,0,0,47,full permutation
Apul,colony-residualized,0,0,0,48,full permutation
Apul,colony-residualized,0,0,0,49,full permutation
Apul,colony-residualized,0,0,0,50,full permutation
Apul,colony-residualized,0,0,0,51,full permutation
Apul,colony-residualized,0,0,0,52,full permutation
Apul,colony-residualized,0,0,0,53,full permutation
Apul,colony-residualized,0,0,0,54,full permutation
Apul,colony-residualized,0,0,0,55,full permutation
Apul,colony-residualized,0,0,0,56,full permutation
Apul,colony-residualized,0,0,0,57,full permutation
Apul,colony-residualized,0,0,0,58,full permutation
Apul,colony-residualized,0,0,0,59,full permutation
Apul,colony-residualized,0,0,0,60,full permutation
Apul,colony-residualized,0,0,0,61,full permutation
Apul,colony-residualized,0,0,0,62,full permutation
Apul,colony-residualized,0,0,0,63,full permutation
Apul,colony-residualized,0,0,0,64,full permutation
Apul,colony-residualized,0,0,0,65,full permutation
Apul,colony-residualized,0,0,0,66,full permutation
Apul,colony-residualized,0,0,0,67,full permutation
Apul,colony-residualized,0,0,0,68,full permutation
Apul,colony-residualized,0,0,0,69,full permutation
Apul,colony-residualized,0,0,0,70,full permutation
Apul,colony-residualized,0,0,0,71,full permutation
Apul,colony-residualized,0,0,0,72,full permutation
Apul,colony-residualized,0,0,0,73,full permutation
Apul,colony-residualized,0,0,0,74,full permutation
Apul,colony-residualized,0,0,0,75,full permutation
Apul,colony-residualized,2,0,0,76,full permutation
Apul,colony-residualized,0,0,0,77,full permutation
Apul,colony-residualized,0,0,0,78,full permutation
Apul,colony-residualized,0,0,0,79,full permutation
Apul,colony-residualized,0,0,0,80,full permutation
Apul,colony-residualized,0,0,0,81,full permutation
Apul,colony-residualized,0,0,0,82,full permutation
Apul,colony-residualized,0,0,0,83,full permutation
Apul,colony-residualized,0,0,0,84,full permutation
Apul,colony-residualized,0,0,0,85,full permutation
Apul,colony-residualized,1,0,0,86,full permutation
Apul,colony-residualized,0,0,0,87,full permutation
Apul,colony-residualized,1,0,0,88,full permutation
Apul,colony-residualized,1,0,0,89,full permutation
Apul,colony-residualized,0,0,0,90,full permutation
Apul,colony-residualized,0,0,0,91,full permutation
Apul,colony-residualized,0,0,0,92,full permutation
Apul,colony-residualized,0,0,0,93,full permutation
Apul,colony-residualized,0,0,0,94,full permutation
Apul,colony-residualized,0,0,0,95,full permutation
Apul,colony-residualized,0,0,0,96,full permutation
Apul,colony-residualized,0,0,0,97,full permutation
Apul,colony-residualized,0,0,0,98,full permutation
Apul,colony-residualized,0,0,0,99,full permutation
Apul,colony-residualized,0,0,0,100,full permutation
Apul,colony-residualized,0,0,0,101,full permutation
Apul,colony-residualized,0,0,0,102,full permutation
Apul,colony-residualized,0,0,0,103,full permutation
Apul,colony-residualized,0,0,0,104,full permutation
Apul,colony-residualized,1,0,0,105,full permutation
Apul,colony-residualized,0,0,0,106,full permutation
Apul,colony-residualized,0,0,0,107,full permutation
Apul,colony-residualized,0,0,0,108,full permutation
Apul,colony-residualized,0,0,0,109,full permutation
Apul,colony-residualized,0,0,0,110,full permutation
Apul,colony-residualized,0,0,0,111,full permutation
Apul,colony-residualized,0,0,0,112,full permutation
Apul,colony-residualized,0,0,0,113,full permutation
Apul,colony-residualized,1,0,0,114,full permutation
Apul,colony-residualized,1,0,0,115,full permutation
Apul,colony-residualized,0,0,0,116,full permutation
Apul,colony-residualized,0,0,0,117,full permutation
Apul,colony-residualized,0,0,0,118,full permutation
Apul,colony-residualized,0,0,0,119,full permutation
Apul,colony-residualized,0,0,0,120,full permutation
Apul,colony-residualized,0,0,0,121,full permutation
Apul,colony-residualized,0,0,0,122,full permutation
Apul,colony-residualized,0,0,0,123,full permutation
Apul,colony-residualized,0,0,0,124,full permutation
Apul,colony-residualized,0,0,0,125,full permutation
Apul,colony-residualized,0,0,0,126,full permutation
Apul,colony-residualized,0,0,0,127,full permutation
Apul,colony-residualized,0,0,0,128,full permutation
Apul,colony-residualized,0,0,0,129,full permutation
Apul,colony-residualized,0,0,0,130,full permutation
Apul,colony-residualized,1,0,0,131,full permutation
Apul,colony-residualized,1,0,0,132,full permutation
Apul,colony-residualized,0,0,0,133,full permutation
Apul,colony-residualized,0,0,0,134,full permutation
Apul,colony-residualized,0,0,0,135,full permutation
Apul,colony-residualized,0,0,0,136,full permutation
Apul,colony-residualized,3,0,0,137,full permutation
Apul,colony-residualized,0,0,0,138,full permutation
Apul,colony-residualized,0,0,0,139,full permutation
Apul,colony-residualized,0,0,0,140,full permutation
Apul,colony-residualized,0,0,0,141,full permutation
Apul,colony-residualized,0,0,0,142,full permutation
Apul,colony-residualized,0,0,0,143,full permutation
Apul,colony-residualized,2,0,0,144,full permutation
Apul,colony-residualized,0,0,0,145,full permutation
Apul,colony-residualized,0,0,0,146,full permutation
Apul,colony-residualized,0,0,0,147,full permutation
Apul,colony-residualized,0,0,0,148,full permutation
Apul,colony-residualized,0,0,0,149,full permutation
Apul,colony-residualized,0,0,0,150,full permutation
Apul,colony-residualized,0,0,0,151,full permutation
Apul,colony-residualized,0,0,0,152,full permutation
Apul,colony-residualized,0,0,0,153,full permutation
Apul,colony-residualized,0,0,0,154,full permutation
Apul,colony-residualized,0,0,0,155,full permutation
Apul,colony-residualized,0,0,0,156,full permutation
Apul,colony-residualized,0,0,0,157,full permutation
Apul,colony-residualized,0,0,0,158,full permutation
Apul,colony-residualized,0,0,0,159,full permutation
Apul,colony-residualized,0,0,0,160,full permutation
Apul,colony-residualized,0,0,0,161,full permutation
Apul,colony-residualized,0,0,0,162,full permutation
Apul,colony-residualized,1,0,0,163,full permutation
Apul,colony-residualized,0,0,0,164,full permutation
Apul,colony-residualized,0,0,0,165,full permutation
Apul,colony-residualized,0,0,0,166,full permutation
Apul,colony-residualized,0,0,0,167,full permutation
Apul,colony-residualized,0,0,0,168,full permutation
Apul,colony-residualized,0,0,0,169,full permutation
Apul,colony-residualized,0,0,0,170,full permutation
Apul,colony-residualized,0,0,0,171,full permutation
Apul,colony-residualized,0,0,0,172,full permutation
Apul,colony-residualized,0,0,0,173,full permutation
Apul,colony-residualized,1,0,0,174,full permutation
Apul,colony-residualized,0,0,0,175,full permutation
Apul,colony-residualized,0,0,0,176,full permutation
Apul,colony-residualized,0,0,0,177,full permutation
Apul,colony-residualized,0,0,0,178,full permutation
Apul,colony-residualized,0,0,0,179,full permutation
Apul,colony-residualized,0,0,0,180,full permutation
Apul,colony-residualized,0,0,0,181,full permutation
Apul,colony-residualized,0,0,0,182,full permutation
Apul,colony-residualized,2,0,0,183,full permutation
Apul,colony-residualized,0,0,0,184,full permutation
Apul,colony-residualized,0,0,0,185,full permutation
Apul,colony-residualized,0,0,0,186,full permutation
Apul,colony-residualized,0,0,0,187,full permutation
Apul,colony-residualized,0,0,0,188,full permutation
Apul,colony-residualized,0,0,0,189,full permutation
Apul,colony-residualized,1,0,0,190,full permutation
Apul,colony-residualized,0,0,0,191,full permutation
Apul,colony-residualized,1,0,0,192,full permutation
Apul,colony-residualized,0,0,0,193,full permutation
Apul,colony-residualized,0,0,0,194,full permutation
Apul,colony-residualized,0,0,0,195,full permutation
Apul,colony-residualized,0,0,0,196,full permutation
Apul,colony-residualized,0,0,0,197,full permutation
Apul,colony-residualized,1,0,0,198,full permutation
Apul,colony-residualized,0,0,0,199,full permutation
Apul,colony-residualized,1,0,0,200,full permutation
Apul,colony-residualized,7952,0,0,1,within-timepoint
Apul,colony-residualized,13197,9,0,2,within-timepoint
Apul,colony-residualized,34819,19,0,3,within-timepoint
Apul,colony-residualized,24769,1,0,4,within-timepoint
Apul,colony-residualized,18379,0,0,5,within-timepoint
Apul,colony-residualized,24947,10,0,6,within-timepoint
Apul,colony-residualized,29497,63,0,7,within-timepoint
Apul,colony-residualized,19813,8,0,8,within-timepoint
Apul,colony-residualized,63817,194,0,9,within-timepoint
Apul,colony-residualized,14023,1,0,10,within-timepoint
Apul,colony-residualized,28081,7,0,11,within-timepoint
Apul,colony-residualized,27098,32,0,12,within-timepoint
Apul,colony-residualized,10145,1,0,13,within-timepoint
Apul,colony-residualized,18841,2,0,14,within-timepoint
Apul,colony-residualized,13965,1,0,15,within-timepoint
Apul,colony-residualized,76516,124,0,16,within-timepoint
Apul,colony-residualized,24519,1,0,17,within-timepoint
Apul,colony-residualized,16326,2,0,18,within-timepoint
Apul,colony-residualized,25778,3,0,19,within-timepoint
Apul,colony-residualized,65842,69,0,20,within-timepoint
Apul,colony-residualized,27154,33,0,21,within-timepoint
Apul,colony-residualized,16941,2,0,22,within-timepoint
Apul,colony-residualized,18095,1,0,23,within-timepoint
Apul,colony-residualized,27673,11,0,24,within-timepoint
Apul,colony-residualized,14340,1,0,25,within-timepoint
Apul,colony-residualized,15940,3,0,26,within-timepoint
Apul,colony-residualized,12789,0,0,27,within-timepoint
Apul,colony-residualized,28570,16,0,28,within-timepoint
Apul,colony-residualized,12923,6,0,29,within-timepoint
Apul,colony-residualized,25967,23,0,30,within-timepoint
Apul,colony-residualized,17205,2,0,31,within-timepoint
Apul,colony-residualized,17278,2,0,32,within-timepoint
Apul,colony-residualized,36416,31,0,33,within-timepoint
Apul,colony-residualized,21014,13,0,34,within-timepoint
Apul,colony-residualized,102673,136,0,35,within-timepoint
Apul,colony-residualized,19520,5,0,36,within-timepoint
Apul,colony-residualized,23919,9,0,37,within-timepoint
Apul,colony-residualized,11058,1,0,38,within-timepoint
Apul,colony-residualized,23933,8,0,39,within-timepoint
Apul,colony-residualized,14448,0,0,40,within-timepoint
Apul,colony-residualized,8816,0,0,41,within-timepoint
Apul,colony-residualized,58479,24,0,42,within-timepoint
Apul,colony-residualized,18222,7,0,43,within-timepoint
Apul,colony-residualized,30556,14,0,44,within-timepoint
Apul,colony-residualized,21112,3,0,45,within-timepoint
Apul,colony-residualized,16592,7,0,46,within-timepoint
Apul,colony-residualized,8634,0,0,47,within-timepoint
Apul,colony-residualized,11970,1,0,48,within-timepoint
Apul,colony-residualized,133911,643,0,49,within-timepoint
Apul,colony-residualized,41750,19,0,50,within-timepoint
Apul,colony-residualized,8758,0,0,51,within-timepoint
Apul,colony-residualized,20401,26,0,52,within-timepoint
Apul,colony-residualized,11335,4,0,53,within-timepoint
Apul,colony-residualized,14557,2,0,54,within-timepoint
Apul,colony-residualized,65495,111,0,55,within-timepoint
Apul,colony-residualized,16483,1,0,56,within-timepoint
Apul,colony-residualized,19330,2,0,57,within-timepoint
Apul,colony-residualized,39026,86,0,58,within-timepoint
Apul,colony-residualized,32233,79,0,59,within-timepoint
Apul,colony-residualized,14122,0,0,60,within-timepoint
Apul,colony-residualized,31635,5,0,61,within-timepoint
Apul,colony-residualized,21964,3,0,62,within-timepoint
Apul,colony-residualized,35019,31,0,63,within-timepoint
Apul,colony-residualized,13759,0,0,64,within-timepoint
Apul,colony-residualized,29246,2,0,65,within-timepoint
Apul,colony-residualized,34672,37,0,66,within-timepoint
Apul,colony-residualized,89018,537,0,67,within-timepoint
Apul,colony-residualized,53903,14,0,68,within-timepoint
Apul,colony-residualized,14311,9,0,69,within-timepoint
Apul,colony-residualized,25023,2,0,70,within-timepoint
Apul,colony-residualized,34894,4,0,71,within-timepoint
Apul,colony-residualized,11782,3,0,72,within-timepoint
Apul,colony-residualized,14153,0,0,73,within-timepoint
Apul,colony-residualized,19635,1,0,74,within-timepoint
Apul,colony-residualized,36734,49,0,75,within-timepoint
Apul,colony-residualized,28169,44,0,76,within-timepoint
Apul,colony-residualized,29687,24,0,77,within-timepoint
Apul,colony-residualized,23158,6,0,78,within-timepoint
Apul,colony-residualized,30120,18,0,79,within-timepoint
Apul,colony-residualized,15339,1,0,80,within-timepoint
Apul,colony-residualized,8744,4,0,81,within-timepoint
Apul,colony-residualized,16289,0,0,82,within-timepoint
Apul,colony-residualized,46253,22,0,83,within-timepoint
Apul,colony-residualized,27377,12,0,84,within-timepoint
Apul,colony-residualized,20990,0,0,85,within-timepoint
Apul,colony-residualized,52566,56,0,86,within-timepoint
Apul,colony-residualized,39341,39,0,87,within-timepoint
Apul,colony-residualized,30119,10,0,88,within-timepoint
Apul,colony-residualized,14857,0,0,89,within-timepoint
Apul,colony-residualized,17644,6,0,90,within-timepoint
Apul,colony-residualized,39440,8,0,91,within-timepoint
Apul,colony-residualized,12996,1,0,92,within-timepoint
Apul,colony-residualized,17442,3,0,93,within-timepoint
Apul,colony-residualized,45846,18,0,94,within-timepoint
Apul,colony-residualized,14977,1,0,95,within-timepoint
Apul,colony-residualized,44824,14,0,96,within-timepoint
Apul,colony-residualized,89425,608,0,97,within-timepoint
Apul,colony-residualized,33175,36,0,98,within-timepoint
Apul,colony-residualized,26851,4,0,99,within-timepoint
Apul,colony-residualized,20749,2,0,100,within-timepoint
Apul,colony-residualized,19921,7,0,101,within-timepoint
Apul,colony-residualized,50667,118,0,102,within-timepoint
Apul,colony-residualized,20097,0,0,103,within-timepoint
Apul,colony-residualized,14326,0,0,104,within-timepoint
Apul,colony-residualized,62311,42,0,105,within-timepoint
Apul,colony-residualized,36089,46,0,106,within-timepoint
Apul,colony-residualized,16800,2,0,107,within-timepoint
Apul,colony-residualized,39328,64,0,108,within-timepoint
Apul,colony-residualized,20539,16,0,109,within-timepoint
Apul,colony-residualized,31214,5,0,110,within-timepoint
Apul,colony-residualized,13547,0,0,111,within-timepoint
Apul,colony-residualized,11147,14,0,112,within-timepoint
Apul,colony-residualized,40133,50,0,113,within-timepoint
Apul,colony-residualized,23696,4,0,114,within-timepoint
Apul,colony-residualized,25345,16,0,115,within-timepoint
Apul,colony-residualized,51438,60,0,116,within-timepoint
Apul,colony-residualized,24032,2,0,117,within-timepoint
Apul,colony-residualized,7565,0,0,118,within-timepoint
Apul,colony-residualized,13016,1,0,119,within-timepoint
Apul,colony-residualized,9127,1,0,120,within-timepoint
Apul,colony-residualized,15952,0,0,121,within-timepoint
Apul,colony-residualized,79643,37,0,122,within-timepoint
Apul,colony-residualized,25486,14,0,123,within-timepoint
Apul,colony-residualized,15507,1,0,124,within-timepoint
Apul,colony-residualized,18317,3,0,125,within-timepoint
Apul,colony-residualized,28831,100,0,126,within-timepoint
Apul,colony-residualized,31033,7,0,127,within-timepoint
Apul,colony-residualized,19610,2,0,128,within-timepoint
Apul,colony-residualized,40134,54,0,129,within-timepoint
Apul,colony-residualized,36257,19,0,130,within-timepoint
Apul,colony-residualized,26408,22,0,131,within-timepoint
Apul,colony-residualized,15650,10,0,132,within-timepoint
Apul,colony-residualized,38623,35,0,133,within-timepoint
Apul,colony-residualized,15354,0,0,134,within-timepoint
Apul,colony-residualized,14462,1,0,135,within-timepoint
Apul,colony-residualized,10431,4,0,136,within-timepoint
Apul,colony-residualized,33289,12,0,137,within-timepoint
Apul,colony-residualized,11051,4,0,138,within-timepoint
Apul,colony-residualized,18088,2,0,139,within-timepoint
Apul,colony-residualized,13311,0,0,140,within-timepoint
Apul,colony-residualized,13201,3,0,141,within-timepoint
Apul,colony-residualized,20222,0,0,142,within-timepoint
Apul,colony-residualized,20123,8,0,143,within-timepoint
Apul,colony-residualized,8800,0,0,144,within-timepoint
Apul,colony-residualized,20543,2,0,145,within-timepoint
Apul,colony-residualized,17415,5,0,146,within-timepoint
Apul,colony-residualized,36180,26,0,147,within-timepoint
Apul,colony-residualized,13290,1,0,148,within-timepoint
Apul,colony-residualized,8079,0,0,149,within-timepoint
Apul,colony-residualized,19820,3,0,150,within-timepoint
Apul,colony-residualized,10387,0,0,151,within-timepoint
Apul,colony-residualized,21438,10,0,152,within-timepoint
Apul,colony-residualized,42393,62,0,153,within-timepoint
Apul,colony-residualized,19118,1,0,154,within-timepoint
Apul,colony-residualized,57548,42,0,155,within-timepoint
Apul,colony-residualized,13365,1,0,156,within-timepoint
Apul,colony-residualized,46347,9,0,157,within-timepoint
Apul,colony-residualized,26495,4,0,158,within-timepoint
Apul,colony-residualized,21879,21,0,159,within-timepoint
Apul,colony-residualized,15383,7,0,160,within-timepoint
Apul,colony-residualized,64595,27,0,161,within-timepoint
Apul,colony-residualized,42210,12,0,162,within-timepoint
Apul,colony-residualized,35600,29,0,163,within-timepoint
Apul,colony-residualized,20551,1,0,164,within-timepoint
Apul,colony-residualized,24958,1,0,165,within-timepoint
Apul,colony-residualized,16909,0,0,166,within-timepoint
Apul,colony-residualized,29548,45,0,167,within-timepoint
Apul,colony-residualized,20470,1,0,168,within-timepoint
Apul,colony-residualized,28237,13,0,169,within-timepoint
Apul,colony-residualized,9696,2,0,170,within-timepoint
Apul,colony-residualized,12984,1,0,171,within-timepoint
Apul,colony-residualized,14618,5,0,172,within-timepoint
Apul,colony-residualized,12912,0,0,173,within-timepoint
Apul,colony-residualized,14807,0,0,174,within-timepoint
Apul,colony-residualized,19918,3,0,175,within-timepoint
Apul,colony-residualized,20988,1,0,176,within-timepoint
Apul,colony-residualized,41323,3,0,177,within-timepoint
Apul,colony-residualized,65102,150,0,178,within-timepoint
Apul,colony-residualized,10610,0,0,179,within-timepoint
Apul,colony-residualized,14284,0,0,180,within-timepoint
Apul,colony-residualized,13351,2,0,181,within-timepoint
Apul,colony-residualized,10062,0,0,182,within-timepoint
Apul,colony-residualized,106212,74,0,183,within-timepoint
Apul,colony-residualized,30202,26,0,184,within-timepoint
Apul,colony-residualized,150134,277,0,185,within-timepoint
Apul,colony-residualized,51714,207,0,186,within-timepoint
Apul,colony-residualized,13109,2,0,187,within-timepoint
Apul,colony-residualized,25768,8,0,188,within-timepoint
Apul,colony-residualized,20305,3,0,189,within-timepoint
Apul,colony-residualized,16789,7,0,190,within-timepoint
Apul,colony-residualized,122529,324,0,191,within-timepoint
Apul,colony-residualized,15350,6,0,192,within-timepoint
Apul,colony-residualized,20076,2,0,193,within-timepoint
Apul,colony-residualized,39021,43,0,194,within-timepoint
Apul,colony-residualized,24204,19,0,195,within-timepoint
Apul,colony-residualized,13391,4,0,196,within-timepoint
Apul,colony-residualized,16785,0,0,197,within-timepoint
Apul,colony-residualized,14161,2,0,198,within-timepoint
Apul,colony-residualized,15620,3,0,199,within-timepoint
Apul,colony-residualized,36286,26,0,200,within-timepoint
Peve,colony-residualized,0,0,0,1,full permutation
Peve,colony-residualized,1,0,0,2,full permutation
Peve,colony-residualized,0,0,0,3,full permutation
Peve,colony-residualized,1,0,0,4,full permutation
Peve,colony-residualized,1,0,0,5,full permutation
Peve,colony-residualized,0,0,0,6,full permutation
Peve,colony-residualized,0,0,0,7,full permutation
Peve,colony-residualized,0,0,0,8,full permutation
Peve,colony-residualized,0,0,0,9,full permutation
Peve,colony-residualized,0,0,0,10,full permutation
Peve,colony-residualized,0,0,0,11,full permutation
Peve,colony-residualized,0,0,0,12,full permutation
Peve,colony-residualized,0,0,0,13,full permutation
Peve,colony-residualized,0,0,0,14,full permutation
Peve,colony-residualized,0,0,0,15,full permutation
Peve,colony-residualized,0,0,0,16,full permutation
Peve,colony-residualized,4,0,0,17,full permutation
Peve,colony-residualized,1,0,0,18,full permutation
Peve,colony-residualized,0,0,0,19,full permutation
Peve,colony-residualized,3,0,0,20,full permutation
Peve,colony-residualized,0,0,0,21,full permutation
Peve,colony-residualized,0,0,0,22,full permutation
Peve,colony-residualized,0,0,0,23,full permutation
Peve,colony-residualized,0,0,0,24,full permutation
Peve,colony-residualized,0,0,0,25,full permutation
Peve,colony-residualized,0,0,0,26,full permutation
Peve,colony-residualized,0,0,0,27,full permutation
Peve,colony-residualized,0,0,0,28,full permutation
Peve,colony-residualized,0,0,0,29,full permutation
Peve,colony-residualized,0,0,0,30,full permutation
Peve,colony-residualized,0,0,0,31,full permutation
Peve,colony-residualized,0,0,0,32,full permutation
Peve,colony-residualized,0,0,0,33,full permutation
Peve,colony-residualized,1,0,0,34,full permutation
Peve,colony-residualized,2,0,0,35,full permutation
Peve,colony-residualized,0,0,0,36,full permutation
Peve,colony-residualized,0,0,0,37,full permutation
Peve,colony-residualized,0,0,0,38,full permutation
Peve,colony-residualized,0,0,0,39,full permutation
Peve,colony-residualized,0,0,0,40,full permutation
Peve,colony-residualized,0,0,0,41,full permutation
Peve,colony-residualized,0,0,0,42,full permutation
Peve,colony-residualized,0,0,0,43,full permutation
Peve,colony-residualized,0,0,0,44,full permutation
Peve,colony-residualized,0,0,0,45,full permutation
Peve,colony-residualized,0,0,0,46,full permutation
Peve,colony-residualized,0,0,0,47,full permutation
Peve,colony-residualized,5,0,0,48,full permutation
Peve,colony-residualized,0,0,0,49,full permutation
Peve,colony-residualized,0,0,0,50,full permutation
Peve,colony-residualized,0,0,0,51,full permutation
Peve,colony-residualized,1,0,0,52,full permutation
Peve,colony-residualized,1,0,0,53,full permutation
Peve,colony-residualized,0,0,0,54,full permutation
Peve,colony-residualized,0,0,0,55,full permutation
Peve,colony-residualized,0,0,0,56,full permutation
Peve,colony-residualized,0,0,0,57,full permutation
Peve,colony-residualized,0,0,0,58,full permutation
Peve,colony-residualized,3,0,0,59,full permutation
Peve,colony-residualized,0,0,0,60,full permutation
Peve,colony-residualized,0,0,0,61,full permutation
Peve,colony-residualized,1,0,0,62,full permutation
Peve,colony-residualized,0,0,0,63,full permutation
Peve,colony-residualized,1,0,0,64,full permutation
Peve,colony-residualized,9,0,0,65,full permutation
Peve,colony-residualized,1,0,0,66,full permutation
Peve,colony-residualized,1,0,0,67,full permutation
Peve,colony-residualized,0,0,0,68,full permutation
Peve,colony-residualized,0,0,0,69,full permutation
Peve,colony-residualized,0,0,0,70,full permutation
Peve,colony-residualized,1,0,0,71,full permutation
Peve,colony-residualized,0,0,0,72,full permutation
Peve,colony-residualized,2,0,0,73,full permutation
Peve,colony-residualized,0,0,0,74,full permutation
Peve,colony-residualized,0,0,0,75,full permutation
Peve,colony-residualized,0,0,0,76,full permutation
Peve,colony-residualized,0,0,0,77,full permutation
Peve,colony-residualized,0,0,0,78,full permutation
Peve,colony-residualized,0,0,0,79,full permutation
Peve,colony-residualized,1,0,0,80,full permutation
Peve,colony-residualized,3,0,0,81,full permutation
Peve,colony-residualized,2,0,0,82,full permutation
Peve,colony-residualized,0,0,0,83,full permutation
Peve,colony-residualized,0,0,0,84,full permutation
Peve,colony-residualized,0,0,0,85,full permutation
Peve,colony-residualized,1,0,0,86,full permutation
Peve,colony-residualized,0,0,0,87,full permutation
Peve,colony-residualized,0,0,0,88,full permutation
Peve,colony-residualized,1,0,0,89,full permutation
Peve,colony-residualized,1,0,0,90,full permutation
Peve,colony-residualized,0,0,0,91,full permutation
Peve,colony-residualized,0,0,0,92,full permutation
Peve,colony-residualized,0,0,0,93,full permutation
Peve,colony-residualized,0,0,0,94,full permutation
Peve,colony-residualized,1,0,0,95,full permutation
Peve,colony-residualized,0,0,0,96,full permutation
Peve,colony-residualized,1,0,0,97,full permutation
Peve,colony-residualized,0,0,0,98,full permutation
Peve,colony-residualized,0,0,0,99,full permutation
Peve,colony-residualized,0,0,0,100,full permutation
Peve,colony-residualized,0,0,0,101,full permutation
Peve,colony-residualized,0,0,0,102,full permutation
Peve,colony-residualized,0,0,0,103,full permutation
Peve,colony-residualized,3,0,0,104,full permutation
Peve,colony-residualized,0,0,0,105,full permutation
Peve,colony-residualized,2,0,0,106,full permutation
Peve,colony-residualized,0,0,0,107,full permutation
Peve,colony-residualized,0,0,0,108,full permutation
Peve,colony-residualized,1,0,0,109,full permutation
Peve,colony-residualized,0,0,0,110,full permutation
Peve,colony-residualized,1,0,0,111,full permutation
Peve,colony-residualized,0,0,0,112,full permutation
Peve,colony-residualized,0,0,0,113,full permutation
Peve,colony-residualized,0,0,0,114,full permutation
Peve,colony-residualized,3,0,0,115,full permutation
Peve,colony-residualized,0,0,0,116,full permutation
Peve,colony-residualized,21,0,0,117,full permutation
Peve,colony-residualized,0,0,0,118,full permutation
Peve,colony-residualized,0,0,0,119,full permutation
Peve,colony-residualized,1,0,0,120,full permutation
Peve,colony-residualized,0,0,0,121,full permutation
Peve,colony-residualized,0,0,0,122,full permutation
Peve,colony-residualized,0,0,0,123,full permutation
Peve,colony-residualized,0,0,0,124,full permutation
Peve,colony-residualized,0,0,0,125,full permutation
Peve,colony-residualized,0,0,0,126,full permutation
Peve,colony-residualized,0,0,0,127,full permutation
Peve,colony-residualized,0,0,0,128,full permutation
Peve,colony-residualized,0,0,0,129,full permutation
Peve,colony-residualized,1,0,0,130,full permutation
Peve,colony-residualized,0,0,0,131,full permutation
Peve,colony-residualized,0,0,0,132,full permutation
Peve,colony-residualized,1,0,0,133,full permutation
Peve,colony-residualized,0,0,0,134,full permutation
Peve,colony-residualized,0,0,0,135,full permutation
Peve,colony-residualized,0,0,0,136,full permutation
Peve,colony-residualized,0,0,0,137,full permutation
Peve,colony-residualized,2,0,0,138,full permutation
Peve,colony-residualized,4,0,0,139,full permutation
Peve,colony-residualized,0,0,0,140,full permutation
Peve,colony-residualized,0,0,0,141,full permutation
Peve,colony-residualized,0,0,0,142,full permutation
Peve,colony-residualized,78,0,0,143,full permutation
Peve,colony-residualized,0,0,0,144,full permutation
Peve,colony-residualized,3,0,0,145,full permutation
Peve,colony-residualized,0,0,0,146,full permutation
Peve,colony-residualized,0,0,0,147,full permutation
Peve,colony-residualized,0,0,0,148,full permutation
Peve,colony-residualized,0,0,0,149,full permutation
Peve,colony-residualized,0,0,0,150,full permutation
Peve,colony-residualized,0,0,0,151,full permutation
Peve,colony-residualized,1,0,0,152,full permutation
Peve,colony-residualized,0,0,0,153,full permutation
Peve,colony-residualized,0,0,0,154,full permutation
Peve,colony-residualized,0,0,0,155,full permutation
Peve,colony-residualized,4,0,0,156,full permutation
Peve,colony-residualized,0,0,0,157,full permutation
Peve,colony-residualized,0,0,0,158,full permutation
Peve,colony-residualized,0,0,0,159,full permutation
Peve,colony-residualized,0,0,0,160,full permutation
Peve,colony-residualized,0,0,0,161,full permutation
Peve,colony-residualized,0,0,0,162,full permutation
Peve,colony-residualized,0,0,0,163,full permutation
Peve,colony-residualized,0,0,0,164,full permutation
Peve,colony-residualized,1,0,0,165,full permutation
Peve,colony-residualized,2,0,0,166,full permutation
Peve,colony-residualized,0,0,0,167,full permutation
Peve,colony-residualized,5,0,0,168,full permutation
Peve,colony-residualized,1,0,0,169,full permutation
Peve,colony-residualized,3,0,0,170,full permutation
Peve,colony-residualized,0,0,0,171,full permutation
Peve,colony-residualized,2,0,0,172,full permutation
Peve,colony-residualized,0,0,0,173,full permutation
Peve,colony-residualized,2,0,0,174,full permutation
Peve,colony-residualized,0,0,0,175,full permutation
Peve,colony-residualized,0,0,0,176,full permutation
Peve,colony-residualized,0,0,0,177,full permutation
Peve,colony-residualized,1,0,0,178,full permutation
Peve,colony-residualized,1,0,0,179,full permutation
Peve,colony-residualized,1,0,0,180,full permutation
Peve,colony-residualized,1,0,0,181,full permutation
Peve,colony-residualized,0,0,0,182,full permutation
Peve,colony-residualized,0,0,0,183,full permutation
Peve,colony-residualized,0,0,0,184,full permutation
Peve,colony-residualized,1,0,0,185,full permutation
Peve,colony-residualized,2,0,0,186,full permutation
Peve,colony-residualized,0,0,0,187,full permutation
Peve,colony-residualized,0,0,0,188,full permutation
Peve,colony-residualized,0,0,0,189,full permutation
Peve,colony-residualized,2,0,0,190,full permutation
Peve,colony-residualized,0,0,0,191,full permutation
Peve,colony-residualized,2,0,0,192,full permutation
Peve,colony-residualized,0,0,0,193,full permutation
Peve,colony-residualized,0,0,0,194,full permutation
Peve,colony-residualized,0,0,0,195,full permutation
Peve,colony-residualized,0,0,0,196,full permutation
Peve,colony-residualized,1,0,0,197,full permutation
Peve,colony-residualized,2,0,0,198,full permutation
Peve,colony-residualized,0,0,0,199,full permutation
Peve,colony-residualized,0,0,0,200,full permutation
Peve,colony-residualized,1,0,0,1,within-timepoint
Peve,colony-residualized,2,0,0,2,within-timepoint
Peve,colony-residualized,1,0,0,3,within-timepoint
Peve,colony-residualized,3,0,0,4,within-timepoint
Peve,colony-residualized,2,0,0,5,within-timepoint
Peve,colony-residualized,3,0,0,6,within-timepoint
Peve,colony-residualized,1,0,0,7,within-timepoint
Peve,colony-residualized,0,0,0,8,within-timepoint
Peve,colony-residualized,6,0,0,9,within-timepoint
Peve,colony-residualized,8,0,0,10,within-timepoint
Peve,colony-residualized,0,0,0,11,within-timepoint
Peve,colony-residualized,0,0,0,12,within-timepoint
Peve,colony-residualized,5,0,0,13,within-timepoint
Peve,colony-residualized,0,0,0,14,within-timepoint
Peve,colony-residualized,0,0,0,15,within-timepoint
Peve,colony-residualized,4,0,0,16,within-timepoint
Peve,colony-residualized,0,0,0,17,within-timepoint
Peve,colony-residualized,2,0,0,18,within-timepoint
Peve,colony-residualized,1,0,0,19,within-timepoint
Peve,colony-residualized,1,0,0,20,within-timepoint
Peve,colony-residualized,1,0,0,21,within-timepoint
Peve,colony-residualized,0,0,0,22,within-timepoint
Peve,colony-residualized,1,0,0,23,within-timepoint
Peve,colony-residualized,0,0,0,24,within-timepoint
Peve,colony-residualized,2,0,0,25,within-timepoint
Peve,colony-residualized,0,0,0,26,within-timepoint
Peve,colony-residualized,0,0,0,27,within-timepoint
Peve,colony-residualized,0,0,0,28,within-timepoint
Peve,colony-residualized,1,0,0,29,within-timepoint
Peve,colony-residualized,3,0,0,30,within-timepoint
Peve,colony-residualized,12,0,0,31,within-timepoint
Peve,colony-residualized,3,0,0,32,within-timepoint
Peve,colony-residualized,4,0,0,33,within-timepoint
Peve,colony-residualized,1,0,0,34,within-timepoint
Peve,colony-residualized,0,0,0,35,within-timepoint
Peve,colony-residualized,0,0,0,36,within-timepoint
Peve,colony-residualized,0,0,0,37,within-timepoint
Peve,colony-residualized,1,0,0,38,within-timepoint
Peve,colony-residualized,6,0,0,39,within-timepoint
Peve,colony-residualized,1,0,0,40,within-timepoint
Peve,colony-residualized,0,0,0,41,within-timepoint
Peve,colony-residualized,3,0,0,42,within-timepoint
Peve,colony-residualized,3,0,0,43,within-timepoint
Peve,colony-residualized,0,0,0,44,within-timepoint
Peve,colony-residualized,14,0,0,45,within-timepoint
Peve,colony-residualized,3,0,0,46,within-timepoint
Peve,colony-residualized,0,0,0,47,within-timepoint
Peve,colony-residualized,6,0,0,48,within-timepoint
Peve,colony-residualized,5,0,0,49,within-timepoint
Peve,colony-residualized,0,0,0,50,within-timepoint
Peve,colony-residualized,0,0,0,51,within-timepoint
Peve,colony-residualized,1,0,0,52,within-timepoint
Peve,colony-residualized,0,0,0,53,within-timepoint
Peve,colony-residualized,0,0,0,54,within-timepoint
Peve,colony-residualized,1,0,0,55,within-timepoint
Peve,colony-residualized,2,0,0,56,within-timepoint
Peve,colony-residualized,1,0,0,57,within-timepoint
Peve,colony-residualized,0,0,0,58,within-timepoint
Peve,colony-residualized,1,0,0,59,within-timepoint
Peve,colony-residualized,10,0,0,60,within-timepoint
Peve,colony-residualized,0,0,0,61,within-timepoint
Peve,colony-residualized,0,0,0,62,within-timepoint
Peve,colony-residualized,2,0,0,63,within-timepoint
Peve,colony-residualized,2,0,0,64,within-timepoint
Peve,colony-residualized,0,0,0,65,within-timepoint
Peve,colony-residualized,1,0,0,66,within-timepoint
Peve,colony-residualized,0,0,0,67,within-timepoint
Peve,colony-residualized,0,0,0,68,within-timepoint
Peve,colony-residualized,3,0,0,69,within-timepoint
Peve,colony-residualized,0,0,0,70,within-timepoint
Peve,colony-residualized,3,0,0,71,within-timepoint
Peve,colony-residualized,0,0,0,72,within-timepoint
Peve,colony-residualized,1,0,0,73,within-timepoint
Peve,colony-residualized,0,0,0,74,within-timepoint
Peve,colony-residualized,1,0,0,75,within-timepoint
Peve,colony-residualized,2,0,0,76,within-timepoint
Peve,colony-residualized,1,0,0,77,within-timepoint
Peve,colony-residualized,0,0,0,78,within-timepoint
Peve,colony-residualized,6,0,0,79,within-timepoint
Peve,colony-residualized,2,0,0,80,within-timepoint
Peve,colony-residualized,1,0,0,81,within-timepoint
Peve,colony-residualized,1,0,0,82,within-timepoint
Peve,colony-residualized,0,0,0,83,within-timepoint
Peve,colony-residualized,3,0,0,84,within-timepoint
Peve,colony-residualized,10,0,0,85,within-timepoint
Peve,colony-residualized,1,0,0,86,within-timepoint
Peve,colony-residualized,8,0,0,87,within-timepoint
Peve,colony-residualized,1,0,0,88,within-timepoint
Peve,colony-residualized,4,0,0,89,within-timepoint
Peve,colony-residualized,3,0,0,90,within-timepoint
Peve,colony-residualized,0,0,0,91,within-timepoint
Peve,colony-residualized,3,0,0,92,within-timepoint
Peve,colony-residualized,1,0,0,93,within-timepoint
Peve,colony-residualized,0,0,0,94,within-timepoint
Peve,colony-residualized,3,0,0,95,within-timepoint
Peve,colony-residualized,0,0,0,96,within-timepoint
Peve,colony-residualized,5,0,0,97,within-timepoint
Peve,colony-residualized,2,0,0,98,within-timepoint
Peve,colony-residualized,7,0,0,99,within-timepoint
Peve,colony-residualized,1,0,0,100,within-timepoint
Peve,colony-residualized,0,0,0,101,within-timepoint
Peve,colony-residualized,4,0,0,102,within-timepoint
Peve,colony-residualized,0,0,0,103,within-timepoint
Peve,colony-residualized,1,0,0,104,within-timepoint
Peve,colony-residualized,0,0,0,105,within-timepoint
Peve,colony-residualized,1,0,0,106,within-timepoint
Peve,colony-residualized,1,0,0,107,within-timepoint
Peve,colony-residualized,1,0,0,108,within-timepoint
Peve,colony-residualized,0,0,0,109,within-timepoint
Peve,colony-residualized,1,0,0,110,within-timepoint
Peve,colony-residualized,2,0,0,111,within-timepoint
Peve,colony-residualized,0,0,0,112,within-timepoint
Peve,colony-residualized,3,0,0,113,within-timepoint
Peve,colony-residualized,5,0,0,114,within-timepoint
Peve,colony-residualized,3,0,0,115,within-timepoint
Peve,colony-residualized,8,0,0,116,within-timepoint
Peve,colony-residualized,0,0,0,117,within-timepoint
Peve,colony-residualized,3,0,0,118,within-timepoint
Peve,colony-residualized,0,0,0,119,within-timepoint
Peve,colony-residualized,0,0,0,120,within-timepoint
Peve,colony-residualized,5,0,0,121,within-timepoint
Peve,colony-residualized,1,0,0,122,within-timepoint
Peve,colony-residualized,224,3,0,123,within-timepoint
Peve,colony-residualized,5,0,0,124,within-timepoint
Peve,colony-residualized,0,0,0,125,within-timepoint
Peve,colony-residualized,34,0,0,126,within-timepoint
Peve,colony-residualized,0,0,0,127,within-timepoint
Peve,colony-residualized,3,0,0,128,within-timepoint
Peve,colony-residualized,0,0,0,129,within-timepoint
Peve,colony-residualized,0,0,0,130,within-timepoint
Peve,colony-residualized,4,0,0,131,within-timepoint
Peve,colony-residualized,0,0,0,132,within-timepoint
Peve,colony-residualized,0,0,0,133,within-timepoint
Peve,colony-residualized,0,0,0,134,within-timepoint
Peve,colony-residualized,0,0,0,135,within-timepoint
Peve,colony-residualized,1,0,0,136,within-timepoint
Peve,colony-residualized,4,0,0,137,within-timepoint
Peve,colony-residualized,5,0,0,138,within-timepoint
Peve,colony-residualized,0,0,0,139,within-timepoint
Peve,colony-residualized,0,0,0,140,within-timepoint
Peve,colony-residualized,0,0,0,141,within-timepoint
Peve,colony-residualized,3,0,0,142,within-timepoint
Peve,colony-residualized,7,0,0,143,within-timepoint
Peve,colony-residualized,0,0,0,144,within-timepoint
Peve,colony-residualized,1,0,0,145,within-timepoint
Peve,colony-residualized,35,0,0,146,within-timepoint
Peve,colony-residualized,0,0,0,147,within-timepoint
Peve,colony-residualized,0,0,0,148,within-timepoint
Peve,colony-residualized,1,0,0,149,within-timepoint
Peve,colony-residualized,1,0,0,150,within-timepoint
Peve,colony-residualized,23,0,0,151,within-timepoint
Peve,colony-residualized,2,0,0,152,within-timepoint
Peve,colony-residualized,3,0,0,153,within-timepoint
Peve,colony-residualized,1,0,0,154,within-timepoint
Peve,colony-residualized,0,0,0,155,within-timepoint
Peve,colony-residualized,0,0,0,156,within-timepoint
Peve,colony-residualized,2,0,0,157,within-timepoint
Peve,colony-residualized,0,0,0,158,within-timepoint
Peve,colony-residualized,0,0,0,159,within-timepoint
Peve,colony-residualized,2,0,0,160,within-timepoint
Peve,colony-residualized,5,0,0,161,within-timepoint
Peve,colony-residualized,1,0,0,162,within-timepoint
Peve,colony-residualized,2,0,0,163,within-timepoint
Peve,colony-residualized,2,0,0,164,within-timepoint
Peve,colony-residualized,6,0,0,165,within-timepoint
Peve,colony-residualized,0,0,0,166,within-timepoint
Peve,colony-residualized,0,0,0,167,within-timepoint
Peve,colony-residualized,7,0,0,168,within-timepoint
Peve,colony-residualized,4,0,0,169,within-timepoint
Peve,colony-residualized,2,0,0,170,within-timepoint
Peve,colony-residualized,1,0,0,171,within-timepoint
Peve,colony-residualized,3,0,0,172,within-timepoint
Peve,colony-residualized,0,0,0,173,within-timepoint
Peve,colony-residualized,0,0,0,174,within-timepoint
Peve,colony-residualized,2,0,0,175,within-timepoint
Peve,colony-residualized,0,0,0,176,within-timepoint
Peve,colony-residualized,1,0,0,177,within-timepoint
Peve,colony-residualized,0,0,0,178,within-timepoint
Peve,colony-residualized,0,0,0,179,within-timepoint
Peve,colony-residualized,0,0,0,180,within-timepoint
Peve,colony-residualized,0,0,0,181,within-timepoint
Peve,colony-residualized,1,0,0,182,within-timepoint
Peve,colony-residualized,10,0,0,183,within-timepoint
Peve,colony-residualized,1,0,0,184,within-timepoint
Peve,colony-residualized,0,0,0,185,within-timepoint
Peve,colony-residualized,1,0,0,186,within-timepoint
Peve,colony-residualized,0,0,0,187,within-timepoint
Peve,colony-residualized,0,0,0,188,within-timepoint
Peve,colony-residualized,3,0,0,189,within-timepoint
Peve,colony-residualized,0,0,0,190,within-timepoint
Peve,colony-residualized,0,0,0,191,within-timepoint
Peve,colony-residualized,0,0,0,192,within-timepoint
Peve,colony-residualized,0,0,0,193,within-timepoint
Peve,colony-residualized,0,0,0,194,within-timepoint
Peve,colony-residualized,0,0,0,195,within-timepoint
Peve,colony-residualized,0,0,0,196,within-timepoint
Peve,colony-residualized,0,0,0,197,within-timepoint
Peve,colony-residualized,0,0,0,198,within-timepoint
Peve,colony-residualized,1,0,0,199,within-timepoint
Peve,colony-residualized,0,0,0,200,within-timepoint
Ptuh,colony-residualized,1,0,0,1,full permutation
Ptuh,colony-residualized,0,0,0,2,full permutation
Ptuh,colony-residualized,0,0,0,3,full permutation
Ptuh,colony-residualized,0,0,0,4,full permutation
Ptuh,colony-residualized,0,0,0,5,full permutation
Ptuh,colony-residualized,1,0,0,6,full permutation
Ptuh,colony-residualized,0,0,0,7,full permutation
Ptuh,colony-residualized,0,0,0,8,full permutation
Ptuh,colony-residualized,0,0,0,9,full permutation
Ptuh,colony-residualized,2,0,0,10,full permutation
Ptuh,colony-residualized,0,0,0,11,full permutation
Ptuh,colony-residualized,0,0,0,12,full permutation
Ptuh,colony-residualized,0,0,0,13,full permutation
Ptuh,colony-residualized,11,0,0,14,full permutation
Ptuh,colony-residualized,0,0,0,15,full permutation
Ptuh,colony-residualized,0,0,0,16,full permutation
Ptuh,colony-residualized,0,0,0,17,full permutation
Ptuh,colony-residualized,0,0,0,18,full permutation
Ptuh,colony-residualized,0,0,0,19,full permutation
Ptuh,colony-residualized,0,0,0,20,full permutation
Ptuh,colony-residualized,0,0,0,21,full permutation
Ptuh,colony-residualized,0,0,0,22,full permutation
Ptuh,colony-residualized,0,0,0,23,full permutation
Ptuh,colony-residualized,0,0,0,24,full permutation
Ptuh,colony-residualized,2,0,0,25,full permutation
Ptuh,colony-residualized,47,0,0,26,full permutation
Ptuh,colony-residualized,2,0,0,27,full permutation
Ptuh,colony-residualized,0,0,0,28,full permutation
Ptuh,colony-residualized,0,0,0,29,full permutation
Ptuh,colony-residualized,0,0,0,30,full permutation
Ptuh,colony-residualized,0,0,0,31,full permutation
Ptuh,colony-residualized,0,0,0,32,full permutation
Ptuh,colony-residualized,3,0,0,33,full permutation
Ptuh,colony-residualized,23,0,0,34,full permutation
Ptuh,colony-residualized,0,0,0,35,full permutation
Ptuh,colony-residualized,0,0,0,36,full permutation
Ptuh,colony-residualized,0,0,0,37,full permutation
Ptuh,colony-residualized,1,0,0,38,full permutation
Ptuh,colony-residualized,0,0,0,39,full permutation
Ptuh,colony-residualized,0,0,0,40,full permutation
Ptuh,colony-residualized,0,0,0,41,full permutation
Ptuh,colony-residualized,0,0,0,42,full permutation
Ptuh,colony-residualized,1,0,0,43,full permutation
Ptuh,colony-residualized,1,0,0,44,full permutation
Ptuh,colony-residualized,0,0,0,45,full permutation
Ptuh,colony-residualized,0,0,0,46,full permutation
Ptuh,colony-residualized,0,0,0,47,full permutation
Ptuh,colony-residualized,0,0,0,48,full permutation
Ptuh,colony-residualized,0,0,0,49,full permutation
Ptuh,colony-residualized,0,0,0,50,full permutation
Ptuh,colony-residualized,0,0,0,51,full permutation
Ptuh,colony-residualized,0,0,0,52,full permutation
Ptuh,colony-residualized,2,0,0,53,full permutation
Ptuh,colony-residualized,0,0,0,54,full permutation
Ptuh,colony-residualized,0,0,0,55,full permutation
Ptuh,colony-residualized,0,0,0,56,full permutation
Ptuh,colony-residualized,3,0,0,57,full permutation
Ptuh,colony-residualized,0,0,0,58,full permutation
Ptuh,colony-residualized,0,0,0,59,full permutation
Ptuh,colony-residualized,2,0,0,60,full permutation
Ptuh,colony-residualized,0,0,0,61,full permutation
Ptuh,colony-residualized,10,0,0,62,full permutation
Ptuh,colony-residualized,0,0,0,63,full permutation
Ptuh,colony-residualized,0,0,0,64,full permutation
Ptuh,colony-residualized,0,0,0,65,full permutation
Ptuh,colony-residualized,1,0,0,66,full permutation
Ptuh,colony-residualized,0,0,0,67,full permutation
Ptuh,colony-residualized,0,0,0,68,full permutation
Ptuh,colony-residualized,0,0,0,69,full permutation
Ptuh,colony-residualized,0,0,0,70,full permutation
Ptuh,colony-residualized,0,0,0,71,full permutation
Ptuh,colony-residualized,7,0,0,72,full permutation
Ptuh,colony-residualized,1,0,0,73,full permutation
Ptuh,colony-residualized,0,0,0,74,full permutation
Ptuh,colony-residualized,0,0,0,75,full permutation
Ptuh,colony-residualized,0,0,0,76,full permutation
Ptuh,colony-residualized,0,0,0,77,full permutation
Ptuh,colony-residualized,0,0,0,78,full permutation
Ptuh,colony-residualized,0,0,0,79,full permutation
Ptuh,colony-residualized,0,0,0,80,full permutation
Ptuh,colony-residualized,1,0,0,81,full permutation
Ptuh,colony-residualized,0,0,0,82,full permutation
Ptuh,colony-residualized,0,0,0,83,full permutation
Ptuh,colony-residualized,0,0,0,84,full permutation
Ptuh,colony-residualized,0,0,0,85,full permutation
Ptuh,colony-residualized,0,0,0,86,full permutation
Ptuh,colony-residualized,0,0,0,87,full permutation
Ptuh,colony-residualized,5,0,0,88,full permutation
Ptuh,colony-residualized,1,0,0,89,full permutation
Ptuh,colony-residualized,0,0,0,90,full permutation
Ptuh,colony-residualized,0,0,0,91,full permutation
Ptuh,colony-residualized,0,0,0,92,full permutation
Ptuh,colony-residualized,0,0,0,93,full permutation
Ptuh,colony-residualized,0,0,0,94,full permutation
Ptuh,colony-residualized,0,0,0,95,full permutation
Ptuh,colony-residualized,0,0,0,96,full permutation
Ptuh,colony-residualized,0,0,0,97,full permutation
Ptuh,colony-residualized,0,0,0,98,full permutation
Ptuh,colony-residualized,0,0,0,99,full permutation
Ptuh,colony-residualized,1,0,0,100,full permutation
Ptuh,colony-residualized,0,0,0,101,full permutation
Ptuh,colony-residualized,0,0,0,102,full permutation
Ptuh,colony-residualized,0,0,0,103,full permutation
Ptuh,colony-residualized,0,0,0,104,full permutation
Ptuh,colony-residualized,0,0,0,105,full permutation
Ptuh,colony-residualized,0,0,0,106,full permutation
Ptuh,colony-residualized,0,0,0,107,full permutation
Ptuh,colony-residualized,2,0,0,108,full permutation
Ptuh,colony-residualized,0,0,0,109,full permutation
Ptuh,colony-residualized,2,0,0,110,full permutation
Ptuh,colony-residualized,0,0,0,111,full permutation
Ptuh,colony-residualized,1,0,0,112,full permutation
Ptuh,colony-residualized,2,0,0,113,full permutation
Ptuh,colony-residualized,0,0,0,114,full permutation
Ptuh,colony-residualized,7,0,0,115,full permutation
Ptuh,colony-residualized,5,0,0,116,full permutation
Ptuh,colony-residualized,0,0,0,117,full permutation
Ptuh,colony-residualized,0,0,0,118,full permutation
Ptuh,colony-residualized,0,0,0,119,full permutation
Ptuh,colony-residualized,0,0,0,120,full permutation
Ptuh,colony-residualized,0,0,0,121,full permutation
Ptuh,colony-residualized,0,0,0,122,full permutation
Ptuh,colony-residualized,0,0,0,123,full permutation
Ptuh,colony-residualized,0,0,0,124,full permutation
Ptuh,colony-residualized,1,0,0,125,full permutation
Ptuh,colony-residualized,0,0,0,126,full permutation
Ptuh,colony-residualized,0,0,0,127,full permutation
Ptuh,colony-residualized,0,0,0,128,full permutation
Ptuh,colony-residualized,1,0,0,129,full permutation
Ptuh,colony-residualized,0,0,0,130,full permutation
Ptuh,colony-residualized,3,0,0,131,full permutation
Ptuh,colony-residualized,0,0,0,132,full permutation
Ptuh,colony-residualized,0,0,0,133,full permutation
Ptuh,colony-residualized,1,0,0,134,full permutation
Ptuh,colony-residualized,0,0,0,135,full permutation
Ptuh,colony-residualized,2,0,0,136,full permutation
Ptuh,colony-residualized,0,0,0,137,full permutation
Ptuh,colony-residualized,0,0,0,138,full permutation
Ptuh,colony-residualized,0,0,0,139,full permutation
Ptuh,colony-residualized,0,0,0,140,full permutation
Ptuh,colony-residualized,5,0,0,141,full permutation
Ptuh,colony-residualized,0,0,0,142,full permutation
Ptuh,colony-residualized,1,0,0,143,full permutation
Ptuh,colony-residualized,1,0,0,144,full permutation
Ptuh,colony-residualized,0,0,0,145,full permutation
Ptuh,colony-residualized,0,0,0,146,full permutation
Ptuh,colony-residualized,0,0,0,147,full permutation
Ptuh,colony-residualized,22,0,0,148,full permutation
Ptuh,colony-residualized,0,0,0,149,full permutation
Ptuh,colony-residualized,0,0,0,150,full permutation
Ptuh,colony-residualized,9,0,0,151,full permutation
Ptuh,colony-residualized,0,0,0,152,full permutation
Ptuh,colony-residualized,0,0,0,153,full permutation
Ptuh,colony-residualized,0,0,0,154,full permutation
Ptuh,colony-residualized,0,0,0,155,full permutation
Ptuh,colony-residualized,0,0,0,156,full permutation
Ptuh,colony-residualized,0,0,0,157,full permutation
Ptuh,colony-residualized,0,0,0,158,full permutation
Ptuh,colony-residualized,6,0,0,159,full permutation
Ptuh,colony-residualized,0,0,0,160,full permutation
Ptuh,colony-residualized,0,0,0,161,full permutation
Ptuh,colony-residualized,35,0,0,162,full permutation
Ptuh,colony-residualized,0,0,0,163,full permutation
Ptuh,colony-residualized,0,0,0,164,full permutation
Ptuh,colony-residualized,0,0,0,165,full permutation
Ptuh,colony-residualized,0,0,0,166,full permutation
Ptuh,colony-residualized,0,0,0,167,full permutation
Ptuh,colony-residualized,0,0,0,168,full permutation
Ptuh,colony-residualized,2,0,0,169,full permutation
Ptuh,colony-residualized,0,0,0,170,full permutation
Ptuh,colony-residualized,0,0,0,171,full permutation
Ptuh,colony-residualized,0,0,0,172,full permutation
Ptuh,colony-residualized,0,0,0,173,full permutation
Ptuh,colony-residualized,0,0,0,174,full permutation
Ptuh,colony-residualized,0,0,0,175,full permutation
Ptuh,colony-residualized,10,0,0,176,full permutation
Ptuh,colony-residualized,18,0,0,177,full permutation
Ptuh,colony-residualized,1,0,0,178,full permutation
Ptuh,colony-residualized,0,0,0,179,full permutation
Ptuh,colony-residualized,1,0,0,180,full permutation
Ptuh,colony-residualized,0,0,0,181,full permutation
Ptuh,colony-residualized,0,0,0,182,full permutation
Ptuh,colony-residualized,0,0,0,183,full permutation
Ptuh,colony-residualized,0,0,0,184,full permutation
Ptuh,colony-residualized,4,0,0,185,full permutation
Ptuh,colony-residualized,0,0,0,186,full permutation
Ptuh,colony-residualized,0,0,0,187,full permutation
Ptuh,colony-residualized,4,0,0,188,full permutation
Ptuh,colony-residualized,0,0,0,189,full permutation
Ptuh,colony-residualized,0,0,0,190,full permutation
Ptuh,colony-residualized,0,0,0,191,full permutation
Ptuh,colony-residualized,0,0,0,192,full permutation
Ptuh,colony-residualized,0,0,0,193,full permutation
Ptuh,colony-residualized,2,0,0,194,full permutation
Ptuh,colony-residualized,1,0,0,195,full permutation
Ptuh,colony-residualized,0,0,0,196,full permutation
Ptuh,colony-residualized,0,0,0,197,full permutation
Ptuh,colony-residualized,0,0,0,198,full permutation
Ptuh,colony-residualized,0,0,0,199,full permutation
Ptuh,colony-residualized,1,0,0,200,full permutation
Ptuh,colony-residualized,6,0,0,1,within-timepoint
Ptuh,colony-residualized,22,0,0,2,within-timepoint
Ptuh,colony-residualized,0,0,0,3,within-timepoint
Ptuh,colony-residualized,0,0,0,4,within-timepoint
Ptuh,colony-residualized,0,0,0,5,within-timepoint
Ptuh,colony-residualized,0,0,0,6,within-timepoint
Ptuh,colony-residualized,103,0,0,7,within-timepoint
Ptuh,colony-residualized,0,0,0,8,within-timepoint
Ptuh,colony-residualized,14,0,0,9,within-timepoint
Ptuh,colony-residualized,0,0,0,10,within-timepoint
Ptuh,colony-residualized,169,0,0,11,within-timepoint
Ptuh,colony-residualized,2,0,0,12,within-timepoint
Ptuh,colony-residualized,0,0,0,13,within-timepoint
Ptuh,colony-residualized,4,0,0,14,within-timepoint
Ptuh,colony-residualized,2,0,0,15,within-timepoint
Ptuh,colony-residualized,0,0,0,16,within-timepoint
Ptuh,colony-residualized,0,0,0,17,within-timepoint
Ptuh,colony-residualized,0,0,0,18,within-timepoint
Ptuh,colony-residualized,0,0,0,19,within-timepoint
Ptuh,colony-residualized,2,0,0,20,within-timepoint
Ptuh,colony-residualized,5,0,0,21,within-timepoint
Ptuh,colony-residualized,0,0,0,22,within-timepoint
Ptuh,colony-residualized,7,0,0,23,within-timepoint
Ptuh,colony-residualized,17,0,0,24,within-timepoint
Ptuh,colony-residualized,0,0,0,25,within-timepoint
Ptuh,colony-residualized,11,0,0,26,within-timepoint
Ptuh,colony-residualized,0,0,0,27,within-timepoint
Ptuh,colony-residualized,0,0,0,28,within-timepoint
Ptuh,colony-residualized,3,0,0,29,within-timepoint
Ptuh,colony-residualized,2,0,0,30,within-timepoint
Ptuh,colony-residualized,2,0,0,31,within-timepoint
Ptuh,colony-residualized,7,0,0,32,within-timepoint
Ptuh,colony-residualized,1,0,0,33,within-timepoint
Ptuh,colony-residualized,1,0,0,34,within-timepoint
Ptuh,colony-residualized,5,0,0,35,within-timepoint
Ptuh,colony-residualized,14,0,0,36,within-timepoint
Ptuh,colony-residualized,0,0,0,37,within-timepoint
Ptuh,colony-residualized,14,0,0,38,within-timepoint
Ptuh,colony-residualized,6,0,0,39,within-timepoint
Ptuh,colony-residualized,16,0,0,40,within-timepoint
Ptuh,colony-residualized,1,0,0,41,within-timepoint
Ptuh,colony-residualized,4,0,0,42,within-timepoint
Ptuh,colony-residualized,3,0,0,43,within-timepoint
Ptuh,colony-residualized,1,0,0,44,within-timepoint
Ptuh,colony-residualized,2,0,0,45,within-timepoint
Ptuh,colony-residualized,90,0,0,46,within-timepoint
Ptuh,colony-residualized,4,0,0,47,within-timepoint
Ptuh,colony-residualized,3,0,0,48,within-timepoint
Ptuh,colony-residualized,0,0,0,49,within-timepoint
Ptuh,colony-residualized,0,0,0,50,within-timepoint
Ptuh,colony-residualized,1,0,0,51,within-timepoint
Ptuh,colony-residualized,1,0,0,52,within-timepoint
Ptuh,colony-residualized,1,0,0,53,within-timepoint
Ptuh,colony-residualized,4,0,0,54,within-timepoint
Ptuh,colony-residualized,0,0,0,55,within-timepoint
Ptuh,colony-residualized,1,0,0,56,within-timepoint
Ptuh,colony-residualized,0,0,0,57,within-timepoint
Ptuh,colony-residualized,0,0,0,58,within-timepoint
Ptuh,colony-residualized,27,0,0,59,within-timepoint
Ptuh,colony-residualized,0,0,0,60,within-timepoint
Ptuh,colony-residualized,1,0,0,61,within-timepoint
Ptuh,colony-residualized,6,0,0,62,within-timepoint
Ptuh,colony-residualized,4,0,0,63,within-timepoint
Ptuh,colony-residualized,3,0,0,64,within-timepoint
Ptuh,colony-residualized,7,0,0,65,within-timepoint
Ptuh,colony-residualized,4,0,0,66,within-timepoint
Ptuh,colony-residualized,5,0,0,67,within-timepoint
Ptuh,colony-residualized,1,0,0,68,within-timepoint
Ptuh,colony-residualized,1,0,0,69,within-timepoint
Ptuh,colony-residualized,2,0,0,70,within-timepoint
Ptuh,colony-residualized,253,0,0,71,within-timepoint
Ptuh,colony-residualized,7,0,0,72,within-timepoint
Ptuh,colony-residualized,1,0,0,73,within-timepoint
Ptuh,colony-residualized,0,0,0,74,within-timepoint
Ptuh,colony-residualized,4,0,0,75,within-timepoint
Ptuh,colony-residualized,9,0,0,76,within-timepoint
Ptuh,colony-residualized,25,0,0,77,within-timepoint
Ptuh,colony-residualized,2,0,0,78,within-timepoint
Ptuh,colony-residualized,0,0,0,79,within-timepoint
Ptuh,colony-residualized,0,0,0,80,within-timepoint
Ptuh,colony-residualized,0,0,0,81,within-timepoint
Ptuh,colony-residualized,0,0,0,82,within-timepoint
Ptuh,colony-residualized,2,0,0,83,within-timepoint
Ptuh,colony-residualized,4,0,0,84,within-timepoint
Ptuh,colony-residualized,0,0,0,85,within-timepoint
Ptuh,colony-residualized,18,0,0,86,within-timepoint
Ptuh,colony-residualized,1,0,0,87,within-timepoint
Ptuh,colony-residualized,0,0,0,88,within-timepoint
Ptuh,colony-residualized,34,0,0,89,within-timepoint
Ptuh,colony-residualized,1,0,0,90,within-timepoint
Ptuh,colony-residualized,4,0,0,91,within-timepoint
Ptuh,colony-residualized,4,0,0,92,within-timepoint
Ptuh,colony-residualized,1,0,0,93,within-timepoint
Ptuh,colony-residualized,0,0,0,94,within-timepoint
Ptuh,colony-residualized,0,0,0,95,within-timepoint
Ptuh,colony-residualized,24,0,0,96,within-timepoint
Ptuh,colony-residualized,73,0,0,97,within-timepoint
Ptuh,colony-residualized,2,0,0,98,within-timepoint
Ptuh,colony-residualized,8,0,0,99,within-timepoint
Ptuh,colony-residualized,6,0,0,100,within-timepoint
Ptuh,colony-residualized,5,0,0,101,within-timepoint
Ptuh,colony-residualized,1,0,0,102,within-timepoint
Ptuh,colony-residualized,2,0,0,103,within-timepoint
Ptuh,colony-residualized,16,0,0,104,within-timepoint
Ptuh,colony-residualized,0,0,0,105,within-timepoint
Ptuh,colony-residualized,906,0,0,106,within-timepoint
Ptuh,colony-residualized,9,0,0,107,within-timepoint
Ptuh,colony-residualized,0,0,0,108,within-timepoint
Ptuh,colony-residualized,1,0,0,109,within-timepoint
Ptuh,colony-residualized,1,0,0,110,within-timepoint
Ptuh,colony-residualized,1,0,0,111,within-timepoint
Ptuh,colony-residualized,0,0,0,112,within-timepoint
Ptuh,colony-residualized,1,0,0,113,within-timepoint
Ptuh,colony-residualized,16,0,0,114,within-timepoint
Ptuh,colony-residualized,28,0,0,115,within-timepoint
Ptuh,colony-residualized,0,0,0,116,within-timepoint
Ptuh,colony-residualized,1,0,0,117,within-timepoint
Ptuh,colony-residualized,2,0,0,118,within-timepoint
Ptuh,colony-residualized,8,0,0,119,within-timepoint
Ptuh,colony-residualized,7,0,0,120,within-timepoint
Ptuh,colony-residualized,7,0,0,121,within-timepoint
Ptuh,colony-residualized,1,0,0,122,within-timepoint
Ptuh,colony-residualized,1,0,0,123,within-timepoint
Ptuh,colony-residualized,2,0,0,124,within-timepoint
Ptuh,colony-residualized,1,0,0,125,within-timepoint
Ptuh,colony-residualized,0,0,0,126,within-timepoint
Ptuh,colony-residualized,2,0,0,127,within-timepoint
Ptuh,colony-residualized,3,0,0,128,within-timepoint
Ptuh,colony-residualized,3,0,0,129,within-timepoint
Ptuh,colony-residualized,3,0,0,130,within-timepoint
Ptuh,colony-residualized,1,0,0,131,within-timepoint
Ptuh,colony-residualized,8,0,0,132,within-timepoint
Ptuh,colony-residualized,13,0,0,133,within-timepoint
Ptuh,colony-residualized,0,0,0,134,within-timepoint
Ptuh,colony-residualized,0,0,0,135,within-timepoint
Ptuh,colony-residualized,0,0,0,136,within-timepoint
Ptuh,colony-residualized,28,0,0,137,within-timepoint
Ptuh,colony-residualized,33,0,0,138,within-timepoint
Ptuh,colony-residualized,1,0,0,139,within-timepoint
Ptuh,colony-residualized,2,0,0,140,within-timepoint
Ptuh,colony-residualized,0,0,0,141,within-timepoint
Ptuh,colony-residualized,25,0,0,142,within-timepoint
Ptuh,colony-residualized,6,0,0,143,within-timepoint
Ptuh,colony-residualized,0,0,0,144,within-timepoint
Ptuh,colony-residualized,1,0,0,145,within-timepoint
Ptuh,colony-residualized,1,0,0,146,within-timepoint
Ptuh,colony-residualized,1,0,0,147,within-timepoint
Ptuh,colony-residualized,7,0,0,148,within-timepoint
Ptuh,colony-residualized,1,0,0,149,within-timepoint
Ptuh,colony-residualized,1,0,0,150,within-timepoint
Ptuh,colony-residualized,2,0,0,151,within-timepoint
Ptuh,colony-residualized,0,0,0,152,within-timepoint
Ptuh,colony-residualized,2,0,0,153,within-timepoint
Ptuh,colony-residualized,2,0,0,154,within-timepoint
Ptuh,colony-residualized,1,0,0,155,within-timepoint
Ptuh,colony-residualized,6,0,0,156,within-timepoint
Ptuh,colony-residualized,1,0,0,157,within-timepoint
Ptuh,colony-residualized,152,0,0,158,within-timepoint
Ptuh,colony-residualized,1,0,0,159,within-timepoint
Ptuh,colony-residualized,0,0,0,160,within-timepoint
Ptuh,colony-residualized,1,0,0,161,within-timepoint
Ptuh,colony-residualized,3,0,0,162,within-timepoint
Ptuh,colony-residualized,30,0,0,163,within-timepoint
Ptuh,colony-residualized,4,0,0,164,within-timepoint
Ptuh,colony-residualized,7,0,0,165,within-timepoint
Ptuh,colony-residualized,40,0,0,166,within-timepoint
Ptuh,colony-residualized,3,0,0,167,within-timepoint
Ptuh,colony-residualized,18,0,0,168,within-timepoint
Ptuh,colony-residualized,61,0,0,169,within-timepoint
Ptuh,colony-residualized,1,0,0,170,within-timepoint
Ptuh,colony-residualized,3,0,0,171,within-timepoint
Ptuh,colony-residualized,1,0,0,172,within-timepoint
Ptuh,colony-residualized,0,0,0,173,within-timepoint
Ptuh,colony-residualized,6,0,0,174,within-timepoint
Ptuh,colony-residualized,1,0,0,175,within-timepoint
Ptuh,colony-residualized,0,0,0,176,within-timepoint
Ptuh,colony-residualized,2,0,0,177,within-timepoint
Ptuh,colony-residualized,2,0,0,178,within-timepoint
Ptuh,colony-residualized,32,0,0,179,within-timepoint
Ptuh,colony-residualized,512,0,0,180,within-timepoint
Ptuh,colony-residualized,6,0,0,181,within-timepoint
Ptuh,colony-residualized,27,0,0,182,within-timepoint
Ptuh,colony-residualized,0,0,0,183,within-timepoint
Ptuh,colony-residualized,5,0,0,184,within-timepoint
Ptuh,colony-residualized,1,0,0,185,within-timepoint
Ptuh,colony-residualized,3,0,0,186,within-timepoint
Ptuh,colony-residualized,1,0,0,187,within-timepoint
Ptuh,colony-residualized,0,0,0,188,within-timepoint
Ptuh,colony-residualized,1,0,0,189,within-timepoint
Ptuh,colony-residualized,0,0,0,190,within-timepoint
Ptuh,colony-residualized,0,0,0,191,within-timepoint
Ptuh,colony-residualized,10,0,0,192,within-timepoint
Ptuh,colony-residualized,2,0,0,193,within-timepoint
Ptuh,colony-residualized,38,0,0,194,within-timepoint
Ptuh,colony-residualized,0,0,0,195,within-timepoint
Ptuh,colony-residualized,0,0,0,196,within-timepoint
Ptuh,colony-residualized,0,0,0,197,within-timepoint
Ptuh,colony-residualized,3,0,0,198,within-timepoint
Ptuh,colony-residualized,7,0,0,199,within-timepoint
Ptuh,colony-residualized,1,0,0,200,within-timepoint
