layer,sample_id,features,total,zero_fraction,missing_fraction,detected,mean,q25,median,q75,max_fraction,species,colony,timepoint,site,nutrient,median_sample_cor
genes,ACR-139-TP1,44371,11178579,0.4400171283045232,0,24847,251.93434901174192,0,3,116,0.011869129341036996,Apul,ACR-139,TP1,Manava,High,0.9239772590774565
genes,ACR-139-TP2,44371,12900492,0.4636361587523382,0,23799,290.7415203623989,0,2,137,0.014438209023345775,Apul,ACR-139,TP2,Manava,High,0.930675828489563
genes,ACR-139-TP3,44371,11713631,0.49773500709923146,0,22286,263.99294584300554,0,1,102,0.02035730850664495,Apul,ACR-139,TP3,Manava,High,0.9215443916445744
genes,ACR-139-TP4,44371,12698040,0.45306619188208513,0,24268,286.17881048432537,0,3,108,0.016092404812081233,Apul,ACR-139,TP4,Manava,High,0.917354791431895
genes,ACR-145-TP1,44371,12300902,0.463974217394244,0,23784,277.2284149557143,0,2,95,0.029220133612965944,Apul,ACR-145,TP1,Manava,High,0.9186621596904576
genes,ACR-145-TP2,44371,8737803,0.4963827725316085,0,22346,196.92598769466542,0,1,74,0.027781239746421382,Apul,ACR-145,TP2,Manava,High,0.9233325130863926
genes,ACR-145-TP3,44371,9648149,0.5654368844515562,0,19282,217.44267652295417,0,0,62,0.03233521787443374,Apul,ACR-145,TP3,Manava,High,0.9065641928908579
genes,ACR-145-TP4,44371,8138763,0.5260192468053458,0,21031,183.42527777151744,0,0,67,0.041701914652140626,Apul,ACR-145,TP4,Manava,High,0.9067020246569073
genes,ACR-150-TP1,44371,10593315,0.5711613441211603,0,19028,238.74411214532014,0,0,54,0.03504927399968754,Apul,ACR-150,TP1,Manava,High,0.8931944062146893
genes,ACR-150-TP2,44371,12904964,0.4653039147190733,0,23725,290.8423069121724,0,2,104,0.018458323479244112,Apul,ACR-150,TP2,Manava,High,0.9216743599626882
genes,ACR-150-TP3,44371,11875616,0.4345856527912375,0,25088,267.64364111694573,0,4,140,0.016350141331615976,Apul,ACR-150,TP3,Manava,High,0.9227006533312044
genes,ACR-150-TP4,44371,14000182,0.46900002253724277,0,23561,315.5255008902211,0,2,135,0.023474694828967222,Apul,ACR-150,TP4,Manava,High,0.9207848892756678
genes,ACR-173-TP1,44371,8365456,0.4500462013477271,0,24402,188.53431295215344,0,3,67,0.03532228249123538,Apul,ACR-173,TP1,Manava,High,0.9036699378443103
genes,ACR-173-TP2,44371,10095804,0.4421356291271326,0,24753,227.5315859457754,0,3,102,0.01568017762626929,Apul,ACR-173,TP2,Manava,High,0.9246417597153691
genes,ACR-173-TP3,44371,11159480,0.5022875301435622,0,22084,251.5039102116247,0,0,90,0.028960399588511293,Apul,ACR-173,TP3,Manava,High,0.9199947063632699
genes,ACR-173-TP4,44371,9246507,0.5330959410425729,0,20717,208.39077325280024,0,0,53,0.036957090931743194,Apul,ACR-173,TP4,Manava,High,0.9088390630916224
genes,ACR-186-TP1,44371,8343496,0.6588312185887178,0,15138,188.03939510040342,0,0,38,0.03256644456951858,Apul,ACR-186,TP1,Manava,High,0.868670800772727
genes,ACR-186-TP2,44371,11500575,0.4923486060715332,0,22525,259.19125104234746,0,1,103,0.02277199183519085,Apul,ACR-186,TP2,Manava,High,0.9238004644832447
genes,ACR-186-TP3,44371,7392543,0.5560613914493701,0,19698,166.6075364539902,0,0,49,0.02753477389309741,Apul,ACR-186,TP3,Manava,High,0.9117008465800238
genes,ACR-186-TP4,44371,13097991,0.4845281828221135,0,22872,295.1926032769151,0,1,103,0.018484895889758973,Apul,ACR-186,TP4,Manava,High,0.9223837791107972
genes,ACR-225-TP1,44371,9676647,0.4950080007211918,0,22407,218.0849428680895,0,1,76,0.03922433049381671,Apul,ACR-225,TP1,Mahana,Low,0.904884870886341
genes,ACR-225-TP2,44371,9208860,0.43553221698857364,0,25046,207.5423136733452,0,4,90,0.013839932412915389,Apul,ACR-225,TP2,Mahana,Low,0.9075317769785959
genes,ACR-225-TP3,44371,12556203,0.46174303035766606,0,23883,282.98219557819294,0,2,127,0.018531478027234826,Apul,ACR-225,TP3,Mahana,Low,0.9307494869848919
genes,ACR-225-TP4,44371,8566981,0.5282955083275113,0,20930,193.07613080615718,0,0,53,0.04191138045012589,Apul,ACR-225,TP4,Mahana,Low,0.91246820529595
genes,ACR-229-TP1,44371,15115258,0.44423159270694823,0,24660,340.65623943566743,0,3,147,0.026828850688489735,Apul,ACR-229,TP1,Mahana,Low,0.9266904460298788
genes,ACR-229-TP2,44371,11298652,0.4625318338554461,0,23848,254.64046336571184,0,2,104,0.029271633465655904,Apul,ACR-229,TP2,Mahana,Low,0.9232038605753057
genes,ACR-229-TP3,44371,11294893,0.4440512947645985,0,24668,254.55574587005026,0,3,129,0.019242856041221463,Apul,ACR-229,TP3,Mahana,Low,0.9253010194919538
genes,ACR-229-TP4,44371,11411242,0.6112100245655947,0,17251,257.1779315318564,0,0,54,0.03316019413136624,Apul,ACR-229,TP4,Mahana,Low,0.8763658270608731
genes,ACR-237-TP1,44371,12454253,0.5161704717044917,0,21468,280.68452367537355,0,0,86,0.036890209312433274,Apul,ACR-237,TP1,Mahana,Low,0.9114050057867447
genes,ACR-237-TP2,44371,8323293,0.4828604268553785,0,22946,187.58407518424195,0,1,84,0.02539739980317886,Apul,ACR-237,TP2,Mahana,Low,0.9253744768489659
genes,ACR-237-TP3,44371,13075593,0.4496179937346465,0,24421,294.68781411282146,0,3,137,0.015114802059072962,Apul,ACR-237,TP3,Mahana,Low,0.9255580661200468
genes,ACR-237-TP4,44371,12687855,0.5216470217033649,0,21225,285.94926866647137,0,0,85,0.03862638720256497,Apul,ACR-237,TP4,Mahana,Low,0.9179465444597888
genes,ACR-244-TP1,44371,7590155,0.5361384688197246,0,20582,171.06116607694216,0,0,52.5,0.04427735665477187,Apul,ACR-244,TP1,Mahana,Low,0.9100386075623464
genes,ACR-244-TP2,44371,11687442,0.45243514908386107,0,24296,263.4027179914809,0,2,122,0.0245576405855105,Apul,ACR-244,TP2,Mahana,Low,0.9170819047410438
genes,ACR-244-TP3,44371,13628569,0.38989430033129746,0,27071,307.1503684839197,0,7,163,0.015380338170500513,Apul,ACR-244,TP3,Mahana,Low,0.9197782835788514
genes,ACR-244-TP4,44371,9508676,0.5597124247819522,0,19536,214.29933965878615,0,0,50,0.040055839530130165,Apul,ACR-244,TP4,Mahana,Low,0.8977474804637932
genes,ACR-265-TP1,44371,14695714,0.5573910887741994,0,19639,331.2008744450204,0,0,75,0.031054360475442022,Apul,ACR-265,TP1,Mahana,Low,0.8820344136731935
genes,ACR-265-TP2,44371,11487897,0.4451781569042843,0,24618,258.9055238782087,0,3,110,0.026422590662155136,Apul,ACR-265,TP2,Mahana,Low,0.9267255628232203
genes,ACR-265-TP3,44371,10074474,0.45117306348741293,0,24352,227.05086655698543,0,3,101,0.023073065650871697,Apul,ACR-265,TP3,Mahana,Low,0.926531383676221
genes,ACR-265-TP4,44371,12813874,0.559960334452683,0,19525,288.7893894660927,0,0,74,0.04155331947231571,Apul,ACR-265,TP4,Mahana,Low,0.9136861026660841
genes,POR-216-TP1,40389,12102957,0.4223922355096685,0,23329,299.65973408601354,0,6,74,0.0677561690089455,Peve,POR-216,TP1,Mahana,Low,0.8792303438674661
genes,POR-216-TP2,40389,10699604,0.3875064992943623,0,24738,264.9138131669514,0,9,95,0.114450030113264,Peve,POR-216,TP2,Mahana,Low,0.8832640490412094
genes,POR-216-TP3,40389,7164107,0.41991631384782985,0,23429,177.37767709029686,0,5,48,0.16547686962241073,Peve,POR-216,TP3,Mahana,Low,0.876282251777269
genes,POR-216-TP4,40389,7722839,0.4389561514273688,0,22660,191.211443709921,0,3,30,0.2308840052213959,Peve,POR-216,TP4,Mahana,Low,0.8779560104338887
genes,POR-236-TP1,40389,11165119,0.38084627002401644,0,25007,276.43959989105946,0,9,88,0.12171809364503862,Peve,POR-236,TP1,Mahana,Low,0.88407898365063875
genes,POR-236-TP2,40389,7845330,0.4411597217064052,0,22571,194.24422491272375,0,3,38,0.2386738352625065,Peve,POR-236,TP2,Mahana,Low,0.880733759592972
genes,POR-245-TP1,40389,10607492,0.3888434969917552,0,24684,262.6331922057986,0,7,74,0.10402487223181502,Peve,POR-245,TP1,Mahana,Low,0.89435729249973694
genes,POR-245-TP2,40389,6748506,0.44999876203916905,0,22214,167.08772190447894,0,3,37,0.2393811311718475,Peve,POR-245,TP2,Mahana,Low,0.8697255478204479
genes,POR-245-TP3,40389,7832801,0.4861967367352497,0,20752,193.934016687712,0,2,26,0.23173485449202655,Peve,POR-245,TP3,Mahana,Low,0.8713712954684356
genes,POR-245-TP4,40389,9202331,0.37530020550149795,0,25231,227.84250662309046,0,7,66,0.05606296926289654,Peve,POR-245,TP4,Mahana,Low,0.8451873949116203
genes,POR-260-TP1,40389,12277400,0.3561860902721038,0,26003,303.9788061105747,0,11,113,0.050061495104826756,Peve,POR-260,TP1,Mahana,Low,0.8870349006705921
genes,POR-260-TP2,40389,7466894,0.45165762955260097,0,22147,184.87444601252815,0,3,37,0.19340022772520943,Peve,POR-260,TP2,Mahana,Low,0.8858092414707684
genes,POR-260-TP3,40389,8054551,0.41961920324840923,0,23441,199.42437297283914,0,4,43,0.15336224204179724,Peve,POR-260,TP3,Mahana,Low,0.8838409872602139
genes,POR-260-TP4,40389,9165122,0.40699200277303227,0,23951,226.92124093193692,0,5,52,0.12955703153760528,Peve,POR-260,TP4,Mahana,Low,0.8876134320703658
genes,POR-262-TP1,40389,10253426,0.413256084577484,0,23698,253.86679541459307,0,6,63,0.11407123823783387,Peve,POR-262,TP1,Mahana,Low,0.8963199547452348
genes,POR-262-TP2,40389,10820283,0.33462081259748944,0,26874,267.9017306692416,0,11,92,0.10017187165991868,Peve,POR-262,TP2,Mahana,Low,0.883645346409062
genes,POR-262-TP3,40389,10510650,0.37653816633241727,0,25181,260.23546015004086,0,8,82,0.15027614847797235,Peve,POR-262,TP3,Mahana,Low,0.8764725621487036
genes,POR-262-TP4,40389,7590474,0.3925326202678947,0,24535,187.93419000222832,0,6,55,0.16164603159170296,Peve,POR-262,TP4,Mahana,Low,0.8704555396696563
genes,POR-69-TP1,40389,10197389,0.42833444749808114,0,23089,252.47936319294857,0,5,56,0.16456585112130173,Peve,POR-69,TP1,Manava,High,0.8794866919635898
genes,POR-69-TP2,40389,9779483,0.42085716407932855,0,23391,242.13233801282527,0,5,57,0.1552033987890771,Peve,POR-69,TP2,Manava,High,0.8866493362284396
genes,POR-69-TP3,40389,8279109,0.44645819406273984,0,22357,204.9842531382307,0,3,35,0.21644394342434675,Peve,POR-69,TP3,Manava,High,0.8664497853034733
genes,POR-69-TP4,40389,7025734,0.4859243853524475,0,20763,173.95167000916092,0,1,27,0.200146347698333,Peve,POR-69,TP4,Manava,High,0.8562422424146232
genes,POR-72-TP1,40389,7955405,0.4162519497883087,0,23577,196.96959568199262,0,6,62,0.08401231615486578,Peve,POR-72,TP1,Manava,High,0.8708248964809107
genes,POR-72-TP2,40389,8948904,0.44665626779568696,0,22349,221.56785263314268,0,4,62,0.08711547246456103,Peve,POR-72,TP2,Manava,High,0.8788135947952754
genes,POR-72-TP3,40389,10478551,0.4450964371487286,0,22412,259.4407140558073,0,4,55,0.11003782870360607,Peve,POR-72,TP3,Manava,High,0.8675655765624534
genes,POR-72-TP4,40389,12298279,0.37260145089009383,0,25340,304.4957537943499,0,9,86,0.0972030314160217,Peve,POR-72,TP4,Manava,High,0.8861488119054172
genes,POR-73-TP1,40389,8570594,0.49038104434375696,0,20583,212.20119339424102,0,1,35,0.19479408311722618,Peve,POR-73,TP1,Manava,High,0.8564114383195773
genes,POR-73-TP2,40389,8360422,0.5075886998935354,0,19888,206.99749931912154,0,0,25,0.21766317537559707,Peve,POR-73,TP2,Manava,High,0.8554996154638944
genes,POR-73-TP3,40389,6605537,0.504171928000198,0,20026,163.54792146376488,0,0,20,0.30984369628086256,Peve,POR-73,TP3,Manava,High,0.8786222494628408
genes,POR-73-TP4,40389,7698388,0.4563618807100943,0,21957,190.60605610438486,0,3,30,0.17981309853439448,Peve,POR-73,TP4,Manava,High,0.8790913265466336
genes,POR-74-TP1,40389,9961105,0.4104335338829879,0,23812,246.6291564534898,0,6,64,0.10407811181590798,Peve,POR-74,TP1,Manava,High,0.8916095433154484
genes,POR-74-TP2,40389,6560607,0.43142934957537943,0,22964,162.4354898611008,0,3,29,0.21350615880512275,Peve,POR-74,TP2,Manava,High,0.8767576205474747
genes,POR-74-TP3,40389,9892264,0.4090222585357399,0,23869,244.9247072222635,0,5,51,0.17080094101815319,Peve,POR-74,TP3,Manava,High,0.8921729293558381
genes,POR-74-TP4,40389,7396936,0.4917180420411498,0,20529,183.1423407363391,0,1,23,0.24401157452220756,Peve,POR-74,TP4,Manava,High,0.8788488619875382
genes,POR-83-TP1,40389,8143181,0.3814900096560945,0,24981,201.6187823417267,0,6,52,0.1385242450094134,Peve,POR-83,TP1,Manava,High,0.8748098808055433
genes,POR-83-TP2,40389,8920401,0.46242788878159896,0,21712,220.86214068186882,0,2,36,0.15394588202929443,Peve,POR-83,TP2,Manava,High,0.8779737727957415
genes,POR-83-TP3,40389,7378234,0.4743618311916611,0,21230,182.67929386714204,0,2,28,0.22897416915755178,Peve,POR-83,TP3,Manava,High,0.8673155298657825
genes,POR-83-TP4,40389,8921056,0.48042783926316573,0,20985,220.87835796875387,0,2,28,0.2157346619054964,Peve,POR-83,TP4,Manava,High,0.8677817635043727
genes,POC-201-TP1,31840,14156049,0.29462939698492463,0,22459,444.59952889447237,0,30,226,0.014476073090733156,Ptuh,POC-201,TP1,Mahana,Low,0.919325890302481
genes,POC-201-TP2,31840,12128968,0.2760678391959799,0,23050,380.9349246231156,0,41,255,0.019794017100218254,Ptuh,POC-201,TP2,Mahana,Low,0.9047664086646667
genes,POC-201-TP3,31840,5705767,0.3956030150753769,0,19244,179.20122487437186,0,9,73,0.03401330618653022,Ptuh,POC-201,TP3,Mahana,Low,0.8997260488432476
genes,POC-219-TP1,31840,12372485,0.30574748743718594,0,22105,388.5830716080402,0,29,229,0.02363518727240324,Ptuh,POC-219,TP1,Mahana,Low,0.9209661026047461
genes,POC-219-TP2,31840,9323253,0.32126256281407034,0,21611,292.81573492462314,0,20,153,0.02286766217756828,Ptuh,POC-219,TP2,Mahana,Low,0.9243856956682397
genes,POC-219-TP3,31840,3561376,0.5124371859296483,0,15524,111.85226130653267,0,0,37,0.03829109872139308,Ptuh,POC-219,TP3,Mahana,Low,0.8711904257704666
genes,POC-219-TP4,31840,9248890,0.3478957286432161,0,20763,290.4802135678392,0,17,127,0.019861734759522492,Ptuh,POC-219,TP4,Mahana,Low,0.910223269237573
genes,POC-222-TP1,31840,13491278,0.2773241206030151,0,23010,423.72104271356784,0,36,295,0.014813422420025738,Ptuh,POC-222,TP1,Mahana,Low,0.9104300411189328
genes,POC-222-TP2,31840,12054030,0.2983354271356784,0,22341,378.58134422110555,0,26,183,0.019258123631681688,Ptuh,POC-222,TP2,Mahana,Low,0.924208744377431
genes,POC-222-TP3,31840,17472850,0.27324120603015073,0,23140,548.7704145728643,0,44,342.25,0.019561319418411993,Ptuh,POC-222,TP3,Mahana,Low,0.910423470457149
genes,POC-222-TP4,31840,9679674,0.3319723618090452,0,21270,304.0098618090452,0,17,134,0.022600761141335957,Ptuh,POC-222,TP4,Mahana,Low,0.9213017314046258
genes,POC-255-TP1,31840,12310637,0.30370603015075376,0,22170,386.6406092964824,0,23,202,0.02112896351342339,Ptuh,POC-255,TP1,Mahana,Low,0.8951172029968686
genes,POC-255-TP2,31840,11512727,0.31655150753768846,0,21761,361.58062185929646,0,26,185,0.025643794037676738,Ptuh,POC-255,TP2,Mahana,Low,0.9261340947934031
genes,POC-255-TP3,31840,8262035,0.39613693467336686,0,19227,259.48602386934675,0,13,108,0.043024993237138306,Ptuh,POC-255,TP3,Mahana,Low,0.892836352547931
genes,POC-255-TP4,31840,13538800,0.2896356783919598,0,22618,425.213567839196,0,31,228,0.027207138003368096,Ptuh,POC-255,TP4,Mahana,Low,0.9254572352757052
genes,POC-259-TP1,31840,9644015,0.27653894472361806,0,23035,302.88991834170855,0,33.5,212,0.02427754415562398,Ptuh,POC-259,TP1,Mahana,Low,0.9047748545965957
genes,POC-259-TP2,31840,11771261,0.2776695979899497,0,22999,369.7004082914573,0,42,272,0.014096195811136972,Ptuh,POC-259,TP2,Mahana,Low,0.8978786284007285
genes,POC-259-TP3,31840,11741362,0.3376570351758794,0,21089,368.76136934673366,0,21,163,0.028694626739214753,Ptuh,POC-259,TP3,Mahana,Low,0.9195055065734452
genes,POC-259-TP4,31840,13195485,0.27861180904522614,0,22969,414.43106155778895,0,36,254,0.019532590124576702,Ptuh,POC-259,TP4,Mahana,Low,0.9254041105364135
genes,POC-40-TP1,31840,10669167,0.301570351758794,0,22238,335.08690326633166,0,22,152,0.018915159918295402,Ptuh,POC-40,TP1,Manava,High,0.9083457573223466
genes,POC-40-TP2,31840,12624982,0.32097989949748745,0,21620,396.5132537688442,0,20,155,0.020252860558533866,Ptuh,POC-40,TP2,Manava,High,0.9085533021906769
genes,POC-40-TP3,31840,12456674,0.2734610552763819,0,23133,391.2271984924623,0,33,221,0.014286879467183615,Ptuh,POC-40,TP3,Manava,High,0.9200434246980664
genes,POC-40-TP4,31840,12136184,0.2943781407035176,0,22467,381.1615577889447,0,23,171,0.01770474145744659,Ptuh,POC-40,TP4,Manava,High,0.9042728543299743
genes,POC-42-TP1,31840,9878615,0.309108040201005,0,21998,310.25800879396985,0,20,158.25,0.019810064467539225,Ptuh,POC-42,TP1,Manava,High,0.9167018135367304
genes,POC-42-TP2,31840,13381358,0.3254711055276382,0,21477,420.2687814070352,0,23,202,0.02043432363142814,Ptuh,POC-42,TP2,Manava,High,0.9111368155051887
genes,POC-42-TP3,31840,11817894,0.322927135678392,0,21558,371.16501256281407,0,19,160,0.019809620901998275,Ptuh,POC-42,TP3,Manava,High,0.9156972826334546
genes,POC-42-TP4,31840,6285257,0.4118718592964824,0,18726,197.4012876884422,0,7,60,0.02856510083835872,Ptuh,POC-42,TP4,Manava,High,0.8347591357901856
genes,POC-52-TP1,31840,2278912,0.6611494974874372,0,10789,71.57386934673367,0,0,18,0.03851487025387553,Ptuh,POC-52,TP1,Manava,High,0.7879434705524291
genes,POC-52-TP2,31840,11963608,0.32814070351758795,0,21392,375.74145728643214,0,22,164,0.026254537928691746,Ptuh,POC-52,TP2,Manava,High,0.9181011093628186
genes,POC-52-TP3,31840,11474693,0.3193153266331658,0,21673,360.3860866834171,0,24,183,0.01923546015566604,Ptuh,POC-52,TP3,Manava,High,0.9256525270049257
genes,POC-52-TP4,31840,13673782,0.2827575376884422,0,22837,429.4529522613065,0,37,281,0.012233777019408382,Ptuh,POC-52,TP4,Manava,High,0.9195775411565612
genes,POC-53-TP1,31840,11651923,0.2689070351758794,0,23278,365.9523555276382,0,32,211,0.016267186111683023,Ptuh,POC-53,TP1,Manava,High,0.922793248320646
genes,POC-53-TP2,31840,11300439,0.29981155778894475,0,22294,354.9132851758794,0,23,168,0.016493695510413357,Ptuh,POC-53,TP2,Manava,High,0.9240580574315177
genes,POC-53-TP3,31840,13674661,0.2880967336683417,0,22667,429.48055904522613,0,39,271,0.015169955584273717,Ptuh,POC-53,TP3,Manava,High,0.9168357604343658
genes,POC-53-TP4,31840,10585055,0.3410175879396985,0,20982,332.4451947236181,0,15,127,0.019847605893403484,Ptuh,POC-53,TP4,Manava,High,0.909062092202185
genes,POC-57-TP1,31840,11608080,0.28900753768844223,0,22638,364.5753768844221,0,27,199,0.012798843564138082,Ptuh,POC-57,TP1,Manava,High,0.9255725603959364
genes,POC-57-TP2,31840,7377927,0.3118404522613065,0,21911,231.71881281407036,0,18,114,0.027085250369107746,Ptuh,POC-57,TP2,Manava,High,0.9091316664813756
genes,POC-57-TP3,31840,14924590,0.27810929648241206,0,22985,468.7371231155779,0,38,283,0.014443746863397923,Ptuh,POC-57,TP3,Manava,High,0.9195487693759816
genes,POC-57-TP4,31840,15558212,0.2917713567839196,0,22550,488.63731155778896,0,30,237,0.011105903429005852,Ptuh,POC-57,TP4,Manava,High,0.9082979184454062
mirna,ACR-139-TP1,51,173476,0.09803921568627451,0,46,3401.4901960784314,38.5,308,1146.5,0.4115843113744841,Apul,ACR-139,TP1,Manava,High,0.9304157715415813
mirna,ACR-139-TP2,51,251737,0.058823529411764705,0,48,4936.019607843137,39,347,1161,0.5170991947945673,Apul,ACR-139,TP2,Manava,High,0.9488841200251138
mirna,ACR-139-TP3,51,8694,0.23529411764705882,0,39,170.47058823529412,1,16,83,0.34069473199907985,Apul,ACR-139,TP3,Manava,High,0.8510131168469738
mirna,ACR-139-TP4,51,27094,0.0784313725490196,0,47,531.2549019607843,7,51,210,0.3416623606702591,Apul,ACR-139,TP4,Manava,High,0.862609690809456
mirna,ACR-145-TP1,51,139423,0.0784313725490196,0,47,2733.7843137254904,29,139,517.5,0.6203639284766502,Apul,ACR-145,TP1,Manava,High,0.9055539242368907
mirna,ACR-145-TP2,51,337602,0.0196078431372549,0,50,6619.64705882353,56.5,324,1414.5,0.4511140336846346,Apul,ACR-145,TP2,Manava,High,0.9352535577709302
mirna,ACR-145-TP3,51,52569,0.13725490196078433,0,44,1030.764705882353,9,76,277,0.6692727653179631,Apul,ACR-145,TP3,Manava,High,0.9352882636532553
mirna,ACR-145-TP4,51,60192,0.13725490196078433,0,44,1180.235294117647,13,101,334,0.614300903774588,Apul,ACR-145,TP4,Manava,High,0.8870167933772234
mirna,ACR-150-TP1,51,111141,0.13725490196078433,0,44,2179.235294117647,10.5,125,382,0.6956028828245202,Apul,ACR-150,TP1,Manava,High,0.9028016987706928
mirna,ACR-150-TP2,51,381309,0.11764705882352941,0,45,7476.64705882353,58,589,1571.5,0.4341492070735283,Apul,ACR-150,TP2,Manava,High,0.9038159110124319
mirna,ACR-150-TP3,51,231410,0.058823529411764705,0,48,4537.4509803921565,44,399,1101,0.5662028434380537,Apul,ACR-150,TP3,Manava,High,0.895053556334407
mirna,ACR-150-TP4,51,80541,0.09803921568627451,0,46,1579.235294117647,14,132,558.5,0.6693733626351795,Apul,ACR-150,TP4,Manava,High,0.9193016347163937
mirna,ACR-173-TP1,51,199374,0.0196078431372549,0,50,3909.294117647059,39,308,1017.5,0.5931666114939761,Apul,ACR-173,TP1,Manava,High,0.9277267818752071
mirna,ACR-173-TP2,51,169746,0.058823529411764705,0,48,3328.3529411764707,59,247,886,0.3718379225430938,Apul,ACR-173,TP2,Manava,High,0.9154551460224979
mirna,ACR-173-TP3,51,96977,0.058823529411764705,0,48,1901.5098039215686,29,154,544,0.6367901667405673,Apul,ACR-173,TP3,Manava,High,0.9296525814865982
mirna,ACR-173-TP4,51,41950,0.0392156862745098,0,49,822.5490196078431,8,73,224,0.5964481525625744,Apul,ACR-173,TP4,Manava,High,0.9222871960150779
mirna,ACR-186-TP1,51,37722,0.09803921568627451,0,46,739.6470588235294,6,57,218.5,0.5647632681193998,Apul,ACR-186,TP1,Manava,High,0.8804256527127966
mirna,ACR-186-TP2,51,136691,0.0784313725490196,0,47,2680.2156862745096,35.5,224,962,0.4693286317314234,Apul,ACR-186,TP2,Manava,High,0.9090763105115496
mirna,ACR-186-TP3,51,59576,0.058823529411764705,0,48,1168.1568627450981,7,65,396,0.6352222371424735,Apul,ACR-186,TP3,Manava,High,0.8642388603388401
mirna,ACR-186-TP4,51,96568,0.0784313725490196,0,47,1893.4901960784314,19,173,773,0.593022533344379,Apul,ACR-186,TP4,Manava,High,0.9379671271099852
mirna,ACR-225-TP1,51,121830,0.11764705882352941,0,45,2388.823529411765,16.5,173,630,0.7217434129524748,Apul,ACR-225,TP1,Mahana,Low,0.9365447035878635
mirna,ACR-225-TP2,51,252567,0.0392156862745098,0,49,4952.294117647059,42.5,488,1632.5,0.4986082900774844,Apul,ACR-225,TP2,Mahana,Low,0.9266754692030658
mirna,ACR-225-TP3,51,78756,0.11764705882352941,0,45,1544.235294117647,12.5,131,770.5,0.6166387322870639,Apul,ACR-225,TP3,Mahana,Low,0.9014160541118582
mirna,ACR-225-TP4,51,375150,0.0392156862745098,0,49,7355.882352941177,61,651,2507,0.6230974276955884,Apul,ACR-225,TP4,Mahana,Low,0.9405062243794973
mirna,ACR-229-TP1,51,493760,0.0196078431372549,0,50,9681.56862745098,82,649,2765,0.727349319507453,Apul,ACR-229,TP1,Mahana,Low,0.9175279451620817
mirna,ACR-229-TP2,51,396374,0.0196078431372549,0,50,7772.0392156862745,67.5,476,2484,0.46152118958357513,Apul,ACR-229,TP2,Mahana,Low,0.9427360206239856
mirna,ACR-229-TP3,51,134667,0.09803921568627451,0,46,2640.529411764706,27.5,217,1011.5,0.6116271989425769,Apul,ACR-229,TP3,Mahana,Low,0.9369839022296358
mirna,ACR-229-TP4,51,231766,0.0392156862745098,0,49,4544.431372549019,28.5,253,1374,0.7282086242158039,Apul,ACR-229,TP4,Mahana,Low,0.8873961633411055
mirna,ACR-237-TP1,51,131153,0.0196078431372549,0,50,2571.627450980392,19,170,631.5,0.7083635143687144,Apul,ACR-237,TP1,Mahana,Low,0.9369029025956485
mirna,ACR-237-TP2,51,181699,0.0392156862745098,0,49,3562.7254901960782,44,270,1169.5,0.4549942487300425,Apul,ACR-237,TP2,Mahana,Low,0.9460263785865739
mirna,ACR-237-TP3,51,174595,0.0784313725490196,0,47,3423.4313725490197,27.5,270,844,0.572960279503995,Apul,ACR-237,TP3,Mahana,Low,0.9439857736829719
mirna,ACR-237-TP4,51,318975,0.0196078431372549,0,50,6254.411764705882,43.5,337,1182.5,0.7284583431303394,Apul,ACR-237,TP4,Mahana,Low,0.95028978183425294
mirna,ACR-244-TP1,51,128554,0.058823529411764705,0,48,2520.6666666666665,30,253,925,0.6275572910994601,Apul,ACR-244,TP1,Mahana,Low,0.9391735452672951
mirna,ACR-244-TP2,51,312896,0.0392156862745098,0,49,6135.21568627451,112,689,1921.5,0.43440632031090204,Apul,ACR-244,TP2,Mahana,Low,0.9084392378876366
mirna,ACR-244-TP3,51,252020,0.0392156862745098,0,49,4941.568627450981,83,445,1626.5,0.4661058646139195,Apul,ACR-244,TP3,Mahana,Low,0.9138958979434816
mirna,ACR-244-TP4,51,174703,0.0196078431372549,0,50,3425.549019607843,37.5,263,1062,0.6184038053153066,Apul,ACR-244,TP4,Mahana,Low,0.9452475995090954
mirna,ACR-265-TP1,51,40662,0.13725490196078433,0,44,797.2941176470588,9.5,67,171,0.6744872362402243,Apul,ACR-265,TP1,Mahana,Low,0.8403842041283923
mirna,ACR-265-TP2,51,166050,0.11764705882352941,0,45,3255.8823529411766,30.5,288,1014.5,0.3677506775067751,Apul,ACR-265,TP2,Mahana,Low,0.8933372701600527
mirna,ACR-265-TP3,51,42556,0.13725490196078433,0,44,834.4313725490196,8,75,304,0.3979932324466585,Apul,ACR-265,TP3,Mahana,Low,0.8313740176315161
mirna,ACR-265-TP4,51,57718,0.17647058823529413,0,42,1131.7254901960785,8,70,327,0.5990852073876434,Apul,ACR-265,TP4,Mahana,Low,0.897601108876441
mirna,POR-216-TP1,48,229255,0.020833333333333332,0,47,4776.145833333333,169.75,388,1330.75,0.42037905389195435,Peve,POR-216,TP1,Mahana,Low,0.650213111676022
mirna,POR-216-TP2,48,82249,0.020833333333333332,0,47,1713.5208333333333,20.75,50,209,0.659801334970638,Peve,POR-216,TP2,Mahana,Low,0.6595884656236579
mirna,POR-216-TP3,48,134985,0.10416666666666667,0,43,2812.1875,119.5,398,1413.25,0.36169203985628035,Peve,POR-216,TP3,Mahana,Low,0.6123960865121384
mirna,POR-216-TP4,48,351,0.5,0,24,7.3125,0,0.5,3,0.4843304843304843,Peve,POR-216,TP4,Mahana,Low,0.48763007356796545
mirna,POR-236-TP1,48,199211,0.0625,0,45,4150.229166666667,223.25,488.5,1351.75,0.25715447440151395,Peve,POR-236,TP1,Mahana,Low,0.7798296663688865
mirna,POR-236-TP2,48,0,1,0,0,0,0,0,0,NA,Peve,POR-236,TP2,Mahana,Low,NA
mirna,POR-245-TP1,48,984154,0.020833333333333332,0,47,20503.208333333332,275.25,500.5,2628.5,0.464132645907043,Peve,POR-245,TP1,Mahana,Low,0.6602647001344977
mirna,POR-245-TP2,48,2404,0.14583333333333334,0,41,50.083333333333336,1,9.5,28.75,0.24292845257903495,Peve,POR-245,TP2,Mahana,Low,0.6373564511510817
mirna,POR-245-TP3,48,19793,0.08333333333333333,0,44,412.3541666666667,31.75,87.5,250,0.31076643257717373,Peve,POR-245,TP3,Mahana,Low,0.6747611152854073
mirna,POR-245-TP4,48,9102,0.14583333333333334,0,41,189.625,14.5,42,127.75,0.24774774774774774,Peve,POR-245,TP4,Mahana,Low,0.7203736799333545
mirna,POR-260-TP1,48,115583,0,0,48,2407.9791666666665,153.5,293.5,867.5,0.27181332894975907,Peve,POR-260,TP1,Mahana,Low,0.7770241826456203
mirna,POR-260-TP2,48,3123,0.14583333333333334,0,41,65.0625,3.75,12,39,0.18475824527697726,Peve,POR-260,TP2,Mahana,Low,0.6721434435638394
mirna,POR-260-TP3,48,83604,0.0625,0,45,1741.75,19.25,47.5,338.25,0.45922443902205634,Peve,POR-260,TP3,Mahana,Low,0.6521385051691123
mirna,POR-260-TP4,48,13114,0.08333333333333333,0,44,273.2083333333333,25.5,41,159.25,0.2734482232728382,Peve,POR-260,TP4,Mahana,Low,0.7271747258329051
mirna,POR-262-TP1,48,829194,0,0,48,17274.875,272.5,690,2899.25,0.4924215563547252,Peve,POR-262,TP1,Mahana,Low,0.6911309181939052
mirna,POR-262-TP2,48,241,0.5,0,24,5.020833333333333,0,0.5,4,0.2572614107883817,Peve,POR-262,TP2,Mahana,Low,0.5079782641431632
mirna,POR-262-TP3,48,5,0.9583333333333334,0,2,0.10416666666666667,0,0,0,0.8,Peve,POR-262,TP3,Mahana,Low,0.34250447866839817
mirna,POR-262-TP4,48,5,0.9166666666666666,0,4,0.10416666666666667,0,0,0,0.4,Peve,POR-262,TP4,Mahana,Low,0.305381491979768
mirna,POR-69-TP1,48,252734,0.020833333333333332,0,47,5265.291666666667,238.25,808.5,2544,0.2756574105581362,Peve,POR-69,TP1,Manava,High,0.7730898736121234
mirna,POR-69-TP2,48,55,0.7916666666666666,0,10,1.1458333333333333,0,0,0,0.6363636363636364,Peve,POR-69,TP2,Manava,High,0.4359042036933882
mirna,POR-69-TP4,48,1368,0.20833333333333334,0,38,28.5,1,6.5,23,0.22587719298245615,Peve,POR-69,TP4,Manava,High,0.6564417073021325
mirna,POR-72-TP1,48,64433,0.041666666666666664,0,46,1342.3541666666667,67.75,257.5,649.75,0.2930020331196747,Peve,POR-72,TP1,Manava,High,0.6595884656236579
mirna,POR-72-TP2,48,163983,0.041666666666666664,0,46,3416.3125,105.25,426.5,1227.5,0.4628284639261387,Peve,POR-72,TP2,Manava,High,0.7146648947518406
mirna,POR-72-TP3,48,20077,0.0625,0,45,418.2708333333333,6,18.5,90.5,0.3506998057478707,Peve,POR-72,TP3,Manava,High,0.6128153589144674
mirna,POR-72-TP4,48,969024,0.041666666666666664,0,46,20188,275.25,774,3186.25,0.43100583680073973,Peve,POR-72,TP4,Manava,High,0.7105442555698419
mirna,POR-73-TP1,48,164865,0.020833333333333332,0,47,3434.6875,116.25,374.5,1439,0.29450156188396565,Peve,POR-73,TP1,Manava,High,0.7265054525376589
mirna,POR-73-TP2,48,3672,0.125,0,42,76.5,2,11,42.25,0.2576252723311547,Peve,POR-73,TP2,Manava,High,0.645237387063776
mirna,POR-73-TP3,48,1131439,0,0,48,23571.645833333332,218.5,609,4535,0.5659766014782944,Peve,POR-73,TP3,Manava,High,0.7120608280767289
mirna,POR-73-TP4,48,8567,0.10416666666666667,0,43,178.47916666666666,8.25,25.5,86.5,0.23637212559822576,Peve,POR-73,TP4,Manava,High,0.6584992134607195
mirna,POR-74-TP1,48,120476,0.041666666666666664,0,46,2509.9166666666665,191,447.5,1027,0.2972957269497659,Peve,POR-74,TP1,Manava,High,0.6825553738587912
mirna,POR-74-TP2,48,194509,0.08333333333333333,0,44,4052.2708333333335,68.25,209,760.5,0.3485854125001928,Peve,POR-74,TP2,Manava,High,0.6929803975701038
mirna,POR-74-TP3,48,10570,0.0625,0,45,220.20833333333334,13.75,35,98,0.3228949858088931,Peve,POR-74,TP3,Manava,High,0.6706688129876626
mirna,POR-74-TP4,48,3,0.9583333333333334,0,2,0.0625,0,0,0,0.6666666666666666,Peve,POR-74,TP4,Manava,High,0.21226782250928164
mirna,POR-83-TP1,48,8925,0.08333333333333333,0,44,185.9375,19.75,38,125.25,0.2879551820728291,Peve,POR-83,TP1,Manava,High,0.5832514490512227
mirna,POR-83-TP2,48,609996,0.020833333333333332,0,47,12708.25,939.75,2003.5,6301.75,0.28362645000950826,Peve,POR-83,TP2,Manava,High,0.7472691111631685
mirna,POR-83-TP3,48,69,0.6666666666666666,0,16,1.4375,0,0,1,0.2318840579710145,Peve,POR-83,TP3,Manava,High,0.5554647480717128
mirna,POR-83-TP4,48,27077,0.08333333333333333,0,44,564.1041666666666,51.75,120,451.25,0.21435166377368245,Peve,POR-83,TP4,Manava,High,0.7146648947518406
mirna,POC-201-TP1,40,64477,0,0,40,1611.925,34.5,301.5,934,0.5423949625447834,Ptuh,POC-201,TP1,Mahana,Low,0.9452852876497111
mirna,POC-201-TP2,40,63161,0,0,40,1579.025,61,188,688,0.4027960291952312,Ptuh,POC-201,TP2,Mahana,Low,0.9380498473839651
mirna,POC-201-TP3,40,7032,0.025,0,39,175.8,4.75,26,92.5,0.40671217292377704,Ptuh,POC-201,TP3,Mahana,Low,0.7644514316197357
mirna,POC-219-TP1,40,6883,0.025,0,39,172.075,11.75,39,76.25,0.5314543077146593,Ptuh,POC-219,TP1,Mahana,Low,0.7926992512630988
mirna,POC-219-TP2,40,19444,0,0,40,486.1,30.25,81.5,162,0.451913186587122,Ptuh,POC-219,TP2,Mahana,Low,0.9149887283822618
mirna,POC-219-TP3,40,1505,0.1,0,36,37.625,2.75,8.5,31.75,0.24916943521594684,Ptuh,POC-219,TP3,Mahana,Low,0.6143599112230942
mirna,POC-219-TP4,40,2842,0,0,40,71.05,6,25,41,0.4697396199859254,Ptuh,POC-219,TP4,Mahana,Low,0.8977399457155748
mirna,POC-222-TP1,40,158701,0,0,40,3967.525,221,559,2153,0.4304257692138046,Ptuh,POC-222,TP1,Mahana,Low,0.9511781866075003
mirna,POC-222-TP2,40,256028,0,0,40,6400.7,245,958.5,3115.75,0.4789905791554049,Ptuh,POC-222,TP2,Mahana,Low,0.9412214827365504
mirna,POC-222-TP3,40,96883,0,0,40,2422.075,112.25,415.5,1070.25,0.5597576458202161,Ptuh,POC-222,TP3,Mahana,Low,0.9547926605983196
mirna,POC-222-TP4,40,22434,0,0,40,560.85,21.25,77.5,274,0.5258981902469466,Ptuh,POC-222,TP4,Mahana,Low,0.9261848296033419
mirna,POC-255-TP1,40,647864,0,0,40,16196.6,335.5,1978.5,8590.75,0.36189539779953817,Ptuh,POC-255,TP1,Mahana,Low,0.9440714675694527
mirna,POC-255-TP2,40,185894,0,0,40,4647.35,171.25,564,1627.75,0.42040087361614686,Ptuh,POC-255,TP2,Mahana,Low,0.9499576965306399
mirna,POC-255-TP3,40,6971,0.025,0,39,174.275,5,44.5,70.25,0.5234543107158227,Ptuh,POC-255,TP3,Mahana,Low,0.868373048843094
mirna,POC-255-TP4,40,47286,0,0,40,1182.15,29.75,202,523,0.4308463392970435,Ptuh,POC-255,TP4,Mahana,Low,0.9502539683600748
mirna,POC-259-TP1,40,225168,0,0,40,5629.2,137.25,634.5,2958.5,0.45761387053222485,Ptuh,POC-259,TP1,Mahana,Low,0.9499626676498342
mirna,POC-259-TP2,40,216202,0,0,40,5405.05,215.25,661.5,2476.5,0.43045392734572296,Ptuh,POC-259,TP2,Mahana,Low,0.9530506173116187
mirna,POC-259-TP3,40,8016,0.025,0,39,200.4,8.5,36,108.75,0.4186626746506986,Ptuh,POC-259,TP3,Mahana,Low,0.8561355689373605
mirna,POC-259-TP4,40,85038,0,0,40,2125.95,124.75,441,1327.5,0.3965756485335967,Ptuh,POC-259,TP4,Mahana,Low,0.954652828139407
mirna,POC-40-TP1,40,30981,0,0,40,774.525,61.5,150,485.5,0.42122591265614406,Ptuh,POC-40,TP1,Manava,High,0.9417336811449872
mirna,POC-40-TP2,40,308332,0,0,40,7708.3,218.5,1229.5,2943.5,0.43621810256476784,Ptuh,POC-40,TP2,Manava,High,0.9510456330859323
mirna,POC-40-TP3,40,161927,0,0,40,4048.175,203.5,685.5,1893.25,0.5523661897027673,Ptuh,POC-40,TP3,Manava,High,0.9520280786661764
mirna,POC-40-TP4,40,342703,0,0,40,8567.575,274.75,1110.5,3721.75,0.4273321213995792,Ptuh,POC-40,TP4,Manava,High,0.9573204662720647
mirna,POC-42-TP1,40,49312,0,0,40,1232.8,43.25,180,645.5,0.5046641791044776,Ptuh,POC-42,TP1,Manava,High,0.9376938433106718
mirna,POC-42-TP2,40,238389,0,0,40,5959.725,154,516,2003.5,0.3839522796773341,Ptuh,POC-42,TP2,Manava,High,0.957800359277577
mirna,POC-42-TP3,40,74702,0,0,40,1867.55,85.5,322.5,831.5,0.4502556825787797,Ptuh,POC-42,TP3,Manava,High,0.9487612750787446
mirna,POC-42-TP4,40,210842,0,0,40,5271.05,183.5,709,2148,0.38126654082203737,Ptuh,POC-42,TP4,Manava,High,0.95446931179728145
mirna,POC-52-TP1,40,401,0.275,0,29,10.025,0,2,5.25,0.4389027431421446,Ptuh,POC-52,TP1,Manava,High,0.6813656419274516
mirna,POC-52-TP2,40,192570,0,0,40,4814.25,144.75,842,2049.75,0.3507347977358882,Ptuh,POC-52,TP2,Manava,High,0.9416810540997403
mirna,POC-52-TP3,40,71727,0,0,40,1793.175,40.75,279.5,892,0.35077446428820386,Ptuh,POC-52,TP3,Manava,High,0.9246349076905507
mirna,POC-52-TP4,40,102328,0,0,40,2558.2,81.5,448,1171.75,0.5202486123055273,Ptuh,POC-52,TP4,Manava,High,0.9583548530216315
mirna,POC-53-TP1,40,27789,0,0,40,694.725,27.5,83,401.75,0.3948684731368527,Ptuh,POC-53,TP1,Manava,High,0.9214140604656278
mirna,POC-53-TP2,40,176295,0,0,40,4407.375,214.25,709.5,1835.5,0.44244022802688676,Ptuh,POC-53,TP2,Manava,High,0.9526464697376276
mirna,POC-53-TP3,40,27278,0,0,40,681.95,42,134,281.5,0.5370994940978078,Ptuh,POC-53,TP3,Manava,High,0.9387504087873966
mirna,POC-53-TP4,40,6563,0,0,40,164.075,10.25,38.5,82.25,0.4728020722230687,Ptuh,POC-53,TP4,Manava,High,0.9265592104853455
mirna,POC-57-TP1,40,80976,0,0,40,2024.4,68,251,685.5,0.5372332542975696,Ptuh,POC-57,TP1,Manava,High,0.9521669244753705
mirna,POC-57-TP2,40,21888,0,0,40,547.2,64.75,133.5,273.75,0.3717105263157895,Ptuh,POC-57,TP2,Manava,High,0.9283094111767554
mirna,POC-57-TP3,40,72359,0,0,40,1808.975,43.75,246,496,0.5550518940283863,Ptuh,POC-57,TP3,Manava,High,0.9545450495909109
mirna,POC-57-TP4,40,37894,0,0,40,947.35,33,182,411.25,0.4940623845463662,Ptuh,POC-57,TP4,Manava,High,0.9488233644376874
lncrna,ACR-139-TP1,15559,4127638.690000016,0.016260685134006043,0,15306,265.2894588341163,20,50.5,142.165,0.051684756351578626,Apul,ACR-139,TP1,Manava,High,0.6876810124853665
lncrna,ACR-139-TP2,15559,4464977.590000028,0.044283051610000644,0,14870,286.97073012404576,13.67,41.25,139,0.06097403503429416,Apul,ACR-139,TP2,Manava,High,0.7213625141810311
lncrna,ACR-139-TP3,15559,4164096.5899999994,0.03959123336975384,0,14943,267.63266212481517,11.875,35,124,0.041162229620615026,Apul,ACR-139,TP3,Manava,High,0.7334921931919561
lncrna,ACR-139-TP4,15559,4356020.910000015,0.016389228099492257,0,15304,279.9679227456787,20.185000000000002,50,147.975,0.030100252663846725,Apul,ACR-139,TP4,Manava,High,0.6857880977124415
lncrna,ACR-145-TP1,15559,4792388.100000022,0.01484671251365769,0,15328,308.0138890674222,24.65,61,167,0.020584309522010447,Apul,ACR-145,TP1,Manava,High,0.6912019546469697
lncrna,ACR-145-TP2,15559,4218237.84000002,0.026415579407416928,0,15148,271.1124005398818,12.125,31,94.195,0.05220705383459339,Apul,ACR-145,TP2,Manava,High,0.7153990970320288
lncrna,ACR-145-TP3,15559,5845465.440000027,0.0680635002249502,0,14500,375.6967311523895,14,43,152.255,0.05594727286592228,Apul,ACR-145,TP3,Manava,High,0.7266088322717712
lncrna,ACR-145-TP4,15559,4944264.640000033,0.039719776335240056,0,14941,317.7752194871157,16,46,153,0.034771399291442226,Apul,ACR-145,TP4,Manava,High,0.7121594195429777
lncrna,ACR-150-TP1,15559,4536863.450000036,0.05238125843563211,0,14744,291.59094093450966,17.925,57,157.91000000000003,0.04635752702673878,Apul,ACR-150,TP1,Manava,High,0.6188249787672744
lncrna,ACR-150-TP2,15559,4493399.970000014,0.021338132270711484,0,15227,288.7974786297329,15.22,39.25,123,0.05125183636835234,Apul,ACR-150,TP2,Manava,High,0.7228716618352142
lncrna,ACR-150-TP3,15559,4185417.680000028,0.013368468410566232,0,15351,269.0030001928163,23.604999999999997,55.68,147,0.022164136794108294,Apul,ACR-150,TP3,Manava,High,0.6916471203225141
lncrna,ACR-150-TP4,15559,5522903.819999992,0.019924159650363135,0,15249,354.96521755896856,17.5,49.48,165,0.02518765572129775,Apul,ACR-150,TP4,Manava,High,0.7262435688677572
lncrna,ACR-173-TP1,15559,3742124.1200000164,0.022944919339289157,0,15202,240.5118658011451,22,67.17,188.925,0.01458917402237309,Apul,ACR-173,TP1,Manava,High,0.5735945258887435
lncrna,ACR-173-TP2,15559,3548892.89000001,0.020502602995051095,0,15240,228.09260813677037,15.8,38,109.5,0.05033562734546195,Apul,ACR-173,TP2,Manava,High,0.7097596962513707
lncrna,ACR-173-TP3,15559,4975719.040000049,0.04139083488656083,0,14915,319.7968404139115,13.5,41.8,149,0.04334408720955391,Apul,ACR-173,TP3,Manava,High,0.7362754834516554
lncrna,ACR-173-TP4,15559,3563315.6000000117,0.04074812005912976,0,14925,229.0195770936443,14,40,116,0.025621735554380784,Apul,ACR-173,TP4,Manava,High,0.664555803218459
lncrna,ACR-186-TP1,15559,2332470.0700000087,0.14731023844720098,0,13267,149.91130985281887,5.44,23,78,0.028287179693585417,Apul,ACR-186,TP1,Manava,High,0.6279385491867759
lncrna,ACR-186-TP2,15559,4246938.140000034,0.051674272125457936,0,14755,272.95701137605465,10.62,34,112.05,0.043519322369974175,Apul,ACR-186,TP2,Manava,High,0.7110140471782022
lncrna,ACR-186-TP3,15559,4119831.2600000063,0.05970820746834629,0,14630,264.7876637316027,8.905000000000001,27.13,98,0.036371611006223534,Apul,ACR-186,TP3,Manava,High,0.7326850714950677
lncrna,ACR-186-TP4,15559,4035569.9700000063,0.029629153544572275,0,15098,259.37206568545577,13.5,35.33,117.5,0.01864024178968699,Apul,ACR-186,TP4,Manava,High,0.7233682043857304
lncrna,ACR-225-TP1,15559,3853083.0200000084,0.0466610964714956,0,14833,247.6433588276887,11.42,36.5,132,0.038606603913766614,Apul,ACR-225,TP1,Mahana,Low,0.693659162257123
lncrna,ACR-225-TP2,15559,5406691.240000039,0.017224757375152645,0,15291,347.49606272896966,25,59.82,155.435,0.09562299325973647,Apul,ACR-225,TP2,Mahana,Low,0.6596331815663783
lncrna,ACR-225-TP3,15559,4505906.640000032,0.019731345202133814,0,15252,289.6013008548128,18,46.33,148.84,0.047433850071957655,Apul,ACR-225,TP3,Mahana,Low,0.7160275937647678
lncrna,ACR-225-TP4,15559,3434428.0300000426,0.05051738543608201,0,14773,220.7357818625903,10,31,109.71000000000001,0.03647361333700693,Apul,ACR-225,TP4,Mahana,Low,0.6946949058385127
lncrna,ACR-229-TP1,15559,5147394.070000004,0.0298862394755447,0,15094,330.830649141976,18.33,53.5,178,0.046227572003244705,Apul,ACR-229,TP1,Mahana,Low,0.7312813278939229
lncrna,ACR-229-TP2,15559,4881738.04000002,0.02474452085609615,0,15174,313.75654219422967,15,42,131.48,0.04591213173740865,Apul,ACR-229,TP2,Mahana,Low,0.7232622137439793
lncrna,ACR-229-TP3,15559,3978772.120000006,0.018703001478244104,0,15268,255.72158364933517,19,46,135.04000000000002,0.028203424728933665,Apul,ACR-229,TP3,Mahana,Low,0.7073786362626516
lncrna,ACR-229-TP4,15559,4615369.080000051,0.1091972491805386,0,13860,296.6366141782924,10,40,154,0.021218346420953816,Apul,ACR-229,TP4,Mahana,Low,0.6608437420746847
lncrna,ACR-237-TP1,15559,5712805.470000047,0.045439938299376564,0,14852,367.1704781798346,15.67,49.1,177.06,0.015514356381541427,Apul,ACR-237,TP1,Mahana,Low,0.7213939039335314
lncrna,ACR-237-TP2,15559,4347433.490000024,0.02108104633973906,0,15231,279.4159965293415,16.74,40.67,118.41499999999999,0.06094835047148669,Apul,ACR-237,TP2,Mahana,Low,0.7159782582983847
lncrna,ACR-237-TP3,15559,4603118.890000009,0.019024358891959636,0,15263,295.8492763031049,16.5,45,139,0.03573494492122486,Apul,ACR-237,TP3,Mahana,Low,0.7218148226896757
lncrna,ACR-237-TP4,15559,6667296.5700000245,0.039334147438781414,0,14947,428.5170364419323,15,47,168.67,0.0431977784363054,Apul,ACR-237,TP4,Mahana,Low,0.7197185231729051
lncrna,ACR-244-TP1,15559,2850707.130000004,0.06664952760460184,0,14522,183.21917411144702,8,26,94.655,0.03127581892286489,Apul,ACR-244,TP1,Mahana,Low,0.6961702169137782
lncrna,ACR-244-TP2,15559,5882957.790000057,0.02210939006362877,0,15215,378.1064200784149,20.67,54.07,167.8,0.09148170345787825,Apul,ACR-244,TP2,Mahana,Low,0.7152527728702482
lncrna,ACR-244-TP3,15559,5201209.110000024,0.01131178096278681,0,15383,334.2894215566568,33,85,218,0.04695379378815225,Apul,ACR-244,TP3,Mahana,Low,0.6552169504399435
lncrna,ACR-244-TP4,15559,6117082.550000027,0.051931358056430364,0,14751,393.153965550487,12,38,139.125,0.03075522497240113,Apul,ACR-244,TP4,Mahana,Low,0.708592678301007
lncrna,ACR-265-TP1,15559,6499426.890000034,0.06838485763866572,0,14495,417.727803200722,18,61.2,222.16500000000002,0.012513595641045755,Apul,ACR-265,TP1,Mahana,Low,0.6788028478961462
lncrna,ACR-265-TP2,15559,5916517.800000023,0.01484671251365769,0,15328,380.2633716819862,22.5,55.8,168,0.06019706388781567,Apul,ACR-265,TP2,Mahana,Low,0.7180607411860971
lncrna,ACR-265-TP3,15559,5316266.320000033,0.012982839514107591,0,15357,341.68431904364246,28,69,182.035,0.05327582986850784,Apul,ACR-265,TP3,Mahana,Low,0.6844181999021087
lncrna,ACR-265-TP4,15559,5470114.2800000515,0.05951539302011698,0,14633,351.57235554984584,13.2,42,150,0.02934598653394102,Apul,ACR-265,TP4,Mahana,Low,0.7146144924232868
lncrna,POR-216-TP1,8319,10152299.889999982,0.023199903834595505,0,8126,1220.3750318547882,25,67.2,209.29500000000002,0.2163676904544241,Peve,POR-216,TP1,Mahana,Low,0.7101259429022773
lncrna,POR-216-TP2,8319,11690737.520000014,0.024041351123933165,0,8119,1405.3056280802998,24,60,162.245,0.24351769211562938,Peve,POR-216,TP2,Mahana,Low,0.7026976640486782
lncrna,POR-216-TP3,8319,11485025.38999996,0.030412309171775453,0,8066,1380.5776403413822,16.35,40.98,103,0.26423327480340997,Peve,POR-216,TP3,Mahana,Low,0.7017442706609449
lncrna,POR-216-TP4,8319,17388247.53999991,0.02909003485995913,0,8077,2090.1848226950246,15.5,36,88,0.2723000370858549,Peve,POR-216,TP4,Mahana,Low,0.7262610481128565
lncrna,POR-236-TP1,8319,14543864.079999978,0.024041351123933165,0,8119,1748.2707152301932,26,64.5,166.2,0.2603974960965123,Peve,POR-236,TP1,Mahana,Low,0.6997272268148705
lncrna,POR-236-TP2,8319,15327215.690000013,0.03666306046399807,0,8014,1842.4348707777392,11,26,68.5,0.2696185513130204,Peve,POR-236,TP2,Mahana,Low,0.7120028840007951
lncrna,POR-245-TP1,8319,12442439.760000061,0.027286933525664143,0,8092,1495.665315542741,24.675,62.25,173,0.24955491365786486,Peve,POR-245,TP1,Mahana,Low,0.7263407527308834
lncrna,POR-245-TP2,8319,13713385.159999942,0.05902151700925592,0,7828,1648.441538646465,8.5,23,58.585,0.2735002850310095,Peve,POR-245,TP2,Mahana,Low,0.6812723960938425
lncrna,POR-245-TP3,8319,14001222.249999939,0.05096766438273831,0,7895,1683.0415013823704,7.5,20,52,0.26620539503256696,Peve,POR-245,TP3,Mahana,Low,0.7193571846490392
lncrna,POR-245-TP4,8319,8506352.040000012,0.02644548623632648,0,8099,1022.5209808871273,25,67.4,181,0.21540983624750115,Peve,POR-245,TP4,Mahana,Low,0.620751478481797
lncrna,POR-260-TP1,8319,8402903.710000014,0.02043514845534319,0,8149,1010.085792763555,33,80.67,211.18,0.21469414410319324,Peve,POR-260,TP1,Mahana,Low,0.7030798993606218
lncrna,POR-260-TP2,8319,13258265.009999976,0.03449933886284409,0,8032,1593.7330219978332,12,30.83,84.45,0.267353885846034,Peve,POR-260,TP2,Mahana,Low,0.7329734657708094
lncrna,POR-260-TP3,8319,11971163.009999987,0.02824858757062147,0,8084,1439.0146664262516,18,46,123,0.2585853627934186,Peve,POR-260,TP3,Mahana,Low,0.713990836337458
lncrna,POR-260-TP4,8319,13886659.780000025,0.02452217814641183,0,8115,1669.2703185479054,22.5,55.75,152,0.258525921054861,Peve,POR-260,TP4,Mahana,Low,0.7116966324794133
lncrna,POR-262-TP1,8319,12474560.120000023,0.02452217814641183,0,8115,1499.526399807672,26,64,179.70999999999998,0.24366829297063777,Peve,POR-262,TP1,Mahana,Low,0.7390410768840887
lncrna,POR-262-TP2,8319,13978707.660000008,0.02043514845534319,0,8149,1680.3350955643716,35.125,79,195.66,0.2468331246294908,Peve,POR-262,TP2,Mahana,Low,0.704172524995078
lncrna,POR-262-TP3,8319,15144440.599999975,0.023440317345834835,0,8124,1820.4640702007423,24,55.33,143.5,0.26321029315536465,Peve,POR-262,TP3,Mahana,Low,0.7049546641446052
lncrna,POR-262-TP4,8319,13467724.920000006,0.0284890010818608,0,8082,1618.9115182113242,19,45,113.465,0.26791947277164896,Peve,POR-262,TP4,Mahana,Low,0.6813718450503806
lncrna,POR-69-TP1,8319,15931290.309999997,0.02764755379252314,0,8089,1915.0487210001197,20.535,54,146,0.26296885302317996,Peve,POR-69,TP1,Manava,High,0.7135338956384152
lncrna,POR-69-TP2,8319,14991633.520000001,0.02560403894698882,0,8106,1802.0956268782306,16,41,114,0.2668146352873226,Peve,POR-69,TP2,Manava,High,0.7211409366764162
lncrna,POR-69-TP3,8319,17058332.059999973,0.03594181993028008,0,8020,2050.5267532155276,10.86,26.75,74,0.2756556545775207,Peve,POR-69,TP3,Manava,High,0.6974107207967797
lncrna,POR-69-TP4,8319,14191282.99000001,0.05084745762711865,0,7896,1705.8880863084516,8,23,66.08500000000001,0.2769167271746441,Peve,POR-69,TP4,Manava,High,0.6929810866004454
lncrna,POR-72-TP1,8319,7860289.870000039,0.024401971390792164,0,8116,944.8599435028295,31,79,208,0.19809902506814195,Peve,POR-72,TP1,Manava,High,0.6741604629985878
lncrna,POR-72-TP2,8319,7324603.860000009,0.029450655126818128,0,8074,880.466866209882,22,56.65,158.44,0.20935761978532422,Peve,POR-72,TP2,Manava,High,0.6931585544774027
lncrna,POR-72-TP3,8319,13008044.670000019,0.03221541050607044,0,8051,1563.654846736389,18,46.93,137,0.24842076514794098,Peve,POR-72,TP3,Manava,High,0.7008694427130717
lncrna,POR-72-TP4,8319,14977956.680000013,0.018872460632287535,0,8162,1800.4515783147028,30.775,74.92,206,0.2512529272450798,Peve,POR-72,TP4,Manava,High,0.7062558880479338
lncrna,POR-73-TP1,8319,15293956.550000018,0.04952518331530232,0,7907,1838.4368974636395,10.65,29.33,85.5,0.26945562690250974,Peve,POR-73,TP1,Manava,High,0.6986760989419849
lncrna,POR-73-TP2,8319,16933671.410000026,0.060704411587931245,0,7814,2035.5417009255953,7,20.25,61,0.27434860506720987,Peve,POR-73,TP2,Manava,High,0.7014949786964578
lncrna,POR-73-TP3,8319,15945329.430000043,0.06142565212164924,0,7808,1916.7363180670804,6,16,41,0.2778684886662757,Peve,POR-73,TP3,Manava,High,0.7332414050718402
lncrna,POR-73-TP4,8319,15876082.090000037,0.04014905637696838,0,7985,1908.412319990388,10,27,72.93,0.28270102753040055,Peve,POR-73,TP4,Manava,High,0.7110990504719609
lncrna,POR-74-TP1,8319,10635277.680000031,0.023440317345834835,0,8124,1278.4322250270502,25.5,65,174.35,0.23155477873709762,Peve,POR-74,TP1,Manava,High,0.7363835982955282
lncrna,POR-74-TP2,8319,16433922.410000036,0.031253756461113114,0,8059,1975.468495011424,11.5,27,66,0.2746575855349916,Peve,POR-74,TP2,Manava,High,0.7333636507096577
lncrna,POR-74-TP3,8319,15917273.92999995,0.02644548623632648,0,8099,1913.3638574347817,19.725,46,118,0.26050813966233055,Peve,POR-74,TP3,Manava,High,0.7577697486624602
lncrna,POR-74-TP4,8319,16728194.829999952,0.04483711984613535,0,7946,2010.8420278879614,7.77,20.2,56,0.27920941305775154,Peve,POR-74,TP4,Manava,High,0.7332414050718402
lncrna,POR-83-TP1,8319,13456567.16999996,0.02223824978963818,0,8134,1617.5702812838035,22,55,150,0.26002452154370737,Peve,POR-83,TP1,Manava,High,0.6828577824528669
lncrna,POR-83-TP2,8319,13880638.22999997,0.03618223344151941,0,8018,1668.5464875585972,12.35,34,107.58500000000001,0.2618424008879315,Peve,POR-83,TP2,Manava,High,0.7273812879327196
lncrna,POR-83-TP3,8319,15458285.760000018,0.04050967664382738,0,7982,1858.1903786512823,9,22,59.04,0.2775547668488692,Peve,POR-83,TP3,Manava,High,0.7197596645341857
lncrna,POR-83-TP4,8319,18848995.31000007,0.0334174780622671,0,8041,2265.776572905406,13,35,102.625,0.2729720229316552,Peve,POR-83,TP4,Manava,High,0.7052120353348083
lncrna,POC-201-TP1,11236,2501616.120000017,0.009967960128159488,0,11124,222.64294410822507,16.307499999999997,38.95,112.4625,0.06235648977189952,Ptuh,POC-201,TP1,Mahana,Low,0.7247507765623242
lncrna,POC-201-TP2,11236,3283483.360000003,0.01646493414026344,0,11051,292.2288501245998,21.39,50.57,143.74249999999998,0.2151953436426123,Ptuh,POC-201,TP2,Mahana,Low,0.6829102545464665
lncrna,POC-201-TP3,11236,1392494.1300000024,0.04538981844072624,0,10726,123.93148184407285,6.85,18,58.2575,0.13165585121712484,Ptuh,POC-201,TP3,Mahana,Low,0.6983387030749251
lncrna,POC-219-TP1,11236,2658277.680000015,0.023228907084371662,0,10975,236.58576717693262,15,37.725,123.2775,0.06242011556896459,Ptuh,POC-219,TP1,Mahana,Low,0.7138484275178008
lncrna,POC-219-TP2,11236,2410045.0399999954,0.016998932004271983,0,11045,214.49315058739725,14,33.575,104.1025,0.08974023157675112,Ptuh,POC-219,TP2,Mahana,Low,0.7239856902306668
lncrna,POC-219-TP3,11236,658243.3100000019,0.17159131363474547,0,9308,58.583420256319144,1.17,6,22.07,0.0882333312282351,Ptuh,POC-219,TP3,Mahana,Low,0.6504027663934124
lncrna,POC-219-TP4,11236,2032345.0100000068,0.032662869348522604,0,10869,180.8779823780711,10.2075,27,85,0.0892663396752697,Ptuh,POC-219,TP4,Mahana,Low,0.7197990479350609
lncrna,POC-222-TP1,11236,2587770.170000006,0.010590957636169455,0,11117,230.310623887505,18.5,42.305,123.485,0.09738538720384099,Ptuh,POC-222,TP1,Mahana,Low,0.7038078873978758
lncrna,POC-222-TP2,11236,2828582.310000001,0.01023495906016376,0,11121,251.7428186187256,20.7275,46.33,126.6025,0.10791413031215623,Ptuh,POC-222,TP2,Mahana,Low,0.7255446751656579
lncrna,POC-222-TP3,11236,2962408.7800000072,0.010590957636169455,0,11117,263.65332680669343,21.7,51.41,136.6925,0.08826398360863599,Ptuh,POC-222,TP3,Mahana,Low,0.690860618929614
lncrna,POC-222-TP4,11236,2101266.029999998,0.01379494482022072,0,11081,187.01192862228532,13.1875,31,93,0.05757053046729172,Ptuh,POC-222,TP4,Mahana,Low,0.7359518356879644
lncrna,POC-255-TP1,11236,2241137.9900000067,0.013883944464222144,0,11080,199.46048326806752,14.91,35.875,107,0.054957794008926523,Ptuh,POC-255,TP1,Mahana,Low,0.6631083106894096
lncrna,POC-255-TP2,11236,2557755.449999996,0.019579921680313278,0,11016,227.63932449270166,15.5,38,113,0.09096256641736424,Ptuh,POC-255,TP2,Mahana,Low,0.7323745745558463
lncrna,POC-255-TP3,11236,2696508.9699999886,0.05509077963688145,0,10617,239.9883383766455,10,30,103.5,0.1684893338218719,Ptuh,POC-255,TP3,Mahana,Low,0.6870533341557523
lncrna,POC-255-TP4,11236,2738243.050000013,0.018689925240299037,0,11026,243.7026566393746,16,39.5,126,0.07087354791241014,Ptuh,POC-255,TP4,Mahana,Low,0.7283867001502451
lncrna,POC-259-TP1,11236,2096956.8400000038,0.006763972944108224,0,11160,186.62841224635136,19.5,42.855000000000004,116.67,0.03720152866856328,Ptuh,POC-259,TP1,Mahana,Low,0.6920171466162035
lncrna,POC-259-TP2,11236,2780322.970000015,0.010412958348166607,0,11119,247.4477545389832,23,51.57,142.3725,0.07236389519164348,Ptuh,POC-259,TP2,Mahana,Low,0.6652631474420889
lncrna,POC-259-TP3,11236,2726767.1000000234,0.017532929868280527,0,11039,242.68130117479737,14,35,108,0.044095441814593905,Ptuh,POC-259,TP3,Mahana,Low,0.7312267962026652
lncrna,POC-259-TP4,11236,2525072.6500000027,0.0070309718761124955,0,11157,224.73056692773253,21.1175,44.015,117.60999999999999,0.05180761828773515,Ptuh,POC-259,TP4,Mahana,Low,0.7271720596236827
lncrna,POC-40-TP1,11236,2433976.2399999946,0.011480954076183695,0,11107,216.62301886792406,17.94,39.5,111.0375,0.04320508896997295,Ptuh,POC-40,TP1,Manava,High,0.7063683129639571
lncrna,POC-40-TP2,11236,2813951.5000000023,0.016019935920256318,0,11056,250.44068173727325,14.2675,35.065,107.5,0.08114709866179279,Ptuh,POC-40,TP2,Manava,High,0.7071175113750594
lncrna,POC-40-TP3,11236,2929228.9900000044,0.008098967604129583,0,11145,260.70033730865117,24.9,56,145.77499999999998,0.09537902326987402,Ptuh,POC-40,TP3,Manava,High,0.6869372907635982
lncrna,POC-40-TP4,11236,2465659.9800000177,0.011124955500177999,0,11111,219.44286044855977,19.5875,46.33,121,0.04039060568278327,Ptuh,POC-40,TP4,Manava,High,0.6673952053289794
lncrna,POC-42-TP1,11236,2455213.320000016,0.009878960484158063,0,11125,218.5131114275557,18.197499999999998,42.5,113.28,0.06172457552486682,Ptuh,POC-42,TP1,Manava,High,0.685966867420403
lncrna,POC-42-TP2,11236,2763851.6100000003,0.021448914204343184,0,10995,245.9818093627626,13.155,33,107.1375,0.05434662246574084,Ptuh,POC-42,TP2,Manava,High,0.716595628690343
lncrna,POC-42-TP3,11236,2694480.290000005,0.011569953720185119,0,11106,239.80778657885415,14.17,32,97,0.11215892026435993,Ptuh,POC-42,TP3,Manava,High,0.7335611850229371
lncrna,POC-42-TP4,11236,1888686.0800000022,0.05731577073691705,0,10592,168.0923887504452,9.33,30.95,92.5425,0.0733896445088428,Ptuh,POC-42,TP4,Manava,High,0.5681789517215458
lncrna,POC-52-TP1,11236,501759.4200000015,0.28835884656461375,0,7996,44.656409754361114,0,4.49,20.33,0.08157295781312861,Ptuh,POC-52,TP1,Manava,High,0.60610595425338
lncrna,POC-52-TP2,11236,2678472.4200000037,0.02046991812032752,0,11006,238.38309184763293,14.12,34,109.08,0.11427745072693322,Ptuh,POC-52,TP2,Manava,High,0.7112099157021239
lncrna,POC-52-TP3,11236,2127620.7300000023,0.02847988608045568,0,10916,189.35748754005004,11.98,29.545,92.5,0.08992721179211287,Ptuh,POC-52,TP3,Manava,High,0.7280893922030179
lncrna,POC-52-TP4,11236,2286412.1099999947,0.008988964044143823,0,11135,203.4898638305442,17,38.33,115,0.07191704386135375,Ptuh,POC-52,TP4,Manava,High,0.7334415814321481
lncrna,POC-53-TP1,11236,2457956.750000008,0.006941972232111072,0,11158,218.7572757208978,23.08,50.65,130,0.04012573858347983,Ptuh,POC-53,TP1,Manava,High,0.7204426617732071
lncrna,POC-53-TP2,11236,2315203.8499999978,0.007653969384122464,0,11150,206.05231844072603,16,37,99.27,0.06228781970969863,Ptuh,POC-53,TP2,Manava,High,0.7283569881091907
lncrna,POC-53-TP3,11236,2718884.140000003,0.0068529725881096475,0,11159,241.9797205411181,20.1625,45.42,130.0375,0.08221313910051341,Ptuh,POC-53,TP3,Manava,High,0.7317037010654672
lncrna,POC-53-TP4,11236,2008382.9499999916,0.015663937344250624,0,11060,178.74536756852896,10,24,76,0.07410339746212276,Ptuh,POC-53,TP4,Manava,High,0.7191001352177433
lncrna,POC-57-TP1,11236,2350139.570000001,0.009700961196155215,0,11127,209.1615850836598,21.5,47.48,118.0075,0.06708793044150987,Ptuh,POC-57,TP1,Manava,High,0.7114149427524821
lncrna,POC-57-TP2,11236,2232209.959999996,0.010857956568173727,0,11114,198.66589177643252,17.5,39,102,0.08137361773979378,Ptuh,POC-57,TP2,Manava,High,0.7173234458820923
lncrna,POC-57-TP3,11236,2953935.429999993,0.010946956212175151,0,11113,262.8992016731927,19.67,46.64,138,0.11493379190079343,Ptuh,POC-57,TP3,Manava,High,0.7321719955159138
lncrna,POC-57-TP4,11236,2544736.890000009,0.015307938768244928,0,11064,226.48067728729166,14.297500000000001,36.5,114.67999999999999,0.0661589025810835,Ptuh,POC-57,TP4,Manava,High,0.705390991897531
cpg,ACR-139-TP1,96772,1178349.3458359938,0.5538275534245443,0,43177,12.17655257549698,0,0,13.333333,NA,Apul,ACR-139,TP1,Manava,High,NA
cpg,ACR-139-TP2,96772,1170873.310171995,0.5503554747240937,0,43513,12.099298455875616,0,0,13.513514,NA,Apul,ACR-139,TP2,Manava,High,NA
cpg,ACR-139-TP3,96772,963687.9656629832,0.553393543586988,0,43219,9.958334700770711,0,0,10.526316,NA,Apul,ACR-139,TP3,Manava,High,NA
cpg,ACR-139-TP4,96772,1175725.338025987,0.5621460753110404,0,42372,12.149437213512037,0,0,13.513514,NA,Apul,ACR-139,TP4,Manava,High,NA
cpg,ACR-145-TP1,96772,975262.2274459823,0.5495184557516637,0,43594,10.077938116872467,0,0,10.344828,NA,Apul,ACR-145,TP1,Manava,High,NA
cpg,ACR-145-TP2,96772,1106324.3847899772,0.5480820898607035,0,43733,11.432277774459319,0,0,12.5,NA,Apul,ACR-145,TP2,Manava,High,NA
cpg,ACR-145-TP3,96772,960207.142139979,0.5678915388748812,0,41816,9.9223653757283,0,0,10.344828,NA,Apul,ACR-145,TP3,Manava,High,NA
cpg,ACR-145-TP4,96772,1068810.017161993,0.5392365560286033,0,44589,11.044620522072428,0,0,12.048193,NA,Apul,ACR-145,TP4,Manava,High,NA
cpg,ACR-150-TP1,96772,1082129.0098909782,0.4966002562724755,0,48715,11.182253233280063,0,0.649351,13.043478,NA,Apul,ACR-150,TP1,Manava,High,NA
cpg,ACR-150-TP2,96772,1394920.301112002,0.5388232133261688,0,44629,14.414503173562622,0,0,17.647059,NA,Apul,ACR-150,TP2,Manava,High,NA
cpg,ACR-150-TP3,96772,1350626.8292219967,0.526195593766792,0,45851,13.95679358928199,0,0,17.391304,NA,Apul,ACR-150,TP3,Manava,High,NA
cpg,ACR-150-TP4,96772,1183751.4266879873,0.5462840491051131,0,43907,12.23237534295031,0,0,14.705882,NA,Apul,ACR-150,TP4,Manava,High,NA
cpg,ACR-173-TP1,96772,1045436.989556976,0.5494667879138594,0,43599,10.80309376221403,0,0,12,NA,Apul,ACR-173,TP1,Manava,High,NA
cpg,ACR-173-TP2,96772,1177403.7180640004,0.5934567850204605,0,39342,12.166780867027656,0,0,13.513514,NA,Apul,ACR-173,TP2,Manava,High,NA
cpg,ACR-173-TP3,96772,944534.1748719744,0.5609680486091018,0,42486,9.760407709585152,0,0,10.344828,NA,Apul,ACR-173,TP3,Manava,High,NA
cpg,ACR-173-TP4,96772,904495.8396989957,0.5748356962757822,0,41144,9.346668868050632,0,0,9.836066,NA,Apul,ACR-173,TP4,Manava,High,NA
cpg,ACR-186-TP1,96772,813359.3307439832,0.5412206010002893,0,44397,8.404903595502658,0,0,8.333333,NA,Apul,ACR-186,TP1,Manava,High,NA
cpg,ACR-186-TP2,96772,1080002.0186479765,0.5704439300624148,0,41569,11.160273825569137,0,0,11.111111,NA,Apul,ACR-186,TP2,Manava,High,NA
cpg,ACR-186-TP3,96772,919882.310861987,0.5892613565907494,0,39748,9.505666007336698,0,0,9.090909,NA,Apul,ACR-186,TP3,Manava,High,NA
cpg,ACR-186-TP4,96772,1103038.4954319831,0.5712499483321622,0,41491,11.398322814780961,0,0,12,NA,Apul,ACR-186,TP4,Manava,High,NA
cpg,ACR-225-TP2,96772,1258548.5503440055,0.5711982804943578,0,41496,13.005296473608125,0,0,15.555556,NA,Apul,ACR-225,TP2,Mahana,Low,NA
cpg,ACR-225-TP3,96772,1021101.6318039785,0.5604720373661803,0,42534,10.551622698755615,0,0,12,NA,Apul,ACR-225,TP3,Mahana,Low,NA
cpg,ACR-225-TP4,96772,1105730.3041599824,0.5427396354317364,0,44250,11.426138802132666,0,0,13.333333,NA,Apul,ACR-225,TP4,Mahana,Low,NA
cpg,ACR-229-TP1,96772,1096538.8932239816,0.5455813665109742,0,43975,11.33115873624583,0,0,12,NA,Apul,ACR-229,TP1,Mahana,Low,NA
cpg,ACR-229-TP2,96772,1186943.908813982,0.5351031290042574,0,44989,12.265365072686128,0,0,13.513514,NA,Apul,ACR-229,TP2,Mahana,Low,NA
cpg,ACR-229-TP3,96772,1116912.7021909894,0.5640371181746786,0,42189,11.541692867678558,0,0,12.195122,NA,Apul,ACR-229,TP3,Mahana,Low,NA
cpg,ACR-229-TP4,96772,1051663.076294977,0.5630347621212748,0,42286,10.867431450160966,0,0,11.538462000000001,NA,Apul,ACR-229,TP4,Mahana,Low,NA
cpg,ACR-237-TP1,96772,1276655.1312599906,0.5368598354896045,0,44819,13.192402050799721,0,0,16.071429,NA,Apul,ACR-237,TP1,Mahana,Low,NA
cpg,ACR-237-TP2,96772,1402395.4886699973,0.5343281114371926,0,45064,14.491748529223301,0,0,18.181818,NA,Apul,ACR-237,TP2,Mahana,Low,NA
cpg,ACR-237-TP3,96772,1375931.7884899962,0.5281383044682346,0,45663,14.218284095502792,0,0,17.5,NA,Apul,ACR-237,TP3,Mahana,Low,NA
cpg,ACR-237-TP4,96772,1315515.0930939969,0.5296160046294383,0,45520,13.593964091824049,0,0,17.073171,NA,Apul,ACR-237,TP4,Mahana,Low,NA
cpg,ACR-244-TP1,96772,1388163.805285994,0.49641425205637996,0,48733,14.344684467469866,0,1.020408,19.148936,NA,Apul,ACR-244,TP1,Mahana,Low,NA
cpg,ACR-244-TP2,96772,1474014.418304993,0.5132786343157112,0,47101,15.231827577243346,0,0,20,NA,Apul,ACR-244,TP2,Mahana,Low,NA
cpg,ACR-244-TP3,96772,1447755.311765021,0.5556875955855,0,42997,14.9604773257246,0,0,20,NA,Apul,ACR-244,TP3,Mahana,Low,NA
cpg,ACR-244-TP4,96772,1359898.3487189997,0.4891394204935312,0,49437,14.052601462396144,0,1.408451,18.181818,NA,Apul,ACR-244,TP4,Mahana,Low,NA
cpg,ACR-265-TP1,96772,1121320.1251169892,0.5608130450956889,0,42501,11.58723727025368,0,0,12.820513,NA,Apul,ACR-265,TP1,Mahana,Low,NA
cpg,ACR-265-TP2,96772,1091763.869076983,0.5684702186582896,0,41760,11.281815701618061,0,0,12.121212,NA,Apul,ACR-265,TP2,Mahana,Low,NA
cpg,ACR-265-TP3,96772,1051443.954236981,0.5670028520646468,0,41902,10.86516713757059,0,0,11.320755,NA,Apul,ACR-265,TP3,Mahana,Low,NA
cpg,ACR-265-TP4,96772,939654.2486999804,0.5799508122184103,0,40649,9.709980662794822,0,0,10,NA,Apul,ACR-265,TP4,Mahana,Low,NA
cpg,POR-216-TP1,242100,1659212.397846995,0.5856877323420074,0,100305,6.853417587141656,0,0,5.7692310000000004,NA,Peve,POR-216,TP1,Mahana,Low,NA
cpg,POR-216-TP2,242100,1570090.7945480156,0.5676621230896324,0,104669,6.485298614407334,0,0,5.263158,NA,Peve,POR-216,TP2,Mahana,Low,NA
cpg,POR-216-TP3,242100,1684256.7607950075,0.5571623296158612,0,107211,6.956863943804244,0,0,5.882353,NA,Peve,POR-216,TP3,Mahana,Low,NA
cpg,POR-216-TP4,242100,1858476.5536270475,0.5592275919041718,0,106711,7.676483079830844,0,0,6.451613,NA,Peve,POR-216,TP4,Mahana,Low,NA
cpg,POR-236-TP1,242100,1825924.5516360893,0.6018711276332094,0,96387,7.542026235588969,0,0,7.142857,NA,Peve,POR-236,TP1,Mahana,Low,NA
cpg,POR-236-TP2,242100,1720726.127963015,0.5699297810821974,0,104120,7.107501561185523,0,0,6,NA,Peve,POR-236,TP2,Mahana,Low,NA
cpg,POR-245-TP1,242100,1607653.3548069994,0.5819248244527055,0,101216,6.640451692717883,0,0,6.060606,NA,Peve,POR-245,TP1,Mahana,Low,NA
cpg,POR-245-TP2,242100,1626435.4846900236,0.5773399421726559,0,102326,6.718031741801006,0,0,6.060606,NA,Peve,POR-245,TP2,Mahana,Low,NA
cpg,POR-245-TP3,242100,1831688.8737789956,0.5523626600578273,0,108373,7.565835909867805,0,0,6.557377,NA,Peve,POR-245,TP3,Mahana,Low,NA
cpg,POR-245-TP4,242100,1782554.1953300112,0.5772779843040066,0,102341,7.3628839129698935,0,0,6.25,NA,Peve,POR-245,TP4,Mahana,Low,NA
cpg,POR-260-TP1,242100,1843624.0827820045,0.5648079306071871,0,105360,7.6151345839818445,0,0,6.493506,NA,Peve,POR-260,TP1,Mahana,Low,NA
cpg,POR-260-TP2,242100,1710251.446765053,0.5828004956629492,0,101004,7.064235633065069,0,0,6.25,NA,Peve,POR-260,TP2,Mahana,Low,NA
cpg,POR-260-TP3,242100,1765691.2505890538,0.572639405204461,0,103464,7.293231105283163,0,0,6.25,NA,Peve,POR-260,TP3,Mahana,Low,NA
cpg,POR-260-TP4,242100,1758481.158309007,0.5794795539033457,0,101808,7.263449641920723,0,0,5.882353,NA,Peve,POR-260,TP4,Mahana,Low,NA
cpg,POR-262-TP1,242100,1774735.4111880395,0.5823378769103676,0,101116,7.3305882329121825,0,0,5.882353,NA,Peve,POR-262,TP1,Mahana,Low,NA
cpg,POR-262-TP2,242100,1745293.1678000106,0.5847501032631144,0,100532,7.208976323007066,0,0,5.555556,NA,Peve,POR-262,TP2,Mahana,Low,NA
cpg,POR-262-TP3,242100,1686401.6609820314,0.527666253614209,0,114352,6.965723506741146,0,0,5.555556,NA,Peve,POR-262,TP3,Mahana,Low,NA
cpg,POR-262-TP4,242100,1694589.6463020172,0.564481619165634,0,105439,6.9995441813383605,0,0,5.555556,NA,Peve,POR-262,TP4,Mahana,Low,NA
cpg,POR-69-TP1,242100,1619239.453182045,0.6175216852540273,0,92598,6.68830835680316,0,0,5.882353,NA,Peve,POR-69,TP1,Manava,High,NA
cpg,POR-69-TP2,242100,1592772.254259007,0.5924370095002065,0,98671,6.578984941177229,0,0,5.555556,NA,Peve,POR-69,TP2,Manava,High,NA
cpg,POR-69-TP3,242100,1637915.181157991,0.5539446509706732,0,107990,6.765448910194098,0,0,5.405405,NA,Peve,POR-69,TP3,Manava,High,NA
cpg,POR-69-TP4,242100,1617917.7433870118,0.5670218917802561,0,104824,6.682849002011614,0,0,5.882353,NA,Peve,POR-69,TP4,Manava,High,NA
cpg,POR-72-TP1,242100,1801968.66261405,0.5584427922346138,0,106901,7.4430758472286245,0,0,6.666667,NA,Peve,POR-72,TP1,Manava,High,NA
cpg,POR-72-TP2,242100,1556808.961978012,0.5853738124741842,0,100381,6.430437678554366,0,0,5.650332,NA,Peve,POR-72,TP2,Manava,High,NA
cpg,POR-72-TP3,242100,1653809.187746994,0.5803552251135894,0,101596,6.831099495030954,0,0,6.25,NA,Peve,POR-72,TP3,Manava,High,NA
cpg,POR-72-TP4,242100,1629225.965846985,0.5689714993804214,0,104352,6.729557892800434,0,0,5.882353,NA,Peve,POR-72,TP4,Manava,High,NA
cpg,POR-73-TP1,242100,1757604.7939020207,0.5790004130524576,0,101924,7.25982979719959,0,0,6.25,NA,Peve,POR-73,TP1,Manava,High,NA
cpg,POR-73-TP3,242100,1784898.6341890069,0.5519619991738951,0,108470,7.372567675295361,0,0,6.666667,NA,Peve,POR-73,TP3,Manava,High,NA
cpg,POR-73-TP4,242100,1879849.910033034,0.541429161503511,0,111020,7.764766253750657,0,0,6.666667,NA,Peve,POR-73,TP4,Manava,High,NA
cpg,POR-74-TP1,242100,1641324.9470360195,0.6014167699297811,0,96497,6.779533031953819,0,0,6.097561,NA,Peve,POR-74,TP1,Manava,High,NA
cpg,POR-74-TP2,242100,1792834.6423180085,0.5399297810821975,0,111383,7.405347551912468,0,0,7.07294175,NA,Peve,POR-74,TP2,Manava,High,NA
cpg,POR-74-TP3,242100,1621954.4336390381,0.6197728211482858,0,92053,6.699522650305816,0,0,5.882353,NA,Peve,POR-74,TP3,Manava,High,NA
cpg,POR-74-TP4,242100,1717472.878120008,0.5491615035109458,0,109148,7.094063932755093,0,0,6.25,NA,Peve,POR-74,TP4,Manava,High,NA
cpg,POR-83-TP1,242100,1805383.4705410071,0.5837794299876085,0,100767,7.457180795295362,0,0,6.451613,NA,Peve,POR-83,TP1,Manava,High,NA
cpg,POR-83-TP2,242100,1632193.1346700059,0.5670384138785626,0,104820,6.741813856546906,0,0,5.714286,NA,Peve,POR-83,TP2,Manava,High,NA
cpg,POR-83-TP3,242100,1763041.4216859867,0.5948327137546469,0,98091,7.282285921875203,0,0,6.25,NA,Peve,POR-83,TP3,Manava,High,NA
cpg,POR-83-TP4,242100,1888755.7278169997,0.5576538620404792,0,107092,7.801551952982237,0,0,6.666667,NA,Peve,POR-83,TP4,Manava,High,NA
cpg,POC-201-TP1,1991606,6386631.203284775,0.8564063373980596,0,285982,3.2067744339416406,0,0,0,NA,Ptuh,POC-201,TP1,Mahana,Low,NA
cpg,POC-201-TP2,1991606,6223443.0592322145,0.8722925116714852,0,254343,3.124836468273451,0,0,0,NA,Ptuh,POC-201,TP2,Mahana,Low,NA
cpg,POC-219-TP1,1991606,6097381.309093251,0.8668009636444156,0,265280,3.0615399376650054,0,0,0,NA,Ptuh,POC-219,TP1,Mahana,Low,NA
cpg,POC-219-TP2,1991606,5860044.5837235805,0.832062164906111,0,334466,2.942371424731388,0,0,0,NA,Ptuh,POC-219,TP2,Mahana,Low,NA
cpg,POC-219-TP3,1991606,5862311.695616338,0.8514224198963047,0,295908,2.9435097582636014,0,0,0,NA,Ptuh,POC-219,TP3,Mahana,Low,NA
cpg,POC-219-TP4,1991606,6382271.401216116,0.8369918548146571,0,324648,3.2045853453022914,0,0,0,NA,Ptuh,POC-219,TP4,Mahana,Low,NA
cpg,POC-222-TP1,1991606,6136624.202564156,0.8535041569467053,0,291762,3.081244082697158,0,0,0,NA,Ptuh,POC-222,TP1,Mahana,Low,NA
cpg,POC-222-TP3,1991606,5988402.066348022,0.8227365251962486,0,353039,3.006820659481856,0,0,0,NA,Ptuh,POC-222,TP3,Mahana,Low,NA
cpg,POC-222-TP4,1991606,5831366.391958914,0.8437893840448362,0,311110,2.927971894018653,0,0,0,NA,Ptuh,POC-222,TP4,Mahana,Low,NA
cpg,POC-255-TP1,1991606,6039703.605699298,0.8543065244832563,0,290164,3.0325795391755688,0,0,0,NA,Ptuh,POC-255,TP1,Mahana,Low,NA
cpg,POC-255-TP2,1991606,5642290.2045407435,0.8574637754656292,0,283876,2.83303535164121,0,0,0,NA,Ptuh,POC-255,TP2,Mahana,Low,NA
cpg,POC-255-TP3,1991606,5896506.668710621,0.8456275990331421,0,307449,2.960679305400075,0,0,0,NA,Ptuh,POC-255,TP3,Mahana,Low,NA
cpg,POC-259-TP1,1991606,5966845.280738107,0.8532375379467626,0,292293,2.9959968391027676,0,0,0,NA,Ptuh,POC-259,TP1,Mahana,Low,NA
cpg,POC-259-TP2,1991606,5909228.320321152,0.8700993067906001,0,258711,2.9670669401082104,0,0,0,NA,Ptuh,POC-259,TP2,Mahana,Low,NA
cpg,POC-40-TP1,1991606,6366149.542611341,0.8686472123502339,0,261603,3.1964904416894413,0,0,0,NA,Ptuh,POC-40,TP1,Manava,High,NA
cpg,POC-40-TP2,1991606,6188466.129901316,0.8654297084865179,0,268011,3.107274295167476,0,0,0,NA,Ptuh,POC-40,TP2,Manava,High,NA
cpg,POC-40-TP3,1991606,6518566.820190541,0.8452198878693878,0,308261,3.2730202761944587,0,0,0,NA,Ptuh,POC-40,TP3,Manava,High,NA
cpg,POC-40-TP4,1991606,6173455.004236234,0.8817321297485546,0,235543,3.099737098721451,0,0,0,NA,Ptuh,POC-40,TP4,Manava,High,NA
cpg,POC-42-TP2,1991606,5734232.868879126,0.8580894012169074,0,282630,2.879200438680706,0,0,0,NA,Ptuh,POC-42,TP2,Manava,High,NA
cpg,POC-42-TP4,1991606,6100420.900755579,0.8602278763972392,0,278371,3.063066138963017,0,0,0,NA,Ptuh,POC-42,TP4,Manava,High,NA
cpg,POC-52-TP1,1991606,5667162.4933116585,0.8960361637793821,0,207055,2.8455239105082324,0,0,0,NA,Ptuh,POC-52,TP1,Manava,High,NA
cpg,POC-52-TP2,1991606,5867630.7936615255,0.8761883625576544,0,246584,2.9461805164583383,0,0,0,NA,Ptuh,POC-52,TP2,Manava,High,NA
cpg,POC-52-TP3,1991606,5698429.566822527,0.837974980995237,0,322690,2.8612233377598417,0,0,0,NA,Ptuh,POC-52,TP3,Manava,High,NA
cpg,POC-52-TP4,1991606,5717996.569290406,0.8699536956606879,0,259001,2.871048073409302,0,0,0,NA,Ptuh,POC-52,TP4,Manava,High,NA
cpg,POC-53-TP1,1991606,5717384.782252725,0.8559273269913829,0,286936,2.870740890644397,0,0,0,NA,Ptuh,POC-53,TP1,Manava,High,NA
cpg,POC-53-TP2,1991606,5753381.548496465,0.8596479424143129,0,279526,2.8888151313545274,0,0,0,NA,Ptuh,POC-53,TP2,Manava,High,NA
cpg,POC-53-TP3,1991606,5720628.759121953,0.8594486057985364,0,279923,2.872369715255905,0,0,0,NA,Ptuh,POC-53,TP3,Manava,High,NA
cpg,POC-53-TP4,1991606,5463614.14577698,0.8658208501079029,0,267232,2.7433207902451486,0,0,0,NA,Ptuh,POC-53,TP4,Manava,High,NA
cpg,POC-57-TP1,1991606,5867487.893367647,0.8751208823431944,0,248710,2.9461087651712474,0,0,0,NA,Ptuh,POC-57,TP1,Manava,High,NA
cpg,POC-57-TP2,1991606,6189255.723126863,0.8472609542248818,0,304196,3.10767075572521,0,0,0,NA,Ptuh,POC-57,TP2,Manava,High,NA
cpg,POC-57-TP3,1991606,6034551.062371243,0.8566784795787922,0,285440,3.029992409327569,0,0,0,NA,Ptuh,POC-57,TP3,Manava,High,NA
cpg,POC-57-TP4,1991606,6411915.963806633,0.8484886066822453,0,301751,3.2194700979042206,0,0,0,NA,Ptuh,POC-57,TP4,Manava,High,NA
metabolomics,ACR-139-TP1,141,13682477.34941281,0,0.014184397163120567,139,98435.08884469648,1377.54291429567,6511.79052471259,36312.360408105,0.2092670142285205,Apul,ACR-139,TP1,Manava,High,NA
metabolomics,ACR-139-TP3,141,24012408.955442123,0,0,141,170300.77273363207,2589.41431767467,14292.5168374798,116706.743283362,0.14486840500131362,Apul,ACR-139,TP3,Manava,High,NA
metabolomics,ACR-139-TP4,141,33548511.905951448,0,0.028368794326241134,137,244879.64894855072,2441.91671101655,14129.13604544,156411.396170406,0.10834007871876843,Apul,ACR-139,TP4,Manava,High,NA
metabolomics,ACR-145-TP1,141,13811393.401923623,0,0.014184397163120567,139,99362.54245988218,1427.139810868945,6821.23845981257,41930.9535382624,0.23899804153769003,Apul,ACR-145,TP1,Manava,High,NA
metabolomics,ACR-145-TP3,141,30836049.883369967,0,0.0070921985815602835,140,220257.49916692835,3007.7116870851623,11227.43516062235,96027.40029325223,0.2172822460270792,Apul,ACR-145,TP3,Manava,High,NA
metabolomics,ACR-145-TP4,141,42684034.1488394,0,0.02127659574468085,138,309304.5952814449,3991.400400616977,15418.352685117301,109188.47794153774,0.3197574272715062,Apul,ACR-145,TP4,Manava,High,NA
metabolomics,ACR-150-TP1,141,25121500.0941809,0,0.04964539007092199,134,187473.88129985746,3218.6848160190502,10367.748289444,60870.5004204405,0.2581491618798515,Apul,ACR-150,TP1,Manava,High,NA
metabolomics,ACR-150-TP3,141,17035774.23302516,0,0,141,120821.09385124227,1391.57429158328,5178.05996810402,45075.1929272816,0.2970105072211036,Apul,ACR-150,TP3,Manava,High,NA
metabolomics,ACR-150-TP4,141,14482779.012647804,0,0.0070921985815602835,140,103448.42151891289,1003.0415808946275,3874.6163129277047,34069.0422499208,0.33652005240372174,Apul,ACR-150,TP4,Manava,High,NA
metabolomics,ACR-173-TP1,141,13862620.145757038,0,0.014184397163120567,139,99731.08018530243,1532.8477521887198,6962.73410725838,46604.4289461277,0.2229932999817197,Apul,ACR-173,TP1,Manava,High,NA
metabolomics,ACR-173-TP3,141,23741353.79297014,0,0,141,168378.39569482367,2549.85667578043,10195.2179782023,64877.8501454964,0.15712581757995547,Apul,ACR-173,TP3,Manava,High,NA
metabolomics,ACR-173-TP4,141,14738749.377199562,0,0.0070921985815602835,140,105276.78126571116,1436.3541833732052,8520.690890773589,44232.2151540216,0.18044175190483128,Apul,ACR-173,TP4,Manava,High,NA
metabolomics,ACR-186-TP1,141,30869584.99067478,0,0.02127659574468085,138,223692.64485996217,2293.6566451047424,16434.24238445355,112010.49190377325,0.1820868593792398,Apul,ACR-186,TP1,Manava,High,NA
metabolomics,ACR-186-TP3,141,17142160.529830456,0,0,141,121575.60659454225,1719.68157153482,10021.1902959454,57312.9229457308,0.16609731164290473,Apul,ACR-186,TP3,Manava,High,NA
metabolomics,ACR-186-TP4,141,14760463.016359957,0,0,141,104684.13486780111,1427.78558326672,7085.85862826836,38852.616153114,0.22939108053399623,Apul,ACR-186,TP4,Manava,High,NA
metabolomics,ACR-225-TP1,141,16076449.04828378,0,0,141,114017.36913676439,1292.91491252602,7574.28856219119,48194.3990326319,0.2506516245817072,Apul,ACR-225,TP1,Mahana,Low,NA
metabolomics,ACR-225-TP3,141,33597360.241880186,0,0.0425531914893617,135,248869.3351250384,2486.5974991896346,12182.6246720305,87646.12013479015,0.15354171700878166,Apul,ACR-225,TP3,Mahana,Low,NA
metabolomics,ACR-225-TP4,141,15797951.336057797,0,0.03546099290780142,136,116161.40688277793,1098.7650095267627,6251.197880904894,38767.55913972803,0.32126972124740133,Apul,ACR-225,TP4,Mahana,Low,NA
metabolomics,ACR-229-TP1,141,12661611.972143143,0,0.1702127659574468,117,108218.9057448132,1250.63060774827,5470.88503569755,42923.2015525346,0.1925167000603067,Apul,ACR-229,TP1,Mahana,Low,NA
metabolomics,ACR-229-TP3,141,17519375.18463228,0,0,141,124250.88783427149,2269.13336236308,9710.28485745824,61099.1647566218,0.20799930127035268,Apul,ACR-229,TP3,Mahana,Low,NA
metabolomics,ACR-229-TP4,141,11698475.07203524,0,0.0070921985815602835,140,83560.53622882314,819.6650232418878,3863.99122277229,40289.070208805926,0.21283882145766048,Apul,ACR-229,TP4,Mahana,Low,NA
metabolomics,ACR-237-TP1,141,14780392.500077864,0,0.0070921985815602835,140,105574.23214341332,1241.47370944814,5063.031843899615,41166.65880496535,0.37468082960928445,Apul,ACR-237,TP1,Mahana,Low,NA
metabolomics,ACR-237-TP3,141,20422429.678781297,0,0,141,144839.92679986736,1908.90153124948,8333.6249464243,46382.87541947,0.32999500761123524,Apul,ACR-237,TP3,Mahana,Low,NA
metabolomics,ACR-237-TP4,141,16863207.403737128,0,0.028368794326241134,137,123089.10513676735,1107.72200567255,6703.85123759852,31783.7968482241,0.3633448226408603,Apul,ACR-237,TP4,Mahana,Low,NA
metabolomics,ACR-244-TP1,141,17829494.57943868,0,0.0070921985815602835,140,127353.53271027628,2224.9987707859527,9648.932767920654,60293.81610161158,0.17881697945303135,Apul,ACR-244,TP1,Mahana,Low,NA
metabolomics,ACR-244-TP3,141,17276085.13548144,0,0.0070921985815602835,140,123400.60811058171,2899.4184846138673,12428.30383523145,64462.1662879206,0.1741756712350622,Apul,ACR-244,TP3,Mahana,Low,NA
metabolomics,ACR-244-TP4,141,15050755.676102508,0,0.028368794326241134,137,109859.53048250006,1349.3914659112,8833.58659360976,39010.439513151,0.3086010529296553,Apul,ACR-244,TP4,Mahana,Low,NA
metabolomics,ACR-265-TP1,141,13937551.753517937,0,0.0070921985815602835,140,99553.9410965567,2178.8467847696875,8885.53363103333,44298.52711797464,0.21654479044492295,Apul,ACR-265,TP1,Mahana,Low,NA
metabolomics,ACR-265-TP3,141,40301552.105985455,0,0.028368794326241134,137,294171.9131823756,4419.58407421621,17332.0211939282,122596.687565913,0.2488565695060831,Apul,ACR-265,TP3,Mahana,Low,NA
metabolomics,POC-201-TP1,141,21158555.953689937,0,0.0070921985815602835,140,151132.5425263567,1643.2878559609899,6291.215875091795,32069.451092069074,0.3230763049454294,Ptuh,POC-201,TP1,Mahana,Low,NA
metabolomics,POC-201-TP3,141,23565227.85385262,0,0,141,167129.27555923842,1990.38391273214,11281.9505123399,57160.6733925992,0.23235074759626784,Ptuh,POC-201,TP3,Mahana,Low,NA
metabolomics,POC-219-TP1,141,24830076.969731122,0,0.0070921985815602835,140,177357.69264093658,1629.76582228847,7118.11885561415,37234.00553637222,0.3599169662400637,Ptuh,POC-219,TP1,Mahana,Low,NA
metabolomics,POC-219-TP3,141,15080700.850997467,0,0.0070921985815602835,140,107719.29179283905,1219.7897013534102,6208.228312354865,34164.38518188762,0.2762242878398835,Ptuh,POC-219,TP3,Mahana,Low,NA
metabolomics,POC-219-TP4,141,15809293.59441277,0,0.0070921985815602835,140,112923.52567437693,1242.1611571822775,4760.499159147645,34343.00625208313,0.3431937197872328,Ptuh,POC-219,TP4,Mahana,Low,NA
metabolomics,POC-222-TP1,141,22061492.239361525,0,0,141,156464.483967103,1628.57834434744,5727.60078696572,28279.1280735525,0.3885531220495505,Ptuh,POC-222,TP1,Mahana,Low,NA
metabolomics,POC-222-TP3,141,17174531.09279297,0,0,141,121805.18505526929,1605.77369203308,7150.32880109901,30781.7869844161,0.3382857889183837,Ptuh,POC-222,TP3,Mahana,Low,NA
metabolomics,POC-222-TP4,141,25169553.48850923,0,0.0070921985815602835,140,179782.52491792306,2193.344461941745,10786.17104223155,47219.424898310375,0.3011798267611493,Ptuh,POC-222,TP4,Mahana,Low,NA
metabolomics,POC-255-TP1,141,11202219.955596322,0,0,141,79448.36847940653,1103.37392907947,3976.23561066451,19972.3915979869,0.3772753284837588,Ptuh,POC-255,TP1,Mahana,Low,NA
metabolomics,POC-255-TP3,141,23131553.387966983,0,0,141,164053.57012742542,2068.5216957205,10268.1073397185,41562.0961058074,0.2906772208614629,Ptuh,POC-255,TP3,Mahana,Low,NA
metabolomics,POC-255-TP4,141,22398457.345955703,0,0.0070921985815602835,140,159988.98104254075,2130.1616785083324,8061.954898773805,44733.2918838366,0.35224163164478955,Ptuh,POC-255,TP4,Mahana,Low,NA
metabolomics,POC-259-TP1,141,18404537.94717482,0,0,141,130528.63792322569,1102.32466502994,8005.16389436008,46359.443753756,0.23477839199585016,Ptuh,POC-259,TP1,Mahana,Low,NA
metabolomics,POC-259-TP3,141,23188496.07713479,0,0.0070921985815602835,140,165632.1148366771,2063.27014346855,7973.29969148831,31109.51614415415,0.46045982008695724,Ptuh,POC-259,TP3,Mahana,Low,NA
metabolomics,POC-259-TP4,141,21729825.007698994,0,0,141,154112.23409715598,1570.19251926121,5602.35747559264,39090.8098133866,0.3055993491537029,Ptuh,POC-259,TP4,Mahana,Low,NA
metabolomics,POC-40-TP1,141,22521574.649809767,0,0.0070921985815602835,140,160868.39035578404,1576.966578541465,5100.4126851518395,24241.605023672397,0.46940243964892114,Ptuh,POC-40,TP1,Manava,High,NA
metabolomics,POC-40-TP3,141,19179069.457943954,0,0,141,136021.76920527627,1412.35428010734,7489.44784822189,37616.957525393,0.3159830924712932,Ptuh,POC-40,TP3,Manava,High,NA
metabolomics,POC-40-TP4,141,14336897.07177165,0,0.0070921985815602835,140,102406.40765551178,1233.491803841,4234.058361891095,33490.37382059338,0.4172395977296507,Ptuh,POC-40,TP4,Manava,High,NA
metabolomics,POC-42-TP1,141,16060718.02768364,0,0,141,113905.80161477759,1128.44876519384,6195.82804607413,39727.3303132871,0.23334971420289308,Ptuh,POC-42,TP1,Manava,High,NA
metabolomics,POC-42-TP3,141,16845310.870492015,0,0,141,119470.28986164549,1399.71955994931,6514.85191702755,44229.7702551272,0.22582568283959134,Ptuh,POC-42,TP3,Manava,High,NA
metabolomics,POC-42-TP4,141,13761127.689549543,0,0,141,97596.65028049321,1425.45039926172,5708.06918351092,39203.107127154,0.2958000929150993,Ptuh,POC-42,TP4,Manava,High,NA
metabolomics,POC-52-TP1,141,18423270.81211186,0,0,141,130661.4951213607,1477.70332333677,6773.09853101544,31702.8164398369,0.31771902154505605,Ptuh,POC-52,TP1,Manava,High,NA
metabolomics,POC-52-TP3,141,19931902.001046646,0,0,141,141361.0070996216,2142.21663581374,8813.6312236884,50235.4091309834,0.3363661863171339,Ptuh,POC-52,TP3,Manava,High,NA
metabolomics,POC-52-TP4,141,14089033.626805328,0,0,141,99922.22430358389,1565.38248004339,7022.82694272187,28905.8515885991,0.2947314194047623,Ptuh,POC-52,TP4,Manava,High,NA
metabolomics,POC-53-TP1,141,21628782.488103073,0,0.03546099290780142,136,159035.16535369906,1463.7741362528575,6075.73939464022,26454.9910636549,0.3086952816208011,Ptuh,POC-53,TP1,Manava,High,NA
metabolomics,POC-53-TP3,141,24998731.993530452,0,0,141,177295.97158532235,2312.64638277701,8223.52511037099,43284.7779494685,0.31664430144552874,Ptuh,POC-53,TP3,Manava,High,NA
metabolomics,POC-53-TP4,141,13805801.366438422,0,0,141,97913.4848683576,1521.42768898254,5493.1398185905,36183.67853148,0.28560879602759837,Ptuh,POC-53,TP4,Manava,High,NA
metabolomics,POC-57-TP1,141,11764505.837660654,0,0,141,83436.21161461457,1063.6089388504,4200.02765581165,40535.9684070972,0.2969326309709485,Ptuh,POC-57,TP1,Manava,High,NA
metabolomics,POC-57-TP3,141,27379282.321511004,0,0,141,194179.3072447589,1952.77872638559,10698.5895518363,44496.202911972,0.43358688671912016,Ptuh,POC-57,TP3,Manava,High,NA
metabolomics,POC-57-TP4,141,15894081.652067846,0,0.014184397163120567,139,114345.91116595572,1471.477216273315,5891.14671968624,36347.0974618706,0.2985646779192999,Ptuh,POC-57,TP4,Manava,High,NA
metabolomics,POR-216-TP1,141,10330141.762833823,0,0.014184397163120567,139,74317.56663909224,989.5125240061955,4230.00549131858,29236.03405898525,0.1297079016850453,Peve,POR-216,TP1,Mahana,Low,NA
metabolomics,POR-216-TP2,141,13484914.423109952,0,0,141,95637.69094404222,1082.19114922856,5895.0930459544,33579.4344387813,0.15047198285747218,Peve,POR-216,TP2,Mahana,Low,NA
metabolomics,POR-216-TP3,141,16914340.894757193,0,0,141,119959.86450182406,1213.4630882463,6949.01847924498,56672.5864515529,0.09572221696568639,Peve,POR-216,TP3,Mahana,Low,NA
metabolomics,POR-216-TP4,141,18684080.307477903,0,0,141,132511.2078544532,2334.68552479033,10733.3765144769,57487.6206547902,0.10664448919593345,Peve,POR-216,TP4,Mahana,Low,NA
metabolomics,POR-236-TP1,141,13514374.38529651,0,0.06382978723404255,132,102381.62413103417,1503.5306531768824,4275.6762961535205,40295.83814902015,0.1699839998806151,Peve,POR-236,TP1,Mahana,Low,NA
metabolomics,POR-236-TP2,141,13892589.437787343,0,0.014184397163120567,139,99946.68660278663,1217.5213740141598,5080.37133455166,30326.1651516063,0.23092374539321556,Peve,POR-236,TP2,Mahana,Low,NA
metabolomics,POR-245-TP1,141,18406006.661554106,0,0.0070921985815602835,140,131471.4761539579,1310.703334593205,5127.581329670065,29123.369477541877,0.2109937990021342,Peve,POR-245,TP1,Mahana,Low,NA
metabolomics,POR-245-TP2,141,18388006.9305552,0,0,141,130411.39667060424,1377.9082341482,8042.62211276734,41182.9336045961,0.1842743202530211,Peve,POR-245,TP2,Mahana,Low,NA
metabolomics,POR-245-TP3,141,10816875.992000991,0,0.014184397163120567,139,77819.25174101433,1314.32414203411,5524.53779593036,34940.517787998455,0.18915941191049782,Peve,POR-245,TP3,Mahana,Low,NA
metabolomics,POR-245-TP4,141,14289819.747074172,0,0.014184397163120567,139,102804.4586120444,1369.02251366214,5496.65783731191,35342.899224812005,0.13736800643604377,Peve,POR-245,TP4,Mahana,Low,NA
metabolomics,POR-260-TP1,141,14710185.900146782,0,0.014184397163120567,139,105828.67554062433,1265.366661856435,4961.23967459112,28973.629749705302,0.2317767803735974,Peve,POR-260,TP1,Mahana,Low,NA
metabolomics,POR-260-TP2,141,17058951.092178192,0,0,141,120985.46873885243,1976.9138124047,6995.40782093983,42046.8694214468,0.1785987730302454,Peve,POR-260,TP2,Mahana,Low,NA
metabolomics,POR-260-TP3,141,13315703.864610918,0,0,141,94437.61606107034,1446.95732486392,5803.2424793836,45494.0489858334,0.1390309706303366,Peve,POR-260,TP3,Mahana,Low,NA
metabolomics,POR-260-TP4,141,16712225.318111693,0,0,141,118526.42069582762,2336.89507816094,8159.49982898386,50481.2101711331,0.1210220801240087,Peve,POR-260,TP4,Mahana,Low,NA
metabolomics,POR-262-TP1,141,17332050.46697689,0,0.0070921985815602835,140,123800.36047840635,1612.0109699709599,6467.239504579925,42044.066060655125,0.14854531229139037,Peve,POR-262,TP1,Mahana,Low,NA
metabolomics,POR-262-TP2,141,17413650.291029625,0,0,141,123501.06589382712,1646.99304683256,8604.7453853128,48680.9487195928,0.1400403685121261,Peve,POR-262,TP2,Mahana,Low,NA
metabolomics,POR-262-TP3,141,16104262.3330614,0,0.0070921985815602835,140,115030.44523615287,1539.6784904091726,6883.000420900795,41929.77933276055,0.11196739540068973,Peve,POR-262,TP3,Mahana,Low,NA
metabolomics,POR-262-TP4,141,44896117.92996191,0,0.028368794326241134,137,327708.889999722,4154.88564817371,20872.4625393732,131705.440147747,0.11583346111219112,Peve,POR-262,TP4,Mahana,Low,NA
metabolomics,POR-69-TP1,141,16101113.895792117,0,0.05673758865248227,133,121061.00673527908,983.694350402284,4483.74052961935,26583.8918156959,0.2068487556816628,Peve,POR-69,TP1,Manava,High,NA
metabolomics,POR-69-TP2,141,13884436.295087857,0,0.014184397163120567,139,99888.03089991264,1127.634703473705,5220.15074561212,28310.7152828894,0.1724858739663673,Peve,POR-69,TP2,Manava,High,NA
metabolomics,POR-69-TP3,141,16765481.571248412,0,0.014184397163120567,139,120614.97533272239,1738.92111196704,7229.76198989389,44026.0428639683,0.1503943152533337,Peve,POR-69,TP3,Manava,High,NA
metabolomics,POR-69-TP4,141,16633110.556930948,0,0,141,117965.32309880105,1184.45955621455,5735.5478619185,40811.6939789017,0.19173932689581474,Peve,POR-69,TP4,Manava,High,NA
metabolomics,POR-72-TP1,141,18134543.446501534,0,0.02127659574468085,138,131409.73511957633,1670.2198307060526,8121.3975447598805,54069.596432110244,0.23235033004688296,Peve,POR-72,TP1,Manava,High,NA
metabolomics,POR-72-TP2,141,20645297.08241159,0,0,141,146420.54668377014,2562.69224804765,13653.5024281201,75126.5133413039,0.1318406047788102,Peve,POR-72,TP2,Manava,High,NA
metabolomics,POR-72-TP3,141,16815351.738557447,0,0.028368794326241134,137,122739.79371209815,2396.78628686181,11093.5389957383,74120.5388706317,0.11517850876656127,Peve,POR-72,TP3,Manava,High,NA
metabolomics,POR-72-TP4,141,17076491.700930864,0,0.02127659574468085,138,123742.69348500625,1832.3784118632873,7072.62355006868,45443.84163584217,0.15579078171289834,Peve,POR-72,TP4,Manava,High,NA
metabolomics,POR-73-TP1,141,18897530.706300512,0,0.014184397163120567,139,135953.45831870873,1871.01885635139,12947.8189714654,46767.00290102685,0.23614977765623923,Peve,POR-73,TP1,Manava,High,NA
metabolomics,POR-73-TP2,141,21370545.263195757,0,0.014184397163120567,139,153744.9299510486,2087.921521168485,8325.80842464311,37517.10428241234,0.2505949395162583,Peve,POR-73,TP2,Manava,High,NA
metabolomics,POR-73-TP3,141,17929023.601881225,0,0.02127659574468085,138,129920.46088319729,1806.1506688710174,7436.852307497105,36221.22443396205,0.23406269143518588,Peve,POR-73,TP3,Manava,High,NA
metabolomics,POR-73-TP4,141,15516695.200848814,0,0.0070921985815602835,140,110833.5371489201,1270.125985849225,5657.295234958765,40047.076341607346,0.13094006202145905,Peve,POR-73,TP4,Manava,High,NA
metabolomics,POR-74-TP1,141,11735863.66913722,0,0.02127659574468085,138,85042.49035606682,1329.7414639947426,5658.726755518464,34414.81650298938,0.13143515881283915,Peve,POR-74,TP1,Manava,High,NA
metabolomics,POR-74-TP2,141,14418519.878765205,0,0.028368794326241134,137,105244.6706479212,1482.6358893319,5533.35320134543,30853.8377694164,0.1311607429120732,Peve,POR-74,TP2,Manava,High,NA
metabolomics,POR-74-TP3,141,8525273.590195928,0,0,141,60462.93326380091,917.702964834636,3437.2277948437,20712.0306515859,0.15667472806720248,Peve,POR-74,TP3,Manava,High,NA
metabolomics,POR-74-TP4,141,14846145.71045075,0,0,141,105291.8135492961,1367.22900620258,6344.72862396662,34653.6595389629,0.18666593129320908,Peve,POR-74,TP4,Manava,High,NA
metabolomics,POR-83-TP1,141,10736458.534394512,0,0.02127659574468085,138,77800.42416227907,1154.4715278476301,5605.723711344424,30123.0655495039,0.1045326305846915,Peve,POR-83,TP1,Manava,High,NA
metabolomics,POR-83-TP2,141,16727813.254326839,0,0.07801418439716312,130,128675.48657174491,2087.0731040664405,10636.140011469899,45196.76465075887,0.12751015903971274,Peve,POR-83,TP2,Manava,High,NA
metabolomics,POR-83-TP3,141,16122306.519040704,0,0,141,114342.59942582059,1791.36857230356,8843.59216644936,44907.5878839676,0.13160074582349796,Peve,POR-83,TP3,Manava,High,NA
metabolomics,POR-83-TP4,141,18397765.627964426,0,0.014184397163120567,139,132358.0261004635,1673.18220995603,6615.57728447127,58803.956016075,0.11365941503989646,Peve,POR-83,TP4,Manava,High,NA
lipidomics,ACR-139-TP1,371,640.1921513909429,0,0,371,1.725585313722218,0.127131658063769,0.347477907726562,1.034393675846655,0.09068749232573904,Apul,ACR-139,TP1,Manava,High,NA
lipidomics,ACR-139-TP3,371,1483.358755214467,0.005390835579514825,0,369,3.9982715773974853,0.34869322846304596,0.857093279122908,2.3571088937560702,0.06152543438562468,Apul,ACR-139,TP3,Manava,High,NA
lipidomics,ACR-139-TP4,371,1537.6653541251696,0,0,371,4.144650550202614,0.3956566979603895,0.948059180416269,2.8329821188994098,0.06867556102369782,Apul,ACR-139,TP4,Manava,High,NA
lipidomics,ACR-145-TP1,371,667.6039556092531,0.005390835579514825,0,369,1.7994715784615989,0.144050805448483,0.435220363167779,1.2415909442370001,0.08160387987724337,Apul,ACR-145,TP1,Manava,High,NA
lipidomics,ACR-145-TP3,371,996.5198876633119,0,0,371,2.686037433054749,0.1850569412046045,0.515928441994471,1.67067704301607,0.07444960109499238,Apul,ACR-145,TP3,Manava,High,NA
lipidomics,ACR-145-TP4,371,968.104130807906,0.005390835579514825,0,369,2.609445096517267,0.132044666030875,0.428203883109688,1.324823104645585,0.0825348805567904,Apul,ACR-145,TP4,Manava,High,NA
lipidomics,ACR-150-TP1,371,1212.5966822691787,0.01078167115902965,0,367,3.2684546691891607,0.2146913773446885,0.484121946926267,1.58493399756392,0.09230246047804554,Apul,ACR-150,TP1,Manava,High,NA
lipidomics,ACR-150-TP3,371,426.4483463831413,0,0,371,1.1494564592537502,0.09591668165163775,0.226859402430317,0.7310142813339899,0.07847646731940526,Apul,ACR-150,TP3,Manava,High,NA
lipidomics,ACR-150-TP4,371,338.2420225134991,0,0,371,0.9117035647264126,0.07153290356966625,0.17636754965007,0.5070961310149434,0.11463397419236797,Apul,ACR-150,TP4,Manava,High,NA
lipidomics,ACR-173-TP1,371,563.2243036781463,0,0,371,1.5181248077578067,0.1330540097237975,0.38976555955813,1.220037614586005,0.08218146897032094,Apul,ACR-173,TP1,Manava,High,NA
lipidomics,ACR-173-TP3,371,338.6720937111798,0,0,371,0.9128627862835035,0.06431871251388635,0.144238891421799,0.4242829870210875,0.10120888987504495,Apul,ACR-173,TP3,Manava,High,NA
lipidomics,ACR-173-TP4,371,514.1120724764845,0,0,371,1.3857468260821686,0.1113948739943855,0.290659255562691,0.7981184751237664,0.07989462213489854,Apul,ACR-173,TP4,Manava,High,NA
lipidomics,ACR-186-TP1,371,678.5900844205959,0.0026954177897574125,0,370,1.8290837855002584,0.055518089143721555,0.123671230127635,0.4883281938623065,0.13880946351615717,Apul,ACR-186,TP1,Manava,High,NA
lipidomics,ACR-186-TP3,371,280.3974273312959,0.0026954177897574125,0,370,0.7557882138309863,0.037432003691188306,0.0870178111443577,0.2583755795496475,0.11714524128804421,Apul,ACR-186,TP3,Manava,High,NA
lipidomics,ACR-186-TP4,371,441.91483059343324,0,0,371,1.1911450959391732,0.0989556645730569,0.241185342212189,0.739099463246409,0.073415325167677,Apul,ACR-186,TP4,Manava,High,NA
lipidomics,ACR-225-TP1,371,1398.3325355889842,0,0,371,3.7690903924231383,0.349071075788511,1.04508533642518,2.999056375599265,0.08109799441355811,Apul,ACR-225,TP1,Mahana,Low,NA
lipidomics,ACR-225-TP3,371,819.5976297178909,0.008086253369272238,0,368,2.2091580315846113,0.1105347858577065,0.293721543640666,0.7956688282456734,0.10469541007400428,Apul,ACR-225,TP3,Mahana,Low,NA
lipidomics,ACR-225-TP4,371,525.6802730953724,0,0,371,1.4169279598258016,0.1494144470333605,0.413321165090665,1.025987392342625,0.090141446233083,Apul,ACR-225,TP4,Mahana,Low,NA
lipidomics,ACR-229-TP1,371,682.5925069678347,0,0,371,1.839871986436212,0.21386425459555952,0.557027487709285,1.51986252540472,0.06201660543531309,Apul,ACR-229,TP1,Mahana,Low,NA
lipidomics,ACR-229-TP3,371,490.52318959682475,0,0,371,1.3221649315278294,0.122999082297683,0.301459285532373,0.878096436941443,0.08656771094191747,Apul,ACR-229,TP3,Mahana,Low,NA
lipidomics,ACR-229-TP4,371,190.65524156222065,0.005390835579514825,0,369,0.5138955298173064,0.03793760526647735,0.094317961543412,0.2804666504377875,0.08431673381851743,Apul,ACR-229,TP4,Mahana,Low,NA
lipidomics,ACR-237-TP1,371,420.29341513757436,0.008086253369272238,0,368,1.1328663480797152,0.1073399475410215,0.302192939414355,0.7907265361582265,0.06959285419708565,Apul,ACR-237,TP1,Mahana,Low,NA
lipidomics,ACR-237-TP3,371,910.3415489634499,0,0,371,2.4537508058314015,0.23911024502586098,0.580521495600146,1.71880373676215,0.08566570106287424,Apul,ACR-237,TP3,Mahana,Low,NA
lipidomics,ACR-237-TP4,371,294.2622727370857,0.0026954177897574125,0,370,0.7931597647899884,0.06928114391084239,0.173481011954413,0.515141719375698,0.07428667597753595,Apul,ACR-237,TP4,Mahana,Low,NA
lipidomics,ACR-244-TP1,371,807.8308649883813,0.0026954177897574125,0,370,2.1774416846048013,0.24179114982323252,0.626441078573423,1.6917251626125749,0.07230884186720736,Apul,ACR-244,TP1,Mahana,Low,NA
lipidomics,ACR-244-TP3,371,659.5991859733775,0,0,371,1.7778953799821497,0.21031246305303802,0.492183523493417,1.2805149468840051,0.06659663969189794,Apul,ACR-244,TP3,Mahana,Low,NA
lipidomics,ACR-244-TP4,371,561.7754857999093,0,0,371,1.5142196382746882,0.1360289497889115,0.355950318088756,0.9796424589682691,0.10113322161106904,Apul,ACR-244,TP4,Mahana,Low,NA
lipidomics,ACR-265-TP1,371,1324.3911844430556,0,0,371,3.5697875591457024,0.268470095718694,0.791360225569672,2.418319384136495,0.08563310637153469,Apul,ACR-265,TP1,Mahana,Low,NA
lipidomics,ACR-265-TP3,371,2463.8525733519295,0.0026954177897574125,0,370,6.6411120575523706,0.388932938200665,1.29496770424619,4.018039615121465,0.060368969573007955,Apul,ACR-265,TP3,Mahana,Low,NA
lipidomics,POC-201-TP1,371,2699.53461791039,0,0,371,7.2763736331816435,0.6425617010617815,1.8884155130177,6.49891206339257,0.05795682067584455,Ptuh,POC-201,TP1,Mahana,Low,NA
lipidomics,POC-201-TP3,371,2484.453128023561,0,0,371,6.696639159093157,0.594595476011305,1.86309170573055,5.434237013700975,0.05476853802112085,Ptuh,POC-201,TP3,Mahana,Low,NA
lipidomics,POC-219-TP1,371,1795.0060872024021,0.005390835579514825,0,369,4.8382913401682,0.4231633027226015,1.17785669802881,3.9750884963555153,0.06916877985262569,Ptuh,POC-219,TP1,Mahana,Low,NA
lipidomics,POC-219-TP3,371,2693.5451957985233,0,0,371,7.260229638270952,0.6095124699696739,1.91140035256783,6.2772950349749905,0.08091477154141781,Ptuh,POC-219,TP3,Mahana,Low,NA
lipidomics,POC-219-TP4,371,2050.4433673250473,0.0026954177897574125,0,370,5.526801529178025,0.5019243106015314,1.41449799140908,4.4728848377134796,0.06522310757124872,Ptuh,POC-219,TP4,Mahana,Low,NA
lipidomics,POC-222-TP1,371,2971.7100898740846,0.0026954177897574125,0,370,8.010000242248207,0.6579767940600301,1.99043114860806,6.81368668525899,0.06941234965187706,Ptuh,POC-222,TP1,Mahana,Low,NA
lipidomics,POC-222-TP3,371,1482.2064795117153,0,0,371,3.995165712969583,0.306911681283992,0.993166589677534,3.18264321524078,0.06210441726647716,Ptuh,POC-222,TP3,Mahana,Low,NA
lipidomics,POC-222-TP4,371,3133.9932212898075,0.0026954177897574125,0,370,8.447421081643686,0.748392874905224,2.3083280134764,8.007531755382374,0.04990907760670966,Ptuh,POC-222,TP4,Mahana,Low,NA
lipidomics,POC-255-TP1,371,2055.8706591672744,0,0,371,5.5414303481597695,0.41224398346945,1.42958845013546,4.525648727465615,0.08760792662638629,Ptuh,POC-255,TP1,Mahana,Low,NA
lipidomics,POC-255-TP3,371,1356.7406707727437,0.008086253369272238,0,368,3.656982940088258,0.2495980451050605,0.849824591213179,2.7205320744035504,0.056529443774531306,Ptuh,POC-255,TP3,Mahana,Low,NA
lipidomics,POC-255-TP4,371,1483.2395499434986,0,0,371,3.997950269389484,0.30518412267552253,1.03247026648815,3.02249380882732,0.04963958880368825,Ptuh,POC-255,TP4,Mahana,Low,NA
lipidomics,POC-259-TP1,371,8132.435575314686,0.0026954177897574125,0,370,21.92031152375926,1.5349789366294249,5.7167418494004,17.6292168611959,0.09138665920157676,Ptuh,POC-259,TP1,Mahana,Low,NA
lipidomics,POC-259-TP3,371,1388.7144543807926,0,0,371,3.743165645231247,0.27274194773462146,0.771126080943278,2.42882630204831,0.062082885114530965,Ptuh,POC-259,TP3,Mahana,Low,NA
lipidomics,POC-259-TP4,371,1079.0221979130854,0,0,371,2.9084156277980737,0.18970793771906852,0.614639538078378,1.9894505549320098,0.06845436265177725,Ptuh,POC-259,TP4,Mahana,Low,NA
lipidomics,POC-40-TP1,371,1804.2419266503434,0.0026954177897574125,0,370,4.863185786119524,0.5007788734261335,1.35256288286129,3.746771984333535,0.05470958712065822,Ptuh,POC-40,TP1,Manava,High,NA
lipidomics,POC-40-TP3,371,2867.190522954934,0,0,371,7.728276342196587,0.649390183372391,1.91227814870044,5.96776353741496,0.07263935737640397,Ptuh,POC-40,TP3,Manava,High,NA
lipidomics,POC-40-TP4,371,826.9108384523036,0,0,371,2.228870184507557,0.211538530474146,0.656199520055307,1.791205362020585,0.06721679138315927,Ptuh,POC-40,TP4,Manava,High,NA
lipidomics,POC-42-TP1,371,6056.526575299999,0,0,371,16.324869475202156,1.158369444354195,3.8252828313839,12.589903306162899,0.08204913238367889,Ptuh,POC-42,TP1,Manava,High,NA
lipidomics,POC-42-TP3,371,2583.107057686877,0,0,371,6.962552716137135,0.5326076452370085,1.64343931205319,5.235260287597566,0.06502187341022078,Ptuh,POC-42,TP3,Manava,High,NA
lipidomics,POC-42-TP4,371,842.9139789038782,0,0,371,2.2720053339727175,0.17447386949238453,0.565153332878043,1.805106963604525,0.060556805408350255,Ptuh,POC-42,TP4,Manava,High,NA
lipidomics,POC-52-TP1,371,2856.179506611204,0,0,371,7.698597052860388,0.599596200142767,2.01477217789908,6.1808435982356045,0.07542788767124504,Ptuh,POC-52,TP1,Manava,High,NA
lipidomics,POC-52-TP3,371,849.0627619556341,0,0,371,2.288578873195779,0.1726924949540535,0.513481821899798,1.628338750529085,0.05532994175575759,Ptuh,POC-52,TP3,Manava,High,NA
lipidomics,POC-52-TP4,371,1530.4848482774883,0,0,371,4.125296087001316,0.2740746666439755,0.966758925346605,3.2385297679634153,0.06841675536036614,Ptuh,POC-52,TP4,Manava,High,NA
lipidomics,POC-53-TP1,371,1014.3210831743309,0,0,371,2.7340190921140994,0.2509910146331175,0.734180736125961,2.3720746640066848,0.05405373925341308,Ptuh,POC-53,TP1,Manava,High,NA
lipidomics,POC-53-TP3,371,1126.9546302641036,0.0026954177897574125,0,370,3.037613558663352,0.2514729336893845,0.810330763999958,2.46404668726809,0.05446618227168789,Ptuh,POC-53,TP3,Manava,High,NA
lipidomics,POC-53-TP4,371,974.7568918643664,0,0,371,2.6273770670198555,0.2221155719280135,0.652955844919918,1.9857706481821,0.06178408463510274,Ptuh,POC-53,TP4,Manava,High,NA
lipidomics,POC-57-TP1,371,1247.8338493818433,0,0,371,3.3634335562852917,0.243404729320637,0.835890162281521,2.76205784898663,0.06474634876696235,Ptuh,POC-57,TP1,Manava,High,NA
lipidomics,POC-57-TP3,371,1797.8683648541112,0.005390835579514825,0,369,4.846006374269842,0.378763889523579,1.23018613104046,3.9883593928507146,0.043711828083375655,Ptuh,POC-57,TP3,Manava,High,NA
lipidomics,POC-57-TP4,371,789.3391114822299,0,0,371,2.127598683240512,0.195635824991164,0.606020831735546,1.77575826557329,0.06160570114499051,Ptuh,POC-57,TP4,Manava,High,NA
lipidomics,POR-216-TP1,371,466.33193433079003,0.0026954177897574125,0,370,1.2569593917271968,0.08998930489218675,0.300009187443488,0.935888689515707,0.08862529232852674,Peve,POR-216,TP1,Mahana,Low,NA
lipidomics,POR-216-TP2,371,1322.5747882036972,0.0026954177897574125,0,370,3.5648916124088874,0.2514870096590275,0.884236494517942,2.487947316684465,0.1039806170531299,Peve,POR-216,TP2,Mahana,Low,NA
lipidomics,POR-216-TP3,371,846.8237012349688,0,0,371,2.2825436690969507,0.1262738108949385,0.432859046386575,1.427549446997275,0.08419938366366292,Peve,POR-216,TP3,Mahana,Low,NA
lipidomics,POR-216-TP4,371,1240.087828519225,0.0026954177897574125,0,370,3.3425547938523583,0.230647971729199,0.804508594430921,2.385390370329115,0.062480255182056986,Peve,POR-216,TP4,Mahana,Low,NA
lipidomics,POR-236-TP1,371,1617.6978995570216,0.0026954177897574125,0,370,4.360371696919196,0.3324562476616255,0.879912202205035,2.930746248456925,0.06846269847769197,Peve,POR-236,TP1,Mahana,Low,NA
lipidomics,POR-236-TP2,371,1415.7903865085648,0.0026954177897574125,0,370,3.816146594362708,0.29919520590204596,0.898129991173517,2.866104877763605,0.08331282862177171,Peve,POR-236,TP2,Mahana,Low,NA
lipidomics,POR-245-TP1,371,703.6282775454256,0.013477088948787063,0,366,1.8965721766723063,0.13511129274544198,0.430742672118916,1.33842626560226,0.12253195855800623,Peve,POR-245,TP1,Mahana,Low,NA
lipidomics,POR-245-TP2,371,1147.2417486788863,0,0,371,3.0922958185414724,0.216597590201655,0.689220306299339,2.05248636170812,0.12838692061628484,Peve,POR-245,TP2,Mahana,Low,NA
lipidomics,POR-245-TP3,371,943.768699314006,0,0,371,2.543850941547186,0.2340091891831165,0.603086840192979,1.8668390973911,0.096968379834163,Peve,POR-245,TP3,Mahana,Low,NA
lipidomics,POR-245-TP4,371,936.6404850256176,0.0026954177897574125,0,370,2.524637425945061,0.16129857007925852,0.496932163542312,1.6951732043939751,0.09395388203646517,Peve,POR-245,TP4,Mahana,Low,NA
lipidomics,POR-260-TP1,371,1238.1714889099069,0,0,371,3.3373894579781855,0.20822774962698998,0.786066319499791,2.41535805542992,0.09660746632208689,Peve,POR-260,TP1,Mahana,Low,NA
lipidomics,POR-260-TP2,371,1219.0626034593533,0.005390835579514825,0,369,3.2858830281923272,0.2189449044500035,0.856953145124377,2.468115327748825,0.07792394396946133,Peve,POR-260,TP2,Mahana,Low,NA
lipidomics,POR-260-TP3,371,658.763120101252,0.008086253369272238,0,368,1.7756418331570134,0.09139540802381499,0.347078691119859,1.0849311537680149,0.08993452799199908,Peve,POR-260,TP3,Mahana,Low,NA
lipidomics,POR-260-TP4,371,1469.169128262806,0.0026954177897574125,0,370,3.9600246044819567,0.25398788172215647,1.0150420542875,2.912568716742845,0.08424926752776947,Peve,POR-260,TP4,Mahana,Low,NA
lipidomics,POR-262-TP1,371,1845.8476299374681,0.0026954177897574125,0,370,4.975330538915008,0.341382249334721,1.19829449139671,3.59888647298851,0.08266176377070841,Peve,POR-262,TP1,Mahana,Low,NA
lipidomics,POR-262-TP2,371,486.3263379376018,0.018867924528301886,0,364,1.3108526629045871,0.0774511393257373,0.322489749672332,1.06742857337718,0.06543093101161913,Peve,POR-262,TP2,Mahana,Low,NA
lipidomics,POR-262-TP3,371,1011.6410701466398,0.008086253369272238,0,368,2.7267953373224794,0.18599727787231551,0.670426857279902,2.1460438626103553,0.08416730348217152,Peve,POR-262,TP3,Mahana,Low,NA
lipidomics,POR-262-TP4,371,889.5428583703534,0.01078167115902965,0,367,2.397689645203109,0.119035166347762,0.477459614602657,1.6002151309852848,0.05873418676554828,Peve,POR-262,TP4,Mahana,Low,NA
lipidomics,POR-69-TP1,371,1226.6710578853688,0,0,371,3.3063909916047676,0.1710320327738945,0.562001025474241,1.883125260588775,0.1286887199333342,Peve,POR-69,TP1,Manava,High,NA
lipidomics,POR-69-TP2,371,1407.5497641334925,0.0026954177897574125,0,370,3.7939346742142654,0.1567345937870435,0.623819184366606,2.03943633934197,0.10815827862672689,Peve,POR-69,TP2,Manava,High,NA
lipidomics,POR-69-TP3,371,641.9655294662831,0.013477088948787063,0,366,1.7303653085344557,0.05791209262364465,0.225906327360004,0.8120623224612465,0.07395034458406255,Peve,POR-69,TP3,Manava,High,NA
lipidomics,POR-69-TP4,371,1107.1813467239804,0,0,371,2.9843162984473866,0.158361675100627,0.537632779432734,1.92204782482413,0.10963454989739571,Peve,POR-69,TP4,Manava,High,NA
lipidomics,POR-72-TP1,371,1313.495805584488,0.0026954177897574125,0,370,3.5404199611441722,0.22904784894644747,0.779863672131697,2.48578575296974,0.07678228179489366,Peve,POR-72,TP1,Manava,High,NA
lipidomics,POR-72-TP2,371,1727.089966710704,0.005390835579514825,0,369,4.655229020783569,0.341377704745234,0.963539178645033,3.04860487964521,0.0898739556549715,Peve,POR-72,TP2,Manava,High,NA
lipidomics,POR-72-TP3,371,1966.9665389635204,0.005390835579514825,0,369,5.30179660097984,0.296632969589536,0.991652120386644,3.564846761188825,0.07521146929667505,Peve,POR-72,TP3,Manava,High,NA
lipidomics,POR-72-TP4,371,714.4287430120377,0.01078167115902965,0,367,1.925683943428673,0.13386142098646248,0.451066111183956,1.37215769434528,0.08795930358380048,Peve,POR-72,TP4,Manava,High,NA
lipidomics,POR-73-TP1,371,1889.6256147292786,0.0026954177897574125,0,370,5.093330497922584,0.3753166132094075,1.10428464678583,3.37716791606868,0.10000697152376506,Peve,POR-73,TP1,Manava,High,NA
lipidomics,POR-73-TP2,371,2208.5555908352108,0.0026954177897574125,0,370,5.95298002920542,0.363747771018135,1.25017403450983,3.814775102036375,0.10710070706387623,Peve,POR-73,TP2,Manava,High,NA
lipidomics,POR-73-TP3,371,473.31328533596303,0.0215633423180593,0,363,1.275777049423081,0.07442241886162054,0.225503305949376,0.788949539210557,0.08836742015509391,Peve,POR-73,TP3,Manava,High,NA
lipidomics,POR-73-TP4,371,946.4899022479619,0.0026954177897574125,0,370,2.551185720344911,0.136744429888349,0.447932396777353,1.4335048129184051,0.10412104949449079,Peve,POR-73,TP4,Manava,High,NA
lipidomics,POR-74-TP1,371,864.9923375387463,0.008086253369272238,0,368,2.331515734605785,0.131371097765238,0.476799596477453,1.5437547714021451,0.08451858681929726,Peve,POR-74,TP1,Manava,High,NA
lipidomics,POR-74-TP2,371,792.2085872581368,0.008086253369272238,0,368,2.1353331192941694,0.12912602930296802,0.421577851187788,1.308023329191275,0.08724274101400474,Peve,POR-74,TP2,Manava,High,NA
lipidomics,POR-74-TP3,371,771.7205321353206,0,0,371,2.0801092510386,0.1374773586505585,0.424398453361417,1.49056188610098,0.09968192886247322,Peve,POR-74,TP3,Manava,High,NA
lipidomics,POR-74-TP4,371,3552.750304289651,0.005390835579514825,0,369,9.576146372748385,0.567941107339897,1.85895272990104,5.232541714182615,0.1043153772960603,Peve,POR-74,TP4,Manava,High,NA
lipidomics,POR-83-TP1,371,1470.001929327281,0,0,371,3.9622693512864715,0.2673457686896405,0.955172198819736,2.8129785202015247,0.09439345484841932,Peve,POR-83,TP1,Manava,High,NA
lipidomics,POR-83-TP2,371,994.5596108251069,0.005390835579514825,0,369,2.6807536679922017,0.1837747193713615,0.64364385133539,1.855880166685995,0.09540214551000038,Peve,POR-83,TP2,Manava,High,NA
lipidomics,POR-83-TP3,371,543.1471849269111,0.01078167115902965,0,367,1.4640085847086552,0.070964984267444,0.277246588289725,0.9724267551829155,0.06979915920828686,Peve,POR-83,TP3,Manava,High,NA
lipidomics,POR-83-TP4,371,1373.6545160327064,0.0026954177897574125,0,370,3.7025728194951655,0.231525479122471,0.769301528604845,2.638302758402975,0.08668343234439808,Peve,POR-83,TP4,Manava,High,NA
