rep,check,pair,rho
1,primary,Apul-Peve,0.24247491638795987
1,primary,Apul-Ptuh,0.4682716998953819
1,primary,Peve-Ptuh,0.36198587501747453
1,C1_cpg20,Apul-Ptuh,0.358996949295182
1,C1_cpg20,Peve-Ptuh,0.37746469146034045
1,C2_annotated,Apul-Peve,-0.10700778642936595
1,C2_annotated,Apul-Ptuh,0.42902768733569685
1,C2_annotated,Peve-Ptuh,0.29698934099789126
1,C4_joint,Apul-Peve,0.22758972913951608
1,C4_joint,Apul-Ptuh,0.3762459934486282
1,C4_joint,Peve-Ptuh,0.2979641435666233
2,primary,Apul-Peve,0.2795190316929448
2,primary,Apul-Ptuh,0.4728835352273062
2,primary,Peve-Ptuh,0.3619522509669525
2,C1_cpg20,Apul-Ptuh,0.3496212918156953
2,C1_cpg20,Peve-Ptuh,0.3902555022932108
2,C2_annotated,Apul-Peve,-0.10122358175750834
2,C2_annotated,Apul-Ptuh,0.4209240768878277
2,C2_annotated,Peve-Ptuh,0.3009045990310922
2,C4_joint,Apul-Peve,0.2603465887076891
2,C4_joint,Apul-Ptuh,0.3728118065584165
2,C4_joint,Peve-Ptuh,0.3319537881723082
3,primary,Apul-Peve,0.29071508201942986
3,primary,Apul-Ptuh,0.4785617460620563
3,primary,Peve-Ptuh,0.3663336074935849
3,C1_cpg20,Apul-Ptuh,0.3398248474647591
3,C1_cpg20,Peve-Ptuh,0.3892666434363316
3,C2_annotated,Apul-Peve,-0.11635150166852058
3,C2_annotated,Apul-Ptuh,0.43016122808286905
3,C2_annotated,Peve-Ptuh,0.3178899096163022
3,C4_joint,Apul-Peve,0.2703321475115354
3,C4_joint,Apul-Ptuh,0.3980134549681238
3,C4_joint,Peve-Ptuh,0.3224261209538235
4,primary,Apul-Peve,0.28420130594043636
4,primary,Apul-Ptuh,0.47067470254944255
4,primary,Peve-Ptuh,0.36167860617842723
4,C1_cpg20,Apul-Ptuh,0.36428308436776774
4,C1_cpg20,Peve-Ptuh,0.38287673168021247
4,C2_annotated,Apul-Peve,-0.07986651835372635
4,C2_annotated,Apul-Ptuh,0.4423980416274751
4,C2_annotated,Peve-Ptuh,0.29867009082399504
4,C4_joint,Apul-Peve,0.2723926596456624
4,C4_joint,Apul-Ptuh,0.3976436194568702
4,C4_joint,Peve-Ptuh,0.3173893135148463
5,primary,Apul-Peve,0.3034400382226469
5,primary,Apul-Ptuh,0.4773686576122418
5,primary,Peve-Ptuh,0.3648732610540487
5,C1_cpg20,Apul-Ptuh,0.36580843677677255
5,C1_cpg20,Peve-Ptuh,0.38454052594734245
5,C2_annotated,Apul-Peve,-0.0932146829810901
5,C2_annotated,Apul-Ptuh,0.4415291947037117
5,C2_annotated,Peve-Ptuh,0.3078824626668208
5,C4_joint,Apul-Peve,0.2834525025536262
5,C4_joint,Apul-Ptuh,0.41754429220527645
5,C4_joint,Peve-Ptuh,0.30271917156845485
6,primary,Apul-Peve,0.2841216754260233
6,primary,Apul-Ptuh,0.4787688915056295
6,primary,Peve-Ptuh,0.3698123485885148
6,C1_cpg20,Apul-Ptuh,0.3542762465811066
6,C1_cpg20,Peve-Ptuh,0.38622001638680387
6,C2_annotated,Apul-Peve,-0.1474972191323693
6,C2_annotated,Apul-Ptuh,0.4393760702312905
6,C2_annotated,Peve-Ptuh,0.3157451542966443
6,C4_joint,Apul-Peve,0.26344616251629044
6,C4_joint,Apul-Ptuh,0.4245183332746294
6,C4_joint,Peve-Ptuh,0.3199957733084429
7,primary,Apul-Peve,0.29428252906513774
7,primary,Apul-Ptuh,0.47148249277363685
7,primary,Peve-Ptuh,0.3609100904387832
7,C1_cpg20,Apul-Ptuh,0.3412187039764359
7,C1_cpg20,Peve-Ptuh,0.3845923233160361
7,C2_annotated,Apul-Peve,-0.08832035595105674
7,C2_annotated,Apul-Ptuh,0.4256174179388853
7,C2_annotated,Peve-Ptuh,0.3071551255884212
7,C4_joint,Apul-Peve,0.27522806523193977
7,C4_joint,Apul-Ptuh,0.3903349653059069
7,C4_joint,Peve-Ptuh,0.3310380050015851
8,primary,Apul-Peve,0.2663003663003663
8,primary,Apul-Ptuh,0.47263265052278525
8,primary,Peve-Ptuh,0.3609488955536938
8,C1_cpg20,Apul-Ptuh,0.34923995371344413
8,C1_cpg20,Peve-Ptuh,0.38484503169057194
8,C2_annotated,Apul-Peve,-0.14927697441601778
8,C2_annotated,Apul-Ptuh,0.4321624098593927
8,C2_annotated,Peve-Ptuh,0.3027784022377258
8,C4_joint,Apul-Peve,0.2450600542425417
8,C4_joint,Apul-Ptuh,0.3737275897291396
8,C4_joint,Peve-Ptuh,0.320559332182734
9,primary,Apul-Peve,0.2707118967988533
9,primary,Apul-Ptuh,0.4749572998352713
9,primary,Peve-Ptuh,0.3639181476944085
9,C1_cpg20,Apul-Ptuh,0.3515805806858826
9,C1_cpg20,Peve-Ptuh,0.3887000116151675
9,C2_annotated,Apul-Peve,-0.1563959955506118
9,C2_annotated,Apul-Ptuh,0.4276813062248269
9,C2_annotated,Peve-Ptuh,0.30625505653796864
9,C4_joint,Apul-Peve,0.2517170934451059
9,C4_joint,Apul-Ptuh,0.37955690183508867
9,C4_joint,Peve-Ptuh,0.3275157620372654
10,primary,Apul-Peve,0.3016085363911451
10,primary,Apul-Ptuh,0.47837146487578525
10,primary,Peve-Ptuh,0.3667020446132203
10,C1_cpg20,Apul-Ptuh,0.35485482852934985
10,C1_cpg20,Peve-Ptuh,0.3847649812116817
10,C2_annotated,Apul-Peve,-0.11012235817575085
10,C2_annotated,Apul-Ptuh,0.432737018546656
10,C2_annotated,Peve-Ptuh,0.30872664784396203
10,C4_joint,Apul-Peve,0.28192032686414714
10,C4_joint,Apul-Ptuh,0.40750589975696533
10,C4_joint,Peve-Ptuh,0.32681131344440145
11,primary,Apul-Peve,0.2696607740086001
11,primary,Apul-Ptuh,0.4694701017413327
11,primary,Peve-Ptuh,0.3651999588845533
11,C1_cpg20,Apul-Ptuh,0.3644277298548285
11,C1_cpg20,Peve-Ptuh,0.3799446866887041
11,C2_annotated,Apul-Peve,-0.11457174638487207
11,C2_annotated,Apul-Ptuh,0.43556001736487954
11,C2_annotated,Peve-Ptuh,0.306037448122196
11,C4_joint,Apul-Peve,0.25421788594977285
11,C4_joint,Apul-Ptuh,0.38940157092036215
11,C4_joint,Peve-Ptuh,0.33220034517981056
12,primary,Apul-Peve,0.2863354037267081
12,primary,Apul-Ptuh,0.47326313958358207
12,primary,Peve-Ptuh,0.3635283519011711
12,C1_cpg20,Apul-Ptuh,0.33714233115926784
12,C1_cpg20,Peve-Ptuh,0.3857616881547266
12,C2_annotated,Apul-Peve,-0.14304783092324805
12,C2_annotated,Apul-Ptuh,0.4221347948773605
12,C2_annotated,Peve-Ptuh,0.32011764402057374
12,C4_joint,Apul-Peve,0.26526011764291507
12,C4_joint,Apul-Ptuh,0.3836603148885211
12,C4_joint,Peve-Ptuh,0.318498820048607
13,primary,Apul-Peve,0.28791208791208794
13,primary,Apul-Ptuh,0.47758034639454017
13,primary,Peve-Ptuh,0.37193439096568287
13,C1_cpg20,Apul-Ptuh,0.3557884494003787
13,C1_cpg20,Peve-Ptuh,0.3873925204599606
13,C2_annotated,Apul-Peve,-0.11724137931034483
13,C2_annotated,Apul-Ptuh,0.4413223838120734
13,C2_annotated,Peve-Ptuh,0.3158636958460924
13,C4_joint,Apul-Peve,0.2673910746363285
13,C4_joint,Apul-Ptuh,0.40017963439118043
13,C4_joint,Peve-Ptuh,0.3423267937022296
14,primary,Apul-Peve,0.27017040930084407
14,primary,Apul-Ptuh,0.4735216047981045
14,primary,Peve-Ptuh,0.3674647713064301
14,C1_cpg20,Apul-Ptuh,0.3528297917104986
14,C1_cpg20,Peve-Ptuh,0.3859390549020716
14,C2_annotated,Apul-Peve,-0.10300333704115684
14,C2_annotated,Apul-Ptuh,0.44037575669874346
14,C2_annotated,Peve-Ptuh,0.3146190095768871
14,C4_joint,Apul-Peve,0.2518051495192139
14,C4_joint,Apul-Ptuh,0.38897890176464384
14,C4_joint,Peve-Ptuh,0.32337712655418976
15,primary,Apul-Peve,0.2580665711100494
15,primary,Apul-Ptuh,0.47606033007086324
15,primary,Peve-Ptuh,0.3636226419862435
15,C1_cpg20,Apul-Ptuh,0.3449400378708184
15,C1_cpg20,Peve-Ptuh,0.38395191948491436
15,C2_annotated,Apul-Peve,-0.1056729699666296
15,C2_annotated,Apul-Ptuh,0.43451993343462847
15,C2_annotated,Peve-Ptuh,0.3126114237644478
15,C4_joint,Apul-Peve,0.24137931034482765
15,C4_joint,Apul-Ptuh,0.3969567820788279
15,C4_joint,Peve-Ptuh,0.3323236236835618
16,primary,Apul-Peve,0.25682433508520464
16,primary,Apul-Ptuh,0.4740376587721215
16,primary,Peve-Ptuh,0.3655890145257352
16,C1_cpg20,Apul-Ptuh,0.3566957710919419
16,C1_cpg20,Peve-Ptuh,0.38731090036383725
16,C2_annotated,Apul-Peve,-0.11234705228031147
16,C2_annotated,Apul-Ptuh,0.43863866579842264
16,C2_annotated,Peve-Ptuh,0.3005142586432666
16,C4_joint,Apul-Peve,0.24167870099679484
16,C4_joint,Apul-Ptuh,0.3929414250995034
16,C4_joint,Peve-Ptuh,0.3439822478954599
17,primary,Apul-Peve,0.29085841694537345
17,primary,Apul-Ptuh,0.46823933211830665
17,primary,Peve-Ptuh,0.36215293791000547
17,C1_cpg20,Apul-Ptuh,0.33001525352409
17,C1_cpg20,Peve-Ptuh,0.3846378422157972
17,C2_annotated,Apul-Peve,-0.11056729699666296
17,C2_annotated,Apul-Ptuh,0.41812846280333604
17,C2_annotated,Peve-Ptuh,0.3085835512592711
17,C4_joint,Apul-Peve,0.2725511605790568
17,C4_joint,Apul-Ptuh,0.37334014300306445
17,C4_joint,Peve-Ptuh,0.34857877496389705
18,primary,Apul-Peve,0.30557413600891864
18,primary,Apul-Ptuh,0.48176841913316215
18,primary,Peve-Ptuh,0.37257271924556196
18,C1_cpg20,Apul-Ptuh,0.3640200925731117
18,C1_cpg20,Peve-Ptuh,0.38776295012698203
18,C2_annotated,Apul-Peve,-0.07007786429365963
18,C2_annotated,Apul-Ptuh,0.4371180329450353
18,C2_annotated,Peve-Ptuh,0.3284248664608277
18,C4_joint,Apul-Peve,0.2841745623613118
18,C4_joint,Apul-Ptuh,0.41166214645486254
18,C4_joint,Peve-Ptuh,0.32913599380085246
19,primary,Apul-Peve,0.2808886765408505
19,primary,Apul-Ptuh,0.47661831367091195
19,primary,Peve-Ptuh,0.36951182041997316
19,C1_cpg20,Apul-Ptuh,0.35631443298969073
19,C1_cpg20,Peve-Ptuh,0.39140760134233665
19,C2_annotated,Apul-Peve,-0.09543937708565071
19,C2_annotated,Apul-Ptuh,0.44152256228444636
19,C2_annotated,Peve-Ptuh,0.31914899021651194
19,C4_joint,Apul-Peve,0.261579373745201
19,C4_joint,Apul-Ptuh,0.39507238209291684
19,C4_joint,Peve-Ptuh,0.34326018808777436
20,primary,Apul-Peve,0.30035037426341776
20,primary,Apul-Ptuh,0.47682696531623847
20,primary,Peve-Ptuh,0.3705160745892992
20,C1_cpg20,Apul-Ptuh,0.35402640437618343
20,C1_cpg20,Peve-Ptuh,0.3843898426929609
20,C2_annotated,Apul-Peve,-0.10300333704115684
20,C2_annotated,Apul-Ptuh,0.43389866174340586
20,C2_annotated,Peve-Ptuh,0.30891292742166626
20,C4_joint,Apul-Peve,0.28442111936881415
20,C4_joint,Apul-Ptuh,0.4039836567926457
20,C4_joint,Peve-Ptuh,0.3372019301891445
21,primary,Apul-Peve,0.29996814779423475
21,primary,Apul-Ptuh,0.47475358114717725
21,primary,Peve-Ptuh,0.3639184120344283
21,C1_cpg20,Apul-Ptuh,0.36405954134231006
21,C1_cpg20,Peve-Ptuh,0.3842171847973153
21,C2_annotated,Apul-Peve,-0.060289210233592884
21,C2_annotated,Apul-Ptuh,0.43762812628126285
21,C2_annotated,Peve-Ptuh,0.3066470903765007
21,C4_joint,Apul-Peve,0.28118065584164004
21,C4_joint,Apul-Ptuh,0.40785812405339733
21,C4_joint,Peve-Ptuh,0.3211933359163116
22,primary,Apul-Peve,0.2552157986940596
22,primary,Apul-Ptuh,0.47601439614629387
22,primary,Peve-Ptuh,0.366116082091269
22,C1_cpg20,Apul-Ptuh,0.35023932253313694
22,C1_cpg20,Peve-Ptuh,0.38622943409020277
22,C2_annotated,Apul-Peve,-0.11635150166852058
22,C2_annotated,Apul-Ptuh,0.4314907266719726
22,C2_annotated,Peve-Ptuh,0.309194040238929
22,C4_joint,Apul-Peve,0.23577894403155933
22,C4_joint,Apul-Ptuh,0.3838364270367371
22,C4_joint,Peve-Ptuh,0.33130217322390904
23,primary,Apul-Peve,0.29874183787227265
23,primary,Apul-Ptuh,0.4769937551616708
23,primary,Peve-Ptuh,0.3670250681174493
23,C1_cpg20,Apul-Ptuh,0.3591547443719756
23,C1_cpg20,Peve-Ptuh,0.3853096383915818
23,C2_annotated,Apul-Peve,-0.071412680756396
23,C2_annotated,Apul-Ptuh,0.4335962183151243
23,C2_annotated,Peve-Ptuh,0.31979842856241697
23,C4_joint,Apul-Peve,0.28162093621218
23,C4_joint,Apul-Ptuh,0.3885033989644607
23,C4_joint,Peve-Ptuh,0.323764573280265
24,primary,Apul-Peve,0.2852683548335722
24,primary,Apul-Ptuh,0.48064856314313875
24,primary,Peve-Ptuh,0.36254809980564534
24,C1_cpg20,Apul-Ptuh,0.3444798022301704
24,C1_cpg20,Peve-Ptuh,0.3840351091982709
24,C2_annotated,Apul-Peve,-0.12302558398220245
24,C2_annotated,Apul-Ptuh,0.4349769674167329
24,C2_annotated,Peve-Ptuh,0.3092634717178914
24,C4_joint,Apul-Peve,0.26746151949561486
24,C4_joint,Apul-Ptuh,0.4051812194005143
24,C4_joint,Peve-Ptuh,0.3239935190729457
25,primary,Apul-Peve,0.2887880235706323
25,primary,Apul-Ptuh,0.4775440235328777
25,primary,Peve-Ptuh,0.3674508670213872
25,C1_cpg20,Apul-Ptuh,0.3565774247843467
25,C1_cpg20,Peve-Ptuh,0.38469120920172406
25,C2_annotated,Apul-Peve,-0.06874304783092325
25,C2_annotated,Apul-Ptuh,0.4303915539155391
25,C2_annotated,Peve-Ptuh,0.31288745622959124
25,C4_joint,Apul-Peve,0.27323799795709913
25,C4_joint,Apul-Ptuh,0.40479377267443917
25,C4_joint,Peve-Ptuh,0.3396322778345251
26,primary,Apul-Peve,0.2882306099697404
26,primary,Apul-Ptuh,0.4712096999357715
26,primary,Peve-Ptuh,0.3691608297416464
26,C1_cpg20,Apul-Ptuh,0.34518988007574164
26,C1_cpg20,Peve-Ptuh,0.37832798093856834
26,C2_annotated,Apul-Peve,-0.13681868743047831
26,C2_annotated,Apul-Ptuh,0.4263928080457275
26,C2_annotated,Peve-Ptuh,0.3083151393223065
26,C4_joint,Apul-Peve,0.2710894297488642
26,C4_joint,Apul-Ptuh,0.38975379521679415
26,C4_joint,Peve-Ptuh,0.32480363495473924
27,primary,Apul-Peve,0.28428093645484953
27,primary,Apul-Ptuh,0.46800160225845516
27,primary,Peve-Ptuh,0.3642283771416779
27,C1_cpg20,Apul-Ptuh,0.34307279612876074
27,C1_cpg20,Peve-Ptuh,0.386808622849232
27,C2_annotated,Apul-Peve,-0.08832035595105674
27,C2_annotated,Apul-Ptuh,0.42213539782456644
27,C2_annotated,Peve-Ptuh,0.30803571995575013
27,C4_joint,Apul-Peve,0.2661582895988166
27,C4_joint,Apul-Ptuh,0.3680215561269417
27,C4_joint,Peve-Ptuh,0.34466908527350226
28,primary,Apul-Peve,0.2816372033763338
28,primary,Apul-Ptuh,0.47579858755684634
28,primary,Peve-Ptuh,0.3647612337536459
28,C1_cpg20,Apul-Ptuh,0.3561434883231643
28,C1_cpg20,Peve-Ptuh,0.3840523749878355
28,C2_annotated,Apul-Peve,-0.10389321468298109
28,C2_annotated,Apul-Ptuh,0.43613040542170123
28,C2_annotated,Peve-Ptuh,0.31201024876367517
28,C4_joint,Apul-Peve,0.26201965411574096
28,C4_joint,Apul-Ptuh,0.40370187735550006
28,C4_joint,Peve-Ptuh,0.3332217956394633
29,primary,Apul-Peve,0.26722408026755856
29,primary,Apul-Ptuh,0.4704868470440162
29,primary,Peve-Ptuh,0.37049688350385973
29,C1_cpg20,Apul-Ptuh,0.35204081632653056
29,C1_cpg20,Peve-Ptuh,0.38076088764993765
29,C2_annotated,Apul-Peve,-0.13459399332591768
29,C2_annotated,Apul-Ptuh,0.42844041675710876
29,C2_annotated,Peve-Ptuh,0.31651652109341033
29,C4_joint,Apul-Peve,0.24914585608115253
29,C4_joint,Apul-Ptuh,0.38897890176464384
29,C4_joint,Peve-Ptuh,0.32263745553168266
30,primary,Apul-Peve,0.24424271380793122
30,primary,Apul-Ptuh,0.4759812882592801
30,primary,Peve-Ptuh,0.3616581462608926
30,C1_cpg20,Apul-Ptuh,0.3295944666526404
30,C1_cpg20,Peve-Ptuh,0.3823116694762815
30,C2_annotated,Apul-Peve,-0.21023359288097884
30,C2_annotated,Apul-Ptuh,0.429089187950703
30,C2_annotated,Peve-Ptuh,0.30555396794551826
30,C4_joint,Apul-Peve,0.22579338522771306
30,C4_joint,Apul-Ptuh,0.37955690183508867
30,C4_joint,Peve-Ptuh,0.3181465957521751
31,primary,Apul-Peve,0.27617455008759356
31,primary,Apul-Ptuh,0.4760174378730676
31,primary,Peve-Ptuh,0.3695945588461791
31,C1_cpg20,Apul-Ptuh,0.3525536503261098
31,C1_cpg20,Peve-Ptuh,0.3942674439411205
31,C2_annotated,Apul-Peve,-0.11101223581757509
31,C2_annotated,Apul-Ptuh,0.43261281142223185
31,C2_annotated,Peve-Ptuh,0.3135953186248672
31,C4_joint,Apul-Peve,0.25479905603888564
31,C4_joint,Apul-Ptuh,0.3907400232468036
31,C4_joint,Peve-Ptuh,0.3421506815540137
32,primary,Apul-Peve,0.2989488772097468
32,primary,Apul-Ptuh,0.4753298608617805
32,primary,Peve-Ptuh,0.3711108131999088
32,C1_cpg20,Apul-Ptuh,0.3497133389438249
32,C1_cpg20,Peve-Ptuh,0.38451698168884535
32,C2_annotated,Apul-Peve,-0.08164627363737485
32,C2_annotated,Apul-Ptuh,0.43579854867571405
32,C2_annotated,Peve-Ptuh,0.3228237782494038
32,C4_joint,Apul-Peve,0.28091648761931604
32,C4_joint,Apul-Ptuh,0.40387798950371606
32,C4_joint,Peve-Ptuh,0.3330985171357121
33,primary,Apul-Peve,0.28200350374263417
33,primary,Apul-Ptuh,0.4786745979756461
33,primary,Peve-Ptuh,0.3672816894086977
33,C1_cpg20,Apul-Ptuh,0.3501867241742057
33,C1_cpg20,Peve-Ptuh,0.37960251013187923
33,C2_annotated,Apul-Peve,-0.12080088987764183
33,C2_annotated,Apul-Ptuh,0.442357041217471
33,C2_annotated,Peve-Ptuh,0.30873426837214085
33,C4_joint,Apul-Peve,0.26453805783522955
33,C4_joint,Apul-Ptuh,0.3975027297382974
33,C4_joint,Peve-Ptuh,0.32048888732344766
34,primary,Apul-Peve,0.2784679089026915
34,primary,Apul-Ptuh,0.47098037683875993
34,primary,Peve-Ptuh,0.3682425389467681
34,C1_cpg20,Apul-Ptuh,0.3547233326320218
34,C1_cpg20,Peve-Ptuh,0.38781317787844255
34,C2_annotated,Apul-Peve,-0.07363737486095662
34,C2_annotated,Apul-Ptuh,0.4297819742903311
34,C2_annotated,Peve-Ptuh,0.3145148623584434
34,C4_joint,Apul-Peve,0.25759923919551975
34,C4_joint,Apul-Ptuh,0.3901588531576909
34,C4_joint,Peve-Ptuh,0.33461308161036957
35,primary,Apul-Peve,0.2705048574613792
35,primary,Apul-Ptuh,0.4735078207704466
35,primary,Peve-Ptuh,0.37332159452173286
35,C1_cpg20,Apul-Ptuh,0.3395224069009046
35,C1_cpg20,Peve-Ptuh,0.39068400779785845
35,C2_annotated,Apul-Peve,-0.09944382647385984
35,C2_annotated,Apul-Ptuh,0.439928369871934
35,C2_annotated,Peve-Ptuh,0.31878066468786953
35,C4_joint,Apul-Peve,0.25231587474904027
35,C4_joint,Apul-Ptuh,0.38695361206016
35,C4_joint,Peve-Ptuh,0.3432073544433096
36,primary,Apul-Peve,0.25327281414237934
36,primary,Apul-Ptuh,0.4738041003593492
36,primary,Peve-Ptuh,0.3697802577101078
36,C1_cpg20,Apul-Ptuh,0.34175783715548075
36,C1_cpg20,Peve-Ptuh,0.385987713036299
36,C2_annotated,Apul-Peve,-0.11679644048943269
36,C2_annotated,Apul-Ptuh,0.4355274582157586
36,C2_annotated,Peve-Ptuh,0.3152024033452425
36,C4_joint,Apul-Peve,0.23370082068261072
36,C4_joint,Apul-Ptuh,0.38628438589693925
36,C4_joint,Peve-Ptuh,0.34019583670881626
37,primary,Apul-Peve,0.27579232361841055
37,primary,Apul-Ptuh,0.4707578687498363
37,primary,Peve-Ptuh,0.373489714774343
37,C1_cpg20,Apul-Ptuh,0.350831054071113
37,C1_cpg20,Peve-Ptuh,0.3827637192394263
37,C2_annotated,Apul-Peve,-0.13014460511679643
37,C2_annotated,Apul-Ptuh,0.4187824084123194
37,C2_annotated,Peve-Ptuh,0.32107783057110356
37,C4_joint,Apul-Peve,0.2614560952414498
37,C4_joint,Apul-Ptuh,0.3993166848649221
37,C4_joint,Peve-Ptuh,0.34914233383818827
38,primary,Apul-Peve,0.3138397834050008
38,primary,Apul-Ptuh,0.47645908963600225
38,primary,Peve-Ptuh,0.367057687675896
38,C1_cpg20,Apul-Ptuh,0.35978592467915
38,C1_cpg20,Peve-Ptuh,0.3916854235926027
38,C2_annotated,Apul-Peve,-0.11234705228031147
38,C2_annotated,Apul-Ptuh,0.43842679594259165
38,C2_annotated,Peve-Ptuh,0.31463425063324474
38,C4_joint,Apul-Peve,0.2947060688246276
38,C4_joint,Apul-Ptuh,0.4009016941988659
38,C4_joint,Peve-Ptuh,0.33228840125391856
39,primary,Apul-Peve,0.25733397037744865
39,primary,Apul-Ptuh,0.46961660516378556
39,primary,Peve-Ptuh,0.35999743008632723
39,C1_cpg20,Apul-Ptuh,0.35469703345255627
39,C1_cpg20,Peve-Ptuh,0.380209952001105
39,C2_annotated,Apul-Peve,-0.10344827586206896
39,C2_annotated,Apul-Ptuh,0.4323221908689675
39,C2_annotated,Peve-Ptuh,0.30672583583434837
39,C4_joint,Apul-Peve,0.23864957204747989
39,C4_joint,Apul-Ptuh,0.3695361206015992
39,C4_joint,Peve-Ptuh,0.30042971364164706
40,primary,Apul-Peve,0.2876731963688485
40,primary,Apul-Ptuh,0.48297155683219095
40,primary,Peve-Ptuh,0.3629294631522502
40,C1_cpg20,Apul-Ptuh,0.3502919208920681
40,C1_cpg20,Peve-Ptuh,0.38614624437684625
40,C2_annotated,Apul-Peve,-0.13681868743047831
40,C2_annotated,Apul-Ptuh,0.4428701492897282
40,C2_annotated,Peve-Ptuh,0.30940910847864195
40,C4_joint,Apul-Peve,0.2637455531682576
40,C4_joint,Apul-Ptuh,0.41016519319502676
40,C4_joint,Peve-Ptuh,0.3194674368637949
41,primary,Apul-Peve,0.2803949673514891
41,primary,Apul-Ptuh,0.4723352928535072
41,primary,Peve-Ptuh,0.36418209120420614
41,C1_cpg20,Apul-Ptuh,0.34825373448348407
41,C1_cpg20,Peve-Ptuh,0.38615723169747823
41,C2_annotated,Apul-Peve,-0.07185761957730812
41,C2_annotated,Apul-Ptuh,0.4418143887321226
41,C2_annotated,Peve-Ptuh,0.3071906880532556
41,C4_joint,Apul-Peve,0.2643795569018352
41,C4_joint,Apul-Ptuh,0.3846113204888874
41,C4_joint,Peve-Ptuh,0.33681448346306936
42,primary,Apul-Peve,0.2634495938843765
42,primary,Apul-Ptuh,0.4779166304659469
42,primary,Peve-Ptuh,0.3598321382719292
42,C1_cpg20,Apul-Ptuh,0.3534872711971386
42,C1_cpg20,Peve-Ptuh,0.38124746899221157
42,C2_annotated,Apul-Peve,-0.11234705228031147
42,C2_annotated,Apul-Ptuh,0.4309348093480935
42,C2_annotated,Peve-Ptuh,0.2980231926541495
42,C4_joint,Apul-Peve,0.2449719981684337
42,C4_joint,Apul-Ptuh,0.39470254658166326
42,C4_joint,Peve-Ptuh,0.32859004614138293
43,primary,Apul-Peve,0.2581780538302278
43,primary,Apul-Ptuh,0.4780956303111461
43,primary,Peve-Ptuh,0.3706954292927521
43,C1_cpg20,Apul-Ptuh,0.3476488533557752
43,C1_cpg20,Peve-Ptuh,0.38737996352209547
43,C2_annotated,Apul-Peve,-0.12880978865406006
43,C2_annotated,Apul-Ptuh,0.45123845356100617
43,C2_annotated,Peve-Ptuh,0.310391309888355
43,C4_joint,Apul-Peve,0.23919551970694944
43,C4_joint,Apul-Ptuh,0.3989820717833117
43,C4_joint,Peve-Ptuh,0.3362333133739566
44,primary,Apul-Peve,0.29031692944736426
44,primary,Apul-Ptuh,0.4770875866572075
44,primary,Peve-Ptuh,0.36554164479418216
44,C1_cpg20,Apul-Ptuh,0.3659399326741006
44,C1_cpg20,Peve-Ptuh,0.38755576065220737
44,C2_annotated,Apul-Peve,-0.10300333704115684
44,C2_annotated,Apul-Ptuh,0.4307599546583701
44,C2_annotated,Peve-Ptuh,0.31971290930174373
44,C4_joint,Apul-Peve,0.271969990489944
44,C4_joint,Apul-Ptuh,0.4007079708358283
44,C4_joint,Peve-Ptuh,0.31152477897925407
45,primary,Apul-Peve,0.3115782767956681
45,primary,Apul-Ptuh,0.47054285399854767
45,primary,Peve-Ptuh,0.36969968687206445
45,C1_cpg20,Apul-Ptuh,0.3541710498632442
45,C1_cpg20,Peve-Ptuh,0.3891991498953066
45,C2_annotated,Apul-Peve,-0.05094549499443826
45,C2_annotated,Apul-Ptuh,0.4281883848250247
45,C2_annotated,Peve-Ptuh,0.3135004853853087
45,C4_joint,Apul-Peve,0.29199394174210147
45,C4_joint,Apul-Ptuh,0.37541826635201303
45,C4_joint,Peve-Ptuh,0.33836427036737005
46,primary,Apul-Peve,0.2646759038063386
46,primary,Apul-Ptuh,0.4769770449158509
46,primary,Peve-Ptuh,0.37257573272178796
46,C1_cpg20,Apul-Ptuh,0.3468993267410056
46,C1_cpg20,Peve-Ptuh,0.38454052594734245
46,C2_annotated,Apul-Peve,-0.1563959955506118
46,C2_annotated,Apul-Ptuh,0.4425119986493983
46,C2_annotated,Peve-Ptuh,0.3193090213082668
46,C4_joint,Apul-Peve,0.24879363178472058
46,C4_joint,Apul-Ptuh,0.39702722693811426
46,C4_joint,Peve-Ptuh,0.3356873657144871
47,primary,Apul-Peve,0.2787386526516962
47,primary,Apul-Ptuh,0.47948747057875335
47,primary,Peve-Ptuh,0.3620900514192885
47,C1_cpg20,Apul-Ptuh,0.33628760782663575
47,C1_cpg20,Peve-Ptuh,0.3811140515273945
47,C2_annotated,Apul-Peve,-0.1252502780867631
47,C2_annotated,Apul-Ptuh,0.43586993222873405
47,C2_annotated,Peve-Ptuh,0.31417363204110343
47,C4_joint,Apul-Peve,0.25420027473495127
47,C4_joint,Apul-Ptuh,0.38765806065302394
47,C4_joint,Peve-Ptuh,0.31705470043323597
48,primary,Apul-Peve,0.27892976588628765
48,primary,Apul-Ptuh,0.4785382208081487
48,primary,Peve-Ptuh,0.3689723024395055
48,C1_cpg20,Apul-Ptuh,0.34413791289711754
48,C1_cpg20,Peve-Ptuh,0.3803009898006272
48,C2_annotated,Apul-Peve,-0.13103448275862067
48,C2_annotated,Apul-Ptuh,0.4221733834985409
48,C2_annotated,Peve-Ptuh,0.2991340963175491
48,C4_joint,Apul-Peve,0.2620020429009194
48,C4_joint,Apul-Ptuh,0.3976436194568702
48,C4_joint,Peve-Ptuh,0.33033355640872114
49,primary,Apul-Peve,0.2833890746934225
49,primary,Apul-Ptuh,0.4695727503942261
49,primary,Peve-Ptuh,0.36426348149631094
49,C1_cpg20,Apul-Ptuh,0.3417315379760151
49,C1_cpg20,Peve-Ptuh,0.3873925204599606
49,C2_annotated,Apul-Peve,-0.1328142380422692
49,C2_annotated,Apul-Ptuh,0.41799676820297615
49,C2_annotated,Peve-Ptuh,0.3154310191906068
49,C4_joint,Apul-Peve,0.2605403120707267
49,C4_joint,Apul-Ptuh,0.3715966327357262
49,C4_joint,Peve-Ptuh,0.3251030256067064
50,primary,Apul-Peve,0.27270265965918145
50,primary,Apul-Ptuh,0.47246801224830215
50,primary,Peve-Ptuh,0.3709851988224868
50,C1_cpg20,Apul-Ptuh,0.34826688407321693
50,C1_cpg20,Peve-Ptuh,0.38092883669388383
50,C2_annotated,Apul-Peve,-0.1150166852057842
50,C2_annotated,Apul-Ptuh,0.42849106432240786
50,C2_annotated,Peve-Ptuh,0.326040487866214
50,C4_joint,Apul-Peve,0.25127681307456595
50,C4_joint,Apul-Ptuh,0.39646366806382316
50,C4_joint,Peve-Ptuh,0.3371138741150365
51,primary,Apul-Peve,0.2916547220895047
51,primary,Apul-Ptuh,0.4779671847349825
51,primary,Peve-Ptuh,0.3688500451803353
51,C1_cpg20,Apul-Ptuh,0.35246160319798014
51,C1_cpg20,Peve-Ptuh,0.3849392087245604
51,C2_annotated,Apul-Peve,-0.13370411568409343
51,C2_annotated,Apul-Ptuh,0.43589405011697174
51,C2_annotated,Peve-Ptuh,0.31423628971724027
51,C4_joint,Apul-Peve,0.27332605403120713
51,C4_joint,Apul-Ptuh,0.4043358810890776
51,C4_joint,Peve-Ptuh,0.32159839385720834
52,primary,Apul-Peve,0.26293995859213254
52,primary,Apul-Ptuh,0.4730162931249717
52,primary,Peve-Ptuh,0.37282074948616595
52,C1_cpg20,Apul-Ptuh,0.3411529560277719
52,C1_cpg20,Peve-Ptuh,0.37839704409682656
52,C2_annotated,Apul-Peve,-0.1381535038932147
52,C2_annotated,Apul-Ptuh,0.4382310734872054
52,C2_annotated,Peve-Ptuh,0.31819049711668845
52,C4_joint,Apul-Peve,0.24351026733824108
52,C4_joint,Apul-Ptuh,0.37932795604240793
52,C4_joint,Peve-Ptuh,0.320471276108626
53,primary,Apul-Peve,0.30170409300844087
53,primary,Apul-Ptuh,0.4783916403799548
53,primary,Peve-Ptuh,0.3699965935823345
53,C1_cpg20,Apul-Ptuh,0.36617662528929096
53,C1_cpg20,Peve-Ptuh,0.3825628082335842
53,C2_annotated,Apul-Peve,-0.10700778642936595
53,C2_annotated,Apul-Ptuh,0.43849154668017265
53,C2_annotated,Peve-Ptuh,0.31643523545950303
53,C4_joint,Apul-Peve,0.28315311190165904
53,C4_joint,Apul-Ptuh,0.4203444753619106
53,C4_joint,Peve-Ptuh,0.3199781620936213
54,primary,Apul-Peve,0.28762541806020064
54,primary,Apul-Ptuh,0.47949871341695477
54,primary,Peve-Ptuh,0.36755451474316153
54,C1_cpg20,Apul-Ptuh,0.35835261939827473
54,C1_cpg20,Peve-Ptuh,0.3825424032095533
54,C2_annotated,Apul-Peve,-0.14927697441601778
54,C2_annotated,Apul-Ptuh,0.4375195957841931
54,C2_annotated,Peve-Ptuh,0.3136909985897789
54,C4_joint,Apul-Peve,0.26987425592617387
54,C4_joint,Apul-Ptuh,0.41324715578880644
54,C4_joint,Peve-Ptuh,0.3309147264978339
55,primary,Apul-Peve,0.2518713170887084
55,primary,Apul-Ptuh,0.47147525423397296
55,primary,Peve-Ptuh,0.37072225980476453
55,C1_cpg20,Apul-Ptuh,0.3588786029875868
55,C1_cpg20,Peve-Ptuh,0.38977206018540317
55,C2_annotated,Apul-Peve,-0.1296996662958843
55,C2_annotated,Apul-Ptuh,0.43315606685478614
55,C2_annotated,Peve-Ptuh,0.32213454381189827
55,C4_joint,Apul-Peve,0.23442288049029628
55,C4_joint,Apul-Ptuh,0.3820048606952908
55,C4_joint,Peve-Ptuh,0.3296995526751436
56,primary,Apul-Peve,0.27204968944099384
56,primary,Apul-Ptuh,0.4756869292322437
56,primary,Peve-Ptuh,0.3715046269614476
56,C1_cpg20,Apul-Ptuh,0.3431122448979591
56,C1_cpg20,Peve-Ptuh,0.3865527752402299
56,C2_annotated,Apul-Peve,-0.13236929922135707
56,C2_annotated,Apul-Ptuh,0.4356480476569471
56,C2_annotated,Peve-Ptuh,0.3190177477867658
56,C4_joint,Apul-Peve,0.25110070092634995
56,C4_joint,Apul-Ptuh,0.38184635976189646
56,C4_joint,Peve-Ptuh,0.34775104786728195
57,primary,Apul-Peve,0.2688326166587036
57,primary,Apul-Ptuh,0.47960771504348926
57,primary,Peve-Ptuh,0.3693042077684007
57,C1_cpg20,Apul-Ptuh,0.3507258573532505
57,C1_cpg20,Peve-Ptuh,0.38637697811011806
57,C2_annotated,Apul-Peve,-0.12169076751946607
57,C2_annotated,Apul-Ptuh,0.43831367725441955
57,C2_annotated,Peve-Ptuh,0.31410928091426016
57,C4_joint,Apul-Peve,0.2525976541861858
57,C4_joint,Apul-Ptuh,0.41775562678313555
57,C4_joint,Peve-Ptuh,0.32749815082244377
58,primary,Apul-Peve,0.279678292721771
58,primary,Apul-Ptuh,0.4753363990987325
58,primary,Peve-Ptuh,0.3640012826306442
58,C1_cpg20,Apul-Ptuh,0.3481485377656217
58,C1_cpg20,Peve-Ptuh,0.3833240725916578
58,C2_annotated,Apul-Peve,-0.08520578420467187
58,C2_annotated,Apul-Ptuh,0.4354412367653088
58,C2_annotated,Peve-Ptuh,0.3088629706258274
58,C4_joint,Apul-Peve,0.25759923919551975
58,C4_joint,Apul-Ptuh,0.3776196682047128
58,C4_joint,Peve-Ptuh,0.33262301433552893
59,primary,Apul-Peve,0.28598502946329035
59,primary,Apul-Ptuh,0.4751053818754167
59,primary,Peve-Ptuh,0.36850127495817514
59,C1_cpg20,Apul-Ptuh,0.354512939196297
59,C1_cpg20,Peve-Ptuh,0.38579308049938943
59,C2_annotated,Apul-Peve,-0.09276974416017797
59,C2_annotated,Apul-Ptuh,0.4306158502761498
59,C2_annotated,Peve-Ptuh,0.31729550841835513
59,C4_joint,Apul-Peve,0.2671621288436477
59,C4_joint,Apul-Ptuh,0.38239230742136604
59,C4_joint,Peve-Ptuh,0.3262301433552887
60,primary,Apul-Peve,0.29770664118490203
60,primary,Apul-Ptuh,0.4813730716583277
60,primary,Peve-Ptuh,0.35868479684987054
60,C1_cpg20,Apul-Ptuh,0.3599700189354092
60,C1_cpg20,Peve-Ptuh,0.3888962137693102
60,C2_annotated,Apul-Peve,-0.074972191323693
60,C2_annotated,Apul-Ptuh,0.44774316860815666
60,C2_annotated,Peve-Ptuh,0.2964838459620303
60,C4_joint,Apul-Peve,0.28301222218308625
60,C4_joint,Apul-Ptuh,0.40377232221478643
60,C4_joint,Peve-Ptuh,0.3067521397626009
61,primary,Apul-Peve,0.2947603121516165
61,primary,Apul-Ptuh,0.47891705055151607
61,primary,Peve-Ptuh,0.36705832209194356
61,C1_cpg20,Apul-Ptuh,0.3532768777614138
61,C1_cpg20,Peve-Ptuh,0.3818125311961425
61,C2_annotated,Apul-Peve,-0.1252502780867631
61,C2_annotated,Apul-Ptuh,0.4350457033982104
61,C2_annotated,Peve-Ptuh,0.3101415259091608
61,C4_joint,Apul-Peve,0.2754041773801557
61,C4_joint,Apul-Ptuh,0.39436793350005295
61,C4_joint,Peve-Ptuh,0.3314430629424818
62,primary,Apul-Peve,0.2670648192387323
62,primary,Apul-Ptuh,0.4777350124255501
62,primary,Peve-Ptuh,0.3619137894940676
62,C1_cpg20,Apul-Ptuh,0.3549863244266778
62,C1_cpg20,Peve-Ptuh,0.3792022577374281
62,C2_annotated,Apul-Peve,-0.13192436040044495
62,C2_annotated,Apul-Ptuh,0.4409340858114463
62,C2_annotated,Peve-Ptuh,0.30285545424486704
62,C4_joint,Apul-Peve,0.2472966785248847
62,C4_joint,Apul-Ptuh,0.3960586101229263
62,C4_joint,Peve-Ptuh,0.3263358106442183
63,primary,Apul-Peve,0.3066093326962892
63,primary,Apul-Ptuh,0.479577182267141
63,primary,Peve-Ptuh,0.36523649067529346
63,C1_cpg20,Apul-Ptuh,0.35924679150010513
63,C1_cpg20,Peve-Ptuh,0.3873956596944269
63,C2_annotated,Apul-Peve,-0.06473859844271414
63,C2_annotated,Apul-Ptuh,0.4423793502640908
63,C2_annotated,Peve-Ptuh,0.3087545897806177
63,C4_joint,Apul-Peve,0.28635835299918994
63,C4_joint,Apul-Ptuh,0.4246592229932022
63,C4_joint,Peve-Ptuh,0.33369729843964646
64,primary,Apul-Peve,0.2718904284121676
64,primary,Apul-Ptuh,0.46945647172515714
64,primary,Peve-Ptuh,0.364811564093421
64,C1_cpg20,Apul-Ptuh,0.3556043551441195
64,C1_cpg20,Peve-Ptuh,0.3823399225864781
64,C2_annotated,Apul-Peve,-0.11991101223581756
64,C2_annotated,Apul-Ptuh,0.43822745580396977
64,C2_annotated,Peve-Ptuh,0.3096936081973175
64,C4_joint,Apul-Peve,0.25213976260082427
64,C4_joint,Apul-Ptuh,0.3953365503152409
64,C4_joint,Peve-Ptuh,0.32269028917614745
65,primary,Apul-Peve,0.29730848861283643
65,primary,Apul-Ptuh,0.4709783361866206
65,primary,Peve-Ptuh,0.3651693218762554
65,C1_cpg20,Apul-Ptuh,0.35522301704186826
65,C1_cpg20,Peve-Ptuh,0.3854100938945029
65,C2_annotated,Apul-Peve,-0.09766407119021134
65,C2_annotated,Apul-Ptuh,0.4227124183006536
65,C2_annotated,Peve-Ptuh,0.30183599691961316
65,C4_joint,Apul-Peve,0.2797013137966258
65,C4_joint,Apul-Ptuh,0.3866189989785496
65,C4_joint,Peve-Ptuh,0.3285724349265613
66,primary,Apul-Peve,0.2597547380156076
66,primary,Apul-Ptuh,0.4689808502794976
66,primary,Peve-Ptuh,0.369553427539094
66,C1_cpg20,Apul-Ptuh,0.3472412160740585
66,C1_cpg20,Peve-Ptuh,0.3871963183058179
66,C2_annotated,Apul-Peve,-0.13103448275862067
66,C2_annotated,Apul-Ptuh,0.4227847719653667
66,C2_annotated,Peve-Ptuh,0.3188526363428916
66,C4_joint,Apul-Peve,0.24477827480539613
66,C4_joint,Apul-Ptuh,0.3861787186080097
66,C4_joint,Peve-Ptuh,0.33808249093022447
67,primary,Apul-Peve,0.307469342251951
67,primary,Apul-Ptuh,0.474559781516229
67,primary,Peve-Ptuh,0.3665905724268591
67,C1_cpg20,Apul-Ptuh,0.3682279612876078
67,C1_cpg20,Peve-Ptuh,0.38400999532254065
67,C2_annotated,Apul-Peve,-0.10923248053392658
67,C2_annotated,Apul-Ptuh,0.4273958751471051
67,C2_annotated,Peve-Ptuh,0.3055378801638075
67,C4_joint,Apul-Peve,0.29241661089781984
67,C4_joint,Apul-Ptuh,0.40086647176922274
67,C4_joint,Peve-Ptuh,0.32059455461237724
68,primary,Apul-Peve,0.2699792960662526
68,primary,Apul-Ptuh,0.47388276172388827
68,primary,Peve-Ptuh,0.36667037667884494
68,C1_cpg20,Apul-Ptuh,0.35776088786029875
68,C1_cpg20,Peve-Ptuh,0.3836081733108564
68,C2_annotated,Apul-Peve,-0.10433815350389322
68,C2_annotated,Apul-Ptuh,0.43914634734582636
68,C2_annotated,Peve-Ptuh,0.30559122386105914
68,C4_joint,Apul-Peve,0.24921630094043895
68,C4_joint,Apul-Ptuh,0.3969920045084711
68,C4_joint,Peve-Ptuh,0.34028389278292426
69,primary,Apul-Peve,0.2951266125179169
69,primary,Apul-Ptuh,0.47495102386737115
69,primary,Peve-Ptuh,0.36308774995612286
69,C1_cpg20,Apul-Ptuh,0.33432831895644854
69,C1_cpg20,Peve-Ptuh,0.38788694988840017
69,C2_annotated,Apul-Peve,-0.11991101223581756
69,C2_annotated,Apul-Ptuh,0.42700118177652363
69,C2_annotated,Peve-Ptuh,0.3063837587916552
69,C4_joint,Apul-Peve,0.2771829100771372
69,C4_joint,Apul-Ptuh,0.3946144905075553
69,C4_joint,Peve-Ptuh,0.34104117502025294
70,primary,Apul-Peve,0.26754260232521104
70,primary,Apul-Ptuh,0.46813588552565133
70,primary,Peve-Ptuh,0.37298395301440734
70,C1_cpg20,Apul-Ptuh,0.35023932253313694
70,C1_cpg20,Peve-Ptuh,0.382915972111041
70,C2_annotated,Apul-Peve,-0.1746384872080089
70,C2_annotated,Apul-Ptuh,0.4304657164218701
70,C2_annotated,Peve-Ptuh,0.3206578547959159
70,C4_joint,Apul-Peve,0.24682117572470155
70,C4_joint,Apul-Ptuh,0.3795040681906239
70,C4_joint,Peve-Ptuh,0.30837237152618796
71,primary,Apul-Peve,0.2794394011785316
71,primary,Apul-Ptuh,0.47666624974475
71,primary,Peve-Ptuh,0.36713891936398896
71,C1_cpg20,Apul-Ptuh,0.3646512728802861
71,C1_cpg20,Peve-Ptuh,0.38614310514237993
71,C2_annotated,Apul-Peve,-0.10122358175750834
71,C2_annotated,Apul-Ptuh,0.43950630682777414
71,C2_annotated,Peve-Ptuh,0.31232184369365307
71,C4_joint,Apul-Peve,0.26170265224895217
71,C4_joint,Apul-Ptuh,0.3871825578528408
71,C4_joint,Peve-Ptuh,0.32251417702793145
72,primary,Apul-Peve,0.29329511068641506
72,primary,Apul-Ptuh,0.4728880015602903
72,primary,Peve-Ptuh,0.3723829231113259
72,C1_cpg20,Apul-Ptuh,0.35764254155270353
72,C1_cpg20,Peve-Ptuh,0.3937761537471472
72,C2_annotated,Apul-Peve,-0.09365962180200223
72,C2_annotated,Apul-Ptuh,0.4360375515519861
72,C2_annotated,Peve-Ptuh,0.3185274938072625
72,C4_joint,Apul-Peve,0.2750167306540806
72,C4_joint,Apul-Ptuh,0.3920608643584235
72,C4_joint,Peve-Ptuh,0.3485083301046107
73,primary,Apul-Peve,0.3030100334448161
73,primary,Apul-Ptuh,0.4772223852070123
73,primary,Peve-Ptuh,0.35622582668343056
73,C1_cpg20,Apul-Ptuh,0.3525536503261098
73,C1_cpg20,Peve-Ptuh,0.3848324747527068
73,C2_annotated,Apul-Peve,-0.11991101223581756
73,C2_annotated,Apul-Ptuh,0.42566324192653693
73,C2_annotated,Peve-Ptuh,0.31388743887172155
73,C4_joint,Apul-Peve,0.284121728716847
73,C4_joint,Apul-Ptuh,0.40412454651121843
73,C4_joint,Peve-Ptuh,0.2991264837448488
74,primary,Apul-Peve,0.27083930562191433
74,primary,Apul-Ptuh,0.4754430905530338
74,primary,Peve-Ptuh,0.37067697835936814
74,C1_cpg20,Apul-Ptuh,0.35034451925099935
74,C1_cpg20,Peve-Ptuh,0.38555920753165135
74,C2_annotated,Apul-Peve,-0.13014460511679643
74,C2_annotated,Apul-Ptuh,0.43830161831030073
74,C2_annotated,Peve-Ptuh,0.31426677182995555
74,C4_joint,Apul-Peve,0.2540593850163785
74,C4_joint,Apul-Ptuh,0.3878165615864183
74,C4_joint,Peve-Ptuh,0.3516431263428552
75,primary,Apul-Peve,0.26502627806975637
75,primary,Apul-Ptuh,0.4771206991258828
75,primary,Peve-Ptuh,0.36684230342774066
75,C1_cpg20,Apul-Ptuh,0.3506469598148537
75,C1_cpg20,Peve-Ptuh,0.3881569240525005
75,C2_annotated,Apul-Peve,-0.12347052280311457
75,C2_annotated,Apul-Ptuh,0.43526758796999737
75,C2_annotated,Peve-Ptuh,0.3060763974884433
75,C4_joint,Apul-Peve,0.25050191962241564
75,C4_joint,Apul-Ptuh,0.40504032968194154
75,C4_joint,Peve-Ptuh,0.34252051706526726
76,primary,Apul-Peve,0.2684822423952859
76,primary,Apul-Ptuh,0.4788545988954797
76,primary,Peve-Ptuh,0.36617344387557155
76,C1_cpg20,Apul-Ptuh,0.3561303387334315
76,C1_cpg20,Peve-Ptuh,0.3837902489099009
76,C2_annotated,Apul-Peve,-0.12169076751946607
76,C2_annotated,Apul-Ptuh,0.44110351397631625
76,C2_annotated,Peve-Ptuh,0.31263174517292464
76,C4_joint,Apul-Peve,0.24771934768060308
76,C4_joint,Apul-Ptuh,0.39232503258074747
76,C4_joint,Peve-Ptuh,0.32128139199041955
77,primary,Apul-Peve,0.29568402611880873
77,primary,Apul-Ptuh,0.47818137620386686
77,primary,Peve-Ptuh,0.3758000994156381
77,C1_cpg20,Apul-Ptuh,0.36344151062486846
77,C1_cpg20,Peve-Ptuh,0.38033552137975635
77,C2_annotated,Apul-Peve,-0.1328142380422692
77,C2_annotated,Apul-Ptuh,0.43597424209536206
77,C2_annotated,Peve-Ptuh,0.32459936131506606
77,C4_joint,Apul-Peve,0.2770067979289212
77,C4_joint,Apul-Ptuh,0.4036314324962137
77,C4_joint,Peve-Ptuh,0.3256665844809976
78,primary,Apul-Peve,0.28743430482560917
78,primary,Apul-Ptuh,0.4763441347297067
78,primary,Peve-Ptuh,0.35753248583543923
78,C1_cpg20,Apul-Ptuh,0.3631390700610141
78,C1_cpg20,Peve-Ptuh,0.38366154029678323
78,C2_annotated,Apul-Peve,-0.13058954393770858
78,C2_annotated,Apul-Ptuh,0.43775775993054045
78,C2_annotated,Peve-Ptuh,0.2971883214558934
78,C4_joint,Apul-Peve,0.2660878447395302
78,C4_joint,Apul-Ptuh,0.41000669226163233
78,C4_joint,Peve-Ptuh,0.3223028424500723
79,primary,Apul-Peve,0.2922121356903966
79,primary,Apul-Ptuh,0.4769494814515163
79,primary,Peve-Ptuh,0.3684520284124813
79,C1_cpg20,Apul-Ptuh,0.3650852093414685
79,C1_cpg20,Peve-Ptuh,0.3838938436472881
79,C2_annotated,Apul-Peve,-0.08609566184649611
79,C2_annotated,Apul-Ptuh,0.4338603091913272
79,C2_annotated,Peve-Ptuh,0.3098773475989621
79,C4_joint,Apul-Peve,0.2777640801662499
79,C4_joint,Apul-Ptuh,0.41805501743510276
79,C4_joint,Peve-Ptuh,0.32570180691064077
80,primary,Apul-Peve,0.2801242236024845
80,primary,Apul-Ptuh,0.4739705097658777
80,primary,Peve-Ptuh,0.3743248706329856
80,C1_cpg20,Apul-Ptuh,0.33574847464759094
80,C1_cpg20,Peve-Ptuh,0.38584173863361676
80,C2_annotated,Apul-Peve,-0.10789766407119022
80,C2_annotated,Apul-Ptuh,0.4266587077635482
80,C2_annotated,Peve-Ptuh,0.32700236786745024
80,C4_joint,Apul-Peve,0.26115670458948265
80,C4_joint,Apul-Ptuh,0.3865309429044416
80,C4_joint,Peve-Ptuh,0.3413581768870418
81,primary,Apul-Peve,0.27235228539576367
81,primary,Apul-Ptuh,0.47282705606750525
81,primary,Peve-Ptuh,0.3631305994733369
81,C1_cpg20,Apul-Ptuh,0.35410530191458023
81,C1_cpg20,Peve-Ptuh,0.3929991932167422
81,C2_annotated,Apul-Peve,-0.07986651835372635
81,C2_annotated,Apul-Ptuh,0.43186575983406894
81,C2_annotated,Peve-Ptuh,0.3038258014996353
81,C4_joint,Apul-Peve,0.25751118312141175
81,C4_joint,Apul-Ptuh,0.38313197844387314
81,C4_joint,Peve-Ptuh,0.3298932760381812
82,primary,Apul-Peve,0.2550883898709986
82,primary,Apul-Ptuh,0.47215117212652447
82,primary,Peve-Ptuh,0.363344794191403
82,C1_cpg20,Apul-Ptuh,0.3456764148958552
82,C1_cpg20,Peve-Ptuh,0.38241212497920263
82,C2_annotated,Apul-Peve,-0.1546162402669633
82,C2_annotated,Apul-Ptuh,0.4201939078214312
82,C2_annotated,Peve-Ptuh,0.3042305362184653
82,C4_joint,Apul-Peve,0.2386847944771231
82,C4_joint,Apul-Ptuh,0.37297030749181087
82,C4_joint,Peve-Ptuh,0.3186044873375366
83,primary,Apul-Peve,0.29614588310240486
83,primary,Apul-Ptuh,0.4742692535384957
83,primary,Peve-Ptuh,0.3684945871556735
83,C1_cpg20,Apul-Ptuh,0.3575110456553755
83,C1_cpg20,Peve-Ptuh,0.38164301253496324
83,C2_annotated,Apul-Peve,-0.12836484983314794
83,C2_annotated,Apul-Ptuh,0.43607614017316637
83,C2_annotated,Peve-Ptuh,0.3127443596449003
83,C4_joint,Apul-Peve,0.2786446409073298
83,C4_joint,Apul-Ptuh,0.40030291289493164
83,C4_joint,Peve-Ptuh,0.3238174069247297
84,primary,Apul-Peve,0.30066889632107024
84,primary,Apul-Ptuh,0.478856986073454
84,primary,Peve-Ptuh,0.3600221194441791
84,C1_cpg20,Apul-Ptuh,0.36379654954765406
84,C1_cpg20,Peve-Ptuh,0.3864805728475054
84,C2_annotated,Apul-Peve,-0.14304783092324805
84,C2_annotated,Apul-Ptuh,0.441157779224851
84,C2_annotated,Peve-Ptuh,0.30126953765832176
84,C4_joint,Apul-Peve,0.2804409848191329
84,C4_joint,Apul-Ptuh,0.40178225493994585
84,C4_joint,Peve-Ptuh,0.3221443415166779
85,primary,Apul-Peve,0.28197165153686893
85,primary,Apul-Ptuh,0.47047229295894727
85,primary,Peve-Ptuh,0.3672721731679839
85,C1_cpg20,Apul-Ptuh,0.35468388386282346
85,C1_cpg20,Peve-Ptuh,0.39087707071753486
85,C2_annotated,Apul-Peve,-0.10745272525027809
85,C2_annotated,Apul-Ptuh,0.4288130381303813
85,C2_annotated,Peve-Ptuh,0.30785790763157794
85,C4_joint,Apul-Peve,0.2607340354337643
85,C4_joint,Apul-Ptuh,0.38992990736501015
85,C4_joint,Peve-Ptuh,0.3405480610052482
86,primary,Apul-Peve,0.29937888198757767
86,primary,Apul-Ptuh,0.47512189960688384
86,primary,Peve-Ptuh,0.36638948897377643
86,C1_cpg20,Apul-Ptuh,0.3679781190826846
86,C1_cpg20,Peve-Ptuh,0.3898819333917231
86,C2_annotated,Apul-Peve,-0.09410456062291435
86,C2_annotated,Apul-Ptuh,0.43525130839543685
86,C2_annotated,Peve-Ptuh,0.31075624851558464
86,C4_joint,Apul-Peve,0.2791025324926914
86,C4_joint,Apul-Ptuh,0.39487865872987926
86,C4_joint,Peve-Ptuh,0.33248212461695614
87,primary,Apul-Peve,0.2853161331422201
87,primary,Apul-Ptuh,0.476781411830573
87,primary,Peve-Ptuh,0.37156442067393247
87,C1_cpg20,Apul-Ptuh,0.368149063749211
87,C1_cpg20,Peve-Ptuh,0.386653230743151
87,C2_annotated,Apul-Peve,-0.10700778642936595
87,C2_annotated,Apul-Ptuh,0.4407423485999566
87,C2_annotated,Peve-Ptuh,0.32125056254315654
87,C4_joint,Apul-Peve,0.2702440914374274
87,C4_joint,Apul-Ptuh,0.3932055933218275
87,C4_joint,Peve-Ptuh,0.3346483040400128
88,primary,Apul-Peve,0.28507724159898074
88,primary,Apul-Ptuh,0.47956878864136054
88,primary,Peve-Ptuh,0.3693041813343988
88,C1_cpg20,Apul-Ptuh,0.35447349042709864
88,C1_cpg20,Peve-Ptuh,0.38115957042715565
88,C2_annotated,Apul-Peve,-0.11768631813125696
88,C2_annotated,Apul-Ptuh,0.43028543520729323
88,C2_annotated,Peve-Ptuh,0.30943535696459123
88,C4_joint,Apul-Peve,0.26633440174703255
88,C4_joint,Apul-Ptuh,0.39616427741185595
88,C4_joint,Peve-Ptuh,0.32529674896974403
89,primary,Apul-Peve,0.30810638636725596
89,primary,Apul-Ptuh,0.4784185538864711
89,primary,Peve-Ptuh,0.3723075069036692
89,C1_cpg20,Apul-Ptuh,0.3567746686303387
89,C1_cpg20,Peve-Ptuh,0.38422189364901477
89,C2_annotated,Apul-Peve,-0.09899888765294772
89,C2_annotated,Apul-Ptuh,0.43104213395075125
89,C2_annotated,Peve-Ptuh,0.3215968732126157
89,C4_joint,Apul-Peve,0.29188827445317184
89,C4_joint,Apul-Ptuh,0.41863618752421555
89,C4_joint,Peve-Ptuh,0.3466591525483429
90,primary,Apul-Peve,0.2652333174072305
90,primary,Apul-Ptuh,0.4776479959381012
90,primary,Peve-Ptuh,0.3664298272608021
90,C1_cpg20,Apul-Ptuh,0.34337523669261516
90,C1_cpg20,Peve-Ptuh,0.3868353063421954
90,C2_annotated,Apul-Peve,-0.11813125695216907
90,C2_annotated,Apul-Ptuh,0.445269276222174
90,C2_annotated,Peve-Ptuh,0.3109882512623617
90,C4_joint,Apul-Peve,0.24597583741326481
90,C4_joint,Apul-Ptuh,0.39935190729456527
90,C4_joint,Peve-Ptuh,0.32260223310203945
91,primary,Apul-Peve,0.27147634973721935
91,primary,Apul-Ptuh,0.47345591890094174
91,primary,Peve-Ptuh,0.3677547523081807
91,C1_cpg20,Apul-Ptuh,0.3437302756154008
91,C1_cpg20,Peve-Ptuh,0.38039202760014945
91,C2_annotated,Apul-Peve,-0.08654060066740824
91,C2_annotated,Apul-Ptuh,0.4388135204881461
91,C2_annotated,Peve-Ptuh,0.31044550031095985
91,C4_joint,Apul-Peve,0.24999119439258927
91,C4_joint,Apul-Ptuh,0.38130041210242693
91,C4_joint,Peve-Ptuh,0.32786798633369735
92,primary,Apul-Peve,0.279296066252588
92,primary,Apul-Ptuh,0.47501339851766644
92,primary,Peve-Ptuh,0.365148359712683
92,C1_cpg20,Apul-Ptuh,0.35027877130233537
92,C1_cpg20,Peve-Ptuh,0.38601439652926234
92,C2_annotated,Apul-Peve,-0.12880978865406006
92,C2_annotated,Apul-Ptuh,0.42926464558763233
92,C2_annotated,Peve-Ptuh,0.3108908778467436
92,C4_joint,Apul-Peve,0.2562960092987215
92,C4_joint,Apul-Ptuh,0.37897573174597593
92,C4_joint,Peve-Ptuh,0.32142228170899234
93,primary,Apul-Peve,0.27244784201305944
93,primary,Apul-Ptuh,0.4723741660482705
93,primary,Peve-Ptuh,0.366177250371857
93,C1_cpg20,Apul-Ptuh,0.35924679150010513
93,C1_cpg20,Peve-Ptuh,0.3915143353141903
93,C2_annotated,Apul-Peve,-0.08075639599555061
93,C2_annotated,Apul-Ptuh,0.4356619154426838
93,C2_annotated,Peve-Ptuh,0.31284257978587166
93,C4_joint,Apul-Peve,0.2584445775069565
93,C4_joint,Apul-Ptuh,0.38336092423655393
93,C4_joint,Peve-Ptuh,0.3277799302595894
94,primary,Apul-Peve,0.27910495301799654
94,primary,Apul-Ptuh,0.4765709166372617
94,primary,Peve-Ptuh,0.3642239626633468
94,C1_cpg20,Apul-Ptuh,0.33440721649484534
94,C1_cpg20,Peve-Ptuh,0.3810041783210746
94,C2_annotated,Apul-Peve,-0.10389321468298109
94,C2_annotated,Apul-Ptuh,0.4283608277259243
94,C2_annotated,Peve-Ptuh,0.31336416260344335
94,C4_joint,Apul-Peve,0.25766968405480617
94,C4_joint,Apul-Ptuh,0.4075939558310734
94,C4_joint,Peve-Ptuh,0.3349653059068015
95,primary,Apul-Peve,0.28891543239369327
95,primary,Apul-Ptuh,0.47674344800020807
95,primary,Peve-Ptuh,0.3726916458204823
95,C1_cpg20,Apul-Ptuh,0.3459920050494424
95,C1_cpg20,Peve-Ptuh,0.37963076324207573
95,C2_annotated,Apul-Peve,-0.14972191323692993
95,C2_annotated,Apul-Ptuh,0.4368014856619154
95,C2_annotated,Peve-Ptuh,0.3196908944425605
95,C4_joint,Apul-Peve,0.27253354936423524
95,C4_joint,Apul-Ptuh,0.42101370152513135
95,C4_joint,Peve-Ptuh,0.32552569476242477
96,primary,Apul-Peve,0.25204650422041724
96,primary,Apul-Ptuh,0.4776750634560997
96,primary,Peve-Ptuh,0.37045009532035034
96,C1_cpg20,Apul-Ptuh,0.34117925520723746
96,C1_cpg20,Peve-Ptuh,0.38720102715751736
96,C2_annotated,Apul-Peve,-0.10077864293659622
96,C2_annotated,Apul-Ptuh,0.4320689530424716
96,C2_annotated,Peve-Ptuh,0.3222581657134656
96,C4_joint,Apul-Peve,0.23563805431298657
96,C4_joint,Apul-Ptuh,0.376386883167201
96,C4_joint,Peve-Ptuh,0.3296995526751436
97,primary,Apul-Peve,0.2793916228698837
97,primary,Apul-Ptuh,0.4726726165024189
97,primary,Peve-Ptuh,0.36100366680580204
97,C1_cpg20,Apul-Ptuh,0.3536845150431306
97,C1_cpg20,Peve-Ptuh,0.3756156823596998
97,C2_annotated,Apul-Peve,-0.1252502780867631
97,C2_annotated,Apul-Ptuh,0.43054832018908423
97,C2_annotated,Peve-Ptuh,0.30184785107455797
97,C4_joint,Apul-Peve,0.26101581487090986
97,C4_joint,Apul-Ptuh,0.38716494663801915
97,C4_joint,Peve-Ptuh,0.30979887992673744
98,primary,Apul-Peve,0.2613154960981048
98,primary,Apul-Ptuh,0.47727879191237194
98,primary,Peve-Ptuh,0.3674493338492722
98,C1_cpg20,Apul-Ptuh,0.3493583000210393
98,C1_cpg20,Peve-Ptuh,0.391167449905666
98,C2_annotated,Apul-Peve,-0.09721913236929922
98,C2_annotated,Apul-Ptuh,0.43369268986807513
98,C2_annotated,Peve-Ptuh,0.3087723710130349
98,C4_joint,Apul-Peve,0.24458455144235858
98,C4_joint,Apul-Ptuh,0.39086330175055484
98,C4_joint,Peve-Ptuh,0.3352646965587687
99,primary,Apul-Peve,0.29571587832457397
99,primary,Apul-Ptuh,0.47397574615627286
99,primary,Peve-Ptuh,0.36844544634598764
99,C1_cpg20,Apul-Ptuh,0.36363875447086047
99,C1_cpg20,Peve-Ptuh,0.38581191590618713
99,C2_annotated,Apul-Peve,-0.07942157953281423
99,C2_annotated,Apul-Ptuh,0.4327261654969491
99,C2_annotated,Peve-Ptuh,0.31640560007214097
99,C4_joint,Apul-Peve,0.2748934521503294
99,C4_joint,Apul-Ptuh,0.39866506991652295
99,C4_joint,Peve-Ptuh,0.32586030784403514
100,primary,Apul-Peve,0.2792642140468228
100,primary,Apul-Ptuh,0.4739791344088815
100,primary,Peve-Ptuh,0.36437312973653535
100,C1_cpg20,Apul-Ptuh,0.3499763307384809
100,C1_cpg20,Peve-Ptuh,0.38282493431151876
100,C2_annotated,Apul-Peve,-0.0985539488320356
100,C2_annotated,Apul-Ptuh,0.42274618334418634
100,C2_annotated,Peve-Ptuh,0.3079146382302424
100,C4_joint,Apul-Peve,0.2621429326194922
100,C4_joint,Apul-Ptuh,0.38293825508083557
100,C4_joint,Peve-Ptuh,0.3229016237540066
101,primary,Apul-Peve,0.29694218824653607
101,primary,Apul-Ptuh,0.47813251606113555
101,primary,Peve-Ptuh,0.36787500058320016
101,C1_cpg20,Apul-Ptuh,0.36262623606143485
101,C1_cpg20,Peve-Ptuh,0.38489996829373185
101,C2_annotated,Apul-Peve,-0.08342602892102337
101,C2_annotated,Apul-Ptuh,0.442451703928804
101,C2_annotated,Peve-Ptuh,0.30562763305124674
101,C4_joint,Apul-Peve,0.27957803529287456
101,C4_joint,Apul-Ptuh,0.42768835194251703
101,C4_joint,Peve-Ptuh,0.34216829276883526
102,primary,Apul-Peve,0.28063385889472847
102,primary,Apul-Ptuh,0.4662544189985176
102,primary,Peve-Ptuh,0.36931919584752493
102,C1_cpg20,Apul-Ptuh,0.35307963391542185
102,C1_cpg20,Peve-Ptuh,0.38072478645357544
102,C2_annotated,Apul-Peve,-0.10478309232480534
102,C2_annotated,Apul-Ptuh,0.43556001736487954
102,C2_annotated,Peve-Ptuh,0.31396110397745003
102,C4_joint,Apul-Peve,0.2632348279384312
102,C4_joint,Apul-Ptuh,0.39040541016519326
102,C4_joint,Peve-Ptuh,0.3187982107005742
103,primary,Apul-Peve,0.3051600573339704
103,primary,Apul-Ptuh,0.473795591224957
103,primary,Peve-Ptuh,0.36632113064464905
103,C1_cpg20,Apul-Ptuh,0.3523958552493162
103,C1_cpg20,Peve-Ptuh,0.38838765778577233
103,C2_annotated,Apul-Peve,-0.07942157953281423
103,C2_annotated,Apul-Ptuh,0.42054602898970167
103,C2_annotated,Peve-Ptuh,0.31115590288229544
103,C4_joint,Apul-Peve,0.2834525025536262
103,C4_joint,Apul-Ptuh,0.39449121200380416
103,C4_joint,Peve-Ptuh,0.32675847979993666
104,primary,Apul-Peve,0.2886446886446886
104,primary,Apul-Ptuh,0.47278094887957467
104,primary,Peve-Ptuh,0.3690393126345317
104,C1_cpg20,Apul-Ptuh,0.3536450662739322
104,C1_cpg20,Peve-Ptuh,0.38398488144681037
104,C2_annotated,Apul-Peve,-0.03270300333704115
104,C2_annotated,Apul-Ptuh,0.4261905835007439
104,C2_annotated,Peve-Ptuh,0.31401275422399527
104,C4_joint,Apul-Peve,0.27244549329012724
104,C4_joint,Apul-Ptuh,0.397696453101335
104,C4_joint,Peve-Ptuh,0.3460603712444085
105,primary,Apul-Peve,0.2849179805701545
105,primary,Apul-Ptuh,0.4723901062368327
105,primary,Peve-Ptuh,0.35864408848681717
105,C1_cpg20,Apul-Ptuh,0.35665632232274347
105,C1_cpg20,Peve-Ptuh,0.3773312739955234
105,C2_annotated,Apul-Peve,-0.060289210233592884
105,C2_annotated,Apul-Ptuh,0.4285441236765309
105,C2_annotated,Peve-Ptuh,0.29537463574933714
105,C4_joint,Apul-Peve,0.2670564615547181
105,C4_joint,Apul-Ptuh,0.39739706244936784
105,C4_joint,Peve-Ptuh,0.3122820612165828
106,primary,Apul-Peve,0.2846631629240325
106,primary,Apul-Ptuh,0.4742327143143411
106,primary,Peve-Ptuh,0.3682771674893655
106,C1_cpg20,Apul-Ptuh,0.3326451714706501
106,C1_cpg20,Peve-Ptuh,0.3817889869376454
106,C2_annotated,Apul-Peve,-0.11946607341490545
106,C2_annotated,Apul-Ptuh,0.42850975568579214
106,C2_annotated,Peve-Ptuh,0.3135970120755736
106,C4_joint,Apul-Peve,0.26585889894684944
106,C4_joint,Apul-Ptuh,0.39577683068578084
106,C4_joint,Peve-Ptuh,0.34030150399774584
107,primary,Apul-Peve,0.2874980092371397
107,primary,Apul-Ptuh,0.4792068231552952
107,primary,Peve-Ptuh,0.36947076841489396
107,C1_cpg20,Apul-Ptuh,0.36344151062486846
107,C1_cpg20,Peve-Ptuh,0.38697029342424555
107,C2_annotated,Apul-Peve,-0.1150166852057842
107,C2_annotated,Apul-Ptuh,0.44771965366712485
107,C2_annotated,Peve-Ptuh,0.3169339566925383
107,C4_joint,Apul-Peve,0.27066676059314576
107,C4_joint,Apul-Ptuh,0.4163819520270509
107,C4_joint,Peve-Ptuh,0.32959388538621404
108,primary,Apul-Peve,0.28405797101449276
108,primary,Apul-Ptuh,0.4735046817663512
108,primary,Peve-Ptuh,0.37187697631337635
108,C1_cpg20,Apul-Ptuh,0.3398905954134231
108,C1_cpg20,Peve-Ptuh,0.383870299388791
108,C2_annotated,Apul-Peve,-0.09054505005561736
108,C2_annotated,Apul-Ptuh,0.4303111253272733
108,C2_annotated,Peve-Ptuh,0.3099594799582226
108,C4_joint,Apul-Peve,0.26983903349653066
108,C4_joint,Apul-Ptuh,0.40530449790426554
108,C4_joint,Peve-Ptuh,0.32466274523616645
109,primary,Apul-Peve,0.31161012900143337
109,primary,Apul-Ptuh,0.4760873205831206
109,primary,Peve-Ptuh,0.3700611454151764
109,C1_cpg20,Apul-Ptuh,0.3484115295602777
109,C1_cpg20,Peve-Ptuh,0.390957121196425
109,C2_annotated,Apul-Peve,-0.08654060066740824
109,C2_annotated,Apul-Ptuh,0.43292393218049824
109,C2_annotated,Peve-Ptuh,0.311525075136291
109,C4_joint,Apul-Peve,0.29636152301785784
109,C4_joint,Apul-Ptuh,0.40801662498679164
109,C4_joint,Peve-Ptuh,0.3340143003064352
110,primary,Apul-Peve,0.2820194298455168
110,primary,Apul-Ptuh,0.4750314178610851
110,primary,Peve-Ptuh,0.36688163722269096
110,C1_cpg20,Apul-Ptuh,0.3549863244266778
110,C1_cpg20,Peve-Ptuh,0.37590606154783096
110,C2_annotated,Apul-Peve,-0.10789766407119022
110,C2_annotated,Apul-Ptuh,0.4309233533511806
110,C2_annotated,Peve-Ptuh,0.3032076919917986
110,C4_joint,Apul-Peve,0.26513683913916386
110,C4_joint,Apul-Ptuh,0.4122609277587969
110,C4_joint,Peve-Ptuh,0.3195554929379029
111,primary,Apul-Peve,0.32541806020066893
111,primary,Apul-Ptuh,0.4787182217279823
111,primary,Peve-Ptuh,0.37112014440260865
111,C1_cpg20,Apul-Ptuh,0.3555123080159899
111,C1_cpg20,Peve-Ptuh,0.3833115156537927
111,C2_annotated,Apul-Peve,-0.08565072302558399
111,C2_annotated,Apul-Ptuh,0.435113233485276
111,C2_annotated,Peve-Ptuh,0.3146918279572624
111,C4_joint,Apul-Peve,0.303458842590962
111,C4_joint,Apul-Ptuh,0.4271776267126907
111,C4_joint,Peve-Ptuh,0.32413440879151856
112,primary,Apul-Peve,0.3124223602484472
112,primary,Apul-Ptuh,0.47711515471252325
112,primary,Peve-Ptuh,0.36762673243657834
112,C1_cpg20,Apul-Ptuh,0.35432884494003786
112,C1_cpg20,Peve-Ptuh,0.38932785850842416
112,C2_annotated,Apul-Peve,-0.1385984427141268
112,C2_annotated,Apul-Ptuh,0.430119021778453
112,C2_annotated,Peve-Ptuh,0.32655868378237296
112,C4_joint,Apul-Peve,0.29143038286781026
112,C4_joint,Apul-Ptuh,0.41016519319502676
112,C4_joint,Peve-Ptuh,0.3022788911979149
113,primary,Apul-Peve,0.306959706959707
113,primary,Apul-Ptuh,0.4785721656951414
113,primary,Peve-Ptuh,0.36606556671348
113,C1_cpg20,Apul-Ptuh,0.3559199452977067
113,C1_cpg20,Peve-Ptuh,0.3782479304596781
113,C2_annotated,Apul-Peve,-0.09988876529477196
113,C2_annotated,Apul-Ptuh,0.4311103319692201
113,C2_annotated,Peve-Ptuh,0.31024059277548527
113,C4_joint,Apul-Peve,0.29269839033496536
113,C4_joint,Apul-Ptuh,0.4059737240674863
113,C4_joint,Peve-Ptuh,0.3296114966010356
114,primary,Apul-Peve,0.26798853320592453
114,primary,Apul-Ptuh,0.469402581067385
114,primary,Peve-Ptuh,0.3707681756662086
114,C1_cpg20,Apul-Ptuh,0.33783925941510623
114,C1_cpg20,Peve-Ptuh,0.38870629008410007
114,C2_annotated,Apul-Peve,-0.12035595105672969
114,C2_annotated,Apul-Ptuh,0.418130874593614
114,C2_annotated,Peve-Ptuh,0.3195452576818099
114,C4_joint,Apul-Peve,0.2540065513719137
114,C4_joint,Apul-Ptuh,0.36745799725265055
114,C4_joint,Peve-Ptuh,0.3350533619809095
115,primary,Apul-Peve,0.27013855709507884
115,primary,Apul-Ptuh,0.4695990478548135
115,primary,Peve-Ptuh,0.3690474543071424
115,C1_cpg20,Apul-Ptuh,0.3563933305280875
115,C1_cpg20,Peve-Ptuh,0.38754163409710907
115,C2_annotated,Apul-Peve,-0.064293659621802
115,C2_annotated,Apul-Ptuh,0.4298072980729807
115,C2_annotated,Peve-Ptuh,0.31298736982126896
115,C4_joint,Apul-Peve,0.25027297382973485
115,C4_joint,Apul-Ptuh,0.3857912718819345
115,C4_joint,Peve-Ptuh,0.33928005353809315
116,primary,Apul-Peve,0.266905558209906
116,primary,Apul-Ptuh,0.47011991468764963
116,primary,Peve-Ptuh,0.3654945922706529
116,C1_cpg20,Apul-Ptuh,0.3452819272038712
116,C1_cpg20,Peve-Ptuh,0.38980973099899857
116,C2_annotated,Apul-Peve,-0.06340378197997776
116,C2_annotated,Apul-Ptuh,0.43262185563032096
116,C2_annotated,Peve-Ptuh,0.3100695542541387
116,C4_joint,Apul-Peve,0.2471734000211335
116,C4_joint,Apul-Ptuh,0.36557359726673955
116,C4_joint,Peve-Ptuh,0.33114367229051467
117,primary,Apul-Peve,0.28536391145086804
117,primary,Apul-Ptuh,0.48131574088407475
117,primary,Peve-Ptuh,0.3630669463965625
117,C1_cpg20,Apul-Ptuh,0.35819482432148114
117,C1_cpg20,Peve-Ptuh,0.3856737895896707
117,C2_annotated,Apul-Peve,-0.09632925472747497
117,C2_annotated,Apul-Ptuh,0.45017606058413523
117,C2_annotated,Peve-Ptuh,0.306045915375728
117,C4_joint,Apul-Peve,0.26573562044309823
117,C4_joint,Apul-Ptuh,0.39744989609383263
117,C4_joint,Peve-Ptuh,0.31578669296608086
118,primary,Apul-Peve,0.28200350374263417
118,primary,Apul-Ptuh,0.4770883567146185
118,primary,Peve-Ptuh,0.3667389200459862
118,C1_cpg20,Apul-Ptuh,0.3479118451504313
118,C1_cpg20,Peve-Ptuh,0.38813808864570287
118,C2_annotated,Apul-Peve,-0.13058954393770858
118,C2_annotated,Apul-Ptuh,0.4340411933531099
118,C2_annotated,Peve-Ptuh,0.3206248325071411
118,C4_joint,Apul-Peve,0.2581980204994541
118,C4_joint,Apul-Ptuh,0.41312387728505523
118,C4_joint,Peve-Ptuh,0.3255433059772464
119,primary,Apul-Peve,0.26043956043956046
119,primary,Apul-Ptuh,0.4631716218234321
119,primary,Peve-Ptuh,0.3630428121527522
119,C1_cpg20,Apul-Ptuh,0.33252682516305493
119,C1_cpg20,Peve-Ptuh,0.37853517041334295
119,C2_annotated,Apul-Peve,-0.14660734149054505
119,C2_annotated,Apul-Ptuh,0.4249047983902561
119,C2_annotated,Peve-Ptuh,0.30907888559089364
119,C4_joint,Apul-Peve,0.24632806170969682
119,C4_joint,Apul-Ptuh,0.3702757916241063
119,C4_joint,Peve-Ptuh,0.3308971152830123
120,primary,Apul-Peve,0.2828635132982959
120,primary,Apul-Ptuh,0.4735547172667798
120,primary,Peve-Ptuh,0.37080428451291697
120,C1_cpg20,Apul-Ptuh,0.3444798022301704
120,C1_cpg20,Peve-Ptuh,0.3917529171336278
120,C2_annotated,Apul-Peve,-0.08832035595105674
120,C2_annotated,Apul-Ptuh,0.42243084195547836
120,C2_annotated,Peve-Ptuh,0.3217602912057835
120,C4_joint,Apul-Peve,0.2637807755979008
120,C4_joint,Apul-Ptuh,0.38668944383783604
120,C4_joint,Peve-Ptuh,0.3414110105315065
121,primary,Apul-Peve,0.24419493549928334
121,primary,Apul-Ptuh,0.46746471823146923
121,primary,Peve-Ptuh,0.3697239797198866
121,C1_cpg20,Apul-Ptuh,0.3414159478224279
121,C1_cpg20,Peve-Ptuh,0.37983481348238424
121,C2_annotated,Apul-Peve,-0.13770856507230256
121,C2_annotated,Apul-Ptuh,0.4315793599112462
121,C2_annotated,Peve-Ptuh,0.30931004161231745
121,C4_joint,Apul-Peve,0.22940368426614072
121,C4_joint,Apul-Ptuh,0.371473354231975
121,C4_joint,Peve-Ptuh,0.33841710401183484
122,primary,Apul-Peve,0.2926262143653448
122,primary,Apul-Ptuh,0.47611731431928106
122,primary,Peve-Ptuh,0.36378121956413795
122,C1_cpg20,Apul-Ptuh,0.35329002735114656
122,C1_cpg20,Peve-Ptuh,0.3831341489064477
122,C2_annotated,Apul-Peve,-0.074972191323693
122,C2_annotated,Apul-Ptuh,0.4410607047246943
122,C2_annotated,Peve-Ptuh,0.29780727768908327
122,C4_joint,Apul-Peve,0.2758092353210525
122,C4_joint,Apul-Ptuh,0.4214539818956713
122,C4_joint,Peve-Ptuh,0.31927371350075734
123,primary,Apul-Peve,0.2612677177894569
123,primary,Apul-Ptuh,0.47627494507132356
123,primary,Peve-Ptuh,0.37073063938339307
123,C1_cpg20,Apul-Ptuh,0.3485035766884073
123,C1_cpg20,Peve-Ptuh,0.38004828142609143
123,C2_annotated,Apul-Peve,-0.1399332591768632
123,C2_annotated,Apul-Ptuh,0.4390191254853725
123,C2_annotated,Peve-Ptuh,0.31748178799605936
123,C4_joint,Apul-Peve,0.24268254024162594
123,C4_joint,Apul-Ptuh,0.40023246803564516
123,C4_joint,Peve-Ptuh,0.3345602479659048
124,primary,Apul-Peve,0.30543080108297505
124,primary,Apul-Ptuh,0.47974855854397086
124,primary,Peve-Ptuh,0.37090920106678643
124,C1_cpg20,Apul-Ptuh,0.3415079949505575
124,C1_cpg20,Peve-Ptuh,0.38432705800363526
124,C2_annotated,Apul-Peve,-0.10433815350389322
124,C2_annotated,Apul-Ptuh,0.4304005981236283
124,C2_annotated,Peve-Ptuh,0.3123421651021299
124,C4_joint,Apul-Peve,0.28968687260047205
124,C4_joint,Apul-Ptuh,0.42332077066676066
124,C4_joint,Peve-Ptuh,0.3392096086788068
125,primary,Apul-Peve,0.263513298295907
125,primary,Apul-Ptuh,0.4711820548747146
125,primary,Peve-Ptuh,0.3697600092645891
125,C1_cpg20,Apul-Ptuh,0.35059436145592254
125,C1_cpg20,Peve-Ptuh,0.3896464908067519
125,C2_annotated,Apul-Peve,-0.12658509454949943
125,C2_annotated,Apul-Ptuh,0.4353013530135301
125,C2_annotated,Peve-Ptuh,0.31506692728873037
125,C4_joint,Apul-Peve,0.24655700750237758
125,C4_joint,Apul-Ptuh,0.38994751857983173
125,C4_joint,Peve-Ptuh,0.3430488535099152
126,primary,Apul-Peve,0.3066411849020545
126,primary,Apul-Ptuh,0.46616224761356084
126,primary,Peve-Ptuh,0.36512121199264674
126,C1_cpg20,Apul-Ptuh,0.3635335577529981
126,C1_cpg20,Peve-Ptuh,0.3883028984551827
126,C2_annotated,Apul-Peve,-0.04382647385984427
126,C2_annotated,Apul-Ptuh,0.42312302534790047
126,C2_annotated,Peve-Ptuh,0.3084209799914565
126,C4_joint,Apul-Peve,0.28850692120742494
126,C4_joint,Apul-Ptuh,0.3769856644711353
126,C4_joint,Peve-Ptuh,0.31950265929343813
127,primary,Apul-Peve,0.2828953655040612
127,primary,Apul-Ptuh,0.4753450622446069
127,primary,Peve-Ptuh,0.37173462921269934
127,C1_cpg20,Apul-Ptuh,0.3292131285503892
127,C1_cpg20,Peve-Ptuh,0.38226301134205415
127,C2_annotated,Apul-Peve,-0.09365962180200223
127,C2_annotated,Apul-Ptuh,0.4231549815498155
127,C2_annotated,Peve-Ptuh,0.31861301306793577
127,C4_joint,Apul-Peve,0.2606283681448347
127,C4_joint,Apul-Ptuh,0.3960057764784615
127,C4_joint,Peve-Ptuh,0.3372547638336093
128,primary,Apul-Peve,0.28450390189520625
128,primary,Apul-Ptuh,0.47290733000130775
128,primary,Peve-Ptuh,0.3660143111836354
128,C1_cpg20,Apul-Ptuh,0.35159373027561536
128,C1_cpg20,Peve-Ptuh,0.3806918244916795
128,C2_annotated,Apul-Peve,-0.1150166852057842
128,C2_annotated,Apul-Ptuh,0.4348021127270096
128,C2_annotated,Peve-Ptuh,0.3071559723137744
128,C4_joint,Apul-Peve,0.26853580359973234
128,C4_joint,Apul-Ptuh,0.40639639322320464
128,C4_joint,Peve-Ptuh,0.3211228910570252
129,primary,Apul-Peve,0.2937251154642459
129,primary,Apul-Ptuh,0.4767718246158054
129,primary,Peve-Ptuh,0.3630535972255612
129,C1_cpg20,Apul-Ptuh,0.35428939617083943
129,C1_cpg20,Peve-Ptuh,0.37736109672295315
129,C2_annotated,Apul-Peve,-0.1328142380422692
129,C2_annotated,Apul-Ptuh,0.4252050020500205
129,C2_annotated,Peve-Ptuh,0.3081949043221519
129,C4_joint,Apul-Peve,0.2735197773942447
129,C4_joint,Apul-Ptuh,0.40393082314818085
129,C4_joint,Peve-Ptuh,0.30062343700468463
130,primary,Apul-Peve,0.2608058608058608
130,primary,Apul-Ptuh,0.4720343397095018
130,primary,Peve-Ptuh,0.3617012865521284
130,C1_cpg20,Apul-Ptuh,0.35026562171260256
130,C1_cpg20,Peve-Ptuh,0.37964175056270777
130,C2_annotated,Apul-Peve,-0.10478309232480534
130,C2_annotated,Apul-Ptuh,0.42830602409166846
130,C2_annotated,Peve-Ptuh,0.3011323681511032
130,C4_joint,Apul-Peve,0.24594061498362163
130,C4_joint,Apul-Ptuh,0.39118030361734363
130,C4_joint,Peve-Ptuh,0.33558169842555746
131,primary,Apul-Peve,0.25782767956681
131,primary,Apul-Ptuh,0.47526374418199974
131,primary,Peve-Ptuh,0.36101654016476764
131,C1_cpg20,Apul-Ptuh,0.3400483904902167
131,C1_cpg20,Peve-Ptuh,0.3757035809247557
131,C2_annotated,Apul-Peve,-0.1546162402669633
131,C2_annotated,Apul-Ptuh,0.4349757615223211
131,C2_annotated,Peve-Ptuh,0.2970172829345469
131,C4_joint,Apul-Peve,0.2396886337219542
131,C4_joint,Apul-Ptuh,0.3962347222711423
131,C4_joint,Peve-Ptuh,0.3264943115776127
132,primary,Apul-Peve,0.2716356107660456
132,primary,Apul-Ptuh,0.47852297367140983
132,primary,Peve-Ptuh,0.3654211850471469
132,C1_cpg20,Apul-Ptuh,0.35079160530191456
132,C1_cpg20,Peve-Ptuh,0.3861179912666497
132,C2_annotated,Apul-Peve,-0.1221357063403782
132,C2_annotated,Apul-Ptuh,0.44002604731929673
132,C2_annotated,Peve-Ptuh,0.31236079305990033
132,C4_joint,Apul-Peve,0.2533725476383361
132,C4_joint,Apul-Ptuh,0.38806311859392073
132,C4_joint,Peve-Ptuh,0.3263181994293967
133,primary,Apul-Peve,0.29676700111482723
133,primary,Apul-Ptuh,0.4746553456418605
133,primary,Peve-Ptuh,0.3600815959486403
133,C1_cpg20,Apul-Ptuh,0.3387991794656007
133,C1_cpg20,Peve-Ptuh,0.3747602409676376
133,C2_annotated,Apul-Peve,-0.09187986651835373
133,C2_annotated,Apul-Ptuh,0.4260009565758912
133,C2_annotated,Peve-Ptuh,0.29297162919695297
133,C4_joint,Apul-Peve,0.2813039343453912
133,C4_joint,Apul-Ptuh,0.4158183931527598
133,C4_joint,Peve-Ptuh,0.3151703004473249
134,primary,Apul-Peve,0.2935340022296544
134,primary,Apul-Ptuh,0.4759072811604164
134,primary,Peve-Ptuh,0.3533034155942293
134,C1_cpg20,Apul-Ptuh,0.36142962339575
134,C1_cpg20,Peve-Ptuh,0.3736834835457025
134,C2_annotated,Apul-Peve,-0.10255839822024472
134,C2_annotated,Apul-Ptuh,0.42789776427176035
134,C2_annotated,Peve-Ptuh,0.2928920370137521
134,C4_joint,Apul-Peve,0.27542178859497735
134,C4_joint,Apul-Ptuh,0.41086964178789065
134,C4_joint,Peve-Ptuh,0.29865098094466563
135,primary,Apul-Peve,0.2707756012103838
135,primary,Apul-Ptuh,0.4830541069866558
135,primary,Peve-Ptuh,0.3640773861223525
135,C1_cpg20,Apul-Ptuh,0.3448611403324216
135,C1_cpg20,Peve-Ptuh,0.3818203792823082
135,C2_annotated,Apul-Peve,-0.1328142380422692
135,C2_annotated,Apul-Ptuh,0.44258736705014107
135,C2_annotated,Peve-Ptuh,0.30922452235164416
135,C4_joint,Apul-Peve,0.2516818710154627
135,C4_joint,Apul-Ptuh,0.40676622873445817
135,C4_joint,Peve-Ptuh,0.31867493219682297
136,primary,Apul-Peve,0.2863513298295907
136,primary,Apul-Ptuh,0.4749377586634979
136,primary,Peve-Ptuh,0.3609233074397745
136,C1_cpg20,Apul-Ptuh,0.34496633705028396
136,C1_cpg20,Peve-Ptuh,0.3819820498573218
136,C2_annotated,Apul-Peve,-0.14126807563959956
136,C2_annotated,Apul-Ptuh,0.42146377816725294
136,C2_annotated,Peve-Ptuh,0.3108443079523175
136,C4_joint,Apul-Peve,0.26651051389524855
136,C4_joint,Apul-Ptuh,0.3768976083970273
136,C4_joint,Peve-Ptuh,0.3247155788806313
137,primary,Apul-Peve,0.2719859850294633
137,primary,Apul-Ptuh,0.47194938312480966
137,primary,Peve-Ptuh,0.3661287704122207
137,C1_cpg20,Apul-Ptuh,0.3578266358089627
137,C1_cpg20,Peve-Ptuh,0.3841905013043519
137,C2_annotated,Apul-Peve,-0.13414905450500555
137,C2_annotated,Apul-Ptuh,0.4255167257554928
137,C2_annotated,Peve-Ptuh,0.3181693289828585
137,C4_joint,Apul-Peve,0.2559437850022895
137,C4_joint,Apul-Ptuh,0.3801909055686662
137,C4_joint,Peve-Ptuh,0.3220386742277483
138,primary,Apul-Peve,0.29211657907310085
138,primary,Apul-Ptuh,0.4717667062537143
138,primary,Peve-Ptuh,0.37162484880246505
138,C1_cpg20,Apul-Ptuh,0.36925362928676625
138,C1_cpg20,Peve-Ptuh,0.38830446807241586
138,C2_annotated,Apul-Peve,-0.09454949944382647
138,C2_annotated,Apul-Ptuh,0.43084798495043775
138,C2_annotated,Peve-Ptuh,0.313573303765684
138,C4_joint,Apul-Peve,0.2760029586840901
138,C4_joint,Apul-Ptuh,0.38857384382374704
138,C4_joint,Peve-Ptuh,0.31647353034412323
139,primary,Apul-Peve,0.29571587832457397
139,primary,Apul-Ptuh,0.47399948773855377
139,primary,Peve-Ptuh,0.3642716760369256
139,C1_cpg20,Apul-Ptuh,0.3543682937092362
139,C1_cpg20,Peve-Ptuh,0.3820307079915492
139,C2_annotated,Apul-Peve,-0.09766407119021134
139,C2_annotated,Apul-Ptuh,0.43417444468562333
139,C2_annotated,Peve-Ptuh,0.30353368125278096
139,C4_joint,Apul-Peve,0.27550984466908535
139,C4_joint,Apul-Ptuh,0.3981719559015182
139,C4_joint,Peve-Ptuh,0.338540382515586
140,primary,Apul-Peve,0.2849976110845676
140,primary,Apul-Ptuh,0.47959054276322277
140,primary,Peve-Ptuh,0.36694272620127305
140,C1_cpg20,Apul-Ptuh,0.34792499474016403
140,C1_cpg20,Peve-Ptuh,0.3829410859867713
140,C2_annotated,Apul-Peve,-0.12035595105672969
140,C2_annotated,Apul-Ptuh,0.4426633383980898
140,C2_annotated,Peve-Ptuh,0.31043872650813426
140,C4_joint,Apul-Peve,0.26430911204254876
140,C4_joint,Apul-Ptuh,0.41590644922686776
140,C4_joint,Peve-Ptuh,0.33882216195273157
141,primary,Apul-Peve,0.2629877369007804
141,primary,Apul-Ptuh,0.47445911119319073
141,primary,Peve-Ptuh,0.37326264669731135
141,C1_cpg20,Apul-Ptuh,0.3444798022301704
141,C1_cpg20,Peve-Ptuh,0.3841920709215851
141,C2_annotated,Apul-Peve,-0.14304783092324805
141,C2_annotated,Apul-Ptuh,0.439297687094518
141,C2_annotated,Peve-Ptuh,0.3216121142689733
141,C4_joint,Apul-Peve,0.24315804304180907
141,C4_joint,Apul-Ptuh,0.3926596456623579
141,C4_joint,Peve-Ptuh,0.33251734704659935
142,primary,Apul-Peve,0.2726071030418857
142,primary,Apul-Ptuh,0.471877262705413
142,primary,Peve-Ptuh,0.36124651598201746
142,C1_cpg20,Apul-Ptuh,0.3572612034504523
142,C1_cpg20,Peve-Ptuh,0.3811124819101614
142,C2_annotated,Apul-Peve,-0.11546162402669634
142,C2_annotated,Apul-Ptuh,0.43902636085184377
142,C2_annotated,Peve-Ptuh,0.3028503738927478
142,C4_joint,Apul-Peve,0.2549927794019232
142,C4_joint,Apul-Ptuh,0.389014124194287
142,C4_joint,Peve-Ptuh,0.30321228558345964
143,primary,Apul-Peve,0.3072463768115942
143,primary,Apul-Ptuh,0.47769924785700485
143,primary,Peve-Ptuh,0.3693517889719697
143,C1_cpg20,Apul-Ptuh,0.3531848306332842
143,C1_cpg20,Peve-Ptuh,0.3877378362512518
143,C2_annotated,Apul-Peve,-0.15417130144605118
143,C2_annotated,Apul-Ptuh,0.4275104351335026
143,C2_annotated,Peve-Ptuh,0.324333489554161
143,C4_joint,Apul-Peve,0.2869747455179459
143,C4_joint,Apul-Ptuh,0.4007079708358283
143,C4_joint,Peve-Ptuh,0.3317776760240922
144,primary,Apul-Peve,0.2682274247491639
144,primary,Apul-Ptuh,0.47441614198965393
144,primary,Peve-Ptuh,0.36895353429809774
144,C1_cpg20,Apul-Ptuh,0.35210656427519454
144,C1_cpg20,Peve-Ptuh,0.3754116321193914
144,C2_annotated,Apul-Peve,-0.13103448275862067
144,C2_annotated,Apul-Ptuh,0.4310035453295709
144,C2_annotated,Peve-Ptuh,0.31057843619141245
144,C4_joint,Apul-Peve,0.2525976541861858
144,C4_joint,Apul-Ptuh,0.39637561198971516
144,C4_joint,Peve-Ptuh,0.34248529463562405
145,primary,Apul-Peve,0.2794394011785316
145,primary,Apul-Ptuh,0.47807618636151705
145,primary,Peve-Ptuh,0.36096803377112935
145,C1_cpg20,Apul-Ptuh,0.34688617715127285
145,C1_cpg20,Peve-Ptuh,0.381407569949992
145,C2_annotated,Apul-Peve,-0.12836484983314794
145,C2_annotated,Apul-Ptuh,0.43267370909003205
145,C2_annotated,Peve-Ptuh,0.3042025942818097
145,C4_joint,Apul-Peve,0.25534500369835517
145,C4_joint,Apul-Ptuh,0.404494382022472
145,C4_joint,Peve-Ptuh,0.3352470853439471
146,primary,Apul-Peve,0.2878961618092053
146,primary,Apul-Ptuh,0.4743834915554253
146,primary,Peve-Ptuh,0.36993751358790306
146,C1_cpg20,Apul-Ptuh,0.353526719966337
146,C1_cpg20,Peve-Ptuh,0.3758448464757384
146,C2_annotated,Apul-Peve,-0.15773081201334815
146,C2_annotated,Apul-Ptuh,0.4228667727853749
146,C2_annotated,Peve-Ptuh,0.31238280791908357
146,C4_joint,Apul-Peve,0.2698038110668875
146,C4_joint,Apul-Ptuh,0.4131943221443416
146,C4_joint,Peve-Ptuh,0.3245394667324153
147,primary,Apul-Peve,0.2907310081223125
147,primary,Apul-Ptuh,0.4789975600538416
147,primary,Peve-Ptuh,0.3715580500794547
147,C1_cpg20,Apul-Ptuh,0.3499763307384809
147,C1_cpg20,Peve-Ptuh,0.386631256101887
147,C2_annotated,Apul-Peve,-0.11813125695216907
147,C2_annotated,Apul-Ptuh,0.4314370643706437
147,C2_annotated,Peve-Ptuh,0.3275739074808608
147,C4_joint,Apul-Peve,0.27330844281638556
147,C4_joint,Apul-Ptuh,0.40197597830298343
147,C4_joint,Peve-Ptuh,0.33059772463104514
148,primary,Apul-Peve,0.29018952062430325
148,primary,Apul-Ptuh,0.48012604068686887
148,primary,Peve-Ptuh,0.3658547291136657
148,C1_cpg20,Apul-Ptuh,0.3407321691563223
148,C1_cpg20,Peve-Ptuh,0.3827637192394263
148,C2_annotated,Apul-Peve,-0.1150166852057842
148,C2_annotated,Apul-Ptuh,0.4278585727033741
148,C2_annotated,Peve-Ptuh,0.3153387261271079
148,C4_joint,Apul-Peve,0.2757035680321229
148,C4_joint,Apul-Ptuh,0.4052692754746224
148,C4_joint,Peve-Ptuh,0.3341728012398296
149,primary,Apul-Peve,0.3292084726867336
149,primary,Apul-Ptuh,0.47479986159758153
149,primary,Peve-Ptuh,0.3663711702104024
149,C1_cpg20,Apul-Ptuh,0.36637386913528297
149,C1_cpg20,Peve-Ptuh,0.38804548122894755
149,C2_annotated,Apul-Peve,-0.0932146829810901
149,C2_annotated,Apul-Ptuh,0.4313255191375443
149,C2_annotated,Peve-Ptuh,0.31050646453639036
149,C4_joint,Apul-Peve,0.30946426684512707
149,C4_joint,Apul-Ptuh,0.40657250537142064
149,C4_joint,Peve-Ptuh,0.31613891726251286
150,primary,Apul-Peve,0.2979773849339067
150,primary,Apul-Ptuh,0.4792358543196919
150,primary,Peve-Ptuh,0.3721252973280022
150,C1_cpg20,Apul-Ptuh,0.3570902587839259
150,C1_cpg20,Peve-Ptuh,0.3842878175728067
150,C2_annotated,Apul-Peve,-0.11368186874304782
150,C2_annotated,Apul-Ptuh,0.43831367725441955
150,C2_annotated,Peve-Ptuh,0.31559613063448094
150,C4_joint,Apul-Peve,0.28091648761931604
150,C4_joint,Apul-Ptuh,0.42111936881406087
150,C4_joint,Peve-Ptuh,0.3519777394244656
151,primary,Apul-Peve,0.2571110049370919
151,primary,Apul-Ptuh,0.46959003818310424
151,primary,Peve-Ptuh,0.3641498152877852
151,C1_cpg20,Apul-Ptuh,0.35405270355564905
151,C1_cpg20,Peve-Ptuh,0.38306194651372316
151,C2_annotated,Apul-Peve,-0.10611790878754171
151,C2_annotated,Apul-Ptuh,0.430655644791742
151,C2_annotated,Peve-Ptuh,0.3082296200616331
151,C4_joint,Apul-Peve,0.2406748617519637
151,C4_joint,Apul-Ptuh,0.3871121129935544
151,C4_joint,Peve-Ptuh,0.3265119227924343
152,primary,Apul-Peve,0.28643096034400384
152,primary,Apul-Ptuh,0.4752768351579876
152,primary,Peve-Ptuh,0.37157999030110034
152,C1_cpg20,Apul-Ptuh,0.35393435724805383
152,C1_cpg20,Peve-Ptuh,0.3801314711394479
152,C2_annotated,Apul-Peve,-0.09054505005561736
152,C2_annotated,Apul-Ptuh,0.4332863034512698
152,C2_annotated,Peve-Ptuh,0.32456295212487846
152,C4_joint,Apul-Peve,0.2712831531119017
152,C4_joint,Apul-Ptuh,0.3945616568630905
152,C4_joint,Peve-Ptuh,0.3460075375999437
153,primary,Apul-Peve,0.2873228221054308
153,primary,Apul-Ptuh,0.47430571575690894
153,primary,Peve-Ptuh,0.36963122280692917
153,C1_cpg20,Apul-Ptuh,0.35656427519461387
153,C1_cpg20,Peve-Ptuh,0.3885116575471905
153,C2_annotated,Apul-Peve,-0.1332591768631813
153,C2_annotated,Apul-Ptuh,0.43741649181197695
153,C2_annotated,Peve-Ptuh,0.32156469764919404
153,C4_joint,Apul-Peve,0.27212849142333845
153,C4_joint,Apul-Ptuh,0.4019407558733402
153,C4_joint,Peve-Ptuh,0.3332041844246417
154,primary,Apul-Peve,0.2779104953017997
154,primary,Apul-Ptuh,0.47903259766604456
154,primary,Peve-Ptuh,0.3617040356883346
154,C1_cpg20,Apul-Ptuh,0.3571297075531243
154,C1_cpg20,Peve-Ptuh,0.38299759220716434
154,C2_annotated,Apul-Peve,-0.1385984427141268
154,C2_annotated,Apul-Ptuh,0.44229554060246484
154,C2_annotated,Peve-Ptuh,0.3012898590667986
154,C4_joint,Apul-Peve,0.25992391955197075
154,C4_joint,Apul-Ptuh,0.3930294811736115
154,C4_joint,Peve-Ptuh,0.30816103694832875
155,primary,Apul-Peve,0.2938047459786591
155,primary,Apul-Ptuh,0.4701621908395164
155,primary,Peve-Ptuh,0.3689039705443801
155,C1_cpg20,Apul-Ptuh,0.36960866820955185
155,C1_cpg20,Peve-Ptuh,0.3827291876602972
155,C2_annotated,Apul-Peve,-0.12658509454949943
155,C2_annotated,Apul-Ptuh,0.43733871162241034
155,C2_annotated,Peve-Ptuh,0.3149864883801763
155,C4_joint,Apul-Peve,0.27133598675636655
155,C4_joint,Apul-Ptuh,0.40248670353280974
155,C4_joint,Peve-Ptuh,0.31944982564897334
156,primary,Apul-Peve,0.269835961140309
156,primary,Apul-Ptuh,0.4788991852195797
156,primary,Peve-Ptuh,0.3688333124570803
156,C1_cpg20,Apul-Ptuh,0.3431122448979591
156,C1_cpg20,Peve-Ptuh,0.37962134553867694
156,C2_annotated,Apul-Peve,-0.11635150166852058
156,C2_annotated,Apul-Ptuh,0.43792537925379255
156,C2_annotated,Peve-Ptuh,0.31259702943344336
156,C4_joint,Apul-Peve,0.2517875383043923
156,C4_joint,Apul-Ptuh,0.40514599697087117
156,C4_joint,Peve-Ptuh,0.3281145433411997
157,primary,Apul-Peve,0.25008759356585447
157,primary,Apul-Ptuh,0.47400928215652427
157,primary,Peve-Ptuh,0.3623921391939472
157,C1_cpg20,Apul-Ptuh,0.3434935830002104
157,C1_cpg20,Peve-Ptuh,0.37326753497892
157,C2_annotated,Apul-Peve,-0.13370411568409343
157,C2_annotated,Apul-Ptuh,0.4269173721148976
157,C2_annotated,Peve-Ptuh,0.30546760195949185
157,C4_joint,Apul-Peve,0.23282025994153083
157,C4_joint,Apul-Ptuh,0.3922369765066395
157,C4_joint,Peve-Ptuh,0.3288542143637069
158,primary,Apul-Peve,0.2895684026118809
158,primary,Apul-Ptuh,0.47388615453799127
158,primary,Peve-Ptuh,0.3716242936884234
158,C1_cpg20,Apul-Ptuh,0.35811592678308435
158,C1_cpg20,Peve-Ptuh,0.3905474510985751
158,C2_annotated,Apul-Peve,-0.12658509454949943
158,C2_annotated,Apul-Ptuh,0.44067307609692813
158,C2_annotated,Peve-Ptuh,0.3244503376529027
158,C4_joint,Apul-Peve,0.27396005776478466
158,C4_joint,Apul-Ptuh,0.40496988482265517
158,C4_joint,Peve-Ptuh,0.32943538445281967
159,primary,Apul-Peve,0.2977862716993152
159,primary,Apul-Ptuh,0.47635029518899513
159,primary,Peve-Ptuh,0.3721451756974932
159,C1_cpg20,Apul-Ptuh,0.36162686724174203
159,C1_cpg20,Peve-Ptuh,0.3920919544559863
159,C2_annotated,Apul-Peve,-0.10077864293659622
159,C2_annotated,Apul-Ptuh,0.43529049996382313
159,C2_annotated,Peve-Ptuh,0.3184352007437636
159,C4_joint,Apul-Peve,0.2784156951146491
159,C4_joint,Apul-Ptuh,0.41004191469127554
159,C4_joint,Peve-Ptuh,0.3548835898700293
160,primary,Apul-Peve,0.27652492435101134
160,primary,Apul-Ptuh,0.47461926845180546
160,primary,Peve-Ptuh,0.3582054955259196
160,C1_cpg20,Apul-Ptuh,0.34374342520513357
160,C1_cpg20,Peve-Ptuh,0.3814279749740228
160,C2_annotated,Apul-Peve,-0.18620689655172415
160,C2_annotated,Apul-Ptuh,0.43030171478185364
160,C2_annotated,Peve-Ptuh,0.3097418715424499
160,C4_joint,Apul-Peve,0.2580923532105245
160,C4_joint,Apul-Ptuh,0.3902997428762637
160,C4_joint,Peve-Ptuh,0.28653446514740594
161,primary,Apul-Peve,0.26599777034559646
161,primary,Apul-Ptuh,0.46818272426812946
161,primary,Peve-Ptuh,0.3630419662646888
161,C1_cpg20,Apul-Ptuh,0.33993004418262146
161,C1_cpg20,Peve-Ptuh,0.3804814957824385
161,C2_annotated,Apul-Peve,-0.1568409343715239
161,C2_annotated,Apul-Ptuh,0.4213955816028748
161,C2_annotated,Peve-Ptuh,0.31194505091147867
161,C4_joint,Apul-Peve,0.24601105984290803
161,C4_joint,Apul-Ptuh,0.38445281955549304
161,C4_joint,Peve-Ptuh,0.34211545912437047
162,primary,Apul-Peve,0.27977384933906674
162,primary,Apul-Ptuh,0.47730979131761614
162,primary,Peve-Ptuh,0.36156316889176865
162,C1_cpg20,Apul-Ptuh,0.3553413633494634
162,C1_cpg20,Peve-Ptuh,0.37980028190325504
162,C2_annotated,Apul-Peve,-0.10033370411568408
162,C2_annotated,Apul-Ptuh,0.4397318090827967
162,C2_annotated,Peve-Ptuh,0.30955728541545213
162,C4_joint,Apul-Peve,0.26342855130146886
162,C4_joint,Apul-Ptuh,0.39493149237434405
162,C4_joint,Peve-Ptuh,0.303282730442746
163,primary,Apul-Peve,0.24164675903806343
163,primary,Apul-Ptuh,0.4801963084256275
163,primary,Peve-Ptuh,0.3614342502640988
163,C1_cpg20,Apul-Ptuh,0.3398248474647591
163,C1_cpg20,Peve-Ptuh,0.3800938003258525
163,C2_annotated,Apul-Peve,-0.17730812013348166
163,C2_annotated,Apul-Ptuh,0.43685092733280273
163,C2_annotated,Peve-Ptuh,0.29236876074547397
163,C4_joint,Apul-Peve,0.22635694410200422
163,C4_joint,Apul-Ptuh,0.4014652530731571
163,C4_joint,Peve-Ptuh,0.32619492092564556
164,primary,Apul-Peve,0.28668577799012585
164,primary,Apul-Ptuh,0.4770117745050894
164,primary,Peve-Ptuh,0.3719501191968626
164,C1_cpg20,Apul-Ptuh,0.34889806438039134
164,C1_cpg20,Peve-Ptuh,0.3913259812462133
164,C2_annotated,Apul-Peve,-0.11546162402669634
164,C2_annotated,Apul-Ptuh,0.4294798977401539
164,C2_annotated,Peve-Ptuh,0.3215130474026488
164,C4_joint,Apul-Peve,0.2685181923849108
164,C4_joint,Apul-Ptuh,0.3954422176041704
164,C4_joint,Peve-Ptuh,0.322531788242753
165,primary,Apul-Peve,0.2927854753941711
165,primary,Apul-Ptuh,0.4678897899223703
165,primary,Peve-Ptuh,0.36710291625328845
165,C1_cpg20,Apul-Ptuh,0.35183042289080574
165,C1_cpg20,Peve-Ptuh,0.3859516118399367
165,C2_annotated,Apul-Peve,-0.11190211345939934
165,C2_annotated,Apul-Ptuh,0.41677881484697193
165,C2_annotated,Peve-Ptuh,0.30977574055657797
165,C4_joint,Apul-Peve,0.27647846148427324
165,C4_joint,Apul-Ptuh,0.3861611073931881
165,C4_joint,Peve-Ptuh,0.32475080131027445
166,primary,Apul-Peve,0.2730848861283644
166,primary,Apul-Ptuh,0.4733851688515542
166,primary,Peve-Ptuh,0.37380755721418346
166,C1_cpg20,Apul-Ptuh,0.3411529560277719
166,C1_cpg20,Peve-Ptuh,0.3871429513198911
166,C2_annotated,Apul-Peve,-0.12658509454949943
166,C2_annotated,Apul-Ptuh,0.4322525096185997
166,C2_annotated,Peve-Ptuh,0.3221751866288519
166,C4_joint,Apul-Peve,0.25714134761015817
166,C4_joint,Apul-Ptuh,0.4009545278433307
166,C4_joint,Peve-Ptuh,0.34102356380543136
167,primary,Apul-Peve,0.28179646440516004
167,primary,Apul-Ptuh,0.476511853233834
167,primary,Peve-Ptuh,0.3708050510989745
167,C1_cpg20,Apul-Ptuh,0.3458342099726488
167,C1_cpg20,Peve-Ptuh,0.3848481709250382
167,C2_annotated,Apul-Peve,-0.08787541713014461
167,C2_annotated,Apul-Ptuh,0.43440959409594093
167,C2_annotated,Peve-Ptuh,0.3175681539820858
167,C4_joint,Apul-Peve,0.26198443168609775
167,C4_joint,Apul-Ptuh,0.3860906625339017
167,C4_joint,Peve-Ptuh,0.35019900672748416
168,primary,Apul-Peve,0.2573658225832139
168,primary,Apul-Ptuh,0.47345372423732024
168,primary,Peve-Ptuh,0.37138414078041027
168,C1_cpg20,Apul-Ptuh,0.3417709867452135
168,C1_cpg20,Peve-Ptuh,0.3887219862564315
168,C2_annotated,Apul-Peve,-0.13058954393770858
168,C2_annotated,Apul-Ptuh,0.42619805609820804
168,C2_annotated,Peve-Ptuh,0.3121770536582557
168,C4_joint,Apul-Peve,0.24171392342643802
168,C4_joint,Apul-Ptuh,0.38327286816244593
168,C4_joint,Peve-Ptuh,0.34459864041421584
169,primary,Apul-Peve,0.27924828794394013
169,primary,Apul-Ptuh,0.4766437640683473
169,primary,Peve-Ptuh,0.37400768904319476
169,C1_cpg20,Apul-Ptuh,0.3506732589943194
169,C1_cpg20,Peve-Ptuh,0.39005930013906803
169,C2_annotated,Apul-Peve,-0.14705228031145717
169,C2_annotated,Apul-Ptuh,0.4398897812507537
169,C2_annotated,Peve-Ptuh,0.32546640807674376
169,C4_joint,Apul-Peve,0.2613504279525202
169,C4_joint,Apul-Ptuh,0.4113451445880738
169,C4_joint,Peve-Ptuh,0.34477475256243184
170,primary,Apul-Peve,0.2806657111004937
170,primary,Apul-Ptuh,0.4804298668383998
170,primary,Peve-Ptuh,0.35635807599535024
170,C1_cpg20,Apul-Ptuh,0.358602461603198
170,C1_cpg20,Peve-Ptuh,0.37811765222932736
170,C2_annotated,Apul-Peve,-0.10033370411568408
170,C2_annotated,Apul-Ptuh,0.43553710537105367
170,C2_annotated,Peve-Ptuh,0.2965651315959376
170,C4_joint,Apul-Peve,0.2605579232855483
170,C4_joint,Apul-Ptuh,0.4065196717269558
170,C4_joint,Peve-Ptuh,0.3069458631256385
171,primary,Apul-Peve,0.2995540691192865
171,primary,Apul-Ptuh,0.47783954771910053
171,primary,Peve-Ptuh,0.3614654952544424
171,C1_cpg20,Apul-Ptuh,0.3461103513570376
171,C1_cpg20,Peve-Ptuh,0.3843945515446603
171,C2_annotated,Apul-Peve,-0.0625139043381535
171,C2_annotated,Apul-Ptuh,0.42371572245134215
171,C2_annotated,Peve-Ptuh,0.30003416536800165
171,C4_joint,Apul-Peve,0.2806523193969921
171,C4_joint,Apul-Ptuh,0.3992638512204573
171,C4_joint,Peve-Ptuh,0.33947377690113073
172,primary,Apul-Peve,0.2968944099378882
172,primary,Apul-Ptuh,0.47412918009542515
172,primary,Peve-Ptuh,0.36626035887409075
172,C1_cpg20,Apul-Ptuh,0.367820324005891
172,C1_cpg20,Peve-Ptuh,0.39159752502754674
172,C2_annotated,Apul-Peve,-0.06562847608453838
172,C2_annotated,Apul-Ptuh,0.43219918963895515
172,C2_annotated,Peve-Ptuh,0.3118713858057502
172,C4_joint,Apul-Peve,0.2754922334542637
172,C4_joint,Apul-Ptuh,0.3910922475432356
172,C4_joint,Peve-Ptuh,0.3324116797576698
173,primary,Apul-Peve,0.274884535754101
173,primary,Apul-Ptuh,0.47437432787223377
173,primary,Peve-Ptuh,0.3668934796555792
173,C1_cpg20,Apul-Ptuh,0.34593940669051126
173,C1_cpg20,Peve-Ptuh,0.3855215367180559
173,C2_annotated,Apul-Peve,-0.10700778642936595
173,C2_annotated,Apul-Ptuh,0.43620095024479655
173,C2_annotated,Peve-Ptuh,0.31107123034697537
173,C4_joint,Apul-Peve,0.25110070092634995
173,C4_joint,Apul-Ptuh,0.38313197844387314
173,C4_joint,Peve-Ptuh,0.31818181818181823
174,primary,Apul-Peve,0.2858416945373467
174,primary,Apul-Ptuh,0.480946498355475
174,primary,Peve-Ptuh,0.37095688800636334
174,C1_cpg20,Apul-Ptuh,0.3490164106879865
174,C1_cpg20,Peve-Ptuh,0.38789479797456594
174,C2_annotated,Apul-Peve,-0.11323692992213572
174,C2_annotated,Apul-Ptuh,0.4461923883944722
174,C2_annotated,Peve-Ptuh,0.321138794796534
174,C4_joint,Apul-Peve,0.26791941108097644
174,C4_joint,Apul-Ptuh,0.4156422810045438
174,C4_joint,Peve-Ptuh,0.3346483040400128
175,primary,Apul-Peve,0.268307055263577
175,primary,Apul-Ptuh,0.47314419966094756
175,primary,Peve-Ptuh,0.3663531686550522
175,C1_cpg20,Apul-Ptuh,0.33545918367346933
175,C1_cpg20,Peve-Ptuh,0.3837337426895077
175,C2_annotated,Apul-Peve,-0.1670745272525028
175,C2_annotated,Apul-Ptuh,0.42591647975303276
175,C2_annotated,Peve-Ptuh,0.3148823411617326
175,C4_joint,Apul-Peve,0.24854707477721819
175,C4_joint,Apul-Ptuh,0.37989151491669904
175,C4_joint,Peve-Ptuh,0.33338029657285767
176,primary,Apul-Peve,0.2597706641184902
176,primary,Apul-Ptuh,0.46700957579866653
176,primary,Peve-Ptuh,0.3720884483292382
176,C1_cpg20,Apul-Ptuh,0.3409688617715127
176,C1_cpg20,Peve-Ptuh,0.384956474514125
176,C2_annotated,Apul-Peve,-0.1604004449388209
176,C2_annotated,Apul-Ptuh,0.4255866676313822
176,C2_annotated,Peve-Ptuh,0.317126163347715
176,C4_joint,Apul-Peve,0.2438272692050298
176,C4_joint,Apul-Ptuh,0.37193124581733655
176,C4_joint,Peve-Ptuh,0.3296995526751436
177,primary,Apul-Peve,0.25610766045548655
177,primary,Apul-Ptuh,0.4787146024581503
177,primary,Peve-Ptuh,0.35399709667426027
177,C1_cpg20,Apul-Ptuh,0.33931201346517986
177,C1_cpg20,Peve-Ptuh,0.3762702127459198
177,C2_annotated,Apul-Peve,-0.17419354838709677
177,C2_annotated,Apul-Ptuh,0.43186575983406894
177,C2_annotated,Peve-Ptuh,0.2962890991307941
177,C4_joint,Apul-Peve,0.23697650663942804
177,C4_joint,Apul-Ptuh,0.3937691521961186
177,C4_joint,Peve-Ptuh,0.3173188686555599
178,primary,Apul-Peve,0.2829749960184743
178,primary,Apul-Ptuh,0.47660225797389155
178,primary,Peve-Ptuh,0.3699364562278238
178,C1_cpg20,Apul-Ptuh,0.35928624026930356
178,C1_cpg20,Peve-Ptuh,0.39441969681273525
178,C2_annotated,Apul-Peve,-0.0896551724137931
178,C2_annotated,Apul-Ptuh,0.43200504063864165
178,C2_annotated,Peve-Ptuh,0.32343426722906166
178,C4_joint,Apul-Peve,0.2626888802789617
178,C4_joint,Apul-Ptuh,0.3790285653904407
178,C4_joint,Peve-Ptuh,0.3304392236976507
179,primary,Apul-Peve,0.2750597228858099
179,primary,Apul-Ptuh,0.4748143771797798
179,primary,Peve-Ptuh,0.3672558898227626
179,C1_cpg20,Apul-Ptuh,0.35582789816957705
179,C1_cpg20,Peve-Ptuh,0.3838310589579625
179,C2_annotated,Apul-Peve,-0.09010011123470522
179,C2_annotated,Apul-Ptuh,0.4408948942430601
179,C2_annotated,Peve-Ptuh,0.3170431842631013
179,C4_joint,Apul-Peve,0.257018069106407
179,C4_joint,Apul-Ptuh,0.39449121200380416
179,C4_joint,Peve-Ptuh,0.34970589271247937
180,primary,Apul-Peve,0.28327759197324415
180,primary,Apul-Ptuh,0.4693198680579769
180,primary,Peve-Ptuh,0.3678045275339142
180,C1_cpg20,Apul-Ptuh,0.34996318114874814
180,C1_cpg20,Peve-Ptuh,0.3887784924768246
180,C2_annotated,Apul-Peve,-0.09499443826473859
180,C2_annotated,Apul-Ptuh,0.42467440850879096
180,C2_annotated,Peve-Ptuh,0.31807280229259355
180,C4_joint,Apul-Peve,0.2627241027086049
180,C4_joint,Apul-Ptuh,0.3831143672290515
180,C4_joint,Peve-Ptuh,0.3363565918777078
181,primary,Apul-Peve,0.2851250199076286
181,primary,Apul-Ptuh,0.47725942496848395
181,primary,Peve-Ptuh,0.3679663564940525
181,C1_cpg20,Apul-Ptuh,0.3430464969492952
181,C1_cpg20,Peve-Ptuh,0.3795569912321181
181,C2_annotated,Apul-Peve,-0.09010011123470522
181,C2_annotated,Apul-Ptuh,0.43056640860526246
181,C2_annotated,Peve-Ptuh,0.311137274924525
181,C4_joint,Apul-Peve,0.26754957556972286
181,C4_joint,Apul-Ptuh,0.4060617801415943
181,C4_joint,Peve-Ptuh,0.3350533619809095
182,primary,Apul-Peve,0.25445134575569356
182,primary,Apul-Ptuh,0.4738662824952918
182,primary,Peve-Ptuh,0.3762113331844835
182,C1_cpg20,Apul-Ptuh,0.3467678308436777
182,C1_cpg20,Peve-Ptuh,0.38510244891680717
182,C2_annotated,Apul-Peve,-0.1332591768631813
182,C2_annotated,Apul-Ptuh,0.4397064853001471
182,C2_annotated,Peve-Ptuh,0.32394230244098215
182,C4_joint,Apul-Peve,0.23746962065443278
182,C4_joint,Apul-Ptuh,0.397344228804903
182,C4_joint,Peve-Ptuh,0.3388573843823748
183,primary,Apul-Peve,0.2866698518872432
183,primary,Apul-Ptuh,0.47503407455915314
183,primary,Peve-Ptuh,0.3631175146423554
183,C1_cpg20,Apul-Ptuh,0.3651509572901325
183,C1_cpg20,Peve-Ptuh,0.37916929577553216
183,C2_annotated,Apul-Peve,-0.09810901001112347
183,C2_annotated,Apul-Ptuh,0.43674119094132113
183,C2_annotated,Peve-Ptuh,0.3012212743131893
183,C4_joint,Apul-Peve,0.2675847979993661
183,C4_joint,Apul-Ptuh,0.4038251558592513
183,C4_joint,Peve-Ptuh,0.3318657320982002
184,primary,Apul-Peve,0.2712056059882147
184,primary,Apul-Ptuh,0.4744056160210523
184,primary,Peve-Ptuh,0.36227950391149877
184,C1_cpg20,Apul-Ptuh,0.3457684620239848
184,C1_cpg20,Peve-Ptuh,0.3811062034412288
184,C2_annotated,Apul-Peve,-0.09232480533926585
184,C2_annotated,Apul-Ptuh,0.42830716542459535
184,C2_annotated,Peve-Ptuh,0.29654735036352037
184,C4_joint,Apul-Peve,0.2550103906167448
184,C4_joint,Apul-Ptuh,0.40407171286675364
184,C4_joint,Peve-Ptuh,0.33436652460286714
185,primary,Apul-Peve,0.2572384137601529
185,primary,Apul-Ptuh,0.4627019516469786
185,primary,Peve-Ptuh,0.3689157865432664
185,C1_cpg20,Apul-Ptuh,0.35301388596675776
185,C1_cpg20,Peve-Ptuh,0.3808487862149936
185,C2_annotated,Apul-Peve,-0.08164627363737485
185,C2_annotated,Apul-Ptuh,0.4267684441550298
185,C2_annotated,Peve-Ptuh,0.3102795421417325
185,C4_joint,Apul-Peve,0.2417667570709028
185,C4_joint,Apul-Ptuh,0.37987390370187746
185,C4_joint,Peve-Ptuh,0.32999894332711077
186,primary,Apul-Peve,0.25758878802357066
186,primary,Apul-Ptuh,0.47839402755792904
186,primary,Peve-Ptuh,0.3580755195381705
186,C1_cpg20,Apul-Ptuh,0.3531453818640858
186,C1_cpg20,Peve-Ptuh,0.3836756668518815
186,C2_annotated,Apul-Peve,-0.1252502780867631
186,C2_annotated,Apul-Ptuh,0.43817439644984685
186,C2_annotated,Peve-Ptuh,0.29179552768135697
186,C4_joint,Apul-Peve,0.23819168046211833
186,C4_joint,Apul-Ptuh,0.38318481208833793
186,C4_joint,Peve-Ptuh,0.32040083124933966
187,primary,Apul-Peve,0.29496735148909065
187,primary,Apul-Ptuh,0.47436377808570235
187,primary,Peve-Ptuh,0.36750347068533284
187,C1_cpg20,Apul-Ptuh,0.3322769829581317
187,C1_cpg20,Peve-Ptuh,0.37760752662855634
187,C2_annotated,Apul-Peve,-0.1385984427141268
187,C2_annotated,Apul-Ptuh,0.4233105419289487
187,C2_annotated,Peve-Ptuh,0.30770041671588255
187,C4_joint,Apul-Peve,0.27628473812123566
187,C4_joint,Apul-Ptuh,0.3993871297242085
187,C4_joint,Peve-Ptuh,0.3350885844105527
188,primary,Apul-Peve,0.30062111801242236
188,primary,Apul-Ptuh,0.47642914906788686
188,primary,Peve-Ptuh,0.3694454710749965
188,C1_cpg20,Apul-Ptuh,0.35385545970965704
188,C1_cpg20,Peve-Ptuh,0.38017071157027643
188,C2_annotated,Apul-Peve,-0.11234705228031147
188,C2_annotated,Apul-Ptuh,0.4353170296408846
188,C2_annotated,Peve-Ptuh,0.3123108362640614
188,C4_joint,Apul-Peve,0.2847733436652461
188,C4_joint,Apul-Ptuh,0.42314465851854466
188,C4_joint,Peve-Ptuh,0.3416751787538305
189,primary,Apul-Peve,0.2664277751234273
189,primary,Apul-Ptuh,0.4773432842205476
189,primary,Peve-Ptuh,0.36777111495540804
189,C1_cpg20,Apul-Ptuh,0.34462444771723116
189,C1_cpg20,Peve-Ptuh,0.38882087214211947
189,C2_annotated,Apul-Peve,-0.12347052280311457
189,C2_annotated,Apul-Ptuh,0.43377951426573086
189,C2_annotated,Peve-Ptuh,0.31290439073665527
189,C4_joint,Apul-Peve,0.2495685252368709
189,C4_joint,Apul-Ptuh,0.3840301503997747
189,C4_joint,Peve-Ptuh,0.3410940086647178
190,primary,Apul-Peve,0.2615543876413442
190,primary,Apul-Ptuh,0.47254540301811293
190,primary,Peve-Ptuh,0.36785009975333244
190,C1_cpg20,Apul-Ptuh,0.3480301914580265
190,C1_cpg20,Peve-Ptuh,0.38053957162006474
190,C2_annotated,Apul-Peve,-0.09766407119021134
190,C2_annotated,Apul-Ptuh,0.42850854979138026
190,C2_annotated,Peve-Ptuh,0.314121135069205
190,C4_joint,Apul-Peve,0.24491916452396895
190,C4_joint,Apul-Ptuh,0.3779366700715016
190,C4_joint,Peve-Ptuh,0.3211933359163116
191,primary,Apul-Peve,0.2797260710304189
191,primary,Apul-Ptuh,0.47523767773863557
191,primary,Peve-Ptuh,0.370424533640433
191,C1_cpg20,Apul-Ptuh,0.3521723122238586
191,C1_cpg20,Peve-Ptuh,0.3838467551302939
191,C2_annotated,Apul-Peve,-0.11279199110122358
191,C2_annotated,Apul-Ptuh,0.44444565033885636
191,C2_annotated,Peve-Ptuh,0.3150838617957944
191,C4_joint,Apul-Peve,0.26186115318234654
191,C4_joint,Apul-Ptuh,0.40625550350463185
191,C4_joint,Peve-Ptuh,0.3374837096262901
192,primary,Apul-Peve,0.29956999522216915
192,primary,Apul-Ptuh,0.4744944036414013
192,primary,Peve-Ptuh,0.3672083879211996
192,C1_cpg20,Apul-Ptuh,0.3433883862823479
192,C1_cpg20,Peve-Ptuh,0.38185177162697104
192,C2_annotated,Apul-Peve,-0.11279199110122358
192,C2_annotated,Apul-Ptuh,0.4158690301999766
192,C2_annotated,Peve-Ptuh,0.3036573031543483
192,C4_joint,Apul-Peve,0.28398083899827414
192,C4_joint,Apul-Ptuh,0.3962699447007856
192,C4_joint,Peve-Ptuh,0.3395970554048819
193,primary,Apul-Peve,0.2712693103997452
193,primary,Apul-Ptuh,0.47178697347396714
193,primary,Peve-Ptuh,0.36195846295741846
193,C1_cpg20,Apul-Ptuh,0.3493845992005049
193,C1_cpg20,Peve-Ptuh,0.3825675170852836
193,C2_annotated,Apul-Peve,-0.11323692992213572
193,C2_annotated,Apul-Ptuh,0.4262185563032101
193,C2_annotated,Peve-Ptuh,0.30295113420977876
193,C4_joint,Apul-Peve,0.25228065231939706
193,C4_joint,Apul-Ptuh,0.3808249093022438
193,C4_joint,Peve-Ptuh,0.3219858405832835
194,primary,Apul-Peve,0.29796145883102404
194,primary,Apul-Ptuh,0.47453823459217637
194,primary,Peve-Ptuh,0.3720232620803488
194,C1_cpg20,Apul-Ptuh,0.3399826425415527
194,C1_cpg20,Peve-Ptuh,0.3835092874251685
194,C2_annotated,Apul-Peve,-0.10700778642936595
194,C2_annotated,Apul-Ptuh,0.43242047126353617
194,C2_annotated,Peve-Ptuh,0.3273486785369094
194,C4_joint,Apul-Peve,0.2758092353210525
194,C4_joint,Apul-Ptuh,0.4031207072663874
194,C4_joint,Peve-Ptuh,0.33274629283928014
195,primary,Apul-Peve,0.2761586239847109
195,primary,Apul-Ptuh,0.470494008577939
195,primary,Peve-Ptuh,0.36136507248091004
195,C1_cpg20,Apul-Ptuh,0.3432305912055543
195,C1_cpg20,Peve-Ptuh,0.3807232168363423
195,C2_annotated,Apul-Peve,-0.1332591768631813
195,C2_annotated,Apul-Ptuh,0.4219593372404312
195,C2_annotated,Peve-Ptuh,0.3053431333325713
195,C4_joint,Apul-Peve,0.2601176429150084
195,C4_joint,Apul-Ptuh,0.39172625127681315
195,C4_joint,Peve-Ptuh,0.320471276108626
196,primary,Apul-Peve,0.30657748049052397
196,primary,Apul-Ptuh,0.4762517516760805
196,primary,Peve-Ptuh,0.36685493888068843
196,C1_cpg20,Apul-Ptuh,0.34258626130864717
196,C1_cpg20,Peve-Ptuh,0.38563140992437583
196,C2_annotated,Apul-Peve,-0.12880978865406006
196,C2_annotated,Apul-Ptuh,0.42926042495719074
196,C2_annotated,Peve-Ptuh,0.3073718872788406
196,C4_joint,Apul-Peve,0.2895107604522561
196,C4_joint,Apul-Ptuh,0.4042654362297912
196,C4_joint,Peve-Ptuh,0.32711070409636867
197,primary,Apul-Peve,0.2557732122949515
197,primary,Apul-Ptuh,0.4698486234617357
197,primary,Peve-Ptuh,0.36479493710617383
197,C1_cpg20,Apul-Ptuh,0.34294130023143277
197,C1_cpg20,Peve-Ptuh,0.38745373553205315
197,C2_annotated,Apul-Peve,-0.11412680756395996
197,C2_annotated,Apul-Ptuh,0.42947145647927065
197,C2_annotated,Peve-Ptuh,0.30350743276683173
197,C4_joint,Apul-Peve,0.23908985241801983
197,C4_joint,Apul-Ptuh,0.37763727941953446
197,C4_joint,Peve-Ptuh,0.3362509245887782
198,primary,Apul-Peve,0.30627488453575413
198,primary,Apul-Ptuh,0.4798899842067961
198,primary,Peve-Ptuh,0.3708431689298336
198,C1_cpg20,Apul-Ptuh,0.3443877551020408
198,C1_cpg20,Peve-Ptuh,0.3851589551372002
198,C2_annotated,Apul-Peve,-0.12836484983314794
198,C2_annotated,Apul-Ptuh,0.43534151462471765
198,C2_annotated,Peve-Ptuh,0.3231963374048122
198,C4_joint,Apul-Peve,0.28936987073368325
198,C4_joint,Apul-Ptuh,0.415325279137755
198,C4_joint,Peve-Ptuh,0.3349653059068015
199,primary,Apul-Peve,0.27579232361841055
199,primary,Apul-Ptuh,0.47100009030848283
199,primary,Peve-Ptuh,0.3657557337762403
199,C1_cpg20,Apul-Ptuh,0.35456553755522824
199,C1_cpg20,Peve-Ptuh,0.3837965273788334
199,C2_annotated,Apul-Peve,-0.10878754171301447
199,C2_annotated,Apul-Ptuh,0.43063032100909243
199,C2_annotated,Peve-Ptuh,0.3077419062581894
199,C4_joint,Apul-Peve,0.25981825226304117
199,C4_joint,Apul-Ptuh,0.39852418019795016
199,C4_joint,Peve-Ptuh,0.34680004226691563
200,primary,Apul-Peve,0.25523172479694217
200,primary,Apul-Ptuh,0.47338145434929296
200,primary,Peve-Ptuh,0.35675863042739464
200,C1_cpg20,Apul-Ptuh,0.3458473595623816
200,C1_cpg20,Peve-Ptuh,0.3781129433776279
200,C2_annotated,Apul-Peve,-0.12347052280311457
200,C2_annotated,Apul-Ptuh,0.4347315679039143
200,C2_annotated,Peve-Ptuh,0.28943993774875204
200,C4_joint,Apul-Peve,0.2396005776478462
200,C4_joint,Apul-Ptuh,0.3814236906061781
200,C4_joint,Peve-Ptuh,0.3114191116903245
201,primary,Apul-Peve,0.2763815894250677
201,primary,Apul-Ptuh,0.475162327620964
201,primary,Peve-Ptuh,0.37095826257446646
201,C1_cpg20,Apul-Ptuh,0.34629444561329686
201,C1_cpg20,Peve-Ptuh,0.38691378720385244
201,C2_annotated,Apul-Peve,-0.12569521690767518
201,C2_annotated,Apul-Ptuh,0.4417860502134433
201,C2_annotated,Peve-Ptuh,0.31939284711823374
201,C4_joint,Apul-Peve,0.25485188968335043
201,C4_joint,Apul-Ptuh,0.39086330175055484
201,C4_joint,Peve-Ptuh,0.32133422563488434
202,primary,Apul-Peve,0.27568084089823225
202,primary,Apul-Ptuh,0.4766035670714904
202,primary,Peve-Ptuh,0.36766239190525307
202,C1_cpg20,Apul-Ptuh,0.3453476751525352
202,C1_cpg20,Peve-Ptuh,0.3783389682592003
202,C2_annotated,Apul-Peve,-0.11412680756395996
202,C2_annotated,Apul-Ptuh,0.43473880327038567
202,C2_annotated,Peve-Ptuh,0.306071317136324
202,C4_joint,Apul-Peve,0.2577049064844494
202,C4_joint,Apul-Ptuh,0.406290725934275
202,C4_joint,Peve-Ptuh,0.32284879010954187
203,primary,Apul-Peve,0.2768115942028986
203,primary,Apul-Ptuh,0.4762844552803501
203,primary,Peve-Ptuh,0.3698272309316311
203,C1_cpg20,Apul-Ptuh,0.34831948243214805
203,C1_cpg20,Peve-Ptuh,0.38101673525893975
203,C2_annotated,Apul-Peve,-0.11768631813125696
203,C2_annotated,Apul-Ptuh,0.43712526831150667
203,C2_annotated,Peve-Ptuh,0.31483492454195333
203,C4_joint,Apul-Peve,0.2539361065126273
203,C4_joint,Apul-Ptuh,0.3922193652918179
203,C4_joint,Peve-Ptuh,0.3298404423937164
204,primary,Apul-Peve,0.2708870839305622
204,primary,Apul-Ptuh,0.4744756289246578
204,primary,Peve-Ptuh,0.36728488792293756
204,C1_cpg20,Apul-Ptuh,0.34386177151272873
204,C1_cpg20,Peve-Ptuh,0.37874863835705025
204,C2_annotated,Apul-Peve,-0.1617352614015573
204,C2_annotated,Apul-Ptuh,0.43070327762101146
204,C2_annotated,Peve-Ptuh,0.31795934109526464
204,C4_joint,Apul-Peve,0.2552393364094256
204,C4_joint,Apul-Ptuh,0.39988024373921327
204,C4_joint,Peve-Ptuh,0.349811560001409
205,primary,Apul-Peve,0.28762541806020064
205,primary,Apul-Ptuh,0.471716667232338
205,primary,Peve-Ptuh,0.3630119636724384
205,C1_cpg20,Apul-Ptuh,0.3507390069429833
205,C1_cpg20,Peve-Ptuh,0.3780846902674314
205,C2_annotated,Apul-Peve,-0.10211345939933258
205,C2_annotated,Apul-Ptuh,0.42828123869473983
205,C2_annotated,Peve-Ptuh,0.30562847977659996
205,C4_joint,Apul-Peve,0.26987425592617387
205,C4_joint,Apul-Ptuh,0.40549822126730306
205,C4_joint,Peve-Ptuh,0.325737029340284
206,primary,Apul-Peve,0.2724319159101768
206,primary,Apul-Ptuh,0.4779104315037879
206,primary,Peve-Ptuh,0.36995453708517995
206,C1_cpg20,Apul-Ptuh,0.3533426257100778
206,C1_cpg20,Peve-Ptuh,0.3913165635428144
206,C2_annotated,Apul-Peve,-0.10878754171301447
206,C2_annotated,Apul-Ptuh,0.4384047222825169
206,C2_annotated,Peve-Ptuh,0.3190448429980682
206,C4_joint,Apul-Peve,0.25812757564016775
206,C4_joint,Apul-Ptuh,0.3761051037300554
206,C4_joint,Peve-Ptuh,0.3450213095699342
207,primary,Apul-Peve,0.3125497690715082
207,primary,Apul-Ptuh,0.4735492498591613
207,primary,Peve-Ptuh,0.37163439147718086
207,C1_cpg20,Apul-Ptuh,0.35398695560698507
207,C1_cpg20,Peve-Ptuh,0.38468806996725774
207,C2_annotated,Apul-Peve,-0.09899888765294772
207,C2_annotated,Apul-Ptuh,0.4293490581964643
207,C2_annotated,Peve-Ptuh,0.32211337567806825
207,C4_joint,Apul-Peve,0.29303300341657573
207,C4_joint,Apul-Ptuh,0.3995104082279597
207,C4_joint,Peve-Ptuh,0.32494452467331203
208,primary,Apul-Peve,0.26579073100812234
208,primary,Apul-Ptuh,0.47121439728597886
208,primary,Peve-Ptuh,0.3595210629365964
208,C1_cpg20,Apul-Ptuh,0.34112665684830634
208,C1_cpg20,Peve-Ptuh,0.37651193379982356
208,C2_annotated,Apul-Peve,-0.1332591768631813
208,C2_annotated,Apul-Ptuh,0.4253768420037141
208,C2_annotated,Peve-Ptuh,0.29437549983256006
208,C4_joint,Apul-Peve,0.24882885421436376
208,C4_joint,Apul-Ptuh,0.3761051037300554
208,C4_joint,Peve-Ptuh,0.32698742559261745
209,primary,Apul-Peve,0.2887720974677497
209,primary,Apul-Ptuh,0.4696497221531764
209,primary,Peve-Ptuh,0.36654190742920884
209,C1_cpg20,Apul-Ptuh,0.34697822427940245
209,C1_cpg20,Peve-Ptuh,0.3808409381288279
209,C2_annotated,Apul-Peve,-0.11190211345939934
209,C2_annotated,Apul-Ptuh,0.4237657670694354
209,C2_annotated,Peve-Ptuh,0.3101669276697568
209,C4_joint,Apul-Peve,0.2670564615547181
209,C4_joint,Apul-Ptuh,0.3883096756014231
209,C4_joint,Peve-Ptuh,0.32512063682152803
210,primary,Apul-Peve,0.28971173753782453
210,primary,Apul-Ptuh,0.477674601421653
210,primary,Peve-Ptuh,0.3584615617031264
210,C1_cpg20,Apul-Ptuh,0.3548153797601515
210,C1_cpg20,Peve-Ptuh,0.3793827637192394
210,C2_annotated,Apul-Peve,-0.1252502780867631
210,C2_annotated,Apul-Ptuh,0.43220099848057303
210,C2_annotated,Peve-Ptuh,0.29646691145496623
210,C4_joint,Apul-Peve,0.27154732133422566
210,C4_joint,Apul-Ptuh,0.4030854848367441
210,C4_joint,Peve-Ptuh,0.3101511042231694
211,primary,Apul-Peve,0.2852683548335722
211,primary,Apul-Ptuh,0.47960428828801005
211,primary,Peve-Ptuh,0.3612396960095059
211,C1_cpg20,Apul-Ptuh,0.3581685251420156
211,C1_cpg20,Peve-Ptuh,0.3793686371641411
211,C2_annotated,Apul-Peve,-0.13014460511679643
211,C2_annotated,Apul-Ptuh,0.43360888020644905
211,C2_annotated,Peve-Ptuh,0.30167173220109217
211,C4_joint,Apul-Peve,0.26938114191116913
211,C4_joint,Apul-Ptuh,0.4123842062625481
211,C4_joint,Peve-Ptuh,0.3167200873516256
212,primary,Apul-Peve,0.2872431915910177
212,primary,Apul-Ptuh,0.47867660012491486
212,primary,Peve-Ptuh,0.36859633162930505
212,C1_cpg20,Apul-Ptuh,0.34784609720176723
212,C1_cpg20,Peve-Ptuh,0.38732345730170237
212,C2_annotated,Apul-Peve,-0.10211345939933258
212,C2_annotated,Apul-Ptuh,0.44004232689385714
212,C2_annotated,Peve-Ptuh,0.3132456210539952
212,C4_joint,Apul-Peve,0.26723257370293413
212,C4_joint,Apul-Ptuh,0.40104258391743874
212,C4_joint,Peve-Ptuh,0.33554647599591425
213,primary,Apul-Peve,0.2867494824016563
213,primary,Apul-Ptuh,0.47125740499238616
213,primary,Peve-Ptuh,0.361245643659952
213,C1_cpg20,Apul-Ptuh,0.3688459920050494
213,C1_cpg20,Peve-Ptuh,0.38711626782692776
213,C2_annotated,Apul-Peve,-0.08164627363737485
213,C2_annotated,Apul-Ptuh,0.42835178351783515
213,C2_annotated,Peve-Ptuh,0.30173693005328867
213,C4_joint,Apul-Peve,0.27038498115600024
213,C4_joint,Apul-Ptuh,0.38459370927406583
213,C4_joint,Peve-Ptuh,0.2997252650487831
214,primary,Apul-Peve,0.28915432393693263
214,primary,Apul-Ptuh,0.4776146524522025
214,primary,Peve-Ptuh,0.35849928302395573
214,C1_cpg20,Apul-Ptuh,0.3479907426888281
214,C1_cpg20,Peve-Ptuh,0.37962605439037633
214,C2_annotated,Apul-Peve,-0.1581757508342603
214,C2_annotated,Apul-Ptuh,0.4258579938740564
214,C2_annotated,Peve-Ptuh,0.2981527416331893
214,C4_joint,Apul-Peve,0.2714064316156529
214,C4_joint,Apul-Ptuh,0.3905462998837661
214,C4_joint,Peve-Ptuh,0.3158219153957241
215,primary,Apul-Peve,0.2735467431119605
215,primary,Apul-Ptuh,0.4722965204628607
215,primary,Peve-Ptuh,0.3687050282454581
215,C1_cpg20,Apul-Ptuh,0.3474779086892489
215,C1_cpg20,Peve-Ptuh,0.38916775755064364
215,C2_annotated,Apul-Peve,-0.1221357063403782
215,C2_annotated,Apul-Ptuh,0.44392048332248024
215,C2_annotated,Peve-Ptuh,0.31760371644692026
215,C4_joint,Apul-Peve,0.25229826353421864
215,C4_joint,Apul-Ptuh,0.3868479447712304
215,C4_joint,Peve-Ptuh,0.32466274523616645
216,primary,Apul-Peve,0.2798216276477146
216,primary,Apul-Ptuh,0.472439366112611
216,primary,Peve-Ptuh,0.36713331535556865
216,C1_cpg20,Apul-Ptuh,0.36309962129181567
216,C1_cpg20,Peve-Ptuh,0.3790500048658134
216,C2_annotated,Apul-Peve,-0.07764182424916574
216,C2_annotated,Apul-Ptuh,0.4338078527844102
216,C2_annotated,Peve-Ptuh,0.3058232266078362
216,C4_joint,Apul-Peve,0.2627064914937833
216,C4_joint,Apul-Ptuh,0.3897714064316158
216,C4_joint,Peve-Ptuh,0.3205769433975556
217,primary,Apul-Peve,0.2804586717630196
217,primary,Apul-Ptuh,0.47333282522378495
217,primary,Peve-Ptuh,0.36722586079651015
217,C1_cpg20,Apul-Ptuh,0.35023932253313694
217,C1_cpg20,Peve-Ptuh,0.38270093455010057
217,C2_annotated,Apul-Peve,-0.1746384872080089
217,C2_annotated,Apul-Ptuh,0.42683295950606565
217,C2_annotated,Peve-Ptuh,0.31965702542843244
217,C4_joint,Apul-Peve,0.25973019618893317
217,C4_joint,Apul-Ptuh,0.3991229615018845
217,C4_joint,Peve-Ptuh,0.3355993096403791
218,primary,Apul-Peve,0.26437330785156876
218,primary,Apul-Ptuh,0.4776311701836697
218,primary,Peve-Ptuh,0.3647450561444325
218,C1_cpg20,Apul-Ptuh,0.3528429413002314
218,C1_cpg20,Peve-Ptuh,0.384790095087412
218,C2_annotated,Apul-Peve,-0.11056729699666296
218,C2_annotated,Apul-Ptuh,0.4332163615753804
218,C2_annotated,Peve-Ptuh,0.31704572443916085
218,C4_joint,Apul-Peve,0.24426754957556976
218,C4_joint,Apul-Ptuh,0.3894191821351838
218,C4_joint,Peve-Ptuh,0.3125638406537284
219,primary,Apul-Peve,0.2974040452301322
219,primary,Apul-Ptuh,0.472610645077696
219,primary,Peve-Ptuh,0.36572018004357354
219,C1_cpg20,Apul-Ptuh,0.3614559225752156
219,C1_cpg20,Peve-Ptuh,0.38155668358714045
219,C2_annotated,Apul-Peve,-0.09454949944382647
219,C2_annotated,Apul-Ptuh,0.42920773177407623
219,C2_annotated,Peve-Ptuh,0.3066631781582115
219,C4_joint,Apul-Peve,0.277587968018034
219,C4_joint,Apul-Ptuh,0.39674544750096874
219,C4_joint,Peve-Ptuh,0.3178295938853863
220,primary,Apul-Peve,0.29893295110686413
220,primary,Apul-Ptuh,0.47966339019430837
220,primary,Peve-Ptuh,0.36874208871623787
220,C1_cpg20,Apul-Ptuh,0.36078529349884275
220,C1_cpg20,Peve-Ptuh,0.38708330586503176
220,C2_annotated,Apul-Peve,-0.08075639599555061
220,C2_annotated,Apul-Ptuh,0.44044630152183867
220,C2_annotated,Peve-Ptuh,0.3075522397790724
220,C4_joint,Apul-Peve,0.2778697474551795
220,C4_joint,Apul-Ptuh,0.42164770525870887
220,C4_joint,Peve-Ptuh,0.34047761614596184
221,primary,Apul-Peve,0.27596751075011944
221,primary,Apul-Ptuh,0.4706778880974881
221,primary,Peve-Ptuh,0.37285654112485056
221,C1_cpg20,Apul-Ptuh,0.3459657058699768
221,C1_cpg20,Peve-Ptuh,0.38445576661675285
221,C2_annotated,Apul-Peve,-0.1399332591768632
221,C2_annotated,Apul-Ptuh,0.42452849528495284
221,C2_annotated,Peve-Ptuh,0.32160195356473487
221,C4_joint,Apul-Peve,0.26119192701912586
221,C4_joint,Apul-Ptuh,0.39656933535275274
221,C4_joint,Peve-Ptuh,0.35365080483251743
222,primary,Apul-Peve,0.2648510909380475
222,primary,Apul-Ptuh,0.4765800803204533
222,primary,Peve-Ptuh,0.3704605103171315
222,C1_cpg20,Apul-Ptuh,0.34526877761413843
222,C1_cpg20,Peve-Ptuh,0.38261931445397723
222,C2_annotated,Apul-Peve,-0.14126807563959956
222,C2_annotated,Apul-Ptuh,0.4368672069073632
222,C2_annotated,Peve-Ptuh,0.3160118727829026
222,C4_joint,Apul-Peve,0.24639850656898318
222,C4_joint,Apul-Ptuh,0.3953189391004192
222,C4_joint,Peve-Ptuh,0.3431545207988448
223,primary,Apul-Peve,0.30654562828475873
223,primary,Apul-Ptuh,0.47111439061453253
223,primary,Peve-Ptuh,0.37038316442733005
223,C1_cpg20,Apul-Ptuh,0.3558015989901115
223,C1_cpg20,Peve-Ptuh,0.386653230743151
223,C2_annotated,Apul-Peve,-0.10211345939933258
223,C2_annotated,Apul-Ptuh,0.43337922264718765
223,C2_annotated,Peve-Ptuh,0.3125817883770857
223,C4_joint,Apul-Peve,0.28910570251135925
223,C4_joint,Apul-Ptuh,0.3954950512486352
223,C4_joint,Peve-Ptuh,0.34040717128667547
224,primary,Apul-Peve,0.2765886287625418
224,primary,Apul-Ptuh,0.4695712487822745
224,primary,Peve-Ptuh,0.36861565488475445
224,C1_cpg20,Apul-Ptuh,0.3536187670944666
224,C1_cpg20,Peve-Ptuh,0.39141387981126924
224,C2_annotated,Apul-Peve,-0.07897664071190211
224,C2_annotated,Apul-Ptuh,0.43339181921230974
224,C2_annotated,Peve-Ptuh,0.31264105915180984
224,C4_joint,Apul-Peve,0.25786340741784375
224,C4_joint,Apul-Ptuh,0.37989151491669904
224,C4_joint,Peve-Ptuh,0.3245923003768801
225,primary,Apul-Peve,0.30031852205765247
225,primary,Apul-Ptuh,0.4794547816416542
225,primary,Peve-Ptuh,0.3688905156373709
225,C1_cpg20,Apul-Ptuh,0.36148222175468125
225,C1_cpg20,Peve-Ptuh,0.3892729219052642
225,C2_annotated,Apul-Peve,-0.08209121245828699
225,C2_annotated,Apul-Ptuh,0.43281359284181076
225,C2_annotated,Peve-Ptuh,0.3206832565565119
225,C4_joint,Apul-Peve,0.27941953435948014
225,C4_joint,Apul-Ptuh,0.3966573914268607
225,C4_joint,Peve-Ptuh,0.3373956535521821
226,primary,Apul-Peve,0.2866061474757127
226,primary,Apul-Ptuh,0.4800843035751899
226,primary,Peve-Ptuh,0.36789432383864956
226,C1_cpg20,Apul-Ptuh,0.3356169787502629
226,C1_cpg20,Peve-Ptuh,0.3860897381564532
226,C2_annotated,Apul-Peve,-0.11724137931034483
226,C2_annotated,Apul-Ptuh,0.4262420712442418
226,C2_annotated,Peve-Ptuh,0.3169585117277812
226,C4_joint,Apul-Peve,0.2680779120143708
226,C4_joint,Apul-Ptuh,0.3925187559437851
226,C4_joint,Peve-Ptuh,0.33130217322390904
227,primary,Apul-Peve,0.27440675266762227
227,primary,Apul-Ptuh,0.47379613482577265
227,primary,Peve-Ptuh,0.36576683605707305
227,C1_cpg20,Apul-Ptuh,0.3371554807490006
227,C1_cpg20,Peve-Ptuh,0.3851762209267648
227,C2_annotated,Apul-Peve,-0.11813125695216907
227,C2_annotated,Apul-Ptuh,0.43136591660034246
227,C2_annotated,Peve-Ptuh,0.3085132730549554
227,C4_joint,Apul-Peve,0.2561903420097919
227,C4_joint,Apul-Ptuh,0.3773554999823889
227,C4_joint,Peve-Ptuh,0.33230601246874014
228,primary,Apul-Peve,0.28856505813027555
228,primary,Apul-Ptuh,0.475798279533882
228,primary,Peve-Ptuh,0.3677080962946812
228,C1_cpg20,Apul-Ptuh,0.3550126236061435
228,C1_cpg20,Peve-Ptuh,0.3888663910418806
228,C2_annotated,Apul-Peve,-0.06874304783092325
228,C2_annotated,Apul-Ptuh,0.436280539275981
228,C2_annotated,Peve-Ptuh,0.3125377586587193
228,C4_joint,Apul-Peve,0.2679546335106196
228,C4_joint,Apul-Ptuh,0.39052868866894447
228,C4_joint,Peve-Ptuh,0.32149272656827876
229,primary,Apul-Peve,0.2840420449116101
229,primary,Apul-Ptuh,0.47696309221638766
229,primary,Peve-Ptuh,0.36756778461215683
229,C1_cpg20,Apul-Ptuh,0.3627840311382285
229,C1_cpg20,Peve-Ptuh,0.39031357813083706
229,C2_annotated,Apul-Peve,-0.09543937708565071
229,C2_annotated,Apul-Ptuh,0.4316004630634542
229,C2_annotated,Peve-Ptuh,0.31595006183211893
229,C4_joint,Apul-Peve,0.26770807650311723
229,C4_joint,Apul-Ptuh,0.38602021767461525
229,C4_joint,Peve-Ptuh,0.32515585925117124
230,primary,Apul-Peve,0.2627966236661889
230,primary,Apul-Ptuh,0.472979599889335
230,primary,Peve-Ptuh,0.3688680996036896
230,C1_cpg20,Apul-Ptuh,0.34504523458868075
230,C1_cpg20,Peve-Ptuh,0.3796935479314015
230,C2_annotated,Apul-Peve,-0.14260289210233593
230,C2_annotated,Apul-Ptuh,0.4299128138340207
230,C2_annotated,Peve-Ptuh,0.3061263542842821
230,C4_joint,Apul-Peve,0.2452890000352225
230,C4_joint,Apul-Ptuh,0.39383959705540494
230,C4_joint,Peve-Ptuh,0.33230601246874014
231,primary,Apul-Peve,0.2753623188405797
231,primary,Apul-Ptuh,0.4756787666236866
231,primary,Peve-Ptuh,0.3719037803913869
231,C1_cpg20,Apul-Ptuh,0.338181148748159
231,C1_cpg20,Peve-Ptuh,0.38352341398026674
231,C2_annotated,Apul-Peve,-0.11590656284760845
231,C2_annotated,Apul-Ptuh,0.42925861611557287
231,C2_annotated,Peve-Ptuh,0.31542085848636836
231,C4_joint,Apul-Peve,0.2563840653728295
231,C4_joint,Apul-Ptuh,0.3971152830122223
231,C4_joint,Peve-Ptuh,0.33376774329893283
232,primary,Apul-Peve,0.28197165153686893
232,primary,Apul-Ptuh,0.47194655316379674
232,primary,Peve-Ptuh,0.3626638014323238
232,C1_cpg20,Apul-Ptuh,0.344506101409636
232,C1_cpg20,Peve-Ptuh,0.3834104015394806
232,C2_annotated,Apul-Peve,-0.1488320355951057
232,C2_annotated,Apul-Ptuh,0.42002267081494343
232,C2_annotated,Peve-Ptuh,0.30360141928103707
232,C4_joint,Apul-Peve,0.2649431157761263
232,C4_joint,Apul-Ptuh,0.3836603148885211
232,C4_joint,Peve-Ptuh,0.3320418442464162
233,primary,Apul-Peve,0.2993311036789298
233,primary,Apul-Ptuh,0.4751300282860379
233,primary,Peve-Ptuh,0.3721956910752822
233,C1_cpg20,Apul-Ptuh,0.3457947612034504
233,C1_cpg20,Peve-Ptuh,0.381418557270624
233,C2_annotated,Apul-Peve,-0.11368186874304782
233,C2_annotated,Apul-Ptuh,0.42926832797740755
233,C2_annotated,Peve-Ptuh,0.3187908253921079
233,C4_joint,Apul-Peve,0.281532880138072
233,C4_joint,Apul-Ptuh,0.4077700679792893
233,C4_joint,Peve-Ptuh,0.3360572012257406
234,primary,Apul-Peve,0.30259595476986784
234,primary,Apul-Ptuh,0.4735805380000378
234,primary,Peve-Ptuh,0.36284590527198285
234,C1_cpg20,Apul-Ptuh,0.3536845150431306
234,C1_cpg20,Peve-Ptuh,0.3783295505558015
234,C2_annotated,Apul-Peve,-0.07808676307007786
234,C2_annotated,Apul-Ptuh,0.4282972813558644
234,C2_annotated,Peve-Ptuh,0.31255977351790254
234,C4_joint,Apul-Peve,0.283857560494523
234,C4_joint,Apul-Ptuh,0.3934697615441514
234,C4_joint,Peve-Ptuh,0.316262195766264
235,primary,Apul-Peve,0.2628921802834846
235,primary,Apul-Ptuh,0.4706743175207371
235,primary,Peve-Ptuh,0.36755078754888193
235,C1_cpg20,Apul-Ptuh,0.35398695560698507
235,C1_cpg20,Peve-Ptuh,0.3961384276830252
235,C2_annotated,Apul-Peve,-0.11946607341490545
235,C2_annotated,Apul-Ptuh,0.4323354557074982
235,C2_annotated,Peve-Ptuh,0.3181134451095472
235,C4_joint,Apul-Peve,0.24456694022753694
235,C4_joint,Apul-Ptuh,0.3747490401887923
235,C4_joint,Peve-Ptuh,0.32950582931210604
236,primary,Apul-Peve,0.2793438445612359
236,primary,Apul-Ptuh,0.4735347727798336
236,primary,Peve-Ptuh,0.360927193238066
236,C1_cpg20,Apul-Ptuh,0.3365243004418262
236,C1_cpg20,Peve-Ptuh,0.3816053417213678
236,C2_annotated,Apul-Peve,-0.10166852057842046
236,C2_annotated,Apul-Ptuh,0.4323975592697103
236,C2_annotated,Peve-Ptuh,0.30445153153565074
236,C4_joint,Apul-Peve,0.2606107569300131
236,C4_joint,Apul-Ptuh,0.40414215772604
236,C4_joint,Peve-Ptuh,0.31300412102426833
237,primary,Apul-Peve,0.2850135371874502
237,primary,Apul-Ptuh,0.47529539354159395
237,primary,Peve-Ptuh,0.3665421453352267
237,C1_cpg20,Apul-Ptuh,0.3476620029455081
237,C1_cpg20,Peve-Ptuh,0.3868823948591896
237,C2_annotated,Apul-Peve,-0.06562847608453838
237,C2_annotated,Apul-Ptuh,0.4343613583194655
237,C2_annotated,Peve-Ptuh,0.3038909993518317
237,C4_joint,Apul-Peve,0.26418583353879754
237,C4_joint,Apul-Ptuh,0.38299108872530035
237,C4_joint,Peve-Ptuh,0.3282025994153077
238,primary,Apul-Peve,0.2526994744386049
238,primary,Apul-Ptuh,0.47905273466734355
238,primary,Peve-Ptuh,0.36436874169220623
238,C1_cpg20,Apul-Ptuh,0.3394698085419735
238,C1_cpg20,Peve-Ptuh,0.37868742328495775
238,C2_annotated,Apul-Peve,-0.19555061179087876
238,C2_annotated,Apul-Ptuh,0.4402310493693172
238,C2_annotated,Peve-Ptuh,0.2992907405078913
238,C4_joint,Apul-Peve,0.2361487795428129
238,C4_joint,Apul-Ptuh,0.4070303969567821
238,C4_joint,Peve-Ptuh,0.31409601634320744
239,primary,Apul-Peve,0.2985029463290333
239,primary,Apul-Ptuh,0.4714566573474961
239,primary,Peve-Ptuh,0.3664208925681319
239,C1_cpg20,Apul-Ptuh,0.37400063118030713
239,C1_cpg20,Peve-Ptuh,0.3851746513095317
239,C2_annotated,Apul-Peve,-0.07230255839822025
239,C2_annotated,Apul-Ptuh,0.4289957311337819
239,C2_annotated,Peve-Ptuh,0.3158501482404412
239,C4_joint,Apul-Peve,0.283681448346307
239,C4_joint,Apul-Ptuh,0.3910041914691276
239,C4_joint,Peve-Ptuh,0.30946426684512707
240,primary,Apul-Peve,0.25027870680044595
240,primary,Apul-Ptuh,0.47569670896136407
240,primary,Peve-Ptuh,0.36798890469774376
240,C1_cpg20,Apul-Ptuh,0.345360824742268
240,C1_cpg20,Peve-Ptuh,0.38111719076186085
240,C2_annotated,Apul-Peve,-0.16974416017797553
240,C2_annotated,Apul-Ptuh,0.4320731736729132
240,C2_annotated,Peve-Ptuh,0.31376974404762664
240,C4_joint,Apul-Peve,0.2353386636610194
240,C4_joint,Apul-Ptuh,0.38984185129090215
240,C4_joint,Peve-Ptuh,0.3222323975907859
241,primary,Apul-Peve,0.2776875298614429
241,primary,Apul-Ptuh,0.4730515232515274
241,primary,Peve-Ptuh,0.3661871631226006
241,C1_cpg20,Apul-Ptuh,0.3466889333052809
241,C1_cpg20,Peve-Ptuh,0.3884739867335952
241,C2_annotated,Apul-Peve,-0.09410456062291435
241,C2_annotated,Apul-Ptuh,0.43955333670983765
241,C2_annotated,Peve-Ptuh,0.3054591347059598
241,C4_joint,Apul-Peve,0.25803951956605975
241,C4_joint,Apul-Ptuh,0.38857384382374704
241,C4_joint,Peve-Ptuh,0.33228840125391856
242,primary,Apul-Peve,0.26744704570791533
242,primary,Apul-Ptuh,0.4747028343637889
242,primary,Peve-Ptuh,0.37097155887746375
242,C1_cpg20,Apul-Ptuh,0.3549863244266778
242,C1_cpg20,Peve-Ptuh,0.378058006774468
242,C2_annotated,Apul-Peve,-0.1403781979977753
242,C2_annotated,Apul-Ptuh,0.4351922195692545
242,C2_annotated,Peve-Ptuh,0.31355636925862
242,C4_joint,Apul-Peve,0.24641611778380476
242,C4_joint,Apul-Ptuh,0.38892606812017905
242,C4_joint,Peve-Ptuh,0.32478602373991766
243,primary,Apul-Peve,0.3021340977862717
243,primary,Apul-Ptuh,0.4765489314981762
243,primary,Peve-Ptuh,0.37094459619544135
243,C1_cpg20,Apul-Ptuh,0.35184357248053855
243,C1_cpg20,Peve-Ptuh,0.3834339457979777
243,C2_annotated,Apul-Peve,-0.11635150166852058
243,C2_annotated,Apul-Ptuh,0.43379941152352697
243,C2_annotated,Peve-Ptuh,0.31067242270561773
243,C4_joint,Apul-Peve,0.2834877249832694
243,C4_joint,Apul-Ptuh,0.42096086788066656
243,C4_joint,Peve-Ptuh,0.3461308161036949
244,primary,Apul-Peve,0.29334288899506294
244,primary,Apul-Ptuh,0.4759535231079502
244,primary,Peve-Ptuh,0.35825844283189107
244,C1_cpg20,Apul-Ptuh,0.34090311382284866
244,C1_cpg20,Peve-Ptuh,0.3774945141877702
244,C2_annotated,Apul-Peve,-0.12258064516129032
244,C2_annotated,Apul-Ptuh,0.4304084364373055
244,C2_annotated,Peve-Ptuh,0.30226105304692
244,C4_joint,Apul-Peve,0.2762319044767709
244,C4_joint,Apul-Ptuh,0.4082103483498293
244,C4_joint,Peve-Ptuh,0.3066640836884929
245,primary,Apul-Peve,0.2600732600732601
245,primary,Apul-Ptuh,0.4773919903517967
245,primary,Peve-Ptuh,0.36429419780661487
245,C1_cpg20,Apul-Ptuh,0.34734641279192086
245,C1_cpg20,Peve-Ptuh,0.3790405871624146
245,C2_annotated,Apul-Peve,-0.1150166852057842
245,C2_annotated,Apul-Ptuh,0.42673829679473263
245,C2_annotated,Peve-Ptuh,0.3040594976971187
245,C4_joint,Apul-Peve,0.2428586523898419
245,C4_joint,Apul-Ptuh,0.4096720791800219
245,C4_joint,Peve-Ptuh,0.322443732168645
246,primary,Apul-Peve,0.31705685618729096
246,primary,Apul-Ptuh,0.4773770897408928
246,primary,Peve-Ptuh,0.36506652004254453
246,C1_cpg20,Apul-Ptuh,0.3571691563223227
246,C1_cpg20,Peve-Ptuh,0.38904846664092496
246,C2_annotated,Apul-Peve,-0.06162402669632925
246,C2_annotated,Apul-Ptuh,0.4339380893808938
246,C2_annotated,Peve-Ptuh,0.3165207547201763
246,C4_joint,Apul-Peve,0.2978584762776937
246,C4_joint,Apul-Ptuh,0.41252509598112086
246,C4_joint,Peve-Ptuh,0.35766616181184185
247,primary,Apul-Peve,0.2765089982481287
247,primary,Apul-Ptuh,0.462124743301348
247,primary,Peve-Ptuh,0.3698864959640764
247,C1_cpg20,Apul-Ptuh,0.3493977487902377
247,C1_cpg20,Peve-Ptuh,0.3880093800325852
247,C2_annotated,Apul-Peve,-0.05272525027808676
247,C2_annotated,Apul-Ptuh,0.42906242147554047
247,C2_annotated,Peve-Ptuh,0.3196350105692492
247,C4_joint,Apul-Peve,0.26124476066359065
247,C4_joint,Apul-Ptuh,0.37334014300306445
247,C4_joint,Peve-Ptuh,0.35016378429784095
248,primary,Apul-Peve,0.2890428412167543
248,primary,Apul-Ptuh,0.4764408539405349
248,primary,Peve-Ptuh,0.3638338760960875
248,C1_cpg20,Apul-Ptuh,0.36630812118661893
248,C1_cpg20,Peve-Ptuh,0.3855544986799519
248,C2_annotated,Apul-Peve,-0.0967741935483871
248,C2_annotated,Apul-Ptuh,0.43222391047439884
248,C2_annotated,Peve-Ptuh,0.3087977727736309
248,C4_joint,Apul-Peve,0.27066676059314576
248,C4_joint,Apul-Ptuh,0.4057800007044487
248,C4_joint,Peve-Ptuh,0.32711070409636867
249,primary,Apul-Peve,0.2784360566969263
249,primary,Apul-Ptuh,0.47191264684345097
249,primary,Peve-Ptuh,0.3636322639629652
249,C1_cpg20,Apul-Ptuh,0.3540132547864506
249,C1_cpg20,Peve-Ptuh,0.38260047904717953
249,C2_annotated,Apul-Peve,-0.12258064516129032
249,C2_annotated,Apul-Ptuh,0.4254347249354847
249,C2_annotated,Peve-Ptuh,0.3065412497073506
249,C4_joint,Apul-Peve,0.2585678560107077
249,C4_joint,Apul-Ptuh,0.38755239336409436
249,C4_joint,Peve-Ptuh,0.3135676798985595
250,primary,Apul-Peve,0.27494824016563146
250,primary,Apul-Ptuh,0.4713853500312326
250,primary,Peve-Ptuh,0.3638134426125549
250,C1_cpg20,Apul-Ptuh,0.3506469598148537
250,C1_cpg20,Peve-Ptuh,0.3895962630552914
250,C2_annotated,Apul-Peve,-0.08164627363737485
250,C2_annotated,Apul-Ptuh,0.4280973397969274
250,C2_annotated,Peve-Ptuh,0.3105860567195912
250,C4_joint,Apul-Peve,0.255045613046388
250,C4_joint,Apul-Ptuh,0.3915501391285972
250,C4_joint,Peve-Ptuh,0.32276073403543387
251,primary,Apul-Peve,0.29848702022615065
251,primary,Apul-Ptuh,0.47641948484737817
251,primary,Peve-Ptuh,0.3655991387484946
251,C1_cpg20,Apul-Ptuh,0.34695192509993683
251,C1_cpg20,Peve-Ptuh,0.3879371776398607
251,C2_annotated,Apul-Peve,-0.09543937708565071
251,C2_annotated,Apul-Ptuh,0.424642452306876
251,C2_annotated,Peve-Ptuh,0.3042093680846353
251,C4_joint,Apul-Peve,0.2807755979007433
251,C4_joint,Apul-Ptuh,0.3966221689972176
251,C4_joint,Peve-Ptuh,0.3210348349829172
252,primary,Apul-Peve,0.2663640707118968
252,primary,Apul-Ptuh,0.4699883638527445
252,primary,Peve-Ptuh,0.36517188597444766
252,C1_cpg20,Apul-Ptuh,0.3534741216074058
252,C1_cpg20,Peve-Ptuh,0.388295050369017
252,C2_annotated,Apul-Peve,-0.12791991101223582
252,C2_annotated,Apul-Ptuh,0.42860829450861226
252,C2_annotated,Peve-Ptuh,0.3106554881985537
252,C4_joint,Apul-Peve,0.2537599943644113
252,C4_joint,Apul-Ptuh,0.37013490190553355
252,C4_joint,Peve-Ptuh,0.32059455461237724
253,primary,Apul-Peve,0.28751393534002234
253,primary,Apul-Ptuh,0.4744317741550983
253,primary,Peve-Ptuh,0.3700523693265181
253,C1_cpg20,Apul-Ptuh,0.34398011782032395
253,C1_cpg20,Peve-Ptuh,0.37895268859735864
253,C2_annotated,Apul-Peve,-0.13370411568409343
253,C2_annotated,Apul-Ptuh,0.42916757108747555
253,C2_annotated,Peve-Ptuh,0.3139534834492712
253,C4_joint,Apul-Peve,0.27015603536331945
253,C4_joint,Apul-Ptuh,0.40718889789017654
253,C4_joint,Peve-Ptuh,0.32954105174174925
254,primary,Apul-Peve,0.2895684026118809
254,primary,Apul-Ptuh,0.4757638579676079
254,primary,Peve-Ptuh,0.3695636046298573
254,C1_cpg20,Apul-Ptuh,0.3675967809804334
254,C1_cpg20,Peve-Ptuh,0.3883138857758147
254,C2_annotated,Apul-Peve,-0.0967741935483871
254,C2_annotated,Apul-Ptuh,0.43306080119624724
254,C2_annotated,Peve-Ptuh,0.3165190612694699
254,C4_joint,Apul-Peve,0.2738543904758551
254,C4_joint,Apul-Ptuh,0.39396287555915616
254,C4_joint,Peve-Ptuh,0.33151350780176825
255,primary,Apul-Peve,0.27822901735945216
255,primary,Apul-Ptuh,0.4687445536486389
255,primary,Peve-Ptuh,0.36667376023109877
255,C1_cpg20,Apul-Ptuh,0.35694561329686514
255,C1_cpg20,Peve-Ptuh,0.3700796423784096
255,C2_annotated,Apul-Peve,-0.13014460511679643
255,C2_annotated,Apul-Ptuh,0.4276445264452644
255,C2_annotated,Peve-Ptuh,0.3086741508720636
255,C4_joint,Apul-Peve,0.2627241027086049
255,C4_joint,Apul-Ptuh,0.3868479447712304
255,C4_joint,Peve-Ptuh,0.31959071536754613
256,primary,Apul-Peve,0.28953655040611564
256,primary,Apul-Ptuh,0.4711726216714292
256,primary,Peve-Ptuh,0.36863064296387865
256,C1_cpg20,Apul-Ptuh,0.36037765621712603
256,C1_cpg20,Peve-Ptuh,0.3831200223513494
256,C2_annotated,Apul-Peve,-0.09499443826473859
256,C2_annotated,Apul-Ptuh,0.43460555193787226
256,C2_annotated,Peve-Ptuh,0.31539969035253834
256,C4_joint,Apul-Peve,0.271881934415836
256,C4_joint,Apul-Ptuh,0.39850656898312853
256,C4_joint,Peve-Ptuh,0.3245394667324153
257,primary,Apul-Peve,0.2563943303073738
257,primary,Apul-Ptuh,0.476649385487448
257,primary,Peve-Ptuh,0.37073560897576585
257,C1_cpg20,Apul-Ptuh,0.35160687986534817
257,C1_cpg20,Peve-Ptuh,0.390002793918675
257,C2_annotated,Apul-Peve,-0.13236929922135707
257,C2_annotated,Apul-Ptuh,0.43977100065118296
257,C2_annotated,Peve-Ptuh,0.31788821616559576
257,C4_joint,Apul-Peve,0.2410270860483957
257,C4_joint,Apul-Ptuh,0.39401570920362095
257,C4_joint,Peve-Ptuh,0.3316191750906978
258,primary,Apul-Peve,0.2788660614747571
258,primary,Apul-Ptuh,0.47752896891034674
258,primary,Peve-Ptuh,0.37120571126702684
258,C1_cpg20,Apul-Ptuh,0.35160687986534817
258,C1_cpg20,Peve-Ptuh,0.38078600152566794
258,C2_annotated,Apul-Peve,-0.12480533926585095
258,C2_annotated,Apul-Ptuh,0.4327846513759255
258,C2_annotated,Peve-Ptuh,0.31654615648077233
258,C4_joint,Apul-Peve,0.2592018597442852
258,C4_joint,Apul-Ptuh,0.4154837800711494
258,C4_joint,Peve-Ptuh,0.33936810961220115
259,primary,Apul-Peve,0.2887880235706323
259,primary,Apul-Ptuh,0.46891084754655565
259,primary,Peve-Ptuh,0.36395042361082947
259,C1_cpg20,Apul-Ptuh,0.3585761624237323
259,C1_cpg20,Peve-Ptuh,0.3855121190146571
259,C2_annotated,Apul-Peve,-0.08164627363737485
259,C2_annotated,Apul-Ptuh,0.4319947905361406
259,C2_annotated,Peve-Ptuh,0.30034322012192
259,C4_joint,Apul-Peve,0.270790039096897
259,C4_joint,Apul-Ptuh,0.3855975485188969
259,C4_joint,Peve-Ptuh,0.31846359761896387
260,primary,Apul-Peve,0.2572224876572703
260,primary,Apul-Ptuh,0.4726346911749245
260,primary,Peve-Ptuh,0.3640535426525641
260,C1_cpg20,Apul-Ptuh,0.35089680201977697
260,C1_cpg20,Peve-Ptuh,0.37956170008381757
260,C2_annotated,Apul-Peve,-0.11323692992213572
260,C2_annotated,Apul-Ptuh,0.43109519330487417
260,C2_annotated,Peve-Ptuh,0.31112118714281417
260,C4_joint,Apul-Peve,0.23609594589834815
260,C4_joint,Apul-Ptuh,0.39075763446162526
260,C4_joint,Peve-Ptuh,0.3064351378958121
261,primary,Apul-Peve,0.2548494983277592
261,primary,Apul-Ptuh,0.4696109067389438
261,primary,Peve-Ptuh,0.36049441575760466
261,C1_cpg20,Apul-Ptuh,0.3480696402272249
261,C1_cpg20,Peve-Ptuh,0.38733758385680067
261,C2_annotated,Apul-Peve,-0.09187986651835373
261,C2_annotated,Apul-Ptuh,0.42889021537274197
261,C2_annotated,Peve-Ptuh,0.3008360142774829
261,C4_joint,Apul-Peve,0.23824451410658315
261,C4_joint,Apul-Ptuh,0.3685146701419465
261,C4_joint,Peve-Ptuh,0.320823500405058
262,primary,Apul-Peve,0.2526357700270744
262,primary,Apul-Ptuh,0.47143070641274354
262,primary,Peve-Ptuh,0.3689808670561479
262,C1_cpg20,Apul-Ptuh,0.3490164106879865
262,C1_cpg20,Peve-Ptuh,0.38919601066084025
262,C2_annotated,Apul-Peve,-0.12347052280311457
262,C2_annotated,Apul-Ptuh,0.4279254998432337
262,C2_annotated,Peve-Ptuh,0.31909564651926026
262,C4_joint,Apul-Peve,0.23650100383924488
262,C4_joint,Apul-Ptuh,0.38522771300764336
262,C4_joint,Peve-Ptuh,0.3409883413757882
263,primary,Apul-Peve,0.24972129319955408
263,primary,Apul-Ptuh,0.46413448944875996
263,primary,Peve-Ptuh,0.36999733373439003
263,C1_cpg20,Apul-Ptuh,0.3473858615611193
263,C1_cpg20,Peve-Ptuh,0.38639895275138203
263,C2_annotated,Apul-Peve,-0.16974416017797553
263,C2_annotated,Apul-Ptuh,0.4212418300653595
263,C2_annotated,Peve-Ptuh,0.3205164516619314
263,C4_joint,Apul-Peve,0.22875206931774159
263,C4_joint,Apul-Ptuh,0.3650804832517348
263,C4_joint,Peve-Ptuh,0.32168644993131634
264,primary,Apul-Peve,0.30367892976588634
264,primary,Apul-Ptuh,0.4740629936609452
264,primary,Peve-Ptuh,0.3652441301018665
264,C1_cpg20,Apul-Ptuh,0.36316536924047965
264,C1_cpg20,Peve-Ptuh,0.3873752546703961
264,C2_annotated,Apul-Peve,-0.05717463848720801
264,C2_annotated,Apul-Ptuh,0.4374942720015435
264,C2_annotated,Peve-Ptuh,0.30411622829578316
264,C4_joint,Apul-Peve,0.287978584762777
264,C4_joint,Apul-Ptuh,0.4115036455214681
264,C4_joint,Peve-Ptuh,0.323500405057941
265,primary,Apul-Peve,0.2622869883739449
265,primary,Apul-Ptuh,0.47573498081469345
265,primary,Peve-Ptuh,0.3668336595090923
265,C1_cpg20,Apul-Ptuh,0.366834104775931
265,C1_cpg20,Peve-Ptuh,0.3826177448367441
265,C2_annotated,Apul-Peve,-0.10745272525027809
265,C2_annotated,Apul-Ptuh,0.43012143356727683
265,C2_annotated,Peve-Ptuh,0.3093955608729908
265,C4_joint,Apul-Peve,0.24659222993202076
265,C4_joint,Apul-Ptuh,0.3790990102497271
265,C4_joint,Peve-Ptuh,0.3264590891479695
266,primary,Apul-Peve,0.26942188246536075
266,primary,Apul-Ptuh,0.4651543964642736
266,primary,Peve-Ptuh,0.36827944081353603
266,C1_cpg20,Apul-Ptuh,0.35268514622343783
266,C1_cpg20,Peve-Ptuh,0.38006083836395654
266,C2_annotated,Apul-Peve,-0.09276974416017797
266,C2_annotated,Apul-Ptuh,0.4246717592600317
266,C2_annotated,Peve-Ptuh,0.3122947484823506
266,C4_joint,Apul-Peve,0.25516889155013917
266,C4_joint,Apul-Ptuh,0.3865485541192632
266,C4_joint,Peve-Ptuh,0.3222323975907859
267,primary,Apul-Peve,0.2755852842809365
267,primary,Apul-Ptuh,0.4748746341721948
267,primary,Peve-Ptuh,0.3691153103902321
267,C1_cpg20,Apul-Ptuh,0.3577082895013675
267,C1_cpg20,Peve-Ptuh,0.38708958433396434
267,C2_annotated,Apul-Peve,-0.1056729699666296
267,C2_annotated,Apul-Ptuh,0.43239876516412223
267,C2_annotated,Peve-Ptuh,0.3155749625006509
267,C4_joint,Apul-Peve,0.25525694762424717
267,C4_joint,Apul-Ptuh,0.3979253988940158
267,C4_joint,Peve-Ptuh,0.3405832834348914
268,primary,Apul-Peve,0.29853479853479853
268,primary,Apul-Ptuh,0.4738998808114754
268,primary,Peve-Ptuh,0.36905575458376505
268,C1_cpg20,Apul-Ptuh,0.362284346728382
268,C1_cpg20,Peve-Ptuh,0.39192086617757393
268,C2_annotated,Apul-Peve,-0.07764182424916574
268,C2_annotated,Apul-Ptuh,0.42562224151653283
268,C2_annotated,Peve-Ptuh,0.31644793633980106
268,C4_joint,Apul-Peve,0.2772533549364236
268,C4_joint,Apul-Ptuh,0.38205769433975567
268,C4_joint,Peve-Ptuh,0.332006621816773
269,primary,Apul-Peve,0.25268354833572226
269,primary,Apul-Ptuh,0.47499695779194046
269,primary,Peve-Ptuh,0.36645541537472137
269,C1_cpg20,Apul-Ptuh,0.35457868714496105
269,C1_cpg20,Peve-Ptuh,0.3825549601474184
269,C2_annotated,Apul-Peve,-0.1546162402669633
269,C2_annotated,Apul-Ptuh,0.43753286062272384
269,C2_annotated,Peve-Ptuh,0.30854290844231747
269,C4_joint,Apul-Peve,0.2352153851572682
269,C4_joint,Apul-Ptuh,0.40104258391743874
269,C4_joint,Peve-Ptuh,0.3435595787397415
270,primary,Apul-Peve,0.26618888358018794
270,primary,Apul-Ptuh,0.4748714136440029
270,primary,Peve-Ptuh,0.37482894061679434
270,C1_cpg20,Apul-Ptuh,0.3524879023774458
270,C1_cpg20,Peve-Ptuh,0.3896245161654879
270,C2_annotated,Apul-Peve,-0.11813125695216907
270,C2_annotated,Apul-Ptuh,0.4392040612124446
270,C2_annotated,Peve-Ptuh,0.3295222225185761
270,C4_joint,Apul-Peve,0.24914585608115253
270,C4_joint,Apul-Ptuh,0.39435032228523126
270,C4_joint,Peve-Ptuh,0.332182733964989
271,primary,Apul-Peve,0.2693581780538302
271,primary,Apul-Ptuh,0.4755654141727796
271,primary,Peve-Ptuh,0.36511790774239894
271,C1_cpg20,Apul-Ptuh,0.34279665474437193
271,C1_cpg20,Peve-Ptuh,0.3786356259162641
271,C2_annotated,Apul-Peve,-0.10344827586206896
271,C2_annotated,Apul-Ptuh,0.43150218266888546
271,C2_annotated,Peve-Ptuh,0.30740998991973467
271,C4_joint,Apul-Peve,0.24907541122186613
271,C4_joint,Apul-Ptuh,0.38399492797013146
271,C4_joint,Peve-Ptuh,0.32681131344440145
272,primary,Apul-Peve,0.2707596751075012
272,primary,Apul-Ptuh,0.47264131366865964
272,primary,Peve-Ptuh,0.36937634615981163
272,C1_cpg20,Apul-Ptuh,0.35385545970965704
272,C1_cpg20,Peve-Ptuh,0.3885100879299574
272,C2_annotated,Apul-Peve,-0.13236929922135707
272,C2_annotated,Apul-Ptuh,0.4213196102549261
272,C2_annotated,Peve-Ptuh,0.31674937056554053
272,C4_joint,Apul-Peve,0.25344299249762253
272,C4_joint,Apul-Ptuh,0.38161741396921567
272,C4_joint,Peve-Ptuh,0.31871015462646624
273,primary,Apul-Peve,0.26082178690874347
273,primary,Apul-Ptuh,0.47757268432330024
273,primary,Peve-Ptuh,0.3639883035356707
273,C1_cpg20,Apul-Ptuh,0.3403771302335367
273,C1_cpg20,Peve-Ptuh,0.3810763807137991
273,C2_annotated,Apul-Peve,-0.10611790878754171
273,C2_annotated,Apul-Ptuh,0.4330614041434532
273,C2_annotated,Peve-Ptuh,0.30784859365269274
273,C4_joint,Apul-Peve,0.2396710225071326
273,C4_joint,Apul-Ptuh,0.36685921594871623
273,C4_joint,Peve-Ptuh,0.33006938818639714
274,primary,Apul-Peve,0.30237298932951107
274,primary,Apul-Ptuh,0.47586723817504173
274,primary,Peve-Ptuh,0.3664064596030493
274,C1_cpg20,Apul-Ptuh,0.3561434883231643
274,C1_cpg20,Peve-Ptuh,0.38094610248344835
274,C2_annotated,Apul-Peve,-0.11813125695216907
274,C2_annotated,Apul-Ptuh,0.4319965993777585
274,C2_annotated,Peve-Ptuh,0.3104260256278362
274,C4_joint,Apul-Peve,0.28424500722059814
274,C4_joint,Apul-Ptuh,0.4058328343489135
274,C4_joint,Peve-Ptuh,0.32603641999225114
275,primary,Apul-Peve,0.24640866379996815
275,primary,Apul-Ptuh,0.4691965388460562
275,primary,Peve-Ptuh,0.3687942958701537
275,C1_cpg20,Apul-Ptuh,0.34098201136124545
275,C1_cpg20,Peve-Ptuh,0.38339470536714915
275,C2_annotated,Apul-Peve,-0.1403781979977753
275,C2_annotated,Apul-Ptuh,0.43402973735619704
275,C2_annotated,Peve-Ptuh,0.31014575953592677
275,C4_joint,Apul-Peve,0.22822373287309367
275,C4_joint,Apul-Ptuh,0.37797189250114477
275,C4_joint,Peve-Ptuh,0.32413440879151856
276,primary,Apul-Peve,0.28300684822423955
276,primary,Apul-Ptuh,0.4739009350787891
276,primary,Peve-Ptuh,0.36147794566937624
276,C1_cpg20,Apul-Ptuh,0.35104144750683774
276,C1_cpg20,Peve-Ptuh,0.3823791630173066
276,C2_annotated,Apul-Peve,-0.08832035595105674
276,C2_annotated,Apul-Ptuh,0.43463811108699324
276,C2_annotated,Peve-Ptuh,0.3066589445314455
276,C4_joint,Apul-Peve,0.2649078933464831
276,C4_joint,Apul-Ptuh,0.39558310732274327
276,C4_joint,Peve-Ptuh,0.3333979077876793
277,primary,Apul-Peve,0.2712852365026278
277,primary,Apul-Ptuh,0.47576559059678275
277,primary,Peve-Ptuh,0.37195942396556053
277,C1_cpg20,Apul-Ptuh,0.3409688617715127
277,C1_cpg20,Peve-Ptuh,0.3845986017849687
277,C2_annotated,Apul-Peve,-0.12747497219132367
277,C2_annotated,Apul-Ptuh,0.43131466608783736
277,C2_annotated,Peve-Ptuh,0.31258940890526454
277,C4_joint,Apul-Peve,0.25493994575745843
277,C4_joint,Apul-Ptuh,0.3974675073086542
277,C4_joint,Peve-Ptuh,0.33773026663379246
278,primary,Apul-Peve,0.2618729096989967
278,primary,Apul-Ptuh,0.47093013059268873
278,primary,Peve-Ptuh,0.36802160355819646
278,C1_cpg20,Apul-Ptuh,0.34398011782032395
278,C1_cpg20,Peve-Ptuh,0.3833130852710258
278,C2_annotated,Apul-Peve,-0.1439377085650723
278,C2_annotated,Apul-Ptuh,0.43432337264549115
278,C2_annotated,Peve-Ptuh,0.308671610696004
278,C4_joint,Apul-Peve,0.244126659856997
278,C4_joint,Apul-Ptuh,0.3883625092458879
278,C4_joint,Peve-Ptuh,0.32748053960762225
279,primary,Apul-Peve,0.31210383819079474
279,primary,Apul-Ptuh,0.47032825372021
279,primary,Peve-Ptuh,0.36201751651784786
279,C1_cpg20,Apul-Ptuh,0.33386808331580053
279,C1_cpg20,Peve-Ptuh,0.3846566776225949
279,C2_annotated,Apul-Peve,-0.07408231368186874
279,C2_annotated,Apul-Ptuh,0.41406133178978843
279,C2_annotated,Peve-Ptuh,0.31274351291954716
279,C4_joint,Apul-Peve,0.29366700715015326
279,C4_joint,Apul-Ptuh,0.38066640836884935
279,C4_joint,Peve-Ptuh,0.3338205769433977
280,primary,Apul-Peve,0.29589106545628285
280,primary,Apul-Ptuh,0.47326317353095526
280,primary,Peve-Ptuh,0.36874441490841237
280,C1_cpg20,Apul-Ptuh,0.36211340206185566
280,C1_cpg20,Peve-Ptuh,0.38994000922934935
280,C2_annotated,Apul-Peve,-0.02157953281423804
280,C2_annotated,Apul-Ptuh,0.4322136603718978
280,C2_annotated,Peve-Ptuh,0.3162210139451432
280,C4_joint,Apul-Peve,0.2792258109964426
280,C4_joint,Apul-Ptuh,0.385069212074249
280,C4_joint,Peve-Ptuh,0.3322531788242754
281,primary,Apul-Peve,0.2868450390189521
281,primary,Apul-Ptuh,0.4778592611888235
281,primary,Peve-Ptuh,0.3679691320642607
281,C1_cpg20,Apul-Ptuh,0.3384309909530822
281,C1_cpg20,Peve-Ptuh,0.38150488621844675
281,C2_annotated,Apul-Peve,-0.1381535038932147
281,C2_annotated,Apul-Ptuh,0.4312628126281262
281,C2_annotated,Peve-Ptuh,0.30672583583434837
281,C4_joint,Apul-Peve,0.27098376245993455
281,C4_joint,Apul-Ptuh,0.4101123595505619
281,C4_joint,Peve-Ptuh,0.34477475256243184
282,primary,Apul-Peve,0.25903806338588947
282,primary,Apul-Ptuh,0.47011979917903796
282,primary,Peve-Ptuh,0.37079957926056406
282,C1_cpg20,Apul-Ptuh,0.34433515674310955
282,C1_cpg20,Peve-Ptuh,0.38118154506841967
282,C2_annotated,Apul-Peve,-0.1421579532814238
282,C2_annotated,Apul-Ptuh,0.4339212068591274
282,C2_annotated,Peve-Ptuh,0.3143548312666884
282,C4_joint,Apul-Peve,0.23919551970694944
282,C4_joint,Apul-Ptuh,0.3747842626184355
282,C4_joint,Peve-Ptuh,0.32832587791905893
283,primary,Apul-Peve,0.25360726230291447
283,primary,Apul-Ptuh,0.4747023338264717
283,primary,Peve-Ptuh,0.36876389676787363
283,C1_cpg20,Apul-Ptuh,0.3550783715548075
283,C1_cpg20,Peve-Ptuh,0.3792681816612201
283,C2_annotated,Apul-Peve,-0.1399332591768632
283,C2_annotated,Apul-Ptuh,0.4345259629066879
283,C2_annotated,Peve-Ptuh,0.31074862798740577
283,C4_joint,Apul-Peve,0.23667711598746088
283,C4_joint,Apul-Ptuh,0.39692155964918463
283,C4_joint,Peve-Ptuh,0.32117572470149
284,primary,Apul-Peve,0.2653288740245262
284,primary,Apul-Ptuh,0.47669493438331173
284,primary,Peve-Ptuh,0.36535071199786084
284,C1_cpg20,Apul-Ptuh,0.35616978750262984
284,C1_cpg20,Peve-Ptuh,0.3821656950735994
284,C2_annotated,Apul-Peve,-0.11946607341490545
284,C2_annotated,Apul-Ptuh,0.43396160432192554
284,C2_annotated,Peve-Ptuh,0.3099501659793374
284,C4_joint,Apul-Peve,0.2451833327462929
284,C4_joint,Apul-Ptuh,0.41650523053080213
284,C4_joint,Peve-Ptuh,0.32804409848191335
285,primary,Apul-Peve,0.276286032807772
285,primary,Apul-Ptuh,0.4743291640050755
285,primary,Peve-Ptuh,0.36225671780178964
285,C1_cpg20,Apul-Ptuh,0.3387991794656007
285,C1_cpg20,Peve-Ptuh,0.38471632307745435
285,C2_annotated,Apul-Peve,-0.10878754171301447
285,C2_annotated,Apul-Ptuh,0.4255703880568217
285,C2_annotated,Peve-Ptuh,0.3087647504848561
285,C4_joint,Apul-Peve,0.25428833080905927
285,C4_joint,Apul-Ptuh,0.38742911486034315
285,C4_joint,Peve-Ptuh,0.3307738367792611
286,primary,Apul-Peve,0.27147634973721935
286,primary,Apul-Ptuh,0.47332751182764865
286,primary,Peve-Ptuh,0.3615938323340686
286,C1_cpg20,Apul-Ptuh,0.3475831054071113
286,C1_cpg20,Peve-Ptuh,0.3825785044059156
286,C2_annotated,Apul-Peve,-0.12347052280311457
286,C2_annotated,Apul-Ptuh,0.4328467549381376
286,C2_annotated,Peve-Ptuh,0.30853528791413865
286,C4_joint,Apul-Peve,0.25231587474904027
286,C4_joint,Apul-Ptuh,0.3944559895741609
286,C4_joint,Peve-Ptuh,0.32976999753443
287,primary,Apul-Peve,0.2965281095715878
287,primary,Apul-Ptuh,0.4791184975702475
287,primary,Peve-Ptuh,0.3507614162275616
287,C1_cpg20,Apul-Ptuh,0.3594045865768987
287,C1_cpg20,Peve-Ptuh,0.3754712775742507
287,C2_annotated,Apul-Peve,-0.07942157953281423
287,C2_annotated,Apul-Ptuh,0.434808142199069
287,C2_annotated,Peve-Ptuh,0.2989605176201429
287,C4_joint,Apul-Peve,0.2771300764326724
287,C4_joint,Apul-Ptuh,0.4032792081997817
287,C4_joint,Peve-Ptuh,0.32469796766580966
288,primary,Apul-Peve,0.26751075011944575
288,primary,Apul-Ptuh,0.4723587411016738
288,primary,Peve-Ptuh,0.3678449979909498
288,C1_cpg20,Apul-Ptuh,0.3490427098674521
288,C1_cpg20,Peve-Ptuh,0.38651196519216824
288,C2_annotated,Apul-Peve,-0.11724137931034483
288,C2_annotated,Apul-Ptuh,0.42243747437474377
288,C2_annotated,Peve-Ptuh,0.31011781759927115
288,C4_joint,Apul-Peve,0.25360149343101696
288,C4_joint,Apul-Ptuh,0.40192314465851864
288,C4_joint,Peve-Ptuh,0.3297523863196084
289,primary,Apul-Peve,0.28428093645484953
289,primary,Apul-Ptuh,0.4713375294660062
289,primary,Peve-Ptuh,0.3693075384526505
289,C1_cpg20,Apul-Ptuh,0.3484641279192089
289,C1_cpg20,Peve-Ptuh,0.38465353838812866
289,C2_annotated,Apul-Peve,-0.12258064516129032
289,C2_annotated,Apul-Ptuh,0.42648626486264857
289,C2_annotated,Peve-Ptuh,0.31500680978865314
289,C4_joint,Apul-Peve,0.26298827093092886
289,C4_joint,Apul-Ptuh,0.4002676904652884
289,C4_joint,Peve-Ptuh,0.33566975449966546
290,primary,Apul-Peve,0.2855709507883421
290,primary,Apul-Ptuh,0.47668028862945633
290,primary,Peve-Ptuh,0.36517815083291755
290,C1_cpg20,Apul-Ptuh,0.3451504313065432
290,C1_cpg20,Peve-Ptuh,0.38924623841230077
290,C2_annotated,Apul-Peve,-0.09232480533926585
290,C2_annotated,Apul-Ptuh,0.4381261606733714
290,C2_annotated,Peve-Ptuh,0.3040230885069311
290,C4_joint,Apul-Peve,0.26466133633898076
290,C4_joint,Apul-Ptuh,0.3935225951886162
290,C4_joint,Peve-Ptuh,0.3479976048747843
291,primary,Apul-Peve,0.3087912087912088
291,primary,Apul-Ptuh,0.4779468552193308
291,primary,Peve-Ptuh,0.366583012302292
291,C1_cpg20,Apul-Ptuh,0.3515805806858826
291,C1_cpg20,Peve-Ptuh,0.3848513101595045
291,C2_annotated,Apul-Peve,-0.08654060066740824
291,C2_annotated,Apul-Ptuh,0.4319754962255504
291,C2_annotated,Peve-Ptuh,0.32270269652389605
291,C4_joint,Apul-Peve,0.2893522595188617
291,C4_joint,Apul-Ptuh,0.4113627558028954
291,C4_joint,Peve-Ptuh,0.33019266669014835
292,primary,Apul-Peve,0.29302436693741046
292,primary,Apul-Ptuh,0.47544721036018295
292,primary,Peve-Ptuh,0.36190329519528053
292,C1_cpg20,Apul-Ptuh,0.3636782032400589
292,C1_cpg20,Peve-Ptuh,0.3836929326414461
292,C2_annotated,Apul-Peve,-0.0932146829810901
292,C2_annotated,Apul-Ptuh,0.43471106769891227
292,C2_annotated,Peve-Ptuh,0.30681474199643444
292,C4_joint,Apul-Peve,0.27431228206121666
292,C4_joint,Apul-Ptuh,0.3910922475432356
292,C4_joint,Peve-Ptuh,0.312229227572118
293,primary,Apul-Peve,0.2554387641344163
293,primary,Apul-Ptuh,0.47166742660103866
293,primary,Peve-Ptuh,0.362136760300792
293,C1_cpg20,Apul-Ptuh,0.36235009467704604
293,C1_cpg20,Peve-Ptuh,0.3786419043851966
293,C2_annotated,Apul-Peve,-0.12302558398220245
293,C2_annotated,Apul-Ptuh,0.4309317946120637
293,C2_annotated,Peve-Ptuh,0.29501223729816717
293,C4_joint,Apul-Peve,0.23766334401747038
293,C4_joint,Apul-Ptuh,0.38852101017928226
293,C4_joint,Peve-Ptuh,0.32795604240780535
294,primary,Apul-Peve,0.3040133779264214
294,primary,Apul-Ptuh,0.4763545543414456
294,primary,Peve-Ptuh,0.37018805505869545
294,C1_cpg20,Apul-Ptuh,0.3536056175047338
294,C1_cpg20,Peve-Ptuh,0.3818423539235722
294,C2_annotated,Apul-Peve,-0.10033370411568408
294,C2_annotated,Apul-Ptuh,0.43464933112795795
294,C2_annotated,Peve-Ptuh,0.3177849156725052
294,C4_joint,Apul-Peve,0.28716846888098346
294,C4_joint,Apul-Ptuh,0.4034553203479977
294,C4_joint,Peve-Ptuh,0.3348244161882287
295,primary,Apul-Peve,0.26477146042363436
295,primary,Apul-Ptuh,0.4700461669636377
295,primary,Peve-Ptuh,0.36295333305604066
295,C1_cpg20,Apul-Ptuh,0.3442299600252472
295,C1_cpg20,Peve-Ptuh,0.38502396805515005
295,C2_annotated,Apul-Peve,-0.10122358175750834
295,C2_annotated,Apul-Ptuh,0.42940211755058727
295,C2_annotated,Peve-Ptuh,0.30343630783716286
295,C4_joint,Apul-Peve,0.2463104504948752
295,C4_joint,Apul-Ptuh,0.3902645204466205
295,C4_joint,Peve-Ptuh,0.3201190518121941
296,primary,Apul-Peve,0.28257684344640865
296,primary,Apul-Ptuh,0.4784878590534658
296,primary,Peve-Ptuh,0.3736669283236353
296,C1_cpg20,Apul-Ptuh,0.3531453818640858
296,C1_cpg20,Peve-Ptuh,0.3907044128218893
296,C2_annotated,Apul-Peve,-0.1252502780867631
296,C2_annotated,Apul-Ptuh,0.4356064442997371
296,C2_annotated,Peve-Ptuh,0.32681354811368646
296,C4_joint,Apul-Peve,0.26399211017575996
296,C4_joint,Apul-Ptuh,0.40657250537142064
296,C4_joint,Peve-Ptuh,0.35696171321897796
297,primary,Apul-Peve,0.28673355629877373
297,primary,Apul-Ptuh,0.4704603185662055
297,primary,Peve-Ptuh,0.3649521401159652
297,C1_cpg20,Apul-Ptuh,0.37530244056385437
297,C1_cpg20,Peve-Ptuh,0.3834433635013766
297,C2_annotated,Apul-Peve,-0.10967741935483871
297,C2_annotated,Apul-Ptuh,0.432926343969322
297,C2_annotated,Peve-Ptuh,0.30033983322050717
297,C4_joint,Apul-Peve,0.2726568278679864
297,C4_joint,Apul-Ptuh,0.39778450917544306
297,C4_joint,Peve-Ptuh,0.3155577471734001
298,primary,Apul-Peve,0.2763338111164198
298,primary,Apul-Ptuh,0.4761496952334159
298,primary,Peve-Ptuh,0.3675380199259243
298,C1_cpg20,Apul-Ptuh,0.34862192299600253
298,C1_cpg20,Peve-Ptuh,0.3872073056264499
298,C2_annotated,Apul-Peve,-0.07675194660734148
298,C2_annotated,Apul-Ptuh,0.4431149458553409
298,C2_annotated,Peve-Ptuh,0.30850988615354263
298,C4_joint,Apul-Peve,0.2576168504103414
298,C4_joint,Apul-Ptuh,0.38755239336409436
298,C4_joint,Peve-Ptuh,0.3453735338663662
299,primary,Apul-Peve,0.27679566810001593
299,primary,Apul-Ptuh,0.47467757648070635
299,primary,Peve-Ptuh,0.36732998433032016
299,C1_cpg20,Apul-Ptuh,0.35062066063538816
299,C1_cpg20,Peve-Ptuh,0.3818376450718728
299,C2_annotated,Apul-Peve,-0.11101223581757509
299,C2_annotated,Apul-Ptuh,0.4289692014567204
299,C2_annotated,Peve-Ptuh,0.31558427647953613
299,C4_joint,Apul-Peve,0.2578810186326654
299,C4_joint,Apul-Ptuh,0.39593533161917516
299,C4_joint,Peve-Ptuh,0.34574336937761974
300,primary,Apul-Peve,0.2709826405478579
300,primary,Apul-Ptuh,0.4800347742529031
300,primary,Peve-Ptuh,0.3618670806125641
300,C1_cpg20,Apul-Ptuh,0.34930570166210806
300,C1_cpg20,Peve-Ptuh,0.3869765718931781
300,C2_annotated,Apul-Peve,-0.15016685205784203
300,C2_annotated,Apul-Ptuh,0.4265677270349104
300,C2_annotated,Peve-Ptuh,0.30220855607502156
300,C4_joint,Apul-Peve,0.255133669120496
300,C4_joint,Apul-Ptuh,0.39505477087809526
300,C4_joint,Peve-Ptuh,0.32915360501567403
301,primary,Apul-Peve,0.2914476827520306
301,primary,Apul-Ptuh,0.47691234543251076
301,primary,Peve-Ptuh,0.36344162194066576
301,C1_cpg20,Apul-Ptuh,0.3672417420576478
301,C1_cpg20,Peve-Ptuh,0.37981440845835335
301,C2_annotated,Apul-Peve,-0.09054505005561736
301,C2_annotated,Apul-Ptuh,0.4370227672864964
301,C2_annotated,Peve-Ptuh,0.3065776588975382
301,C4_joint,Apul-Peve,0.2713183755415449
301,C4_joint,Apul-Ptuh,0.4024162586735234
301,C4_joint,Peve-Ptuh,0.31830509668556944
302,primary,Apul-Peve,0.2860646599777035
302,primary,Apul-Ptuh,0.4736814687166391
302,primary,Peve-Ptuh,0.36925821260495073
302,C1_cpg20,Apul-Ptuh,0.3662029244687565
302,C1_cpg20,Peve-Ptuh,0.3848277659010074
302,C2_annotated,Apul-Peve,-0.064293659621802
302,C2_annotated,Apul-Ptuh,0.4375479343028724
302,C2_annotated,Peve-Ptuh,0.3083921913294477
302,C4_joint,Apul-Peve,0.2674967419252581
302,C4_joint,Apul-Ptuh,0.4021168680215562
302,C4_joint,Peve-Ptuh,0.3399845021309571
303,primary,Apul-Peve,0.2927536231884058
303,primary,Apul-Ptuh,0.4742825415941461
303,primary,Peve-Ptuh,0.3618425234247222
303,C1_cpg20,Apul-Ptuh,0.3452819272038712
303,C1_cpg20,Peve-Ptuh,0.37926033357505434
303,C2_annotated,Apul-Peve,-0.09766407119021134
303,C2_annotated,Apul-Ptuh,0.4217217760412898
303,C2_annotated,Peve-Ptuh,0.30815087460378543
303,C4_joint,Apul-Peve,0.2769539642844564
303,C4_joint,Apul-Ptuh,0.39507238209291684
303,C4_joint,Peve-Ptuh,0.3275685956817302
304,primary,Apul-Peve,0.27510750119445776
304,primary,Apul-Ptuh,0.4767917305998811
304,primary,Peve-Ptuh,0.36822990349382034
304,C1_cpg20,Apul-Ptuh,0.34050862613086463
304,C1_cpg20,Peve-Ptuh,0.3883076073068822
304,C2_annotated,Apul-Peve,-0.09499443826473859
304,C2_annotated,Apul-Ptuh,0.42407266719726017
304,C2_annotated,Peve-Ptuh,0.31844112782123596
304,C4_joint,Apul-Peve,0.25640167658765106
304,C4_joint,Apul-Ptuh,0.38656616533408483
304,C4_joint,Peve-Ptuh,0.34245007220598084
305,primary,Apul-Peve,0.30692785475394174
305,primary,Apul-Ptuh,0.47716779272965115
305,primary,Peve-Ptuh,0.361097111002811
305,C1_cpg20,Apul-Ptuh,0.3538160109404586
305,C1_cpg20,Peve-Ptuh,0.3808597735356256
305,C2_annotated,Apul-Peve,-0.08431590656284761
305,C2_annotated,Apul-Ptuh,0.4333273038612739
305,C2_annotated,Peve-Ptuh,0.29740254297025326
305,C4_joint,Apul-Peve,0.2883131978443874
305,C4_joint,Apul-Ptuh,0.4271247930682259
305,C4_joint,Peve-Ptuh,0.3190799901377198
306,primary,Apul-Peve,0.2862398471094123
306,primary,Apul-Ptuh,0.4773347750861554
306,primary,Peve-Ptuh,0.36282536605244226
306,C1_cpg20,Apul-Ptuh,0.3370765832106038
306,C1_cpg20,Peve-Ptuh,0.3852138917403602
306,C2_annotated,Apul-Peve,-0.12124582869855394
306,C2_annotated,Apul-Ptuh,0.42371572245134215
306,C2_annotated,Peve-Ptuh,0.31734969884096
306,C4_joint,Apul-Peve,0.2647670036279103
306,C4_joint,Apul-Ptuh,0.4048994399633688
306,C4_joint,Peve-Ptuh,0.3416751787538305
307,primary,Apul-Peve,0.2609491957318044
307,primary,Apul-Ptuh,0.4755660302187084
307,primary,Peve-Ptuh,0.36802691679259497
307,C1_cpg20,Apul-Ptuh,0.33887807700399747
307,C1_cpg20,Peve-Ptuh,0.38122078549924815
307,C2_annotated,Apul-Peve,-0.12436040044493882
307,C2_annotated,Apul-Ptuh,0.44005800352121166
307,C2_annotated,Peve-Ptuh,0.3131067580960703
307,C4_joint,Apul-Peve,0.2443732168644994
307,C4_joint,Apul-Ptuh,0.39524849424113284
307,C4_joint,Peve-Ptuh,0.3419393469761545
308,primary,Apul-Peve,0.2831024048415353
308,primary,Apul-Ptuh,0.4765706856200384
308,primary,Peve-Ptuh,0.3673728602815361
308,C1_cpg20,Apul-Ptuh,0.3685830002103934
308,C1_cpg20,Peve-Ptuh,0.3866124206950893
308,C2_annotated,Apul-Peve,-0.12302558398220245
308,C2_annotated,Apul-Ptuh,0.43871101946313573
308,C2_annotated,Peve-Ptuh,0.3196358572946024
308,C4_joint,Apul-Peve,0.26390405410165196
308,C4_joint,Apul-Ptuh,0.40695995209749575
308,C4_joint,Peve-Ptuh,0.3154873023141137
309,primary,Apul-Peve,0.265424430641822
309,primary,Apul-Ptuh,0.4758702413989448
309,primary,Peve-Ptuh,0.3629599944245403
309,C1_cpg20,Apul-Ptuh,0.34480854197349037
309,C1_cpg20,Peve-Ptuh,0.3777801845242019
309,C2_annotated,Apul-Peve,-0.13370411568409343
309,C2_annotated,Apul-Ptuh,0.42971444420326554
309,C2_annotated,Peve-Ptuh,0.3028893232589951
309,C4_joint,Apul-Peve,0.248159628051143
309,C4_joint,Apul-Ptuh,0.3931703708921842
309,C4_joint,Peve-Ptuh,0.3148004649360714
310,primary,Apul-Peve,0.30277114190157667
310,primary,Apul-Ptuh,0.4737186239867224
310,primary,Peve-Ptuh,0.36325621385075885
310,C1_cpg20,Apul-Ptuh,0.35386860929938985
310,C1_cpg20,Peve-Ptuh,0.38674269892544005
310,C2_annotated,Apul-Peve,-0.1221357063403782
310,C2_annotated,Apul-Ptuh,0.4227136241950655
310,C2_annotated,Peve-Ptuh,0.304692848261313
310,C4_joint,Apul-Peve,0.2836462259166638
310,C4_joint,Apul-Ptuh,0.40282131661442017
310,C4_joint,Peve-Ptuh,0.3334155190025008
311,primary,Apul-Peve,0.29996814779423475
311,primary,Apul-Ptuh,0.4759776644077867
311,primary,Peve-Ptuh,0.370453663910618
311,C1_cpg20,Apul-Ptuh,0.3593256890385019
311,C1_cpg20,Peve-Ptuh,0.39121924727435964
311,C2_annotated,Apul-Peve,-0.10923248053392658
311,C2_annotated,Apul-Ptuh,0.426113643489376
311,C2_annotated,Peve-Ptuh,0.3175461391229026
311,C4_joint,Apul-Peve,0.28213166144200635
311,C4_joint,Apul-Ptuh,0.4029445951181714
311,C4_joint,Peve-Ptuh,0.3234299601986546
312,primary,Apul-Peve,0.28295906991559167
312,primary,Apul-Ptuh,0.4758662756032779
312,primary,Peve-Ptuh,0.37010005626609493
312,C1_cpg20,Apul-Ptuh,0.34518988007574164
312,C1_cpg20,Peve-Ptuh,0.3779653993577126
312,C2_annotated,Apul-Peve,-0.1399332591768632
312,C2_annotated,Apul-Ptuh,0.4178207076188409
312,C2_annotated,Peve-Ptuh,0.31354028147690916
312,C4_joint,Apul-Peve,0.26725018491775565
312,C4_joint,Apul-Ptuh,0.4093550773132331
312,C4_joint,Peve-Ptuh,0.3428727413616992
313,primary,Apul-Peve,0.28913839783405004
313,primary,Apul-Ptuh,0.4728662859412986
313,primary,Peve-Ptuh,0.37336708743914515
313,C1_cpg20,Apul-Ptuh,0.3557752998106459
313,C1_cpg20,Peve-Ptuh,0.3924121563715472
313,C2_annotated,Apul-Peve,-0.10211345939933258
313,C2_annotated,Apul-Ptuh,0.432979403323445
313,C2_annotated,Peve-Ptuh,0.31929886060402846
313,C4_joint,Apul-Peve,0.267937022295798
313,C4_joint,Apul-Ptuh,0.38459370927406583
313,C4_joint,Peve-Ptuh,0.3330985171357121
314,primary,Apul-Peve,0.290794712533843
314,primary,Apul-Ptuh,0.4778119026580438
314,primary,Peve-Ptuh,0.3673536163280927
314,C1_cpg20,Apul-Ptuh,0.35485482852934985
314,C1_cpg20,Peve-Ptuh,0.38380123623053286
314,C2_annotated,Apul-Peve,-0.15016685205784203
314,C2_annotated,Apul-Ptuh,0.4320574970455587
314,C2_annotated,Peve-Ptuh,0.30897473837244993
314,C4_joint,Apul-Peve,0.2710894297488642
314,C4_joint,Apul-Ptuh,0.4073297876087493
314,C4_joint,Peve-Ptuh,0.3298932760381812
315,primary,Apul-Peve,0.25008759356585447
315,primary,Apul-Ptuh,0.4716331545061094
315,primary,Peve-Ptuh,0.3632821720407059
315,C1_cpg20,Apul-Ptuh,0.34238901746265515
315,C1_cpg20,Peve-Ptuh,0.3871900398368854
315,C2_annotated,Apul-Peve,-0.1296996662958843
315,C2_annotated,Apul-Ptuh,0.4372084750259267
315,C2_annotated,Peve-Ptuh,0.29749229585769255
315,C4_joint,Apul-Peve,0.23364798703814596
315,C4_joint,Apul-Ptuh,0.3825508083547604
315,C4_joint,Peve-Ptuh,0.32973477510478677
316,primary,Apul-Peve,0.28851727982162767
316,primary,Apul-Ptuh,0.4760289887342333
316,primary,Peve-Ptuh,0.3664884050091958
316,C1_cpg20,Apul-Ptuh,0.371436461182411
316,C1_cpg20,Peve-Ptuh,0.3814421015291211
316,C2_annotated,Apul-Peve,-0.08387096774193549
316,C2_annotated,Apul-Ptuh,0.42821853218532185
316,C2_annotated,Peve-Ptuh,0.30615006259417177
316,C4_joint,Apul-Peve,0.27450600542425424
316,C4_joint,Apul-Ptuh,0.3873586700010568
316,C4_joint,Peve-Ptuh,0.31601563875876165
317,primary,Apul-Peve,0.2828475871954133
317,primary,Apul-Ptuh,0.48113943623981426
317,primary,Peve-Ptuh,0.3690288447697466
317,C1_cpg20,Apul-Ptuh,0.34614980012623603
317,C1_cpg20,Peve-Ptuh,0.38731874845000297
317,C2_annotated,Apul-Peve,-0.12480533926585095
317,C2_annotated,Apul-Ptuh,0.43665376359645947
317,C2_annotated,Peve-Ptuh,0.31897287134304614
317,C4_joint,Apul-Peve,0.2597654186185764
317,C4_joint,Apul-Ptuh,0.3946849353668417
317,C4_joint,Peve-Ptuh,0.3249093022436689
318,primary,Apul-Peve,0.2881987577639752
318,primary,Apul-Ptuh,0.4686129508370899
318,primary,Peve-Ptuh,0.3668026259907646
318,C1_cpg20,Apul-Ptuh,0.3552098674521355
318,C1_cpg20,Peve-Ptuh,0.3900326166461047
318,C2_annotated,Apul-Peve,-0.067853170189099
318,C2_annotated,Apul-Ptuh,0.43684791259677297
318,C2_annotated,Peve-Ptuh,0.31012289795139036
318,C4_joint,Apul-Peve,0.26966292134831465
318,C4_joint,Apul-Ptuh,0.3848754887112114
318,C4_joint,Peve-Ptuh,0.3329224049874961
319,primary,Apul-Peve,0.28799171842650106
319,primary,Apul-Ptuh,0.4743146484228772
319,primary,Peve-Ptuh,0.3667954095082233
319,C1_cpg20,Apul-Ptuh,0.3417052387965495
319,C1_cpg20,Peve-Ptuh,0.3879968230947201
319,C2_annotated,Apul-Peve,-0.11546162402669634
319,C2_annotated,Apul-Ptuh,0.42720980150977983
319,C2_annotated,Peve-Ptuh,0.31621339341696436
319,C4_joint,Apul-Peve,0.2650135606354127
319,C4_joint,Apul-Ptuh,0.3899651297946533
319,C4_joint,Peve-Ptuh,0.332446902187313
320,primary,Apul-Peve,0.2712056059882147
320,primary,Apul-Ptuh,0.47468774123853225
320,primary,Peve-Ptuh,0.36468473375190785
320,C1_cpg20,Apul-Ptuh,0.3484246791500105
320,C1_cpg20,Peve-Ptuh,0.38844730324063176
320,C2_annotated,Apul-Peve,-0.1381535038932147
320,C2_annotated,Apul-Ptuh,0.42459542242481246
320,C2_annotated,Peve-Ptuh,0.3070221897079687
320,C4_joint,Apul-Peve,0.24995597196294606
320,C4_joint,Apul-Ptuh,0.38112429995421093
320,C4_joint,Peve-Ptuh,0.3222147863759643
321,primary,Apul-Peve,0.2914636088549132
321,primary,Apul-Ptuh,0.4771534265658526
321,primary,Peve-Ptuh,0.3722154901427673
321,C1_cpg20,Apul-Ptuh,0.33277666736797806
321,C1_cpg20,Peve-Ptuh,0.38916304869894425
321,C2_annotated,Apul-Peve,-0.12258064516129032
321,C2_annotated,Apul-Ptuh,0.4241257265513831
321,C2_annotated,Peve-Ptuh,0.31915999764610353
321,C4_joint,Apul-Peve,0.27237504843084087
321,C4_joint,Apul-Ptuh,0.3976436194568702
321,C4_joint,Peve-Ptuh,0.34879010954175627
322,primary,Apul-Peve,0.28638318203535595
322,primary,Apul-Ptuh,0.4756402637531339
322,primary,Peve-Ptuh,0.3696042601249067
322,C1_cpg20,Apul-Ptuh,0.36461182411108767
322,C1_cpg20,Peve-Ptuh,0.3900075027703744
322,C2_annotated,Apul-Peve,-0.09988876529477196
322,C2_annotated,Apul-Ptuh,0.43202252610761405
322,C2_annotated,Peve-Ptuh,0.3086961657312468
322,C4_joint,Apul-Peve,0.2688528054665212
322,C4_joint,Apul-Ptuh,0.4000387446726076
322,C4_joint,Peve-Ptuh,0.3565390440632596
323,primary,Apul-Peve,0.27348303870043006
323,primary,Apul-Ptuh,0.47228855036865636
323,primary,Peve-Ptuh,0.35829650779474614
323,C1_cpg20,Apul-Ptuh,0.3671891436987166
323,C1_cpg20,Peve-Ptuh,0.37553249264634325
323,C2_annotated,Apul-Peve,-0.07853170189098999
323,C2_annotated,Apul-Ptuh,0.4335811446349757
323,C2_annotated,Peve-Ptuh,0.2929750160983658
323,C4_joint,Apul-Peve,0.26020569898911633
323,C4_joint,Apul-Ptuh,0.38825684195695825
323,C4_joint,Peve-Ptuh,0.30476207248776027
324,primary,Apul-Peve,0.284472049689441
324,primary,Apul-Ptuh,0.4750903657559012
324,primary,Peve-Ptuh,0.3588049922568861
324,C1_cpg20,Apul-Ptuh,0.3641121397012413
324,C1_cpg20,Peve-Ptuh,0.3922599034999325
324,C2_annotated,Apul-Peve,-0.08253615127919911
324,C2_annotated,Apul-Ptuh,0.4317343173431734
324,C2_annotated,Peve-Ptuh,0.299993522551048
324,C4_joint,Apul-Peve,0.2648902821316615
324,C4_joint,Apul-Ptuh,0.4032615969849601
324,C4_joint,Peve-Ptuh,0.3507625656017753
325,primary,Apul-Peve,0.26588628762541805
325,primary,Apul-Ptuh,0.4692468687633788
325,primary,Peve-Ptuh,0.36452840306418194
325,C1_cpg20,Apul-Ptuh,0.33551178203240056
325,C1_cpg20,Peve-Ptuh,0.37838919601066084
325,C2_annotated,Apul-Peve,-0.12836484983314794
325,C2_annotated,Apul-Ptuh,0.4216386328833334
325,C2_annotated,Peve-Ptuh,0.3103667548531122
325,C4_joint,Apul-Peve,0.2471734000211335
325,C4_joint,Apul-Ptuh,0.3748370962629003
325,C4_joint,Peve-Ptuh,0.32702264802226066
326,primary,Apul-Peve,0.29310399745182353
326,primary,Apul-Ptuh,0.48067489910659666
326,primary,Peve-Ptuh,0.36957391389063055
326,C1_cpg20,Apul-Ptuh,0.353263728171681
326,C1_cpg20,Peve-Ptuh,0.38487642403523475
326,C2_annotated,Apul-Peve,-0.10166852057842046
326,C2_annotated,Apul-Ptuh,0.4422418783011359
326,C2_annotated,Peve-Ptuh,0.32185258426928237
326,C4_joint,Apul-Peve,0.2735549998238879
326,C4_joint,Apul-Ptuh,0.40172942129548106
326,C4_joint,Peve-Ptuh,0.32284879010954187
327,primary,Apul-Peve,0.2789456919891703
327,primary,Apul-Ptuh,0.4778304610416501
327,primary,Peve-Ptuh,0.3634977148928731
327,C1_cpg20,Apul-Ptuh,0.351028297917105
327,C1_cpg20,Peve-Ptuh,0.38488584173863366
327,C2_annotated,Apul-Peve,-0.11279199110122358
327,C2_annotated,Apul-Ptuh,0.4258658321877336
327,C2_annotated,Peve-Ptuh,0.30249559596975667
327,C4_joint,Apul-Peve,0.2616322073896658
327,C4_joint,Apul-Ptuh,0.3908280793209116
327,C4_joint,Peve-Ptuh,0.3216688387164947
328,primary,Apul-Peve,0.269581143494187
328,primary,Apul-Ptuh,0.4742198928584472
328,primary,Peve-Ptuh,0.365065779890489
328,C1_cpg20,Apul-Ptuh,0.33883862823479904
328,C1_cpg20,Peve-Ptuh,0.38284376971831646
328,C2_annotated,Apul-Peve,-0.12880978865406006
328,C2_annotated,Apul-Ptuh,0.43765947953597184
328,C2_annotated,Peve-Ptuh,0.3125123568981233
328,C4_joint,Apul-Peve,0.2495685252368709
328,C4_joint,Apul-Ptuh,0.3883977316755311
328,C4_joint,Peve-Ptuh,0.3262125321404671
329,primary,Apul-Peve,0.25553432075171206
329,primary,Apul-Ptuh,0.46769346378542237
329,primary,Peve-Ptuh,0.36954716268062404
329,C1_cpg20,Apul-Ptuh,0.3474516095097832
329,C1_cpg20,Peve-Ptuh,0.38467865226385894
329,C2_annotated,Apul-Peve,-0.10122358175750834
329,C2_annotated,Apul-Ptuh,0.43638786387863876
329,C2_annotated,Peve-Ptuh,0.31654276957935956
329,C4_joint,Apul-Peve,0.24072769539642852
329,C4_joint,Apul-Ptuh,0.38071924201331414
329,C4_joint,Peve-Ptuh,0.32265506674650424
330,primary,Apul-Peve,0.25676063067367416
330,primary,Apul-Ptuh,0.4770875866572075
330,primary,Peve-Ptuh,0.35940750246407854
330,C1_cpg20,Apul-Ptuh,0.3470308226383336
330,C1_cpg20,Peve-Ptuh,0.3756282392975649
330,C2_annotated,Apul-Peve,-0.12302558398220245
330,C2_annotated,Apul-Ptuh,0.4279888092998577
330,C2_annotated,Peve-Ptuh,0.2893738931712024
330,C4_joint,Apul-Peve,0.23750484308407602
330,C4_joint,Apul-Ptuh,0.39118030361734363
330,C4_joint,Peve-Ptuh,0.3221443415166779
331,primary,Apul-Peve,0.2874183787227266
331,primary,Apul-Ptuh,0.4789252131600733
331,primary,Peve-Ptuh,0.36429232099247416
331,C1_cpg20,Apul-Ptuh,0.3638754470860509
331,C1_cpg20,Peve-Ptuh,0.3767599333226599
331,C2_annotated,Apul-Peve,-0.1350389321468298
331,C2_annotated,Apul-Ptuh,0.43114222318693773
331,C2_annotated,Peve-Ptuh,0.297515157442229
331,C4_joint,Apul-Peve,0.27075481666725376
331,C4_joint,Apul-Ptuh,0.43122820612165835
331,C4_joint,Peve-Ptuh,0.3365503152407454
332,primary,Apul-Peve,0.2986144290492117
332,primary,Apul-Ptuh,0.47672365752474405
332,primary,Peve-Ptuh,0.3679305912893699
332,C1_cpg20,Apul-Ptuh,0.3381022512097622
332,C1_cpg20,Peve-Ptuh,0.38754163409710907
332,C2_annotated,Apul-Peve,-0.09988876529477196
332,C2_annotated,Apul-Ptuh,0.426640016400164
332,C2_annotated,Peve-Ptuh,0.3093066547109047
332,C4_joint,Apul-Peve,0.27779930259589314
332,C4_joint,Apul-Ptuh,0.393927653129513
332,C4_joint,Peve-Ptuh,0.3482617730971083
333,primary,Apul-Peve,0.27990125816212774
333,primary,Apul-Ptuh,0.47141372664682984
333,primary,Peve-Ptuh,0.3617571415983179
333,C1_cpg20,Apul-Ptuh,0.3396933515674311
333,C1_cpg20,Peve-Ptuh,0.3873940900771938
333,C2_annotated,Apul-Peve,-0.1056729699666296
333,C2_annotated,Apul-Ptuh,0.4189283216361575
333,C2_annotated,Peve-Ptuh,0.3001823423048118
333,C4_joint,Apul-Peve,0.2615089288859146
333,C4_joint,Apul-Ptuh,0.38864428868303347
333,C4_joint,Peve-Ptuh,0.3136205135430242
334,primary,Apul-Peve,0.2992036948558688
334,primary,Apul-Ptuh,0.47283332748410556
334,primary,Peve-Ptuh,0.366604423843898
334,C1_cpg20,Apul-Ptuh,0.33878602987586787
334,C1_cpg20,Peve-Ptuh,0.38397232450894525
334,C2_annotated,Apul-Peve,-0.10522803114571747
334,C2_annotated,Apul-Ptuh,0.41770675059691775
334,C2_annotated,Peve-Ptuh,0.3100534664724279
334,C4_joint,Apul-Peve,0.28091648761931604
334,C4_joint,Apul-Ptuh,0.38903173540910857
334,C4_joint,Peve-Ptuh,0.3429607974358072
335,primary,Apul-Peve,0.2712852365026278
335,primary,Apul-Ptuh,0.4737849441718947
335,primary,Peve-Ptuh,0.3734150651527438
335,C1_cpg20,Apul-Ptuh,0.3565116768356827
335,C1_cpg20,Peve-Ptuh,0.38267739029160347
335,C2_annotated,Apul-Peve,-0.12747497219132367
335,C2_annotated,Apul-Ptuh,0.43555002987613123
335,C2_annotated,Peve-Ptuh,0.3180440136305847
335,C4_joint,Apul-Peve,0.25684195695819106
335,C4_joint,Apul-Ptuh,0.4068542848085662
335,C4_joint,Peve-Ptuh,0.31784720510020786
336,primary,Apul-Peve,0.2730848861283644
336,primary,Apul-Ptuh,0.47769323681100057
336,primary,Peve-Ptuh,0.37005215785450224
336,C1_cpg20,Apul-Ptuh,0.3366557963391542
336,C1_cpg20,Peve-Ptuh,0.38063845750575265
336,C2_annotated,Apul-Peve,-0.1381535038932147
336,C2_annotated,Apul-Ptuh,0.43641982008055374
336,C2_annotated,Peve-Ptuh,0.31076048214235064
336,C4_joint,Apul-Peve,0.2464337289986264
336,C4_joint,Apul-Ptuh,0.3899827410094749
336,C4_joint,Peve-Ptuh,0.3417632348279385
337,primary,Apul-Peve,0.2512820512820513
337,primary,Apul-Ptuh,0.47266976728999804
337,primary,Peve-Ptuh,0.36868549351799285
337,C1_cpg20,Apul-Ptuh,0.3497396381232905
337,C1_cpg20,Peve-Ptuh,0.39392997623599507
337,C2_annotated,Apul-Peve,-0.14794215795328142
337,C2_annotated,Apul-Ptuh,0.4268136651954755
337,C2_annotated,Peve-Ptuh,0.31662744211467964
337,C4_joint,Apul-Peve,0.22947412912542714
337,C4_joint,Apul-Ptuh,0.38769328308266715
337,C4_joint,Peve-Ptuh,0.3414990666056145
338,primary,Apul-Peve,0.2864946647555343
338,primary,Apul-Ptuh,0.4759278077715677
338,primary,Peve-Ptuh,0.364751849682942
338,C1_cpg20,Apul-Ptuh,0.3487797180727961
338,C1_cpg20,Peve-Ptuh,0.387252824526211
338,C2_annotated,Apul-Peve,-0.12614015572858733
338,C2_annotated,Apul-Ptuh,0.42964992885222963
338,C2_annotated,Peve-Ptuh,0.3114082270375493
338,C4_joint,Apul-Peve,0.2666161811841782
338,C4_joint,Apul-Ptuh,0.3838892606812019
338,C4_joint,Peve-Ptuh,0.3276390405410166
339,primary,Apul-Peve,0.28283166109253066
339,primary,Apul-Ptuh,0.4726739256000177
339,primary,Peve-Ptuh,0.3654480155591593
339,C1_cpg20,Apul-Ptuh,0.34140279823269515
339,C1_cpg20,Peve-Ptuh,0.3821358723461697
339,C2_annotated,Apul-Peve,-0.12880978865406006
339,C2_annotated,Apul-Ptuh,0.4294039263922051
339,C2_annotated,Peve-Ptuh,0.30613058791104814
339,C4_joint,Apul-Peve,0.26594695502095744
339,C4_joint,Apul-Ptuh,0.3880807298087423
339,C4_joint,Peve-Ptuh,0.334331302173224
340,primary,Apul-Peve,0.28638318203535595
340,primary,Apul-Ptuh,0.47743588821988975
340,primary,Peve-Ptuh,0.372950884077927
340,C1_cpg20,Apul-Ptuh,0.3617715127288028
340,C1_cpg20,Peve-Ptuh,0.38801879773598413
340,C2_annotated,Apul-Peve,-0.09187986651835373
340,C2_annotated,Apul-Ptuh,0.4380743072136603
340,C2_annotated,Peve-Ptuh,0.32385508972960253
340,C4_joint,Apul-Peve,0.2665809587545349
340,C4_joint,Apul-Ptuh,0.4021873128808426
340,C4_joint,Peve-Ptuh,0.33140784051283867
341,primary,Apul-Peve,0.30079630514413125
341,primary,Apul-Ptuh,0.4779963699108614
341,primary,Peve-Ptuh,0.36712292679278935
341,C1_cpg20,Apul-Ptuh,0.3661108773406269
341,C1_cpg20,Peve-Ptuh,0.3837023503448449
341,C2_annotated,Apul-Peve,-0.1328142380422692
341,C2_annotated,Apul-Ptuh,0.4372729903769626
341,C2_annotated,Peve-Ptuh,0.309012841013344
341,C4_joint,Apul-Peve,0.27871508576661624
341,C4_joint,Apul-Ptuh,0.3981015110422318
341,C4_joint,Peve-Ptuh,0.32786798633369735
342,primary,Apul-Peve,0.27096671444497533
342,primary,Apul-Ptuh,0.4708603633912473
342,primary,Peve-Ptuh,0.3658753740692142
342,C1_cpg20,Apul-Ptuh,0.35638018093835466
342,C1_cpg20,Peve-Ptuh,0.38300073144163066
342,C2_annotated,Apul-Peve,-0.14260289210233593
342,C2_annotated,Apul-Ptuh,0.42346067578322844
342,C2_annotated,Peve-Ptuh,0.3097342510142711
342,C4_joint,Apul-Peve,0.250748476629918
342,C4_joint,Apul-Ptuh,0.3981015110422318
342,C4_joint,Peve-Ptuh,0.3221619527314995
343,primary,Apul-Peve,0.26121993948080907
343,primary,Apul-Ptuh,0.4646663918267569
343,primary,Peve-Ptuh,0.35976367420679395
343,C1_cpg20,Apul-Ptuh,0.3497396381232905
343,C1_cpg20,Peve-Ptuh,0.3809586594213135
343,C2_annotated,Apul-Peve,-0.10255839822024472
343,C2_annotated,Apul-Ptuh,0.42056532330029184
343,C2_annotated,Peve-Ptuh,0.30369371234453596
343,C4_joint,Apul-Peve,0.24365115705681384
343,C4_joint,Apul-Ptuh,0.36981790003874476
343,C4_joint,Peve-Ptuh,0.3180409284632455
344,primary,Apul-Peve,0.268434464086638
344,primary,Apul-Ptuh,0.47440697830646245
344,primary,Peve-Ptuh,0.3665987934014757
344,C1_cpg20,Apul-Ptuh,0.3375105196717862
344,C1_cpg20,Peve-Ptuh,0.3875118113696794
344,C2_annotated,Apul-Peve,-0.13103448275862067
344,C2_annotated,Apul-Ptuh,0.4297367532498854
344,C2_annotated,Peve-Ptuh,0.31260803686303495
344,C4_joint,Apul-Peve,0.24601105984290803
344,C4_joint,Apul-Ptuh,0.3850339896446058
344,C4_joint,Peve-Ptuh,0.3430488535099152
345,primary,Apul-Peve,0.29033285555024685
345,primary,Apul-Ptuh,0.47675084055135414
345,primary,Peve-Ptuh,0.36723981794955707
345,C1_cpg20,Apul-Ptuh,0.34655743740795286
345,C1_cpg20,Peve-Ptuh,0.38682274940433026
345,C2_annotated,Apul-Peve,-0.10033370411568408
345,C2_annotated,Apul-Ptuh,0.43967030846779054
345,C2_annotated,Peve-Ptuh,0.3126622272856398
345,C4_joint,Apul-Peve,0.272410270860484
345,C4_joint,Apul-Ptuh,0.40083124933957953
345,C4_joint,Peve-Ptuh,0.33915677503434194
346,primary,Apul-Peve,0.3079152731326645
346,primary,Apul-Ptuh,0.47950060005761186
346,primary,Peve-Ptuh,0.3673328127685323
346,C1_cpg20,Apul-Ptuh,0.34628129602356406
346,C1_cpg20,Peve-Ptuh,0.3862247252385034
346,C2_annotated,Apul-Peve,-0.08476084538375973
346,C2_annotated,Apul-Ptuh,0.43072438077321945
346,C2_annotated,Peve-Ptuh,0.32030053669686515
346,C4_joint,Apul-Peve,0.290039096896904
346,C4_joint,Apul-Ptuh,0.40842168292768843
346,C4_joint,Peve-Ptuh,0.3451093656440422
347,primary,Apul-Peve,0.2929288103201147
347,primary,Apul-Ptuh,0.4783237983220411
347,primary,Peve-Ptuh,0.3684069055710968
347,C1_cpg20,Apul-Ptuh,0.3583394698085419
347,C1_cpg20,Peve-Ptuh,0.3865512056229968
347,C2_annotated,Apul-Peve,-0.11679644048943269
347,C2_annotated,Apul-Ptuh,0.43446868292212326
347,C2_annotated,Peve-Ptuh,0.3163006061283441
347,C4_joint,Apul-Peve,0.2758972913951605
347,C4_joint,Apul-Ptuh,0.4072241203198198
347,C4_joint,Peve-Ptuh,0.3288366031488853
348,primary,Apul-Peve,0.30079630514413125
348,primary,Apul-Ptuh,0.4768484453282051
348,primary,Peve-Ptuh,0.3590862236039804
348,C1_cpg20,Apul-Ptuh,0.34743845992005046
348,C1_cpg20,Peve-Ptuh,0.38282336469428563
348,C2_annotated,Apul-Peve,-0.08876529477196886
348,C2_annotated,Apul-Ptuh,0.4386513276897475
348,C2_annotated,Peve-Ptuh,0.29430522162824435
348,C4_joint,Apul-Peve,0.28195554929379035
348,C4_joint,Apul-Ptuh,0.406466838082491
348,C4_joint,Peve-Ptuh,0.3298932760381812
349,primary,Apul-Peve,0.27327599936295593
349,primary,Apul-Ptuh,0.4815912289228789
349,primary,Peve-Ptuh,0.37177887973201845
349,C1_cpg20,Apul-Ptuh,0.34685987797180723
349,C1_cpg20,Peve-Ptuh,0.39085980492797023
349,C2_annotated,Apul-Peve,-0.12035595105672969
349,C2_annotated,Apul-Ptuh,0.4389274775100692
349,C2_annotated,Peve-Ptuh,0.31420834778058465
349,C4_joint,Apul-Peve,0.2550984466908528
349,C4_joint,Apul-Ptuh,0.39755556338276227
349,C4_joint,Peve-Ptuh,0.3355640872107359
350,primary,Apul-Peve,0.2911291606943781
350,primary,Apul-Ptuh,0.4724968508983461
350,primary,Peve-Ptuh,0.371041529680712
350,C1_cpg20,Apul-Ptuh,0.34036398064380385
350,C1_cpg20,Peve-Ptuh,0.3795695481699833
350,C2_annotated,Apul-Peve,-0.10611790878754171
350,C2_annotated,Apul-Ptuh,0.4146274992161686
350,C2_annotated,Peve-Ptuh,0.31278669591256036
350,C4_joint,Apul-Peve,0.2750167306540806
350,C4_joint,Apul-Ptuh,0.4110105315064634
350,C4_joint,Peve-Ptuh,0.3523299637208976
351,primary,Apul-Peve,0.2607262302914477
351,primary,Apul-Ptuh,0.46853147876300055
351,primary,Peve-Ptuh,0.367861598544195
351,C1_cpg20,Apul-Ptuh,0.35293498842836096
351,C1_cpg20,Peve-Ptuh,0.3879560130466585
351,C2_annotated,Apul-Peve,-0.13236929922135707
351,C2_annotated,Apul-Ptuh,0.4404475074162506
351,C2_annotated,Peve-Ptuh,0.3112642837275052
351,C4_joint,Apul-Peve,0.24479588602021776
351,C4_joint,Apul-Ptuh,0.37073368320946787
351,C4_joint,Peve-Ptuh,0.31214117149801
352,primary,Apul-Peve,0.29219620958751397
352,primary,Apul-Ptuh,0.47851946991018957
352,primary,Peve-Ptuh,0.36972791838618196
352,C1_cpg20,Apul-Ptuh,0.35836576898800754
352,C1_cpg20,Peve-Ptuh,0.3840931850358971
352,C2_annotated,Apul-Peve,-0.10789766407119022
352,C2_annotated,Apul-Ptuh,0.4316384487374285
352,C2_annotated,Peve-Ptuh,0.31423882989329993
352,C4_joint,Apul-Peve,0.2766897960621324
352,C4_joint,Apul-Ptuh,0.41432143989292386
352,C4_joint,Peve-Ptuh,0.3310908386460499
353,primary,Apul-Peve,0.28891543239369327
353,primary,Apul-Ptuh,0.4709402183447735
353,primary,Peve-Ptuh,0.3707373271858947
353,C1_cpg20,Apul-Ptuh,0.3538423101199242
353,C1_cpg20,Peve-Ptuh,0.39495807552370277
353,C2_annotated,Apul-Peve,-0.09187986651835373
353,C2_annotated,Apul-Ptuh,0.43472614137906085
353,C2_annotated,Peve-Ptuh,0.317931399158609
353,C4_joint,Apul-Peve,0.2683420802366948
353,C4_joint,Apul-Ptuh,0.3812299672431405
353,C4_joint,Peve-Ptuh,0.34813849459335716
354,primary,Apul-Peve,0.2850135371874502
354,primary,Apul-Ptuh,0.4740878518273227
354,primary,Peve-Ptuh,0.3618536257055549
354,C1_cpg20,Apul-Ptuh,0.3479512939196297
354,C1_cpg20,Peve-Ptuh,0.38449343743034825
354,C2_annotated,Apul-Peve,-0.10077864293659622
354,C2_annotated,Apul-Ptuh,0.4317373320792032
354,C2_annotated,Peve-Ptuh,0.30391047403495536
354,C4_joint,Apul-Peve,0.26828924659222997
354,C4_joint,Apul-Ptuh,0.3879926737346343
354,C4_joint,Peve-Ptuh,0.32369412842097856
355,primary,Apul-Peve,0.29802516324255457
355,primary,Apul-Ptuh,0.47458008721246703
355,primary,Peve-Ptuh,0.3709263038660693
355,C1_cpg20,Apul-Ptuh,0.34469019566589515
355,C1_cpg20,Peve-Ptuh,0.38280139005302166
355,C2_annotated,Apul-Peve,-0.13103448275862067
355,C2_annotated,Apul-Ptuh,0.4209276945710633
355,C2_annotated,Peve-Ptuh,0.3106580283746133
355,C4_joint,Apul-Peve,0.2765841287732028
355,C4_joint,Apul-Ptuh,0.3933817054700434
355,C4_joint,Peve-Ptuh,0.32601880877742956
356,primary,Apul-Peve,0.2849976110845676
356,primary,Apul-Ptuh,0.471411223960244
356,primary,Peve-Ptuh,0.3663068827175804
356,C1_cpg20,Apul-Ptuh,0.3514622343782874
356,C1_cpg20,Peve-Ptuh,0.3825063020131911
356,C2_annotated,Apul-Peve,-0.14126807563959956
356,C2_annotated,Apul-Ptuh,0.42406181414755323
356,C2_annotated,Peve-Ptuh,0.30949293428860886
356,C4_joint,Apul-Peve,0.26760240921418765
356,C4_joint,Apul-Ptuh,0.3876756718678455
356,C4_joint,Peve-Ptuh,0.31821704061146144
357,primary,Apul-Peve,0.30525561395126616
357,primary,Apul-Ptuh,0.47682172433604164
357,primary,Peve-Ptuh,0.3641197598275308
357,C1_cpg20,Apul-Ptuh,0.3485824742268041
357,C1_cpg20,Peve-Ptuh,0.38671601543247663
357,C2_annotated,Apul-Peve,-0.08298109010011123
357,C2_annotated,Apul-Ptuh,0.4302166992258158
357,C2_annotated,Peve-Ptuh,0.3070594456235095
357,C4_joint,Apul-Peve,0.2872917473847347
357,C4_joint,Apul-Ptuh,0.4090732978760876
357,C4_joint,Peve-Ptuh,0.32718114895565503
358,primary,Apul-Peve,0.2814938684503902
358,primary,Apul-Ptuh,0.4770150472490864
358,primary,Peve-Ptuh,0.3629249429379112
358,C1_cpg20,Apul-Ptuh,0.36282347990742686
358,C1_cpg20,Peve-Ptuh,0.3796323328593089
358,C2_annotated,Apul-Peve,-0.10967741935483871
358,C2_annotated,Apul-Ptuh,0.4407525987024576
358,C2_annotated,Peve-Ptuh,0.30533297262833287
358,C4_joint,Apul-Peve,0.26416822232397597
358,C4_joint,Apul-Ptuh,0.37543587756683466
358,C4_joint,Peve-Ptuh,0.3144306294248178
359,primary,Apul-Peve,0.2779582736104475
359,primary,Apul-Ptuh,0.48065189826806093
359,primary,Peve-Ptuh,0.36247334444803814
359,C1_cpg20,Apul-Ptuh,0.34988428361035134
359,C1_cpg20,Peve-Ptuh,0.38961195922762276
359,C2_annotated,Apul-Peve,-0.10300333704115684
359,C2_annotated,Apul-Ptuh,0.44495430337806247
359,C2_annotated,Peve-Ptuh,0.3153454999299335
359,C4_joint,Apul-Peve,0.2572998485435526
359,C4_joint,Apul-Ptuh,0.3900707970835829
359,C4_joint,Peve-Ptuh,0.3344017470325104
360,primary,Apul-Peve,0.27963051441312314
360,primary,Apul-Ptuh,0.4784758461578534
360,primary,Peve-Ptuh,0.3712078259871854
360,C1_cpg20,Apul-Ptuh,0.35421049863244264
360,C1_cpg20,Peve-Ptuh,0.38750553290074685
360,C2_annotated,Apul-Peve,-0.1150166852057842
360,C2_annotated,Apul-Ptuh,0.44117044111617587
360,C2_annotated,Peve-Ptuh,0.3146748934501984
360,C4_joint,Apul-Peve,0.26170265224895217
360,C4_joint,Apul-Ptuh,0.4082984044239373
360,C4_joint,Peve-Ptuh,0.3284315452079885
361,primary,Apul-Peve,0.28760949195731805
361,primary,Apul-Ptuh,0.4768801331906699
361,primary,Peve-Ptuh,0.3746113094784705
361,C1_cpg20,Apul-Ptuh,0.3688854407742478
361,C1_cpg20,Peve-Ptuh,0.37873451180195195
361,C2_annotated,Apul-Peve,-0.11590656284760845
361,C2_annotated,Apul-Ptuh,0.4396709114149965
361,C2_annotated,Peve-Ptuh,0.3196451712734876
361,C4_joint,Apul-Peve,0.270878095171005
361,C4_joint,Apul-Ptuh,0.4115740903807546
361,C4_joint,Peve-Ptuh,0.3290303265119229
362,primary,Apul-Peve,0.2814301640388597
362,primary,Apul-Ptuh,0.4772193049773681
362,primary,Peve-Ptuh,0.3672109255853899
362,C1_cpg20,Apul-Ptuh,0.35156743109614974
362,C1_cpg20,Peve-Ptuh,0.3923697767062524
362,C2_annotated,Apul-Peve,-0.10033370411568408
362,C2_annotated,Apul-Ptuh,0.43380845573161614
362,C2_annotated,Peve-Ptuh,0.3173429250381344
362,C4_joint,Apul-Peve,0.26668662604346455
362,C4_joint,Apul-Ptuh,0.3910218026839492
362,C4_joint,Peve-Ptuh,0.33093233771265546
363,primary,Apul-Peve,0.28037904124860646
363,primary,Apul-Ptuh,0.47695294670989935
363,primary,Peve-Ptuh,0.3693808663741507
363,C1_cpg20,Apul-Ptuh,0.3333289501367557
363,C1_cpg20,Peve-Ptuh,0.3841544001079897
363,C2_annotated,Apul-Peve,-0.1381535038932147
363,C2_annotated,Apul-Ptuh,0.42254479897740155
363,C2_annotated,Peve-Ptuh,0.32431909522315655
363,C4_joint,Apul-Peve,0.26101581487090986
363,C4_joint,Apul-Ptuh,0.37938078968687267
363,C4_joint,Peve-Ptuh,0.3167729209960904
364,primary,Apul-Peve,0.28958432871476353
364,primary,Apul-Ptuh,0.46767925622618856
364,primary,Peve-Ptuh,0.3730696520488354
364,C1_cpg20,Apul-Ptuh,0.3566957710919419
364,C1_cpg20,Peve-Ptuh,0.381208228561383
364,C2_annotated,Apul-Peve,-0.12124582869855394
364,C2_annotated,Apul-Ptuh,0.42426802209198555
364,C2_annotated,Peve-Ptuh,0.31362580073758245
364,C4_joint,Apul-Peve,0.2736782783276391
364,C4_joint,Apul-Ptuh,0.40393082314818085
364,C4_joint,Peve-Ptuh,0.3327286816244585
365,primary,Apul-Peve,0.284472049689441
365,primary,Apul-Ptuh,0.47345301649154004
365,primary,Peve-Ptuh,0.36842762982865124
365,C1_cpg20,Apul-Ptuh,0.35167262781401215
365,C1_cpg20,Peve-Ptuh,0.38630791495185984
365,C2_annotated,Apul-Peve,-0.15550611790878754
365,C2_annotated,Apul-Ptuh,0.42813773725972554
365,C2_annotated,Peve-Ptuh,0.31459445454164425
365,C4_joint,Apul-Peve,0.26355182980522
365,C4_joint,Apul-Ptuh,0.38723539149730557
365,C4_joint,Peve-Ptuh,0.3420097918354409
366,primary,Apul-Peve,0.2690555820990604
366,primary,Apul-Ptuh,0.4680439406698866
366,primary,Peve-Ptuh,0.3706401293606042
366,C1_cpg20,Apul-Ptuh,0.3493845992005049
366,C1_cpg20,Peve-Ptuh,0.3786089424233007
366,C2_annotated,Apul-Peve,-0.16307007786429364
366,C2_annotated,Apul-Ptuh,0.4328431372549019
366,C2_annotated,Peve-Ptuh,0.3157155189092823
366,C4_joint,Apul-Peve,0.24955091402204932
366,C4_joint,Apul-Ptuh,0.41601211651579734
366,C4_joint,Peve-Ptuh,0.31694903314430634
367,primary,Apul-Peve,0.27345118649466477
367,primary,Apul-Ptuh,0.47179182483565674
367,primary,Peve-Ptuh,0.36154181021816656
367,C1_cpg20,Apul-Ptuh,0.33985114664422467
367,C1_cpg20,Peve-Ptuh,0.38562042260374385
367,C2_annotated,Apul-Peve,-0.10077864293659622
367,C2_annotated,Apul-Ptuh,0.4263831608904324
367,C2_annotated,Peve-Ptuh,0.3048503391770083
367,C4_joint,Apul-Peve,0.24981508224437327
367,C4_joint,Apul-Ptuh,0.3738332570180692
367,C4_joint,Peve-Ptuh,0.3179528723891375
368,primary,Apul-Peve,0.2711578276795668
368,primary,Apul-Ptuh,0.47778545118597404
368,primary,Peve-Ptuh,0.37450538843252573
368,C1_cpg20,Apul-Ptuh,0.3396933515674311
368,C1_cpg20,Peve-Ptuh,0.383925235991951
368,C2_annotated,Apul-Peve,-0.12302558398220245
368,C2_annotated,Apul-Ptuh,0.4363981139811398
368,C2_annotated,Peve-Ptuh,0.3200566797951433
368,C4_joint,Apul-Peve,0.25201648409707306
368,C4_joint,Apul-Ptuh,0.38938395970554057
368,C4_joint,Peve-Ptuh,0.3543904758550246
369,primary,Apul-Peve,0.2630992196209587
369,primary,Apul-Ptuh,0.47227703801036103
369,primary,Peve-Ptuh,0.3599698858562613
369,C1_cpg20,Apul-Ptuh,0.34382232274353036
369,C1_cpg20,Peve-Ptuh,0.38058822975429213
369,C2_annotated,Apul-Peve,-0.11234705228031147
369,C2_annotated,Apul-Ptuh,0.4260111424643658
369,C2_annotated,Peve-Ptuh,0.30717629372225125
369,C4_joint,Apul-Peve,0.24377443556056502
369,C4_joint,Apul-Ptuh,0.376298827093093
369,C4_joint,Peve-Ptuh,0.34262618435419684
370,primary,Apul-Peve,0.2740086000955566
370,primary,Apul-Ptuh,0.47164571098183794
370,primary,Peve-Ptuh,0.36300218309170473
370,C1_cpg20,Apul-Ptuh,0.3513570376604249
370,C1_cpg20,Peve-Ptuh,0.381895720909499
370,C2_annotated,Apul-Peve,-0.13548387096774195
370,C2_annotated,Apul-Ptuh,0.43362190893416136
370,C2_annotated,Peve-Ptuh,0.313164335420088
370,C4_joint,Apul-Peve,0.25740551583248217
370,C4_joint,Apul-Ptuh,0.3870064457046248
370,C4_joint,Peve-Ptuh,0.33260540312070735
371,primary,Apul-Peve,0.2936454849498328
371,primary,Apul-Ptuh,0.4757562343992384
371,primary,Peve-Ptuh,0.36092349247778843
371,C1_cpg20,Apul-Ptuh,0.37350094677046075
371,C1_cpg20,Peve-Ptuh,0.3803527871693209
371,C2_annotated,Apul-Peve,-0.07586206896551724
371,C2_annotated,Apul-Ptuh,0.42754564310348986
371,C2_annotated,Peve-Ptuh,0.29729670230110317
371,C4_joint,Apul-Peve,0.274999119439259
371,C4_joint,Apul-Ptuh,0.41433905110774555
371,C4_joint,Peve-Ptuh,0.31967877144165413
372,primary,Apul-Peve,0.27877050485746135
372,primary,Apul-Ptuh,0.4770096183443384
372,primary,Peve-Ptuh,0.36501402211460676
372,C1_cpg20,Apul-Ptuh,0.3571823059120555
372,C1_cpg20,Peve-Ptuh,0.3872261410332476
372,C2_annotated,Apul-Peve,-0.11012235817575085
372,C2_annotated,Apul-Ptuh,0.44137725200781414
372,C2_annotated,Peve-Ptuh,0.306804581292196
372,C4_joint,Apul-Peve,0.26120953823394744
372,C4_joint,Apul-Ptuh,0.40930224366876833
372,C4_joint,Peve-Ptuh,0.3296643302455004
373,primary,Apul-Peve,0.28566650740563787
373,primary,Apul-Ptuh,0.4749486027582475
373,primary,Peve-Ptuh,0.3734158581728033
373,C1_cpg20,Apul-Ptuh,0.34780664843256887
373,C1_cpg20,Peve-Ptuh,0.3834182496256463
373,C2_annotated,Apul-Peve,-0.1150166852057842
373,C2_annotated,Apul-Ptuh,0.42840243108313436
373,C2_annotated,Peve-Ptuh,0.3202048567319534
373,C4_joint,Apul-Peve,0.2689056391109859
373,C4_joint,Apul-Ptuh,0.3910922475432356
373,C4_joint,Peve-Ptuh,0.3388573843823748
374,primary,Apul-Peve,0.31450867972607105
374,primary,Apul-Ptuh,0.4759337509573021
374,primary,Peve-Ptuh,0.36217278984549445
374,C1_cpg20,Apul-Ptuh,0.3693588260046286
374,C1_cpg20,Peve-Ptuh,0.3838341981924288
374,C2_annotated,Apul-Peve,-0.12436040044493882
374,C2_annotated,Apul-Ptuh,0.4252118908496847
374,C2_annotated,Peve-Ptuh,0.31125073612185394
374,C4_joint,Apul-Peve,0.2976999753442993
374,C4_joint,Apul-Ptuh,0.41000669226163233
374,C4_joint,Peve-Ptuh,0.31372618083195386
375,primary,Apul-Peve,0.273355629877369
375,primary,Apul-Ptuh,0.4780808883135961
375,primary,Peve-Ptuh,0.36262787762362925
375,C1_cpg20,Apul-Ptuh,0.34237586787292235
375,C1_cpg20,Peve-Ptuh,0.3797688895585922
375,C2_annotated,Apul-Peve,-0.1563959955506118
375,C2_annotated,Apul-Ptuh,0.437227166389311
375,C2_annotated,Peve-Ptuh,0.305278782205728
375,C4_joint,Apul-Peve,0.2506075869113452
375,C4_joint,Apul-Ptuh,0.40461766052622317
375,C4_joint,Peve-Ptuh,0.3341023563805432
376,primary,Apul-Peve,0.2807453416149069
376,primary,Apul-Ptuh,0.47980481123784824
376,primary,Peve-Ptuh,0.363289732165273
376,C1_cpg20,Apul-Ptuh,0.34191563223227434
376,C1_cpg20,Peve-Ptuh,0.3805113185098682
376,C2_annotated,Apul-Peve,-0.13592880978865407
376,C2_annotated,Apul-Ptuh,0.4332881122928876
376,C2_annotated,Peve-Ptuh,0.3083998118576265
376,C4_joint,Apul-Peve,0.2595012503962524
376,C4_joint,Apul-Ptuh,0.3984185129090206
376,C4_joint,Peve-Ptuh,0.31372618083195386
377,primary,Apul-Peve,0.2943303073737856
377,primary,Apul-Ptuh,0.48263084493067065
377,primary,Peve-Ptuh,0.3651844156913875
377,C1_cpg20,Apul-Ptuh,0.3642699347780349
377,C1_cpg20,Peve-Ptuh,0.3816273163626318
377,C2_annotated,Apul-Peve,-0.13592880978865407
377,C2_annotated,Apul-Ptuh,0.4366344692858693
377,C2_annotated,Peve-Ptuh,0.3123447052781895
377,C4_joint,Apul-Peve,0.27554506709872856
377,C4_joint,Apul-Ptuh,0.3960233876932832
377,C4_joint,Peve-Ptuh,0.29717163889965137
378,primary,Apul-Peve,0.290157668418538
378,primary,Apul-Ptuh,0.4700651636057237
378,primary,Peve-Ptuh,0.36351151344190813
378,C1_cpg20,Apul-Ptuh,0.360180412371134
378,C1_cpg20,Peve-Ptuh,0.38189886014396535
378,C2_annotated,Apul-Peve,-0.05094549499443826
378,C2_annotated,Apul-Ptuh,0.43093239755926965
378,C2_annotated,Peve-Ptuh,0.3034845711822953
378,C4_joint,Apul-Peve,0.2725159381494136
378,C4_joint,Apul-Ptuh,0.4045119932372936
378,C4_joint,Peve-Ptuh,0.3386812722341588
379,primary,Apul-Peve,0.2821946169772257
379,primary,Apul-Ptuh,0.4745701332413067
379,primary,Peve-Ptuh,0.3688533494305832
379,C1_cpg20,Apul-Ptuh,0.35077845571218175
379,C1_cpg20,Peve-Ptuh,0.3879340384053945
379,C2_annotated,Apul-Peve,-0.10122358175750834
379,C2_annotated,Apul-Ptuh,0.42464281778978386
379,C2_annotated,Peve-Ptuh,0.3126444460532226
379,C4_joint,Apul-Peve,0.26568278679863344
379,C4_joint,Apul-Ptuh,0.4003557465393963
379,C4_joint,Peve-Ptuh,0.33380296572857604
380,primary,Apul-Peve,0.2705526357700271
380,primary,Apul-Ptuh,0.47030149422517586
380,primary,Peve-Ptuh,0.3600457514419517
380,C1_cpg20,Apul-Ptuh,0.3411398064380391
380,C1_cpg20,Peve-Ptuh,0.37891972663546264
380,C2_annotated,Apul-Peve,-0.10166852057842046
380,C2_annotated,Apul-Ptuh,0.4315082121409449
380,C2_annotated,Peve-Ptuh,0.3045988617471077
380,C4_joint,Apul-Peve,0.25444683174245364
380,C4_joint,Apul-Ptuh,0.3792222887534783
380,C4_joint,Peve-Ptuh,0.3288894367933501
381,primary,Apul-Peve,0.24696607740086005
381,primary,Apul-Ptuh,0.4767246200965078
381,primary,Peve-Ptuh,0.3673909940068963
381,C1_cpg20,Apul-Ptuh,0.329949505575426
381,C1_cpg20,Peve-Ptuh,0.37819613309098443
381,C2_annotated,Apul-Peve,-0.20088987764182425
381,C2_annotated,Apul-Ptuh,0.42596109784627256
381,C2_annotated,Peve-Ptuh,0.31669941376970173
381,C4_joint,Apul-Peve,0.22780106371737527
381,C4_joint,Apul-Ptuh,0.38769328308266715
381,C4_joint,Peve-Ptuh,0.3422211264133001
382,primary,Apul-Peve,0.2860646599777035
382,primary,Apul-Ptuh,0.4792975744211878
382,primary,Peve-Ptuh,0.37235408361516276
382,C1_cpg20,Apul-Ptuh,0.3349200504944245
382,C1_cpg20,Peve-Ptuh,0.3915912465586142
382,C2_annotated,Apul-Peve,-0.12258064516129032
382,C2_annotated,Apul-Ptuh,0.4266418252417818
382,C2_annotated,Peve-Ptuh,0.3193268025406841
382,C4_joint,Apul-Peve,0.2670916839843613
382,C4_joint,Apul-Ptuh,0.38871473354231983
382,C4_joint,Peve-Ptuh,0.34486280863653984
383,primary,Apul-Peve,0.2861442904921166
383,primary,Apul-Ptuh,0.4775190498246204
383,primary,Peve-Ptuh,0.3717475818736709
383,C1_cpg20,Apul-Ptuh,0.3531716810435514
383,C1_cpg20,Peve-Ptuh,0.3870048250033747
383,C2_annotated,Apul-Peve,-0.074972191323693
383,C2_annotated,Apul-Ptuh,0.431643875262282
383,C2_annotated,Peve-Ptuh,0.31387558471677673
383,C4_joint,Apul-Peve,0.2668275157620373
383,C4_joint,Apul-Ptuh,0.41196153710682976
383,C4_joint,Peve-Ptuh,0.33758937691521973
384,primary,Apul-Peve,0.2866220735785953
384,primary,Apul-Ptuh,0.47572768909994406
384,primary,Peve-Ptuh,0.3679240620908802
384,C1_cpg20,Apul-Ptuh,0.3473990111508521
384,C1_cpg20,Peve-Ptuh,0.38697814151041127
384,C2_annotated,Apul-Peve,-0.11724137931034483
384,C2_annotated,Apul-Ptuh,0.4365410124689482
384,C2_annotated,Peve-Ptuh,0.3121685864047237
384,C4_joint,Apul-Peve,0.2659293438061358
384,C4_joint,Apul-Ptuh,0.3994399633686733
384,C4_joint,Peve-Ptuh,0.32520869289563603
385,primary,Apul-Peve,0.2714604236343367
385,primary,Apul-Ptuh,0.47480829372623257
385,primary,Peve-Ptuh,0.3622028717397508
385,C1_cpg20,Apul-Ptuh,0.34348043341047757
385,C1_cpg20,Peve-Ptuh,0.38027273669043066
385,C2_annotated,Apul-Peve,-0.1746384872080089
385,C2_annotated,Apul-Ptuh,0.4244392590984733
385,C2_annotated,Peve-Ptuh,0.30658697287642345
385,C4_joint,Apul-Peve,0.25421788594977285
385,C4_joint,Apul-Ptuh,0.3967278362861471
385,C4_joint,Peve-Ptuh,0.31885104434503897
386,primary,Apul-Peve,0.27069597069597073
386,primary,Apul-Ptuh,0.47308625739456056
386,primary,Peve-Ptuh,0.3688202804941028
386,C1_cpg20,Apul-Ptuh,0.3560777403745003
386,C1_cpg20,Peve-Ptuh,0.3805128881271013
386,C2_annotated,Apul-Peve,-0.15016685205784203
386,C2_annotated,Apul-Ptuh,0.4187299520054024
386,C2_annotated,Peve-Ptuh,0.3090577174570636
386,C4_joint,Apul-Peve,0.2541298298756649
386,C4_joint,Apul-Ptuh,0.3818111373322533
386,C4_joint,Peve-Ptuh,0.3330809059208905
387,primary,Apul-Peve,0.28502946329033285
387,primary,Apul-Ptuh,0.4732534708075759
387,primary,Peve-Ptuh,0.36912355779885075
387,C1_cpg20,Apul-Ptuh,0.3531190826846202
387,C1_cpg20,Peve-Ptuh,0.3903010211929719
387,C2_annotated,Apul-Peve,-0.09454949944382647
387,C2_annotated,Apul-Ptuh,0.4274660540723054
387,C2_annotated,Peve-Ptuh,0.3216900130014678
387,C4_joint,Apul-Peve,0.2714768764749393
387,C4_joint,Apul-Ptuh,0.4056038885562327
387,C4_joint,Peve-Ptuh,0.3406713395089994
388,primary,Apul-Peve,0.2841535276317885
388,primary,Apul-Ptuh,0.4735038934776504
388,primary,Peve-Ptuh,0.3731404423061452
388,C1_cpg20,Apul-Ptuh,0.3519224700189354
388,C1_cpg20,Peve-Ptuh,0.38642563624434545
388,C2_annotated,Apul-Peve,-0.0896551724137931
388,C2_annotated,Apul-Ptuh,0.4287901261365554
388,C2_annotated,Peve-Ptuh,0.31795510746849864
388,C4_joint,Apul-Peve,0.2639568877461168
388,C4_joint,Apul-Ptuh,0.401993589517805
388,C4_joint,Peve-Ptuh,0.3481737170230003
389,primary,Apul-Peve,0.27117375378244946
389,primary,Apul-Ptuh,0.47484766748212215
389,primary,Peve-Ptuh,0.3656086549892084
389,C1_cpg20,Apul-Ptuh,0.35925994108983794
389,C1_cpg20,Peve-Ptuh,0.3805223058305002
389,C2_annotated,Apul-Peve,-0.12880978865406006
389,C2_annotated,Apul-Ptuh,0.42237657670694356
389,C2_annotated,Peve-Ptuh,0.3034667899498781
389,C4_joint,Apul-Peve,0.2547286111795992
389,C4_joint,Apul-Ptuh,0.4000387446726076
389,C4_joint,Peve-Ptuh,0.3254024162586736
390,primary,Apul-Peve,0.27789456919891703
390,primary,Apul-Ptuh,0.4720927632718962
390,primary,Peve-Ptuh,0.3615080275636326
390,C1_cpg20,Apul-Ptuh,0.35422364822217545
390,C1_cpg20,Peve-Ptuh,0.37911278955513905
390,C2_annotated,Apul-Peve,-0.1114571746384872
390,C2_annotated,Apul-Ptuh,0.4155620673853797
390,C2_annotated,Peve-Ptuh,0.29752023779434816
390,C4_joint,Apul-Peve,0.25812757564016775
390,C4_joint,Apul-Ptuh,0.396252333485964
390,C4_joint,Peve-Ptuh,0.32593075270332156
391,primary,Apul-Peve,0.30797897754419495
391,primary,Apul-Ptuh,0.4807702892279922
391,primary,Peve-Ptuh,0.3589926472369615
391,C1_cpg20,Apul-Ptuh,0.3648222175468125
391,C1_cpg20,Peve-Ptuh,0.3844589058512191
391,C2_annotated,Apul-Peve,-0.08476084538375973
391,C2_annotated,Apul-Ptuh,0.43728082869063983
391,C2_annotated,Peve-Ptuh,0.3062211875238406
391,C4_joint,Apul-Peve,0.2861646296361524
391,C4_joint,Apul-Ptuh,0.38528054665210815
391,C4_joint,Peve-Ptuh,0.329946109682646
392,primary,Apul-Peve,0.2796942188246536
392,primary,Apul-Ptuh,0.46355976768020263
392,primary,Peve-Ptuh,0.3687017504292122
392,C1_cpg20,Apul-Ptuh,0.3503313696612665
392,C1_cpg20,Peve-Ptuh,0.38954132645213135
392,C2_annotated,Apul-Peve,-0.09588431590656285
392,C2_annotated,Apul-Ptuh,0.42537660465002475
392,C2_annotated,Peve-Ptuh,0.32460190149112567
392,C4_joint,Apul-Peve,0.2618963756119898
392,C4_joint,Apul-Ptuh,0.36013173188686565
392,C4_joint,Peve-Ptuh,0.3333979077876793
393,primary,Apul-Peve,0.2913202739289696
393,primary,Apul-Ptuh,0.47835925946582
393,primary,Peve-Ptuh,0.37049553536975866
393,C1_cpg20,Apul-Ptuh,0.3351435935198821
393,C1_cpg20,Peve-Ptuh,0.3861682190181102
393,C2_annotated,Apul-Peve,-0.12035595105672969
393,C2_annotated,Apul-Ptuh,0.42914465909364974
393,C2_annotated,Peve-Ptuh,0.318858563420364
393,C4_joint,Apul-Peve,0.2704025923708218
393,C4_joint,Apul-Ptuh,0.3989468493536685
393,C4_joint,Peve-Ptuh,0.334419358247332
394,primary,Apul-Peve,0.27435897435897433
394,primary,Apul-Ptuh,0.4718090356187937
394,primary,Peve-Ptuh,0.3691555693752518
394,C1_cpg20,Apul-Ptuh,0.34307279612876074
394,C1_cpg20,Peve-Ptuh,0.3806965333433789
394,C2_annotated,Apul-Peve,-0.07942157953281423
394,C2_annotated,Apul-Ptuh,0.4294551769047102
394,C2_annotated,Peve-Ptuh,0.31393824239291357
394,C4_joint,Apul-Peve,0.255309781268712
394,C4_joint,Apul-Ptuh,0.4072241203198198
394,C4_joint,Peve-Ptuh,0.3483146067415731
395,primary,Apul-Peve,0.2953017996496257
395,primary,Apul-Ptuh,0.4740845405804232
395,primary,Peve-Ptuh,0.36582081428912183
395,C1_cpg20,Apul-Ptuh,0.3643882810856301
395,C1_cpg20,Peve-Ptuh,0.3901785910487869
395,C2_annotated,Apul-Peve,-0.06696329254727475
395,C2_annotated,Apul-Ptuh,0.42867858090345606
395,C2_annotated,Peve-Ptuh,0.31773326542596003
395,C4_joint,Apul-Peve,0.2750343418689022
395,C4_joint,Apul-Ptuh,0.38732344757141357
395,C4_joint,Peve-Ptuh,0.3335916311507168
396,primary,Apul-Peve,0.2724319159101768
396,primary,Apul-Ptuh,0.4726395810394848
396,primary,Peve-Ptuh,0.3673342930726433
396,C1_cpg20,Apul-Ptuh,0.3501209762255418
396,C1_cpg20,Peve-Ptuh,0.38667834461888123
396,C2_annotated,Apul-Peve,-0.11590656284760845
396,C2_annotated,Apul-Ptuh,0.43051214335672766
396,C2_annotated,Peve-Ptuh,0.3087639037595029
396,C4_joint,Apul-Peve,0.25656017752104543
396,C4_joint,Apul-Ptuh,0.3896833503575078
396,C4_joint,Peve-Ptuh,0.3476101581487092
397,primary,Apul-Peve,0.29050804268195574
397,primary,Apul-Ptuh,0.4688118747169681
397,primary,Peve-Ptuh,0.365036702488308
397,C1_cpg20,Apul-Ptuh,0.34862192299600253
397,C1_cpg20,Peve-Ptuh,0.3802570405180993
397,C2_annotated,Apul-Peve,-0.08921023359288098
397,C2_annotated,Apul-Ptuh,0.4313141281555483
397,C2_annotated,Peve-Ptuh,0.3093430639010923
397,C4_joint,Apul-Peve,0.27214610263816
397,C4_joint,Apul-Ptuh,0.39199041949913715
397,C4_joint,Peve-Ptuh,0.3289422704378149
398,primary,Apul-Peve,0.278786430960344
398,primary,Apul-Ptuh,0.4775612874736166
398,primary,Peve-Ptuh,0.3647455583904701
398,C1_cpg20,Apul-Ptuh,0.3613375762676204
398,C1_cpg20,Peve-Ptuh,0.3866987496429121
398,C2_annotated,Apul-Peve,-0.14794215795328142
398,C2_annotated,Apul-Ptuh,0.425672286134626
398,C2_annotated,Peve-Ptuh,0.3056267863258936
398,C4_joint,Apul-Peve,0.26198443168609775
398,C4_joint,Apul-Ptuh,0.3948434363002361
398,C4_joint,Peve-Ptuh,0.3232538480504386
399,primary,Apul-Peve,0.3060041407867495
399,primary,Apul-Ptuh,0.47500850865310623
399,primary,Peve-Ptuh,0.367728291872196
399,C1_cpg20,Apul-Ptuh,0.35526246581106663
399,C1_cpg20,Peve-Ptuh,0.3818172400478419
399,C2_annotated,Apul-Peve,-0.13058954393770858
399,C2_annotated,Apul-Ptuh,0.43291609386682095
399,C2_annotated,Peve-Ptuh,0.31258094165173256
399,C4_joint,Apul-Peve,0.29169455109013426
399,C4_joint,Apul-Ptuh,0.40528688668944396
399,C4_joint,Peve-Ptuh,0.34051283857560505
400,primary,Apul-Peve,0.2663481446090142
400,primary,Apul-Ptuh,0.4787188762767816
400,primary,Peve-Ptuh,0.3699776668369149
400,C1_cpg20,Apul-Ptuh,0.34688617715127285
400,C1_cpg20,Peve-Ptuh,0.37628120006655175
400,C2_annotated,Apul-Peve,-0.1804226918798665
400,C2_annotated,Apul-Ptuh,0.4353646624701541
400,C2_annotated,Peve-Ptuh,0.3089493366118539
400,C4_joint,Apul-Peve,0.24925152337008213
400,C4_joint,Apul-Ptuh,0.4096192455355572
400,C4_joint,Peve-Ptuh,0.3217921172202459
401,primary,Apul-Peve,0.27200191113234595
401,primary,Apul-Ptuh,0.4749564912749896
401,primary,Peve-Ptuh,0.3658781760734244
401,C1_cpg20,Apul-Ptuh,0.34203397853986955
401,C1_cpg20,Peve-Ptuh,0.3780642852434006
401,C2_annotated,Apul-Peve,-0.10878754171301447
401,C2_annotated,Apul-Ptuh,0.4286333598630103
401,C2_annotated,Peve-Ptuh,0.30919912059104815
401,C4_joint,Apul-Peve,0.25155859251171153
401,C4_joint,Apul-Ptuh,0.40072558205065
401,C4_joint,Peve-Ptuh,0.3369377619668205
402,primary,Apul-Peve,0.299108138238573
402,primary,Apul-Ptuh,0.47964675695422965
402,primary,Peve-Ptuh,0.3706084349922269
402,C1_cpg20,Apul-Ptuh,0.34371712602566795
402,C1_cpg20,Peve-Ptuh,0.38637697811011806
402,C2_annotated,Apul-Peve,-0.15239154616240266
402,C2_annotated,Apul-Ptuh,0.4352428671345537
402,C2_annotated,Peve-Ptuh,0.31904145609665535
402,C4_joint,Apul-Peve,0.2790496988482266
402,C4_joint,Apul-Ptuh,0.4054453876228384
402,C4_joint,Peve-Ptuh,0.33123172836462267
403,primary,Apul-Peve,0.2698837394489569
403,primary,Apul-Ptuh,0.4795862304417209
403,primary,Peve-Ptuh,0.3577102016307691
403,C1_cpg20,Apul-Ptuh,0.3491610561750473
403,C1_cpg20,Peve-Ptuh,0.380109496498184
403,C2_annotated,Apul-Peve,-0.14438264738598444
403,C2_annotated,Apul-Ptuh,0.43447230060535896
403,C2_annotated,Peve-Ptuh,0.29766079420297953
403,C4_joint,Apul-Peve,0.24992074953330287
403,C4_joint,Apul-Ptuh,0.39077524567644684
403,C4_joint,Peve-Ptuh,0.32269028917614745
404,primary,Apul-Peve,0.2749641662685141
404,primary,Apul-Ptuh,0.47140036615074804
404,primary,Peve-Ptuh,0.3699001623431015
404,C1_cpg20,Apul-Ptuh,0.34687302756154004
404,C1_cpg20,Peve-Ptuh,0.38394407139874875
404,C2_annotated,Apul-Peve,-0.1114571746384872
404,C2_annotated,Apul-Ptuh,0.4366206015001326
404,C2_annotated,Peve-Ptuh,0.31693310996718516
404,C4_joint,Apul-Peve,0.25673628966926143
404,C4_joint,Apul-Ptuh,0.3893487372758974
404,C4_joint,Peve-Ptuh,0.31918565742664934
405,primary,Apul-Peve,0.26136327440675267
405,primary,Apul-Ptuh,0.4711288439076109
405,primary,Peve-Ptuh,0.372436346229333
405,C1_cpg20,Apul-Ptuh,0.3473727119713864
405,C1_cpg20,Peve-Ptuh,0.3840021472363749
405,C2_annotated,Apul-Peve,-0.13681868743047831
405,C2_annotated,Apul-Ptuh,0.43373248438366735
405,C2_annotated,Peve-Ptuh,0.31663675609356484
405,C4_joint,Apul-Peve,0.24078052904089328
405,C4_joint,Apul-Ptuh,0.38880278961642784
405,C4_joint,Peve-Ptuh,0.33024550033461314
406,primary,Apul-Peve,0.3027233635929288
406,primary,Apul-Ptuh,0.4797690805739753
406,primary,Peve-Ptuh,0.3643193101084985
406,C1_cpg20,Apul-Ptuh,0.3541710498632442
406,C1_cpg20,Peve-Ptuh,0.3877048742893558
406,C2_annotated,Apul-Peve,-0.09098998887652948
406,C2_annotated,Apul-Ptuh,0.4426060584135253
406,C2_annotated,Peve-Ptuh,0.30986295326795765
406,C4_joint,Apul-Peve,0.28771441654045304
406,C4_joint,Apul-Ptuh,0.4027684829699554
406,C4_joint,Peve-Ptuh,0.3455320347997606
407,primary,Apul-Peve,0.26238254499124064
407,primary,Apul-Ptuh,0.4663544109533428
407,primary,Peve-Ptuh,0.3700469767901136
407,C1_cpg20,Apul-Ptuh,0.3421654744371975
407,C1_cpg20,Peve-Ptuh,0.3859390549020716
407,C2_annotated,Apul-Peve,-0.11056729699666296
407,C2_annotated,Apul-Ptuh,0.417913561488556
407,C2_annotated,Peve-Ptuh,0.3129069309127149
407,C4_joint,Apul-Peve,0.24844140748828858
407,C4_joint,Apul-Ptuh,0.37404459159592834
407,C4_joint,Peve-Ptuh,0.31598041632911844
408,primary,Apul-Peve,0.300764452938366
408,primary,Apul-Ptuh,0.47312544876298845
408,primary,Peve-Ptuh,0.3689060588305368
408,C1_cpg20,Apul-Ptuh,0.3608247422680412
408,C1_cpg20,Peve-Ptuh,0.39141387981126924
408,C2_annotated,Apul-Peve,-0.08876529477196886
408,C2_annotated,Apul-Ptuh,0.4303469358222994
408,C2_annotated,Peve-Ptuh,0.32785840719953635
408,C4_joint,Apul-Peve,0.2838223380648798
408,C4_joint,Apul-Ptuh,0.4017998661547674
408,C4_joint,Peve-Ptuh,0.3395794441900603
409,primary,Apul-Peve,0.27297340340818604
409,primary,Apul-Ptuh,0.4751903577107264
409,primary,Peve-Ptuh,0.3625852395784311
409,C1_cpg20,Apul-Ptuh,0.35426309699137387
409,C1_cpg20,Peve-Ptuh,0.38619333289384056
409,C2_annotated,Apul-Peve,-0.10611790878754171
409,C2_annotated,Apul-Ptuh,0.4461948001832959
409,C2_annotated,Peve-Ptuh,0.301860551954856
409,C4_joint,Apul-Peve,0.25700045789158543
409,C4_joint,Apul-Ptuh,0.3857208270226481
409,C4_joint,Peve-Ptuh,0.32013666302701566
410,primary,Apul-Peve,0.30582895365504065
410,primary,Apul-Ptuh,0.47610899769924175
410,primary,Peve-Ptuh,0.36560471632291297
410,C1_cpg20,Apul-Ptuh,0.3559067957079739
410,C1_cpg20,Peve-Ptuh,0.38595632069163616
410,C2_annotated,Apul-Peve,-0.060734149054505006
410,C2_annotated,Apul-Ptuh,0.4338470443527964
410,C2_annotated,Peve-Ptuh,0.3118095748549666
410,C4_joint,Apul-Peve,0.28493184459864046
410,C4_joint,Apul-Ptuh,0.39287098024021705
410,C4_joint,Peve-Ptuh,0.3325877919058857
411,primary,Apul-Peve,0.28862876254180603
411,primary,Apul-Ptuh,0.4750926805012423
411,primary,Peve-Ptuh,0.35680351536276134
411,C1_cpg20,Apul-Ptuh,0.36511150852093416
411,C1_cpg20,Peve-Ptuh,0.38152686085971077
411,C2_annotated,Apul-Peve,-0.07052280311457175
411,C2_annotated,Apul-Ptuh,0.435081880230567
411,C2_annotated,Peve-Ptuh,0.29775562744253803
411,C4_joint,Apul-Peve,0.27084287274136176
411,C4_joint,Apul-Ptuh,0.3952132718114897
411,C4_joint,Peve-Ptuh,0.31819942939663987
412,primary,Apul-Peve,0.2975792323618411
412,primary,Apul-Ptuh,0.476882307712759
412,primary,Peve-Ptuh,0.36580400226386084
412,C1_cpg20,Apul-Ptuh,0.3593256890385019
412,C1_cpg20,Peve-Ptuh,0.37487011417395755
412,C2_annotated,Apul-Peve,-0.12347052280311457
412,C2_annotated,Apul-Ptuh,0.4333598630103948
412,C2_annotated,Peve-Ptuh,0.3053016437902645
412,C4_joint,Apul-Peve,0.2781515268923251
412,C4_joint,Apul-Ptuh,0.4106406959952098
412,C4_joint,Peve-Ptuh,0.3275509844669086
413,primary,Apul-Peve,0.2906195254021341
413,primary,Apul-Ptuh,0.47398163709546737
413,primary,Peve-Ptuh,0.3584806734865599
413,C1_cpg20,Apul-Ptuh,0.3685830002103934
413,C1_cpg20,Peve-Ptuh,0.3816445821521963
413,C2_annotated,Apul-Peve,-0.11813125695216907
413,C2_annotated,Apul-Ptuh,0.4345102862793334
413,C2_annotated,Peve-Ptuh,0.29982925783252706
413,C4_joint,Apul-Peve,0.2712303194674369
413,C4_joint,Apul-Ptuh,0.4025747596069178
413,C4_joint,Peve-Ptuh,0.3179176499594943
414,primary,Apul-Peve,0.3007007485268355
414,primary,Apul-Ptuh,0.47891551043669395
414,primary,Peve-Ptuh,0.3619364169997648
414,C1_cpg20,Apul-Ptuh,0.35847096570586995
414,C1_cpg20,Peve-Ptuh,0.3758134541310756
414,C2_annotated,Apul-Peve,-0.14838709677419354
414,C2_annotated,Apul-Ptuh,0.4290391433326098
414,C2_annotated,Peve-Ptuh,0.29616463050387354
414,C4_joint,Apul-Peve,0.28436828572434936
414,C4_joint,Apul-Ptuh,0.40005635588742927
414,C4_joint,Peve-Ptuh,0.3069810855552817
415,primary,Apul-Peve,0.2770186335403727
415,primary,Apul-Ptuh,0.4755655296813912
415,primary,Peve-Ptuh,0.36709374365460046
415,C1_cpg20,Apul-Ptuh,0.3559988428361035
415,C1_cpg20,Peve-Ptuh,0.385300220688183
415,C2_annotated,Apul-Peve,-0.14527252502780869
415,C2_annotated,Apul-Ptuh,0.4429581795817958
415,C2_annotated,Peve-Ptuh,0.3178069305316885
415,C4_joint,Apul-Peve,0.25782818498820054
415,C4_joint,Apul-Ptuh,0.4097073016096651
415,C4_joint,Peve-Ptuh,0.3276918741854814
416,primary,Apul-Peve,0.28901098901098904
416,primary,Apul-Ptuh,0.48036252531780316
416,primary,Peve-Ptuh,0.37092728192414265
416,C1_cpg20,Apul-Ptuh,0.3560645907847675
416,C1_cpg20,Peve-Ptuh,0.386099155859852
416,C2_annotated,Apul-Peve,-0.0914349276974416
416,C2_annotated,Apul-Ptuh,0.4346797144442032
416,C2_annotated,Peve-Ptuh,0.3183776234197459
416,C4_joint,Apul-Peve,0.26920502976295313
416,C4_joint,Apul-Ptuh,0.4012363072804763
416,C4_joint,Peve-Ptuh,0.32793843119298377
417,primary,Apul-Peve,0.27627010670488933
417,primary,Apul-Ptuh,0.4684483510654774
417,primary,Peve-Ptuh,0.37612304361786114
417,C1_cpg20,Apul-Ptuh,0.3571823059120555
417,C1_cpg20,Peve-Ptuh,0.3827731369428251
417,C2_annotated,Apul-Peve,-0.0896551724137931
417,C2_annotated,Apul-Ptuh,0.4295172804669223
417,C2_annotated,Peve-Ptuh,0.31936151828016535
417,C4_joint,Apul-Peve,0.25995914198161396
417,C4_joint,Apul-Ptuh,0.3879398400901695
417,C4_joint,Peve-Ptuh,0.3420626254799057
418,primary,Apul-Peve,0.271954132823698
418,primary,Apul-Ptuh,0.47496637183317864
418,primary,Peve-Ptuh,0.36727249037600773
418,C1_cpg20,Apul-Ptuh,0.33502524721228694
418,C1_cpg20,Peve-Ptuh,0.3851165754719055
418,C2_annotated,Apul-Peve,-0.11101223581757509
418,C2_annotated,Apul-Ptuh,0.4299785350794684
418,C2_annotated,Peve-Ptuh,0.307533611821302
418,C4_joint,Apul-Peve,0.2561375083653271
418,C4_joint,Apul-Ptuh,0.3842943186220987
418,C4_joint,Peve-Ptuh,0.3310908386460499
419,primary,Apul-Peve,0.27319636884854276
419,primary,Apul-Ptuh,0.47508108656409803
419,primary,Peve-Ptuh,0.37203505164523315
419,C1_cpg20,Apul-Ptuh,0.3635993057016621
419,C1_cpg20,Peve-Ptuh,0.39087550110030167
419,C2_annotated,Apul-Peve,-0.1056729699666296
419,C2_annotated,Apul-Ptuh,0.43709753274003327
419,C2_annotated,Peve-Ptuh,0.3220930542695914
419,C4_joint,Apul-Peve,0.25823324292909733
419,C4_joint,Apul-Ptuh,0.3905462998837661
419,C4_joint,Peve-Ptuh,0.32913599380085246
420,primary,Apul-Peve,0.3229335881509795
420,primary,Apul-Ptuh,0.47535670841411193
420,primary,Peve-Ptuh,0.36333778918087756
420,C1_cpg20,Apul-Ptuh,0.368280559646539
420,C1_cpg20,Peve-Ptuh,0.3837023503448449
420,C2_annotated,Apul-Peve,-0.10700778642936595
420,C2_annotated,Apul-Ptuh,0.4275392684679095
420,C2_annotated,Peve-Ptuh,0.31161652147443675
420,C4_joint,Apul-Peve,0.30747419957028643
420,C4_joint,Apul-Ptuh,0.4030326511922793
420,C4_joint,Peve-Ptuh,0.30830192666690154
421,primary,Apul-Peve,0.2646121993948081
421,primary,Apul-Ptuh,0.4744054381916403
421,primary,Peve-Ptuh,0.3657701667413229
421,C1_cpg20,Apul-Ptuh,0.3450189354092152
421,C1_cpg20,Peve-Ptuh,0.38167283526239293
421,C2_annotated,Apul-Peve,-0.1150166852057842
421,C2_annotated,Apul-Ptuh,0.4418035356824156
421,C2_annotated,Peve-Ptuh,0.30389438625324455
421,C4_joint,Apul-Peve,0.2472966785248847
421,C4_joint,Apul-Ptuh,0.38695361206016
421,C4_joint,Peve-Ptuh,0.33183050966855704
422,primary,Apul-Peve,0.29096989966555187
422,primary,Apul-Ptuh,0.47605363057138705
422,primary,Peve-Ptuh,0.3661584293624453
422,C1_cpg20,Apul-Ptuh,0.336603197980223
422,C1_cpg20,Peve-Ptuh,0.38447931087524995
422,C2_annotated,Apul-Peve,-0.13726362625139044
422,C2_annotated,Apul-Ptuh,0.42821491450208615
422,C2_annotated,Peve-Ptuh,0.31117283738935947
422,C4_joint,Apul-Peve,0.2767602409214188
422,C4_joint,Apul-Ptuh,0.4068895072382094
422,C4_joint,Peve-Ptuh,0.33426085731393756
423,primary,Apul-Peve,0.2819397993311037
423,primary,Apul-Ptuh,0.4740636335215119
423,primary,Peve-Ptuh,0.3621764113037661
423,C1_cpg20,Apul-Ptuh,0.35214601304439297
423,C1_cpg20,Peve-Ptuh,0.38534730920517724
423,C2_annotated,Apul-Peve,-0.09988876529477196
423,C2_annotated,Apul-Ptuh,0.43567095965077296
423,C2_annotated,Peve-Ptuh,0.3055861435089399
423,C4_joint,Apul-Peve,0.2642386671832624
423,C4_joint,Apul-Ptuh,0.3850339896446058
423,C4_joint,Peve-Ptuh,0.336479870381459
424,primary,Apul-Peve,0.26671444497531455
424,primary,Apul-Ptuh,0.4814190825886381
424,primary,Peve-Ptuh,0.3667276855951435
424,C1_cpg20,Apul-Ptuh,0.3542762465811066
424,C1_cpg20,Peve-Ptuh,0.38638325657905065
424,C2_annotated,Apul-Peve,-0.1692992213570634
424,C2_annotated,Apul-Ptuh,0.43661276318645537
424,C2_annotated,Peve-Ptuh,0.31210423527788045
424,C4_joint,Apul-Peve,0.2507836990595612
424,C4_joint,Apul-Ptuh,0.38760522700855915
424,C4_joint,Peve-Ptuh,0.323500405057941
425,primary,Apul-Peve,0.2803949673514891
425,primary,Apul-Ptuh,0.4713712194777397
425,primary,Peve-Ptuh,0.3653789699459804
425,C1_cpg20,Apul-Ptuh,0.34378287397433194
425,C1_cpg20,Peve-Ptuh,0.3853394611190115
425,C2_annotated,Apul-Peve,-0.11012235817575085
425,C2_annotated,Apul-Ptuh,0.4316993464052287
425,C2_annotated,Peve-Ptuh,0.31042687235318944
425,C4_joint,Apul-Peve,0.25995914198161396
425,C4_joint,Apul-Ptuh,0.3768623859673841
425,C4_joint,Peve-Ptuh,0.32154556021274355
426,primary,Apul-Peve,0.31087752826883264
426,primary,Apul-Ptuh,0.4764871343909392
426,primary,Peve-Ptuh,0.37228937317830907
426,C1_cpg20,Apul-Ptuh,0.35042341678939615
426,C1_cpg20,Peve-Ptuh,0.3809382543972826
426,C2_annotated,Apul-Peve,-0.03715239154616241
426,C2_annotated,Apul-Ptuh,0.4286436099655114
426,C2_annotated,Peve-Ptuh,0.31464356461212994
426,C4_joint,Apul-Peve,0.29606213236589063
426,C4_joint,Apul-Ptuh,0.40946074460216275
426,C4_joint,Peve-Ptuh,0.34820893945264353
427,primary,Apul-Peve,0.2925465838509317
427,primary,Apul-Ptuh,0.47765939278778474
427,primary,Peve-Ptuh,0.3660955957397324
427,C1_cpg20,Apul-Ptuh,0.3573269513991163
427,C1_cpg20,Peve-Ptuh,0.38847084749912886
427,C2_annotated,Apul-Peve,-0.08832035595105674
427,C2_annotated,Apul-Ptuh,0.43778368666039597
427,C2_annotated,Peve-Ptuh,0.310361674500993
427,C4_joint,Apul-Peve,0.2716001549786905
427,C4_joint,Apul-Ptuh,0.4012715297101195
427,C4_joint,Peve-Ptuh,0.3400901694198866
428,primary,Apul-Peve,0.2793916228698837
428,primary,Apul-Ptuh,0.4776100321077362
428,primary,Peve-Ptuh,0.36447439839813117
428,C1_cpg20,Apul-Ptuh,0.3438091731537976
428,C1_cpg20,Peve-Ptuh,0.38429566565897244
428,C2_annotated,Apul-Peve,-0.11635150166852058
428,C2_annotated,Apul-Ptuh,0.43110906109061087
428,C2_annotated,Peve-Ptuh,0.30861657354804595
428,C4_joint,Apul-Peve,0.2580747419957029
428,C4_joint,Apul-Ptuh,0.4009721390581524
428,C4_joint,Peve-Ptuh,0.3208058891902364
429,primary,Apul-Peve,0.26688963210702343
429,primary,Apul-Ptuh,0.47931497771867754
429,primary,Peve-Ptuh,0.36336736882909626
429,C1_cpg20,Apul-Ptuh,0.3398774458236902
429,C1_cpg20,Peve-Ptuh,0.38279982043578853
429,C2_annotated,Apul-Peve,-0.13770856507230256
429,C2_annotated,Apul-Ptuh,0.43115548802546844
429,C2_annotated,Peve-Ptuh,0.3060120463616
429,C4_joint,Apul-Peve,0.24764890282131669
429,C4_joint,Apul-Ptuh,0.40028530168010995
429,C4_joint,Peve-Ptuh,0.3257722517699272
430,primary,Apul-Peve,0.27397674788979137
430,primary,Apul-Ptuh,0.4779402950804198
430,primary,Peve-Ptuh,0.3730931518765981
430,C1_cpg20,Apul-Ptuh,0.3388912265937302
430,C1_cpg20,Peve-Ptuh,0.3844212350376237
430,C2_annotated,Apul-Peve,-0.1292547274749722
430,C2_annotated,Apul-Ptuh,0.4315835805416877
430,C2_annotated,Peve-Ptuh,0.3217289623677151
430,C4_joint,Apul-Peve,0.2583565214328485
430,C4_joint,Apul-Ptuh,0.3975907858124054
430,C4_joint,Peve-Ptuh,0.3475925469338876
431,primary,Apul-Peve,0.2875457875457876
431,primary,Apul-Ptuh,0.4756196262145177
431,primary,Peve-Ptuh,0.3657718320834478
431,C1_cpg20,Apul-Ptuh,0.3395487060803703
431,C1_cpg20,Peve-Ptuh,0.3866030029916905
431,C2_annotated,Apul-Peve,-0.13147942157953282
431,C2_annotated,Apul-Ptuh,0.4239761956443094
431,C2_annotated,Peve-Ptuh,0.31022027136700847
431,C4_joint,Apul-Peve,0.2710189848895777
431,C4_joint,Apul-Ptuh,0.39489626994470084
431,C4_joint,Peve-Ptuh,0.34220351519847847
432,primary,Apul-Peve,0.29090619525402134
432,primary,Apul-Ptuh,0.4736943139836161
432,primary,Peve-Ptuh,0.37017227395951174
432,C1_cpg20,Apul-Ptuh,0.3458342099726488
432,C1_cpg20,Peve-Ptuh,0.38400371685360807
432,C2_annotated,Apul-Peve,-0.10033370411568408
432,C2_annotated,Apul-Ptuh,0.43277681306224824
432,C2_annotated,Peve-Ptuh,0.3123777275669643
432,C4_joint,Apul-Peve,0.27093092881546976
432,C4_joint,Apul-Ptuh,0.3922017540769963
432,C4_joint,Peve-Ptuh,0.3244161882286641
433,primary,Apul-Peve,0.279041248606466
433,primary,Apul-Ptuh,0.4736977554308828
433,primary,Peve-Ptuh,0.37074155662621194
433,C1_cpg20,Apul-Ptuh,0.33966705238796546
433,C1_cpg20,Peve-Ptuh,0.3815598228216068
433,C2_annotated,Apul-Peve,-0.13592880978865407
433,C2_annotated,Apul-Ptuh,0.42172599667173144
433,C2_annotated,Peve-Ptuh,0.31599155137442575
433,C4_joint,Apul-Peve,0.2594836391814308
433,C4_joint,Apul-Ptuh,0.3914620830544892
433,C4_joint,Peve-Ptuh,0.3331865732098201
434,primary,Apul-Peve,0.2649307214524606
434,primary,Apul-Ptuh,0.4779281428242421
434,primary,Peve-Ptuh,0.37228918814029516
434,C1_cpg20,Apul-Ptuh,0.3366820955186198
434,C1_cpg20,Peve-Ptuh,0.38637069964118553
434,C2_annotated,Apul-Peve,-0.21023359288097884
434,C2_annotated,Apul-Ptuh,0.42888418590068256
434,C2_annotated,Peve-Ptuh,0.3225706073687968
434,C4_joint,Apul-Peve,0.2483181289845374
434,C4_joint,Apul-Ptuh,0.3924835335141419
434,C4_joint,Peve-Ptuh,0.34456341798457263
435,primary,Apul-Peve,0.2718904284121676
435,primary,Apul-Ptuh,0.4748820652262114
435,primary,Peve-Ptuh,0.3640241216083573
435,C1_cpg20,Apul-Ptuh,0.35386860929938985
435,C1_cpg20,Peve-Ptuh,0.3780203359608726
435,C2_annotated,Apul-Peve,-0.12791991101223582
435,C2_annotated,Apul-Ptuh,0.42602380435569065
435,C2_annotated,Peve-Ptuh,0.302214483152494
435,C4_joint,Apul-Peve,0.2533197139938714
435,C4_joint,Apul-Ptuh,0.3879926737346343
435,C4_joint,Peve-Ptuh,0.30842520517065275
436,primary,Apul-Peve,0.2715878324573977
436,primary,Apul-Ptuh,0.4762790648784727
436,primary,Peve-Ptuh,0.37051033841086894
436,C1_cpg20,Apul-Ptuh,0.34917420576478014
436,C1_cpg20,Peve-Ptuh,0.38536614461197494
436,C2_annotated,Apul-Peve,-0.10478309232480534
436,C2_annotated,Apul-Ptuh,0.4304693341051057
436,C2_annotated,Peve-Ptuh,0.3101542267894588
436,C4_joint,Apul-Peve,0.2532668803494066
436,C4_joint,Apul-Ptuh,0.3992110175759925
436,C4_joint,Peve-Ptuh,0.3132506780317707
437,primary,Apul-Peve,0.2889313584965759
437,primary,Apul-Ptuh,0.47759147372412986
437,primary,Peve-Ptuh,0.36614344128332116
437,C1_cpg20,Apul-Ptuh,0.35492057647801384
437,C1_cpg20,Peve-Ptuh,0.3897893259749678
437,C2_annotated,Apul-Peve,-0.07007786429365963
437,C2_annotated,Apul-Ptuh,0.4411402937558787
437,C2_annotated,Peve-Ptuh,0.30773513245536377
437,C4_joint,Apul-Peve,0.27144165404529613
437,C4_joint,Apul-Ptuh,0.41861857630939386
437,C4_joint,Peve-Ptuh,0.34070656193864257
438,primary,Apul-Peve,0.25360726230291447
438,primary,Apul-Ptuh,0.47752540279826156
438,primary,Peve-Ptuh,0.36752903236525014
438,C1_cpg20,Apul-Ptuh,0.33983799705449186
438,C1_cpg20,Peve-Ptuh,0.3818250881340076
438,C2_annotated,Apul-Peve,-0.12436040044493882
438,C2_annotated,Apul-Ptuh,0.4404523309938982
438,C2_annotated,Peve-Ptuh,0.30802471252615854
438,C4_joint,Apul-Peve,0.23458138142369064
438,C4_joint,Apul-Ptuh,0.39907012785741963
438,C4_joint,Peve-Ptuh,0.35072734317213206
439,primary,Apul-Peve,0.2983118330944418
439,primary,Apul-Ptuh,0.48141453924991284
439,primary,Peve-Ptuh,0.3713490099917752
439,C1_cpg20,Apul-Ptuh,0.3361955606985062
439,C1_cpg20,Peve-Ptuh,0.38952249104533365
439,C2_annotated,Apul-Peve,-0.09899888765294772
439,C2_annotated,Apul-Ptuh,0.43520849914381493
439,C2_annotated,Peve-Ptuh,0.3289769313911147
439,C4_joint,Apul-Peve,0.27771124652178514
439,C4_joint,Apul-Ptuh,0.4140044380261351
439,C4_joint,Peve-Ptuh,0.3374837096262901
440,primary,Apul-Peve,0.289902850772416
440,primary,Apul-Ptuh,0.47271277499640524
440,primary,Peve-Ptuh,0.361381937374175
440,C1_cpg20,Apul-Ptuh,0.35063381022512097
440,C1_cpg20,Peve-Ptuh,0.3830227060828946
440,C2_annotated,Apul-Peve,-0.10878754171301447
440,C2_annotated,Apul-Ptuh,0.4345494778477196
440,C2_annotated,Peve-Ptuh,0.3088189409074609
440,C4_joint,Apul-Peve,0.2690641400443803
440,C4_joint,Apul-Ptuh,0.39866506991652295
440,C4_joint,Peve-Ptuh,0.33278151526892336
441,primary,Apul-Peve,0.2602006688963211
441,primary,Apul-Ptuh,0.47224072980342996
441,primary,Peve-Ptuh,0.35348308750570595
441,C1_cpg20,Apul-Ptuh,0.35085735325057854
441,C1_cpg20,Peve-Ptuh,0.3769749708836003
441,C2_annotated,Apul-Peve,-0.11813125695216907
441,C2_annotated,Apul-Ptuh,0.4325157369220751
441,C2_annotated,Peve-Ptuh,0.2893112354950655
441,C4_joint,Apul-Peve,0.24433799443485618
441,C4_joint,Apul-Ptuh,0.375946602796661
441,C4_joint,Peve-Ptuh,0.2981754781444825
442,primary,Apul-Peve,0.3051600573339704
442,primary,Apul-Ptuh,0.47810698865795914
442,primary,Peve-Ptuh,0.3673235079998344
442,C1_cpg20,Apul-Ptuh,0.3605223017041868
442,C1_cpg20,Peve-Ptuh,0.38822598721075874
442,C2_annotated,Apul-Peve,-0.09232480533926585
442,C2_annotated,Apul-Ptuh,0.4297524298772399
442,C2_annotated,Peve-Ptuh,0.31577902331077234
442,C4_joint,Apul-Peve,0.2832763904054102
442,C4_joint,Apul-Ptuh,0.4092141875946604
442,C4_joint,Peve-Ptuh,0.31821704061146144
443,primary,Apul-Peve,0.2637044115304985
443,primary,Apul-Ptuh,0.4706318488545175
443,primary,Peve-Ptuh,0.36603989929755476
443,C1_cpg20,Apul-Ptuh,0.3573138018093835
443,C1_cpg20,Peve-Ptuh,0.385455612794264
443,C2_annotated,Apul-Peve,-0.10077864293659622
443,C2_annotated,Apul-Ptuh,0.4281823553529653
443,C2_annotated,Peve-Ptuh,0.30410014051407236
443,C4_joint,Apul-Peve,0.24770173646578145
443,C4_joint,Apul-Ptuh,0.3804374625761686
443,C4_joint,Peve-Ptuh,0.3142545172766018
444,primary,Apul-Peve,0.29646440516005734
444,primary,Apul-Ptuh,0.4763613840157142
444,primary,Peve-Ptuh,0.3680553597787284
444,C1_cpg20,Apul-Ptuh,0.36331001472754043
444,C1_cpg20,Peve-Ptuh,0.38486857594906904
444,C2_annotated,Apul-Peve,-0.12124582869855394
444,C2_annotated,Apul-Ptuh,0.4252689144538504
444,C2_annotated,Peve-Ptuh,0.3081212392164234
444,C4_joint,Apul-Peve,0.2793138670705506
444,C4_joint,Apul-Ptuh,0.404670494170688
444,C4_joint,Peve-Ptuh,0.30985171357120217
445,primary,Apul-Peve,0.27881828316610924
445,primary,Apul-Ptuh,0.4761362962344636
445,primary,Peve-Ptuh,0.36842519790046885
445,C1_cpg20,Apul-Ptuh,0.351094045865769
445,C1_cpg20,Peve-Ptuh,0.38746786208715145
445,C2_annotated,Apul-Peve,-0.09944382647385984
445,C2_annotated,Apul-Ptuh,0.4369130308950148
445,C2_annotated,Peve-Ptuh,0.3087351150974941
445,C4_joint,Apul-Peve,0.2602233102039379
445,C4_joint,Apul-Ptuh,0.39160297277306194
445,C4_joint,Peve-Ptuh,0.323148180761509
446,primary,Apul-Peve,0.2942347507564899
446,primary,Apul-Ptuh,0.4813796941520627
446,primary,Peve-Ptuh,0.3646693491627539
446,C1_cpg20,Apul-Ptuh,0.35440774247843465
446,C1_cpg20,Peve-Ptuh,0.3776467670593849
446,C2_annotated,Apul-Peve,-0.0731924360400445
446,C2_annotated,Apul-Ptuh,0.4424529098232159
446,C2_annotated,Peve-Ptuh,0.30410352741548513
446,C4_joint,Apul-Peve,0.27399528019442787
446,C4_joint,Apul-Ptuh,0.4296960304321793
446,C4_joint,Peve-Ptuh,0.3263005882145751
447,primary,Apul-Peve,0.280187928014015
447,primary,Apul-Ptuh,0.4773328499426278
447,primary,Peve-Ptuh,0.3655301195693177
447,C1_cpg20,Apul-Ptuh,0.3362350094677046
447,C1_cpg20,Peve-Ptuh,0.3834888824011377
447,C2_annotated,Apul-Peve,-0.12080088987764183
447,C2_annotated,Apul-Ptuh,0.4313984757494634
447,C2_annotated,Peve-Ptuh,0.3177569737358496
447,C4_joint,Apul-Peve,0.2603465887076891
447,C4_joint,Apul-Ptuh,0.38778133915677515
447,C4_joint,Peve-Ptuh,0.336744038603783
448,primary,Apul-Peve,0.296607740086001
448,primary,Apul-Ptuh,0.47519555559825094
448,primary,Peve-Ptuh,0.368412773919537
448,C1_cpg20,Apul-Ptuh,0.3570113612455291
448,C1_cpg20,Peve-Ptuh,0.3872779384019413
448,C2_annotated,Apul-Peve,-0.09232480533926585
448,C2_annotated,Apul-Ptuh,0.42427766924728066
448,C2_annotated,Peve-Ptuh,0.3111804579175383
448,C4_joint,Apul-Peve,0.27871508576661624
448,C4_joint,Apul-Ptuh,0.3865485541192632
448,C4_joint,Peve-Ptuh,0.32607164242189435
449,primary,Apul-Peve,0.29633699633699634
449,primary,Apul-Ptuh,0.4787268848738566
449,primary,Peve-Ptuh,0.3590803552555402
449,C1_cpg20,Apul-Ptuh,0.34082421628445186
449,C1_cpg20,Peve-Ptuh,0.3795805354906152
449,C2_annotated,Apul-Peve,-0.09010011123470522
449,C2_annotated,Apul-Ptuh,0.4381526903504329
449,C2_annotated,Peve-Ptuh,0.3002526205091275
449,C4_joint,Apul-Peve,0.27332605403120713
449,C4_joint,Apul-Ptuh,0.4049170511781904
449,C4_joint,Peve-Ptuh,0.32684653587404466
450,primary,Apul-Peve,0.27534639273769707
450,primary,Apul-Ptuh,0.476245644386833
450,primary,Peve-Ptuh,0.36914073990013946
450,C1_cpg20,Apul-Ptuh,0.3572349042709867
450,C1_cpg20,Peve-Ptuh,0.38425799484537704
450,C2_annotated,Apul-Peve,-0.11323692992213572
450,C2_annotated,Apul-Ptuh,0.42633492511395704
450,C2_annotated,Peve-Ptuh,0.31883146820906155
450,C4_joint,Apul-Peve,0.2571589588249798
450,C4_joint,Apul-Ptuh,0.3854390475855025
450,C4_joint,Peve-Ptuh,0.33471874889929915
451,primary,Apul-Peve,0.28571428571428575
451,primary,Apul-Ptuh,0.47640400669341604
451,primary,Peve-Ptuh,0.36613857742695627
451,C1_cpg20,Apul-Ptuh,0.35540711129812746
451,C1_cpg20,Peve-Ptuh,0.3811846843028859
451,C2_annotated,Apul-Peve,-0.10478309232480534
451,C2_annotated,Apul-Ptuh,0.43508730675542046
451,C2_annotated,Peve-Ptuh,0.3153641278877039
451,C4_joint,Apul-Peve,0.26938114191116913
451,C4_joint,Apul-Ptuh,0.38677749991194404
451,C4_joint,Peve-Ptuh,0.3265471452220775
452,primary,Apul-Peve,0.271954132823698
452,primary,Apul-Ptuh,0.47392284321213357
452,primary,Peve-Ptuh,0.3648328170310151
452,C1_cpg20,Apul-Ptuh,0.35079160530191456
452,C1_cpg20,Peve-Ptuh,0.37887263811846844
452,C2_annotated,Apul-Peve,-0.11590656284760845
452,C2_annotated,Apul-Ptuh,0.42472204133806046
452,C2_annotated,Peve-Ptuh,0.3087799915412137
452,C4_joint,Apul-Peve,0.25097742242259874
452,C4_joint,Apul-Ptuh,0.3871121129935544
452,C4_joint,Peve-Ptuh,0.31060899580853096
453,primary,Apul-Peve,0.27475712693104
453,primary,Apul-Ptuh,0.47788059177910963
453,primary,Peve-Ptuh,0.3671915230279346
453,C1_cpg20,Apul-Ptuh,0.345097832947612
453,C1_cpg20,Peve-Ptuh,0.3857271565755975
453,C2_annotated,Apul-Peve,-0.14927697441601778
453,C2_annotated,Apul-Ptuh,0.4352838675445578
453,C2_annotated,Peve-Ptuh,0.3131109917228363
453,C4_joint,Apul-Peve,0.25536261491317674
453,C4_joint,Apul-Ptuh,0.38307914479940836
453,C4_joint,Peve-Ptuh,0.3130217322390899
454,primary,Apul-Peve,0.28471094123268037
454,primary,Apul-Ptuh,0.47626990119528123
454,primary,Peve-Ptuh,0.36604542400396917
454,C1_cpg20,Apul-Ptuh,0.34937144961077216
454,C1_cpg20,Peve-Ptuh,0.3812349120543464
454,C2_annotated,Apul-Peve,-0.11234705228031147
454,C2_annotated,Apul-Ptuh,0.43078226370498995
454,C2_annotated,Peve-Ptuh,0.31063347333937047
454,C4_joint,Apul-Peve,0.26566517558381186
454,C4_joint,Apul-Ptuh,0.38550949244478894
454,C4_joint,Peve-Ptuh,0.3286076573562045
455,primary,Apul-Peve,0.2836120401337793
455,primary,Apul-Ptuh,0.4786915777415598
455,primary,Peve-Ptuh,0.37345276003957123
455,C1_cpg20,Apul-Ptuh,0.3424153166421207
455,C1_cpg20,Peve-Ptuh,0.38416224819415534
455,C2_annotated,Apul-Peve,-0.14171301446051168
455,C2_annotated,Apul-Ptuh,0.42800629476883
455,C2_annotated,Peve-Ptuh,0.3258626755420418
455,C4_joint,Apul-Peve,0.2634109400866472
455,C4_joint,Apul-Ptuh,0.3982071783311613
455,C4_joint,Peve-Ptuh,0.3352823077735903
456,primary,Apul-Peve,0.2672081541646759
456,primary,Apul-Ptuh,0.4755612943656305
456,primary,Peve-Ptuh,0.36117300302250344
456,C1_cpg20,Apul-Ptuh,0.3433883862823479
456,C1_cpg20,Peve-Ptuh,0.3838954132645213
456,C2_annotated,Apul-Peve,-0.05717463848720801
456,C2_annotated,Apul-Ptuh,0.44053975833875986
456,C2_annotated,Peve-Ptuh,0.3024735811105735
456,C4_joint,Apul-Peve,0.24786023739917587
456,C4_joint,Apul-Ptuh,0.368972561727308
456,C4_joint,Peve-Ptuh,0.3284315452079885
457,primary,Apul-Peve,0.2580984233158146
457,primary,Apul-Ptuh,0.47466390796166014
457,primary,Peve-Ptuh,0.3662804222815957
457,C1_cpg20,Apul-Ptuh,0.3447953923837576
457,C1_cpg20,Peve-Ptuh,0.37967157329013745
457,C2_annotated,Apul-Peve,-0.1911012235817575
457,C2_annotated,Apul-Ptuh,0.4219032631502786
457,C2_annotated,Peve-Ptuh,0.3101482997119864
457,C4_joint,Apul-Peve,0.24310520939734426
457,C4_joint,Apul-Ptuh,0.3934169278996866
457,C4_joint,Peve-Ptuh,0.33445458067697514
458,primary,Apul-Peve,0.2918299092212136
458,primary,Apul-Ptuh,0.4794419216828897
458,primary,Peve-Ptuh,0.36590159659918103
458,C1_cpg20,Apul-Ptuh,0.3622054491899852
458,C1_cpg20,Peve-Ptuh,0.3907420836354847
458,C2_annotated,Apul-Peve,-0.09054505005561736
458,C2_annotated,Apul-Ptuh,0.4411222053397004
458,C2_annotated,Peve-Ptuh,0.3138459493294147
458,C4_joint,Apul-Peve,0.2706315381635026
458,C4_joint,Apul-Ptuh,0.40313831848120896
458,C4_joint,Peve-Ptuh,0.33353879750625204
459,primary,Apul-Peve,0.26246217550565376
459,primary,Apul-Ptuh,0.4736175924543923
459,primary,Peve-Ptuh,0.36212642460601674
459,C1_cpg20,Apul-Ptuh,0.3447559436145592
459,C1_cpg20,Peve-Ptuh,0.3864601678234746
459,C2_annotated,Apul-Peve,-0.10211345939933258
459,C2_annotated,Apul-Ptuh,0.43069001278248076
459,C2_annotated,Peve-Ptuh,0.3126529133067546
459,C4_joint,Apul-Peve,0.24692684301363113
459,C4_joint,Apul-Ptuh,0.38385403825155867
459,C4_joint,Peve-Ptuh,0.33621570215913504
460,primary,Apul-Peve,0.2932473323777672
460,primary,Apul-Ptuh,0.4808686840540881
460,primary,Peve-Ptuh,0.3656213961781641
460,C1_cpg20,Apul-Ptuh,0.3487665684830633
460,C1_cpg20,Peve-Ptuh,0.3883735312306741
460,C2_annotated,Apul-Peve,-0.11234705228031147
460,C2_annotated,Apul-Ptuh,0.4316945228275812
460,C2_annotated,Peve-Ptuh,0.3061051861504521
460,C4_joint,Apul-Peve,0.2751047867281886
460,C4_joint,Apul-Ptuh,0.4082103483498293
460,C4_joint,Peve-Ptuh,0.3401606142791731
461,primary,Apul-Peve,0.26569517439082657
461,primary,Apul-Ptuh,0.47170061153531756
461,primary,Peve-Ptuh,0.37206486919946963
461,C1_cpg20,Apul-Ptuh,0.35987797180727954
461,C1_cpg20,Peve-Ptuh,0.3875871529968702
461,C2_annotated,Apul-Peve,-0.1403781979977753
461,C2_annotated,Apul-Ptuh,0.43725490196078426
461,C2_annotated,Peve-Ptuh,0.3167840863050218
461,C4_joint,Apul-Peve,0.24983269345919487
461,C4_joint,Apul-Ptuh,0.38204008312493404
461,C4_joint,Peve-Ptuh,0.31488852101017933
462,primary,Apul-Peve,0.28367574454530975
462,primary,Apul-Ptuh,0.4736656825397125
462,primary,Peve-Ptuh,0.36935427376815605
462,C1_cpg20,Apul-Ptuh,0.3480959394066905
462,C1_cpg20,Peve-Ptuh,0.38975322477860547
462,C2_annotated,Apul-Peve,-0.11368186874304782
462,C2_annotated,Apul-Ptuh,0.4347448327424451
462,C2_annotated,Peve-Ptuh,0.3152159509508937
462,C4_joint,Apul-Peve,0.2617378746785954
462,C4_joint,Apul-Ptuh,0.3972913951604382
462,C4_joint,Peve-Ptuh,0.3430312422950936
463,primary,Apul-Peve,0.28553909858257687
463,primary,Apul-Ptuh,0.47591454353253465
463,primary,Peve-Ptuh,0.37066870451674755
463,C1_cpg20,Apul-Ptuh,0.3430333473595623
463,C1_cpg20,Peve-Ptuh,0.38525941064012126
463,C2_annotated,Apul-Peve,-0.1403781979977753
463,C2_annotated,Apul-Ptuh,0.42984769553577884
463,C2_annotated,Peve-Ptuh,0.3189017464133772
463,C4_joint,Apul-Peve,0.2689936951850939
463,C4_joint,Apul-Ptuh,0.3946673241520201
463,C4_joint,Peve-Ptuh,0.3386812722341588
464,primary,Apul-Peve,0.29331103678929765
464,primary,Apul-Ptuh,0.476528717491136
464,primary,Peve-Ptuh,0.3701739921696407
464,C1_cpg20,Apul-Ptuh,0.36566379128971177
464,C1_cpg20,Peve-Ptuh,0.3895821365001931
464,C2_annotated,Apul-Peve,-0.07541713014460512
464,C2_annotated,Apul-Ptuh,0.437742083303186
464,C2_annotated,Peve-Ptuh,0.3161041658464015
464,C4_joint,Apul-Peve,0.27330844281638556
464,C4_joint,Apul-Ptuh,0.41499066605614465
464,C4_joint,Peve-Ptuh,0.3459370927406573
465,primary,Apul-Peve,0.2838190794712534
465,primary,Apul-Ptuh,0.477229469735194
465,primary,Peve-Ptuh,0.3674624715482576
465,C1_cpg20,Apul-Ptuh,0.3444009046917736
465,C1_cpg20,Peve-Ptuh,0.3842532859936776
465,C2_annotated,Apul-Peve,-0.08832035595105674
465,C2_annotated,Apul-Ptuh,0.4348865253358416
465,C2_annotated,Peve-Ptuh,0.31485863285184296
465,C4_joint,Apul-Peve,0.2619139868268114
465,C4_joint,Apul-Ptuh,0.41145081187700344
465,C4_joint,Peve-Ptuh,0.31913282378218455
466,primary,Apul-Peve,0.265424430641822
466,primary,Apul-Ptuh,0.4689054809096654
466,primary,Peve-Ptuh,0.36141416042259195
466,C1_cpg20,Apul-Ptuh,0.3421654744371975
466,C1_cpg20,Peve-Ptuh,0.38375571733077174
466,C2_annotated,Apul-Peve,-0.15595105672969967
466,C2_annotated,Apul-Ptuh,0.40915092974459155
466,C2_annotated,Peve-Ptuh,0.31162752890402834
466,C4_joint,Apul-Peve,0.246099115917016
466,C4_joint,Apul-Ptuh,0.38385403825155867
466,C4_joint,Peve-Ptuh,0.32598358634778635
467,primary,Apul-Peve,0.29084249084249086
467,primary,Apul-Ptuh,0.4764151340230058
467,primary,Peve-Ptuh,0.371004865719962
467,C1_cpg20,Apul-Ptuh,0.3525536503261098
467,C1_cpg20,Peve-Ptuh,0.3738357364173173
467,C2_annotated,Apul-Peve,-0.11546162402669634
467,C2_annotated,Apul-Ptuh,0.4382298675927936
467,C2_annotated,Peve-Ptuh,0.3194326432098342
467,C4_joint,Apul-Peve,0.27350216617942313
467,C4_joint,Apul-Ptuh,0.42101370152513135
467,C4_joint,Peve-Ptuh,0.3300869994012188
468,primary,Apul-Peve,0.2793438445612359
468,primary,Apul-Ptuh,0.47606483490671786
468,primary,Peve-Ptuh,0.35986697828654246
468,C1_cpg20,Apul-Ptuh,0.33477540500736375
468,C1_cpg20,Peve-Ptuh,0.37998549673676574
468,C2_annotated,Apul-Peve,-0.10344827586206896
468,C2_annotated,Apul-Ptuh,0.43527120565323296
468,C2_annotated,Peve-Ptuh,0.30039233019240563
468,C4_joint,Apul-Peve,0.26198443168609775
468,C4_joint,Apul-Ptuh,0.3984713465534854
468,C4_joint,Peve-Ptuh,0.3286428797858477
469,primary,Apul-Peve,0.26284440197483677
469,primary,Apul-Ptuh,0.4680613247161085
469,primary,Peve-Ptuh,0.36116364538580153
469,C1_cpg20,Apul-Ptuh,0.3425205133599831
469,C1_cpg20,Peve-Ptuh,0.3839503498676813
469,C2_annotated,Apul-Peve,-0.11368186874304782
469,C2_annotated,Apul-Ptuh,0.4246665701951137
469,C2_annotated,Peve-Ptuh,0.3042694855847125
469,C4_joint,Apul-Peve,0.2494980803775845
469,C4_joint,Apul-Ptuh,0.36631326828924665
469,C4_joint,Peve-Ptuh,0.3409883413757882
470,primary,Apul-Peve,0.25948399426660296
470,primary,Apul-Ptuh,0.47349318967963666
470,primary,Peve-Ptuh,0.3640493925142528
470,C1_cpg20,Apul-Ptuh,0.3526193982747738
470,C1_cpg20,Peve-Ptuh,0.38058509051982586
470,C2_annotated,Apul-Peve,-0.13681868743047831
470,C2_annotated,Apul-Ptuh,0.4343203579094614
470,C2_annotated,Peve-Ptuh,0.3007496482914564
470,C4_joint,Apul-Peve,0.24314043182698747
470,C4_joint,Apul-Ptuh,0.39417421013701537
470,C4_joint,Peve-Ptuh,0.3304920573421155
471,primary,Apul-Peve,0.2652492435101131
471,primary,Apul-Ptuh,0.47241453176110454
471,primary,Peve-Ptuh,0.36726733574562104
471,C1_cpg20,Apul-Ptuh,0.35474963181148744
471,C1_cpg20,Peve-Ptuh,0.3800702560673554
471,C2_annotated,Apul-Peve,-0.12703003337041158
471,C2_annotated,Apul-Ptuh,0.4346049489906663
471,C2_annotated,Peve-Ptuh,0.30882232780887375
471,C4_joint,Apul-Peve,0.2472966785248847
471,C4_joint,Apul-Ptuh,0.39052868866894447
471,C4_joint,Peve-Ptuh,0.3083195378817231
472,primary,Apul-Peve,0.3121197642936774
472,primary,Apul-Ptuh,0.47525612061363026
472,primary,Peve-Ptuh,0.3675044223094042
472,C1_cpg20,Apul-Ptuh,0.35123869135282976
472,C1_cpg20,Peve-Ptuh,0.3786952713711234
472,C2_annotated,Apul-Peve,-0.07853170189098999
472,C2_annotated,Apul-Ptuh,0.4299809468682922
472,C2_annotated,Peve-Ptuh,0.3093235892179687
472,C4_joint,Apul-Peve,0.2901095417561904
472,C4_joint,Apul-Ptuh,0.39739706244936784
472,C4_joint,Peve-Ptuh,0.32836110034870214
473,primary,Apul-Peve,0.29050804268195574
473,primary,Apul-Ptuh,0.4740188693712918
473,primary,Peve-Ptuh,0.3704578669169332
473,C1_cpg20,Apul-Ptuh,0.3655717441615821
473,C1_cpg20,Peve-Ptuh,0.3827527319187943
473,C2_annotated,Apul-Peve,-0.10344827586206896
473,C2_annotated,Apul-Ptuh,0.4249734703229385
473,C2_annotated,Peve-Ptuh,0.31174945735488924
473,C4_joint,Apul-Peve,0.27214610263816
473,C4_joint,Apul-Ptuh,0.41647000810115886
473,C4_joint,Peve-Ptuh,0.33156634144623304
474,primary,Apul-Peve,0.25658544354196533
474,primary,Apul-Ptuh,0.47030946431938025
474,primary,Peve-Ptuh,0.3673079648066685
474,C1_cpg20,Apul-Ptuh,0.34653113822848725
474,C1_cpg20,Peve-Ptuh,0.3863047757173935
474,C2_annotated,Apul-Peve,-0.12658509454949943
474,C2_annotated,Apul-Ptuh,0.44108482261293197
474,C2_annotated,Peve-Ptuh,0.31339041108939264
474,C4_joint,Apul-Peve,0.24086858511500128
474,C4_joint,Apul-Ptuh,0.3889436793350006
474,C4_joint,Peve-Ptuh,0.32925927230460367
475,primary,Apul-Peve,0.3025163242554547
475,primary,Apul-Ptuh,0.4758659290774429
475,primary,Peve-Ptuh,0.36472768900512975
475,C1_cpg20,Apul-Ptuh,0.353000736377025
475,C1_cpg20,Peve-Ptuh,0.38566908073797124
475,C2_annotated,Apul-Peve,-0.10834260289210233
475,C2_annotated,Apul-Ptuh,0.4310391192147215
475,C2_annotated,Peve-Ptuh,0.3082228462588075
475,C4_joint,Apul-Peve,0.2826776091014759
475,C4_joint,Apul-Ptuh,0.39068718960233884
475,C4_joint,Peve-Ptuh,0.31504702194357376
476,primary,Apul-Peve,0.29956999522216915
476,primary,Apul-Ptuh,0.4713572995872091
476,primary,Peve-Ptuh,0.3659810572091412
476,C1_cpg20,Apul-Ptuh,0.36870134651798864
476,C1_cpg20,Peve-Ptuh,0.38434432379319977
476,C2_annotated,Apul-Peve,-0.046941045606229144
476,C2_annotated,Apul-Ptuh,0.43027163227933096
476,C2_annotated,Peve-Ptuh,0.30575125495281413
476,C4_joint,Apul-Peve,0.2867281885104435
476,C4_joint,Apul-Ptuh,0.39274770173646584
476,C4_joint,Peve-Ptuh,0.32351801627276255
477,primary,Apul-Peve,0.2670807453416149
477,primary,Apul-Ptuh,0.4702480182644529
477,primary,Peve-Ptuh,0.36422224445321794
477,C1_cpg20,Apul-Ptuh,0.3573532505785819
477,C1_cpg20,Peve-Ptuh,0.3796040797491124
477,C2_annotated,Apul-Peve,-0.13236929922135707
477,C2_annotated,Apul-Ptuh,0.42523153172708195
477,C2_annotated,Peve-Ptuh,0.3030468141746905
477,C4_joint,Apul-Peve,0.24965658131097887
477,C4_joint,Apul-Ptuh,0.4043358810890776
477,C4_joint,Peve-Ptuh,0.354020640343771
478,primary,Apul-Peve,0.27122153209109734
478,primary,Apul-Ptuh,0.4755105521593724
478,primary,Peve-Ptuh,0.3664074640951247
478,C1_cpg20,Apul-Ptuh,0.33945665895224064
478,C1_cpg20,Peve-Ptuh,0.38835940467557584
478,C2_annotated,Apul-Peve,-0.09098998887652948
478,C2_annotated,Apul-Ptuh,0.44137182548296067
478,C2_annotated,Peve-Ptuh,0.31677561905148977
478,C4_joint,Apul-Peve,0.25229826353421864
478,C4_joint,Apul-Ptuh,0.37348103272163724
478,C4_joint,Peve-Ptuh,0.3193265471452222
479,primary,Apul-Peve,0.305558209906036
479,primary,Apul-Ptuh,0.4780335251809447
479,primary,Peve-Ptuh,0.36024175956665366
479,C1_cpg20,Apul-Ptuh,0.3630338733431516
479,C1_cpg20,Peve-Ptuh,0.3885932776433139
479,C2_annotated,Apul-Peve,-0.10923248053392658
479,C2_annotated,Apul-Ptuh,0.43217024817307
479,C2_annotated,Peve-Ptuh,0.3020637660396242
479,C4_joint,Apul-Peve,0.2885597548518898
479,C4_joint,Apul-Ptuh,0.40273326054031217
479,C4_joint,Peve-Ptuh,0.31251100700926354
480,primary,Apul-Peve,0.2638318203535595
480,primary,Apul-Ptuh,0.470229185834278
480,primary,Peve-Ptuh,0.35797039151228516
480,C1_cpg20,Apul-Ptuh,0.3648616663160109
480,C1_cpg20,Peve-Ptuh,0.37556388499100607
480,C2_annotated,Apul-Peve,-0.07541713014460512
480,C2_annotated,Apul-Ptuh,0.4359501242071244
480,C2_annotated,Peve-Ptuh,0.29057370299668805
480,C4_joint,Apul-Peve,0.24638089535416158
480,C4_joint,Apul-Ptuh,0.38385403825155867
480,C4_joint,Peve-Ptuh,0.30488535099151143
481,primary,Apul-Peve,0.2864946647555343
481,primary,Apul-Ptuh,0.4761120394260154
481,primary,Peve-Ptuh,0.361669830089769
481,C1_cpg20,Apul-Ptuh,0.36299442457395326
481,C1_cpg20,Peve-Ptuh,0.3779088931373195
481,C2_annotated,Apul-Peve,-0.16084538375973303
481,C2_annotated,Apul-Ptuh,0.4218646745290982
481,C2_annotated,Peve-Ptuh,0.3020400577297346
481,C4_joint,Apul-Peve,0.26883519425169955
481,C4_joint,Apul-Ptuh,0.3952661054559544
481,C4_joint,Peve-Ptuh,0.29616779965482026
482,primary,Apul-Peve,0.2551520942825291
482,primary,Apul-Ptuh,0.46984558173496205
482,primary,Peve-Ptuh,0.367497179392861
482,C1_cpg20,Apul-Ptuh,0.33811540079949504
482,C1_cpg20,Peve-Ptuh,0.38579151088215624
482,C2_annotated,Apul-Peve,-0.1292547274749722
482,C2_annotated,Apul-Ptuh,0.42536538600680124
482,C2_annotated,Peve-Ptuh,0.31710838211529774
482,C4_joint,Apul-Peve,0.23845584868444233
482,C4_joint,Apul-Ptuh,0.3895952942833998
482,C4_joint,Peve-Ptuh,0.3294706068824628
483,primary,Apul-Peve,0.28453575410097154
483,primary,Apul-Ptuh,0.478917743603186
483,primary,Peve-Ptuh,0.36374370971532444
483,C1_cpg20,Apul-Ptuh,0.3638754470860509
483,C1_cpg20,Peve-Ptuh,0.3860018395913972
483,C2_annotated,Apul-Peve,-0.09499443826473859
483,C2_annotated,Apul-Ptuh,0.43939837927791037
483,C2_annotated,Peve-Ptuh,0.3087681373862689
483,C4_joint,Apul-Peve,0.2629178260716425
483,C4_joint,Apul-Ptuh,0.38313197844387314
483,C4_joint,Peve-Ptuh,0.31761825930752713
484,primary,Apul-Peve,0.26430960344003823
484,primary,Apul-Ptuh,0.46823183467999213
484,primary,Peve-Ptuh,0.3665437313753457
484,C1_cpg20,Apul-Ptuh,0.33903587208079106
484,C1_cpg20,Peve-Ptuh,0.38637697811011806
484,C2_annotated,Apul-Peve,-0.17018909899888765
484,C2_annotated,Apul-Ptuh,0.4248650038686654
484,C2_annotated,Peve-Ptuh,0.3177578204612028
484,C4_joint,Apul-Peve,0.2437216019161002
484,C4_joint,Apul-Ptuh,0.3761403261596986
484,C4_joint,Peve-Ptuh,0.32619492092564556
485,primary,Apul-Peve,0.2954292084726868
485,primary,Apul-Ptuh,0.478196507831994
485,primary,Peve-Ptuh,0.36189478344664205
485,C1_cpg20,Apul-Ptuh,0.35321112981274977
485,C1_cpg20,Peve-Ptuh,0.3773438309333886
485,C2_annotated,Apul-Peve,-0.07452725250278086
485,C2_annotated,Apul-Ptuh,0.4374930661071316
485,C2_annotated,Peve-Ptuh,0.30212981061717387
485,C4_joint,Apul-Peve,0.2772181325067804
485,C4_joint,Apul-Ptuh,0.4221055968440704
485,C4_joint,Peve-Ptuh,0.3317776760240922
486,primary,Apul-Peve,0.25648988692466956
486,primary,Apul-Ptuh,0.47528703841868397
486,primary,Peve-Ptuh,0.36763746464138336
486,C1_cpg20,Apul-Ptuh,0.3536845150431306
486,C1_cpg20,Peve-Ptuh,0.3898615283676922
486,C2_annotated,Apul-Peve,-0.1385984427141268
486,C2_annotated,Apul-Ptuh,0.43382835298941225
486,C2_annotated,Peve-Ptuh,0.31328880404700854
486,C4_joint,Apul-Peve,0.23785706738050796
486,C4_joint,Apul-Ptuh,0.38110668873938935
486,C4_joint,Peve-Ptuh,0.33676164981860457
487,primary,Apul-Peve,0.27227265488135055
487,primary,Apul-Ptuh,0.4750956021462963
487,primary,Peve-Ptuh,0.36784306830880503
487,C1_cpg20,Apul-Ptuh,0.35335577529981066
487,C1_cpg20,Peve-Ptuh,0.3820087333502852
487,C2_annotated,Apul-Peve,-0.07274749721913237
487,C2_annotated,Apul-Ptuh,0.44000735595591245
487,C2_annotated,Peve-Ptuh,0.30402393523228427
487,C4_joint,Apul-Peve,0.25485188968335043
487,C4_joint,Apul-Ptuh,0.41775562678313555
487,C4_joint,Peve-Ptuh,0.33836427036737005
488,primary,Apul-Peve,0.28287943940117855
488,primary,Apul-Ptuh,0.47658170202845734
488,primary,Peve-Ptuh,0.36957668946083877
488,C1_cpg20,Apul-Ptuh,0.34302019776982956
488,C1_cpg20,Peve-Ptuh,0.3878210259646083
488,C2_annotated,Apul-Peve,-0.08787541713014461
488,C2_annotated,Apul-Ptuh,0.4392287158473742
488,C2_annotated,Peve-Ptuh,0.31720321535485624
488,C4_joint,Apul-Peve,0.2648374484871967
488,C4_joint,Apul-Ptuh,0.4072065091049981
488,C4_joint,Peve-Ptuh,0.34551442358493895
489,primary,Apul-Peve,0.2681637203376334
489,primary,Apul-Ptuh,0.47808415645572144
489,primary,Peve-Ptuh,0.36682517419445587
489,C1_cpg20,Apul-Ptuh,0.34730696402272243
489,C1_cpg20,Peve-Ptuh,0.38558275179014845
489,C2_annotated,Apul-Peve,-0.15016685205784203
489,C2_annotated,Apul-Ptuh,0.4361732146733232
489,C2_annotated,Peve-Ptuh,0.30813139992066185
489,C4_joint,Apul-Peve,0.24660984114684237
489,C4_joint,Apul-Ptuh,0.4076996231200029
489,C4_joint,Peve-Ptuh,0.3330104610616041
490,primary,Apul-Peve,0.2745182353878006
490,primary,Apul-Ptuh,0.469446152955849
490,primary,Peve-Ptuh,0.36493078144236313
490,C1_cpg20,Apul-Ptuh,0.35456553755522824
490,C1_cpg20,Peve-Ptuh,0.3879167726158299
490,C2_annotated,Apul-Peve,-0.12480533926585095
490,C2_annotated,Apul-Ptuh,0.4389540071871307
490,C2_annotated,Peve-Ptuh,0.3022051691736088
490,C4_joint,Apul-Peve,0.2536719382903033
490,C4_joint,Apul-Ptuh,0.3696241766757072
490,C4_joint,Peve-Ptuh,0.31481807615089297
491,primary,Apul-Peve,0.2630992196209587
491,primary,Apul-Ptuh,0.47629300291761284
491,primary,Peve-Ptuh,0.3668454226399746
491,C1_cpg20,Apul-Ptuh,0.346478539869556
491,C1_cpg20,Peve-Ptuh,0.3804124326241803
491,C2_annotated,Apul-Peve,-0.1221357063403782
491,C2_annotated,Apul-Ptuh,0.4408400260473193
491,C2_annotated,Peve-Ptuh,0.31722438348868626
491,C4_joint,Apul-Peve,0.24227748230072915
491,C4_joint,Apul-Ptuh,0.3740093691662852
491,C4_joint,Peve-Ptuh,0.31242295093515554
492,primary,Apul-Peve,0.28866061474757126
492,primary,Apul-Ptuh,0.4785026056528875
492,primary,Peve-Ptuh,0.3631373137098405
492,C1_cpg20,Apul-Ptuh,0.3652824531874605
492,C1_cpg20,Peve-Ptuh,0.3853426003534778
492,C2_annotated,Apul-Peve,-0.11056729699666296
492,C2_annotated,Apul-Ptuh,0.4347478474784747
492,C2_annotated,Peve-Ptuh,0.30531688484662206
492,C4_joint,Apul-Peve,0.27219893628262487
492,C4_joint,Apul-Ptuh,0.4023810362438802
492,C4_joint,Peve-Ptuh,0.3253143601845656
493,primary,Apul-Peve,0.2824175824175824
493,primary,Apul-Ptuh,0.473621120025991
493,primary,Peve-Ptuh,0.36196586447797363
493,C1_cpg20,Apul-Ptuh,0.35421049863244264
493,C1_cpg20,Peve-Ptuh,0.37244348593152077
493,C2_annotated,Apul-Peve,-0.12747497219132367
493,C2_annotated,Apul-Ptuh,0.43112299386245356
493,C2_annotated,Peve-Ptuh,0.2921265972944585
493,C4_joint,Apul-Peve,0.2689936951850939
493,C4_joint,Apul-Ptuh,0.41248987355147765
493,C4_joint,Peve-Ptuh,0.32240850973900187
494,primary,Apul-Peve,0.2636566332218506
494,primary,Apul-Ptuh,0.477157084338555
494,primary,Peve-Ptuh,0.3660938246615995
494,C1_cpg20,Apul-Ptuh,0.35385545970965704
494,C1_cpg20,Peve-Ptuh,0.3930227374752393
494,C2_annotated,Apul-Peve,-0.10255839822024472
494,C2_annotated,Apul-Ptuh,0.43065202710850636
494,C2_annotated,Peve-Ptuh,0.310602144501302
494,C4_joint,Apul-Peve,0.2420133140784052
494,C4_joint,Apul-Ptuh,0.3870064457046248
494,C4_joint,Peve-Ptuh,0.3245042443027721
495,primary,Apul-Peve,0.2760152890587673
495,primary,Apul-Ptuh,0.47526388351680254
495,primary,Peve-Ptuh,0.36741192973646664
495,C1_cpg20,Apul-Ptuh,0.33566957710919415
495,C1_cpg20,Peve-Ptuh,0.38303369340352666
495,C2_annotated,Apul-Peve,-0.16440489432703004
495,C2_annotated,Apul-Ptuh,0.42819079661384846
495,C2_annotated,Peve-Ptuh,0.30745317291274793
495,C4_joint,Apul-Peve,0.25840935507731333
495,C4_joint,Apul-Ptuh,0.3927829241661091
495,C4_joint,Peve-Ptuh,0.32357084991722734
496,primary,Apul-Peve,0.25913362000318524
496,primary,Apul-Ptuh,0.4778302685272974
496,primary,Peve-Ptuh,0.36671031845584084
496,C1_cpg20,Apul-Ptuh,0.3451504313065432
496,C1_cpg20,Peve-Ptuh,0.38769859582042326
496,C2_annotated,Apul-Peve,-0.15061179087875418
496,C2_annotated,Apul-Ptuh,0.4360116248221306
496,C2_annotated,Peve-Ptuh,0.31634971619882973
496,C4_joint,Apul-Peve,0.2411503645521469
496,C4_joint,Apul-Ptuh,0.3855623260892537
496,C4_joint,Peve-Ptuh,0.3200309957380861
497,primary,Apul-Peve,0.2623029144768275
497,primary,Apul-Ptuh,0.46911772347003505
497,primary,Peve-Ptuh,0.36401677295580614
497,C1_cpg20,Apul-Ptuh,0.3460314538186408
497,C1_cpg20,Peve-Ptuh,0.382749592684328
497,C2_annotated,Apul-Peve,-0.11768631813125696
497,C2_annotated,Apul-Ptuh,0.43059112944070616
497,C2_annotated,Peve-Ptuh,0.30165479769402814
497,C4_joint,Apul-Peve,0.24423232714592658
497,C4_joint,Apul-Ptuh,0.3757000457891586
497,C4_joint,Peve-Ptuh,0.3398260011975627
498,primary,Apul-Peve,0.2457875457875458
498,primary,Apul-Ptuh,0.4700840198106514
498,primary,Peve-Ptuh,0.36902805174968706
498,C1_cpg20,Apul-Ptuh,0.346347043972228
498,C1_cpg20,Peve-Ptuh,0.3838608816853922
498,C2_annotated,Apul-Peve,-0.15595105672969967
498,C2_annotated,Apul-Ptuh,0.43065872444389525
498,C2_annotated,Peve-Ptuh,0.30739559558873025
498,C4_joint,Apul-Peve,0.23234475714134767
498,C4_joint,Apul-Ptuh,0.3928357578105739
498,C4_joint,Peve-Ptuh,0.3375541544855765
499,primary,Apul-Peve,0.2748367574454531
499,primary,Apul-Ptuh,0.47368400990609555
499,primary,Peve-Ptuh,0.3674399762125703
499,C1_cpg20,Apul-Ptuh,0.3587734062697243
499,C1_cpg20,Peve-Ptuh,0.3823697453139077
499,C2_annotated,Apul-Peve,-0.1056729699666296
499,C2_annotated,Apul-Ptuh,0.4363522899934882
499,C2_annotated,Peve-Ptuh,0.3085700036536199
499,C4_joint,Apul-Peve,0.25714134761015817
499,C4_joint,Apul-Ptuh,0.40324398577013854
499,C4_joint,Peve-Ptuh,0.3333274629283929
500,primary,Apul-Peve,0.25142538620799487
500,primary,Apul-Ptuh,0.47699552629371617
500,primary,Peve-Ptuh,0.37174641877758363
500,C1_cpg20,Apul-Ptuh,0.34788554597096566
500,C1_cpg20,Peve-Ptuh,0.38936709893925264
500,C2_annotated,Apul-Peve,-0.16974416017797553
500,C2_annotated,Apul-Ptuh,0.431570315703157
500,C2_annotated,Peve-Ptuh,0.32314468715826694
500,C4_joint,Apul-Peve,0.23014335528864785
500,C4_joint,Apul-Ptuh,0.3903349653059069
500,C4_joint,Peve-Ptuh,0.3363565918777078
501,primary,Apul-Peve,0.28471094123268037
501,primary,Apul-Ptuh,0.47454433631704324
501,primary,Peve-Ptuh,0.3622657053624638
502,primary,Apul-Peve,0.25797101449275367
502,primary,Apul-Ptuh,0.47275970999560896
502,primary,Peve-Ptuh,0.36710347136733007
503,primary,Apul-Peve,0.2775441949354993
503,primary,Apul-Ptuh,0.47259264604028106
503,primary,Peve-Ptuh,0.36469065496835196
504,primary,Apul-Peve,0.272336359292881
504,primary,Apul-Ptuh,0.47539777267439337
504,primary,Peve-Ptuh,0.367411295320419
505,primary,Apul-Peve,0.29248287943940116
505,primary,Apul-Ptuh,0.47899744454523
505,primary,Peve-Ptuh,0.365362739468763
506,primary,Apul-Peve,0.2773530817009078
506,primary,Apul-Ptuh,0.4811477913627242
506,primary,Peve-Ptuh,0.3594475499770824
507,primary,Apul-Peve,0.288501353718745
507,primary,Apul-Ptuh,0.47453885063810525
507,primary,Peve-Ptuh,0.3666117196284453
508,primary,Apul-Peve,0.24959388437649307
508,primary,Apul-Ptuh,0.47635622921633075
508,primary,Peve-Ptuh,0.36933949716104764
509,primary,Apul-Peve,0.27324414715719064
509,primary,Apul-Ptuh,0.4705903903224728
509,primary,Peve-Ptuh,0.36598954252377763
510,primary,Apul-Peve,0.275266762223284
510,primary,Apul-Ptuh,0.4681337486163151
510,primary,Peve-Ptuh,0.36605457016865517
511,primary,Apul-Peve,0.2796623666188884
511,primary,Apul-Ptuh,0.47295988641961206
511,primary,Peve-Ptuh,0.368792366188009
512,primary,Apul-Peve,0.31514572384137607
512,primary,Apul-Ptuh,0.4715938815781457
512,primary,Peve-Ptuh,0.3561494324177005
513,primary,Apul-Peve,0.279168657429527
513,primary,Apul-Ptuh,0.4751902422021147
513,primary,Peve-Ptuh,0.37050497230846646
514,primary,Apul-Peve,0.2986303551520943
514,primary,Apul-Ptuh,0.47593775525599374
514,primary,Peve-Ptuh,0.3651914471359149
515,primary,Apul-Peve,0.27797419971333015
515,primary,Apul-Ptuh,0.4758525300784906
515,primary,Peve-Ptuh,0.36400630509102094
516,primary,Apul-Peve,0.2802197802197802
516,primary,Apul-Ptuh,0.4749710306805603
516,primary,Peve-Ptuh,0.36554079890611874
517,primary,Apul-Peve,0.27114190157668416
517,primary,Apul-Ptuh,0.47463668643217943
517,primary,Peve-Ptuh,0.3656374680513696
518,primary,Apul-Peve,0.3050645007166747
518,primary,Apul-Ptuh,0.4763831564796958
518,primary,Peve-Ptuh,0.37117980594508376
519,primary,Apul-Peve,0.2689600254817646
519,primary,Apul-Ptuh,0.4757082983254004
519,primary,Peve-Ptuh,0.3579309784153289
520,primary,Apul-Peve,0.27690715082019435
520,primary,Apul-Ptuh,0.47344808812406186
520,primary,Peve-Ptuh,0.36204860290417956
521,primary,Apul-Peve,0.27455008759356586
521,primary,Apul-Ptuh,0.4720191072805289
521,primary,Peve-Ptuh,0.3663979214204089
522,primary,Apul-Peve,0.28596910336040776
522,primary,Apul-Ptuh,0.47974178203875356
522,primary,Peve-Ptuh,0.3675131455300585
523,primary,Apul-Peve,0.2634336677814939
523,primary,Apul-Ptuh,0.46827957823993693
523,primary,Peve-Ptuh,0.3702573121438902
524,primary,Apul-Peve,0.25137760789934704
524,primary,Apul-Ptuh,0.4739959986661835
524,primary,Peve-Ptuh,0.37205746767891446
525,primary,Apul-Peve,0.285236502627807
525,primary,Apul-Ptuh,0.4767434865030786
525,primary,Peve-Ptuh,0.36563265706300874
526,primary,Apul-Peve,0.2682911291606944
526,primary,Apul-Ptuh,0.47126653017270714
526,primary,Peve-Ptuh,0.36713463705566773
527,primary,Apul-Peve,0.3017359452142061
527,primary,Apul-Ptuh,0.4751677464219379
527,primary,Peve-Ptuh,0.36540371217183626
528,primary,Apul-Peve,0.2799171842650104
528,primary,Apul-Ptuh,0.4812059692001292
528,primary,Peve-Ptuh,0.36367463766814356
529,primary,Apul-Peve,0.2626055104315974
529,primary,Apul-Ptuh,0.4736094298458351
529,primary,Peve-Ptuh,0.372140946257176
530,primary,Apul-Peve,0.2943780856824335
530,primary,Apul-Ptuh,0.4758594220923195
530,primary,Peve-Ptuh,0.3511015425310734
531,primary,Apul-Peve,0.27590380633858896
531,primary,Apul-Ptuh,0.47667764659443357
531,primary,Peve-Ptuh,0.36560796770515686
532,primary,Apul-Peve,0.26854594680681637
532,primary,Apul-Ptuh,0.46957662445272863
532,primary,Peve-Ptuh,0.37053114197042936
533,primary,Apul-Peve,0.26559961777353086
533,primary,Apul-Ptuh,0.4741145875074857
533,primary,Peve-Ptuh,0.3695963034903099
534,primary,Apul-Peve,0.26999522216913524
534,primary,Apul-Ptuh,0.47480328835306074
534,primary,Peve-Ptuh,0.3577803046040273
535,primary,Apul-Peve,0.29482401656314705
535,primary,Apul-Ptuh,0.4775152765433062
535,primary,Peve-Ptuh,0.36574029631908245
536,primary,Apul-Peve,0.28424908424908424
536,primary,Apul-Ptuh,0.4668856203010315
536,primary,Peve-Ptuh,0.36862268632928186
537,primary,Apul-Peve,0.27775123427297344
537,primary,Apul-Ptuh,0.46384179509162893
537,primary,Peve-Ptuh,0.3672636349853435
538,primary,Apul-Peve,0.26548813505335245
538,primary,Apul-Ptuh,0.4749750881614665
538,primary,Peve-Ptuh,0.36812274004978235
539,primary,Apul-Peve,0.29428252906513774
539,primary,Apul-Ptuh,0.4770041124338494
539,primary,Peve-Ptuh,0.3672373860213746
540,primary,Apul-Peve,0.2558209906035993
540,primary,Apul-Ptuh,0.4827338786122695
540,primary,Peve-Ptuh,0.36209853673392495
541,primary,Apul-Peve,0.2792323618410575
541,primary,Apul-Ptuh,0.4712220638930694
541,primary,Peve-Ptuh,0.36932892356025454
542,primary,Apul-Peve,0.2940277114190158
542,primary,Apul-Ptuh,0.4707535847424519
542,primary,Peve-Ptuh,0.3647367029998059
543,primary,Apul-Peve,0.28980729415512024
543,primary,Apul-Ptuh,0.4752311753279533
543,primary,Peve-Ptuh,0.3664793910145197
544,primary,Apul-Peve,0.3019907628603281
544,primary,Apul-Ptuh,0.474850247174474
544,primary,Peve-Ptuh,0.35771353231501896
545,primary,Apul-Peve,0.2811753463927377
545,primary,Apul-Ptuh,0.47495987952759827
545,primary,Peve-Ptuh,0.3670870822861008
546,primary,Apul-Peve,0.2727663640707119
546,primary,Apul-Ptuh,0.4776044876943767
546,primary,Peve-Ptuh,0.37151924496454397
547,primary,Apul-Peve,0.26986781334607424
547,primary,Apul-Ptuh,0.4671979350755523
547,primary,Peve-Ptuh,0.36655176731194844
548,primary,Apul-Peve,0.2805223761745501
548,primary,Apul-Ptuh,0.4780815767633944
548,primary,Peve-Ptuh,0.3657545442461511
549,primary,Apul-Peve,0.26897595158464727
549,primary,Apul-Ptuh,0.47984781894425554
549,primary,Peve-Ptuh,0.3637188617534607
550,primary,Apul-Peve,0.29111323459149546
550,primary,Apul-Ptuh,0.4696609219677916
550,primary,Peve-Ptuh,0.3688136191256032
551,primary,Apul-Peve,0.27596751075011944
551,primary,Apul-Ptuh,0.4778179522080612
551,primary,Peve-Ptuh,0.37185154680346894
552,primary,Apul-Peve,0.309969740404523
552,primary,Apul-Ptuh,0.4831337309229587
552,primary,Peve-Ptuh,0.3759115716019993
553,primary,Apul-Peve,0.2899506290810639
553,primary,Apul-Ptuh,0.4834728688605596
553,primary,Peve-Ptuh,0.3741763379758446
554,primary,Apul-Peve,0.2730052556139513
554,primary,Apul-Ptuh,0.4760222168110715
554,primary,Peve-Ptuh,0.36422248235923577
555,primary,Apul-Peve,0.27837235228539575
555,primary,Apul-Ptuh,0.47407412099053486
555,primary,Peve-Ptuh,0.36993177740947286
556,primary,Apul-Peve,0.27993311036789303
556,primary,Apul-Ptuh,0.47379678481394416
556,primary,Peve-Ptuh,0.3599530738310002
557,primary,Apul-Peve,0.2917025003981526
557,primary,Apul-Ptuh,0.47351489060511376
557,primary,Peve-Ptuh,0.3690085434562238
558,primary,Apul-Peve,0.3144449753145405
558,primary,Apul-Ptuh,0.4781186935306072
558,primary,Peve-Ptuh,0.364180795938109
559,primary,Apul-Peve,0.30396559961777353
559,primary,Apul-Ptuh,0.477631401200893
559,primary,Peve-Ptuh,0.37152395021689694
560,primary,Apul-Peve,0.27964644051600573
560,primary,Apul-Ptuh,0.47663771911767056
560,primary,Peve-Ptuh,0.3520665157734532
561,primary,Apul-Peve,0.2745819397993311
561,primary,Apul-Ptuh,0.46975502298342225
561,primary,Peve-Ptuh,0.3696011673466748
562,primary,Apul-Peve,0.27928014014970537
562,primary,Apul-Ptuh,0.4703967118240525
562,primary,Peve-Ptuh,0.36330667636054387
563,primary,Apul-Peve,0.2794712533842969
563,primary,Apul-Ptuh,0.47946028755214326
563,primary,Peve-Ptuh,0.36686577682150134
564,primary,Apul-Peve,0.2760471412645326
564,primary,Apul-Ptuh,0.4761700632519382
564,primary,Peve-Ptuh,0.3680265202825652
565,primary,Apul-Peve,0.24456123586558373
565,primary,Apul-Ptuh,0.4733479953547826
565,primary,Peve-Ptuh,0.3679219738047235
566,primary,Apul-Peve,0.2767001114827202
566,primary,Apul-Ptuh,0.4801401712403617
566,primary,Peve-Ptuh,0.37180153367171764
567,primary,Apul-Peve,0.3229017359452142
567,primary,Apul-Ptuh,0.48073754327698587
567,primary,Peve-Ptuh,0.36285306888652014
568,primary,Apul-Peve,0.2685300207039337
568,primary,Apul-Ptuh,0.46716913169423663
568,primary,Peve-Ptuh,0.36053290366449153
569,primary,Apul-Peve,0.2965281095715878
569,primary,Apul-Ptuh,0.47641086479017086
569,primary,Peve-Ptuh,0.36002925662471447
570,primary,Apul-Peve,0.2789775441949355
570,primary,Apul-Ptuh,0.4738737135493084
570,primary,Peve-Ptuh,0.36105405001358115
571,primary,Apul-Peve,0.28738652651696134
571,primary,Apul-Ptuh,0.4766155029613616
571,primary,Peve-Ptuh,0.3698851478299753
572,primary,Apul-Peve,0.27357859531772577
572,primary,Apul-Ptuh,0.47166565546897615
572,primary,Peve-Ptuh,0.3680354285412334
573,primary,Apul-Peve,0.28689281732759997
573,primary,Apul-Ptuh,0.47448808917056995
573,primary,Peve-Ptuh,0.3650130704905354
574,primary,Apul-Peve,0.26693741041567126
574,primary,Apul-Ptuh,0.47364469847526136
574,primary,Peve-Ptuh,0.360461716897152
575,primary,Apul-Peve,0.26709667144449756
575,primary,Apul-Ptuh,0.46945828587894606
575,primary,Peve-Ptuh,0.3690838539278727
576,primary,Apul-Peve,0.3182353878006052
576,primary,Apul-Ptuh,0.4754964986114854
576,primary,Peve-Ptuh,0.3669557052962466
577,primary,Apul-Peve,0.3104156712852365
577,primary,Apul-Ptuh,0.47741821080664304
577,primary,Peve-Ptuh,0.36462940738575794
578,primary,Apul-Peve,0.27294155120242075
578,primary,Apul-Ptuh,0.47571661494543976
578,primary,Peve-Ptuh,0.3752470207921533
579,primary,Apul-Peve,0.25927695492912883
579,primary,Apul-Ptuh,0.4732632981505648
579,primary,Peve-Ptuh,0.365609289405256
580,primary,Apul-Peve,0.3183787227265488
580,primary,Apul-Ptuh,0.4796109492846157
580,primary,Peve-Ptuh,0.357174410844581
581,primary,Apul-Peve,0.284089823220258
581,primary,Apul-Ptuh,0.4790447645731392
581,primary,Peve-Ptuh,0.36387519244118655
582,primary,Apul-Peve,0.29824812868291134
582,primary,Apul-Ptuh,0.47896090993141804
582,primary,Peve-Ptuh,0.36311524131818496
583,primary,Apul-Peve,0.29663959229176623
583,primary,Apul-Ptuh,0.4733821327061703
583,primary,Peve-Ptuh,0.364750290076825
584,primary,Apul-Peve,0.31428571428571433
584,primary,Apul-Ptuh,0.4788933327832557
584,primary,Peve-Ptuh,0.37351326747010966
585,primary,Apul-Peve,0.3062908106386368
585,primary,Apul-Ptuh,0.4778497124769264
585,primary,Peve-Ptuh,0.36521901779998284
586,primary,Apul-Peve,0.27665233317407234
586,primary,Apul-Ptuh,0.4742136553934176
586,primary,Peve-Ptuh,0.36543038407983686
587,primary,Apul-Peve,0.27775123427297344
587,primary,Apul-Ptuh,0.4726616046814408
587,primary,Peve-Ptuh,0.37153587195179116
588,primary,Apul-Peve,0.26106067845198283
588,primary,Apul-Ptuh,0.46798704817338627
588,primary,Peve-Ptuh,0.3631933009260399
589,primary,Apul-Peve,0.29452142060837716
589,primary,Apul-Ptuh,0.47551459038365007
589,primary,Peve-Ptuh,0.36265111311137205
590,primary,Apul-Peve,0.28826246217550566
590,primary,Apul-Ptuh,0.47623925291032126
590,primary,Peve-Ptuh,0.3648457432579847
591,primary,Apul-Peve,0.2675744545309763
591,primary,Apul-Ptuh,0.48239751753512167
591,primary,Peve-Ptuh,0.36636490535193245
592,primary,Apul-Peve,0.28663799968147796
592,primary,Apul-Ptuh,0.4735707344609297
592,primary,Peve-Ptuh,0.3755418920842707
593,primary,Apul-Peve,0.26109253065774807
593,primary,Apul-Ptuh,0.4728712020716725
593,primary,Peve-Ptuh,0.3594396197764876
594,primary,Apul-Peve,0.28256091734352606
594,primary,Apul-Ptuh,0.46294892688356615
594,primary,Peve-Ptuh,0.3684982614819491
595,primary,Apul-Peve,0.2837394489568403
595,primary,Apul-Ptuh,0.4767347463514631
595,primary,Peve-Ptuh,0.36604928336825865
596,primary,Apul-Peve,0.2881032011466794
596,primary,Apul-Ptuh,0.4799814239050732
596,primary,Peve-Ptuh,0.3766049619080084
597,primary,Apul-Peve,0.28585762064022935
597,primary,Apul-Ptuh,0.47984208201654316
597,primary,Peve-Ptuh,0.37495770064045225
598,primary,Apul-Peve,0.28585762064022935
598,primary,Apul-Ptuh,0.47778125437308383
598,primary,Peve-Ptuh,0.3689565742083258
599,primary,Apul-Peve,0.28308647873865267
599,primary,Apul-Ptuh,0.4738382524055294
599,primary,Peve-Ptuh,0.3659028654312762
600,primary,Apul-Peve,0.30810638636725596
600,primary,Apul-Ptuh,0.47754666097953596
600,primary,Peve-Ptuh,0.37066312694232917
601,primary,Apul-Peve,0.26661888835801884
601,primary,Apul-Ptuh,0.46656854915897844
601,primary,Peve-Ptuh,0.367657871690914
602,primary,Apul-Peve,0.2822583213887562
602,primary,Apul-Ptuh,0.4746644855047184
602,primary,Peve-Ptuh,0.3630668670945565
603,primary,Apul-Peve,0.29902850772415995
603,primary,Apul-Ptuh,0.48162653605517575
603,primary,Peve-Ptuh,0.3650070699720853
604,primary,Apul-Peve,0.29163879598662207
604,primary,Apul-Ptuh,0.47959142832924545
604,primary,Peve-Ptuh,0.368617822472917
605,primary,Apul-Peve,0.29464882943143816
605,primary,Apul-Ptuh,0.4765768460793268
605,primary,Peve-Ptuh,0.35906420408032874
606,primary,Apul-Peve,0.30000000000000004
606,primary,Apul-Ptuh,0.47997722709218293
606,primary,Peve-Ptuh,0.36568333104480966
607,primary,Apul-Peve,0.30772415989807295
607,primary,Apul-Ptuh,0.47570729725076605
607,primary,Peve-Ptuh,0.3577154091291597
608,primary,Apul-Peve,0.28571428571428575
608,primary,Apul-Ptuh,0.48136240636318456
608,primary,Peve-Ptuh,0.37135215563801116
609,primary,Apul-Peve,0.29663959229176623
609,primary,Apul-Ptuh,0.4763765394807428
609,primary,Peve-Ptuh,0.36231751600635
610,primary,Apul-Peve,0.27525083612040135
610,primary,Apul-Ptuh,0.473968161090774
610,primary,Peve-Ptuh,0.36713098916339415
611,primary,Apul-Peve,0.27885013537187453
611,primary,Apul-Ptuh,0.47888667178665006
611,primary,Peve-Ptuh,0.36707516055120654
612,primary,Apul-Peve,0.29198917025003984
612,primary,Apul-Ptuh,0.47661692756757207
612,primary,Peve-Ptuh,0.3650616826201817
613,primary,Apul-Peve,0.2704093008440835
613,primary,Apul-Ptuh,0.4662983552622745
613,primary,Peve-Ptuh,0.3647468007885633
614,primary,Apul-Peve,0.2793438445612359
614,primary,Apul-Ptuh,0.4654522116905534
614,primary,Peve-Ptuh,0.3658429131147794
615,primary,Apul-Peve,0.25820990603599303
615,primary,Apul-Ptuh,0.4680069779138003
615,primary,Peve-Ptuh,0.3696068242230991
616,primary,Apul-Peve,0.27810160853639115
616,primary,Apul-Ptuh,0.4760123554941546
616,primary,Peve-Ptuh,0.36688396341486545
617,primary,Apul-Peve,0.2789456919891703
617,primary,Apul-Ptuh,0.47915807852117565
617,primary,Peve-Ptuh,0.3631833881752964
618,primary,Apul-Peve,0.29902850772415995
618,primary,Apul-Ptuh,0.4771285390527449
618,primary,Peve-Ptuh,0.36455951588451563
619,primary,Apul-Peve,0.2876731963688485
619,primary,Apul-Ptuh,0.4712270647303907
619,primary,Peve-Ptuh,0.36932395396788187
620,primary,Apul-Peve,0.26657111004937095
620,primary,Apul-Ptuh,0.4746548066016676
620,primary,Peve-Ptuh,0.37062831336171786
621,primary,Apul-Peve,0.28488612836438926
621,primary,Apul-Ptuh,0.4777704735693291
621,primary,Peve-Ptuh,0.362792032775942
622,primary,Apul-Peve,0.262876254180602
622,primary,Apul-Ptuh,0.46671870394846143
622,primary,Peve-Ptuh,0.3690448637749481
623,primary,Apul-Peve,0.27318044274566017
623,primary,Apul-Ptuh,0.47376783065528866
623,primary,Peve-Ptuh,0.370413880737634
624,primary,Apul-Peve,0.29571587832457397
624,primary,Apul-Ptuh,0.4802033013189341
624,primary,Peve-Ptuh,0.3660313346809123
625,primary,Apul-Peve,0.2996018474279344
625,primary,Apul-Ptuh,0.4788041601350558
625,primary,Peve-Ptuh,0.3652788115124678
626,primary,Apul-Peve,0.2760471412645326
626,primary,Apul-Ptuh,0.4784425411748254
626,primary,Peve-Ptuh,0.3617454049014376
627,primary,Apul-Peve,0.2718585762064023
627,primary,Apul-Ptuh,0.4729529174000421
627,primary,Peve-Ptuh,0.3705230531658226
628,primary,Apul-Peve,0.2789934702978181
628,primary,Apul-Ptuh,0.4715802900648406
628,primary,Peve-Ptuh,0.36340498441391766
629,primary,Apul-Peve,0.2866698518872432
629,primary,Apul-Ptuh,0.47691948312437477
629,primary,Peve-Ptuh,0.3602001788815348
630,primary,Apul-Peve,0.2949832775919733
630,primary,Apul-Ptuh,0.4778279968579347
630,primary,Peve-Ptuh,0.36493641188478543
631,primary,Apul-Peve,0.249004618569836
631,primary,Apul-Ptuh,0.4730350055200603
631,primary,Peve-Ptuh,0.35813518108064557
632,primary,Apul-Peve,0.3156712852365026
632,primary,Apul-Ptuh,0.4780663681295261
632,primary,Peve-Ptuh,0.36376890131921397
633,primary,Apul-Peve,0.2709507883420927
633,primary,Apul-Ptuh,0.4751764966773274
633,primary,Peve-Ptuh,0.36862657212757327
634,primary,Apul-Peve,0.30084408345277913
634,primary,Apul-Ptuh,0.4737566263199578
634,primary,Peve-Ptuh,0.3655875342216242
635,primary,Apul-Peve,0.2664914795349578
635,primary,Apul-Ptuh,0.47267346356557105
635,primary,Peve-Ptuh,0.3642652790084458
636,primary,Apul-Peve,0.28042681955725435
636,primary,Apul-Ptuh,0.46862049739971823
636,primary,Peve-Ptuh,0.36235714057532203
637,primary,Apul-Peve,0.27144449753145405
637,primary,Apul-Ptuh,0.474141501014002
637,primary,Peve-Ptuh,0.36570186128019955
638,primary,Apul-Peve,0.2948080904602644
638,primary,Apul-Ptuh,0.4795434152496663
638,primary,Peve-Ptuh,0.36901449110666995
639,primary,Apul-Peve,0.270855231724797
639,primary,Apul-Ptuh,0.4776891170038514
639,primary,Peve-Ptuh,0.3691340785316399
640,primary,Apul-Peve,0.2796942188246536
640,primary,Apul-Ptuh,0.4753402493857878
640,primary,Peve-Ptuh,0.35968942109522445
641,primary,Apul-Peve,0.28396241439719705
641,primary,Apul-Ptuh,0.47977177577491403
641,primary,Peve-Ptuh,0.36719466867417055
642,primary,Apul-Peve,0.2868768912247173
642,primary,Apul-Ptuh,0.4736591370517186
642,primary,Peve-Ptuh,0.3673105553388628
643,primary,Apul-Peve,0.2738971173753783
643,primary,Apul-Ptuh,0.47162953523627743
643,primary,Peve-Ptuh,0.3645240150198528
644,primary,Apul-Peve,0.2786430960344004
644,primary,Apul-Ptuh,0.47470787823983124
644,primary,Peve-Ptuh,0.36721420340163574
645,primary,Apul-Peve,0.28002866698518875
645,primary,Apul-Ptuh,0.4757877297473505
645,primary,Peve-Ptuh,0.3659955694762297
646,primary,Apul-Peve,0.29342251950947607
646,primary,Apul-Ptuh,0.4745465127093451
646,primary,Peve-Ptuh,0.3645569782203253
647,primary,Apul-Peve,0.2673196368848543
647,primary,Apul-Ptuh,0.47685052448321497
647,primary,Peve-Ptuh,0.36471563510022564
648,primary,Apul-Peve,0.28520465042204174
648,primary,Apul-Ptuh,0.47893372229446535
648,primary,Peve-Ptuh,0.36074067492007583
649,primary,Apul-Peve,0.28378722726548816
649,primary,Apul-Ptuh,0.47540066038968487
649,primary,Peve-Ptuh,0.36137072935733433
650,primary,Apul-Peve,0.27590380633858896
650,primary,Apul-Ptuh,0.4778060502217197
650,primary,Peve-Ptuh,0.36867613588129095
651,primary,Apul-Peve,0.3043956043956044
651,primary,Apul-Ptuh,0.4759683852159835
651,primary,Peve-Ptuh,0.3592309497648358
652,primary,Apul-Peve,0.2752349100175187
652,primary,Apul-Ptuh,0.47278065555718957
652,primary,Peve-Ptuh,0.36370197042619373
653,primary,Apul-Peve,0.2502150023889154
653,primary,Apul-Ptuh,0.47183429350187633
653,primary,Peve-Ptuh,0.3691253553109855
654,primary,Apul-Peve,0.3012581621277274
654,primary,Apul-Ptuh,0.47590851325227407
654,primary,Peve-Ptuh,0.36554275502226546
655,primary,Apul-Peve,0.2884057971014493
655,primary,Apul-Ptuh,0.4759654828307661
655,primary,Peve-Ptuh,0.36392932927724725
656,primary,Apul-Peve,0.2779582736104475
656,primary,Apul-Ptuh,0.47776508316745175
656,primary,Peve-Ptuh,0.36583400485611123
657,primary,Apul-Peve,0.25456282847587197
657,primary,Apul-Ptuh,0.4725761283088139
657,primary,Peve-Ptuh,0.373013611964632
658,primary,Apul-Peve,0.295843287147635
658,primary,Apul-Ptuh,0.47038664785121204
658,primary,Peve-Ptuh,0.36765951059903695
659,primary,Apul-Peve,0.29159101767797424
659,primary,Apul-Ptuh,0.47944688855319095
659,primary,Peve-Ptuh,0.35908870840016677
660,primary,Apul-Peve,0.28463131071826725
660,primary,Apul-Ptuh,0.47742918412475055
660,primary,Peve-Ptuh,0.3670061942400336
661,primary,Apul-Peve,0.2947603121516165
661,primary,Apul-Ptuh,0.4770316419862946
661,primary,Peve-Ptuh,0.3586273028955581
662,primary,Apul-Peve,0.29272177098264057
662,primary,Apul-Ptuh,0.48043456418860714
662,primary,Peve-Ptuh,0.36536903076123495
663,primary,Apul-Peve,0.30216594999203694
663,primary,Apul-Ptuh,0.47775220310064814
663,primary,Peve-Ptuh,0.36296057597258397
664,primary,Apul-Peve,0.2862876254180602
664,primary,Apul-Ptuh,0.47565943818266915
664,primary,Peve-Ptuh,0.3670696622787942
665,primary,Apul-Peve,0.2826405478579392
665,primary,Apul-Ptuh,0.4737402240971024
665,primary,Peve-Ptuh,0.36852287153779506
666,primary,Apul-Peve,0.2860487338748208
666,primary,Apul-Ptuh,0.4735629953839486
666,primary,Peve-Ptuh,0.37166561003352244
667,primary,Apul-Peve,0.27305303392259916
667,primary,Apul-Ptuh,0.4764117072675266
667,primary,Peve-Ptuh,0.37154292983032056
668,primary,Apul-Peve,0.28643096034400384
668,primary,Apul-Ptuh,0.4801176085582179
668,primary,Peve-Ptuh,0.3733930984970961
669,primary,Apul-Peve,0.26754260232521104
669,primary,Apul-Ptuh,0.474968224542893
669,primary,Peve-Ptuh,0.3622376324523581
670,primary,Apul-Peve,0.2785634655199873
670,primary,Apul-Ptuh,0.47499907544982084
670,primary,Peve-Ptuh,0.3677347417686798
671,primary,Apul-Peve,0.3107182672400064
671,primary,Apul-Ptuh,0.4755619489144299
671,primary,Peve-Ptuh,0.3685438865693713
672,primary,Apul-Peve,0.27348303870043006
672,primary,Apul-Ptuh,0.4753933833471504
672,primary,Peve-Ptuh,0.36636868541421597
673,primary,Apul-Peve,0.2874502309284918
673,primary,Apul-Ptuh,0.47841446254092235
673,primary,Peve-Ptuh,0.37040769518117
674,primary,Apul-Peve,0.2934702978181239
674,primary,Apul-Ptuh,0.4708173556848401
674,primary,Peve-Ptuh,0.3619838660333239
675,primary,Apul-Peve,0.2789456919891703
675,primary,Apul-Ptuh,0.4733879998372869
675,primary,Peve-Ptuh,0.35942386511130586
676,primary,Apul-Peve,0.29522216913521265
676,primary,Apul-Ptuh,0.4723863714583531
676,primary,Peve-Ptuh,0.3632436048318131
677,primary,Apul-Peve,0.3011626055104316
677,primary,Apul-Ptuh,0.4765402683523018
677,primary,Peve-Ptuh,0.3573756529016756
678,primary,Apul-Peve,0.2891702500398153
678,primary,Apul-Ptuh,0.47141210952626666
678,primary,Peve-Ptuh,0.3617421799531957
679,primary,Apul-Peve,0.28716356107660457
679,primary,Apul-Ptuh,0.4714496498250555
679,primary,Peve-Ptuh,0.37267504526723716
680,primary,Apul-Peve,0.26381589425067686
680,primary,Apul-Ptuh,0.4764326143262367
680,primary,Peve-Ptuh,0.3663482783646853
681,primary,Apul-Peve,0.27482083134257046
681,primary,Apul-Ptuh,0.46583516124106994
681,primary,Peve-Ptuh,0.370877718170425
682,primary,Apul-Peve,0.2946329033285555
682,primary,Apul-Ptuh,0.47221946151290084
682,primary,Peve-Ptuh,0.3723854607755163
683,primary,Apul-Peve,0.29104953017996493
683,primary,Apul-Ptuh,0.48134504156856533
683,primary,Peve-Ptuh,0.36672845218120104
684,primary,Apul-Peve,0.30700748526835486
684,primary,Apul-Ptuh,0.479499213954272
684,primary,Peve-Ptuh,0.3675462673345429
685,primary,Apul-Peve,0.2842650103519669
685,primary,Apul-Ptuh,0.47316472169095214
685,primary,Peve-Ptuh,0.3684687611357364
686,primary,Apul-Peve,0.25988214683866856
686,primary,Apul-Ptuh,0.4724249275361538
686,primary,Peve-Ptuh,0.36345713869982965
687,primary,Apul-Peve,0.284726867335563
687,primary,Apul-Ptuh,0.48067335899177455
687,primary,Peve-Ptuh,0.37052463920594164
688,primary,Apul-Peve,0.2738334129638478
688,primary,Apul-Ptuh,0.4726998380318996
688,primary,Peve-Ptuh,0.36966963141181003
689,primary,Apul-Peve,0.2788342092689919
689,primary,Apul-Ptuh,0.4773444393066642
689,primary,Peve-Ptuh,0.36384582426498374
690,primary,Apul-Peve,0.2805860805860806
690,primary,Apul-Ptuh,0.4689054186418078
690,primary,Peve-Ptuh,0.3621087138246883
691,primary,Apul-Peve,0.24937091893613636
691,primary,Apul-Ptuh,0.46971790621620946
691,primary,Peve-Ptuh,0.36707365381309354
692,primary,Apul-Peve,0.26657111004937095
692,primary,Apul-Ptuh,0.4719510387482593
692,primary,Peve-Ptuh,0.369822842887302
693,primary,Apul-Peve,0.2749800923713967
693,primary,Apul-Ptuh,0.4716301558219849
693,primary,Peve-Ptuh,0.3661489659897355
694,primary,Apul-Peve,0.28870839305621915
694,primary,Apul-Ptuh,0.47940784664245056
694,primary,Peve-Ptuh,0.3624813539506389
695,primary,Apul-Peve,0.2657270265965918
695,primary,Apul-Ptuh,0.47350724322738835
695,primary,Peve-Ptuh,0.36790384007936333
696,primary,Apul-Peve,0.2869724478420131
696,primary,Apul-Ptuh,0.4680722787828861
696,primary,Peve-Ptuh,0.3724515986484771
697,primary,Apul-Peve,0.2872591176939003
697,primary,Apul-Ptuh,0.47752782847910635
697,primary,Peve-Ptuh,0.36590997617780957
698,primary,Apul-Peve,0.2894728459945851
698,primary,Apul-Ptuh,0.4754234338913488
698,primary,Peve-Ptuh,0.3588391185534458
699,primary,Apul-Peve,0.24585125019907628
699,primary,Apul-Ptuh,0.46965206630756456
699,primary,Peve-Ptuh,0.3566555642536639
700,primary,Apul-Peve,0.27324414715719064
700,primary,Apul-Ptuh,0.47922110772027027
700,primary,Peve-Ptuh,0.3691864971575716
701,primary,Apul-Peve,0.2756649147953496
701,primary,Apul-Ptuh,0.4756402637531339
701,primary,Peve-Ptuh,0.37015765595641537
702,primary,Apul-Peve,0.28302277432712214
702,primary,Apul-Ptuh,0.47792194386208314
702,primary,Peve-Ptuh,0.3658645889964052
703,primary,Apul-Peve,0.27880235706322665
703,primary,Apul-Ptuh,0.4757871907071628
703,primary,Peve-Ptuh,0.3649358039027399
704,primary,Apul-Peve,0.27259117693900303
704,primary,Apul-Ptuh,0.4726212921759722
704,primary,Peve-Ptuh,0.36674420684638276
705,primary,Apul-Peve,0.2997292562509954
705,primary,Apul-Ptuh,0.47031143249286345
705,primary,Peve-Ptuh,0.36268219949770375
706,primary,Apul-Peve,0.2579391622869884
706,primary,Apul-Ptuh,0.47767175220923214
706,primary,Peve-Ptuh,0.36476509311793537
707,primary,Apul-Peve,0.26762223283962416
707,primary,Apul-Ptuh,0.4727549356396604
707,primary,Peve-Ptuh,0.36251730419333544
708,primary,Apul-Peve,0.2750597228858099
708,primary,Apul-Ptuh,0.4727304716157942
708,primary,Peve-Ptuh,0.3754965049028664
709,primary,Apul-Peve,0.29179805701544836
709,primary,Apul-Ptuh,0.4742989053142885
709,primary,Peve-Ptuh,0.36694386286335834
710,primary,Apul-Peve,0.26443701226309924
710,primary,Apul-Ptuh,0.47158562725176223
710,primary,Peve-Ptuh,0.3613007056860821
711,primary,Apul-Peve,0.2788342092689919
711,primary,Apul-Ptuh,0.47066927364469463
711,primary,Peve-Ptuh,0.37017467945369215
712,primary,Apul-Peve,0.2874661570313744
712,primary,Apul-Ptuh,0.48263084493067065
712,primary,Peve-Ptuh,0.36826143925818583
713,primary,Apul-Peve,0.28738652651696134
713,primary,Apul-Ptuh,0.47407320148493637
713,primary,Peve-Ptuh,0.3740462298180856
714,primary,Apul-Peve,0.2595158464723682
714,primary,Apul-Ptuh,0.47473660138126356
714,primary,Peve-Ptuh,0.37004161068771113
715,primary,Apul-Peve,0.2769390030259596
715,primary,Apul-Ptuh,0.47765654357536386
715,primary,Peve-Ptuh,0.367651739002454
716,primary,Apul-Peve,0.25567765567765566
716,primary,Apul-Ptuh,0.47653776566571593
716,primary,Peve-Ptuh,0.3675753183027219
717,primary,Apul-Peve,0.2437171524128046
717,primary,Apul-Ptuh,0.4762791033813432
717,primary,Peve-Ptuh,0.36115235806695495
718,primary,Apul-Peve,0.2873068960025482
718,primary,Apul-Ptuh,0.47637520654624266
718,primary,Peve-Ptuh,0.3620695915017539
719,primary,Apul-Peve,0.2933747412008282
719,primary,Apul-Ptuh,0.475139264401503
719,primary,Peve-Ptuh,0.36755781899340934
720,primary,Apul-Peve,0.268816690555821
720,primary,Apul-Ptuh,0.4736091218228706
720,primary,Peve-Ptuh,0.37459748449543356
721,primary,Apul-Peve,0.2787386526516962
721,primary,Apul-Ptuh,0.47412563783133427
721,primary,Peve-Ptuh,0.3664870040070907
722,primary,Apul-Peve,0.30122630992196214
722,primary,Apul-Ptuh,0.47225537907742804
722,primary,Peve-Ptuh,0.3635463005885174
723,primary,Apul-Peve,0.2916547220895047
723,primary,Apul-Ptuh,0.4707511692503601
723,primary,Peve-Ptuh,0.3675854160914793
724,primary,Apul-Peve,0.268307055263577
724,primary,Apul-Ptuh,0.47668742632355404
724,primary,Peve-Ptuh,0.3658655934884806
725,primary,Apul-Peve,0.2651536868928173
725,primary,Apul-Ptuh,0.4701051148590212
725,primary,Peve-Ptuh,0.3658819825697099
726,primary,Apul-Peve,0.27427934384456126
726,primary,Apul-Ptuh,0.47425469945342674
726,primary,Peve-Ptuh,0.36637106447439444
727,primary,Apul-Peve,0.3029781812390508
727,primary,Apul-Ptuh,0.469218331470789
727,primary,Peve-Ptuh,0.3622426020447309
728,primary,Apul-Peve,0.29673514890906194
728,primary,Apul-Ptuh,0.47222143986528303
728,primary,Peve-Ptuh,0.3676049243849426
729,primary,Apul-Peve,0.29848702022615065
729,primary,Apul-Ptuh,0.4737822692317459
729,primary,Peve-Ptuh,0.36893384096662063
730,primary,Apul-Peve,0.27999681477942345
730,primary,Apul-Ptuh,0.4719568096359748
730,primary,Peve-Ptuh,0.3710808634756623
731,primary,Apul-Peve,0.28010829749960187
731,primary,Apul-Ptuh,0.47851142281024406
731,primary,Peve-Ptuh,0.3618251298514175
732,primary,Apul-Peve,0.29964962573658227
732,primary,Apul-Ptuh,0.4778973405278001
732,primary,Peve-Ptuh,0.3626019194336822
733,primary,Apul-Peve,0.28480649784997614
733,primary,Apul-Ptuh,0.4679026883840054
733,primary,Peve-Ptuh,0.36004376889180295
734,primary,Apul-Peve,0.27384933906673037
734,primary,Apul-Ptuh,0.47376055361275415
734,primary,Peve-Ptuh,0.36784008126658096
735,primary,Apul-Peve,0.2843924191750279
735,primary,Apul-Ptuh,0.46963088972876055
735,primary,Peve-Ptuh,0.3705226830897949
736,primary,Apul-Peve,0.2904761904761905
736,primary,Apul-Ptuh,0.4707452013054244
736,primary,Peve-Ptuh,0.3607769952388001
737,primary,Apul-Peve,0.27569676700111484
737,primary,Apul-Ptuh,0.47968953364341366
737,primary,Peve-Ptuh,0.36778901077475035
738,primary,Apul-Peve,0.24828794394011788
738,primary,Apul-Ptuh,0.4679254820833726
738,primary,Peve-Ptuh,0.356705973895445
739,primary,Apul-Peve,0.2775123427297341
739,primary,Apul-Ptuh,0.46995545419974255
739,primary,Peve-Ptuh,0.36502610245351286
740,primary,Apul-Peve,0.29405956362478103
740,primary,Apul-Ptuh,0.4789965589792073
740,primary,Peve-Ptuh,0.3716437755478847
741,primary,Apul-Peve,0.299362955884695
741,primary,Apul-Ptuh,0.48198769298095945
741,primary,Peve-Ptuh,0.3728662688375803
742,primary,Apul-Peve,0.29987259117693904
742,primary,Apul-Ptuh,0.4698865340607899
742,primary,Peve-Ptuh,0.37370879978277594
743,primary,Apul-Peve,0.26657111004937095
743,primary,Apul-Ptuh,0.47642056292775364
743,primary,Peve-Ptuh,0.36146665835052966
744,primary,Apul-Peve,0.2646759038063386
744,primary,Apul-Ptuh,0.46972653085921334
744,primary,Peve-Ptuh,0.36826299886430275
745,primary,Apul-Peve,0.2838987099856665
745,primary,Apul-Ptuh,0.4722007683690676
745,primary,Peve-Ptuh,0.3649621850367186
746,primary,Apul-Peve,0.26301958910654566
746,primary,Apul-Ptuh,0.47146562851633483
746,primary,Peve-Ptuh,0.3664858673450055
747,primary,Apul-Peve,0.3001751871317089
747,primary,Apul-Ptuh,0.47280868564695194
747,primary,Peve-Ptuh,0.3714383304844749
748,primary,Apul-Peve,0.27330785156872117
748,primary,Apul-Ptuh,0.4752199664181813
748,primary,Peve-Ptuh,0.36374481994340774
749,primary,Apul-Peve,0.2846950151297978
749,primary,Apul-Ptuh,0.4786297421314523
749,primary,Peve-Ptuh,0.36044868493417453
750,primary,Apul-Peve,0.27652492435101134
750,primary,Apul-Ptuh,0.473330322537199
750,primary,Peve-Ptuh,0.3585183155053833
751,primary,Apul-Peve,0.27752826883261666
751,primary,Apul-Ptuh,0.4724364013915785
751,primary,Peve-Ptuh,0.36996257302178276
752,primary,Apul-Peve,0.30044593088071353
752,primary,Apul-Ptuh,0.4757562343992384
752,primary,Peve-Ptuh,0.3619916111959048
753,primary,Apul-Peve,0.3040133779264214
753,primary,Apul-Ptuh,0.4760787729458579
753,primary,Peve-Ptuh,0.3634303346218191
754,primary,Apul-Peve,0.2670807453416149
754,primary,Apul-Ptuh,0.4747399896338722
754,primary,Peve-Ptuh,0.3668715923019375
755,primary,Apul-Peve,0.2715878324573977
755,primary,Apul-Ptuh,0.47475350414143613
755,primary,Peve-Ptuh,0.3623031887772753
756,primary,Apul-Peve,0.24589902850772416
756,primary,Apul-Ptuh,0.471802644142282
756,primary,Peve-Ptuh,0.37056455454893555
757,primary,Apul-Peve,0.2798694059563625
757,primary,Apul-Ptuh,0.47868980660951443
757,primary,Peve-Ptuh,0.3729913016669586
758,primary,Apul-Peve,0.2630673674151935
758,primary,Apul-Ptuh,0.4733208893339136
758,primary,Peve-Ptuh,0.37512901940730237
759,primary,Apul-Peve,0.29093804745978663
759,primary,Apul-Ptuh,0.4757290128697578
759,primary,Peve-Ptuh,0.3668424091637486
760,primary,Apul-Peve,0.3065297021818761
760,primary,Apul-Ptuh,0.47156679934788076
760,primary,Peve-Ptuh,0.36605702853083955
761,primary,Apul-Peve,0.29627329192546586
761,primary,Apul-Ptuh,0.4766662112418795
761,primary,Peve-Ptuh,0.3598257412434494
762,primary,Apul-Peve,0.26418219461697723
762,primary,Apul-Ptuh,0.473820387073593
762,primary,Peve-Ptuh,0.35497814178984555
763,primary,Apul-Peve,0.30632266284440196
763,primary,Apul-Ptuh,0.47359368217177905
763,primary,Peve-Ptuh,0.3600507474683264
764,primary,Apul-Peve,0.30111482720178373
764,primary,Apul-Ptuh,0.47893268271696043
764,primary,Peve-Ptuh,0.367719066405504
765,primary,Apul-Peve,0.2832457397674789
765,primary,Apul-Ptuh,0.47929191449921654
765,primary,Peve-Ptuh,0.36844399247587856
766,primary,Apul-Peve,0.29579550883898714
766,primary,Apul-Ptuh,0.480549649268689
766,primary,Peve-Ptuh,0.37211752573141926
767,primary,Apul-Peve,0.3036152253543558
767,primary,Apul-Ptuh,0.47663155865838214
767,primary,Peve-Ptuh,0.3649813232541541
768,primary,Apul-Peve,0.26779741997133305
768,primary,Apul-Ptuh,0.4755449691485162
768,primary,Peve-Ptuh,0.36944303914681403
769,primary,Apul-Peve,0.28405797101449276
769,primary,Apul-Ptuh,0.47523308122006397
769,primary,Peve-Ptuh,0.36222684737954913
770,primary,Apul-Peve,0.2695492912884217
770,primary,Apul-Ptuh,0.46915028216299537
770,primary,Peve-Ptuh,0.3624960248217393
771,primary,Apul-Peve,0.3062589584328715
771,primary,Apul-Ptuh,0.4722326102433211
771,primary,Peve-Ptuh,0.36800032418660034
772,primary,Apul-Peve,0.2844083452779105
772,primary,Apul-Ptuh,0.4785836156925303
772,primary,Peve-Ptuh,0.3602787407354275
773,primary,Apul-Peve,0.2992992514731645
773,primary,Apul-Ptuh,0.475818070009346
773,primary,Peve-Ptuh,0.3688738357821198
774,primary,Apul-Peve,0.32231247013855713
774,primary,Apul-Ptuh,0.4779319546084269
774,primary,Peve-Ptuh,0.36604616415602464
775,primary,Apul-Peve,0.2907310081223125
775,primary,Apul-Ptuh,0.4780305604599122
775,primary,Peve-Ptuh,0.36925353378659986
776,primary,Apul-Peve,0.279423475075649
776,primary,Apul-Ptuh,0.47328900895709597
776,primary,Peve-Ptuh,0.3655034212273151
777,primary,Apul-Peve,0.25035833731485907
777,primary,Apul-Ptuh,0.4725968428531713
777,primary,Peve-Ptuh,0.3731173125544103
778,primary,Apul-Peve,0.2747889791368052
778,primary,Apul-Ptuh,0.4788298030468438
778,primary,Peve-Ptuh,0.3678886933962272
779,primary,Apul-Peve,0.2730689600254818
779,primary,Apul-Ptuh,0.47409310290571727
779,primary,Peve-Ptuh,0.3699211773746777
780,primary,Apul-Peve,0.27187450230928495
780,primary,Apul-Ptuh,0.47005638495123775
780,primary,Peve-Ptuh,0.36721589517776265
781,primary,Apul-Peve,0.3016085363911451
781,primary,Apul-Ptuh,0.4738549626513493
781,primary,Peve-Ptuh,0.3636262105765112
782,primary,Apul-Peve,0.30539894887720975
782,primary,Apul-Ptuh,0.4733632424915215
782,primary,Peve-Ptuh,0.3676668592515881
783,primary,Apul-Peve,0.2946329033285555
783,primary,Apul-Ptuh,0.46750231953335575
783,primary,Peve-Ptuh,0.36603331723106103
784,primary,Apul-Peve,0.2926739926739927
784,primary,Apul-Ptuh,0.4764086123722219
784,primary,Peve-Ptuh,0.359613555509534
785,primary,Apul-Peve,0.29031692944736426
785,primary,Apul-Ptuh,0.476744487577713
785,primary,Peve-Ptuh,0.3654135984885778
786,primary,Apul-Peve,0.2660136964484791
786,primary,Apul-Ptuh,0.4782893382528965
786,primary,Peve-Ptuh,0.36752012410658197
787,primary,Apul-Peve,0.29187768752986143
787,primary,Apul-Ptuh,0.4813105429965502
787,primary,Peve-Ptuh,0.3734098840883552
788,primary,Apul-Peve,0.2879757923236184
788,primary,Apul-Ptuh,0.4714174229224029
788,primary,Peve-Ptuh,0.36449546629771146
789,primary,Apul-Peve,0.29216435738174873
789,primary,Apul-Ptuh,0.46907883557077684
789,primary,Peve-Ptuh,0.36216752947909986
790,primary,Apul-Peve,0.2748367574454531
790,primary,Apul-Ptuh,0.47642556830092553
790,primary,Peve-Ptuh,0.3722714509249647
791,primary,Apul-Peve,0.29143175664914794
791,primary,Apul-Ptuh,0.4737047629533234
791,primary,Peve-Ptuh,0.36516897823422956
792,primary,Apul-Peve,0.31998725911769393
792,primary,Apul-Ptuh,0.4757332665026152
792,primary,Peve-Ptuh,0.3755699914283783
793,primary,Apul-Peve,0.29501512979773853
793,primary,Apul-Ptuh,0.47574965040837397
793,primary,Peve-Ptuh,0.36540876106621495
794,primary,Apul-Peve,0.2619525402134098
794,primary,Apul-Ptuh,0.4748467241617846
794,primary,Peve-Ptuh,0.3628758285622273
795,primary,Apul-Peve,0.2964166268514095
795,primary,Apul-Ptuh,0.470988929009629
795,primary,Peve-Ptuh,0.36311682735830386
796,primary,Apul-Peve,0.28015607580824975
796,primary,Apul-Ptuh,0.4766519266769045
796,primary,Peve-Ptuh,0.365116268834276
797,primary,Apul-Peve,0.25899028507724164
797,primary,Apul-Ptuh,0.4704541966097876
797,primary,Peve-Ptuh,0.3604242334823405
798,primary,Apul-Peve,0.2599777034559643
798,primary,Apul-Ptuh,0.47447093157445036
798,primary,Peve-Ptuh,0.36684909696625023
799,primary,Apul-Peve,0.28010829749960187
799,primary,Apul-Ptuh,0.47965657518622057
799,primary,Peve-Ptuh,0.37187948754356476
800,primary,Apul-Peve,0.2950947603121516
800,primary,Apul-Ptuh,0.4761448438717263
800,primary,Peve-Ptuh,0.3671130933440518
801,primary,Apul-Peve,0.2715082019429846
801,primary,Apul-Ptuh,0.4770910519155573
801,primary,Peve-Ptuh,0.3738470760471477
802,primary,Apul-Peve,0.2601528905876732
802,primary,Apul-Ptuh,0.46436874091320224
802,primary,Peve-Ptuh,0.36791457228416835
803,primary,Apul-Peve,0.28905876731963687
803,primary,Apul-Ptuh,0.4762543845384484
803,primary,Peve-Ptuh,0.36754687531658853
804,primary,Apul-Peve,0.27937569676700114
804,primary,Apul-Ptuh,0.4651010655111134
804,primary,Peve-Ptuh,0.36381521369068776
805,primary,Apul-Peve,0.28993470297818125
805,primary,Apul-Ptuh,0.47581660690026506
805,primary,Peve-Ptuh,0.36871924973852477
806,primary,Apul-Peve,0.29076286032807774
806,primary,Apul-Ptuh,0.47148503850147516
806,primary,Peve-Ptuh,0.36638076575312206
807,primary,Apul-Peve,0.2623984710941233
807,primary,Apul-Ptuh,0.4779078133085904
807,primary,Peve-Ptuh,0.3628492888242366
808,primary,Apul-Peve,0.30676859372511545
808,primary,Apul-Ptuh,0.47669647449813385
808,primary,Peve-Ptuh,0.3701669871591152
809,primary,Apul-Peve,0.30074852683548337
809,primary,Apul-Ptuh,0.47410815752810337
809,primary,Peve-Ptuh,0.36905739349188793
810,primary,Apul-Peve,0.26986781334607424
810,primary,Apul-Ptuh,0.4715003581055733
810,primary,Peve-Ptuh,0.367040849216633
811,primary,Apul-Peve,0.2732919254658385
811,primary,Apul-Ptuh,0.4698073098816328
811,primary,Peve-Ptuh,0.36741013222433183
812,primary,Apul-Peve,0.32479694218824656
812,primary,Apul-Ptuh,0.4769769679101098
812,primary,Peve-Ptuh,0.36456363958882493
813,primary,Apul-Peve,0.29751552795031055
813,primary,Apul-Ptuh,0.47466502454490617
813,primary,Peve-Ptuh,0.3689002697841025
814,primary,Apul-Peve,0.27627010670488933
814,primary,Apul-Ptuh,0.47146774617421516
814,primary,Peve-Ptuh,0.355455064053618
815,primary,Apul-Peve,0.295843287147635
815,primary,Apul-Ptuh,0.4667771962165115
815,primary,Peve-Ptuh,0.36031839173840163
816,primary,Apul-Peve,0.2789616180920529
816,primary,Apul-Ptuh,0.4771492682558329
816,primary,Peve-Ptuh,0.36261429054661015
817,primary,Apul-Peve,0.2838827838827839
817,primary,Apul-Ptuh,0.4773644607993515
817,primary,Peve-Ptuh,0.3609080285866285
818,primary,Apul-Peve,0.26774964166268517
818,primary,Apul-Ptuh,0.4783875975785468
818,primary,Peve-Ptuh,0.3667027318972718
819,primary,Apul-Peve,0.27292562509953816
819,primary,Apul-Ptuh,0.4711220719372816
819,primary,Peve-Ptuh,0.3668365672493104
820,primary,Apul-Peve,0.25848064978499763
820,primary,Apul-Ptuh,0.46902865159374885
820,primary,Peve-Ptuh,0.3647645644378957
821,primary,Apul-Peve,0.28195572543398634
821,primary,Apul-Ptuh,0.4681824739994685
821,primary,Peve-Ptuh,0.37190748115166444
822,primary,Apul-Peve,0.3114349418697245
822,primary,Apul-Ptuh,0.4760502808216489
822,primary,Peve-Ptuh,0.36775610044228185
823,primary,Apul-Peve,0.2697244784201306
823,primary,Apul-Ptuh,0.4715434043148511
823,primary,Peve-Ptuh,0.36579168401893686
824,primary,Apul-Peve,0.300382226469183
824,primary,Apul-Ptuh,0.47353169255018934
824,primary,Peve-Ptuh,0.37113719433388753
825,primary,Apul-Peve,0.2816690555820991
825,primary,Apul-Ptuh,0.47326024731279326
825,primary,Peve-Ptuh,0.3699844339414225
826,primary,Apul-Peve,0.27990125816212774
826,primary,Apul-Ptuh,0.4776056427804933
826,primary,Peve-Ptuh,0.3710360314082996
827,primary,Apul-Peve,0.2696289218028349
827,primary,Apul-Ptuh,0.4784403465112039
827,primary,Peve-Ptuh,0.36661925816461755
828,primary,Apul-Peve,0.28385093167701864
828,primary,Apul-Ptuh,0.4696753605442488
828,primary,Peve-Ptuh,0.3626869047500567
829,primary,Apul-Peve,0.3115623506927855
829,primary,Apul-Ptuh,0.47296739447936986
829,primary,Peve-Ptuh,0.3660499706523102
830,primary,Apul-Peve,0.2880872750437968
830,primary,Apul-Ptuh,0.4798202893918104
830,primary,Peve-Ptuh,0.37466650367461046
831,primary,Apul-Peve,0.2542602325211021
831,primary,Apul-Ptuh,0.4751318333474863
831,primary,Peve-Ptuh,0.36602826833668234
832,primary,Apul-Peve,0.2917025003981526
832,primary,Apul-Ptuh,0.4788965285215115
832,primary,Peve-Ptuh,0.3685161044332875
833,primary,Apul-Peve,0.28082497212931995
833,primary,Apul-Ptuh,0.4741686455377416
833,primary,Peve-Ptuh,0.36617378751759727
834,primary,Apul-Peve,0.2881987577639752
834,primary,Apul-Ptuh,0.479805003752201
834,primary,Peve-Ptuh,0.3751376104579468
835,primary,Apul-Peve,0.2861920688007645
835,primary,Apul-Ptuh,0.47090364061774853
835,primary,Peve-Ptuh,0.36217849958992276
836,primary,Apul-Peve,0.26262143653448006
836,primary,Apul-Ptuh,0.47581664540313556
836,primary,Peve-Ptuh,0.3680555183827403
837,primary,Apul-Peve,0.26290810638636725
837,primary,Apul-Ptuh,0.4783323459593037
837,primary,Peve-Ptuh,0.36723075108687697
838,primary,Apul-Peve,0.27450230928491803
838,primary,Apul-Ptuh,0.4793858230004945
838,primary,Peve-Ptuh,0.3719362942138256
839,primary,Apul-Peve,0.28545946806816375
839,primary,Apul-Ptuh,0.4775455783024312
839,primary,Peve-Ptuh,0.36535576089223953
840,primary,Apul-Peve,0.2764452938365982
840,primary,Apul-Ptuh,0.4760249459328253
840,primary,Peve-Ptuh,0.36339097439286683
841,primary,Apul-Peve,0.2918299092212136
841,primary,Apul-Ptuh,0.47155418511860586
841,primary,Peve-Ptuh,0.36303297870401463
842,primary,Apul-Peve,0.28243350852046506
842,primary,Apul-Ptuh,0.4798040411804371
842,primary,Peve-Ptuh,0.36850296673430205
843,primary,Apul-Peve,0.2761586239847109
843,primary,Apul-Ptuh,0.4729645067640784
843,primary,Peve-Ptuh,0.3708194311960531
844,primary,Apul-Peve,0.30289855072463767
844,primary,Apul-Ptuh,0.47268074060810555
844,primary,Peve-Ptuh,0.3683681004561862
845,primary,Apul-Peve,0.2706322662844402
845,primary,Apul-Ptuh,0.4737873946740731
845,primary,Peve-Ptuh,0.3676979192039178
846,primary,Apul-Peve,0.2738015607580825
846,primary,Apul-Ptuh,0.47601751487880867
846,primary,Peve-Ptuh,0.36754013464608293
847,primary,Apul-Peve,0.280315336837076
847,primary,Apul-Ptuh,0.47740280965842197
847,primary,Peve-Ptuh,0.3694500970253435
848,primary,Apul-Peve,0.2998566650740564
848,primary,Apul-Ptuh,0.47062265119853613
848,primary,Peve-Ptuh,0.36305859325193596
849,primary,Apul-Peve,0.25142538620799487
849,primary,Apul-Ptuh,0.47488325881519855
849,primary,Peve-Ptuh,0.36753550869573587
850,primary,Apul-Peve,0.2780060519190954
850,primary,Apul-Ptuh,0.4706301162253426
850,primary,Peve-Ptuh,0.3600658941514625
851,primary,Apul-Peve,0.27931199235547066
851,primary,Apul-Ptuh,0.47709906051263223
851,primary,Peve-Ptuh,0.3661679984711631
852,primary,Apul-Peve,0.2935340022296544
852,primary,Apul-Ptuh,0.474902587256216
852,primary,Peve-Ptuh,0.36581729856685813
853,primary,Apul-Peve,0.269198917025004
853,primary,Apul-Ptuh,0.47416618135402616
853,primary,Peve-Ptuh,0.36040379999880784
854,primary,Apul-Peve,0.28262462175505654
854,primary,Apul-Ptuh,0.47964028847197676
854,primary,Peve-Ptuh,0.355560694325541
855,primary,Apul-Peve,0.28295906991559167
855,primary,Apul-Ptuh,0.4728550046002267
855,primary,Peve-Ptuh,0.3652055364589717
856,primary,Apul-Peve,0.2835005574136009
856,primary,Apul-Ptuh,0.4765933298954762
856,primary,Peve-Ptuh,0.37312844126924505
857,primary,Apul-Peve,0.2821946169772257
857,primary,Apul-Ptuh,0.47116952672569457
857,primary,Peve-Ptuh,0.36722081190213146
858,primary,Apul-Peve,0.2841216754260233
858,primary,Apul-Ptuh,0.46603767157468856
858,primary,Peve-Ptuh,0.3675508668508879
859,primary,Apul-Peve,0.2818760949195732
859,primary,Apul-Ptuh,0.47495791588120007
859,primary,Peve-Ptuh,0.37059336761109674
860,primary,Apul-Peve,0.2789934702978181
860,primary,Apul-Ptuh,0.47285650621217823
860,primary,Peve-Ptuh,0.3719962465303225
861,primary,Apul-Peve,0.2643255295429208
861,primary,Apul-Ptuh,0.47265848594892607
861,primary,Peve-Ptuh,0.36207093963585496
862,primary,Apul-Peve,0.26985188724319165
862,primary,Apul-Ptuh,0.47115940047064175
862,primary,Peve-Ptuh,0.361195128282163
863,primary,Apul-Peve,0.2681318681318681
863,primary,Apul-Ptuh,0.46604142111862046
863,primary,Peve-Ptuh,0.3675634758698337
864,primary,Apul-Peve,0.2625736582258322
864,primary,Apul-Ptuh,0.4747243574684278
864,primary,Peve-Ptuh,0.362389390057741
865,primary,Apul-Peve,0.29248287943940116
865,primary,Apul-Ptuh,0.47101013955769716
865,primary,Peve-Ptuh,0.3645828042402624
866,primary,Apul-Peve,0.2944736422997293
866,primary,Apul-Ptuh,0.4783416636539775
866,primary,Peve-Ptuh,0.3738298410778549
867,primary,Apul-Peve,0.2928969581143494
867,primary,Apul-Ptuh,0.4815374404127169
867,primary,Peve-Ptuh,0.37228363699987876
868,primary,Apul-Peve,0.28558687689122475
868,primary,Apul-Ptuh,0.4749480206434681
868,primary,Peve-Ptuh,0.3688418770737227
869,primary,Apul-Peve,0.2937251154642459
869,primary,Apul-Ptuh,0.4723019924167248
869,primary,Peve-Ptuh,0.36511764340237907
870,primary,Apul-Peve,0.27179487179487183
870,primary,Apul-Ptuh,0.4753611995230611
870,primary,Peve-Ptuh,0.3693503879698646
871,primary,Apul-Peve,0.2997292562509954
871,primary,Apul-Ptuh,0.47805843653819224
871,primary,Peve-Ptuh,0.3669513701199214
872,primary,Apul-Peve,0.26574295269947446
872,primary,Apul-Ptuh,0.4760429652762439
872,primary,Peve-Ptuh,0.36301732977484086
873,primary,Apul-Peve,0.28722726548813504
873,primary,Apul-Ptuh,0.47313268730265234
873,primary,Peve-Ptuh,0.3639459562644944
874,primary,Apul-Peve,0.29103360407708234
874,primary,Apul-Ptuh,0.47501786485065056
874,primary,Peve-Ptuh,0.3785364679988849
875,primary,Apul-Peve,0.25830546265328874
875,primary,Apul-Ptuh,0.4717897071777764
875,primary,Peve-Ptuh,0.3648181197259127
876,primary,Apul-Peve,0.273737856346552
876,primary,Apul-Ptuh,0.47133926209518107
876,primary,Peve-Ptuh,0.36730302164829776
877,primary,Apul-Peve,0.30207039337474123
877,primary,Apul-Ptuh,0.4756591301597047
877,primary,Peve-Ptuh,0.3702351604502287
878,primary,Apul-Peve,0.28243350852046506
878,primary,Apul-Ptuh,0.47341048551368964
878,primary,Peve-Ptuh,0.3668561812787816
879,primary,Apul-Peve,0.27512342729734035
879,primary,Apul-Ptuh,0.4758392126655733
879,primary,Peve-Ptuh,0.3645162169892679
880,primary,Apul-Peve,0.30265965918139837
880,primary,Apul-Ptuh,0.47421943082400053
880,primary,Peve-Ptuh,0.36961546814174745
881,primary,Apul-Peve,0.28773690078037906
881,primary,Apul-Ptuh,0.4751461949182025
881,primary,Peve-Ptuh,0.3656727045760126
882,primary,Apul-Peve,0.23992673992673993
882,primary,Apul-Ptuh,0.4714581589594476
882,primary,Peve-Ptuh,0.3651741592986182
883,primary,Apul-Peve,0.27416786112438285
883,primary,Apul-Ptuh,0.4722240823928094
883,primary,Peve-Ptuh,0.3627272166030804
884,primary,Apul-Peve,0.2774167861124383
884,primary,Apul-Ptuh,0.4772371703093045
884,primary,Peve-Ptuh,0.3666265226695556
885,primary,Apul-Peve,0.2931358496575888
885,primary,Apul-Ptuh,0.47561600694468575
885,primary,Peve-Ptuh,0.3677507343398793
886,primary,Apul-Peve,0.31086160216595
886,primary,Apul-Ptuh,0.4774502836978134
886,primary,Peve-Ptuh,0.37407847930050453
887,primary,Apul-Peve,0.268561872909699
887,primary,Apul-Ptuh,0.47012182510500194
887,primary,Peve-Ptuh,0.3606096415722474
888,primary,Apul-Peve,0.27928014014970537
888,primary,Apul-Ptuh,0.47495029688456813
888,primary,Peve-Ptuh,0.36246018031505073
889,primary,Apul-Peve,0.29576365663322185
889,primary,Apul-Ptuh,0.4706675795183903
889,primary,Peve-Ptuh,0.37288815619122195
890,primary,Apul-Peve,0.29964962573658227
890,primary,Apul-Ptuh,0.47332008532967756
890,primary,Peve-Ptuh,0.37174663024959953
891,primary,Apul-Peve,0.2891224717311674
891,primary,Apul-Ptuh,0.4808912852391025
891,primary,Peve-Ptuh,0.37291802661346246
892,primary,Apul-Peve,0.29654403567447046
892,primary,Apul-Ptuh,0.4798298381037075
892,primary,Peve-Ptuh,0.36438558015146927
893,primary,Apul-Peve,0.26950151297977387
893,primary,Apul-Ptuh,0.47032748819003845
893,primary,Peve-Ptuh,0.3707429047603131
894,primary,Apul-Peve,0.3120242076763816
894,primary,Apul-Ptuh,0.480623921305985
894,primary,Peve-Ptuh,0.36998900702376547
895,primary,Apul-Peve,0.268307055263577
895,primary,Apul-Ptuh,0.47737047184219106
895,primary,Peve-Ptuh,0.3776168555039075
896,primary,Apul-Peve,0.25344800127408823
896,primary,Apul-Ptuh,0.47223287521783724
896,primary,Peve-Ptuh,0.371153398377103
897,primary,Apul-Peve,0.2880235706322663
897,primary,Apul-Ptuh,0.4768220708618766
897,primary,Peve-Ptuh,0.36978221382625454
898,primary,Apul-Peve,0.2751552795031056
898,primary,Apul-Ptuh,0.4748624287622295
898,primary,Peve-Ptuh,0.37592967889335743
899,primary,Apul-Peve,0.263513298295907
899,primary,Apul-Ptuh,0.47362267483330517
899,primary,Peve-Ptuh,0.37217295783357707
900,primary,Apul-Peve,0.27362637362637365
900,primary,Apul-Ptuh,0.4746688363290909
900,primary,Peve-Ptuh,0.3641581948664137
901,primary,Apul-Peve,0.28611243828635136
901,primary,Apul-Ptuh,0.4654140168429652
901,primary,Peve-Ptuh,0.3666640853863731
902,primary,Apul-Peve,0.2976429367733716
902,primary,Apul-Ptuh,0.4752175407373365
902,primary,Peve-Ptuh,0.36742134024117246
903,primary,Apul-Peve,0.2871794871794872
903,primary,Apul-Ptuh,0.47038589251742724
903,primary,Peve-Ptuh,0.36456319021079125
904,primary,Apul-Peve,0.28229017359452147
904,primary,Apul-Ptuh,0.47394725403206395
904,primary,Peve-Ptuh,0.36471944159651115
905,primary,Apul-Peve,0.28713170887083933
905,primary,Apul-Ptuh,0.47735816470824094
905,primary,Peve-Ptuh,0.3759528615130963
906,primary,Apul-Peve,0.2836916706481924
906,primary,Apul-Ptuh,0.47545625853476287
906,primary,Peve-Ptuh,0.36359927432849076
907,primary,Apul-Peve,0.2952699474438605
907,primary,Apul-Ptuh,0.47453299820178113
907,primary,Peve-Ptuh,0.3641436825993252
908,primary,Apul-Peve,0.2801401497053671
908,primary,Apul-Ptuh,0.4736414257312644
908,primary,Peve-Ptuh,0.37098792152469107
909,primary,Apul-Peve,0.26749482401656316
909,primary,Apul-Ptuh,0.47608347029606535
909,primary,Peve-Ptuh,0.3711145932621923
910,primary,Apul-Peve,0.2950310559006212
910,primary,Apul-Ptuh,0.47893449235187646
910,primary,Peve-Ptuh,0.3690518687854735
911,primary,Apul-Peve,0.28668577799012585
911,primary,Apul-Ptuh,0.47097002410000577
911,primary,Peve-Ptuh,0.36727516021020795
912,primary,Apul-Peve,0.28287943940117855
912,primary,Apul-Ptuh,0.4774126278904129
912,primary,Peve-Ptuh,0.373482154649776
913,primary,Apul-Peve,0.3015607580824972
913,primary,Apul-Ptuh,0.4701756713699881
913,primary,Peve-Ptuh,0.3629705680253334
914,primary,Apul-Peve,0.2656792482879439
914,primary,Apul-Ptuh,0.4692142501665105
914,primary,Peve-Ptuh,0.3669886420627171
915,primary,Apul-Peve,0.2607421563943303
915,primary,Apul-Ptuh,0.4755034245511898
915,primary,Peve-Ptuh,0.3691587943234937
916,primary,Apul-Peve,0.29842331581462017
916,primary,Apul-Ptuh,0.4777480263957969
916,primary,Peve-Ptuh,0.36433443035763263
917,primary,Apul-Peve,0.26553591336200033
917,primary,Apul-Ptuh,0.468815629947679
917,primary,Peve-Ptuh,0.36769979601805863
918,primary,Apul-Peve,0.2609491957318044
918,primary,Apul-Ptuh,0.4680597030901191
918,primary,Peve-Ptuh,0.3702387290404964
919,primary,Apul-Peve,0.2826086956521739
919,primary,Apul-Ptuh,0.47739287591781937
919,primary,Peve-Ptuh,0.3649838080503405
920,primary,Apul-Peve,0.2512342729734034
920,primary,Apul-Ptuh,0.4640204308571759
920,primary,Peve-Ptuh,0.37233970351808415
921,primary,Apul-Peve,0.28885172798216274
921,primary,Apul-Ptuh,0.47973300338426755
921,primary,Peve-Ptuh,0.37108683756011046
922,primary,Apul-Peve,0.2585443541965281
922,primary,Apul-Ptuh,0.4707857448281163
922,primary,Peve-Ptuh,0.3651194409145139
923,primary,Apul-Peve,0.2735308170090779
923,primary,Apul-Ptuh,0.470670274719329
923,primary,Peve-Ptuh,0.36451370575907954
924,primary,Apul-Peve,0.29273769708552316
924,primary,Apul-Ptuh,0.47379174093790183
924,primary,Peve-Ptuh,0.35854813305961986
925,primary,Apul-Peve,0.2943621595795509
925,primary,Apul-Ptuh,0.4800550028906993
925,primary,Peve-Ptuh,0.3652327899150159
926,primary,Apul-Peve,0.28273610447523495
926,primary,Apul-Ptuh,0.47686658018023537
926,primary,Peve-Ptuh,0.3737876788446925
927,primary,Apul-Peve,0.2652492435101131
927,primary,Apul-Ptuh,0.47562055028341094
927,primary,Peve-Ptuh,0.3678566289518222
928,primary,Apul-Peve,0.24793756967670014
928,primary,Apul-Ptuh,0.4692844023966574
928,primary,Peve-Ptuh,0.3720833994348595
929,primary,Apul-Peve,0.2705844879757923
929,primary,Apul-Ptuh,0.4686963095518364
929,primary,Peve-Ptuh,0.3689591911745221
930,primary,Apul-Peve,0.2596432552954292
930,primary,Apul-Ptuh,0.47228000273139364
930,primary,Peve-Ptuh,0.37547234422505416
931,primary,Apul-Peve,0.2549769071508202
931,primary,Apul-Ptuh,0.4746344532656874
931,primary,Peve-Ptuh,0.3648971573918411
932,primary,Apul-Peve,0.2984392419175028
932,primary,Apul-Ptuh,0.48184496283982076
932,primary,Peve-Ptuh,0.36500336921180776
933,primary,Apul-Peve,0.29751552795031055
933,primary,Apul-Ptuh,0.4822597157614138
933,primary,Peve-Ptuh,0.3659503673328392
934,primary,Apul-Peve,0.26653925784360566
934,primary,Apul-Ptuh,0.47528942559665827
934,primary,Peve-Ptuh,0.3702592418260349
935,primary,Apul-Peve,0.3078197165153687
935,primary,Apul-Ptuh,0.47521397826747774
935,primary,Peve-Ptuh,0.36604753872412776
936,primary,Apul-Peve,0.2596910336040771
936,primary,Apul-Ptuh,0.47025363515707885
936,primary,Peve-Ptuh,0.36093813691488685
937,primary,Apul-Peve,0.3009555661729575
937,primary,Apul-Ptuh,0.47382928123669066
937,primary,Peve-Ptuh,0.37001065647138937
938,primary,Apul-Peve,0.27222487657270267
938,primary,Apul-Ptuh,0.46650852318320907
938,primary,Peve-Ptuh,0.3689131695770701
939,primary,Apul-Peve,0.30973084886128366
939,primary,Apul-Ptuh,0.47892505914859107
939,primary,Peve-Ptuh,0.36686437581939624
940,primary,Apul-Peve,0.2803631151457239
940,primary,Apul-Ptuh,0.4755976410754322
940,primary,Peve-Ptuh,0.36578124258815364
941,primary,Apul-Peve,0.28689281732759997
941,primary,Apul-Ptuh,0.472535416071697
941,primary,Peve-Ptuh,0.3671515283829347
942,primary,Apul-Peve,0.27993311036789303
942,primary,Apul-Ptuh,0.47417802555102495
942,primary,Peve-Ptuh,0.3680899883213258
943,primary,Apul-Peve,0.2648033126293996
943,primary,Apul-Ptuh,0.4674516067508398
943,primary,Peve-Ptuh,0.3664092351732575
944,primary,Apul-Peve,0.2893295110686415
944,primary,Apul-Ptuh,0.47545287028215427
944,primary,Peve-Ptuh,0.3707266742830957
945,primary,Apul-Peve,0.25578913839783407
945,primary,Apul-Ptuh,0.47442209524980744
945,primary,Peve-Ptuh,0.3682466626510774
946,primary,Apul-Peve,0.2732919254658385
946,primary,Apul-Ptuh,0.47319968229741394
946,primary,Peve-Ptuh,0.37308585609205086
947,primary,Apul-Peve,0.30654562828475873
947,primary,Apul-Ptuh,0.47856994717348406
947,primary,Peve-Ptuh,0.3736701268378752
948,primary,Apul-Peve,0.28541168975951586
948,primary,Apul-Ptuh,0.4710119152235702
948,primary,Peve-Ptuh,0.36677539896872235
949,primary,Apul-Peve,0.3014652014652015
949,primary,Apul-Ptuh,0.47010862084360255
949,primary,Peve-Ptuh,0.357815964072702
950,primary,Apul-Peve,0.25312947921643575
950,primary,Apul-Ptuh,0.4706456713850459
950,primary,Peve-Ptuh,0.36896439867291264
951,primary,Apul-Peve,0.32621436534480014
951,primary,Apul-Ptuh,0.47739179783744395
951,primary,Peve-Ptuh,0.3687792549230256
952,primary,Apul-Peve,0.27267080745341615
952,primary,Apul-Ptuh,0.469012769159493
952,primary,Peve-Ptuh,0.36982212916924845
953,primary,Apul-Peve,0.29326325848064977
953,primary,Apul-Ptuh,0.4715042468954991
953,primary,Peve-Ptuh,0.36102357160929505
954,primary,Apul-Peve,0.2876731963688485
954,primary,Apul-Ptuh,0.47112276045406365
954,primary,Peve-Ptuh,0.3647293014792507
955,primary,Apul-Peve,0.33221850613154963
955,primary,Apul-Ptuh,0.48099200874846826
955,primary,Peve-Ptuh,0.3622247855273945
956,primary,Apul-Peve,0.26692148431278867
956,primary,Apul-Ptuh,0.47711118891685633
956,primary,Peve-Ptuh,0.36187559236120254
957,primary,Apul-Peve,0.2832935180761268
957,primary,Apul-Ptuh,0.4807227581746937
957,primary,Peve-Ptuh,0.36698486200043356
958,primary,Apul-Peve,0.2800127408823061
958,primary,Apul-Ptuh,0.478705592786441
958,primary,Peve-Ptuh,0.3680978127859127
959,primary,Apul-Peve,0.2751552795031056
959,primary,Apul-Ptuh,0.4768983450484413
959,primary,Peve-Ptuh,0.36184847107516827
960,primary,Apul-Peve,0.3003025959547699
960,primary,Apul-Ptuh,0.473464567352817
960,primary,Peve-Ptuh,0.3755969541104008
961,primary,Apul-Peve,0.28874024526198444
961,primary,Apul-Ptuh,0.4747856540383476
961,primary,Peve-Ptuh,0.3730572545019055
962,primary,Apul-Peve,0.28170090778786433
962,primary,Apul-Ptuh,0.4798201738831987
962,primary,Peve-Ptuh,0.3726674587086681
963,primary,Apul-Peve,0.2740882306099698
963,primary,Apul-Ptuh,0.4717187848902184
963,primary,Peve-Ptuh,0.3696329145830561
964,primary,Apul-Peve,0.2793597706641185
964,primary,Apul-Ptuh,0.47444594321146166
964,primary,Peve-Ptuh,0.3640028158027592
965,primary,Apul-Peve,0.3005255613951266
965,primary,Apul-Ptuh,0.47627767877513283
965,primary,Peve-Ptuh,0.3661308586983773
966,primary,Apul-Peve,0.26566332218506133
966,primary,Apul-Ptuh,0.47817332910392135
966,primary,Peve-Ptuh,0.36851245654101383
967,primary,Apul-Peve,0.30265965918139837
967,primary,Apul-Ptuh,0.47121358872569724
967,primary,Peve-Ptuh,0.3597580173303696
968,primary,Apul-Peve,0.30122630992196214
968,primary,Apul-Ptuh,0.47688656317005224
968,primary,Peve-Ptuh,0.3710264094315779
969,primary,Apul-Peve,0.2890746934225195
969,primary,Apul-Ptuh,0.47641763670959164
969,primary,Peve-Ptuh,0.3607742196685919
970,primary,Apul-Peve,0.26050326485109093
970,primary,Apul-Ptuh,0.4809761840686711
970,primary,Peve-Ptuh,0.36406726189959315
971,primary,Apul-Peve,0.3009555661729575
971,primary,Apul-Ptuh,0.4765342087371735
971,primary,Peve-Ptuh,0.37041218896150707
972,primary,Apul-Peve,0.25986622073578597
972,primary,Apul-Ptuh,0.4669317229944091
972,primary,Peve-Ptuh,0.3635083942296741
973,primary,Apul-Peve,0.2676381589425068
973,primary,Apul-Ptuh,0.47625796530540987
973,primary,Peve-Ptuh,0.3579665321479957
974,primary,Apul-Peve,0.27789456919891703
974,primary,Apul-Ptuh,0.47700045466114693
974,primary,Peve-Ptuh,0.36964015749959933
975,primary,Apul-Peve,0.31258162127727346
975,primary,Apul-Ptuh,0.4761528139659306
975,primary,Peve-Ptuh,0.36763616937528615
976,primary,Apul-Peve,0.26319477623825455
976,primary,Apul-Ptuh,0.4746977904877464
976,primary,Peve-Ptuh,0.365104029891358
977,primary,Apul-Peve,0.30688007644529386
977,primary,Apul-Ptuh,0.47781636899102786
977,primary,Peve-Ptuh,0.37336811836522243
978,primary,Apul-Peve,0.26588628762541805
978,primary,Apul-Ptuh,0.4801420193781482
978,primary,Peve-Ptuh,0.3620162741197547
979,primary,Apul-Peve,0.3005574136008919
979,primary,Apul-Ptuh,0.47541598453216477
979,primary,Peve-Ptuh,0.36338552898845844
980,primary,Apul-Peve,0.2846153846153846
980,primary,Apul-Ptuh,0.4743784861822534
980,primary,Peve-Ptuh,0.36774050438111205
981,primary,Apul-Peve,0.28420130594043636
981,primary,Apul-Ptuh,0.472890696761229
981,primary,Peve-Ptuh,0.3604803793025518
982,primary,Apul-Peve,0.2790890269151139
982,primary,Apul-Ptuh,0.4739923408934811
982,primary,Peve-Ptuh,0.3643885143256893
983,primary,Apul-Peve,0.28028348463131075
983,primary,Apul-Ptuh,0.47058493763646675
983,primary,Peve-Ptuh,0.3758020555317848
984,primary,Apul-Peve,0.25841694537346716
984,primary,Apul-Ptuh,0.47608358580467697
984,primary,Peve-Ptuh,0.36733886615498634
985,primary,Apul-Peve,0.30039815257206565
985,primary,Apul-Ptuh,0.4781323620496533
985,primary,Peve-Ptuh,0.36786313171630997
986,primary,Apul-Peve,0.29956999522216915
986,primary,Apul-Ptuh,0.47304321118486836
986,primary,Peve-Ptuh,0.3597215648416354
987,primary,Apul-Peve,0.27778308647873867
987,primary,Apul-Ptuh,0.4710311519416094
987,primary,Peve-Ptuh,0.3701094403367988
988,primary,Apul-Peve,0.29302436693741046
988,primary,Apul-Ptuh,0.47147255903303426
988,primary,Peve-Ptuh,0.36788790037616775
989,primary,Apul-Peve,0.25330466634814464
989,primary,Apul-Ptuh,0.4735266871770174
989,primary,Peve-Ptuh,0.3666845453039077
990,primary,Apul-Peve,0.2834687052078357
990,primary,Apul-Ptuh,0.4777557269699074
990,primary,Peve-Ptuh,0.3662395024465264
991,primary,Apul-Peve,0.28367574454530975
991,primary,Apul-Ptuh,0.47242556738095304
991,primary,Peve-Ptuh,0.37325040775439333
992,primary,Apul-Peve,0.294951425386208
992,primary,Apul-Ptuh,0.4727274060872153
992,primary,Peve-Ptuh,0.3717488507057661
993,primary,Apul-Peve,0.27690715082019435
993,primary,Apul-Ptuh,0.4756754938796896
993,primary,Peve-Ptuh,0.35759360124802325
994,primary,Apul-Peve,0.27582417582417584
994,primary,Apul-Ptuh,0.4708692043324932
994,primary,Peve-Ptuh,0.37483647430735945
995,primary,Apul-Peve,0.2843287147634974
995,primary,Apul-Ptuh,0.4778422044171686
995,primary,Peve-Ptuh,0.3621963161072591
996,primary,Apul-Peve,0.2819397993311037
996,primary,Apul-Ptuh,0.4724173606600798
996,primary,Peve-Ptuh,0.37183050533789075
997,primary,Apul-Peve,0.28205128205128205
997,primary,Apul-Ptuh,0.471045143201177
997,primary,Peve-Ptuh,0.36601891069998044
998,primary,Apul-Peve,0.29439401178531616
998,primary,Apul-Ptuh,0.48078382372739015
998,primary,Peve-Ptuh,0.3654279521516544
999,primary,Apul-Peve,0.3010670488931359
999,primary,Apul-Ptuh,0.47784308998319136
999,primary,Peve-Ptuh,0.36693738653287256
1000,primary,Apul-Peve,0.2583532409619366
1000,primary,Apul-Ptuh,0.4743606087566262
1000,primary,Peve-Ptuh,0.3628401690935526
