check,pair,null_rho
primary,Apul-Peve,0.1279343844561236
primary,Apul-Peve,0.19297658862876255
primary,Apul-Peve,0.011673833412963847
primary,Apul-Peve,0.07206561554387642
primary,Apul-Peve,0.06717630195891065
primary,Apul-Peve,0.26430960344003823
primary,Apul-Peve,0.16462812549769074
primary,Apul-Peve,0.07047300525561395
primary,Apul-Peve,0.1523331740723045
primary,Apul-Peve,0.0558846950151298
primary,Apul-Peve,0.008902691511387164
primary,Apul-Peve,-0.0034081860168816694
primary,Apul-Peve,0.06604554865424431
primary,Apul-Peve,0.1442904921165791
primary,Apul-Peve,0.23189998407389714
primary,Apul-Peve,-0.05848064978499761
primary,Apul-Peve,0.005956362478101609
primary,Apul-Peve,0.02517916865742953
primary,Apul-Peve,0.31656314699792965
primary,Apul-Peve,0.04647236821149865
primary,Apul-Peve,0.08560280299410734
primary,Apul-Peve,0.2080267558528428
primary,Apul-Peve,0.025163242554546907
primary,Apul-Peve,0.15760471412645324
primary,Apul-Peve,0.13255295429208472
primary,Apul-Peve,0.06157031374422679
primary,Apul-Peve,0.03936932632584807
primary,Apul-Peve,0.0377767160375856
primary,Apul-Peve,-0.032823698041089346
primary,Apul-Peve,0.10777193820672082
primary,Apul-Peve,-0.02662844401974837
primary,Apul-Peve,0.03924191750278707
primary,Apul-Peve,0.09668737060041407
primary,Apul-Peve,0.1801401497053671
primary,Apul-Peve,0.0997292562509954
primary,Apul-Peve,0.09577958273610448
primary,Apul-Peve,0.08184424271380794
primary,Apul-Peve,0.08894728459945853
primary,Apul-Peve,0.06508998248128683
primary,Apul-Peve,0.046966077400860014
primary,Apul-Peve,-0.0014652014652014652
primary,Apul-Peve,0.05392578436056697
primary,Apul-Peve,-0.05957955088389872
primary,Apul-Peve,0.1842809364548495
primary,Apul-Peve,0.14546902372989332
primary,Apul-Peve,0.06620480968307056
primary,Apul-Peve,0.03242554546902374
primary,Apul-Peve,0.014429049211657908
primary,Apul-Peve,0.03561076604554866
primary,Apul-Peve,0.06529702181876096
primary,Apul-Peve,0.048510909380474594
primary,Apul-Peve,0.2189520624303233
primary,Apul-Peve,0.18389870998566654
primary,Apul-Peve,0.12702659659181398
primary,Apul-Peve,-0.024542124542124545
primary,Apul-Peve,0.23878006051919098
primary,Apul-Peve,0.09022137283006848
primary,Apul-Peve,-0.012788660614747573
primary,Apul-Peve,0.004315973881191273
primary,Apul-Peve,0.03779264214046823
primary,Apul-Peve,0.07225672877846791
primary,Apul-Peve,0.1180442745660137
primary,Apul-Peve,0.07593565854435419
primary,Apul-Peve,0.020273928969581145
primary,Apul-Peve,0.03729893295110687
primary,Apul-Peve,0.274884535754101
primary,Apul-Peve,0.010240484153527633
primary,Apul-Peve,0.1629877369007804
primary,Apul-Peve,0.062478101608536396
primary,Apul-Peve,0.029925147316451663
primary,Apul-Peve,0.006243032329988851
primary,Apul-Peve,0.20318522057652494
primary,Apul-Peve,0.10699155916547222
primary,Apul-Peve,0.12592769549291288
primary,Apul-Peve,0.034129638477464565
primary,Apul-Peve,0.1424749163879599
primary,Apul-Peve,-0.03366778149386845
primary,Apul-Peve,0.06671444497531455
primary,Apul-Peve,-0.03532409619366141
primary,Apul-Peve,0.010208631947762382
primary,Apul-Peve,0.08810320114667941
primary,Apul-Peve,-0.04027711419015767
primary,Apul-Peve,-0.18311833094441793
primary,Apul-Peve,0.11251791686574296
primary,Apul-Peve,0.11643573817486862
primary,Apul-Peve,0.14417900939640071
primary,Apul-Peve,-0.027138079311992358
primary,Apul-Peve,-0.01939799331103679
primary,Apul-Peve,0.1963688485427616
primary,Apul-Peve,-0.15961140308966396
primary,Apul-Peve,-0.13994266602962258
primary,Apul-Peve,-0.06501035196687371
primary,Apul-Peve,0.048733874820831344
primary,Apul-Peve,0.10334448160535117
primary,Apul-Peve,-0.030132186653925787
primary,Apul-Peve,0.07974199713330149
primary,Apul-Peve,0.2971810797897755
primary,Apul-Peve,0.12463768115942028
primary,Apul-Peve,0.26682592769549296
primary,Apul-Peve,0.3172161172161172
primary,Apul-Peve,0.09219620958751394
primary,Apul-Peve,0.05884695015129798
primary,Apul-Peve,0.16717630195891067
primary,Apul-Peve,-0.13964007007485268
primary,Apul-Peve,0.09273769708552318
primary,Apul-Peve,0.0996018474279344
primary,Apul-Peve,-0.14257047300525563
primary,Apul-Peve,0.06384774645644212
primary,Apul-Peve,0.08937728937728938
primary,Apul-Peve,-0.005637840420449116
primary,Apul-Peve,-0.08342092689918777
primary,Apul-Peve,0.10068482242395285
primary,Apul-Peve,0.09369326325848064
primary,Apul-Peve,0.0738015607580825
primary,Apul-Peve,0.03556298773690078
primary,Apul-Peve,-0.017677974199713332
primary,Apul-Peve,0.225115464245899
primary,Apul-Peve,0.01095715878324574
primary,Apul-Peve,-0.0832457397674789
primary,Apul-Peve,0.10404523013218665
primary,Apul-Peve,-0.023029144768275205
primary,Apul-Peve,0.0987099856665074
primary,Apul-Peve,0.14924351011307532
primary,Apul-Peve,-0.015034241121197644
primary,Apul-Peve,-0.1934543717152413
primary,Apul-Peve,0.012279025322503584
primary,Apul-Peve,0.13992673992673993
primary,Apul-Peve,0.14833572224876573
primary,Apul-Peve,0.003041885650581303
primary,Apul-Peve,0.062366618888358025
primary,Apul-Peve,0.011434941869724479
primary,Apul-Peve,0.158846950151298
primary,Apul-Peve,0.19284917980570157
primary,Apul-Peve,0.1270903010033445
primary,Apul-Peve,-0.07679566810001592
primary,Apul-Peve,0.15344800127408825
primary,Apul-Peve,-0.11254976907150821
primary,Apul-Peve,0.15403726708074536
primary,Apul-Peve,0.17396082178690875
primary,Apul-Peve,0.1587354674311196
primary,Apul-Peve,0.2863194776238255
primary,Apul-Peve,0.026883261665870364
primary,Apul-Peve,0.002818920210224558
primary,Apul-Peve,-0.13648670170409302
primary,Apul-Peve,0.038875617136486705
primary,Apul-Peve,0.05863991081382386
primary,Apul-Peve,0.1519987259117694
primary,Apul-Peve,0.08987099856665075
primary,Apul-Peve,0.3061156235069279
primary,Apul-Peve,0.1487657270265966
primary,Apul-Peve,0.18049052396878484
primary,Apul-Peve,0.12638955247650902
primary,Apul-Peve,0.09023729893295111
primary,Apul-Peve,0.03873228221054308
primary,Apul-Peve,0.20022296544035675
primary,Apul-Peve,-0.03318999840738971
primary,Apul-Peve,0.1230291447682752
primary,Apul-Peve,0.1896002548176461
primary,Apul-Peve,-0.008552317247969423
primary,Apul-Peve,0.2426341774167861
primary,Apul-Peve,0.11509794553272815
primary,Apul-Peve,0.001146679407548973
primary,Apul-Peve,0.1034241121197643
primary,Apul-Peve,0.11315496098104794
primary,Apul-Peve,0.24351011307533046
primary,Apul-Peve,-0.0296225513616818
primary,Apul-Peve,0.1326007326007326
primary,Apul-Peve,0.061299569995222174
primary,Apul-Peve,0.2347985347985348
primary,Apul-Peve,0.033126293995859216
primary,Apul-Peve,0.0026437330785156875
primary,Apul-Peve,0.15308170090778786
primary,Apul-Peve,0.028858098423315815
primary,Apul-Peve,0.08373944895684027
primary,Apul-Peve,-0.0625418060200669
primary,Apul-Peve,0.24562828475871956
primary,Apul-Peve,0.051600573339703776
primary,Apul-Peve,0.200254817646122
primary,Apul-Peve,0.23833412963847747
primary,Apul-Peve,0.13807931199235546
primary,Apul-Peve,0.021213569039656
primary,Apul-Peve,0.004411530498487021
primary,Apul-Peve,0.04499124064341456
primary,Apul-Peve,-0.04736422997292563
primary,Apul-Peve,0.306832298136646
primary,Apul-Peve,0.03293518076126772
primary,Apul-Peve,-0.19073100812231247
primary,Apul-Peve,-0.07333970377448638
primary,Apul-Peve,0.03524446567924829
primary,Apul-Peve,0.08593725115464246
primary,Apul-Peve,0.0727026596591814
primary,Apul-Peve,0.1716515368689282
primary,Apul-Peve,0.016531294792164357
primary,Apul-Peve,0.1371874502309285
primary,Apul-Peve,0.05144131231087753
primary,Apul-Peve,-0.10977862716993152
primary,Apul-Peve,0.02642140468227425
primary,Apul-Peve,0.03706004140786749
primary,Apul-Peve,0.18082497212931997
primary,Apul-Peve,-0.02197802197802198
primary,Apul-Peve,0.05594839942666029
primary,Apul-Peve,0.10133779264214048
primary,Apul-Peve,0.14161490683229813
primary,Apul-Peve,0.14752349100175188
primary,Apul-Peve,-0.02046504220417264
primary,Apul-Peve,0.16774964166268513
primary,Apul-Peve,-0.020990603599299253
primary,Apul-Peve,-0.09517439082656476
primary,Apul-Peve,0.34503901895206246
primary,Apul-Peve,0.2135212613473483
primary,Apul-Peve,-0.158974358974359
primary,Apul-Peve,0.24414715719063548
primary,Apul-Peve,0.10347189042841216
primary,Apul-Peve,0.04683866857779902
primary,Apul-Peve,0.06281254976907151
primary,Apul-Peve,0.275266762223284
primary,Apul-Peve,0.18498168498168496
primary,Apul-Peve,0.22181876094919575
primary,Apul-Peve,0.12301321866539258
primary,Apul-Peve,0.16610925306577481
primary,Apul-Peve,0.1238573021181717
primary,Apul-Peve,0.16518553909858258
primary,Apul-Peve,-0.137633381111642
primary,Apul-Peve,0.12673992673992673
primary,Apul-Peve,0.16755852842809366
primary,Apul-Peve,0.06059882146838669
primary,Apul-Peve,0.13030737378563467
primary,Apul-Peve,0.27020226150660936
primary,Apul-Peve,0.0670648192387323
primary,Apul-Peve,0.09366141105271542
primary,Apul-Peve,0.08999840738971175
primary,Apul-Peve,0.018076126771778948
primary,Apul-Peve,0.08464723682114987
primary,Apul-Peve,-0.07614269788182831
primary,Apul-Peve,-0.06647555343207517
primary,Apul-Peve,0.09643255295429208
primary,Apul-Peve,-0.011004937091893615
primary,Apul-Peve,-0.12901735945214207
primary,Apul-Peve,0.22121356903965603
primary,Apul-Peve,0.1754260232521102
primary,Apul-Peve,0.013250517598343685
primary,Apul-Peve,0.2404841535276318
primary,Apul-Peve,0.03513298295906992
primary,Apul-Peve,0.08636725593247332
primary,Apul-Peve,0.1190157668418538
primary,Apul-Peve,0.057158783245739773
primary,Apul-Peve,0.13725115464245902
primary,Apul-Peve,-0.10933269628921803
primary,Apul-Peve,0.08004459308807135
primary,Apul-Peve,0.0967032967032967
primary,Apul-Peve,0.13701226309921963
primary,Apul-Peve,0.24182194616977226
primary,Apul-Peve,0.05139353400222966
primary,Apul-Peve,-0.03487816531294792
primary,Apul-Peve,0.18732282210543083
primary,Apul-Peve,0.16884854276158626
primary,Apul-Peve,0.13328555502468548
primary,Apul-Peve,0.046551998725911765
primary,Apul-Peve,0.2853161331422201
primary,Apul-Peve,0.22642140468227426
primary,Apul-Peve,0.11896798853320593
primary,Apul-Peve,0.01595795508838987
primary,Apul-Peve,0.16335403726708075
primary,Apul-Peve,-0.14070711896798854
primary,Apul-Peve,0.06857779901258163
primary,Apul-Peve,0.15841694537346712
primary,Apul-Peve,-0.010606784519828
primary,Apul-Peve,0.2717152412804587
primary,Apul-Peve,0.03561076604554866
primary,Apul-Peve,0.04919573180442746
primary,Apul-Peve,0.08136645962732919
primary,Apul-Peve,0.2657270265965918
primary,Apul-Peve,0.15177576047141264
primary,Apul-Peve,0.07843605669692627
primary,Apul-Peve,0.03634336677814939
primary,Apul-Peve,0.15085204650422043
primary,Apul-Peve,0.01012900143334926
primary,Apul-Peve,0.1302595954769868
primary,Apul-Peve,0.0024366937410415673
primary,Apul-Peve,-0.18862876254180602
primary,Apul-Peve,0.2063385889472846
primary,Apul-Peve,0.2248287943940118
primary,Apul-Peve,0.15405319318362798
primary,Apul-Peve,0.16077400860009558
primary,Apul-Peve,0.1341296384774646
primary,Apul-Peve,-0.039942666029622556
primary,Apul-Peve,0.1642299729256251
primary,Apul-Peve,0.028205128205128206
primary,Apul-Peve,-0.11326644370122632
primary,Apul-Peve,0.10863194776238255
primary,Apul-Peve,0.1504538939321548
primary,Apul-Peve,-0.036582258321388755
primary,Apul-Peve,0.07670011148272018
primary,Apul-Peve,-0.08932951106864151
primary,Apul-Peve,0.1816849816849817
primary,Apul-Peve,0.15031055900621118
primary,Apul-Peve,0.003678929765886288
primary,Apul-Peve,0.08549132027392897
primary,Apul-Peve,0.17714604236343368
primary,Apul-Peve,0.17117375378244945
primary,Apul-Peve,0.03844561235865584
primary,Apul-Peve,-0.10960344003822266
primary,Apul-Peve,0.10289855072463769
primary,Apul-Peve,0.06231884057971014
primary,Apul-Peve,0.050342411211976426
primary,Apul-Peve,0.07738493390667305
primary,Apul-Peve,0.17627010670488932
primary,Apul-Peve,0.05185539098582577
primary,Apul-Peve,-0.043255295429208473
primary,Apul-Peve,-0.03739448956840261
primary,Apul-Peve,0.05316133142220099
primary,Apul-Peve,0.2903806338588948
primary,Apul-Peve,-0.02669214843127887
primary,Apul-Peve,0.025258799171842653
primary,Apul-Peve,0.017996496257365824
primary,Apul-Peve,-0.01735945214206084
primary,Apul-Peve,-0.053559483994266605
primary,Apul-Peve,0.12615066093326963
primary,Apul-Peve,0.05419652810957159
primary,Apul-Peve,0.008616021659499921
primary,Apul-Peve,0.22070393374741204
primary,Apul-Peve,0.03172479694218825
primary,Apul-Peve,0.13301481127568085
primary,Apul-Peve,-0.021340977862716996
primary,Apul-Peve,0.284599458512502
primary,Apul-Peve,0.13468705207835643
primary,Apul-Peve,0.11664277751234274
primary,Apul-Peve,0.1442904921165791
primary,Apul-Peve,0.008361204013377926
primary,Apul-Peve,0.039560439560439566
primary,Apul-Peve,-0.002580028666985189
primary,Apul-Peve,-0.08746615703137443
primary,Apul-Peve,0.09875776397515529
primary,Apul-Peve,0.08068163720337634
primary,Apul-Peve,0.08467908902691512
primary,Apul-Peve,0.07943940117853163
primary,Apul-Peve,0.04659977703455965
primary,Apul-Peve,0.05720656155438764
primary,Apul-Peve,0.1863991081382386
primary,Apul-Peve,0.1452779104953018
primary,Apul-Peve,0.07190635451505016
primary,Apul-Peve,0.04008600095556617
primary,Apul-Peve,-0.1960503264851091
primary,Apul-Peve,0.17009077878643097
primary,Apul-Peve,0.07394489568402612
primary,Apul-Peve,-0.007803790412486065
primary,Apul-Peve,0.07977384933906674
primary,Apul-Peve,0.23196368848542764
primary,Apul-Peve,-0.03237776716037586
primary,Apul-Peve,-0.025720656155438764
primary,Apul-Peve,0.018410574932314065
primary,Apul-Peve,0.1498646281254977
primary,Apul-Peve,0.07544194935499283
primary,Apul-Peve,-0.034543717152412806
primary,Apul-Peve,0.18270425226946968
primary,Apul-Peve,-0.016451664277751236
primary,Apul-Peve,0.2068004459308807
primary,Apul-Peve,0.2413441630832935
primary,Apul-Peve,0.03873228221054308
primary,Apul-Peve,0.21100493709189364
primary,Apul-Peve,0.10156075808249722
primary,Apul-Peve,0.06179327918458354
primary,Apul-Peve,0.07161968466316293
primary,Apul-Peve,-0.04285714285714286
primary,Apul-Peve,0.13605669692626216
primary,Apul-Peve,0.08464723682114987
primary,Apul-Peve,-0.060025481764612205
primary,Apul-Peve,0.174247491638796
primary,Apul-Peve,-0.033397037744863835
primary,Apul-Peve,0.1994107341933429
primary,Apul-Peve,0.07749641662685142
primary,Apul-Peve,0.10159261028826247
primary,Apul-Peve,-0.007931199235547063
primary,Apul-Peve,-0.014222009874183789
primary,Apul-Peve,0.22756808408982326
primary,Apul-Peve,0.01540054148749801
primary,Apul-Peve,0.14309603440038224
primary,Apul-Peve,0.22033763338111167
primary,Apul-Peve,0.2080108297499602
primary,Apul-Peve,0.17157190635451505
primary,Apul-Peve,-0.0024685459468068165
primary,Apul-Peve,0.10324892498805542
primary,Apul-Peve,0.089648033126294
primary,Apul-Peve,0.10573339703774487
primary,Apul-Peve,0.2288580984233158
primary,Apul-Peve,0.12960662525879918
primary,Apul-Peve,0.1250836120401338
primary,Apul-Peve,-0.04981684981684981
primary,Apul-Peve,-0.029399585921325057
primary,Apul-Peve,-0.07451823538780061
primary,Apul-Peve,0.050485746137920055
primary,Apul-Peve,0.15695174390826566
primary,Apul-Peve,0.19168657429526995
primary,Apul-Peve,0.12791845835324095
primary,Apul-Peve,0.21239050804268197
primary,Apul-Peve,-0.0284599458512502
primary,Apul-Peve,0.1969421882465361
primary,Apul-Peve,0.06540850453893933
primary,Apul-Peve,0.1442904921165791
primary,Apul-Peve,0.15978659022137284
primary,Apul-Peve,0.18190794712533845
primary,Apul-Peve,0.25664914795349575
primary,Apul-Peve,0.04312788660614748
primary,Apul-Peve,0.09272177098264055
primary,Apul-Peve,-0.08267240006370441
primary,Apul-Peve,0.3004140786749483
primary,Apul-Peve,0.06461219939480808
primary,Apul-Peve,-0.03944895684026119
primary,Apul-Peve,-0.033062589584328714
primary,Apul-Peve,0.04467271858576207
primary,Apul-Peve,0.21981207198598504
primary,Apul-Peve,0.1859372511546425
primary,Apul-Peve,0.23729893295110685
primary,Apul-Peve,-0.0663640707118968
primary,Apul-Peve,0.038541168975951584
primary,Apul-Peve,0.1637044115304985
primary,Apul-Peve,0.0168816690555821
primary,Apul-Peve,0.08178053830227744
primary,Apul-Peve,0.05078834209268992
primary,Apul-Peve,0.05578913839783406
primary,Apul-Peve,-0.0033922599139990448
primary,Apul-Peve,0.18464723682114986
primary,Apul-Peve,0.04981684981684981
primary,Apul-Peve,-0.004889313584965759
primary,Apul-Peve,-0.115782767956681
primary,Apul-Peve,0.1486383182035356
primary,Apul-Peve,0.033811116419812076
primary,Apul-Peve,0.14252269469660775
primary,Apul-Peve,0.06615703137442269
primary,Apul-Peve,-0.03782449434623348
primary,Apul-Peve,0.006529702181876095
primary,Apul-Peve,0.253798375537506
primary,Apul-Peve,0.10019111323459151
primary,Apul-Peve,0.07131708870839305
primary,Apul-Peve,0.002866698518872432
primary,Apul-Peve,0.11869724478420132
primary,Apul-Peve,0.10562191431756648
primary,Apul-Peve,0.006641184902054468
primary,Apul-Peve,0.06794075489727663
primary,Apul-Peve,0.20732600732600734
primary,Apul-Peve,0.012931995540691193
primary,Apul-Peve,0.2617773530817009
primary,Apul-Peve,0.18289536550406116
primary,Apul-Peve,0.10912565695174392
primary,Apul-Peve,0.11441312310877529
primary,Apul-Peve,0.032361841057493235
primary,Apul-Peve,0.16797260710304188
primary,Apul-Peve,0.10501672240802676
primary,Apul-Peve,0.03779264214046823
primary,Apul-Peve,0.032712215320910974
primary,Apul-Peve,-0.02408026755852843
primary,Apul-Peve,0.017391304347826087
primary,Apul-Peve,0.09937888198757763
primary,Apul-Peve,0.19620958751393536
primary,Apul-Peve,0.048654244306418216
primary,Apul-Peve,0.11661092530657749
primary,Apul-Peve,0.18824653607262307
primary,Apul-Peve,0.03067367415193502
primary,Apul-Peve,0.03124701385570951
primary,Apul-Peve,0.18729096989966554
primary,Apul-Peve,0.18536391145086797
primary,Apul-Peve,0.08528428093645485
primary,Apul-Peve,-0.03460742156394331
primary,Apul-Peve,0.017232043318999843
primary,Apul-Peve,0.05349577958273611
primary,Apul-Peve,0.061395126612517927
primary,Apul-Peve,0.06614110527154006
primary,Apul-Peve,0.16215957955088392
primary,Apul-Peve,0.022280617932791846
primary,Apul-Peve,0.01802834846313107
primary,Apul-Peve,0.1820035037426342
primary,Apul-Peve,-0.16192068800764453
primary,Apul-Peve,0.05725433986303552
primary,Apul-Peve,0.14072304507087116
primary,Apul-Peve,-0.03871635610766046
primary,Apul-Peve,0.2632744067526676
primary,Apul-Peve,0.18850135371874505
primary,Apul-Peve,0.027647714604236342
primary,Apul-Peve,0.06724000637044115
primary,Apul-Peve,-0.16623666188883582
primary,Apul-Peve,0.02161172161172161
primary,Apul-Peve,-0.08917025003981525
primary,Apul-Peve,0.03620003185220577
primary,Apul-Peve,0.023825449912406437
primary,Apul-Peve,0.1772256728778468
primary,Apul-Peve,0.03427297340340819
primary,Apul-Peve,0.2448319796145883
primary,Apul-Peve,-0.047332377767160386
primary,Apul-Peve,-0.031024048415352768
primary,Apul-Peve,0.07783086478738653
primary,Apul-Peve,0.19068322981366462
primary,Apul-Peve,0.0717948717948718
primary,Apul-Peve,0.1278229017359452
primary,Apul-Peve,-0.003105590062111801
primary,Apul-Peve,0.031071826724000638
primary,Apul-Peve,0.18018792801401498
primary,Apul-Peve,0.029845516802038542
primary,Apul-Peve,0.24179009396400702
primary,Apul-Peve,0.0013377926421404684
primary,Apul-Peve,-0.09519031692944736
primary,Apul-Peve,-0.015002388915432395
primary,Apul-Peve,0.12204172638955249
primary,Apul-Peve,0.1972766364070712
primary,Apul-Peve,0.19786590221372832
primary,Apul-Peve,0.06889632107023412
primary,Apul-Peve,0.08711578276795669
primary,Apul-Peve,0.20294632903328558
primary,Apul-Peve,0.10645007166746298
primary,Apul-Peve,0.1925465838509317
primary,Apul-Peve,-0.12094282529065138
primary,Apul-Peve,-0.00654562828475872
primary,Apul-Peve,0.044131231087752826
primary,Apul-Peve,0.06770186335403727
primary,Apul-Peve,-0.009077878643096034
primary,Apul-Peve,0.039942666029622556
primary,Apul-Peve,0.0444975314540532
primary,Apul-Peve,0.039305621914317565
primary,Apul-Peve,0.17614269788182832
primary,Apul-Peve,-0.14220417263895524
primary,Apul-Peve,0.008663799968147794
primary,Apul-Peve,0.3089026915113872
primary,Apul-Peve,0.016117216117216115
primary,Apul-Peve,0.0033285555024685463
primary,Apul-Peve,-0.028571428571428574
primary,Apul-Peve,0.0538143016403886
primary,Apul-Peve,0.004300047778308648
primary,Apul-Peve,0.057158783245739773
primary,Apul-Peve,0.06172957477305304
primary,Apul-Peve,0.046344959388437655
primary,Apul-Peve,0.02802994107341934
primary,Apul-Peve,-0.005016722408026756
primary,Apul-Peve,0.04285714285714286
primary,Apul-Peve,0.07959866220735787
primary,Apul-Peve,0.14272973403408187
primary,Apul-Peve,0.25535913362000323
primary,Apul-Peve,-0.02073578595317726
primary,Apul-Peve,0.06169772256728779
primary,Apul-Peve,0.094696607740086
primary,Apul-Peve,0.15346392737697087
primary,Apul-Peve,0.0697244784201306
primary,Apul-Peve,0.31871317088708395
primary,Apul-Peve,0.08619206880076445
primary,Apul-Peve,0.003933747412008282
primary,Apul-Peve,0.11981207198598504
primary,Apul-Peve,-0.05655359133620003
primary,Apul-Peve,-0.06217550565376653
primary,Apul-Peve,0.041328236980410896
primary,Apul-Peve,0.0668259276954929
primary,Apul-Peve,-0.012756808408982323
primary,Apul-Peve,0.08203535594839943
primary,Apul-Peve,0.009014174231565536
primary,Apul-Peve,0.1
primary,Apul-Peve,0.20582895365504061
primary,Apul-Peve,0.23073737856346554
primary,Apul-Peve,0.1970855231724797
primary,Apul-Peve,0.19095397356266924
primary,Apul-Peve,0.16588628762541807
primary,Apul-Peve,0.14265010351966875
primary,Apul-Peve,0.037951903169294476
primary,Apul-Peve,-0.02704252269469661
primary,Apul-Peve,0.11301162605510433
primary,Apul-Peve,-0.01223124701385571
primary,Apul-Peve,-0.026214365344800126
primary,Apul-Peve,0.28147794234750756
primary,Apul-Peve,0.17646121993948083
primary,Apul-Peve,0.11393534002229656
primary,Apul-Peve,0.1802675585284281
primary,Apul-Peve,0.10879120879120881
primary,Apul-Peve,0.12105430801082975
primary,Apul-Peve,0.03264851090938048
primary,Apul-Peve,0.23022774327122156
primary,Apul-Peve,-0.08095238095238096
primary,Apul-Peve,0.2188883580187928
primary,Apul-Peve,-0.07708233795190317
primary,Apul-Peve,0.10783564261825132
primary,Apul-Peve,0.11049530179964963
primary,Apul-Peve,0.05496098104793757
primary,Apul-Peve,0.17964644051600573
primary,Apul-Peve,0.1770823379519032
primary,Apul-Peve,0.03089663959229177
primary,Apul-Peve,0.014062748845357543
primary,Apul-Peve,0.1458512501990763
primary,Apul-Peve,0.09418697244784202
primary,Apul-Peve,0.13043478260869565
primary,Apul-Peve,0.03352444656792483
primary,Apul-Peve,-0.10313744226787705
primary,Apul-Peve,-0.07638158942506769
primary,Apul-Peve,0.09929925147316451
primary,Apul-Peve,-0.02113393852524287
primary,Apul-Peve,0.18171683389074694
primary,Apul-Peve,0.15722248765727026
primary,Apul-Peve,0.12575250836120402
primary,Apul-Peve,0.07913680522376175
primary,Apul-Peve,0.08700430004777832
primary,Apul-Peve,0.09525402134097785
primary,Apul-Peve,-0.007915273132664437
primary,Apul-Peve,0.1593725115464246
primary,Apul-Peve,0.1370441153049849
primary,Apul-Peve,0.12369804108934544
primary,Apul-Peve,0.08749800923713967
primary,Apul-Peve,0.10656155438764135
primary,Apul-Peve,0.11895206243032332
primary,Apul-Peve,-0.022965440356744707
primary,Apul-Peve,0.12935180761267717
primary,Apul-Peve,0.1088549132027393
primary,Apul-Peve,0.021038381907947126
primary,Apul-Peve,0.045739767478897915
primary,Apul-Peve,0.07681159420289856
primary,Apul-Peve,0.18574613792005099
primary,Apul-Peve,0.009985666507405639
primary,Apul-Peve,-0.06931039974518236
primary,Apul-Peve,0.08652651696129958
primary,Apul-Peve,-0.013075330466634814
primary,Apul-Peve,0.13882783882783883
primary,Apul-Peve,0.20546265328874025
primary,Apul-Peve,0.17464564421086162
primary,Apul-Peve,0.01602165949992037
primary,Apul-Peve,0.036040770823379524
primary,Apul-Peve,0.14335085204650422
primary,Apul-Peve,0.006227106227106227
primary,Apul-Peve,0.07469342251950949
primary,Apul-Peve,0.18998248128682912
primary,Apul-Peve,0.11172161172161173
primary,Apul-Peve,0.09315177576047143
primary,Apul-Peve,0.17603121516164996
primary,Apul-Peve,0.12860328077719382
primary,Apul-Peve,-0.034543717152412806
primary,Apul-Peve,-0.056235069278547545
primary,Apul-Peve,-0.05426023252110209
primary,Apul-Peve,-0.1380315336837076
primary,Apul-Peve,0.094569198917025
primary,Apul-Peve,0.006816372033763339
primary,Apul-Peve,-0.031294792164357384
primary,Apul-Peve,0.19987259117693904
primary,Apul-Peve,0.09890109890109891
primary,Apul-Peve,0.02040133779264214
primary,Apul-Peve,0.09657588788023572
primary,Apul-Peve,0.09839146360885492
primary,Apul-Peve,-0.12693103997451824
primary,Apul-Peve,0.12202580028666987
primary,Apul-Peve,0.06921484312788662
primary,Apul-Peve,0.029511068641503425
primary,Apul-Peve,-0.015320910973084885
primary,Apul-Peve,0.08139831183309446
primary,Apul-Peve,0.03000477783086479
primary,Apul-Peve,0.10302595954769869
primary,Apul-Peve,0.04495938843764931
primary,Apul-Peve,0.006529702181876095
primary,Apul-Peve,0.04108934543717153
primary,Apul-Peve,-0.05602802994107342
primary,Apul-Peve,-0.027329192546583853
primary,Apul-Peve,0.14867017040930086
primary,Apul-Peve,0.09906035992992515
primary,Apul-Peve,0.02662844401974837
primary,Apul-Peve,-5.255613951266125e-4
primary,Apul-Peve,-0.0327281414237936
primary,Apul-Peve,0.12038541168975953
primary,Apul-Peve,0.084599458512502
primary,Apul-Peve,0.11275680840898233
primary,Apul-Peve,0.0713489409141583
primary,Apul-Peve,0.019413919413919414
primary,Apul-Peve,0.23755375059722886
primary,Apul-Peve,0.06838668577799012
primary,Apul-Peve,0.18451982799808886
primary,Apul-Peve,0.06548813505335245
primary,Apul-Peve,0.1461060678451983
primary,Apul-Peve,0.11772575250836122
primary,Apul-Peve,-0.04317566491479535
primary,Apul-Peve,0.11492275840101927
primary,Apul-Peve,0.002787068004459309
primary,Apul-Peve,-0.07391304347826087
primary,Apul-Peve,0.01033604077082338
primary,Apul-Peve,0.033779264214046825
primary,Apul-Peve,0.18160535117056859
primary,Apul-Peve,0.036502627806975635
primary,Apul-Peve,-0.0012422360248447205
primary,Apul-Peve,0.10635451505016723
primary,Apul-Peve,-0.03970377448638318
primary,Apul-Peve,0.17451823538780062
primary,Apul-Peve,-0.04575569358178054
primary,Apul-Peve,0.021739130434782608
primary,Apul-Peve,-0.12267877050485747
primary,Apul-Peve,0.10466634814460903
primary,Apul-Peve,0.16335403726708075
primary,Apul-Peve,0.1807771938206721
primary,Apul-Peve,0.20912565695174393
primary,Apul-Peve,0.0067048893135849665
primary,Apul-Peve,0.03578595317725752
primary,Apul-Peve,0.08929765886287626
primary,Apul-Peve,0.016626851409460106
primary,Apul-Peve,-0.056935817805383024
primary,Apul-Peve,0.19079471253384298
primary,Apul-Peve,0.1786430960344004
primary,Apul-Peve,0.2773530817009078
primary,Apul-Peve,0.06935817805383022
primary,Apul-Peve,0.09813664596273293
primary,Apul-Peve,0.09942666029622552
primary,Apul-Peve,-0.18358018792801403
primary,Apul-Peve,0.16274884535754103
primary,Apul-Peve,0.15475394171046347
primary,Apul-Peve,0.10114667940754897
primary,Apul-Peve,-0.1385411689759516
primary,Apul-Peve,0.09789775441949355
primary,Apul-Peve,-0.05728619206880077
primary,Apul-Peve,0.08308647873865266
primary,Apul-Peve,0.206577480490524
primary,Apul-Peve,0.2720337633381112
primary,Apul-Peve,-0.01780538302277433
primary,Apul-Peve,0.15086797260710305
primary,Apul-Peve,0.11828316610925307
primary,Apul-Peve,-6.051919095397357e-4
primary,Apul-Peve,0.05120242076763816
primary,Apul-Peve,0.1523172479694219
primary,Apul-Peve,0.1630514413123109
primary,Apul-Peve,0.038987099856665076
primary,Apul-Peve,0.0012581621277273451
primary,Apul-Peve,-0.012167542602325212
primary,Apul-Peve,0.14284121675426023
primary,Apul-Peve,0.13166109253065775
primary,Apul-Peve,-0.0026755852842809368
primary,Apul-Peve,0.011100493709189361
primary,Apul-Peve,0.02546583850931677
primary,Apul-Peve,0.110989010989011
primary,Apul-Peve,-0.04725274725274726
primary,Apul-Peve,0.25228539576365666
primary,Apul-Peve,0.03161331422200988
primary,Apul-Peve,0.07247969421882466
primary,Apul-Peve,-0.04881350533524447
primary,Apul-Peve,0.14855868768912248
primary,Apul-Peve,-0.07770345596432553
primary,Apul-Peve,7.803790412486064e-4
primary,Apul-Peve,0.16365663322185062
primary,Apul-Peve,0.11116419812071987
primary,Apul-Peve,0.08168498168498169
primary,Apul-Peve,0.07209746774964167
primary,Apul-Peve,0.12814142379359772
primary,Apul-Peve,0.04226787705048574
primary,Apul-Peve,0.035578913839783406
primary,Apul-Peve,0.1505653766523332
primary,Apul-Peve,0.0029304029304029304
primary,Apul-Peve,-0.054212454212454214
primary,Apul-Peve,0.10006370441153051
primary,Apul-Peve,-0.08025163242554548
primary,Apul-Peve,0.07346711259754737
primary,Apul-Peve,-0.08622392100652972
primary,Apul-Peve,0.14435419652810957
primary,Apul-Peve,-0.004602643733078516
primary,Apul-Peve,-0.038907469342251956
primary,Apul-Peve,0.013457556935817806
primary,Apul-Peve,0.06077400860009556
primary,Apul-Peve,0.12524287306896004
primary,Apul-Peve,0.039878961618092054
primary,Apul-Peve,0.12177098264054785
primary,Apul-Peve,0.10960344003822266
primary,Apul-Peve,0.20987418378722728
primary,Apul-Peve,0.18980729415512024
primary,Apul-Peve,-0.04234750756489887
primary,Apul-Peve,0.007915273132664437
primary,Apul-Peve,-0.1138397834050008
primary,Apul-Peve,0.04438604873387482
primary,Apul-Peve,0.019111323459149548
primary,Apul-Peve,0.16555183946488294
primary,Apul-Peve,0.1574932314062749
primary,Apul-Peve,0.12602325211020862
primary,Apul-Peve,0.043780856824335086
primary,Apul-Peve,-0.07781493868450391
primary,Apul-Peve,0.07169931517757605
primary,Apul-Peve,0.1204331899984074
primary,Apul-Peve,0.14911610129001435
primary,Apul-Peve,0.08235387800605193
primary,Apul-Peve,-0.020305781175346392
primary,Apul-Peve,-0.027599936295588472
primary,Apul-Peve,0.07872272654881352
primary,Apul-Peve,0.018617614269788182
primary,Apul-Peve,-0.005621914317566492
primary,Apul-Peve,-0.09437808568243351
primary,Apul-Peve,0.21420608377130118
primary,Apul-Peve,0.08611243828635133
primary,Apul-Peve,0.06526516961299571
primary,Apul-Peve,0.13655040611562352
primary,Apul-Peve,0.259229176620481
primary,Apul-Peve,-0.17271858576206403
primary,Apul-Peve,0.10987418378722727
primary,Apul-Peve,0.029861442904921164
primary,Apul-Peve,0.1448797579232362
primary,Apul-Peve,0.36212772734511867
primary,Apul-Peve,0.06292403248924988
primary,Apul-Peve,-0.10256410256410257
primary,Apul-Peve,-0.030227743271221533
primary,Apul-Peve,-0.018808727504379678
primary,Apul-Peve,0.025003981525720656
primary,Apul-Peve,0.1607899347029782
primary,Apul-Peve,0.17072782290173596
primary,Apul-Peve,0.08445612358655838
primary,Apul-Peve,-0.1169453734671126
primary,Apul-Peve,-0.01540054148749801
primary,Apul-Peve,0.22720178372352287
primary,Apul-Peve,0.1551043159738812
primary,Apul-Peve,0.1281892021022456
primary,Apul-Peve,-0.0010351966873706005
primary,Apul-Peve,0.05813027552157987
primary,Apul-Peve,0.2305144131231088
primary,Apul-Peve,0.07924828794394012
primary,Apul-Peve,0.03769708552317248
primary,Apul-Peve,-0.03460742156394331
primary,Apul-Peve,0.12688326166587038
primary,Apul-Peve,-0.1088549132027393
primary,Apul-Peve,0.17544194935499285
primary,Apul-Peve,0.15438764134416308
primary,Apul-Peve,0.0067048893135849665
primary,Apul-Peve,0.08469501512979774
primary,Apul-Peve,0.02678770504857462
primary,Apul-Peve,0.1732759993629559
primary,Apul-Peve,-0.09659181398311834
primary,Apul-Peve,-0.06827520305781176
primary,Apul-Peve,0.08606465997770346
primary,Apul-Peve,-0.045771619684663166
primary,Apul-Peve,0.12353878006051919
primary,Apul-Peve,0.25311355311355316
primary,Apul-Peve,0.0736741519350215
primary,Apul-Peve,0.046886446886446886
primary,Apul-Peve,7.644529383659819e-4
primary,Apul-Peve,0.06628444019748368
primary,Apul-Peve,0.15489727663640707
primary,Apul-Peve,0.0806497849976111
primary,Apul-Peve,0.01581462016244625
primary,Apul-Peve,0.11019270584487977
primary,Apul-Peve,0.1606784519827998
primary,Apul-Peve,0.11691352126134735
primary,Apul-Peve,0.03632744067526676
primary,Apul-Peve,0.18682911291606943
primary,Apul-Peve,0.1294314381270903
primary,Apul-Peve,0.26050326485109093
primary,Apul-Peve,0.0643573817486861
primary,Apul-Peve,0.08077719382067208
primary,Apul-Peve,-0.0105430801082975
primary,Apul-Peve,-0.043940117853161334
primary,Apul-Peve,0.07118967988533206
primary,Apul-Peve,-0.11662685140946011
primary,Apul-Peve,0.08902691511387165
primary,Apul-Peve,0.2715082019429846
primary,Apul-Peve,-0.036582258321388755
primary,Apul-Peve,0.09302436693741042
primary,Apul-Peve,0.03314222009874184
primary,Apul-Peve,0.13250517598343686
primary,Apul-Peve,0.19977703455964324
primary,Apul-Peve,-0.051409460105112284
primary,Apul-Peve,0.3174550087593566
primary,Apul-Peve,-0.008058608058608058
primary,Apul-Peve,0.05507246376811595
primary,Apul-Peve,-0.06802038541168977
primary,Apul-Peve,0.22931995540691194
primary,Apul-Peve,0.1635292243987896
primary,Apul-Peve,-0.008329351807612677
primary,Apul-Peve,0.13610447523491
primary,Apul-Peve,0.012294951425386209
primary,Apul-Peve,0.19950629081063867
primary,Apul-Peve,-0.012549769071508204
primary,Apul-Peve,0.14854276158623986
primary,Apul-Peve,0.06314699792960662
primary,Apul-Peve,0.1440356744704571
primary,Apul-Peve,0.12834846313107184
primary,Apul-Peve,0.0010829749960184743
primary,Apul-Peve,0.00210224558050645
primary,Apul-Peve,0.004188565058130276
primary,Apul-Peve,-0.05279503105590063
primary,Apul-Peve,-0.04209268991877688
primary,Apul-Peve,0.06845039018952062
primary,Apul-Peve,-0.020624303232998888
primary,Apul-Peve,0.020337633381111643
primary,Apul-Peve,0.23110367892976588
primary,Apul-Peve,0.21067048893135853
primary,Apul-Peve,-0.01033604077082338
primary,Apul-Peve,-0.12592769549291288
primary,Apul-Peve,0.15991399904443382
primary,Apul-Peve,-0.10482560917343528
primary,Apul-Peve,0.1988851727982163
primary,Apul-Peve,-0.018999840738971176
primary,Apul-Peve,0.23736263736263738
primary,Apul-Peve,0.10281892021022457
primary,Apul-Peve,0.15964325529542922
primary,Apul-Peve,0.16161809205287467
primary,Apul-Peve,0.01866539257843606
primary,Apul-Peve,0.09222806179327919
primary,Apul-Peve,0.11156235069278547
primary,Apul-Peve,0.07724159898072941
primary,Apul-Peve,0.09627329192546585
primary,Apul-Peve,0.05687211339385253
primary,Apul-Peve,0.15914954610606785
primary,Apul-Peve,-0.032744067526676225
primary,Apul-Peve,0.06082178690874343
primary,Apul-Peve,0.022694696607740088
primary,Apul-Peve,0.15451505016722408
primary,Apul-Peve,-0.09375696767001115
primary,Apul-Peve,0.013935340022296544
primary,Apul-Peve,-0.05521579869405957
primary,Apul-Peve,0.07353081700907788
primary,Apul-Peve,0.17784679089026917
primary,Apul-Peve,0.04034081860168817
primary,Apul-Peve,0.056665074056378405
primary,Apul-Peve,-0.10258002866698519
primary,Apul-Peve,0.22648510909380476
primary,Apul-Peve,0.05793916228698838
primary,Apul-Peve,0.08291129160694378
primary,Apul-Peve,0.023921006529702186
primary,Apul-Peve,0.08971173753782449
primary,Apul-Peve,-0.007310081223124701
primary,Apul-Peve,0.002818920210224558
primary,Apul-Peve,0.061299569995222174
primary,Apul-Peve,0.16792482879439402
primary,Apul-Peve,0.09843924191750279
primary,Apul-Peve,0.017677974199713332
primary,Apul-Peve,0.22455805064500717
primary,Apul-Peve,0.08257684344640867
primary,Apul-Peve,0.12032170727822902
primary,Apul-Peve,0.04387641344163083
primary,Apul-Peve,0.12086319477623826
primary,Apul-Peve,0.0327281414237936
primary,Apul-Peve,0.02349100175187132
primary,Apul-Peve,0.21318681318681318
primary,Apul-Peve,-0.06379996814779425
primary,Apul-Peve,-0.0040770823379519035
primary,Apul-Peve,0.07404045230132188
primary,Apul-Peve,0.08999840738971175
primary,Apul-Peve,0.057923236184105754
primary,Apul-Peve,0.026612517916865745
primary,Apul-Peve,-0.01320273928969581
primary,Apul-Peve,0.05088389870998567
primary,Apul-Peve,0.006593406593406593
primary,Apul-Peve,0.263003663003663
primary,Apul-Peve,0.20737378563465522
primary,Apul-Peve,-0.07120560598821468
primary,Apul-Peve,0.011562350692785476
primary,Apul-Peve,-0.014444975314540533
primary,Apul-Peve,-0.0338270425226947
primary,Apul-Peve,0.13245739767478898
primary,Apul-Peve,0.1619047619047619
primary,Apul-Peve,0.26794075489727665
primary,Apul-Peve,-0.033444816053511704
primary,Apul-Peve,-0.1086637999681478
primary,Apul-Peve,-0.06897595158464724
primary,Apul-Peve,0.16507405637840422
primary,Apul-Peve,0.006051919095397357
primary,Apul-Peve,0.12146838668577799
primary,Apul-Peve,0.01643573817486861
primary,Apul-Peve,0.10278706800445932
primary,Apul-Peve,0.03728300684822424
primary,Apul-Peve,0.059643255295429215
primary,Apul-Peve,0.08109571587832458
primary,Apul-Peve,0.056043956043956046
primary,Apul-Peve,0.004921165790731008
primary,Apul-Peve,-0.10328077719382069
primary,Apul-Peve,0.14323936932632586
primary,Apul-Peve,-0.054499124064341466
primary,Apul-Peve,0.02976588628762542
primary,Apul-Peve,0.10947603121516165
primary,Apul-Peve,0.20323299888517282
primary,Apul-Peve,0.061872909698996656
primary,Apul-Peve,0.1292881032011467
primary,Apul-Peve,0.10516005733397038
primary,Apul-Peve,0.148112756808409
primary,Apul-Peve,-0.12075171205605988
primary,Apul-Peve,0.1977225672877847
primary,Apul-Peve,0.020003185220576526
primary,Apul-Peve,0.03812709030100335
primary,Apul-Peve,0.08706800445930882
primary,Apul-Peve,-0.011594202898550725
primary,Apul-Peve,0.049880554228380315
primary,Apul-Peve,0.2670648192387323
primary,Apul-Peve,0.003344481605351171
primary,Apul-Peve,0.20111482720178372
primary,Apul-Peve,0.18042681955725434
primary,Apul-Peve,-0.02707437490046186
primary,Apul-Peve,0.1850613154960981
primary,Apul-Peve,0.08080904602643733
primary,Apul-Peve,0.1673196368848543
primary,Apul-Peve,0.13604077082337954
primary,Apul-Peve,0.010861602165949993
primary,Apul-Peve,0.1329033285555025
primary,Apul-Peve,0.14607421563943304
primary,Apul-Peve,-0.009842331581462017
primary,Apul-Peve,0.020863194776238256
primary,Apul-Peve,0.08862876254180603
primary,Apul-Peve,-0.04545309762701068
primary,Apul-Peve,0.31446090141742317
primary,Apul-Peve,0.14666348144609015
primary,Apul-Peve,0.1353081700907788
primary,Apul-Peve,0.046551998725911765
primary,Apul-Peve,0.04787386526516962
primary,Apul-Peve,-0.12608695652173915
primary,Apul-Peve,0.040022296544035676
primary,Apul-Peve,0.0992833253702819
primary,Apul-Peve,-0.05177576047141264
primary,Apul-Peve,0.018442427138079313
primary,Apul-Peve,0.19796145883102406
primary,Apul-Peve,0.11422200987418378
primary,Apul-Peve,0.018235387800605192
primary,Apul-Peve,0.14355789138397834
primary,Apul-Peve,0.03881191272495621
primary,Apul-Peve,-0.028348463131071828
primary,Apul-Peve,0.16196846631629241
primary,Apul-Peve,-0.02408026755852843
primary,Apul-Peve,0.11135531135531135
primary,Apul-Peve,-0.059691033604077084
primary,Apul-Peve,0.062478101608536396
primary,Apul-Peve,-0.013043478260869566
primary,Apul-Peve,0.179678292721771
primary,Apul-Peve,-0.21659499920369488
primary,Apul-Peve,0.3478738652651696
primary,Apul-Peve,0.25185539098582577
primary,Apul-Peve,0.22724956203217075
primary,Apul-Peve,0.10113075330466635
primary,Apul-Peve,0.0550406115623507
primary,Apul-Peve,0.28762541806020064
primary,Apul-Peve,-0.05948399426660297
primary,Apul-Peve,0.06551998725911769
primary,Apul-Peve,0.14679089026915115
primary,Apul-Peve,-0.021309125656951745
primary,Apul-Peve,-0.022519509476031215
primary,Apul-Peve,0.04503901895206243
primary,Apul-Peve,0.07475712693103999
primary,Apul-Peve,0.06418219461697723
primary,Apul-Peve,-0.017311673833412963
primary,Apul-Peve,0.07711419015766842
primary,Apul-Peve,0.15859213250517598
primary,Apul-Peve,-0.12627806975633063
primary,Apul-Peve,0.017677974199713332
primary,Apul-Peve,-0.06916706481923873
primary,Apul-Peve,-0.07122153209109731
primary,Apul-Peve,0.22337951903169295
primary,Apul-Peve,0.08315018315018316
primary,Apul-Peve,0.17568084089823222
primary,Apul-Peve,-0.041487498009237136
primary,Apul-Peve,0.11485905398948879
primary,Apul-Peve,0.1533046663481446
primary,Apul-Peve,0.07025003981525721
primary,Apul-Peve,0.19858257684344643
primary,Apul-Peve,0.05996177735308171
primary,Apul-Peve,-0.043749004618569835
primary,Apul-Peve,0.045771619684663166
primary,Apul-Peve,0.03534002229654404
primary,Apul-Peve,0.18461538461538465
primary,Apul-Peve,0.1959229176620481
primary,Apul-Peve,0.10156075808249722
primary,Apul-Peve,0.18229017359452143
primary,Apul-Peve,0.05607580824972129
primary,Apul-Peve,0.048733874820831344
primary,Apul-Peve,0.03094441790093964
primary,Apul-Peve,0.15997770345596435
primary,Apul-Peve,0.0586717630195891
primary,Apul-Peve,0.037426341774167864
primary,Apul-Peve,0.031071826724000638
primary,Apul-Peve,0.022169135212613475
primary,Apul-Peve,0.23258480649785002
primary,Apul-Peve,0.12337951903169296
primary,Apul-Peve,0.13231406274884538
primary,Apul-Peve,-0.025656951743908266
primary,Apul-Peve,0.12568880394967352
primary,Apul-Peve,-0.03397037744863832
primary,Apul-Peve,0.09396400700748528
primary,Apul-Peve,-0.07730530339225991
primary,Apul-Peve,0.19187768752986145
primary,Apul-Peve,0.05104315973881192
primary,Apul-Peve,0.07147634973721931
primary,Apul-Peve,0.058990285077241605
primary,Apul-Peve,0.3294155120242077
primary,Apul-Peve,0.10909380474597867
primary,Apul-Peve,-0.046026437330785167
primary,Apul-Peve,-0.08533205924510273
primary,Apul-Peve,-0.0822105430801083
primary,Apul-Peve,0.048686096512183474
primary,Apul-Peve,-0.16610925306577481
primary,Apul-Peve,0.010351966873706004
primary,Apul-Peve,0.11810797897754421
primary,Apul-Peve,0.13683707596751077
primary,Apul-Peve,0.019493549928332538
primary,Apul-Peve,0.17647714604236345
primary,Apul-Peve,-0.06263736263736265
primary,Apul-Peve,0.0736741519350215
primary,Apul-Peve,0.0612517916865743
primary,Apul-Peve,0.2143653448001274
primary,Apul-Peve,0.15368689281732761
primary,Apul-Peve,0.12498805542283804
primary,Apul-Peve,0.15271540054148752
primary,Apul-Peve,0.050183150183150185
primary,Apul-Peve,0.1451345755693582
primary,Apul-Peve,0.1935340022296544
primary,Apul-Peve,0.08741837872272655
primary,Apul-Peve,0.14892498805542284
primary,Apul-Peve,0.20855231724796944
primary,Apul-Peve,0.020703933747412008
primary,Apul-Peve,0.031071826724000638
primary,Apul-Peve,0.0339544513457557
primary,Apul-Peve,0.05461060678451983
primary,Apul-Peve,0.10879120879120881
primary,Apul-Peve,-0.12242395285873547
primary,Apul-Peve,-0.05325688803949674
primary,Apul-Peve,0.18068163720337635
primary,Apul-Peve,0.02508361204013378
primary,Apul-Peve,0.08386685777990127
primary,Apul-Peve,-0.18106386367255933
primary,Apul-Peve,0.05755693581780539
primary,Apul-Peve,0.13463927376970858
primary,Apul-Peve,-0.13275999362955884
primary,Apul-Peve,0.07830864787386527
primary,Apul-Peve,0.1942347507564899
primary,Apul-Peve,0.07728937728937729
primary,Apul-Peve,0.1849976110845676
primary,Apul-Peve,-0.03218665392578436
primary,Apul-Peve,0.022487657270265967
primary,Apul-Peve,0.036231884057971016
primary,Apul-Peve,0.12181876094919575
primary,Apul-Peve,0.017885013537187452
primary,Apul-Peve,0.15865583691670648
primary,Apul-Peve,0.0988373944895684
primary,Apul-Peve,-0.035770027074374905
primary,Apul-Peve,0.012056059882146839
primary,Apul-Peve,0.1014811275680841
primary,Apul-Peve,0.056012103838190795
primary,Apul-Peve,0.13119923554706164
primary,Apul-Peve,0.08104793756967671
primary,Apul-Peve,-0.11821946169772257
primary,Apul-Peve,0.24003822264691832
primary,Apul-Peve,0.02575250836120401
primary,Apul-Peve,0.004140786749482402
primary,Apul-Peve,0.03970377448638318
primary,Apul-Peve,0.006338588947284601
primary,Apul-Peve,0.32228061793279184
primary,Apul-Peve,0.20007963051441316
primary,Apul-Peve,0.14616977225672878
primary,Apul-Peve,0.07784679089026915
primary,Apul-Peve,0.24916387959866224
primary,Apul-Peve,0.06408663799968148
primary,Apul-Peve,0.06738334129638478
primary,Apul-Peve,-0.1236024844720497
primary,Apul-Peve,0.07091893613632744
primary,Apul-Peve,0.09598662207357861
primary,Apul-Peve,-0.0665551839464883
primary,Apul-Peve,0.23322185061315498
primary,Apul-Peve,-0.031692944736423
primary,Apul-Peve,0.10563784042044913
primary,Apul-Peve,0.09990444338270427
primary,Apul-Peve,0.013521261347348304
primary,Apul-Peve,0.04164675903806339
primary,Apul-Peve,0.17450230928491797
primary,Apul-Peve,0.19627329192546586
primary,Apul-Peve,0.05480172001911133
primary,Apul-Peve,0.10578117534639274
primary,Apul-Peve,-0.12033763338111164
primary,Apul-Peve,0.11063863672559325
primary,Apul-Peve,0.194314381270903
primary,Apul-Peve,-0.025784360566969262
primary,Apul-Peve,0.29305621914317564
primary,Apul-Peve,0.21847427934384456
primary,Apul-Peve,-0.004300047778308648
primary,Apul-Peve,0.09410734193342889
primary,Apul-Peve,0.15957955088389872
primary,Apul-Peve,0.1589265806657111
primary,Apul-Peve,0.0972129319955407
primary,Apul-Peve,0.0696607740086001
primary,Apul-Peve,-0.07935977066411849
primary,Apul-Peve,0.11312310877528269
primary,Apul-Peve,0.24304825609173436
primary,Apul-Peve,0.14112119764293676
primary,Apul-Peve,0.1273610447523491
primary,Apul-Peve,0.01812390508042682
primary,Apul-Peve,-0.03943303073737857
primary,Apul-Peve,0.11885650581302755
primary,Apul-Peve,-0.01794871794871795
primary,Apul-Peve,0.008377130116260552
primary,Apul-Peve,0.06604554865424431
primary,Apul-Peve,0.30942825290651377
primary,Apul-Peve,0.14421086160216595
primary,Apul-Peve,-0.0015766841853798379
primary,Apul-Peve,0.10208631947762384
primary,Apul-Peve,-0.03255295429208473
primary,Apul-Peve,0.1182353878006052
primary,Apul-Peve,0.18444019748367577
primary,Apul-Peve,-0.013011626055104317
primary,Apul-Peve,0.30933269628921806
primary,Apul-Peve,-0.017932791845835325
primary,Apul-Peve,0.16410256410256413
primary,Apul-Peve,-0.06395922917662047
primary,Apul-Peve,0.06415034241121198
primary,Apul-Peve,3.1852205765249244e-4
primary,Apul-Peve,-0.012740882306099698
primary,Apul-Peve,0.1590539894887721
primary,Apul-Peve,0.16961299569995222
primary,Apul-Peve,-0.11877687529861443
primary,Apul-Peve,0.10645007166746298
primary,Apul-Peve,0.16845039018952063
primary,Apul-Peve,0.0916547220895047
primary,Apul-Peve,0.1084567606306737
primary,Apul-Peve,0.08015607580824972
primary,Apul-Peve,0.14478420130594044
primary,Apul-Peve,0.13212294951425388
primary,Apul-Peve,0.0727663640707119
primary,Apul-Peve,0.1081541646759038
primary,Apul-Peve,-0.16147475712693105
primary,Apul-Peve,-0.05231724796942189
primary,Apul-Peve,0.025290651377607904
primary,Apul-Peve,0.10614747571269312
primary,Apul-Peve,0.1754260232521102
primary,Apul-Peve,0.032393693263258486
primary,Apul-Peve,0.06813186813186814
primary,Apul-Peve,-0.015926102882624624
primary,Apul-Peve,-0.008759356585443542
primary,Apul-Peve,0.07996496257365823
primary,Apul-Peve,0.1346074215639433
primary,Apul-Peve,-0.06633221850613155
primary,Apul-Peve,-0.004761904761904762
primary,Apul-Peve,0.09969740404523014
primary,Apul-Peve,-0.08754578754578755
primary,Apul-Peve,0.17816531294792165
primary,Apul-Peve,0.03752189839146361
primary,Apul-Peve,-0.12415989807294156
primary,Apul-Peve,0.029081063863672558
primary,Apul-Peve,-0.037920050963529225
primary,Apul-Peve,0.12678770504857462
primary,Apul-Peve,-0.07986940595636248
primary,Apul-Peve,0.12656473960821787
primary,Apul-Peve,0.11009714922758403
primary,Apul-Peve,-0.03191591017677974
primary,Apul-Peve,-0.12148431278866063
primary,Apul-Peve,-0.07335562987736902
primary,Apul-Peve,0.16483516483516483
primary,Apul-Peve,8.281573498964803e-4
primary,Apul-Peve,0.04005414874980092
primary,Apul-Peve,0.04532568880394968
primary,Apul-Peve,-0.0780697563306259
primary,Apul-Peve,0.14272973403408187
primary,Apul-Peve,-0.13451186494664757
primary,Apul-Peve,0.05978659022137283
primary,Apul-Peve,0.06134734830387004
primary,Apul-Peve,0.04613792005096353
primary,Apul-Peve,0.008711578276795667
primary,Apul-Peve,-0.08568243350852046
primary,Apul-Peve,0.008695652173913044
primary,Apul-Peve,0.06690555820990604
primary,Apul-Peve,0.01818760949195732
primary,Apul-Peve,-0.11366459627329192
primary,Apul-Peve,0.12963847746456442
primary,Apul-Peve,-0.1820194298455168
primary,Apul-Peve,-0.06421404682274247
primary,Apul-Peve,0.014222009874183789
primary,Apul-Peve,-0.15131390348781654
primary,Apul-Peve,0.22430323299888516
primary,Apul-Peve,-0.03559483994266603
primary,Apul-Peve,0.037728937728937734
primary,Apul-Peve,0.026134734830387005
primary,Apul-Peve,0.22732919254658385
primary,Apul-Peve,0.2740404523013219
primary,Apul-Peve,-0.06894409937888199
primary,Apul-Peve,0.07455008759356586
primary,Apul-Peve,-0.05696767001114828
primary,Apul-Peve,0.08725911769390031
primary,Apul-Peve,-0.0033285555024685463
primary,Apul-Peve,0.21890428412167545
primary,Apul-Peve,0.07762382544991242
primary,Apul-Peve,0.12084726867335564
primary,Apul-Peve,0.03849339066730371
primary,Apul-Peve,0.19915591654722092
primary,Apul-Peve,0.13858894728459945
primary,Apul-Peve,0.0549132027392897
primary,Apul-Peve,0.008663799968147794
primary,Apul-Peve,-0.1545946806816372
primary,Apul-Peve,0.026899187768752986
primary,Apul-Peve,0.054642458990285074
primary,Apul-Peve,5.892658066571111e-4
primary,Apul-Peve,0.08961618092052875
primary,Apul-Peve,0.18229017359452143
primary,Apul-Peve,0.023029144768275205
primary,Apul-Peve,0.15438764134416308
primary,Apul-Peve,0.06268514094601052
primary,Apul-Peve,0.1931995540691193
primary,Apul-Peve,0.152269469660774
primary,Apul-Peve,0.08891543239369326
primary,Apul-Peve,0.13481446090141744
primary,Apul-Peve,0.08472686733556299
primary,Apul-Peve,0.02869883739448957
primary,Apul-Peve,0.062191431756649145
primary,Apul-Peve,0.22240802675585283
primary,Apul-Peve,0.061538461538461535
primary,Apul-Peve,0.12919254658385096
primary,Apul-Peve,0.08636725593247332
primary,Apul-Peve,0.2818123905080427
primary,Apul-Peve,0.25416467590380637
primary,Apul-Peve,0.20404523013218667
primary,Apul-Peve,0.06899187768752986
primary,Apul-Peve,0.020767638158942506
primary,Apul-Peve,-0.12506768593725118
primary,Apul-Peve,-0.003949673514890907
primary,Apul-Peve,0.04530976270106705
primary,Apul-Peve,0.003822264691829909
primary,Apul-Peve,0.04835164835164835
primary,Apul-Peve,-0.08924988055422839
primary,Apul-Peve,0.17077560121038382
primary,Apul-Peve,0.11012900143334926
primary,Apul-Peve,0.004682274247491639
primary,Apul-Peve,0.26348144609014174
primary,Apul-Peve,-0.03812709030100335
primary,Apul-Peve,0.1807294155120242
primary,Apul-Peve,0.11259754738015608
primary,Apul-Peve,0.006832298136645963
primary,Apul-Peve,-0.023618410574932316
primary,Apul-Peve,0.15994585125019908
primary,Apul-Peve,0.01178531613314222
primary,Apul-Peve,0.16094919573180444
primary,Apul-Peve,0.14667940754897277
primary,Apul-Peve,0.015687211339385252
primary,Apul-Peve,0.06590221372830068
primary,Apul-Peve,-0.007310081223124701
primary,Apul-Peve,0.18477464564421084
primary,Apul-Peve,-0.03064182194616977
primary,Apul-Peve,0.08966395922917662
primary,Apul-Peve,0.03766523331740723
primary,Apul-Peve,0.04569198917025004
primary,Apul-Peve,0.07064819238732283
primary,Apul-Peve,0.12610288262462177
primary,Apul-Peve,0.10157668418537984
primary,Apul-Peve,0.23519668737060045
primary,Apul-Peve,-0.009603440038222649
primary,Apul-Peve,-0.05605988214683868
primary,Apul-Peve,-0.02304507087115783
primary,Apul-Peve,0.016833890746934223
primary,Apul-Peve,0.02807771938206721
primary,Apul-Peve,0.04161490683229814
primary,Apul-Peve,0.10004777830864788
primary,Apul-Peve,0.32963847746456443
primary,Apul-Peve,0.06845039018952062
primary,Apul-Peve,0.1090460264373308
primary,Apul-Peve,0.11170568561872911
primary,Apul-Peve,-0.07426341774167862
primary,Apul-Peve,0.06293995859213251
primary,Apul-Peve,0.05171205605988215
primary,Apul-Peve,0.12016244624940277
primary,Apul-Peve,0.03371555980251632
primary,Apul-Peve,0.1663640707118968
primary,Apul-Peve,0.0794871794871795
primary,Apul-Peve,0.02028985507246377
primary,Apul-Peve,-0.05293836598184424
primary,Apul-Peve,0.0359611403089664
primary,Apul-Peve,-0.09429845516802039
primary,Apul-Peve,0.15190316929447364
primary,Apul-Peve,-0.09587513935340022
primary,Apul-Peve,0.09523809523809525
primary,Apul-Peve,0.08029941073419335
primary,Apul-Peve,0.00699155916547221
primary,Apul-Peve,0.00568561872909699
primary,Apul-Peve,0.09974518235387801
primary,Apul-Peve,0.07859531772575251
primary,Apul-Peve,0.15316133142220098
primary,Apul-Peve,-0.027106227106227107
primary,Apul-Peve,0.16268514094601053
primary,Apul-Peve,0.03871635610766046
primary,Apul-Peve,0.2305781175346393
primary,Apul-Peve,-0.11798057015448321
primary,Apul-Peve,0.13449593884376493
primary,Apul-Peve,0.0965121834687052
primary,Apul-Peve,0.05289058767319637
primary,Apul-Peve,0.0919095397356267
primary,Apul-Peve,0.2822423952858735
primary,Apul-Peve,0.29243510113075333
primary,Apul-Peve,-0.013314222009874185
primary,Apul-Peve,0.17157190635451505
primary,Apul-Peve,0.01543239369326326
primary,Apul-Peve,-0.20592451027233635
primary,Apul-Peve,0.1690078037904125
primary,Apul-Peve,0.00485746137920051
primary,Apul-Peve,0.028507724159898076
primary,Apul-Peve,-0.07515527950310559
primary,Apul-Peve,-0.06056696926262144
primary,Apul-Peve,0.13135849657588788
primary,Apul-Peve,0.008138238573021183
primary,Apul-Peve,0.04852683548335723
primary,Apul-Peve,0.17111004937091895
primary,Apul-Peve,0.18150979455327285
primary,Apul-Peve,0.1967670011148272
primary,Apul-Peve,0.13914636088549134
primary,Apul-Peve,-0.029065137760789936
primary,Apul-Peve,0.13081700907787866
primary,Apul-Peve,0.10786749482401657
primary,Apul-Peve,0.08364389233954451
primary,Apul-Peve,-0.03463927376970856
primary,Apul-Peve,0.06411849020544673
primary,Apul-Peve,0.2207517120560599
primary,Apul-Peve,0.09966555183946489
primary,Apul-Peve,-0.031151457238413765
primary,Apul-Peve,0.08375537505972289
primary,Apul-Peve,-0.11852205765249244
primary,Apul-Peve,-0.13941710463449594
primary,Apul-Peve,0.1519350215002389
primary,Apul-Peve,0.2133938525242873
primary,Apul-Peve,0.12568880394967352
primary,Apul-Peve,0.035276317885013536
primary,Apul-Peve,0.22833253702818923
primary,Apul-Peve,0.20203854116897596
primary,Apul-Peve,0.07499601847427935
primary,Apul-Peve,0.07442267877050486
primary,Apul-Peve,0.18399426660296228
primary,Apul-Peve,-0.03103997451823539
primary,Apul-Peve,0.13116738334129638
primary,Apul-Peve,0.12183468705207837
primary,Apul-Peve,-0.21505016722408027
primary,Apul-Peve,0.033811116419812076
primary,Apul-Peve,0.1287147634973722
primary,Apul-Peve,0.3139512661251792
primary,Apul-Peve,0.08049052396878485
primary,Apul-Peve,0.030530339225991403
primary,Apul-Peve,-0.06919891702500398
primary,Apul-Peve,-0.0017040930084408347
primary,Apul-Peve,0.012947921643573819
primary,Apul-Peve,0.06400700748526836
primary,Apul-Peve,0.1749004618569836
primary,Apul-Peve,0.28676540850453897
primary,Apul-Peve,0.05453097627010671
primary,Apul-Peve,0.05910176779741998
primary,Apul-Peve,-0.01925465838509317
primary,Apul-Peve,0.10611562350692785
primary,Apul-Peve,0.00864787386526517
primary,Apul-Peve,0.03736263736263736
primary,Apul-Peve,0.013776078993470298
primary,Apul-Peve,0.12479694218824654
primary,Apul-Peve,0.08431278866061476
primary,Apul-Peve,0.11105271540054149
primary,Apul-Peve,0.10680044593088071
primary,Apul-Peve,-0.10007963051441313
primary,Apul-Peve,0.007134894091415831
primary,Apul-Peve,0.08702022615066093
primary,Apul-Peve,-0.010495301799649626
primary,Apul-Peve,0.09157509157509157
primary,Apul-Peve,0.29168657429526995
primary,Apul-Peve,0.14906832298136646
primary,Apul-Peve,0.15785953177257528
primary,Apul-Peve,0.17849976110845678
primary,Apul-Peve,0.18990285077241598
primary,Apul-Peve,0.03183627966236662
primary,Apul-Peve,0.163640707118968
primary,Apul-Peve,-0.03771301162605511
primary,Apul-Peve,0.018936136327440675
primary,Apul-Peve,0.22236024844720498
primary,Apul-Peve,-0.04954610606784521
primary,Apul-Peve,0.11812390508042683
primary,Apul-Peve,0.2040611562350693
primary,Apul-Peve,-0.06892817327599937
primary,Apul-Peve,0.08225832138875618
primary,Apul-Peve,0.0017359452142060837
primary,Apul-Peve,0.10872750437967829
primary,Apul-Peve,-0.050708711578276805
primary,Apul-Peve,0.032393693263258486
primary,Apul-Peve,0.05370281892021023
primary,Apul-Peve,0.06102882624621755
primary,Apul-Peve,0.06824335085204651
primary,Apul-Peve,0.059388437649307214
primary,Apul-Peve,0.1314859053989489
primary,Apul-Peve,-0.10058926580665711
primary,Apul-Peve,0.09511068641503424
primary,Apul-Peve,-0.009667144449753145
primary,Apul-Peve,-0.037267080745341616
primary,Apul-Peve,-0.013823857302118171
primary,Apul-Peve,0.06279662366618889
primary,Apul-Peve,0.02511546424589903
primary,Apul-Peve,0.09820035037426342
primary,Apul-Peve,0.14003822264691831
primary,Apul-Peve,0.0030737378563465523
primary,Apul-Peve,0.05171205605988215
primary,Apul-Peve,0.0422360248447205
primary,Apul-Peve,-0.018872431915910176
primary,Apul-Peve,-0.09636884854276159
primary,Apul-Peve,0.028332537028189202
primary,Apul-Peve,5.733397037744865e-4
primary,Apul-Peve,0.01849020544672719
primary,Apul-Peve,-0.06816372033763339
primary,Apul-Peve,0.08644688644688645
primary,Apul-Peve,0.10108297499601848
primary,Apul-Peve,0.06368848542761586
primary,Apul-Peve,0.052858735467431125
primary,Apul-Peve,0.10742156394330307
primary,Apul-Peve,-0.008854913202739291
primary,Apul-Peve,0.03097627010670489
primary,Apul-Peve,0.14296862557732123
primary,Apul-Peve,0.13580187928014015
primary,Apul-Peve,0.14311196050326486
primary,Apul-Peve,0.23879598662207357
primary,Apul-Peve,0.15978659022137284
primary,Apul-Peve,0.1598821468386686
primary,Apul-Peve,0.07544194935499283
primary,Apul-Peve,0.07977384933906674
primary,Apul-Peve,-0.02678770504857462
primary,Apul-Peve,0.09925147316451664
primary,Apul-Peve,0.002150023889154324
primary,Apul-Peve,-0.1547061634018156
primary,Apul-Peve,0.09254658385093167
primary,Apul-Peve,-0.07985347985347985
primary,Apul-Peve,0.1604714126453257
primary,Apul-Peve,0.11457238413760154
primary,Apul-Peve,-0.04583532409619366
primary,Apul-Peve,0.049880554228380315
primary,Apul-Peve,-0.0069119286510590855
primary,Apul-Peve,0.024239528587354675
primary,Apul-Peve,-0.005223761745500876
primary,Apul-Peve,0.07085523172479694
primary,Apul-Peve,0.22924032489249882
primary,Apul-Peve,0.12602325211020862
primary,Apul-Peve,0.09867813346074217
primary,Apul-Peve,-0.08244943462334768
primary,Apul-Peve,0.06322662844401976
primary,Apul-Peve,0.0726389552476509
primary,Apul-Peve,-0.0169453734671126
primary,Apul-Peve,0.11027233635929289
primary,Apul-Peve,0.11522535435578914
primary,Apul-Peve,0.05994585125019908
primary,Apul-Peve,0.034432234432234435
primary,Apul-Peve,-0.18146201624462494
primary,Apul-Peve,0.05499283325370282
primary,Apul-Peve,0.19794553272814142
primary,Apul-Peve,-0.03177257525083613
primary,Apul-Peve,0.07349896480331264
primary,Apul-Peve,-0.010001592610288263
primary,Apul-Peve,-0.06719222806179329
primary,Apul-Peve,0.0719222806179328
primary,Apul-Peve,0.1593088071348941
primary,Apul-Peve,0.06695333651855391
primary,Apul-Peve,0.1062111801242236
primary,Apul-Peve,0.050979455327281424
primary,Apul-Peve,-0.034050007963051444
primary,Apul-Peve,0.11957318044274566
primary,Apul-Peve,0.008918617614269788
primary,Apul-Peve,0.019445771619684665
primary,Apul-Peve,-0.07539417104634497
primary,Apul-Peve,0.007771938206720817
primary,Apul-Peve,0.17687529861442908
primary,Apul-Peve,-0.011626055104315974
primary,Apul-Peve,-0.034129638477464565
primary,Apul-Peve,0.16988373944895685
primary,Apul-Peve,0.14962573658225833
primary,Apul-Peve,-0.02896958114349419
primary,Apul-Peve,0.07066411849020544
primary,Apul-Peve,-0.042363433667781496
primary,Apul-Peve,-0.027297340340818602
primary,Apul-Peve,0.08616021659499921
primary,Apul-Peve,-0.10092371396719223
primary,Apul-Peve,0.1034878165312948
primary,Apul-Peve,0.168434464086638
primary,Apul-Peve,0.024828794394011786
primary,Apul-Peve,0.19046026437330785
primary,Apul-Peve,0.06827520305781176
primary,Apul-Peve,0.060678451982799815
primary,Apul-Peve,0.17869087434304828
primary,Apul-Peve,-0.01794871794871795
primary,Apul-Peve,-0.023411371237458192
primary,Apul-Peve,-0.1787068004459309
primary,Apul-Peve,0.006688963210702342
primary,Apul-Peve,0.05755693581780539
primary,Apul-Peve,0.07197005892658066
primary,Apul-Peve,0.007437490046185699
primary,Apul-Peve,0.10961936614110528
primary,Apul-Peve,0.06931039974518236
primary,Apul-Peve,0.1344003822264692
primary,Apul-Peve,0.10869565217391304
primary,Apul-Peve,0.10914158305462654
primary,Apul-Peve,0.011482720178372353
primary,Apul-Peve,-0.13123108775282688
primary,Apul-Peve,0.1658385093167702
primary,Apul-Peve,0.33158146201624467
primary,Apul-Peve,0.07453416149068323
primary,Apul-Peve,0.07627010670488932
primary,Apul-Peve,-0.029431438127090304
primary,Apul-Peve,0.11374422678770506
primary,Apul-Peve,0.11665870361522536
primary,Apul-Peve,-0.020130594043637522
primary,Apul-Peve,0.0137123745819398
primary,Apul-Peve,0.07701863354037268
primary,Apul-Peve,-0.038190794712533845
primary,Apul-Peve,-0.055470616340181564
primary,Apul-Peve,0.07109412326803631
primary,Apul-Peve,0.1167542602325211
primary,Apul-Peve,0.1823220258002867
primary,Apul-Peve,-0.051552795031055906
primary,Apul-Peve,0.04427456601369645
primary,Apul-Peve,0.06400700748526836
primary,Apul-Peve,-0.005144131231087754
primary,Apul-Peve,0.08622392100652972
primary,Apul-Peve,-0.07157190635451505
primary,Apul-Peve,0.23745819397993312
primary,Apul-Peve,0.06257365822583215
primary,Apul-Peve,0.06458034718904285
primary,Apul-Peve,0.1624143971970059
primary,Apul-Peve,0.003519668737060042
primary,Apul-Peve,0.08717948717948719
primary,Apul-Peve,0.06746297181079791
primary,Apul-Peve,-0.07789456919891702
primary,Apul-Peve,0.05298614429049212
primary,Apul-Peve,0.058305462653288745
primary,Apul-Peve,-0.09327918458353242
primary,Apul-Peve,-0.06781334607421564
primary,Apul-Peve,0.07875457875457875
primary,Apul-Peve,0.07456601369644848
primary,Apul-Peve,-0.04093008440834528
primary,Apul-Peve,0.04507087115782768
primary,Apul-Peve,-0.0015289058767319638
primary,Apul-Peve,0.14511864946647557
primary,Apul-Peve,-0.06402293358815098
primary,Apul-Peve,0.0358337314859054
primary,Apul-Peve,0.08236980410893455
primary,Apul-Peve,0.004905239687848384
primary,Apul-Peve,-0.004889313584965759
primary,Apul-Peve,-0.08872431915910177
primary,Apul-Peve,0.15029463290332856
primary,Apul-Peve,0.08100015926102884
primary,Apul-Peve,0.022933588150979456
primary,Apul-Peve,-0.00675266762223284
primary,Apul-Peve,0.011100493709189361
primary,Apul-Peve,0.029479216435738177
primary,Apul-Peve,0.11820353559483995
primary,Apul-Peve,0.23506927854753942
primary,Apul-Peve,0.1533046663481446
primary,Apul-Peve,0.10003185220576526
primary,Apul-Peve,0.049832775919732446
primary,Apul-Peve,-0.01705685618729097
primary,Apul-Peve,-0.025545469023729894
primary,Apul-Peve,0.07507564898869247
primary,Apul-Peve,0.29921962095875143
primary,Apul-Peve,0.07402452619843924
primary,Apul-Peve,0.17044115304984872
primary,Apul-Peve,-0.04921165790731009
primary,Apul-Peve,0.11184902054467272
primary,Apul-Peve,0.0536868928173276
primary,Apul-Peve,0.09018952062430324
primary,Apul-Peve,0.03346074215639433
primary,Apul-Peve,0.19568402611880872
primary,Apul-Peve,0.07767160375856029
primary,Apul-Peve,0.0315018315018315
primary,Apul-Peve,0.03833412963847747
primary,Apul-Peve,0.004411530498487021
primary,Apul-Peve,0.023411371237458192
primary,Apul-Peve,0.03683707596751075
primary,Apul-Peve,0.2331103678929766
primary,Apul-Peve,-0.004475234910017519
primary,Apul-Peve,-0.05515209428252906
primary,Apul-Peve,0.07604714126453258
primary,Apul-Peve,0.03441630832935181
primary,Apul-Peve,0.043239369326325855
primary,Apul-Peve,0.10571747093486225
primary,Apul-Peve,0.02087912087912088
primary,Apul-Peve,-0.0831820353559484
primary,Apul-Peve,0.12839624143971973
primary,Apul-Peve,-0.001051122790253225
primary,Apul-Peve,0.31087752826883264
primary,Apul-Peve,0.277384933906673
primary,Apul-Peve,0.03597706641184902
primary,Apul-Peve,0.18955247650899826
primary,Apul-Peve,0.059181398311833104
primary,Apul-Peve,0.006943780856824335
primary,Apul-Peve,0.15094760312151617
primary,Apul-Peve,0.19276954929128842
primary,Apul-Peve,0.1631151457238414
primary,Apul-Peve,0.10667303710781971
primary,Apul-Peve,0.15945214206083771
primary,Apul-Peve,-0.015289058767319636
primary,Apul-Peve,-0.18580984233158146
primary,Apul-Peve,0.12443064182194619
primary,Apul-Peve,0.11528905876731965
primary,Apul-Peve,-0.1415989807294155
primary,Apul-Peve,0.07539417104634497
primary,Apul-Peve,0.2604873387482083
primary,Apul-Peve,0.12971810797897756
primary,Apul-Peve,0.2252269469660774
primary,Apul-Peve,0.08279980888676541
primary,Apul-Peve,0.2576206402293359
primary,Apul-Peve,0.15934065934065936
primary,Apul-Peve,-0.0979296066252588
primary,Apul-Peve,0.17811753463927377
primary,Apul-Peve,0.0729574773053034
primary,Apul-Peve,0.11250199076286034
primary,Apul-Peve,0.16483516483516483
primary,Apul-Peve,-0.09468068163720339
primary,Apul-Peve,0.07185857620640229
primary,Apul-Peve,-0.028268832616658704
primary,Apul-Peve,0.015782767956681
primary,Apul-Peve,-0.05126612517916866
primary,Apul-Peve,0.009380474597865902
primary,Apul-Peve,-0.12054467271858577
primary,Apul-Peve,-0.14347826086956522
primary,Apul-Peve,0.02597547380156076
primary,Apul-Peve,-0.057971014492753624
primary,Apul-Peve,0.253543557891384
primary,Apul-Peve,0.07254339863035517
primary,Apul-Peve,0.1871317088708393
primary,Apul-Peve,-0.13333333333333336
primary,Apul-Peve,0.12989329511068642
primary,Apul-Peve,0.07676381589425069
primary,Apul-Peve,0.005128205128205129
primary,Apul-Peve,-0.08619206880076445
primary,Apul-Peve,0.09718107978977544
primary,Apul-Peve,0.07099856665074057
primary,Apul-Peve,0.06953336518553911
primary,Apul-Peve,0.2561872909698997
primary,Apul-Peve,0.17579232361841057
primary,Apul-Peve,0.04040452301321867
primary,Apul-Peve,-0.07155598025163243
primary,Apul-Peve,0.14075489727663643
primary,Apul-Peve,0.1054945054945055
primary,Apul-Peve,0.04475234910017519
primary,Apul-Peve,-0.09141583054626533
primary,Apul-Peve,0.09740404523013219
primary,Apul-Peve,0.27964644051600573
primary,Apul-Peve,-0.14161490683229813
primary,Apul-Peve,-3.503742634177417e-4
primary,Apul-Peve,-0.038955247650899825
primary,Apul-Peve,-0.0015289058767319638
primary,Apul-Peve,0.08998248128682912
primary,Apul-Peve,-0.08072941551202421
primary,Apul-Peve,0.13819079471253384
primary,Apul-Peve,0.14667940754897277
primary,Apul-Peve,-0.07115782767956681
primary,Apul-Peve,0.04867017040930085
primary,Apul-Peve,-0.05677655677655678
primary,Apul-Peve,0.21884057971014495
primary,Apul-Peve,0.2431278866061475
primary,Apul-Peve,0.03733078515687212
primary,Apul-Peve,0.06196846631629241
primary,Apul-Peve,0.29807294155120245
primary,Apul-Peve,-0.010861602165949993
primary,Apul-Peve,-0.02113393852524287
primary,Apul-Peve,0.0661729574773053
primary,Apul-Peve,0.08631947762382546
primary,Apul-Peve,-7.963051441312311e-5
primary,Apul-Peve,-0.06056696926262144
primary,Apul-Peve,0.037649307214524606
primary,Apul-Peve,0.03225035833731486
primary,Apul-Peve,0.013139034878165312
primary,Apul-Peve,0.05379837553750597
primary,Apul-Peve,-0.13089663959229178
primary,Apul-Peve,-0.0668259276954929
primary,Apul-Peve,0.046010511227902534
primary,Apul-Peve,-0.0034400382226469186
primary,Apul-Peve,0.06974040452301322
primary,Apul-Peve,0.07136486701704094
primary,Apul-Peve,0.005016722408026756
primary,Apul-Peve,0.029542920847268676
primary,Apul-Peve,-0.12716993151775763
primary,Apul-Peve,0.2597706641184902
primary,Apul-Peve,-0.059006211180124224
primary,Apul-Peve,0.1223761745500876
primary,Apul-Peve,0.15975473801560758
primary,Apul-Peve,0.03433667781493869
primary,Apul-Peve,-0.03656633221850614
primary,Apul-Peve,0.20659340659340658
primary,Apul-Peve,0.09953814301640389
primary,Apul-Peve,-0.08517279821627649
primary,Apul-Peve,0.029479216435738177
primary,Apul-Peve,0.0338907469342252
primary,Apul-Peve,0.2334288899506291
primary,Apul-Peve,-0.15048574613792007
primary,Apul-Peve,-0.0749641662685141
primary,Apul-Peve,-0.16372033763338112
primary,Apul-Peve,0.05953177257525084
primary,Apul-Peve,0.08966395922917662
primary,Apul-Peve,0.15539098582576844
primary,Apul-Peve,0.06504220417263896
primary,Apul-Peve,0.33554706163401815
primary,Apul-Peve,0.006959706959706959
primary,Apul-Peve,0.10509635292243989
primary,Apul-Peve,-0.04085045389393216
primary,Apul-Peve,0.16074215639433032
primary,Apul-Peve,-0.012740882306099698
primary,Apul-Peve,-0.046456442108616026
primary,Apul-Peve,0.0827201783723523
primary,Apul-Peve,0.04351011307533047
primary,Apul-Peve,0.01884057971014493
primary,Apul-Peve,0.0908106386367256
primary,Apul-Peve,0.008504538939321548
primary,Apul-Peve,0.11200828157349897
primary,Apul-Peve,0.1344800127408823
primary,Apul-Peve,0.06551998725911769
primary,Apul-Peve,0.1634495938843765
primary,Apul-Peve,-0.14730052556139514
primary,Apul-Peve,0.33016403885969103
primary,Apul-Peve,-0.1182353878006052
primary,Apul-Peve,-0.025991399904443383
primary,Apul-Peve,-0.023379519031692945
primary,Apul-Peve,0.09724478420130594
primary,Apul-Peve,0.11708870839305621
primary,Apul-Peve,0.04755534320751712
primary,Apul-Peve,-0.037458193979933115
primary,Apul-Peve,0.0774804905239688
primary,Apul-Peve,0.07921643573817487
primary,Apul-Peve,0.060726230291447685
primary,Apul-Peve,0.058385093167701865
primary,Apul-Peve,0.1406752667622233
primary,Apul-Peve,-0.05365504061156235
primary,Apul-Peve,-0.09477623825449913
primary,Apul-Peve,-0.06467590380633859
primary,Apul-Peve,0.1100812231247014
primary,Apul-Peve,0.06634814460901418
primary,Apul-Peve,0.030498487020226152
primary,Apul-Peve,0.05440356744704571
primary,Apul-Peve,-0.030880713489409142
primary,Apul-Peve,0.22341137123745822
primary,Apul-Peve,0.12659659181398314
primary,Apul-Peve,-0.046026437330785167
primary,Apul-Peve,0.14437012263099222
primary,Apul-Peve,-0.05631469979296067
primary,Apul-Peve,-0.027759197324414717
primary,Apul-Peve,0.23334925943621598
primary,Apul-Peve,0.059611403089663964
primary,Apul-Peve,0.22506768593725116
primary,Apul-Peve,0.18474279343844563
primary,Apul-Peve,0.06147475712693104
primary,Apul-Peve,0.10805860805860806
primary,Apul-Peve,0.05744545309762701
primary,Apul-Peve,0.06905558209906036
primary,Apul-Peve,0.2518076126771779
primary,Apul-Peve,0.1370600414078675
primary,Apul-Peve,0.1284599458512502
primary,Apul-Peve,0.1437330785156872
primary,Apul-Peve,-0.036152253543557895
primary,Apul-Peve,0.05218983914636089
primary,Apul-Peve,0.0738015607580825
primary,Apul-Peve,0.1622232839624144
primary,Apul-Peve,0.22070393374741204
primary,Apul-Peve,0.18655836916706484
primary,Apul-Peve,0.16633221850613156
primary,Apul-Peve,-0.04855868768912248
primary,Apul-Peve,-0.061060678451982806
primary,Apul-Peve,0.17642936773371556
primary,Apul-Peve,-0.006004140786749483
primary,Apul-Peve,0.007071189679885332
primary,Apul-Peve,0.056346551998725916
primary,Apul-Peve,0.0747093486223921
primary,Apul-Peve,0.055677655677655674
primary,Apul-Peve,0.07971014492753624
primary,Apul-Peve,0.17028189202102245
primary,Apul-Peve,0.2596273291925466
primary,Apul-Peve,-0.05289058767319637
primary,Apul-Peve,0.15590062111801242
primary,Apul-Peve,0.01519350215002389
primary,Apul-Peve,-0.09705367096671445
primary,Apul-Peve,0.059149546106067846
primary,Apul-Peve,0.03801560758082497
primary,Apul-Peve,0.03717152412804587
primary,Apul-Peve,0.11868131868131869
primary,Apul-Peve,0.010415671285236502
primary,Apul-Peve,0.29816849816849816
primary,Apul-Peve,0.0507724159898073
primary,Apul-Peve,-0.15418060200668895
primary,Apul-Peve,-0.06951743908265648
primary,Apul-Peve,0.06367255932473324
primary,Apul-Peve,0.16982003503742635
primary,Apul-Peve,0.24712533842968626
primary,Apul-Peve,-0.02408026755852843
primary,Apul-Peve,-0.014046822742474919
primary,Apul-Peve,0.21497053670966718
primary,Apul-Peve,0.0011944577161968467
primary,Apul-Peve,-0.003010033444816054
primary,Apul-Peve,0.22487657270265968
primary,Apul-Peve,-0.006688963210702342
primary,Apul-Peve,0.06177735308170091
primary,Apul-Peve,-0.04027711419015767
primary,Apul-Peve,-0.026389552476509
primary,Apul-Peve,0.1505653766523332
primary,Apul-Peve,0.09627329192546585
primary,Apul-Peve,0.2288580984233158
primary,Apul-Peve,0.06032807771938207
primary,Apul-Peve,0.18689281732759994
primary,Apul-Peve,0.18192387322822107
primary,Apul-Peve,0.20480968307055264
primary,Apul-Peve,7.963051441312311e-4
primary,Apul-Peve,0.10285077241598982
primary,Apul-Peve,0.10695970695970697
primary,Apul-Peve,0.009794553272814142
primary,Apul-Peve,0.16282847587195412
primary,Apul-Peve,0.10566969262621438
primary,Apul-Peve,0.01632425545469024
primary,Apul-Peve,0.00399745182353878
primary,Apul-Peve,-0.14523013218665393
primary,Apul-Peve,-0.023825449912406437
primary,Apul-Peve,0.1015448319796146
primary,Apul-Peve,0.15623506927854755
primary,Apul-Peve,-0.08694059563624781
primary,Apul-Peve,0.1615066093326963
primary,Apul-Peve,0.010909380474597866
primary,Apul-Peve,0.2544194935499283
primary,Apul-Peve,0.09627329192546585
primary,Apul-Peve,0.19732441471571907
primary,Apul-Peve,0.04427456601369645
primary,Apul-Peve,0.09993629558846952
primary,Apul-Peve,0.12033763338111164
primary,Apul-Peve,0.014476827520305782
primary,Apul-Peve,0.03242554546902374
primary,Apul-Peve,0.07150820194298455
primary,Apul-Peve,0.11645166427775124
primary,Apul-Peve,-0.07357859531772576
primary,Apul-Peve,-0.011387163561076606
primary,Apul-Peve,-0.05973881191272496
primary,Apul-Peve,0.10328077719382069
primary,Apul-Peve,0.011689759515846472
primary,Apul-Peve,0.20156075808249724
primary,Apul-Peve,0.28716356107660457
primary,Apul-Peve,0.2536868928173276
primary,Apul-Peve,0.29821627647714605
primary,Apul-Peve,0.18655836916706484
primary,Apul-Peve,0.020767638158942506
primary,Apul-Peve,0.07095078834209269
primary,Apul-Peve,0.13620003185220578
primary,Apul-Peve,-0.00817009077878643
primary,Apul-Peve,0.2975314540531932
primary,Apul-Peve,0.01839464882943144
primary,Apul-Peve,-0.02648510909380475
primary,Apul-Peve,0.1295588469501513
primary,Apul-Peve,0.14874980092371395
primary,Apul-Peve,0.195715878324574
primary,Apul-Peve,0.28816690555820995
primary,Apul-Peve,0.004666348144609015
primary,Apul-Peve,0.19402771141901579
primary,Apul-Peve,0.041869724478420134
primary,Apul-Peve,0.08762541806020067
primary,Apul-Peve,-0.05327281414237936
primary,Apul-Peve,0.12556139512661252
primary,Apul-Peve,0.19485586876891228
primary,Apul-Peve,0.006736741519350216
primary,Apul-Peve,-0.03951266125179169
primary,Apul-Peve,0.15765249243510115
primary,Apul-Peve,0.07096671444497532
primary,Apul-Peve,0.07176301958910655
primary,Apul-Peve,0.020799490364707757
primary,Apul-Peve,-0.08625577321229495
primary,Apul-Peve,0.013441630832935182
primary,Apul-Peve,0.15430801082974996
primary,Apul-Peve,0.14604236343366778
primary,Apul-Peve,0.0412008281573499
primary,Apul-Peve,0.04296862557732123
primary,Apul-Peve,0.048686096512183474
primary,Apul-Peve,0.04279343844561236
primary,Apul-Peve,0.16529702181876096
primary,Apul-Peve,-0.015862398471094125
primary,Apul-Peve,-0.011737537824494345
primary,Apul-Peve,0.18036311514572384
primary,Apul-Peve,0.16859372511546425
primary,Apul-Peve,0.11277273451186495
primary,Apul-Peve,-0.04859053989488772
primary,Apul-Peve,0.25870361522535434
primary,Apul-Peve,0.019031692944736424
primary,Apul-Peve,0.20829749960184743
primary,Apul-Peve,0.10170409300844083
primary,Apul-Peve,0.12365026278069757
primary,Apul-Peve,0.12062430323299889
primary,Apul-Peve,-0.03333333333333334
primary,Apul-Peve,-0.019206880076445297
primary,Apul-Peve,-0.09022137283006848
primary,Apul-Peve,0.026994744386048732
primary,Apul-Peve,-0.008361204013377926
primary,Apul-Peve,0.07773530817009078
primary,Apul-Peve,0.1775919732441472
primary,Apul-Peve,-0.04007007485268355
primary,Apul-Peve,0.07937569676700112
primary,Apul-Peve,-0.04739608217869088
primary,Apul-Peve,0.18697244784201308
primary,Apul-Peve,0.05680840898232203
primary,Apul-Peve,0.10089186176142698
primary,Apul-Peve,0.35836916706481925
primary,Apul-Peve,0.16064659977703458
primary,Apul-Peve,-0.10852046504220418
primary,Apul-Peve,0.037888198757763975
primary,Apul-Peve,0.026532887402452625
primary,Apul-Peve,0.02831661092530658
primary,Apul-Peve,-0.010017518713170888
primary,Apul-Peve,-0.06551998725911769
primary,Apul-Peve,0.14537346711259755
primary,Apul-Peve,0.0695970695970696
primary,Apul-Peve,0.07609491957318044
primary,Apul-Peve,0.10966714444975315
primary,Apul-Peve,0.04564421086160217
primary,Apul-Peve,0.11168975951584648
primary,Apul-Peve,0.1701067048893136
primary,Apul-Peve,0.01922280617932792
primary,Apul-Peve,-0.08754578754578755
primary,Apul-Peve,-0.02573658225832139
primary,Apul-Peve,0.14425863991081384
primary,Apul-Peve,-0.0496098104793757
primary,Apul-Peve,-0.1373944895684026
primary,Apul-Peve,0.10248447204968944
primary,Apul-Peve,0.0773530817009078
primary,Apul-Peve,0.028332537028189202
primary,Apul-Peve,0.08998248128682912
primary,Apul-Peve,0.0886765408504539
primary,Apul-Peve,-0.13678929765886289
primary,Apul-Peve,0.1275521579869406
primary,Apul-Peve,0.03645484949832776
primary,Apul-Peve,0.04484790571747094
primary,Apul-Peve,0.03354037267080745
primary,Apul-Peve,0.12688326166587038
primary,Apul-Peve,0.09530179964962575
primary,Apul-Peve,0.19743589743589743
primary,Apul-Peve,-0.014429049211657908
primary,Apul-Peve,0.1131868131868132
primary,Apul-Peve,-0.058958432871476354
primary,Apul-Peve,-0.19321548017200194
primary,Apul-Peve,0.08974358974358976
primary,Apul-Ptuh,0.06314746066156902
primary,Apul-Ptuh,0.1265289225189217
primary,Apul-Ptuh,0.11009508880677468
primary,Apul-Ptuh,0.10584853020778325
primary,Apul-Ptuh,0.11045562968662956
primary,Apul-Ptuh,0.0825489416244311
primary,Apul-Ptuh,0.1265147149596878
primary,Apul-Ptuh,0.11379775585633957
primary,Apul-Ptuh,0.12904004123349413
primary,Apul-Ptuh,0.13864685396221202
primary,Apul-Ptuh,0.07623909119826497
primary,Apul-Ptuh,0.11321482239617264
primary,Apul-Ptuh,0.023207316454072747
primary,Apul-Ptuh,0.04539390255835982
primary,Apul-Ptuh,0.0794993987680506
primary,Apul-Ptuh,0.09550223134723142
primary,Apul-Ptuh,0.1499854488026464
primary,Apul-Ptuh,0.0833928475412038
primary,Apul-Ptuh,0.08614002735513444
primary,Apul-Ptuh,0.10849679614726417
primary,Apul-Ptuh,0.10792903281809499
primary,Apul-Ptuh,0.09165379242975426
primary,Apul-Ptuh,0.10616429224918542
primary,Apul-Ptuh,0.14991414148638293
primary,Apul-Ptuh,0.11631696017372803
primary,Apul-Ptuh,0.09898912831021932
primary,Apul-Ptuh,0.1039050208108978
primary,Apul-Ptuh,0.07534266736605848
primary,Apul-Ptuh,0.06991507171573547
primary,Apul-Ptuh,0.0799536556348306
primary,Apul-Ptuh,0.09234526548200907
primary,Apul-Ptuh,0.11660969749853972
primary,Apul-Ptuh,0.1394871021062822
primary,Apul-Ptuh,0.10902397745087086
primary,Apul-Ptuh,0.17277125508134414
primary,Apul-Ptuh,0.09766832583878167
primary,Apul-Ptuh,0.10252835067428825
primary,Apul-Ptuh,-0.007037034890858511
primary,Apul-Ptuh,0.09834185655335895
primary,Apul-Ptuh,0.059620713227559144
primary,Apul-Ptuh,0.0646867669233929
primary,Apul-Ptuh,0.08885059093916953
primary,Apul-Ptuh,0.06222435434006956
primary,Apul-Ptuh,0.10194745786626064
primary,Apul-Ptuh,0.10057548507985851
primary,Apul-Ptuh,0.07153157623301737
primary,Apul-Ptuh,0.053626586339924634
primary,Apul-Ptuh,0.127258051378577
primary,Apul-Ptuh,0.10704847216855616
primary,Apul-Ptuh,0.09149369749399638
primary,Apul-Ptuh,0.038350726459648155
primary,Apul-Ptuh,0.06677458507910963
primary,Apul-Ptuh,0.06412343142433727
primary,Apul-Ptuh,0.08268601184359849
primary,Apul-Ptuh,0.09015110239782594
primary,Apul-Ptuh,0.09066407614219874
primary,Apul-Ptuh,0.03600282141334835
primary,Apul-Ptuh,0.0776237314290789
primary,Apul-Ptuh,0.054274743662807726
primary,Apul-Ptuh,0.07041168174012337
primary,Apul-Ptuh,0.06895769783944415
primary,Apul-Ptuh,0.03961650832906609
primary,Apul-Ptuh,0.09486073502095393
primary,Apul-Ptuh,0.03048859430428191
primary,Apul-Ptuh,0.08134907666939928
primary,Apul-Ptuh,0.12350864184416122
primary,Apul-Ptuh,0.08921933293045213
primary,Apul-Ptuh,0.11101422933260723
primary,Apul-Ptuh,0.11024721364832814
primary,Apul-Ptuh,0.05660197266762076
primary,Apul-Ptuh,0.07082628065023416
primary,Apul-Ptuh,0.028605149385458568
primary,Apul-Ptuh,0.08085362173112795
primary,Apul-Ptuh,0.07470325019479084
primary,Apul-Ptuh,0.06813458347276986
primary,Apul-Ptuh,0.02194080303011431
primary,Apul-Ptuh,0.07955326428395375
primary,Apul-Ptuh,0.06081522628358415
primary,Apul-Ptuh,0.071301406072853707
primary,Apul-Ptuh,0.05702596627814639
primary,Apul-Ptuh,0.11249632032878988
primary,Apul-Ptuh,0.0879333755568646
primary,Apul-Ptuh,0.06681455105874327
primary,Apul-Ptuh,0.05098740707789414
primary,Apul-Ptuh,0.03768928564642441
primary,Apul-Ptuh,0.14156125174295275
primary,Apul-Ptuh,0.15320313369473026
primary,Apul-Ptuh,0.12101546546726633
primary,Apul-Ptuh,0.1503493779351099
primary,Apul-Ptuh,0.06817189275433538
primary,Apul-Ptuh,0.09463780340045416
primary,Apul-Ptuh,0.035031740515140304
primary,Apul-Ptuh,0.1305625217408865
primary,Apul-Ptuh,0.043145912461144104
primary,Apul-Ptuh,0.07421822953443927
primary,Apul-Ptuh,0.12759287234090272
primary,Apul-Ptuh,0.1312243475828158
primary,Apul-Ptuh,0.10096713627911995
primary,Apul-Ptuh,0.12283218491142193
primary,Apul-Ptuh,0.08157481899944939
primary,Apul-Ptuh,0.1416626683039884
primary,Apul-Ptuh,0.10884312946788513
primary,Apul-Ptuh,0.04407167548071171
primary,Apul-Ptuh,0.09784047217302251
primary,Apul-Ptuh,0.06988149721261357
primary,Apul-Ptuh,0.05770869917878575
primary,Apul-Ptuh,0.0716196708008418
primary,Apul-Ptuh,0.13524693498380252
primary,Apul-Ptuh,0.01436863599287997
primary,Apul-Ptuh,0.05827010953431375
primary,Apul-Ptuh,0.1296419566088435
primary,Apul-Ptuh,0.09973323478651959
primary,Apul-Ptuh,0.1749627229645886
primary,Apul-Ptuh,0.12455418729401806
primary,Apul-Ptuh,0.027252081508497804
primary,Apul-Ptuh,0.0388682050398756
primary,Apul-Ptuh,0.12077201181676199
primary,Apul-Ptuh,0.06148567676851722
primary,Apul-Ptuh,0.1480793641959381
primary,Apul-Ptuh,0.1325154258381868
primary,Apul-Ptuh,0.04712168037153884
primary,Apul-Ptuh,0.09142573992747098
primary,Apul-Ptuh,0.11029253152696859
primary,Apul-Ptuh,0.10993387728777079
primary,Apul-Ptuh,0.04412261477845284
primary,Apul-Ptuh,0.12769251776989293
primary,Apul-Ptuh,0.069475484442636
primary,Apul-Ptuh,0.10618346667872063
primary,Apul-Ptuh,0.07858137482546408
primary,Apul-Ptuh,0.05336345772256791
primary,Apul-Ptuh,0.1614141788630445
primary,Apul-Ptuh,0.10195997129919022
primary,Apul-Ptuh,0.14212651238553603
primary,Apul-Ptuh,0.1427457540526341
primary,Apul-Ptuh,0.09973523693578831
primary,Apul-Ptuh,0.10440944691800788
primary,Apul-Ptuh,0.08429523931834594
primary,Apul-Ptuh,0.09710999571289788
primary,Apul-Ptuh,0.1467759265191197
primary,Apul-Ptuh,0.09101564585321485
primary,Apul-Ptuh,0.11141627630691786
primary,Apul-Ptuh,0.11048585444001337
primary,Apul-Ptuh,0.13737760683444433
primary,Apul-Ptuh,0.0581831700526059
primary,Apul-Ptuh,0.12126742825216277
primary,Apul-Ptuh,0.07473185782761144
primary,Apul-Ptuh,0.12574038373000368
primary,Apul-Ptuh,0.09062357112237734
primary,Apul-Ptuh,0.15450888154378184
primary,Apul-Ptuh,0.044244091335046414
primary,Apul-Ptuh,0.09429197061715039
primary,Apul-Ptuh,0.09514176747311763
primary,Apul-Ptuh,0.07870084923278892
primary,Apul-Ptuh,0.1496299517988339
primary,Apul-Ptuh,0.06760278182469685
primary,Apul-Ptuh,0.07065063055477304
primary,Apul-Ptuh,0.0594675103056302
primary,Apul-Ptuh,0.13637048724939901
primary,Apul-Ptuh,0.08239712480584205
primary,Apul-Ptuh,0.07614764688070245
primary,Apul-Ptuh,0.12734672348945972
primary,Apul-Ptuh,0.17505586140845542
primary,Apul-Ptuh,0.08923296294662776
primary,Apul-Ptuh,0.09466336930650113
primary,Apul-Ptuh,0.11970613685125335
primary,Apul-Ptuh,0.09566794770208996
primary,Apul-Ptuh,0.08879464626825655
primary,Apul-Ptuh,0.07780669706994503
primary,Apul-Ptuh,0.09104517755492872
primary,Apul-Ptuh,0.1136494427989708
primary,Apul-Ptuh,0.0972805249265755
primary,Apul-Ptuh,0.11226780579205996
primary,Apul-Ptuh,0.08185538941716645
primary,Apul-Ptuh,0.10262360677603548
primary,Apul-Ptuh,0.1148272841120465
primary,Apul-Ptuh,0.14831450122640305
primary,Apul-Ptuh,0.12553081260558568
primary,Apul-Ptuh,0.02787682908608489
primary,Apul-Ptuh,0.058112748302365125
primary,Apul-Ptuh,0.07830527074073113
primary,Apul-Ptuh,0.13266462446157826
primary,Apul-Ptuh,0.13061684929123626
primary,Apul-Ptuh,0.057867562022685934
primary,Apul-Ptuh,0.10077354384598128
primary,Apul-Ptuh,0.013419463228016367
primary,Apul-Ptuh,0.1275044312472433
primary,Apul-Ptuh,0.06230351624192578
primary,Apul-Ptuh,0.11749957584275228
primary,Apul-Ptuh,0.10440613567114036
primary,Apul-Ptuh,0.03614686065208577
primary,Apul-Ptuh,0.03562953608334054
primary,Apul-Ptuh,0.06756092920440614
primary,Apul-Ptuh,0.06450106757871753
primary,Apul-Ptuh,0.06294193233855905
primary,Apul-Ptuh,0.049885108396842695
primary,Apul-Ptuh,0.07552597953275958
primary,Apul-Ptuh,0.06691188631550034
primary,Apul-Ptuh,0.06496179292775038
primary,Apul-Ptuh,0.02174913574050328
primary,Apul-Ptuh,0.08439218954639749
primary,Apul-Ptuh,0.14775786522682358
primary,Apul-Ptuh,0.1328597955124096
primary,Apul-Ptuh,0.19956574922475914
primary,Apul-Ptuh,0.10358282879011332
primary,Apul-Ptuh,0.1186337549006213
primary,Apul-Ptuh,0.025259673466010504
primary,Apul-Ptuh,0.12281597520291929
primary,Apul-Ptuh,0.07228157364851219
primary,Apul-Ptuh,0.10566556456691711
primary,Apul-Ptuh,0.12166262171551505
primary,Apul-Ptuh,0.08000359385793739
primary,Apul-Ptuh,0.08165644508502097
primary,Apul-Ptuh,0.07405998273646792
primary,Apul-Ptuh,0.014717818525921836
primary,Apul-Ptuh,0.09406865396794509
primary,Apul-Ptuh,0.14167610580581128
primary,Apul-Ptuh,0.07581652219394978
primary,Apul-Ptuh,0.11771526892358816
primary,Apul-Ptuh,0.07928270461258036
primary,Apul-Ptuh,0.14223747765846873
primary,Apul-Ptuh,0.06700887504642243
primary,Apul-Ptuh,0.055028013822299514
primary,Apul-Ptuh,0.09333890906236096
primary,Apul-Ptuh,0.13932681465617158
primary,Apul-Ptuh,0.1222280363695805
primary,Apul-Ptuh,0.0519497863273573
primary,Apul-Ptuh,0.04819344627624204
primary,Apul-Ptuh,0.10041673774457
primary,Apul-Ptuh,0.0525097335738043
primary,Apul-Ptuh,0.11123700694162478
primary,Apul-Ptuh,0.0645423041530794
primary,Apul-Ptuh,0.07210607756453327
primary,Apul-Ptuh,0.07561430511780734
primary,Apul-Ptuh,0.058099811337859436
primary,Apul-Ptuh,0.08932640941345901
primary,Apul-Ptuh,0.05034356207651294
primary,Apul-Ptuh,0.054575412578953264
primary,Apul-Ptuh,0.10005069095422607
primary,Apul-Ptuh,0.10957857279831104
primary,Apul-Ptuh,0.0826073119761889
primary,Apul-Ptuh,0.1626776505602293
primary,Apul-Ptuh,0.08544574359332929
primary,Apul-Ptuh,0.0929409433923289
primary,Apul-Ptuh,0.10028482691005666
primary,Apul-Ptuh,0.1731990604760545
primary,Apul-Ptuh,0.06641858753797995
primary,Apul-Ptuh,0.06931808470781683
primary,Apul-Ptuh,0.10112653816320785
primary,Apul-Ptuh,0.051906971135302765
primary,Apul-Ptuh,0.008920325798199642
primary,Apul-Ptuh,0.07819665414290213
primary,Apul-Ptuh,0.0762366270145496
primary,Apul-Ptuh,0.09173865275645227
primary,Apul-Ptuh,0.08449102641510611
primary,Apul-Ptuh,0.11257933251770136
primary,Apul-Ptuh,0.10739288034564952
primary,Apul-Ptuh,0.0451491398102567
primary,Apul-Ptuh,0.1814802193716451
primary,Apul-Ptuh,0.0982675075103218
primary,Apul-Ptuh,0.09442507504065084
primary,Apul-Ptuh,0.07397427534661775
primary,Apul-Ptuh,0.06735054951970652
primary,Apul-Ptuh,0.05564225011622573
primary,Apul-Ptuh,0.09675295859426328
primary,Apul-Ptuh,0.06529584383266505
primary,Apul-Ptuh,0.07686965270930551
primary,Apul-Ptuh,0.03905848622614672
primary,Apul-Ptuh,0.14037024244814805
primary,Apul-Ptuh,0.16654872916559138
primary,Apul-Ptuh,0.11081470745740346
primary,Apul-Ptuh,0.06259833272174732
primary,Apul-Ptuh,0.08211089446615376
primary,Apul-Ptuh,0.09655355222767117
primary,Apul-Ptuh,0.15584701030696818
primary,Apul-Ptuh,0.026006975680566632
primary,Apul-Ptuh,0.08413841712658507
primary,Apul-Ptuh,0.019729544671405818
primary,Apul-Ptuh,0.0969643008507267
primary,Apul-Ptuh,0.06139261533039149
primary,Apul-Ptuh,0.08257612465104128
primary,Apul-Ptuh,0.1530527799852222
primary,Apul-Ptuh,0.11307821421145187
primary,Apul-Ptuh,0.07032008341107865
primary,Apul-Ptuh,0.08286285552804676
primary,Apul-Ptuh,0.09350296979378575
primary,Apul-Ptuh,0.11424881698486371
primary,Apul-Ptuh,0.08028797605983916
primary,Apul-Ptuh,0.06921932484484931
primary,Apul-Ptuh,0.11338908638829386
primary,Apul-Ptuh,0.08866238890790824
primary,Apul-Ptuh,0.09435003294594377
primary,Apul-Ptuh,0.09379539909563303
primary,Apul-Ptuh,0.08456206421127573
primary,Apul-Ptuh,0.08238014503992834
primary,Apul-Ptuh,0.1389523742400472
primary,Apul-Ptuh,0.10789253209681107
primary,Apul-Ptuh,0.039308600873256654
primary,Apul-Ptuh,0.07650587758832418
primary,Apul-Ptuh,0.054365571934441394
primary,Apul-Ptuh,0.10023477317833823
primary,Apul-Ptuh,0.13949176095361907
primary,Apul-Ptuh,0.06662604100451756
primary,Apul-Ptuh,0.08426335894152837
primary,Apul-Ptuh,0.09277930834174894
primary,Apul-Ptuh,0.07290743780934529
primary,Apul-Ptuh,0.14399852195180524
primary,Apul-Ptuh,0.09925329650508097
primary,Apul-Ptuh,0.07125135234113528
primary,Apul-Ptuh,0.12579940863056088
primary,Apul-Ptuh,0.1157270576939911
primary,Apul-Ptuh,0.16423085635832266
primary,Apul-Ptuh,0.05899265440310453
primary,Apul-Ptuh,0.06992381186735092
primary,Apul-Ptuh,0.14732386086995425
primary,Apul-Ptuh,0.08013912396228266
primary,Apul-Ptuh,0.1497401855172261
primary,Apul-Ptuh,0.15395913755803128
primary,Apul-Ptuh,0.06660875321563942
primary,Apul-Ptuh,0.09687093138963655
primary,Apul-Ptuh,0.032538102103798774
primary,Apul-Ptuh,0.08555732491219084
primary,Apul-Ptuh,0.1630885916976376
primary,Apul-Ptuh,0.060462539989321995
primary,Apul-Ptuh,0.07008221267680445
primary,Apul-Ptuh,0.020099826777510526
primary,Apul-Ptuh,0.0894342174510064
primary,Apul-Ptuh,0.09154452128312587
primary,Apul-Ptuh,0.08036967915115185
primary,Apul-Ptuh,0.09405868172447196
primary,Apul-Ptuh,0.06995719385612005
primary,Apul-Ptuh,0.15463451641039508
primary,Apul-Ptuh,0.12628839508657938
primary,Apul-Ptuh,0.09415867367929716
primary,Apul-Ptuh,0.06462727998838907
primary,Apul-Ptuh,0.09030707752643467
primary,Apul-Ptuh,0.05401072947942829
primary,Apul-Ptuh,0.11200078838477742
primary,Apul-Ptuh,0.10512232756628996
primary,Apul-Ptuh,0.12386590998001912
primary,Apul-Ptuh,0.08556725865279341
primary,Apul-Ptuh,0.13365056746781964
primary,Apul-Ptuh,0.10808512345531536
primary,Apul-Ptuh,0.049983367722493025
primary,Apul-Ptuh,0.048527420175415614
primary,Apul-Ptuh,0.12186414573998754
primary,Apul-Ptuh,0.11792345394466626
primary,Apul-Ptuh,0.13056256024375706
primary,Apul-Ptuh,0.11222052426702134
primary,Apul-Ptuh,0.15769541761358863
primary,Apul-Ptuh,0.09725484351191689
primary,Apul-Ptuh,0.10688856974715108
primary,Apul-Ptuh,0.008547964537085088
primary,Apul-Ptuh,0.10826327623736243
primary,Apul-Ptuh,0.06988684911162038
primary,Apul-Ptuh,0.034363369185217076
primary,Apul-Ptuh,0.09855493143899724
primary,Apul-Ptuh,0.06722938098607739
primary,Apul-Ptuh,0.08454828018361789
primary,Apul-Ptuh,0.12065550213046972
primary,Apul-Ptuh,0.06899573867555014
primary,Apul-Ptuh,0.07566509040406626
primary,Apul-Ptuh,0.06000839863115365
primary,Apul-Ptuh,0.07921424650873778
primary,Apul-Ptuh,0.014020724054566345
primary,Apul-Ptuh,0.10868214896610455
primary,Apul-Ptuh,0.07283951874569045
primary,Apul-Ptuh,0.11084916752654807
primary,Apul-Ptuh,0.05672298718976769
primary,Apul-Ptuh,0.09660306691920187
primary,Apul-Ptuh,0.0926479750502939
primary,Apul-Ptuh,0.0692096606243406
primary,Apul-Ptuh,0.07762523304103044
primary,Apul-Ptuh,0.1279505640083367
primary,Apul-Ptuh,0.06767378111799592
primary,Apul-Ptuh,0.12419356940842206
primary,Apul-Ptuh,0.09841478099018564
primary,Apul-Ptuh,0.09821071577625666
primary,Apul-Ptuh,0.1509000844926243
primary,Apul-Ptuh,0.10128309083487488
primary,Apul-Ptuh,0.09980519665158247
primary,Apul-Ptuh,0.10034123361541628
primary,Apul-Ptuh,0.13227151015323585
primary,Apul-Ptuh,0.09411085311407079
primary,Apul-Ptuh,0.07375777370550028
primary,Apul-Ptuh,0.07949624153266528
primary,Apul-Ptuh,0.14827353417213504
primary,Apul-Ptuh,0.1225434518851477
primary,Apul-Ptuh,-0.006224046779139584
primary,Apul-Ptuh,0.12001165712908853
primary,Apul-Ptuh,0.17317037583749278
primary,Apul-Ptuh,0.11525316436322923
primary,Apul-Ptuh,0.017194438668479098
primary,Apul-Ptuh,0.07671375458643788
primary,Apul-Ptuh,0.02705610189738488
primary,Apul-Ptuh,0.11872389012058503
primary,Apul-Ptuh,0.09209611340666295
primary,Apul-Ptuh,0.1222294224729204
primary,Apul-Ptuh,0.07422516005113874
primary,Apul-Ptuh,0.04742385089963594
primary,Apul-Ptuh,0.14348108187444833
primary,Apul-Ptuh,0.05286265088528976
primary,Apul-Ptuh,0.08526104532328829
primary,Apul-Ptuh,0.13256186030007328
primary,Apul-Ptuh,0.10954599936982351
primary,Apul-Ptuh,0.10692938278993687
primary,Apul-Ptuh,0.09129721734556628
primary,Apul-Ptuh,0.13293907292287746
primary,Apul-Ptuh,0.042984431422046346
primary,Apul-Ptuh,0.08103577881171246
primary,Apul-Ptuh,0.1079898288506976
primary,Apul-Ptuh,0.07255987239686665
primary,Apul-Ptuh,0.11716498589764986
primary,Apul-Ptuh,0.09731756468804714
primary,Apul-Ptuh,0.08760298242465243
primary,Apul-Ptuh,0.09795771341385529
primary,Apul-Ptuh,0.11007837856095483
primary,Apul-Ptuh,0.18076414298510715
primary,Apul-Ptuh,0.0776515305016179
primary,Apul-Ptuh,0.0733368218217483
primary,Apul-Ptuh,0.103387657739282
primary,Apul-Ptuh,0.08234191168946957
primary,Apul-Ptuh,0.029558634471824073
primary,Apul-Ptuh,0.1242923292713896
primary,Apul-Ptuh,0.08271974035820259
primary,Apul-Ptuh,0.09955165524899334
primary,Apul-Ptuh,0.10687008836928581
primary,Apul-Ptuh,0.13559018807477927
primary,Apul-Ptuh,0.10187384037776398
primary,Apul-Ptuh,0.11135667386330236
primary,Apul-Ptuh,0.08648886336234134
primary,Apul-Ptuh,0.0714536849258894
primary,Apul-Ptuh,0.09884620565472793
primary,Apul-Ptuh,0.13182657098112957
primary,Apul-Ptuh,0.15476619622768512
primary,Apul-Ptuh,0.10990276696836425
primary,Apul-Ptuh,0.06935285279992587
primary,Apul-Ptuh,0.04456019990228356
primary,Apul-Ptuh,0.09981566943237279
primary,Apul-Ptuh,0.15190293025903825
primary,Apul-Ptuh,0.1158629728270419
primary,Apul-Ptuh,0.14419711975811572
primary,Apul-Ptuh,0.14512203571453117
primary,Apul-Ptuh,0.07314153526230534
primary,Apul-Ptuh,0.05812965106253773
primary,Apul-Ptuh,0.0768920998828377
primary,Apul-Ptuh,0.1640423848069675
primary,Apul-Ptuh,0.023403142053703457
primary,Apul-Ptuh,0.06401535386669602
primary,Apul-Ptuh,0.11784918190737022
primary,Apul-Ptuh,0.08861275870776589
primary,Apul-Ptuh,0.09549302916116933
primary,Apul-Ptuh,0.0582175531160094
primary,Apul-Ptuh,0.08824032044091022
primary,Apul-Ptuh,0.0900431788516669
primary,Apul-Ptuh,0.09161224783242797
primary,Apul-Ptuh,0.10286209355623852
primary,Apul-Ptuh,0.08280367661600735
primary,Apul-Ptuh,0.08268289311108372
primary,Apul-Ptuh,0.1131302315895685
primary,Apul-Ptuh,0.05783533512003337
primary,Apul-Ptuh,0.09647504487461434
primary,Apul-Ptuh,0.10409788168949595
primary,Apul-Ptuh,0.12394507188187535
primary,Apul-Ptuh,0.08320144977168664
primary,Apul-Ptuh,0.04690714237681955
primary,Apul-Ptuh,0.1285488986167247
primary,Apul-Ptuh,0.0932306004874964
primary,Apul-Ptuh,0.14340165045249825
primary,Apul-Ptuh,0.08496160849900043
primary,Apul-Ptuh,0.12450694427184997
primary,Apul-Ptuh,0.029647614605671214
primary,Apul-Ptuh,0.15725652339215912
primary,Apul-Ptuh,0.11999009552157903
primary,Apul-Ptuh,0.12447637299263117
primary,Apul-Ptuh,0.11347252210878142
primary,Apul-Ptuh,0.08414989098200974
primary,Apul-Ptuh,0.09048815652664373
primary,Apul-Ptuh,0.08660856878688948
primary,Apul-Ptuh,0.0877558388207464
primary,Apul-Ptuh,0.07678922021272104
primary,Apul-Ptuh,0.13117637300610718
primary,Apul-Ptuh,0.002470055403128039
primary,Apul-Ptuh,0.12376314581851414
primary,Apul-Ptuh,0.08185419582817934
primary,Apul-Ptuh,0.10774125431840978
primary,Apul-Ptuh,0.14698742278706534
primary,Apul-Ptuh,0.08463826139209939
primary,Apul-Ptuh,0.016459033840923735
primary,Apul-Ptuh,0.053014275189526054
primary,Apul-Ptuh,0.08409290673359184
primary,Apul-Ptuh,0.02991663416222249
primary,Apul-Ptuh,0.07265647609908321
primary,Apul-Ptuh,0.061221277556432266
primary,Apul-Ptuh,0.08623124065547363
primary,Apul-Ptuh,0.07650256634145666
primary,Apul-Ptuh,0.09827285940932862
primary,Apul-Ptuh,0.202796602098572
primary,Apul-Ptuh,0.137140352146099
primary,Apul-Ptuh,0.07816450424599068
primary,Apul-Ptuh,0.08165109318601417
primary,Apul-Ptuh,0.04799946881439786
primary,Apul-Ptuh,0.0465647748518655
primary,Apul-Ptuh,0.07632283494171695
primary,Apul-Ptuh,0.048837984329293184
primary,Apul-Ptuh,0.035419887953181434
primary,Apul-Ptuh,0.09772958390583092
primary,Apul-Ptuh,0.1359873836874003
primary,Apul-Ptuh,0.013254901959274397
primary,Apul-Ptuh,0.0972386723062848
primary,Apul-Ptuh,0.07960193191233227
primary,Apul-Ptuh,0.10498140706006731
primary,Apul-Ptuh,0.13070694600832944
primary,Apul-Ptuh,0.15895369142324878
primary,Apul-Ptuh,0.08886576107016726
primary,Apul-Ptuh,0.023526235730860236
primary,Apul-Ptuh,0.0989939411690384
primary,Apul-Ptuh,0.09138696753682447
primary,Apul-Ptuh,0.09162067996107899
primary,Apul-Ptuh,0.0468991337797446
primary,Apul-Ptuh,0.09754915945442126
primary,Apul-Ptuh,0.05978361887286736
primary,Apul-Ptuh,0.07686599493660301
primary,Apul-Ptuh,0.10575007836778015
primary,Apul-Ptuh,0.12762945006792772
primary,Apul-Ptuh,0.10759151665483056
primary,Apul-Ptuh,0.04942807932338289
primary,Apul-Ptuh,0.09113977910787655
primary,Apul-Ptuh,0.07664279379600937
primary,Apul-Ptuh,0.1241867929032048
primary,Apul-Ptuh,0.13670919700165055
primary,Apul-Ptuh,0.10577375763317001
primary,Apul-Ptuh,0.04595030754071597
primary,Apul-Ptuh,0.0814566151868528
primary,Apul-Ptuh,0.10521438792978131
primary,Apul-Ptuh,0.16570678689521687
primary,Apul-Ptuh,0.07477917785552064
primary,Apul-Ptuh,0.12187142278252198
primary,Apul-Ptuh,0.05445166435299709
primary,Apul-Ptuh,0.0645401094894579
primary,Apul-Ptuh,0.06721917772538094
primary,Apul-Ptuh,0.12596266080170407
primary,Apul-Ptuh,0.10679069545020627
primary,Apul-Ptuh,0.14301889341633447
primary,Apul-Ptuh,0.07078596814476557
primary,Apul-Ptuh,0.0912725755084126
primary,Apul-Ptuh,0.0780070275054304
primary,Apul-Ptuh,0.040881789661166845
primary,Apul-Ptuh,0.1164099061032421
primary,Apul-Ptuh,0.14268946285588613
primary,Apul-Ptuh,0.09845351487796158
primary,Apul-Ptuh,0.12684395300578338
primary,Apul-Ptuh,0.08280340709591348
primary,Apul-Ptuh,0.13461918418231233
primary,Apul-Ptuh,0.1254410624143275
primary,Apul-Ptuh,0.10831425403797411
primary,Apul-Ptuh,0.1019340588673083
primary,Apul-Ptuh,0.1296713728019457
primary,Apul-Ptuh,0.0698190455565772
primary,Apul-Ptuh,0.10616494679798481
primary,Apul-Ptuh,0.16799790020745153
primary,Apul-Ptuh,0.08925306144505624
primary,Apul-Ptuh,0.07534536256699716
primary,Apul-Ptuh,0.1595099038912522
primary,Apul-Ptuh,0.09050425072653473
primary,Apul-Ptuh,0.12881572350965448
primary,Apul-Ptuh,0.08395833920101038
primary,Apul-Ptuh,0.06420270883480514
primary,Apul-Ptuh,0.07165813516852389
primary,Apul-Ptuh,0.05559485308257543
primary,Apul-Ptuh,0.07558754562277324
primary,Apul-Ptuh,0.1127002700341072
primary,Apul-Ptuh,0.12750943662041517
primary,Apul-Ptuh,0.08864460058171292
primary,Apul-Ptuh,0.06142199302062316
primary,Apul-Ptuh,0.11054457131760616
primary,Apul-Ptuh,0.056161384319886924
primary,Apul-Ptuh,0.15470659378406965
primary,Apul-Ptuh,0.0881236952460063
primary,Apul-Ptuh,0.05364537574075432
primary,Apul-Ptuh,0.06656874873313523
primary,Apul-Ptuh,0.09782202929802779
primary,Apul-Ptuh,0.07505739959813398
primary,Apul-Ptuh,0.073518362856404
primary,Apul-Ptuh,0.11649515145864563
primary,Apul-Ptuh,0.08607645911585203
primary,Apul-Ptuh,0.057396825927309394
primary,Apul-Ptuh,0.045220331617908525
primary,Apul-Ptuh,0.04163167156805
primary,Apul-Ptuh,0.07156322559261165
primary,Apul-Ptuh,0.1238568233025687
primary,Apul-Ptuh,0.09891339316384228
primary,Apul-Ptuh,0.05365923677415327
primary,Apul-Ptuh,0.09134742508876692
primary,Apul-Ptuh,0.14556789895553068
primary,Apul-Ptuh,0.08649113503170394
primary,Apul-Ptuh,0.11078017038251774
primary,Apul-Ptuh,0.07600329961900062
primary,Apul-Ptuh,0.12735149784540825
primary,Apul-Ptuh,0.11836211714887244
primary,Apul-Ptuh,0.13491496323389768
primary,Apul-Ptuh,0.09698335977165025
primary,Apul-Ptuh,0.1043774125297081
primary,Apul-Ptuh,0.13097989285767708
primary,Apul-Ptuh,0.1409060868976291
primary,Apul-Ptuh,0.109686419338729
primary,Apul-Ptuh,0.05390611718013678
primary,Apul-Ptuh,0.09130973077849588
primary,Apul-Ptuh,0.10867417887190016
primary,Apul-Ptuh,0.027268137205518253
primary,Apul-Ptuh,0.07306618514463382
primary,Apul-Ptuh,0.1096273944381718
primary,Apul-Ptuh,0.07131268741392563
primary,Apul-Ptuh,0.027696327628934127
primary,Apul-Ptuh,0.06040420814043475
primary,Apul-Ptuh,0.08010990028353321
primary,Apul-Ptuh,0.08931070024227354
primary,Apul-Ptuh,0.16709916620301188
primary,Apul-Ptuh,0.06315346710937524
primary,Apul-Ptuh,0.10597181639929279
primary,Apul-Ptuh,0.1411911621512008
primary,Apul-Ptuh,0.002411800559981899
primary,Apul-Ptuh,0.08937638613943634
primary,Apul-Ptuh,0.12215696007054033
primary,Apul-Ptuh,0.14377751547483308
primary,Apul-Ptuh,0.04631381314160341
primary,Apul-Ptuh,0.08545463775642695
primary,Apul-Ptuh,0.09397416792360891
primary,Apul-Ptuh,0.12425582855010568
primary,Apul-Ptuh,0.07913173485714348
primary,Apul-Ptuh,0.10640497369300995
primary,Apul-Ptuh,0.05019132172634782
primary,Apul-Ptuh,0.030721921699830887
primary,Apul-Ptuh,0.11153301701043346
primary,Apul-Ptuh,0.09883011145483693
primary,Apul-Ptuh,0.04940740328189613
primary,Apul-Ptuh,0.05066240434755933
primary,Apul-Ptuh,0.12458121630914602
primary,Apul-Ptuh,0.07722980856045487
primary,Apul-Ptuh,0.08736796090279914
primary,Apul-Ptuh,0.0376497817012374
primary,Apul-Ptuh,0.06253896129535516
primary,Apul-Ptuh,0.06179277566404505
primary,Apul-Ptuh,0.13792122886377703
primary,Apul-Ptuh,0.1444120812844111
primary,Apul-Ptuh,0.10732696343126338
primary,Apul-Ptuh,0.11611096981627142
primary,Apul-Ptuh,0.1268779125376108
primary,Apul-Ptuh,0.07471318393539342
primary,Apul-Ptuh,0.10437094404745524
primary,Apul-Ptuh,0.05631812950590672
primary,Apul-Ptuh,0.08018963972844773
primary,Apul-Ptuh,0.08129782934869371
primary,Apul-Ptuh,0.03865120286144093
primary,Apul-Ptuh,0.13454033030342052
primary,Apul-Ptuh,0.12660130791556068
primary,Apul-Ptuh,0.14156352341231535
primary,Apul-Ptuh,0.09032328723493734
primary,Apul-Ptuh,0.13288324376057614
primary,Apul-Ptuh,0.1405682242085297
primary,Apul-Ptuh,0.10948327819369326
primary,Apul-Ptuh,0.06732151835530985
primary,Apul-Ptuh,0.07369278086000743
primary,Apul-Ptuh,0.08818429876425614
primary,Apul-Ptuh,0.09467099287487053
primary,Apul-Ptuh,0.07062818338124086
primary,Apul-Ptuh,0.10685753643348565
primary,Apul-Ptuh,0.09712062250517041
primary,Apul-Ptuh,0.11520961761663419
primary,Apul-Ptuh,0.15096061100513303
primary,Apul-Ptuh,0.0744464745510753
primary,Apul-Ptuh,0.07407530687894788
primary,Apul-Ptuh,0.12155600726695479
primary,Apul-Ptuh,0.05548230919195008
primary,Apul-Ptuh,0.10713271644932533
primary,Apul-Ptuh,0.018275021730538854
primary,Apul-Ptuh,0.05231483204306685
primary,Apul-Ptuh,0.07791758533713662
primary,Apul-Ptuh,0.10745718013947242
primary,Apul-Ptuh,0.03927032901992734
primary,Apul-Ptuh,0.06905899889186813
primary,Apul-Ptuh,0.06302036268587477
primary,Apul-Ptuh,0.0797090468982097
primary,Apul-Ptuh,0.07204755320129326
primary,Apul-Ptuh,0.083180504210106
primary,Apul-Ptuh,0.08623917224680748
primary,Apul-Ptuh,0.08099758396412426
primary,Apul-Ptuh,0.1219339129414289
primary,Apul-Ptuh,0.09220800274848891
primary,Apul-Ptuh,0.1256584496214677
primary,Apul-Ptuh,0.0841111570942338
primary,Apul-Ptuh,0.063070262406111
primary,Apul-Ptuh,0.15050535306371865
primary,Apul-Ptuh,0.1256405842895313
primary,Apul-Ptuh,0.17297066144793624
primary,Apul-Ptuh,0.10431958121813803
primary,Apul-Ptuh,0.06398763179989812
primary,Apul-Ptuh,0.11924491096490332
primary,Apul-Ptuh,0.13257075446317093
primary,Apul-Ptuh,0.06508708126852866
primary,Apul-Ptuh,0.094119785780039
primary,Apul-Ptuh,0.09832610887930292
primary,Apul-Ptuh,0.03918716281953364
primary,Apul-Ptuh,0.12456600767527772
primary,Apul-Ptuh,0.030194971413447503
primary,Apul-Ptuh,0.10721003021339504
primary,Apul-Ptuh,0.11467539028771635
primary,Apul-Ptuh,0.11129576232208811
primary,Apul-Ptuh,0.11199863222402649
primary,Apul-Ptuh,0.013554377286432807
primary,Apul-Ptuh,0.0938615085243719
primary,Apul-Ptuh,0.14493306362585884
primary,Apul-Ptuh,0.05908694793308794
primary,Apul-Ptuh,0.11203116714964347
primary,Apul-Ptuh,0.10393054821407419
primary,Apul-Ptuh,0.1374003235280704
primary,Apul-Ptuh,0.10202762084275122
primary,Apul-Ptuh,0.05620392999184759
primary,Apul-Ptuh,0.0958013216456843
primary,Apul-Ptuh,0.02658605885367829
primary,Apul-Ptuh,0.06777889395460461
primary,Apul-Ptuh,0.08395163970153421
primary,Apul-Ptuh,0.05731708648239488
primary,Apul-Ptuh,0.1235019808475556
primary,Apul-Ptuh,0.10418104788988965
primary,Apul-Ptuh,0.0653393905792601
primary,Apul-Ptuh,0.06380539771357249
primary,Apul-Ptuh,0.11577503227069968
primary,Apul-Ptuh,0.04770534538624626
primary,Apul-Ptuh,0.09492796103293884
primary,Apul-Ptuh,0.13795865365395418
primary,Apul-Ptuh,0.08556090567915224
primary,Apul-Ptuh,0.05971820249579842
primary,Apul-Ptuh,0.08991600387023155
primary,Apul-Ptuh,0.030312328162891936
primary,Apul-Ptuh,0.030475657339776224
primary,Apul-Ptuh,0.12471639988765633
primary,Apul-Ptuh,0.07038118746664569
primary,Apul-Ptuh,0.1251892151380427
primary,Apul-Ptuh,0.08595864033196098
primary,Apul-Ptuh,0.10156088904591215
primary,Apul-Ptuh,0.13737217792969642
primary,Apul-Ptuh,0.09219194705146846
primary,Apul-Ptuh,0.11138574353056961
primary,Apul-Ptuh,0.11131578381477548
primary,Apul-Ptuh,0.13532729047464587
primary,Apul-Ptuh,0.017547741008670098
primary,Apul-Ptuh,0.08301432582080083
primary,Apul-Ptuh,0.08261404997853561
primary,Apul-Ptuh,0.15369100356750273
primary,Apul-Ptuh,0.08105160349150961
primary,Apul-Ptuh,0.043506876872575075
primary,Apul-Ptuh,0.024751666591939014
primary,Apul-Ptuh,0.04249413586842907
primary,Apul-Ptuh,0.01855370550759884
primary,Apul-Ptuh,0.08352341077524779
primary,Apul-Ptuh,0.10848828701287203
primary,Apul-Ptuh,0.054576452156458184
primary,Apul-Ptuh,0.11157001826903454
primary,Apul-Ptuh,0.076270933072212
primary,Apul-Ptuh,0.09670852628164553
primary,Apul-Ptuh,0.09441710494644645
primary,Apul-Ptuh,0.03877583665341982
primary,Apul-Ptuh,0.0578262869454535
primary,Apul-Ptuh,0.06387331677722734
primary,Apul-Ptuh,0.08429835805086072
primary,Apul-Ptuh,0.09726512377835446
primary,Apul-Ptuh,0.09872315048044171
primary,Apul-Ptuh,0.06516416401537505
primary,Apul-Ptuh,0.05824762385791101
primary,Apul-Ptuh,0.14831473224362637
primary,Apul-Ptuh,0.15033859713135517
primary,Apul-Ptuh,0.11825704281513429
primary,Apul-Ptuh,0.14092144954297958
primary,Apul-Ptuh,0.03323307891727387
primary,Apul-Ptuh,0.1151554825806372
primary,Apul-Ptuh,0.09108976387902867
primary,Apul-Ptuh,0.11927829295367244
primary,Apul-Ptuh,0.1343882439647376
primary,Apul-Ptuh,0.07917712974152502
primary,Apul-Ptuh,0.05848210633957657
primary,Apul-Ptuh,0.09489554161593353
primary,Apul-Ptuh,0.07587985941600887
primary,Apul-Ptuh,0.07069883614870494
primary,Apul-Ptuh,0.06580800901675624
primary,Apul-Ptuh,0.09627402138745902
primary,Apul-Ptuh,0.05029970730695349
primary,Apul-Ptuh,0.07070592067688662
primary,Apul-Ptuh,0.1123457356020585
primary,Apul-Ptuh,0.05907770724415531
primary,Apul-Ptuh,0.08676354284086385
primary,Apul-Ptuh,0.1196791848418665
primary,Apul-Ptuh,0.1038270524980287
primary,Apul-Ptuh,0.10292824148784795
primary,Apul-Ptuh,0.07889159245350667
primary,Apul-Ptuh,0.09664045320650848
primary,Apul-Ptuh,0.07380420816738675
primary,Apul-Ptuh,0.07184090829503727
primary,Apul-Ptuh,0.014248969071202378
primary,Apul-Ptuh,0.04362704433156986
primary,Apul-Ptuh,0.1146266456535967
primary,Apul-Ptuh,0.04483191465977352
primary,Apul-Ptuh,0.06532814774105872
primary,Apul-Ptuh,0.11955247189487776
primary,Apul-Ptuh,0.12086584331229877
primary,Apul-Ptuh,0.0914243538241311
primary,Apul-Ptuh,0.038350341430942625
primary,Apul-Ptuh,0.11402037945387489
primary,Apul-Ptuh,0.08023106881716237
primary,Apul-Ptuh,0.10585684682782262
primary,Apul-Ptuh,0.07909954645736146
primary,Apul-Ptuh,0.12285470909069522
primary,Apul-Ptuh,0.061930769952105696
primary,Apul-Ptuh,0.1458652566248087
primary,Apul-Ptuh,0.07391771462977594
primary,Apul-Ptuh,0.09701370003364573
primary,Apul-Ptuh,0.0628536837592524
primary,Apul-Ptuh,0.041125589837506145
primary,Apul-Ptuh,0.08967555344363032
primary,Apul-Ptuh,0.12215368732654337
primary,Apul-Ptuh,0.12480149123157766
primary,Apul-Ptuh,0.11071286736479174
primary,Apul-Ptuh,0.08072036329614526
primary,Apul-Ptuh,0.1115729829900671
primary,Apul-Ptuh,0.07259687365546773
primary,Apul-Ptuh,0.07926087348497701
primary,Apul-Ptuh,0.04656627646381705
primary,Apul-Ptuh,0.04206921818901017
primary,Apul-Ptuh,0.06557910945132081
primary,Apul-Ptuh,0.04171641638613636
primary,Apul-Ptuh,0.13380646559068726
primary,Apul-Ptuh,0.09699668176486147
primary,Apul-Ptuh,0.05354311211656652
primary,Apul-Ptuh,0.1185031146608362
primary,Apul-Ptuh,0.09691967602375619
primary,Apul-Ptuh,0.11052354875028442
primary,Apul-Ptuh,0.1604393246835223
primary,Apul-Ptuh,0.11949252292542731
primary,Apul-Ptuh,0.11669163160707574
primary,Apul-Ptuh,0.09573047636386744
primary,Apul-Ptuh,0.09153974692717735
primary,Apul-Ptuh,0.1162911247475872
primary,Apul-Ptuh,0.13137069699378637
primary,Apul-Ptuh,0.06065644044542508
primary,Apul-Ptuh,0.10116789024618139
primary,Apul-Ptuh,0.07346118609363332
primary,Apul-Ptuh,0.028425340979977756
primary,Apul-Ptuh,0.09225624684529136
primary,Apul-Ptuh,0.15251539542091908
primary,Apul-Ptuh,0.04940697975032005
primary,Apul-Ptuh,0.0397852664106983
primary,Apul-Ptuh,0.07106418988737892
primary,Apul-Ptuh,0.047032969757785564
primary,Apul-Ptuh,0.06281822261547343
primary,Apul-Ptuh,0.04933470986229275
primary,Apul-Ptuh,0.08820998017891475
primary,Apul-Ptuh,0.04802595878933807
primary,Apul-Ptuh,0.07520836935357088
primary,Apul-Ptuh,0.08763028095987425
primary,Apul-Ptuh,0.12814993187205828
primary,Apul-Ptuh,0.17567903036834984
primary,Apul-Ptuh,0.09216410947605891
primary,Apul-Ptuh,0.09078616874472113
primary,Apul-Ptuh,0.11286702596647065
primary,Apul-Ptuh,0.04274013070838987
primary,Apul-Ptuh,0.10606915165604985
primary,Apul-Ptuh,0.08802635998924922
primary,Apul-Ptuh,0.09994823481568552
primary,Apul-Ptuh,0.07337193643969231
primary,Apul-Ptuh,0.10332859433585427
primary,Apul-Ptuh,0.06788943569596123
primary,Apul-Ptuh,0.08498032089408901
primary,Apul-Ptuh,0.1554444242924698
primary,Apul-Ptuh,0.0956996355645548
primary,Apul-Ptuh,0.11573683742311146
primary,Apul-Ptuh,0.11441360927082897
primary,Apul-Ptuh,0.08369136029659839
primary,Apul-Ptuh,0.029479087541262324
primary,Apul-Ptuh,0.10308321554182232
primary,Apul-Ptuh,0.10064883304826129
primary,Apul-Ptuh,0.04366905096334278
primary,Apul-Ptuh,0.07288495213294255
primary,Apul-Ptuh,0.056961358461359066
primary,Apul-Ptuh,0.10907757344668013
primary,Apul-Ptuh,0.1271561727830947
primary,Apul-Ptuh,0.02156351340156902
primary,Apul-Ptuh,0.048354311269410956
primary,Apul-Ptuh,0.10723921538927395
primary,Apul-Ptuh,0.10351687337285666
primary,Apul-Ptuh,0.0737434506376547
primary,Apul-Ptuh,0.179709587863541
primary,Apul-Ptuh,0.11137222902300564
primary,Apul-Ptuh,0.08703749076484585
primary,Apul-Ptuh,0.030031950259527637
primary,Apul-Ptuh,0.11375290001214572
primary,Apul-Ptuh,0.14689697954413716
primary,Apul-Ptuh,0.07120210716969845
primary,Apul-Ptuh,0.08972637723275981
primary,Apul-Ptuh,0.12251307312028167
primary,Apul-Ptuh,0.07980156929614769
primary,Apul-Ptuh,0.08309083102458892
primary,Apul-Ptuh,0.07313048493845672
primary,Apul-Ptuh,0.10851158124955639
primary,Apul-Ptuh,0.14416554740426257
primary,Apul-Ptuh,0.1034750592554365
primary,Apul-Ptuh,0.02476006021771949
primary,Apul-Ptuh,0.03287985358282398
primary,Apul-Ptuh,0.0895241216537468
primary,Apul-Ptuh,0.11027532074383158
primary,Apul-Ptuh,0.09699217692900682
primary,Apul-Ptuh,0.05484250699197691
primary,Apul-Ptuh,0.0426836855001597
primary,Apul-Ptuh,0.07382738689545945
primary,Apul-Ptuh,0.1740323010976841
primary,Apul-Ptuh,0.1517968933535363
primary,Apul-Ptuh,0.16992843413696077
primary,Apul-Ptuh,0.06246792349918554
primary,Apul-Ptuh,0.09416456461849171
primary,Apul-Ptuh,0.1306857694295255
primary,Apul-Ptuh,0.13348716128519425
primary,Apul-Ptuh,0.07258582333161913
primary,Apul-Ptuh,0.09230533800524597
primary,Apul-Ptuh,0.06260260654037866
primary,Apul-Ptuh,0.14099306488220748
primary,Apul-Ptuh,0.10822092307975452
primary,Apul-Ptuh,0.07452563645293152
primary,Apul-Ptuh,0.11658401608388112
primary,Apul-Ptuh,0.05809187974652559
primary,Apul-Ptuh,0.08726415716378923
primary,Apul-Ptuh,6.555113711586433e-5
primary,Apul-Ptuh,0.10121682739465379
primary,Apul-Ptuh,0.09383378645757401
primary,Apul-Ptuh,0.04427196741332653
primary,Apul-Ptuh,0.057002133001274304
primary,Apul-Ptuh,0.041926834573706516
primary,Apul-Ptuh,0.12021333516504323
primary,Apul-Ptuh,0.0844983419605111
primary,Apul-Ptuh,0.10363500017971214
primary,Apul-Ptuh,0.04735154250873808
primary,Apul-Ptuh,0.10021729287510733
primary,Apul-Ptuh,0.07011336149908154
primary,Apul-Ptuh,0.08036340318325177
primary,Apul-Ptuh,0.16359475043392255
primary,Apul-Ptuh,0.11383910793931308
primary,Apul-Ptuh,0.09635056509411766
primary,Apul-Ptuh,0.03279121997481181
primary,Apul-Ptuh,0.13918547061837286
primary,Apul-Ptuh,0.12893735407773024
primary,Apul-Ptuh,0.11970490475939566
primary,Apul-Ptuh,0.14160445196371282
primary,Apul-Ptuh,0.08334329434680256
primary,Apul-Ptuh,0.07867913361379723
primary,Apul-Ptuh,0.1070514753924593
primary,Apul-Ptuh,0.14506043112164696
primary,Apul-Ptuh,0.06447011127079322
primary,Apul-Ptuh,0.01459083605883924
primary,Apul-Ptuh,0.022158613768830576
primary,Apul-Ptuh,0.08827166177754008
primary,Apul-Ptuh,0.05142965104906173
primary,Apul-Ptuh,0.04774719800653698
primary,Apul-Ptuh,0.0946937095684966
primary,Apul-Ptuh,0.07282627375822034
primary,Apul-Ptuh,0.10440190035537956
primary,Apul-Ptuh,0.07521087204015679
primary,Apul-Ptuh,0.09563187051238214
primary,Apul-Ptuh,0.059267526395979805
primary,Apul-Ptuh,0.10181539302026509
primary,Apul-Ptuh,0.05344392872202292
primary,Apul-Ptuh,0.1542920333768294
primary,Apul-Ptuh,0.06498651177064518
primary,Apul-Ptuh,0.10586466291054479
primary,Apul-Ptuh,0.1128922068438121
primary,Apul-Ptuh,0.1325352548165214
primary,Apul-Ptuh,0.1522347479974609
primary,Apul-Ptuh,0.10018595153847748
primary,Apul-Ptuh,0.10190783841246195
primary,Apul-Ptuh,0.12847847686648395
primary,Apul-Ptuh,0.16842759224281897
primary,Apul-Ptuh,0.02856560693740101
primary,Apul-Ptuh,0.08797684529771853
primary,Apul-Ptuh,0.0055134763030906695
primary,Apul-Ptuh,0.029251150547590712
primary,Apul-Ptuh,0.07707937784520572
primary,Apul-Ptuh,0.04595153963257365
primary,Apul-Ptuh,0.11364728663821985
primary,Apul-Ptuh,0.10151969097442083
primary,Apul-Ptuh,0.05295417220859338
primary,Apul-Ptuh,0.11358402642190185
primary,Apul-Ptuh,0.06732648522561113
primary,Apul-Ptuh,0.07453880443466052
primary,Apul-Ptuh,0.09841655212223106
primary,Apul-Ptuh,0.06025135174434079
primary,Apul-Ptuh,0.05062255387653735
primary,Apul-Ptuh,0.11696896778366639
primary,Apul-Ptuh,0.061679654230361404
primary,Apul-Ptuh,0.06466331867522634
primary,Apul-Ptuh,0.137692983847141
primary,Apul-Ptuh,0.07073614543027044
primary,Apul-Ptuh,0.054171209443891685
primary,Apul-Ptuh,0.14566569624673442
primary,Apul-Ptuh,0.08532053225829211
primary,Apul-Ptuh,0.08565658531247552
primary,Apul-Ptuh,0.10900260835771416
primary,Apul-Ptuh,0.12897012002057054
primary,Apul-Ptuh,0.12694502304098407
primary,Apul-Ptuh,0.03406450990398751
primary,Apul-Ptuh,0.013817159377954554
primary,Apul-Ptuh,0.10929357455048044
primary,Apul-Ptuh,0.09447447422356989
primary,Apul-Ptuh,0.10374296222874174
primary,Apul-Ptuh,0.10707022629041842
primary,Apul-Ptuh,0.10373064131016489
primary,Apul-Ptuh,0.035688907509732706
primary,Apul-Ptuh,0.10934693952906638
primary,Apul-Ptuh,0.07541593832872015
primary,Apul-Ptuh,0.12294395874463625
primary,Apul-Ptuh,0.0666978873609688
primary,Apul-Ptuh,0.045650601196334246
primary,Apul-Ptuh,0.06632841381514569
primary,Apul-Ptuh,0.14872116854518
primary,Apul-Ptuh,0.09585738182520893
primary,Apul-Ptuh,0.07315331714069444
primary,Apul-Ptuh,0.09671784397631927
primary,Apul-Ptuh,-0.006057329349646666
primary,Apul-Ptuh,0.14737541621362424
primary,Apul-Ptuh,0.05211557968795695
primary,Apul-Ptuh,0.12484030212509471
primary,Apul-Ptuh,0.03989788730706476
primary,Apul-Ptuh,0.15130829192622333
primary,Apul-Ptuh,0.13363732248034954
primary,Apul-Ptuh,0.12038879274615161
primary,Apul-Ptuh,0.07645024094037563
primary,Apul-Ptuh,0.1625691879738825
primary,Apul-Ptuh,0.044208476179785225
primary,Apul-Ptuh,0.06723781311472841
primary,Apul-Ptuh,0.06673184689279621
primary,Apul-Ptuh,0.07990702865859137
primary,Apul-Ptuh,0.057277852057301744
primary,Apul-Ptuh,0.11751112670391807
primary,Apul-Ptuh,0.10664561663396394
primary,Apul-Ptuh,0.13505515218557984
primary,Apul-Ptuh,0.15169166500831593
primary,Apul-Ptuh,0.10373075681877655
primary,Apul-Ptuh,0.10778141281239616
primary,Apul-Ptuh,0.08138831109449242
primary,Apul-Ptuh,0.09687836244365321
primary,Apul-Ptuh,0.13395135189257684
primary,Apul-Ptuh,0.06404796579805411
primary,Apul-Ptuh,0.10880797634707058
primary,Apul-Ptuh,0.16187736839579273
primary,Apul-Ptuh,0.133434681872631
primary,Apul-Ptuh,0.07369674665567436
primary,Apul-Ptuh,0.05900281916093043
primary,Apul-Ptuh,0.051492025699357
primary,Apul-Ptuh,0.10857299332808783
primary,Apul-Ptuh,0.12522363670431674
primary,Apul-Ptuh,0.05259551796939557
primary,Apul-Ptuh,0.026393120969339028
primary,Apul-Ptuh,0.04204338276286935
primary,Apul-Ptuh,0.14608272083769003
primary,Apul-Ptuh,0.08834254556222748
primary,Apul-Ptuh,0.08293716606821334
primary,Apul-Ptuh,0.018963299044537793
primary,Apul-Ptuh,0.08976010574736391
primary,Apul-Ptuh,0.16421021881970646
primary,Apul-Ptuh,0.05053353523981965
primary,Apul-Ptuh,0.12844455583752704
primary,Apul-Ptuh,0.09856598176284585
primary,Apul-Ptuh,0.11386598294295883
primary,Apul-Ptuh,0.0496215562479099
primary,Apul-Ptuh,0.06819861374649891
primary,Apul-Ptuh,0.06005055927440879
primary,Apul-Ptuh,0.03281170350194581
primary,Apul-Ptuh,0.14690641274742258
primary,Apul-Ptuh,0.04565037017911092
primary,Apul-Ptuh,0.06394477810497304
primary,Apul-Ptuh,0.07865734098906443
primary,Apul-Ptuh,0.10583578575763032
primary,Apul-Ptuh,0.07080464203698358
primary,Apul-Ptuh,0.09255368152031049
primary,Apul-Ptuh,0.05006884409511988
primary,Apul-Ptuh,0.09254682800935211
primary,Apul-Ptuh,0.05997621023137164
primary,Apul-Ptuh,0.1647658922475221
primary,Apul-Ptuh,0.11274924568545014
primary,Apul-Ptuh,0.06542059313325561
primary,Apul-Ptuh,-0.0015460635156058584
primary,Apul-Ptuh,0.053520549434422665
primary,Apul-Ptuh,0.1568868958348538
primary,Apul-Ptuh,0.153612226694352
primary,Apul-Ptuh,0.10684047966183083
primary,Apul-Ptuh,0.08815750076635151
primary,Apul-Ptuh,0.06344312420454273
primary,Apul-Ptuh,0.09806964125855179
primary,Apul-Ptuh,0.04982284925515908
primary,Apul-Ptuh,0.023182751622660164
primary,Apul-Ptuh,0.043311513307391
primary,Apul-Ptuh,0.08752574566632383
primary,Apul-Ptuh,0.16577713163971655
primary,Apul-Ptuh,0.15116355963581599
primary,Apul-Ptuh,0.04680695790764159
primary,Apul-Ptuh,0.09979976774683454
primary,Apul-Ptuh,0.0684607027863507
primary,Apul-Ptuh,0.09336085569857597
primary,Apul-Ptuh,0.12114429607213545
primary,Apul-Ptuh,0.08982055525413155
primary,Apul-Ptuh,0.05100950772559135
primary,Apul-Ptuh,0.06166991300411158
primary,Apul-Ptuh,0.024530929635060744
primary,Apul-Ptuh,0.07798708301848413
primary,Apul-Ptuh,0.1206204645182668
primary,Apul-Ptuh,0.1336243470129733
primary,Apul-Ptuh,0.11681160655171777
primary,Apul-Ptuh,0.12702572505766238
primary,Apul-Ptuh,0.04962398192875471
primary,Apul-Ptuh,0.14423281191911802
primary,Apul-Ptuh,0.10651489938843774
primary,Apul-Ptuh,0.17615427129958106
primary,Apul-Ptuh,0.12526568183896025
primary,Apul-Ptuh,0.009833536881967081
primary,Apul-Ptuh,0.10599622721922317
primary,Apul-Ptuh,0.08937095723468842
primary,Apul-Ptuh,0.031375584933203006
primary,Apul-Ptuh,0.09975441136532354
primary,Apul-Ptuh,0.0954120191215266
primary,Apul-Ptuh,0.08811102780159448
primary,Apul-Ptuh,0.03836516503610539
primary,Apul-Ptuh,0.06909677020788027
primary,Apul-Ptuh,0.09315860011956296
primary,Apul-Ptuh,0.07562381532683383
primary,Apul-Ptuh,0.04397761296795162
primary,Apul-Ptuh,0.06989920853306777
primary,Apul-Ptuh,0.08346777412729924
primary,Apul-Ptuh,0.10164890660799548
primary,Apul-Ptuh,0.06471337240694477
primary,Apul-Ptuh,0.07578829958983468
primary,Apul-Ptuh,0.15742054562071334
primary,Apul-Ptuh,0.11812520898636206
primary,Apul-Ptuh,0.03297780488550989
primary,Apul-Ptuh,0.10463568978537519
primary,Apul-Ptuh,0.10686577604778391
primary,Apul-Ptuh,0.0797083153436692
primary,Apul-Ptuh,0.10474003256457283
primary,Apul-Ptuh,0.08792875521239829
primary,Apul-Ptuh,0.08167997033892864
primary,Apul-Ptuh,0.14507691035024348
primary,Apul-Ptuh,0.1289517926541875
primary,Apul-Ptuh,0.07250646891541014
primary,Apul-Ptuh,0.10685718990765068
primary,Apul-Ptuh,0.05485636802537585
primary,Apul-Ptuh,0.04955721795121644
primary,Apul-Ptuh,0.06688474179176072
primary,Apul-Ptuh,0.11403809077432911
primary,Apul-Ptuh,0.06127841581633237
primary,Apul-Ptuh,0.0392947398398577
primary,Apul-Ptuh,0.10297101817703193
primary,Apul-Ptuh,0.13899237872255138
primary,Apul-Ptuh,0.08588198111669067
primary,Apul-Ptuh,0.10189159020108875
primary,Apul-Ptuh,0.0975834270092131
primary,Apul-Ptuh,0.10194811241506002
primary,Apul-Ptuh,0.11708875021395564
primary,Apul-Ptuh,0.12544425815258337
primary,Apul-Ptuh,0.1149571927972911
primary,Apul-Ptuh,0.12918246335166833
primary,Apul-Ptuh,0.08636168838090597
primary,Apul-Ptuh,0.05665772482418097
primary,Apul-Ptuh,0.0660373706166383
primary,Apul-Ptuh,0.11137592529857869
primary,Apul-Ptuh,0.15196253270265375
primary,Apul-Ptuh,0.020902881148626876
primary,Apul-Ptuh,0.058570624438977086
primary,Apul-Ptuh,0.04133200372653883
primary,Apul-Ptuh,0.10229690991939636
primary,Apul-Ptuh,0.06966680520641207
primary,Apul-Ptuh,0.09501178178213193
primary,Apul-Ptuh,0.05445266542763146
primary,Apul-Ptuh,0.13652476825170343
primary,Apul-Ptuh,0.07596475824557743
primary,Apul-Ptuh,0.08043598109424349
primary,Apul-Ptuh,0.06407811354569681
primary,Apul-Ptuh,0.09912304129400139
primary,Apul-Ptuh,0.1369827983997976
primary,Apul-Ptuh,0.04234528377087257
primary,Apul-Ptuh,0.06240832105557006
primary,Apul-Ptuh,0.12326164592956605
primary,Apul-Ptuh,0.1335836109759286
primary,Apul-Ptuh,0.08963235322287028
primary,Apul-Ptuh,0.07502883046818393
primary,Apul-Ptuh,0.05921408441165275
primary,Apul-Ptuh,0.06344300869593106
primary,Apul-Ptuh,0.0888196346312452
primary,Apul-Ptuh,0.03151669795377842
primary,Apul-Ptuh,0.06984719115495117
primary,Apul-Ptuh,0.07768968684633556
primary,Apul-Ptuh,0.08212922183253682
primary,Apul-Ptuh,0.10177900780759283
primary,Apul-Ptuh,0.08730820444770145
primary,Apul-Ptuh,0.099833380752827
primary,Apul-Ptuh,0.14223420491447175
primary,Apul-Ptuh,0.10277962040751477
primary,Apul-Ptuh,0.13444522821315552
primary,Apul-Ptuh,0.04622956886083424
primary,Apul-Ptuh,0.05551676926109468
primary,Apul-Ptuh,0.0716482014279213
primary,Apul-Ptuh,0.12627010622306686
primary,Apul-Ptuh,0.06781474012708913
primary,Apul-Ptuh,0.09796252627267436
primary,Apul-Ptuh,0.04171017892110683
primary,Apul-Ptuh,0.06758060417125854
primary,Apul-Ptuh,0.06830992554526658
primary,Apul-Ptuh,0.05030713836097015
primary,Apul-Ptuh,0.13331894224374977
primary,Apul-Ptuh,0.0721057310386983
primary,Apul-Ptuh,0.13661220827072848
primary,Apul-Ptuh,0.09030715453217578
primary,Apul-Ptuh,0.12408656993115628
primary,Apul-Ptuh,0.0961239757009154
primary,Apul-Ptuh,0.09198256844140322
primary,Apul-Ptuh,0.10220735224249093
primary,Apul-Ptuh,0.042371619734330575
primary,Apul-Ptuh,0.11295319539076745
primary,Apul-Ptuh,0.0971927383817155
primary,Apul-Ptuh,0.04577146170699897
primary,Apul-Ptuh,0.10206358252384738
primary,Apul-Ptuh,0.04762664551883668
primary,Apul-Ptuh,0.0711909413372382
primary,Apul-Ptuh,0.022664425979280565
primary,Apul-Ptuh,0.10227584884920407
primary,Apul-Ptuh,0.039125789243872736
primary,Apul-Ptuh,0.0514869818233146
primary,Apul-Ptuh,0.12138389943558449
primary,Apul-Ptuh,0.13367282212699907
primary,Apul-Ptuh,0.10305868921328029
primary,Apul-Ptuh,0.15478667975481913
primary,Apul-Ptuh,0.04370274097507634
primary,Apul-Ptuh,0.10808970529691113
primary,Apul-Ptuh,0.06561306898314824
primary,Apul-Ptuh,0.1358771499690081
primary,Apul-Ptuh,0.1366948354309344
primary,Apul-Ptuh,0.08891127146316048
primary,Apul-Ptuh,0.1220759500308976
primary,Apul-Ptuh,0.09992197585796861
primary,Apul-Ptuh,0.04876479037237262
primary,Apul-Ptuh,0.1174938774179105
primary,Apul-Ptuh,0.039933964496772584
primary,Apul-Ptuh,0.0912920964637828
primary,Apul-Ptuh,0.07543291809463386
primary,Apul-Ptuh,0.08387798371016703
primary,Apul-Ptuh,0.058350388019416
primary,Apul-Ptuh,0.09395838174668233
primary,Apul-Ptuh,0.11566691621018788
primary,Apul-Ptuh,0.10483863841605813
primary,Apul-Ptuh,0.09626447267556197
primary,Apul-Ptuh,0.14387046140434717
primary,Apul-Ptuh,0.018294927714614568
primary,Apul-Ptuh,0.079541020371118
primary,Apul-Ptuh,0.09480359676105382
primary,Apul-Ptuh,0.12689581637241779
primary,Apul-Ptuh,0.08312378948178197
primary,Apul-Ptuh,6.181828381578618e-4
primary,Apul-Ptuh,0.07329362160098825
primary,Apul-Ptuh,0.1258767994003717
primary,Apul-Ptuh,0.11558143983756101
primary,Apul-Ptuh,0.1351374713228214
primary,Apul-Ptuh,0.10340109524110488
primary,Apul-Ptuh,0.10314312600840221
primary,Apul-Ptuh,0.0877827523272627
primary,Apul-Ptuh,0.10727690969954497
primary,Apul-Ptuh,0.061838132045556056
primary,Apul-Ptuh,0.04303914400110165
primary,Apul-Ptuh,0.0688593615080527
primary,Apul-Ptuh,0.07686853612605947
primary,Apul-Ptuh,0.07364730896988476
primary,Apul-Ptuh,0.036910141557921244
primary,Apul-Ptuh,0.06293230662092089
primary,Apul-Ptuh,0.05825740358703138
primary,Apul-Ptuh,0.047910103651845184
primary,Apul-Ptuh,0.0945542906742255
primary,Apul-Ptuh,0.13493279006296355
primary,Apul-Ptuh,0.055373654091250536
primary,Apul-Ptuh,0.12366892929427184
primary,Apul-Ptuh,0.12383818791322124
primary,Apul-Ptuh,0.08581925994056043
primary,Apul-Ptuh,0.10355938054194677
primary,Apul-Ptuh,0.11018992137694582
primary,Apul-Ptuh,0.07247077675440784
primary,Apul-Ptuh,0.09791374313568418
primary,Apul-Ptuh,0.08500727290347587
primary,Apul-Ptuh,0.13185282993884645
primary,Apul-Ptuh,0.08102803973473138
primary,Apul-Ptuh,0.0737185007775366
primary,Apul-Ptuh,0.11057121530402857
primary,Apul-Ptuh,0.1595722400386769
primary,Apul-Ptuh,0.07324044913675505
primary,Apul-Ptuh,0.08671137145126502
primary,Apul-Ptuh,0.08444728715415831
primary,Apul-Ptuh,0.05029966880408294
primary,Apul-Ptuh,0.03260786930524015
primary,Apul-Ptuh,0.05420351335228535
primary,Apul-Ptuh,-0.011349933935812134
primary,Apul-Ptuh,0.04778262064744541
primary,Apul-Ptuh,0.11955108579153788
primary,Apul-Ptuh,0.08864198238651534
primary,Apul-Ptuh,0.06530573907039709
primary,Apul-Ptuh,0.04736752120001742
primary,Apul-Ptuh,0.031864879412185916
primary,Apul-Ptuh,0.1035078251982768
primary,Apul-Ptuh,0.13245235813622158
primary,Apul-Ptuh,0.15064554201540079
primary,Apul-Ptuh,0.05606027578181571
primary,Apul-Ptuh,0.1425429979363039
primary,Apul-Ptuh,0.059519335169394054
primary,Apul-Ptuh,0.11189871727494238
primary,Apul-Ptuh,0.08961883871530629
primary,Apul-Ptuh,0.08519274123092792
primary,Apul-Ptuh,0.07939917579600209
primary,Apul-Ptuh,0.12929647035137468
primary,Apul-Ptuh,0.11695256556081098
primary,Apul-Ptuh,0.030176490035582232
primary,Apul-Ptuh,0.1530186664419126
primary,Apul-Ptuh,0.0895692470180345
primary,Apul-Ptuh,0.15882728649922448
primary,Apul-Ptuh,0.1088432449764968
primary,Apul-Ptuh,0.0579956995758851
primary,Apul-Ptuh,0.14785693311275552
primary,Apul-Ptuh,0.10430283246944763
primary,Apul-Ptuh,0.09274750497067247
primary,Apul-Ptuh,0.052469921605652864
primary,Apul-Ptuh,0.1087413663810145
primary,Apul-Ptuh,0.13289795185712724
primary,Apul-Ptuh,0.14884495527400673
primary,Apul-Ptuh,0.10358409938484156
primary,Apul-Ptuh,0.10752536872322113
primary,Apul-Ptuh,0.058861359614520034
primary,Apul-Ptuh,0.11238739570799647
primary,Apul-Ptuh,0.05830179739677857
primary,Apul-Ptuh,0.11563699947976847
primary,Apul-Ptuh,0.04885773630188668
primary,Apul-Ptuh,0.05181656639524517
primary,Apul-Ptuh,0.07751646243171925
primary,Apul-Ptuh,0.06077175654273022
primary,Apul-Ptuh,0.10644220596883436
primary,Apul-Ptuh,0.11056582490215122
primary,Apul-Ptuh,0.09735179373996844
primary,Apul-Ptuh,0.11879273325313312
primary,Apul-Ptuh,0.0927487755654007
primary,Apul-Ptuh,0.1486918293578189
primary,Apul-Ptuh,0.11559245165853907
primary,Apul-Ptuh,0.06327290301382953
primary,Apul-Ptuh,-0.02732970329553192
primary,Apul-Ptuh,0.07176690577783508
primary,Apul-Ptuh,0.1238795014933242
primary,Apul-Ptuh,0.04853916355093417
primary,Apul-Ptuh,0.11281627918308229
primary,Apul-Ptuh,0.11738487579137596
primary,Apul-Ptuh,0.02885218380292429
primary,Apul-Ptuh,0.05909102923736651
primary,Apul-Ptuh,0.032618149571677704
primary,Apul-Ptuh,0.07066680176040514
primary,Apul-Ptuh,0.09167720217505027
primary,Apul-Ptuh,0.02266404095057504
primary,Apul-Ptuh,0.1160237608144697
primary,Apul-Ptuh,0.05644153120602791
primary,Apul-Ptuh,0.10176449222539449
primary,Apul-Ptuh,0.0589885345959554
primary,Apul-Ptuh,0.06998222072197927
primary,Apul-Ptuh,0.03722078271753992
primary,Apul-Ptuh,0.13121187265275672
primary,Apul-Ptuh,0.09371465857608414
primary,Apul-Ptuh,0.12987297383215932
primary,Apul-Ptuh,0.14171045036634422
primary,Apul-Ptuh,0.14456986604793579
primary,Apul-Ptuh,0.09889845405006786
primary,Apul-Ptuh,0.06105490665277431
primary,Apul-Ptuh,0.06355181780811282
primary,Apul-Ptuh,0.047609319227087984
primary,Apul-Ptuh,0.12867337839722137
primary,Apul-Ptuh,0.09424449657775898
primary,Apul-Ptuh,0.062391456798268
primary,Apul-Ptuh,0.12753319289154613
primary,Apul-Ptuh,0.08964502066728208
primary,Apul-Ptuh,0.12012835932973356
primary,Apul-Ptuh,0.06778312927036541
primary,Apul-Ptuh,0.06324529645564328
primary,Apul-Ptuh,0.17568707746829532
primary,Apul-Ptuh,0.155944538078078
primary,Apul-Ptuh,0.12492577849772157
primary,Apul-Ptuh,0.06400865436721986
primary,Apul-Ptuh,0.02538215109723844
primary,Apul-Ptuh,0.12086900054768407
primary,Apul-Ptuh,0.15037683048181397
primary,Apul-Ptuh,0.10292362114338163
primary,Apul-Ptuh,0.05493171814304737
primary,Apul-Ptuh,0.16258143188671823
primary,Apul-Ptuh,0.10340051769804659
primary,Apul-Ptuh,0.12381909048942712
primary,Apul-Ptuh,0.05616481107536611
primary,Apul-Ptuh,0.11798351842272838
primary,Apul-Ptuh,0.07452806213377633
primary,Apul-Ptuh,0.07211212251521003
primary,Apul-Ptuh,0.10094368803095338
primary,Apul-Ptuh,0.07609982631547609
primary,Apul-Ptuh,0.09120943080070627
primary,Apul-Ptuh,0.10284800150561625
primary,Apul-Ptuh,0.1853496038507029
primary,Apul-Ptuh,0.10035089783592499
primary,Apul-Ptuh,0.1133978265399093
primary,Apul-Ptuh,0.11991158816852222
primary,Apul-Ptuh,0.06522311191019113
primary,Apul-Ptuh,0.08326451747365186
primary,Apul-Ptuh,0.12431908876642367
primary,Apul-Ptuh,0.054920359796234344
primary,Apul-Ptuh,0.0806410858856774
primary,Apul-Ptuh,0.08907802739552395
primary,Apul-Ptuh,0.06715245225071322
primary,Apul-Ptuh,0.08348991327786699
primary,Apul-Ptuh,0.1228078125943621
primary,Apul-Ptuh,0.07657930256246807
primary,Apul-Ptuh,0.0829861417195563
primary,Apul-Ptuh,0.15507136997968532
primary,Apul-Ptuh,0.1383451839714321
primary,Apul-Ptuh,0.09108214031065925
primary,Apul-Ptuh,0.13358950191512314
primary,Apul-Ptuh,0.05421814444309534
primary,Apul-Ptuh,0.05908325165751489
primary,Apul-Ptuh,0.056609557733119625
primary,Apul-Ptuh,0.163184001810867
primary,Apul-Ptuh,0.048147242831578875
primary,Apul-Ptuh,0.10702787313281051
primary,Apul-Ptuh,0.09292858397088151
primary,Apul-Ptuh,0.08320834178551556
primary,Apul-Ptuh,0.09058999661925546
primary,Apul-Ptuh,0.07599706215397109
primary,Apul-Ptuh,0.10081589700358917
primary,Apul-Ptuh,0.08609374690473018
primary,Apul-Ptuh,0.08311951566315064
primary,Apul-Ptuh,0.07966411404827478
primary,Apul-Ptuh,0.13748787905570709
primary,Apul-Ptuh,0.05339141080658912
primary,Apul-Ptuh,0.09754681077931754
primary,Apul-Ptuh,0.08464380580545898
primary,Apul-Ptuh,0.08824667341455142
primary,Apul-Ptuh,0.0658804714191363
primary,Apul-Ptuh,0.14485840655985727
primary,Apul-Ptuh,0.07717933129716036
primary,Apul-Ptuh,0.08379724319061815
primary,Apul-Ptuh,0.06892812763485971
primary,Apul-Ptuh,0.0904344450222228
primary,Apul-Ptuh,0.07015317346723297
primary,Apul-Ptuh,0.09035455156582607
primary,Apul-Ptuh,0.1365987707689056
primary,Apul-Ptuh,0.057132773241059406
primary,Apul-Ptuh,0.10911904103826534
primary,Apul-Ptuh,0.038501850226567255
primary,Apul-Ptuh,0.11535215524342006
primary,Apul-Ptuh,0.11836042302256813
primary,Apul-Ptuh,0.11296867354472961
primary,Apul-Ptuh,0.07176775284098724
primary,Apul-Ptuh,0.05862568354386735
primary,Apul-Ptuh,0.13195813528980793
primary,Apul-Ptuh,0.11602865067902988
primary,Apul-Ptuh,0.08565146443069203
primary,Apul-Ptuh,0.0925268450195353
primary,Apul-Ptuh,0.059457153033451546
primary,Apul-Ptuh,0.06447065031098095
primary,Apul-Ptuh,0.09912142417343818
primary,Apul-Ptuh,0.11994420009988029
primary,Apul-Ptuh,0.1298497566012161
primary,Apul-Ptuh,0.04396529204937477
primary,Apul-Ptuh,-0.011423281904214906
primary,Apul-Ptuh,0.11639700764160696
primary,Apul-Ptuh,0.0589453728780659
primary,Apul-Ptuh,0.04979678281179494
primary,Apul-Ptuh,0.08450327032794185
primary,Apul-Ptuh,0.1246618028172127
primary,Apul-Ptuh,0.08394667283123293
primary,Apul-Ptuh,0.06812746044171764
primary,Apul-Ptuh,0.06390007627226142
primary,Apul-Ptuh,0.08968448610959855
primary,Apul-Ptuh,0.06113730279575696
primary,Apul-Ptuh,0.09837935834927722
primary,Apul-Ptuh,0.12390452835918342
primary,Apul-Ptuh,0.04204831113030009
primary,Apul-Ptuh,0.0901687752154096
primary,Apul-Ptuh,0.05843440128296185
primary,Apul-Ptuh,0.09825938340463519
primary,Apul-Ptuh,0.06885508768942138
primary,Apul-Ptuh,0.09943961189568516
primary,Apul-Ptuh,0.0552899488506691
primary,Apul-Ptuh,0.1099341853107352
primary,Apul-Ptuh,0.139064533101967
primary,Apul-Ptuh,0.12825766290386456
primary,Apul-Ptuh,0.015157559810503504
primary,Apul-Ptuh,0.10852513425999091
primary,Apul-Ptuh,0.11408491026492111
primary,Apul-Ptuh,0.14969933397156976
primary,Apul-Ptuh,0.12991551950412
primary,Apul-Ptuh,0.10916154820735544
primary,Apul-Ptuh,0.10732118800068051
primary,Apul-Ptuh,0.13910700176818658
primary,Apul-Ptuh,0.09349134192687886
primary,Apul-Ptuh,0.10058880707306972
primary,Apul-Ptuh,0.09962007484996538
primary,Apul-Ptuh,0.07536992739840974
primary,Apul-Ptuh,0.05404938636146314
primary,Apul-Ptuh,0.019320490174654606
primary,Apul-Ptuh,0.04701718358085898
primary,Apul-Ptuh,0.14066794664326102
primary,Apul-Ptuh,0.13710446747074392
primary,Apul-Ptuh,0.17176086275230185
primary,Apul-Ptuh,0.09192962699439335
primary,Apul-Ptuh,0.09524222146238946
primary,Apul-Ptuh,0.017719155788370435
primary,Apul-Ptuh,0.1498582353183405
primary,Apul-Ptuh,0.06426277331286726
primary,Apul-Ptuh,0.09971044108715242
primary,Apul-Ptuh,0.034435408056021063
primary,Apul-Ptuh,0.07888269829040902
primary,Apul-Ptuh,0.031468646371328735
primary,Apul-Ptuh,0.07711360689712701
primary,Apul-Ptuh,0.06771917600237748
primary,Apul-Ptuh,0.11459896208966938
primary,Apul-Ptuh,0.06683580464328832
primary,Apul-Ptuh,0.1173370552261496
primary,Apul-Ptuh,0.12649026563688684
primary,Apul-Ptuh,0.04550656195759683
primary,Apul-Ptuh,0.15488251339962464
primary,Apul-Ptuh,0.04195551921226823
primary,Apul-Ptuh,0.10901123300071795
primary,Apul-Ptuh,0.12913660643284014
primary,Apul-Ptuh,0.07459336300223361
primary,Apul-Ptuh,0.056457163371472295
primary,Apul-Ptuh,0.11853160678504517
primary,Apul-Ptuh,0.05045853164798312
primary,Apul-Ptuh,0.040352644711161956
primary,Apul-Ptuh,0.08854225995178401
primary,Apul-Ptuh,0.11327022802689787
primary,Apul-Ptuh,0.08993244459595752
primary,Apul-Ptuh,0.08409286823072129
primary,Apul-Ptuh,0.14918797734776018
primary,Apul-Ptuh,0.07667540572736745
primary,Apul-Ptuh,0.07829656909198622
primary,Apul-Ptuh,0.08034122552981345
primary,Apul-Ptuh,0.1121241515820281
primary,Apul-Ptuh,0.10718138407770389
primary,Apul-Ptuh,0.10014117270002476
primary,Apul-Ptuh,0.13803669897256438
primary,Apul-Ptuh,0.14963699782414502
primary,Apul-Ptuh,0.06477778770937934
primary,Apul-Ptuh,0.028730861257812927
primary,Apul-Ptuh,0.10126922980147593
primary,Apul-Ptuh,0.14279111043414508
primary,Apul-Ptuh,0.09288164897167785
primary,Apul-Ptuh,0.1002468245768212
primary,Apul-Ptuh,0.07136381922601953
primary,Apul-Ptuh,0.04550375124804648
primary,Apul-Ptuh,0.06432560999760917
primary,Apul-Ptuh,0.1337053185497455
primary,Apul-Ptuh,0.13874715394000162
primary,Apul-Ptuh,0.11027462769216163
primary,Apul-Ptuh,0.11890754881312111
primary,Apul-Ptuh,0.08604365467014119
primary,Apul-Ptuh,0.051725815129352606
primary,Apul-Ptuh,0.18814202453753287
primary,Apul-Ptuh,0.09753633799852723
primary,Apul-Ptuh,0.08386165849305272
primary,Apul-Ptuh,0.09423945270171659
primary,Apul-Ptuh,0.025730679081480908
primary,Apul-Ptuh,0.08923531162173148
primary,Apul-Ptuh,0.14495774396588307
primary,Apul-Ptuh,0.1469168085224718
primary,Apul-Ptuh,0.08313337669654958
primary,Apul-Ptuh,0.09589707828474871
primary,Apul-Ptuh,0.1521634406811974
primary,Apul-Ptuh,0.08218004562166628
primary,Apul-Ptuh,0.07439149245192613
primary,Apul-Ptuh,0.16835489882321558
primary,Apul-Ptuh,0.1086887714598396
primary,Apul-Ptuh,0.07130621893167279
primary,Apul-Ptuh,0.11562460155545053
primary,Apul-Ptuh,0.11447317321157392
primary,Apul-Ptuh,0.07285911670680174
primary,Apul-Ptuh,0.07986744770766326
primary,Apul-Ptuh,0.14910311702106216
primary,Apul-Ptuh,0.11583344112532802
primary,Apul-Ptuh,0.07017180885658045
primary,Apul-Ptuh,0.0804650892643813
primary,Apul-Ptuh,-0.004402475973294332
primary,Apul-Ptuh,0.10325486133874597
primary,Apul-Ptuh,0.05579556854676632
primary,Apul-Ptuh,0.10318755832101995
primary,Apul-Ptuh,0.10189189822405317
primary,Apul-Ptuh,0.07499606452534364
primary,Apul-Ptuh,0.08774247832466464
primary,Apul-Ptuh,0.07993686838326966
primary,Apul-Ptuh,0.1082770217621497
primary,Apul-Ptuh,0.024310231181053032
primary,Apul-Ptuh,0.12259208101065568
primary,Apul-Ptuh,0.1350459885023883
primary,Apul-Ptuh,0.08394555624798691
primary,Apul-Ptuh,0.15372623369405838
primary,Apul-Ptuh,0.03403836645488227
primary,Apul-Ptuh,0.14468764632895634
primary,Apul-Ptuh,0.07343319450674156
primary,Apul-Ptuh,0.08359256193076033
primary,Apul-Ptuh,0.1598766822361366
primary,Apul-Ptuh,0.03374093177986315
primary,Apul-Ptuh,0.08011960300691248
primary,Apul-Ptuh,0.09841974786048693
primary,Apul-Ptuh,0.10363600125434652
primary,Apul-Ptuh,0.08203157855281532
primary,Apul-Ptuh,0.13109821217888534
primary,Apul-Ptuh,0.06350572987206131
primary,Apul-Ptuh,0.09865885068661881
primary,Apul-Ptuh,0.059730908443080794
primary,Apul-Ptuh,0.06393026252277469
primary,Apul-Ptuh,0.09104583210372813
primary,Apul-Ptuh,0.043065287450206886
primary,Apul-Ptuh,0.08150967214247433
primary,Apul-Ptuh,0.1277647491550497
primary,Apul-Ptuh,0.13757092974748913
primary,Apul-Ptuh,0.13114341454891412
primary,Apul-Ptuh,0.1468768810457087
primary,Apul-Ptuh,0.11651051410399614
primary,Apul-Ptuh,0.051430613620825544
primary,Apul-Ptuh,0.08478326320260063
primary,Apul-Ptuh,0.09106939586050633
primary,Apul-Ptuh,0.1593013723443391
primary,Apul-Ptuh,0.08086990844537172
primary,Apul-Ptuh,0.03362854190072
primary,Apul-Ptuh,0.11058800255558952
primary,Apul-Ptuh,0.0617606257671336
primary,Apul-Ptuh,0.09006531800223468
primary,Apul-Ptuh,0.10760668678582831
primary,Apul-Ptuh,0.08554284783286303
primary,Apul-Ptuh,0.12432016684679914
primary,Apul-Ptuh,0.12248169328078126
primary,Apul-Ptuh,0.1056668736645159
primary,Apul-Ptuh,0.09325439526149792
primary,Apul-Ptuh,0.12905628944486736
primary,Apul-Ptuh,0.1322321987224016
primary,Apul-Ptuh,0.07023995893745862
primary,Apul-Ptuh,0.09783596733716785
primary,Apul-Ptuh,0.07911375401659539
primary,Apul-Ptuh,0.06750028718328573
primary,Apul-Ptuh,0.06519550535200488
primary,Apul-Ptuh,0.10710792060068944
primary,Apul-Ptuh,0.11061121978653278
primary,Apul-Ptuh,0.08644265991767816
primary,Apul-Ptuh,0.11421085315449879
primary,Apul-Ptuh,0.042674136788262644
primary,Apul-Ptuh,0.10112907935266433
primary,Apul-Ptuh,0.12644591033001024
primary,Apul-Ptuh,0.13780625929230683
primary,Apul-Ptuh,0.09128863120543304
primary,Apul-Ptuh,0.11885653250963887
primary,Apul-Ptuh,0.09437086299891273
primary,Apul-Ptuh,0.10271066176635499
primary,Apul-Ptuh,0.08749255619190748
primary,Apul-Ptuh,0.04996107456044305
primary,Apul-Ptuh,0.10211432930723575
primary,Apul-Ptuh,0.05100746707345206
primary,Apul-Ptuh,0.13226919998100267
primary,Apul-Ptuh,0.11088863296886452
primary,Apul-Ptuh,0.08978505560748203
primary,Apul-Ptuh,0.027839057770072756
primary,Apul-Ptuh,0.09204794631560159
primary,Apul-Ptuh,0.12760731091735997
primary,Apul-Ptuh,0.09431665095717462
primary,Apul-Ptuh,0.12435551248196645
primary,Apul-Ptuh,0.11228424651778594
primary,Apul-Ptuh,0.06590376565582065
primary,Apul-Ptuh,0.06116098206114683
primary,Apul-Ptuh,0.09316980445489378
primary,Apul-Ptuh,0.0747384803213465
primary,Apul-Ptuh,0.14190623746310438
primary,Apul-Ptuh,0.10347201752866284
primary,Apul-Ptuh,0.07845589397033303
primary,Apul-Ptuh,0.12781095259971284
primary,Apul-Ptuh,0.008744829714220722
primary,Apul-Ptuh,0.1139749460666228
primary,Apul-Ptuh,0.09849128619397372
primary,Apul-Ptuh,0.07695528309341457
primary,Apul-Ptuh,0.07646749022638322
primary,Apul-Ptuh,0.12313273831895581
primary,Apul-Ptuh,0.08836029538555225
primary,Apul-Ptuh,0.10577972557810568
primary,Apul-Ptuh,0.1325652485526819
primary,Apul-Ptuh,0.10851046466631034
primary,Apul-Ptuh,0.0165928698189647
primary,Apul-Ptuh,0.11326876491781687
primary,Apul-Ptuh,0.06930156697634975
primary,Apul-Ptuh,0.16607198662240863
primary,Apul-Ptuh,0.06864990589224637
primary,Apul-Ptuh,0.0945785089798031
primary,Apul-Ptuh,0.10801597229980282
primary,Apul-Ptuh,0.06649289807814654
primary,Apul-Ptuh,0.10356411639502475
primary,Apul-Ptuh,0.10196135740253012
primary,Apul-Ptuh,0.055610639259502014
primary,Apul-Ptuh,0.0809712094977957
primary,Apul-Ptuh,0.08106996936076322
primary,Apul-Ptuh,0.1241188353366794
primary,Apul-Ptuh,0.07145557156654647
primary,Apul-Ptuh,0.09535045303151292
primary,Apul-Ptuh,0.14030894587822823
primary,Apul-Ptuh,0.1102968438484705
primary,Apul-Ptuh,0.08959123215712005
primary,Apul-Ptuh,0.006642457473435089
primary,Apul-Ptuh,0.13057703732308484
primary,Apul-Ptuh,0.1504576865099745
primary,Apul-Ptuh,0.11136067816183985
primary,Apul-Ptuh,0.09093971819248504
primary,Apul-Ptuh,0.07705180978989003
primary,Apul-Ptuh,0.11248461545614188
primary,Apul-Ptuh,0.06504545966546127
primary,Apul-Ptuh,0.10219187408852877
primary,Apul-Ptuh,0.09389789373704414
primary,Apul-Ptuh,0.13262974086085758
primary,Apul-Ptuh,0.08982971893732308
primary,Apul-Ptuh,0.1785360203690966
primary,Apul-Ptuh,0.022817166866762877
primary,Apul-Ptuh,0.14292128863948356
primary,Apul-Ptuh,0.08551512576606514
primary,Apul-Ptuh,0.01668077187243637
primary,Apul-Ptuh,0.15898745844072346
primary,Apul-Ptuh,0.04770688550106837
primary,Apul-Ptuh,0.059015332593860034
primary,Apul-Ptuh,0.10189778916324772
primary,Apul-Ptuh,0.09644628323031153
primary,Apul-Ptuh,0.10074489771029012
primary,Apul-Ptuh,0.05977510973847522
primary,Apul-Ptuh,0.08450092165283814
primary,Apul-Ptuh,0.07993563629141198
primary,Apul-Ptuh,0.1495719664757816
primary,Apul-Ptuh,0.12778388508171434
primary,Apul-Ptuh,0.11713029481128193
primary,Apul-Ptuh,0.0988675362450141
primary,Apul-Ptuh,0.09296454565197768
primary,Apul-Ptuh,0.09287098367653476
primary,Apul-Ptuh,0.08878328792144352
primary,Apul-Ptuh,0.09204825433856603
primary,Apul-Ptuh,0.058853158503092334
primary,Apul-Ptuh,0.04334612738801782
primary,Apul-Ptuh,0.10669139654705101
primary,Apul-Ptuh,0.11647139518751465
primary,Apul-Ptuh,0.12510331523383977
primary,Apul-Ptuh,0.0965422323837287
primary,Apul-Ptuh,0.12867853778187544
primary,Apul-Ptuh,0.11208969151288348
primary,Apul-Ptuh,0.07520459607225673
primary,Apul-Ptuh,0.07749736500792515
primary,Apul-Ptuh,0.06221195641575161
primary,Apul-Ptuh,0.0217077451546592
primary,Apul-Ptuh,0.08283478693541388
primary,Apul-Ptuh,0.10248045310332078
primary,Apul-Ptuh,0.10492380676572056
primary,Apul-Ptuh,0.08069703055659037
primary,Apul-Ptuh,0.1215920844566626
primary,Apul-Ptuh,0.0189451641925075
primary,Apul-Ptuh,0.026412757433320874
primary,Apul-Ptuh,0.1489006689276964
primary,Apul-Ptuh,0.05084533148555491
primary,Apul-Ptuh,0.1510010390192133
primary,Apul-Ptuh,0.1263475739986188
primary,Apul-Ptuh,0.04630896177991378
primary,Apul-Ptuh,0.046792249811090474
primary,Apul-Ptuh,0.08482222810759989
primary,Apul-Ptuh,0.07220483742750078
primary,Apul-Ptuh,0.07701307590211408
primary,Apul-Ptuh,0.1092850654160883
primary,Apul-Ptuh,0.132210560109151
primary,Apul-Ptuh,0.07821848527050548
primary,Apul-Ptuh,0.0216005146601701
primary,Apul-Ptuh,0.11649626804189166
primary,Apul-Ptuh,0.11211364029836722
primary,Apul-Ptuh,0.0667755091480029
primary,Apul-Ptuh,0.08746891542938814
primary,Apul-Ptuh,0.10405060016445732
primary,Apul-Ptuh,0.11045632273829951
primary,Apul-Ptuh,0.15054620460937498
primary,Apul-Ptuh,0.06624039625306236
primary,Apul-Ptuh,0.1390490164451343
primary,Apul-Ptuh,0.09510661435230307
primary,Apul-Ptuh,0.05884137662470322
primary,Apul-Ptuh,0.07879456521971404
primary,Apul-Ptuh,0.072937932082823
primary,Apul-Ptuh,0.05724200588481723
primary,Apul-Ptuh,0.0848670069460526
primary,Apul-Ptuh,0.06335221892716796
primary,Apul-Ptuh,0.15503490776127196
primary,Apul-Ptuh,0.1304290322886805
primary,Apul-Ptuh,0.0752701279579373
primary,Apul-Ptuh,0.09380175206927421
primary,Apul-Ptuh,0.11460716320109708
primary,Apul-Ptuh,0.12106382507268043
primary,Apul-Ptuh,0.06952176489304027
primary,Apul-Ptuh,0.03919975325820435
primary,Apul-Ptuh,0.08838201100454393
primary,Apul-Ptuh,0.10858346610887815
primary,Apul-Ptuh,0.06198744617755918
primary,Apul-Ptuh,0.044100206107791216
primary,Apul-Ptuh,0.12550940500955843
primary,Apul-Ptuh,0.11156435834706331
primary,Apul-Ptuh,0.11457385821806905
primary,Apul-Ptuh,0.07974743426015068
primary,Apul-Ptuh,0.10327553738023272
primary,Apul-Ptuh,0.08541471027966387
primary,Apul-Ptuh,0.08798643251248614
primary,Apul-Ptuh,0.043720221278307235
primary,Apul-Ptuh,0.06583153427066389
primary,Apul-Ptuh,0.05745812249722918
primary,Apul-Ptuh,0.10751089164389334
primary,Apul-Ptuh,0.09651551139156517
primary,Apul-Ptuh,0.054532173855322656
primary,Apul-Ptuh,0.08294220994425573
primary,Apul-Ptuh,0.06060165086062868
primary,Apul-Ptuh,0.1324343772956735
primary,Apul-Ptuh,0.10080261351324853
primary,Apul-Ptuh,0.10512032541702122
primary,Apul-Ptuh,0.09179609903931679
primary,Apul-Ptuh,0.1016494456481832
primary,Apul-Ptuh,0.11431354031026267
primary,Apul-Ptuh,0.10562128626578159
primary,Apul-Ptuh,0.09596507435414467
primary,Apul-Ptuh,0.09170596381935309
primary,Apul-Ptuh,0.1028894305943309
primary,Apul-Ptuh,0.0346221084753308
primary,Apul-Ptuh,0.11881236971711497
primary,Apul-Ptuh,0.09460342033705066
primary,Apul-Ptuh,0.11187199628277886
primary,Apul-Ptuh,0.10569937008726232
primary,Apul-Ptuh,0.10419614101514628
primary,Apul-Ptuh,0.13411148533120523
primary,Apul-Ptuh,0.08883210956130426
primary,Apul-Ptuh,-0.02411733179958432
primary,Apul-Ptuh,0.08803040279065726
primary,Apul-Ptuh,0.11187688614733904
primary,Apul-Ptuh,0.06109656675871227
primary,Apul-Ptuh,0.12445369480187567
primary,Apul-Ptuh,0.09620444670037041
primary,Apul-Ptuh,0.037168264802106124
primary,Apul-Ptuh,0.08825264135948707
primary,Apul-Ptuh,0.030915783653063418
primary,Apul-Ptuh,0.1212528356642233
primary,Apul-Ptuh,0.15215212083725493
primary,Apul-Ptuh,0.07954440862372664
primary,Apul-Ptuh,0.0717203943102075
primary,Apul-Ptuh,0.12555110361836694
primary,Apul-Ptuh,0.07887449717898132
primary,Apul-Ptuh,0.05355674213274215
primary,Apul-Ptuh,0.08687685678890025
primary,Apul-Ptuh,0.10628688538902502
primary,Apul-Ptuh,0.10648113237096307
primary,Apul-Ptuh,0.09642930346439782
primary,Apul-Ptuh,0.08342973329119321
primary,Apul-Ptuh,0.14430873957984783
primary,Apul-Ptuh,0.11244518851669598
primary,Apul-Ptuh,0.0807733432460257
primary,Apul-Ptuh,0.1314759253390067
primary,Apul-Ptuh,0.11203186020131341
primary,Apul-Ptuh,0.1131837120767661
primary,Apul-Ptuh,0.08853013154755993
primary,Apul-Ptuh,0.08205248561152541
primary,Apul-Ptuh,0.11449011447461707
primary,Apul-Ptuh,0.06998826567265604
primary,Apul-Ptuh,0.035806726293623775
primary,Apul-Ptuh,0.02152905333242441
primary,Apul-Ptuh,0.10230149176099212
primary,Apul-Ptuh,0.11142609453890878
primary,Apul-Ptuh,0.020429796378146625
primary,Apul-Ptuh,0.08266572083081725
primary,Apul-Ptuh,0.025406446408557156
primary,Apul-Ptuh,0.11996564619877813
primary,Apul-Ptuh,0.08061421088203165
primary,Apul-Ptuh,0.047472287510791154
primary,Apul-Ptuh,0.0457558295415546
primary,Apul-Ptuh,0.1463679886056145
primary,Apul-Ptuh,0.052137102792595875
primary,Apul-Ptuh,0.14082369075464646
primary,Apul-Ptuh,0.13462665373919955
primary,Apul-Ptuh,0.05000073251711226
primary,Apul-Ptuh,0.0424851646995903
primary,Apul-Ptuh,0.156406110490263
primary,Apul-Ptuh,0.1194603345256453
primary,Apul-Ptuh,0.07711333737703313
primary,Apul-Ptuh,0.14174032859389307
primary,Apul-Ptuh,0.05812229701426217
primary,Apul-Ptuh,0.05976721665001193
primary,Apul-Ptuh,0.05947813709790273
primary,Apul-Ptuh,0.1361271106046358
primary,Apul-Ptuh,0.040418407614065864
primary,Apul-Ptuh,0.0667997274535805
primary,Apul-Ptuh,0.13616607550963508
primary,Apul-Ptuh,0.07417468278784424
primary,Apul-Ptuh,0.08508343158142898
primary,Apul-Ptuh,0.06842682026026438
primary,Apul-Ptuh,0.1699481476066837
primary,Apul-Ptuh,0.1271234838459955
primary,Apul-Ptuh,0.12529748521003672
primary,Apul-Ptuh,0.06835893969948009
primary,Apul-Ptuh,0.09597985945643688
primary,Apul-Ptuh,0.12964723150210922
primary,Apul-Ptuh,0.0839323112605168
primary,Apul-Ptuh,0.05214457234948308
primary,Apul-Ptuh,0.0976513075699974
primary,Apul-Ptuh,0.09306730981348266
primary,Apul-Ptuh,0.07516443757827032
primary,Apul-Ptuh,0.08888574405998408
primary,Apul-Ptuh,0.049262825002970974
primary,Apul-Ptuh,0.063199016005239
primary,Apul-Ptuh,0.12688264839068877
primary,Apul-Ptuh,0.09418697328915335
primary,Apul-Ptuh,0.08339769890289343
primary,Apul-Ptuh,0.04708887592582799
primary,Apul-Ptuh,0.07446865220451362
primary,Apul-Ptuh,0.09452383490361836
primary,Apul-Ptuh,0.13749950692261398
primary,Apul-Ptuh,0.1254039071442442
primary,Apul-Ptuh,0.08161609407668181
primary,Apul-Ptuh,0.10122036965874463
primary,Apul-Ptuh,0.1868581463189552
primary,Apul-Ptuh,0.0945238734064889
primary,Apul-Ptuh,0.10645787663714928
primary,Apul-Ptuh,0.13564182042419037
primary,Apul-Ptuh,0.025179202466555493
primary,Apul-Ptuh,0.08650322493305747
primary,Apul-Ptuh,0.11225983569785558
primary,Apul-Ptuh,0.1255140638568953
primary,Apul-Ptuh,0.13942083866606111
primary,Apul-Ptuh,0.09603357096085781
primary,Apul-Ptuh,0.12470573459251323
primary,Apul-Ptuh,0.13214067739909796
primary,Apul-Ptuh,0.10880816886142333
primary,Apul-Ptuh,0.09336959585019142
primary,Apul-Ptuh,0.021086501338292398
primary,Apul-Ptuh,0.053421674062843504
primary,Apul-Ptuh,0.05533642181542613
primary,Apul-Ptuh,0.10233672188754779
primary,Apul-Ptuh,0.08119968553165505
primary,Apul-Ptuh,0.05034167543585586
primary,Apul-Ptuh,0.03870048653574831
primary,Apul-Ptuh,0.06916368819690075
primary,Apul-Ptuh,0.10885487284340369
primary,Apul-Ptuh,0.055959783289673326
primary,Apul-Ptuh,0.1424060047228776
primary,Apul-Ptuh,0.1303216477827092
primary,Apul-Ptuh,0.07290720679212198
primary,Apul-Ptuh,0.13494711313080912
primary,Apul-Ptuh,0.13835873698186663
primary,Apul-Ptuh,0.09855231324379966
primary,Apul-Ptuh,0.13289240744376765
primary,Apul-Ptuh,0.10046632944184179
primary,Apul-Ptuh,0.06248755996316739
primary,Apul-Ptuh,0.14016328951892762
primary,Apul-Ptuh,0.074017976104695
primary,Apul-Ptuh,0.0529040799740044
primary,Apul-Ptuh,0.18880154020722897
primary,Apul-Ptuh,0.06942073336071015
primary,Apul-Ptuh,0.19351929693604358
primary,Apul-Ptuh,0.085757501336194
primary,Apul-Ptuh,0.06840818487091692
primary,Apul-Ptuh,0.06810077795242465
primary,Apul-Ptuh,0.15204627644610574
primary,Apul-Ptuh,0.10454062619798073
primary,Apul-Ptuh,0.09835691117574502
primary,Apul-Ptuh,0.08058456367170612
primary,Apul-Ptuh,0.11242740019050065
primary,Apul-Ptuh,0.08794700557304024
primary,Apul-Ptuh,0.11199466642835955
primary,Apul-Ptuh,0.08340844120377762
primary,Apul-Ptuh,0.0665382929625281
primary,Apul-Ptuh,0.09847103368406304
primary,Apul-Ptuh,0.09771298916862273
primary,Apul-Ptuh,0.12772324306059396
primary,Apul-Ptuh,0.09325735998253047
primary,Apul-Ptuh,0.1352328814360508
primary,Apul-Ptuh,0.10392731397294777
primary,Apul-Ptuh,0.016790466550640832
primary,Apul-Ptuh,0.07841970127201356
primary,Apul-Ptuh,0.06681632219078869
primary,Apul-Ptuh,0.07957586546896814
primary,Apul-Ptuh,0.10173796374758373
primary,Apul-Ptuh,0.13274748263900754
primary,Apul-Ptuh,0.002413687200638978
primary,Apul-Ptuh,0.05456251411731813
primary,Apul-Ptuh,0.13853015176156697
primary,Apul-Ptuh,0.06699347389820139
primary,Apul-Ptuh,0.07621633600176836
primary,Apul-Ptuh,0.14548369317763207
primary,Apul-Ptuh,0.1066333727211282
primary,Apul-Ptuh,0.08033587363080665
primary,Apul-Ptuh,0.1291509295006857
primary,Apul-Ptuh,0.12696080921791064
primary,Apul-Ptuh,0.021170129573132728
primary,Apul-Ptuh,0.07245903337888929
primary,Apul-Ptuh,0.08088199834672524
primary,Apul-Ptuh,0.09168166850803436
primary,Apul-Ptuh,0.08680539546115455
primary,Apul-Ptuh,0.07648031168227724
primary,Peve-Ptuh,0.09105953282210238
primary,Peve-Ptuh,0.02897507615933354
primary,Peve-Ptuh,0.09460546915007244
primary,Peve-Ptuh,0.10162092110628043
primary,Peve-Ptuh,0.08922091581419324
primary,Peve-Ptuh,-0.006137816656379215
primary,Peve-Ptuh,0.0018822066771786764
primary,Peve-Ptuh,0.050628356713481155
primary,Peve-Ptuh,0.07263976512649087
primary,Peve-Ptuh,0.027859455539654184
primary,Peve-Ptuh,-0.005472102750446011
primary,Peve-Ptuh,0.07009945753595002
primary,Peve-Ptuh,0.03502502619312214
primary,Peve-Ptuh,0.025662578502873026
primary,Peve-Ptuh,0.15704424717541787
primary,Peve-Ptuh,0.054570115787140674
primary,Peve-Ptuh,0.06527007110971222
primary,Peve-Ptuh,0.04979925424129266
primary,Peve-Ptuh,0.04763819527719811
primary,Peve-Ptuh,0.08607828305447379
primary,Peve-Ptuh,0.048073140345822045
primary,Peve-Ptuh,0.05181495262848416
primary,Peve-Ptuh,0.022727188318698216
primary,Peve-Ptuh,0.08614627130757337
primary,Peve-Ptuh,0.04738400591413214
primary,Peve-Ptuh,0.06049439857550336
primary,Peve-Ptuh,0.1255614301159862
primary,Peve-Ptuh,0.010585681132000185
primary,Peve-Ptuh,0.04261502118242489
primary,Peve-Ptuh,0.06618550703237633
primary,Peve-Ptuh,0.09497451425175339
primary,Peve-Ptuh,0.059353110539898765
primary,Peve-Ptuh,0.051300890591925906
primary,Peve-Ptuh,0.028342431189880737
primary,Peve-Ptuh,0.1295623220520811
primary,Peve-Ptuh,0.03044208396736939
primary,Peve-Ptuh,0.08543078217590667
primary,Peve-Ptuh,0.06825930735592586
primary,Peve-Ptuh,-0.02001085670895433
primary,Peve-Ptuh,0.10561634120396492
primary,Peve-Ptuh,0.02095071764945048
primary,Peve-Ptuh,0.07272900631718458
primary,Peve-Ptuh,-0.026547615323256984
primary,Peve-Ptuh,0.09725838558905973
primary,Peve-Ptuh,0.09207948878860622
primary,Peve-Ptuh,0.02885049270798891
primary,Peve-Ptuh,0.04789894027275582
primary,Peve-Ptuh,0.06966456533533005
primary,Peve-Ptuh,0.028014015149247236
primary,Peve-Ptuh,0.11558013600531927
primary,Peve-Ptuh,0.08456107707667272
primary,Peve-Ptuh,0.09381157676852495
primary,Peve-Ptuh,0.009331096963897589
primary,Peve-Ptuh,0.05203324461685758
primary,Peve-Ptuh,0.021118150618009125
primary,Peve-Ptuh,0.06608267876466348
primary,Peve-Ptuh,0.1458404069070514
primary,Peve-Ptuh,0.05307215376278304
primary,Peve-Ptuh,0.048335973627536374
primary,Peve-Ptuh,0.051501551100976845
primary,Peve-Ptuh,0.13271761669875026
primary,Peve-Ptuh,0.0545094497525903
primary,Peve-Ptuh,0.047346760405338466
primary,Peve-Ptuh,0.06703691980223823
primary,Peve-Ptuh,0.0493631460765815
primary,Peve-Ptuh,0.0722180634928603
primary,Peve-Ptuh,0.08780556004603166
primary,Peve-Ptuh,0.06389103566027492
primary,Peve-Ptuh,0.07349887019092975
primary,Peve-Ptuh,0.05622988033763464
primary,Peve-Ptuh,0.04348168637143085
primary,Peve-Ptuh,0.09219704079542344
primary,Peve-Ptuh,-0.002504595253862176
primary,Peve-Ptuh,0.05762580711433892
primary,Peve-Ptuh,0.08638853893574515
primary,Peve-Ptuh,0.04372897645997934
primary,Peve-Ptuh,0.038096710091519936
primary,Peve-Ptuh,-0.020579082015575206
primary,Peve-Ptuh,-0.0014948956801276404
primary,Peve-Ptuh,0.03508347177150597
primary,Peve-Ptuh,0.07487431061609742
primary,Peve-Ptuh,0.0871259947230595
primary,Peve-Ptuh,0.024237124945954033
primary,Peve-Ptuh,0.0941855385945747
primary,Peve-Ptuh,0.05819511621504108
primary,Peve-Ptuh,0.0290137226702323
primary,Peve-Ptuh,0.0653022677241272
primary,Peve-Ptuh,0.10662088614731281
primary,Peve-Ptuh,0.07720422998485768
primary,Peve-Ptuh,0.046390801157634824
primary,Peve-Ptuh,-0.020102820601852266
primary,Peve-Ptuh,0.05195468276296489
primary,Peve-Ptuh,0.0522645685682085
primary,Peve-Ptuh,-0.001856486393249475
primary,Peve-Ptuh,0.012702119500747878
primary,Peve-Ptuh,0.10987689434153622
primary,Peve-Ptuh,0.07876751042811465
primary,Peve-Ptuh,0.02830563505912077
primary,Peve-Ptuh,0.019216964327406844
primary,Peve-Ptuh,-0.050166290358822946
primary,Peve-Ptuh,-0.04181301356226871
primary,Peve-Ptuh,0.06564112519554388
primary,Peve-Ptuh,0.056627870671486696
primary,Peve-Ptuh,0.0640080325530505
primary,Peve-Ptuh,0.06588521676985246
primary,Peve-Ptuh,0.0689735276554974
primary,Peve-Ptuh,0.04666486889019183
primary,Peve-Ptuh,0.08249240494950782
primary,Peve-Ptuh,0.04326355298706932
primary,Peve-Ptuh,0.08259903971350617
primary,Peve-Ptuh,0.04138422761610676
primary,Peve-Ptuh,0.007718781446962641
primary,Peve-Ptuh,0.11714994564706599
primary,Peve-Ptuh,0.006870567191340634
primary,Peve-Ptuh,0.13193490590004148
primary,Peve-Ptuh,0.01299564265876417
primary,Peve-Ptuh,0.08472261526278921
primary,Peve-Ptuh,0.08958626015559662
primary,Peve-Ptuh,8.987560674129964e-4
primary,Peve-Ptuh,0.006937603820368851
primary,Peve-Ptuh,0.01901677963039159
primary,Peve-Ptuh,0.1169375484411347
primary,Peve-Ptuh,0.11652808575042213
primary,Peve-Ptuh,0.10427658668147395
primary,Peve-Ptuh,0.055140376511914224
primary,Peve-Ptuh,0.047928863563000274
primary,Peve-Ptuh,0.049656642800595806
primary,Peve-Ptuh,0.09035133947498292
primary,Peve-Ptuh,0.04464967274903801
primary,Peve-Ptuh,0.060922444369609786
primary,Peve-Ptuh,0.004957115523818364
primary,Peve-Ptuh,0.09909660608693914
primary,Peve-Ptuh,0.0721000092400054
primary,Peve-Ptuh,0.06693829454084067
primary,Peve-Ptuh,0.07450145901813095
primary,Peve-Ptuh,-0.014251654262973833
primary,Peve-Ptuh,0.04377158807117551
primary,Peve-Ptuh,0.006302738394749499
primary,Peve-Ptuh,0.05406216000504044
primary,Peve-Ptuh,0.09786147734429584
primary,Peve-Ptuh,0.057560832337465354
primary,Peve-Ptuh,0.02502792454926954
primary,Peve-Ptuh,0.10253662136896435
primary,Peve-Ptuh,0.04064206657643949
primary,Peve-Ptuh,0.04500431131963838
primary,Peve-Ptuh,0.09396402165795938
primary,Peve-Ptuh,-0.007168108317658301
primary,Peve-Ptuh,0.10016726246924586
primary,Peve-Ptuh,0.06649552500762984
primary,Peve-Ptuh,0.07545355890154509
primary,Peve-Ptuh,0.06933641363471639
primary,Peve-Ptuh,0.060667858496514064
primary,Peve-Ptuh,0.06921442071556606
primary,Peve-Ptuh,0.023542730147869558
primary,Peve-Ptuh,0.09332817817426667
primary,Peve-Ptuh,0.09721373855971088
primary,Peve-Ptuh,0.1357831414746861
primary,Peve-Ptuh,0.10466204729838618
primary,Peve-Ptuh,0.06440538847085497
primary,Peve-Ptuh,0.05419163374675188
primary,Peve-Ptuh,0.042248883820962035
primary,Peve-Ptuh,0.05465171755126138
primary,Peve-Ptuh,0.05437170216825827
primary,Peve-Ptuh,0.05059576358903645
primary,Peve-Ptuh,0.051709269488557176
primary,Peve-Ptuh,0.12777641444412552
primary,Peve-Ptuh,0.07166984872574035
primary,Peve-Ptuh,0.051117280014153825
primary,Peve-Ptuh,0.0605124001308536
primary,Peve-Ptuh,0.06712610812492799
primary,Peve-Ptuh,0.09631162537404608
primary,Peve-Ptuh,0.036933561136275626
primary,Peve-Ptuh,0.07377206560142133
primary,Peve-Ptuh,0.02597003237993422
primary,Peve-Ptuh,0.042361307631394604
primary,Peve-Ptuh,0.1356790443748781
primary,Peve-Ptuh,0.024695754880354488
primary,Peve-Ptuh,0.03048707463874401
primary,Peve-Ptuh,0.0600415841215391
primary,Peve-Ptuh,0.002519292558964577
primary,Peve-Ptuh,0.1104386697516733
primary,Peve-Ptuh,0.07609616948974539
primary,Peve-Ptuh,0.07169966627997687
primary,Peve-Ptuh,0.06448902565312835
primary,Peve-Ptuh,0.044379464380770485
primary,Peve-Ptuh,0.03653929799670313
primary,Peve-Ptuh,-0.003417519946337919
primary,Peve-Ptuh,0.06006891687958925
primary,Peve-Ptuh,0.05722329656614781
primary,Peve-Ptuh,0.044834234950881464
primary,Peve-Ptuh,0.058904049714216054
primary,Peve-Ptuh,0.101473075733191
primary,Peve-Ptuh,0.06995314533497558
primary,Peve-Ptuh,0.022882858156374544
primary,Peve-Ptuh,0.06433192837934495
primary,Peve-Ptuh,0.05974110882100135
primary,Peve-Ptuh,0.10394158857434674
primary,Peve-Ptuh,0.11827481816743929
primary,Peve-Ptuh,0.10378932872292619
primary,Peve-Ptuh,0.09988219819186404
primary,Peve-Ptuh,0.05077181404224146
primary,Peve-Ptuh,0.06635370658699247
primary,Peve-Ptuh,0.08806730953366469
primary,Peve-Ptuh,0.07457769467984915
primary,Peve-Ptuh,0.06328249850063036
primary,Peve-Ptuh,0.1343117191883191
primary,Peve-Ptuh,0.08234405733038071
primary,Peve-Ptuh,0.03212717229176282
primary,Peve-Ptuh,0.06318902786961941
primary,Peve-Ptuh,0.04729658866957523
primary,Peve-Ptuh,0.11754542475072968
primary,Peve-Ptuh,0.04048943664899118
primary,Peve-Ptuh,0.11681656001405973
primary,Peve-Ptuh,0.06977299761146323
primary,Peve-Ptuh,0.08283977416956295
primary,Peve-Ptuh,0.11365098254061926
primary,Peve-Ptuh,0.09728233479485608
primary,Peve-Ptuh,0.049345303125243156
primary,Peve-Ptuh,0.11336079006685279
primary,Peve-Ptuh,0.04098311807002074
primary,Peve-Ptuh,0.020175937051336513
primary,Peve-Ptuh,0.06705418120553297
primary,Peve-Ptuh,0.10054267816540467
primary,Peve-Ptuh,0.09943414185825668
primary,Peve-Ptuh,0.1057895367849558
primary,Peve-Ptuh,0.029368493410842588
primary,Peve-Ptuh,0.10870002613926287
primary,Peve-Ptuh,0.06898248878216955
primary,Peve-Ptuh,0.10164246481789636
primary,Peve-Ptuh,0.05349213718628474
primary,Peve-Ptuh,0.06470203084110523
primary,Peve-Ptuh,0.019521219690228128
primary,Peve-Ptuh,0.08471479079820232
primary,Peve-Ptuh,0.075957417413338
primary,Peve-Ptuh,0.09265664878789726
primary,Peve-Ptuh,0.07137968268597586
primary,Peve-Ptuh,0.04672265361852609
primary,Peve-Ptuh,0.04733148155219244
primary,Peve-Ptuh,-0.002568406934648499
primary,Peve-Ptuh,0.03565761829457098
primary,Peve-Ptuh,0.04571673410707507
primary,Peve-Ptuh,0.006683705231324679
primary,Peve-Ptuh,0.03405426390430817
primary,Peve-Ptuh,0.05385523463751959
primary,Peve-Ptuh,0.1019688454403772
primary,Peve-Ptuh,0.052646592764862984
primary,Peve-Ptuh,-0.008634825351672346
primary,Peve-Ptuh,0.04020862824592858
primary,Peve-Ptuh,0.11023076632607909
primary,Peve-Ptuh,-0.025784280648001538
primary,Peve-Ptuh,0.05636976907612727
primary,Peve-Ptuh,0.029429661691430634
primary,Peve-Ptuh,0.030034128014769842
primary,Peve-Ptuh,0.1012290105928844
primary,Peve-Ptuh,0.07586349740429335
primary,Peve-Ptuh,0.04872780483892646
primary,Peve-Ptuh,0.060880414306457235
primary,Peve-Ptuh,0.03732790357785406
primary,Peve-Ptuh,0.11741695550109359
primary,Peve-Ptuh,0.013600241152113288
primary,Peve-Ptuh,0.051938346549739556
primary,Peve-Ptuh,0.037131313905108466
primary,Peve-Ptuh,0.08645208627651164
primary,Peve-Ptuh,0.03593803018760383
primary,Peve-Ptuh,0.09734318586742034
primary,Peve-Ptuh,0.0641893169386481
primary,Peve-Ptuh,0.10973158663263713
primary,Peve-Ptuh,0.031078218225083915
primary,Peve-Ptuh,0.013495853278283468
primary,Peve-Ptuh,0.04256083147836029
primary,Peve-Ptuh,0.046348268848444604
primary,Peve-Ptuh,0.10205063224251178
primary,Peve-Ptuh,0.038860626314819
primary,Peve-Ptuh,0.085297078993878
primary,Peve-Ptuh,0.05027937501930508
primary,Peve-Ptuh,0.039288830712937324
primary,Peve-Ptuh,0.10316403240602458
primary,Peve-Ptuh,0.09381234335458244
primary,Peve-Ptuh,0.13204082694598632
primary,Peve-Ptuh,0.04800525782873038
primary,Peve-Ptuh,0.0227685575318012
primary,Peve-Ptuh,0.04711929581827702
primary,Peve-Ptuh,0.036681697965384126
primary,Peve-Ptuh,0.05658081814795743
primary,Peve-Ptuh,0.049192567461786914
primary,Peve-Ptuh,0.020152014279542135
primary,Peve-Ptuh,0.10341576340690617
primary,Peve-Ptuh,-0.01079099402540009
primary,Peve-Ptuh,0.05570524470028329
primary,Peve-Ptuh,0.05637809578675183
primary,Peve-Ptuh,0.05357728110667112
primary,Peve-Ptuh,-0.013645020351472041
primary,Peve-Ptuh,0.04774268888703587
primary,Peve-Ptuh,0.015388422084239375
primary,Peve-Ptuh,0.09064613146509438
primary,Peve-Ptuh,0.042687741121879404
primary,Peve-Ptuh,0.06826652383846717
primary,Peve-Ptuh,0.10247056279800952
primary,Peve-Ptuh,0.050833352398857265
primary,Peve-Ptuh,0.03905496909739607
primary,Peve-Ptuh,0.05934824668353394
primary,Peve-Ptuh,0.11489237614173246
primary,Peve-Ptuh,0.09550047158920387
primary,Peve-Ptuh,0.05399663011412524
primary,Peve-Ptuh,-0.03382664071323484
primary,Peve-Ptuh,0.03200668611072551
primary,Peve-Ptuh,0.06625603294966625
primary,Peve-Ptuh,0.02907029143447535
primary,Peve-Ptuh,0.0489705747131359
primary,Peve-Ptuh,0.05886928900160876
primary,Peve-Ptuh,0.012983245111834267
primary,Peve-Ptuh,0.06503665887220467
primary,Peve-Ptuh,0.12493211583078322
primary,Peve-Ptuh,0.10926574021569539
primary,Peve-Ptuh,0.05821742651271451
primary,Peve-Ptuh,0.14318981666023858
primary,Peve-Ptuh,0.07025623760170963
primary,Peve-Ptuh,0.08542097516117109
primary,Peve-Ptuh,0.06400663155094541
primary,Peve-Ptuh,0.05906738541246738
primary,Peve-Ptuh,0.030160694016263177
primary,Peve-Ptuh,0.010553801725609007
primary,Peve-Ptuh,0.02105354591716332
primary,Peve-Ptuh,0.0052622432087050764
primary,Peve-Ptuh,0.1193666217513322
primary,Peve-Ptuh,0.07782862754569188
primary,Peve-Ptuh,0.08069473421066993
primary,Peve-Ptuh,0.025899902972674024
primary,Peve-Ptuh,0.09037420488669799
primary,Peve-Ptuh,0.04593930840376971
primary,Peve-Ptuh,0.12377076438767373
primary,Peve-Ptuh,0.08537550867776078
primary,Peve-Ptuh,0.13460508374232352
primary,Peve-Ptuh,0.06531477100706504
primary,Peve-Ptuh,-0.0012800929800159343
primary,Peve-Ptuh,-0.014186626618096302
primary,Peve-Ptuh,0.039416321904500055
primary,Peve-Ptuh,0.07295295518198232
primary,Peve-Ptuh,0.055696336441615105
primary,Peve-Ptuh,0.026855650748361798
primary,Peve-Ptuh,0.07920636772903203
primary,Peve-Ptuh,0.10459059619102686
primary,Peve-Ptuh,0.054778944402804286
primary,Peve-Ptuh,0.09807445609827073
primary,Peve-Ptuh,0.06355675127120125
primary,Peve-Ptuh,0.09465672467991695
primary,Peve-Ptuh,-0.019226427700116663
primary,Peve-Ptuh,0.05854269690711207
primary,Peve-Ptuh,0.052581670855993384
primary,Peve-Ptuh,0.09769790374002668
primary,Peve-Ptuh,0.04849566143351408
primary,Peve-Ptuh,0.11947209341924331
primary,Peve-Ptuh,0.05980000377741889
primary,Peve-Ptuh,0.068478048722333
primary,Peve-Ptuh,0.0820257655125066
primary,Peve-Ptuh,0.12516486721824122
primary,Peve-Ptuh,-0.00630546109695372
primary,Peve-Ptuh,0.09470285201337683
primary,Peve-Ptuh,0.012211345819936418
primary,Peve-Ptuh,0.08529348396960836
primary,Peve-Ptuh,0.015582791300818428
primary,Peve-Ptuh,0.09365899970908059
primary,Peve-Ptuh,-0.0014660826179664589
primary,Peve-Ptuh,0.06259505584506736
primary,Peve-Ptuh,0.030855406022371443
primary,Peve-Ptuh,0.06923392900902932
primary,Peve-Ptuh,0.003224155221834211
primary,Peve-Ptuh,0.08975065321392725
primary,Peve-Ptuh,0.06155503647105862
primary,Peve-Ptuh,0.09093050845842465
primary,Peve-Ptuh,0.010111508004433882
primary,Peve-Ptuh,0.18869359844734074
primary,Peve-Ptuh,0.05093057665814976
primary,Peve-Ptuh,0.12386931034706537
primary,Peve-Ptuh,0.05119597403805643
primary,Peve-Ptuh,0.10440362849500297
primary,Peve-Ptuh,0.10862257451345345
primary,Peve-Ptuh,0.009025942845008895
primary,Peve-Ptuh,0.03256484006259096
primary,Peve-Ptuh,0.043966750307814044
primary,Peve-Ptuh,0.12158372079963015
primary,Peve-Ptuh,0.01728363429039356
primary,Peve-Ptuh,0.02420387097145975
primary,Peve-Ptuh,0.08489285023555802
primary,Peve-Ptuh,0.06660839819609614
primary,Peve-Ptuh,0.02545269252713011
primary,Peve-Ptuh,0.047674171953896616
primary,Peve-Ptuh,0.03656287712647173
primary,Peve-Ptuh,0.07188198159165181
primary,Peve-Ptuh,0.07781937564499791
primary,Peve-Ptuh,0.040635458075943806
primary,Peve-Ptuh,0.051334726114463804
primary,Peve-Ptuh,0.014922813573315478
primary,Peve-Ptuh,0.03460649663972949
primary,Peve-Ptuh,0.048784400037171494
primary,Peve-Ptuh,0.010068526317209954
primary,Peve-Ptuh,0.06918996926373203
primary,Peve-Ptuh,0.09243973136762693
primary,Peve-Ptuh,0.0569134107609042
primary,Peve-Ptuh,0.02248159000627662
primary,Peve-Ptuh,0.08961361934764875
primary,Peve-Ptuh,0.016279750197095225
primary,Peve-Ptuh,0.010021949605716373
primary,Peve-Ptuh,0.05630331399514268
primary,Peve-Ptuh,0.05528372810466659
primary,Peve-Ptuh,0.0838371819323755
primary,Peve-Ptuh,0.09162027730616214
primary,Peve-Ptuh,0.1213657724532825
primary,Peve-Ptuh,-0.02527545254383587
primary,Peve-Ptuh,0.027946661312195226
primary,Peve-Ptuh,0.0945813349062622
primary,Peve-Ptuh,0.11412827488041952
primary,Peve-Ptuh,0.0371159557499565
primary,Peve-Ptuh,0.038005248444659676
primary,Peve-Ptuh,0.10002737373075322
primary,Peve-Ptuh,0.06138522444232153
primary,Peve-Ptuh,0.036087012222778526
primary,Peve-Ptuh,0.052197294033162436
primary,Peve-Ptuh,-0.02232975309888779
primary,Peve-Ptuh,0.08944079384268563
primary,Peve-Ptuh,0.04758823501345075
primary,Peve-Ptuh,0.06860419177979461
primary,Peve-Ptuh,0.05800376047468807
primary,Peve-Ptuh,0.06056532100282303
primary,Peve-Ptuh,0.060806187628889716
primary,Peve-Ptuh,0.06333285527440748
primary,Peve-Ptuh,0.08762136792021594
primary,Peve-Ptuh,0.11299079334110043
primary,Peve-Ptuh,0.04659119732666594
primary,Peve-Ptuh,0.04665736163362873
primary,Peve-Ptuh,0.052075935530059694
primary,Peve-Ptuh,-0.0022629091737340285
primary,Peve-Ptuh,0.03404710028977086
primary,Peve-Ptuh,0.04519952642428088
primary,Peve-Ptuh,0.12475352771338787
primary,Peve-Ptuh,-0.03665647992749259
primary,Peve-Ptuh,0.027560169769205653
primary,Peve-Ptuh,0.06014665927942048
primary,Peve-Ptuh,0.03721386729330055
primary,Peve-Ptuh,0.11763395222336985
primary,Peve-Ptuh,0.06822430873730073
primary,Peve-Ptuh,0.018077632407948976
primary,Peve-Ptuh,0.037662505174951524
primary,Peve-Ptuh,0.08452327645383739
primary,Peve-Ptuh,0.030225378019114933
primary,Peve-Ptuh,0.031130954059039474
primary,Peve-Ptuh,0.018689632421853262
primary,Peve-Ptuh,-0.01685307726609877
primary,Peve-Ptuh,0.014293525722114484
primary,Peve-Ptuh,9.675109065700906e-4
primary,Peve-Ptuh,0.08107781576740372
primary,Peve-Ptuh,-0.004956798315794572
primary,Peve-Ptuh,0.06587424665902962
primary,Peve-Ptuh,0.04919283180180674
primary,Peve-Ptuh,0.046642955102548136
primary,Peve-Ptuh,0.0738730170549934
primary,Peve-Ptuh,0.05293913786480591
primary,Peve-Ptuh,0.01768751940668777
primary,Peve-Ptuh,0.13617959863642315
primary,Peve-Ptuh,0.03250824486434593
primary,Peve-Ptuh,0.08032415593687398
primary,Peve-Ptuh,0.028938121424561675
primary,Peve-Ptuh,0.10397463107682516
primary,Peve-Ptuh,0.05481878044379227
primary,Peve-Ptuh,0.054932235180302165
primary,Peve-Ptuh,0.08747494998323357
primary,Peve-Ptuh,0.042024776352152404
primary,Peve-Ptuh,-0.0034175728143418845
primary,Peve-Ptuh,0.045286679328817955
primary,Peve-Ptuh,0.07003739049929454
primary,Peve-Ptuh,0.033194630159829625
primary,Peve-Ptuh,0.004338321971404516
primary,Peve-Ptuh,0.03448061792228771
primary,Peve-Ptuh,0.07675577714122057
primary,Peve-Ptuh,0.06947138564884023
primary,Peve-Ptuh,0.08616469580695534
primary,Peve-Ptuh,0.09355482330726664
primary,Peve-Ptuh,0.06781899618489945
primary,Peve-Ptuh,0.05234032841789102
primary,Peve-Ptuh,0.03122873343237361
primary,Peve-Ptuh,0.06118493400929834
primary,Peve-Ptuh,0.040252138613192164
primary,Peve-Ptuh,0.01751810388798042
primary,Peve-Ptuh,0.03547850149713597
primary,Peve-Ptuh,0.021823171884890656
primary,Peve-Ptuh,0.1315059084818637
primary,Peve-Ptuh,-0.020381514284756243
primary,Peve-Ptuh,0.0586695801166292
primary,Peve-Ptuh,0.10718271442545386
primary,Peve-Ptuh,0.04452675463981828
primary,Peve-Ptuh,0.11270911261597241
primary,Peve-Ptuh,-0.012365271013481883
primary,Peve-Ptuh,-0.016191619234484783
primary,Peve-Ptuh,0.03863075623357713
primary,Peve-Ptuh,0.05960291185863561
primary,Peve-Ptuh,0.07149448555658688
primary,Peve-Ptuh,0.06002416411423248
primary,Peve-Ptuh,0.166688375590795
primary,Peve-Ptuh,0.13376413883724678
primary,Peve-Ptuh,0.09617860947606896
primary,Peve-Ptuh,0.09427879775356979
primary,Peve-Ptuh,0.044375446412469106
primary,Peve-Ptuh,0.05096036777838431
primary,Peve-Ptuh,0.12224293194107559
primary,Peve-Ptuh,0.05093625996857605
primary,Peve-Ptuh,0.028932993228177026
primary,Peve-Ptuh,0.054636597302127256
primary,Peve-Ptuh,0.020399991652142176
primary,Peve-Ptuh,0.04536791101691091
primary,Peve-Ptuh,0.07835212652095797
primary,Peve-Ptuh,0.05154130783995888
primary,Peve-Ptuh,0.10224362689098773
primary,Peve-Ptuh,0.088570560063412
primary,Peve-Ptuh,0.08947121937896775
primary,Peve-Ptuh,0.043391572858671706
primary,Peve-Ptuh,0.13068227784808562
primary,Peve-Ptuh,0.016086993454637117
primary,Peve-Ptuh,0.06330845669057741
primary,Peve-Ptuh,0.03584482389661271
primary,Peve-Ptuh,0.05764187898754442
primary,Peve-Ptuh,0.10208013258872452
primary,Peve-Ptuh,0.08537537650775087
primary,Peve-Ptuh,0.12998320423165022
primary,Peve-Ptuh,0.11553229046173051
primary,Peve-Ptuh,0.057501805211037905
primary,Peve-Ptuh,0.03629383185429145
primary,Peve-Ptuh,0.09079495489625718
primary,Peve-Ptuh,0.06484062431350071
primary,Peve-Ptuh,0.10607930631469054
primary,Peve-Ptuh,0.10652144143185376
primary,Peve-Ptuh,0.057738865340819075
primary,Peve-Ptuh,0.05329916897181077
primary,Peve-Ptuh,-0.009819703056546468
primary,Peve-Ptuh,0.015702722367814097
primary,Peve-Ptuh,0.010041801541205408
primary,Peve-Ptuh,0.038441726685398594
primary,Peve-Ptuh,0.0926025383858386
primary,Peve-Ptuh,0.006628696073198607
primary,Peve-Ptuh,0.06959977559647038
primary,Peve-Ptuh,0.0653659472349036
primary,Peve-Ptuh,0.08128786034715854
primary,Peve-Ptuh,0.06267573241911867
primary,Peve-Ptuh,0.008874608183657736
primary,Peve-Ptuh,0.03499486499685984
primary,Peve-Ptuh,0.07901025386832211
primary,Peve-Ptuh,0.04275253086073909
primary,Peve-Ptuh,0.03705494607338034
primary,Peve-Ptuh,0.08396657637208099
primary,Peve-Ptuh,0.028753321316700373
primary,Peve-Ptuh,0.04114825128040689
primary,Peve-Ptuh,0.03763625621098267
primary,Peve-Ptuh,0.07325480505062316
primary,Peve-Ptuh,0.0690627688461911
primary,Peve-Ptuh,0.0698780992033466
primary,Peve-Ptuh,0.041594192893855624
primary,Peve-Ptuh,0.05287255061381141
primary,Peve-Ptuh,0.12011277432529886
primary,Peve-Ptuh,0.036545113477139325
primary,Peve-Ptuh,0.01466362818387476
primary,Peve-Ptuh,0.08859633321534516
primary,Peve-Ptuh,0.13302010098343872
primary,Peve-Ptuh,0.03944061475232219
primary,Peve-Ptuh,0.07454227311719228
primary,Peve-Ptuh,0.021281380580252512
primary,Peve-Ptuh,0.07903256416599554
primary,Peve-Ptuh,-0.020668164602257025
primary,Peve-Ptuh,0.08507989723358786
primary,Peve-Ptuh,0.07377550202167908
primary,Peve-Ptuh,0.10876944182846952
primary,Peve-Ptuh,0.06460459510979687
primary,Peve-Ptuh,0.08827526582726286
primary,Peve-Ptuh,0.10209192215360881
primary,Peve-Ptuh,0.04670438772315601
primary,Peve-Ptuh,0.03705817102162224
primary,Peve-Ptuh,0.06409938846390283
primary,Peve-Ptuh,0.013768705046749262
primary,Peve-Ptuh,0.017561852161261847
primary,Peve-Ptuh,0.04256122798839003
primary,Peve-Ptuh,0.045228075146422235
primary,Peve-Ptuh,0.04481295557928536
primary,Peve-Ptuh,0.1085486914779117
primary,Peve-Ptuh,0.11340020316380904
primary,Peve-Ptuh,0.05241249324330388
primary,Peve-Ptuh,0.07711165810991415
primary,Peve-Ptuh,0.009153804112599384
primary,Peve-Ptuh,0.06848989115522126
primary,Peve-Ptuh,0.04511115755565259
primary,Peve-Ptuh,0.06953059781328155
primary,Peve-Ptuh,0.09674371557045588
primary,Peve-Ptuh,0.009119598514033727
primary,Peve-Ptuh,0.03611928813919944
primary,Peve-Ptuh,0.01823124039347065
primary,Peve-Ptuh,0.1035314914675866
primary,Peve-Ptuh,0.08795972314559496
primary,Peve-Ptuh,-0.003947019440054087
primary,Peve-Ptuh,0.10083604271940907
primary,Peve-Ptuh,0.041872067122698135
primary,Peve-Ptuh,0.04012195115342719
primary,Peve-Ptuh,0.05214950135757765
primary,Peve-Ptuh,0.022571016234984215
primary,Peve-Ptuh,0.06424012309045891
primary,Peve-Ptuh,0.08600617109706488
primary,Peve-Ptuh,0.14654141020563158
primary,Peve-Ptuh,0.03059246700464917
primary,Peve-Ptuh,0.047468383248461025
primary,Peve-Ptuh,0.03905359452929297
primary,Peve-Ptuh,0.05022587259929203
primary,Peve-Ptuh,0.08231487419219177
primary,Peve-Ptuh,0.06791397355402341
primary,Peve-Ptuh,0.03793334795926663
primary,Peve-Ptuh,0.05248156529048477
primary,Peve-Ptuh,0.05162158790398045
primary,Peve-Ptuh,0.09627771054950224
primary,Peve-Ptuh,0.047814166428397184
primary,Peve-Ptuh,0.09167333034814149
primary,Peve-Ptuh,0.07985860029395403
primary,Peve-Ptuh,0.1018323931221423
primary,Peve-Ptuh,0.049767771344931225
primary,Peve-Ptuh,0.045340763296874635
primary,Peve-Ptuh,-0.05606210372705022
primary,Peve-Ptuh,0.08507923638353829
primary,Peve-Ptuh,0.07124132711959823
primary,Peve-Ptuh,0.03878600312722174
primary,Peve-Ptuh,0.1055264655972236
primary,Peve-Ptuh,0.037461025211839125
primary,Peve-Ptuh,0.0493729530913171
primary,Peve-Ptuh,0.09392841505728863
primary,Peve-Ptuh,0.09675685326944129
primary,Peve-Ptuh,0.047737164180621475
primary,Peve-Ptuh,0.012435849798775787
primary,Peve-Ptuh,0.07303926219845595
primary,Peve-Ptuh,0.10833280498371871
primary,Peve-Ptuh,0.10998915954795689
primary,Peve-Ptuh,0.04789381207637117
primary,Peve-Ptuh,0.05373244869830978
primary,Peve-Ptuh,-0.004521562473148837
primary,Peve-Ptuh,0.061397278347225664
primary,Peve-Ptuh,0.09094673893564205
primary,Peve-Ptuh,0.060977400659731895
primary,Peve-Ptuh,0.03885457292836496
primary,Peve-Ptuh,0.11525383468484439
primary,Peve-Ptuh,0.06310922361763353
primary,Peve-Ptuh,0.056634690643998245
primary,Peve-Ptuh,0.07560552797894383
primary,Peve-Ptuh,0.05859001377066116
primary,Peve-Ptuh,0.03714223114792733
primary,Peve-Ptuh,-0.0026592870334651427
primary,Peve-Ptuh,0.004951722987413886
primary,Peve-Ptuh,0.10020810300230919
primary,Peve-Ptuh,0.036472869349720514
primary,Peve-Ptuh,0.059838808892329544
primary,Peve-Ptuh,0.009188009711165046
primary,Peve-Ptuh,0.12792521144128632
primary,Peve-Ptuh,0.02401806637152311
primary,Peve-Ptuh,0.1508031528732921
primary,Peve-Ptuh,0.0685383711148576
primary,Peve-Ptuh,0.10466717549477084
primary,Peve-Ptuh,0.023541223409756545
primary,Peve-Ptuh,0.13078492107778458
primary,Peve-Ptuh,0.042744865000164084
primary,Peve-Ptuh,0.08660677805611461
primary,Peve-Ptuh,0.06754524566036625
primary,Peve-Ptuh,0.11062048281731056
primary,Peve-Ptuh,0.013608514994733884
primary,Peve-Ptuh,0.128175277100043
primary,Peve-Ptuh,0.0255384444295621
primary,Peve-Ptuh,0.07248903844718531
primary,Peve-Ptuh,0.023911933853562422
primary,Peve-Ptuh,0.07393585067770636
primary,Peve-Ptuh,0.0941521524500705
primary,Peve-Ptuh,0.04452910726599475
primary,Peve-Ptuh,0.037287856064850224
primary,Peve-Ptuh,0.010677909364917948
primary,Peve-Ptuh,0.062497038565715375
primary,Peve-Ptuh,0.0056650709649199785
primary,Peve-Ptuh,0.04838736132739081
primary,Peve-Ptuh,0.0654787939893679
primary,Peve-Ptuh,0.060742851760139084
primary,Peve-Ptuh,0.08314574774251311
primary,Peve-Ptuh,0.08603017317086521
primary,Peve-Ptuh,0.1188250947867139
primary,Peve-Ptuh,0.040914786174895364
primary,Peve-Ptuh,0.08611256795504538
primary,Peve-Ptuh,0.06749319711046223
primary,Peve-Ptuh,0.027918747006101457
primary,Peve-Ptuh,0.0786601090780588
primary,Peve-Ptuh,0.06719584102215845
primary,Peve-Ptuh,0.10192105276479241
primary,Peve-Ptuh,0.06767368847600035
primary,Peve-Ptuh,0.005493012046014354
primary,Peve-Ptuh,-6.333586875063352e-4
primary,Peve-Ptuh,0.037931021767092156
primary,Peve-Ptuh,0.029982978220933248
primary,Peve-Ptuh,0.051868481482499194
primary,Peve-Ptuh,0.026410951533006245
primary,Peve-Ptuh,0.06810757618454497
primary,Peve-Ptuh,0.0778572027018352
primary,Peve-Ptuh,0.11128455781512082
primary,Peve-Ptuh,0.06734109586305358
primary,Peve-Ptuh,0.09044216670579559
primary,Peve-Ptuh,0.09309241331058266
primary,Peve-Ptuh,0.07031568767216878
primary,Peve-Ptuh,0.09032799825123218
primary,Peve-Ptuh,0.024187270418214595
primary,Peve-Ptuh,0.06765946698293364
primary,Peve-Ptuh,0.09870025466121002
primary,Peve-Ptuh,0.03593160672512202
primary,Peve-Ptuh,0.033020060010735645
primary,Peve-Ptuh,0.1066051314821311
primary,Peve-Ptuh,0.05745150130526476
primary,Peve-Ptuh,0.06104739789698218
primary,Peve-Ptuh,0.021297531755463967
primary,Peve-Ptuh,0.12647927153283073
primary,Peve-Ptuh,0.02140030715517284
primary,Peve-Ptuh,0.09827419141725229
primary,Peve-Ptuh,0.04462828764143397
primary,Peve-Ptuh,0.024998239165042926
primary,Peve-Ptuh,0.055711033746717514
primary,Peve-Ptuh,0.09916240031787417
primary,Peve-Ptuh,0.09723940597563613
primary,Peve-Ptuh,0.05902361070518397
primary,Peve-Ptuh,0.0664335901409843
primary,Peve-Ptuh,0.03411448056082484
primary,Peve-Ptuh,0.09080737887718907
primary,Peve-Ptuh,0.040717826426122004
primary,Peve-Ptuh,0.07726093091911065
primary,Peve-Ptuh,0.12381134058071723
primary,Peve-Ptuh,0.0770945817446333
primary,Peve-Ptuh,0.11745594565401812
primary,Peve-Ptuh,0.06902840464361355
primary,Peve-Ptuh,0.07009387996153166
primary,Peve-Ptuh,0.040181903469924035
primary,Peve-Ptuh,0.09136547996105056
primary,Peve-Ptuh,0.022523276427403396
primary,Peve-Ptuh,0.04176485081065617
primary,Peve-Ptuh,0.11257686330405278
primary,Peve-Ptuh,0.027994665459795873
primary,Peve-Ptuh,0.10642873738690031
primary,Peve-Ptuh,0.026231887603575196
primary,Peve-Ptuh,0.06389357332446526
primary,Peve-Ptuh,0.10815070114405964
primary,Peve-Ptuh,0.06297123812728365
primary,Peve-Ptuh,0.016547024391142657
primary,Peve-Ptuh,0.10497521091987565
primary,Peve-Ptuh,0.06791746284228513
primary,Peve-Ptuh,0.06854820456359519
primary,Peve-Ptuh,0.08360847494722089
primary,Peve-Ptuh,0.04065832348765887
primary,Peve-Ptuh,0.029316999974980218
primary,Peve-Ptuh,0.08177955921803941
primary,Peve-Ptuh,0.07084294027571643
primary,Peve-Ptuh,0.07383037900979524
primary,Peve-Ptuh,0.05400321218061894
primary,Peve-Ptuh,0.053710534910666095
primary,Peve-Ptuh,0.0024789014039349575
primary,Peve-Ptuh,0.09402085476222226
primary,Peve-Ptuh,-4.0229907617524683e-4
primary,Peve-Ptuh,0.06905534089163397
primary,Peve-Ptuh,0.12449833385824655
primary,Peve-Ptuh,0.10489847301211977
primary,Peve-Ptuh,0.139151705649352
primary,Peve-Ptuh,0.07534158446914622
primary,Peve-Ptuh,0.01235324354257974
primary,Peve-Ptuh,0.10388940785443282
primary,Peve-Ptuh,0.08026076720011936
primary,Peve-Ptuh,0.05347461144297018
primary,Peve-Ptuh,0.07657301245151195
primary,Peve-Ptuh,0.12535902496280438
primary,Peve-Ptuh,0.061074809957038276
primary,Peve-Ptuh,0.05236766117594117
primary,Peve-Ptuh,0.055052192681299815
primary,Peve-Ptuh,0.08658912014279015
primary,Peve-Ptuh,0.05100969362608409
primary,Peve-Ptuh,0.033582813478946094
primary,Peve-Ptuh,0.01939245966657022
primary,Peve-Ptuh,0.0752687323596818
primary,Peve-Ptuh,0.030329131476897166
primary,Peve-Ptuh,0.09396610994411601
primary,Peve-Ptuh,0.07630195819518099
primary,Peve-Ptuh,0.017479536679087606
primary,Peve-Ptuh,0.11493950796726768
primary,Peve-Ptuh,0.008867999683162053
primary,Peve-Ptuh,0.0788885517231936
primary,Peve-Ptuh,0.06960212822264683
primary,Peve-Ptuh,-0.015067962678202677
primary,Peve-Ptuh,0.04198174179692451
primary,Peve-Ptuh,0.02681819376755226
primary,Peve-Ptuh,0.14284561952042138
primary,Peve-Ptuh,0.029092839638166623
primary,Peve-Ptuh,0.11043721588156426
primary,Peve-Ptuh,0.024651821569059183
primary,Peve-Ptuh,0.08269697769085221
primary,Peve-Ptuh,0.12906528351279972
primary,Peve-Ptuh,0.023373156025150315
primary,Peve-Ptuh,0.052061158922951344
primary,Peve-Ptuh,-0.0016129499329825357
primary,Peve-Ptuh,0.09915198532109297
primary,Peve-Ptuh,0.10975786203060796
primary,Peve-Ptuh,0.11374947563200694
primary,Peve-Ptuh,0.014635555273769094
primary,Peve-Ptuh,0.12785886209630967
primary,Peve-Ptuh,0.055327291339934144
primary,Peve-Ptuh,0.09104409536494447
primary,Peve-Ptuh,0.1121270094583106
primary,Peve-Ptuh,0.1148817761069374
primary,Peve-Ptuh,0.02595242733461372
primary,Peve-Ptuh,0.07180455639984437
primary,Peve-Ptuh,0.09579848852755724
primary,Peve-Ptuh,0.1205219726759916
primary,Peve-Ptuh,0.07554584000246682
primary,Peve-Ptuh,0.058802913222630114
primary,Peve-Ptuh,0.006406412550525787
primary,Peve-Ptuh,0.08687587619629886
primary,Peve-Ptuh,0.06533787432479794
primary,Peve-Ptuh,0.04733864516672976
primary,Peve-Ptuh,0.07501864026692316
primary,Peve-Ptuh,0.05682713017843256
primary,Peve-Ptuh,0.12375588204455744
primary,Peve-Ptuh,0.007977041646333963
primary,Peve-Ptuh,0.13936854376761637
primary,Peve-Ptuh,0.10635258102718805
primary,Peve-Ptuh,-0.013643434311353078
primary,Peve-Ptuh,0.08864848750125712
primary,Peve-Ptuh,0.07214560789342561
primary,Peve-Ptuh,0.0815037997093555
primary,Peve-Ptuh,-0.01375054488738712
primary,Peve-Ptuh,0.08972934740832916
primary,Peve-Ptuh,0.036148867787418125
primary,Peve-Ptuh,0.0821970842793567
primary,Peve-Ptuh,0.060860720974980104
primary,Peve-Ptuh,0.038888910696940525
primary,Peve-Ptuh,0.10256572520514735
primary,Peve-Ptuh,-0.04110067007683796
primary,Peve-Ptuh,0.010725543436490837
primary,Peve-Ptuh,0.04840036685636632
primary,Peve-Ptuh,0.023772203719081685
primary,Peve-Ptuh,0.07047381587202951
primary,Peve-Ptuh,0.03573435620232686
primary,Peve-Ptuh,0.033375491601395496
primary,Peve-Ptuh,0.04067458039887825
primary,Peve-Ptuh,0.031869044262401405
primary,Peve-Ptuh,0.04165229483021368
primary,Peve-Ptuh,0.12655505781651522
primary,Peve-Ptuh,0.04469019607407754
primary,Peve-Ptuh,0.031680173318234764
primary,Peve-Ptuh,0.08930008565013152
primary,Peve-Ptuh,0.06750451086331086
primary,Peve-Ptuh,0.03788605752971952
primary,Peve-Ptuh,0.07114175023412926
primary,Peve-Ptuh,0.04189347866430415
primary,Peve-Ptuh,0.07491755664334117
primary,Peve-Ptuh,0.11156438816011006
primary,Peve-Ptuh,0.09667358616319568
primary,Peve-Ptuh,0.07453640476875212
primary,Peve-Ptuh,0.04422643794329243
primary,Peve-Ptuh,0.09389875610706401
primary,Peve-Ptuh,0.0516080272609633
primary,Peve-Ptuh,0.04777945858379385
primary,Peve-Ptuh,0.11213541547094111
primary,Peve-Ptuh,0.208425920077403
primary,Peve-Ptuh,0.03509087329206114
primary,Peve-Ptuh,0.0514638033461455
primary,Peve-Ptuh,0.0655757010406366
primary,Peve-Ptuh,0.04460658532580614
primary,Peve-Ptuh,0.02010702360816752
primary,Peve-Ptuh,0.014921227533196515
primary,Peve-Ptuh,0.08293953609304579
primary,Peve-Ptuh,0.06548437156378627
primary,Peve-Ptuh,0.12036249634202976
primary,Peve-Ptuh,0.03469190490013571
primary,Peve-Ptuh,0.075550307348801915
primary,Peve-Ptuh,0.06550287536517417
primary,Peve-Ptuh,0.13658475258481254
primary,Peve-Ptuh,0.07868773261013076
primary,Peve-Ptuh,0.05004863261599779
primary,Peve-Ptuh,0.046371953714221134
primary,Peve-Ptuh,0.04092551837970036
primary,Peve-Ptuh,0.006841410487153676
primary,Peve-Ptuh,0.03856178992240418
primary,Peve-Ptuh,0.029550174306469924
primary,Peve-Ptuh,-0.013018745976497081
primary,Peve-Ptuh,0.08343564944225776
primary,Peve-Ptuh,0.0784978307398868
primary,Peve-Ptuh,0.10217281019967599
primary,Peve-Ptuh,0.0549027877020934
primary,Peve-Ptuh,0.09874384433047953
primary,Peve-Ptuh,0.10289345396172932
primary,Peve-Ptuh,0.07327227792593376
primary,Peve-Ptuh,0.08069269879251727
primary,Peve-Ptuh,0.005051722816914573
primary,Peve-Ptuh,0.022400516922195576
primary,Peve-Ptuh,0.011895062986212991
primary,Peve-Ptuh,0.05396900658205328
primary,Peve-Ptuh,0.04239464090789483
primary,Peve-Ptuh,0.06629076722827158
primary,Peve-Ptuh,0.07905410787761147
primary,Peve-Ptuh,0.06323296118091472
primary,Peve-Ptuh,0.060121652713544804
primary,Peve-Ptuh,0.03505053500503549
primary,Peve-Ptuh,0.0954692001648583
primary,Peve-Ptuh,0.1830614113808873
primary,Peve-Ptuh,0.04486222855898118
primary,Peve-Ptuh,0.07981326598055365
primary,Peve-Ptuh,0.07860732037609929
primary,Peve-Ptuh,0.06972346029174759
primary,Peve-Ptuh,0.07137386720553966
primary,Peve-Ptuh,0.06919285056994814
primary,Peve-Ptuh,-3.4649689798969287e-4
primary,Peve-Ptuh,0.030228999477386567
primary,Peve-Ptuh,0.08082354710233179
primary,Peve-Ptuh,0.07701031014631235
primary,Peve-Ptuh,0.01787498934874933
primary,Peve-Ptuh,0.003957434436835285
primary,Peve-Ptuh,0.08017274197351687
primary,Peve-Ptuh,0.07266685997852317
primary,Peve-Ptuh,0.09907709779347587
primary,Peve-Ptuh,0.06928225036465376
primary,Peve-Ptuh,0.05258534518226898
primary,Peve-Ptuh,0.032661588509847773
primary,Peve-Ptuh,0.03666512384614095
primary,Peve-Ptuh,0.07514827261264649
primary,Peve-Ptuh,0.06830255338316962
primary,Peve-Ptuh,0.10430328502347651
primary,Peve-Ptuh,0.0426937152063275
primary,Peve-Ptuh,-0.007893827408092313
primary,Peve-Ptuh,0.05879738851621572
primary,Peve-Ptuh,0.052221481144976635
primary,Peve-Ptuh,0.024877726550003636
primary,Peve-Ptuh,0.14699131691937772
primary,Peve-Ptuh,0.028024192240010588
primary,Peve-Ptuh,0.08435433674716575
primary,Peve-Ptuh,0.10174894097788281
primary,Peve-Ptuh,0.05918686710142934
primary,Peve-Ptuh,3.3605546720651244e-4
primary,Peve-Ptuh,0.054489148439067554
primary,Peve-Ptuh,0.08522079046415583
primary,Peve-Ptuh,0.06622301688118984
primary,Peve-Ptuh,0.04016371687655991
primary,Peve-Ptuh,0.10762701713077968
primary,Peve-Ptuh,-0.009239106636997672
primary,Peve-Ptuh,0.12868659000039506
primary,Peve-Ptuh,0.09263885870456287
primary,Peve-Ptuh,0.03310113309481669
primary,Peve-Ptuh,0.07963306538903733
primary,Peve-Ptuh,0.10998115004535614
primary,Peve-Ptuh,0.022903185903899267
primary,Peve-Ptuh,-0.008552166227472333
primary,Peve-Ptuh,0.059386390948395026
primary,Peve-Ptuh,0.03826583483620547
primary,Peve-Ptuh,0.015425244649001326
primary,Peve-Ptuh,0.08526786942168708
primary,Peve-Ptuh,-0.009159778197047485
primary,Peve-Ptuh,0.08881901324804772
primary,Peve-Ptuh,0.06774630267944692
primary,Peve-Ptuh,0.07533835952090433
primary,Peve-Ptuh,0.07320976151124459
primary,Peve-Ptuh,0.10414407302953449
primary,Peve-Ptuh,0.053417857640713245
primary,Peve-Ptuh,0.09979634055342412
primary,Peve-Ptuh,0.08426884918475358
primary,Peve-Ptuh,0.005874692600643068
primary,Peve-Ptuh,0.07789323224653767
primary,Peve-Ptuh,0.09048247855881927
primary,Peve-Ptuh,0.05344963131109649
primary,Peve-Ptuh,0.07534864234767563
primary,Peve-Ptuh,0.07621126313437822
primary,Peve-Ptuh,0.07431842998840248
primary,Peve-Ptuh,0.027005399369593994
primary,Peve-Ptuh,0.02867132304254993
primary,Peve-Ptuh,0.05642948348660627
primary,Peve-Ptuh,0.07047957848446175
primary,Peve-Ptuh,0.014117977514947139
primary,Peve-Ptuh,0.11335563543646615
primary,Peve-Ptuh,0.12422117334745755
primary,Peve-Ptuh,0.06151697150820348
primary,Peve-Ptuh,0.07630983552777183
primary,Peve-Ptuh,0.09908769782827097
primary,Peve-Ptuh,0.005689892492781766
primary,Peve-Ptuh,0.09641561673784618
primary,Peve-Ptuh,0.06533470224456002
primary,Peve-Ptuh,0.03677384689629594
primary,Peve-Ptuh,0.05577637859961883
primary,Peve-Ptuh,0.0322862785496969
primary,Peve-Ptuh,0.045282159114478915
primary,Peve-Ptuh,0.0326228098289391
primary,Peve-Ptuh,0.015098784724514546
primary,Peve-Ptuh,0.05075389178889716
primary,Peve-Ptuh,0.04522897390248965
primary,Peve-Ptuh,0.0769497234137679
primary,Peve-Ptuh,0.0745368805807878
primary,Peve-Ptuh,0.07765643645677633
primary,Peve-Ptuh,0.03662748182731754
primary,Peve-Ptuh,0.09843081287899999
primary,Peve-Ptuh,0.08129557907573749
primary,Peve-Ptuh,0.0547189127843015
primary,Peve-Ptuh,0.07635884416744783
primary,Peve-Ptuh,0.09747834291955806
primary,Peve-Ptuh,0.04303518964394047
primary,Peve-Ptuh,0.08910352241138791
primary,Peve-Ptuh,0.045769549243036584
primary,Peve-Ptuh,0.08035140939291817
primary,Peve-Ptuh,0.02751866838609276
primary,Peve-Ptuh,0.07388530886591536
primary,Peve-Ptuh,0.042364056767600806
primary,Peve-Ptuh,0.03507347971875649
primary,Peve-Ptuh,0.09287298466012396
primary,Peve-Ptuh,0.04753438895141192
primary,Peve-Ptuh,0.05554325713613309
primary,Peve-Ptuh,0.06561939644591408
primary,Peve-Ptuh,0.1160954404399707
primary,Peve-Ptuh,0.090657445217943
primary,Peve-Ptuh,0.12948907343258695
primary,Peve-Ptuh,0.009627950806163707
primary,Peve-Ptuh,0.06735497371409452
primary,Peve-Ptuh,0.05534952233560163
primary,Peve-Ptuh,0.12721643654612327
primary,Peve-Ptuh,0.024532207710087305
primary,Peve-Ptuh,0.07960528325295349
primary,Peve-Ptuh,-0.015273513477620427
primary,Peve-Ptuh,0.053369800625108633
primary,Peve-Ptuh,0.05098310102008946
primary,Peve-Ptuh,0.05676276338360459
primary,Peve-Ptuh,0.05101846971474236
primary,Peve-Ptuh,0.12948272927211107
primary,Peve-Ptuh,0.04163788829913309
primary,Peve-Ptuh,0.10600613699720232
primary,Peve-Ptuh,0.07034235958016936
primary,Peve-Ptuh,0.07079512116612965
primary,Peve-Ptuh,0.07768995477129044
primary,Peve-Ptuh,0.07620528904993012
primary,Peve-Ptuh,0.03832647443675387
primary,Peve-Ptuh,0.034179878281730136
primary,Peve-Ptuh,0.050374960370474654
primary,Peve-Ptuh,0.06735687696223727
primary,Peve-Ptuh,0.08498951938080888
primary,Peve-Ptuh,0.11980254487802948
primary,Peve-Ptuh,0.07798614776350699
primary,Peve-Ptuh,0.03513102654107291
primary,Peve-Ptuh,0.0859773580349037
primary,Peve-Ptuh,0.05877663782465927
primary,Peve-Ptuh,0.11516636457228352
primary,Peve-Ptuh,0.07247349525401946
primary,Peve-Ptuh,0.021782674993853106
primary,Peve-Ptuh,0.0675044315613049
primary,Peve-Ptuh,0.049391879836736735
primary,Peve-Ptuh,0.05050134133395411
primary,Peve-Ptuh,0.09861661747893663
primary,Peve-Ptuh,0.023926736894672757
primary,Peve-Ptuh,0.10649231116166878
primary,Peve-Ptuh,0.10823357174027551
primary,Peve-Ptuh,0.0396737890838119
primary,Peve-Ptuh,0.032023921080018246
primary,Peve-Ptuh,0.14468516171839996
primary,Peve-Ptuh,0.02142301396287601
primary,Peve-Ptuh,-0.00420364073130248
primary,Peve-Ptuh,0.06910501038135951
primary,Peve-Ptuh,0.11514603682475878
primary,Peve-Ptuh,0.12257877593626625
primary,Peve-Ptuh,0.07943245774799036
primary,Peve-Ptuh,0.040826100098243286
primary,Peve-Ptuh,0.07784797723514324
primary,Peve-Ptuh,0.05859976791739279
primary,Peve-Ptuh,0.07827985595953717
primary,Peve-Ptuh,0.0591315143012775
primary,Peve-Ptuh,0.031038990166141537
primary,Peve-Ptuh,0.12023236175026876
primary,Peve-Ptuh,0.10198880311187415
primary,Peve-Ptuh,0.07131785355533825
primary,Peve-Ptuh,0.1066591890161858
primary,Peve-Ptuh,0.09193370526767143
primary,Peve-Ptuh,0.06478051339299197
primary,Peve-Ptuh,0.10013786785904105
primary,Peve-Ptuh,0.10780082069381616
primary,Peve-Ptuh,0.12951524309454984
primary,Peve-Ptuh,0.015736584324353983
primary,Peve-Ptuh,0.16546664888715695
primary,Peve-Ptuh,0.07287893997643066
primary,Peve-Ptuh,0.060561144430509764
primary,Peve-Ptuh,0.039455893605468216
primary,Peve-Ptuh,0.059484619699762875
primary,Peve-Ptuh,0.08769948039607493
primary,Peve-Ptuh,0.10607914771067864
primary,Peve-Ptuh,0.0637535788499647
primary,Peve-Ptuh,0.04053347569629441
primary,Peve-Ptuh,0.05837227689632938
primary,Peve-Ptuh,0.04737311510531524
primary,Peve-Ptuh,0.044058925672727844
primary,Peve-Ptuh,0.032773562942246634
primary,Peve-Ptuh,0.08670180829324255
primary,Peve-Ptuh,0.010120151923082235
primary,Peve-Ptuh,0.05756299992562794
primary,Peve-Ptuh,0.06788190910961836
primary,Peve-Ptuh,0.0677886235166213
primary,Peve-Ptuh,0.06158173481306119
primary,Peve-Ptuh,0.030880544758257022
primary,Peve-Ptuh,0.1014452142951012
primary,Peve-Ptuh,-0.02621869703658581
primary,Peve-Ptuh,0.07073974193197582
primary,Peve-Ptuh,0.08273189700747141
primary,Peve-Ptuh,0.0796938900275996
primary,Peve-Ptuh,0.03214927111742038
primary,Peve-Ptuh,0.09118633672961356
primary,Peve-Ptuh,0.01941503430426348
primary,Peve-Ptuh,0.08471375987212498
primary,Peve-Ptuh,0.09015358670615008
primary,Peve-Ptuh,0.05800949665311832
primary,Peve-Ptuh,0.11317860692518777
primary,Peve-Ptuh,0.00462539523293702
primary,Peve-Ptuh,0.09594850148880925
primary,Peve-Ptuh,0.03216724623876864
primary,Peve-Ptuh,0.04857908714377159
primary,Peve-Ptuh,0.06843969298545605
primary,Peve-Ptuh,0.045233309078814815
primary,Peve-Ptuh,0.07781020304630991
primary,Peve-Ptuh,0.016649218242807916
primary,Peve-Ptuh,0.03195297221869659
primary,Peve-Ptuh,0.11375693002056605
primary,Peve-Ptuh,0.022893167417147812
primary,Peve-Ptuh,0.042435719346976
primary,Peve-Ptuh,0.058399821126395385
primary,Peve-Ptuh,0.07809167229942207
primary,Peve-Ptuh,0.043706851200319786
primary,Peve-Ptuh,0.03771960261923423
primary,Peve-Ptuh,0.10535779023057178
primary,Peve-Ptuh,0.06435688207721665
primary,Peve-Ptuh,0.10746296771447483
primary,Peve-Ptuh,0.0514849241137297
primary,Peve-Ptuh,0.026869660769412648
primary,Peve-Ptuh,0.09273735179595055
primary,Peve-Ptuh,0.04233608959350307
primary,Peve-Ptuh,0.09029619814684693
primary,Peve-Ptuh,0.054620155352893995
primary,Peve-Ptuh,0.07820803477615007
primary,Peve-Ptuh,0.05478383469317109
primary,Peve-Ptuh,0.07456706821105209
primary,Peve-Ptuh,0.14365714338129135
primary,Peve-Ptuh,0.10087508574033756
primary,Peve-Ptuh,0.06690387747025915
primary,Peve-Ptuh,0.08687222830402523
primary,Peve-Ptuh,0.030397754146044346
primary,Peve-Ptuh,0.03475172504662264
primary,Peve-Ptuh,0.09877889581710865
primary,Peve-Ptuh,0.08606123312319493
primary,Peve-Ptuh,0.08917830420299706
primary,Peve-Ptuh,0.03814598307121576
primary,Peve-Ptuh,0.09133568884081601
primary,Peve-Ptuh,0.04201824715366266
primary,Peve-Ptuh,0.08738102997418891
primary,Peve-Ptuh,0.0970687216248336
primary,Peve-Ptuh,0.05704515782678616
primary,Peve-Ptuh,0.10589191567463492
primary,Peve-Ptuh,0.03162751678628515
primary,Peve-Ptuh,0.04562217968198284
primary,Peve-Ptuh,0.10146414104052083
primary,Peve-Ptuh,0.12376251697905512
primary,Peve-Ptuh,0.05415187700776984
primary,Peve-Ptuh,0.05991248045585543
primary,Peve-Ptuh,0.06221535784058735
primary,Peve-Ptuh,0.14335709102478533
primary,Peve-Ptuh,0.08850706559064947
primary,Peve-Ptuh,0.003967981603626396
primary,Peve-Ptuh,0.07615696769430567
primary,Peve-Ptuh,0.0024526260059641192
primary,Peve-Ptuh,0.025113835055713428
primary,Peve-Ptuh,0.009515341957717255
primary,Peve-Ptuh,0.07492006787352953
primary,Peve-Ptuh,0.14941576427922823
primary,Peve-Ptuh,0.11074170915040338
primary,Peve-Ptuh,0.10478792601582797
primary,Peve-Ptuh,0.13497687798021069
primary,Peve-Ptuh,-0.005103639196808666
primary,Peve-Ptuh,0.10364967789045139
primary,Peve-Ptuh,0.022900278163681165
primary,Peve-Ptuh,0.044411898901203305
primary,Peve-Ptuh,0.10990282609748128
primary,Peve-Ptuh,0.06515302134893268
primary,Peve-Ptuh,0.016040099535119746
primary,Peve-Ptuh,0.09017063663742894
primary,Peve-Ptuh,0.037731497920126464
primary,Peve-Ptuh,0.0392147626393817
primary,Peve-Ptuh,0.12376997136761425
primary,Peve-Ptuh,0.0991003332812187
primary,Peve-Ptuh,0.07464066047257202
primary,Peve-Ptuh,0.04427507650694067
primary,Peve-Ptuh,0.02748850718983046
primary,Peve-Ptuh,0.07893378030058606
primary,Peve-Ptuh,0.0376019184424071
primary,Peve-Ptuh,0.04895230881776583
primary,Peve-Ptuh,0.06991518610812837
primary,Peve-Ptuh,0.0723099216497503
primary,Peve-Ptuh,0.05537585060157643
primary,Peve-Ptuh,0.060803332756675585
primary,Peve-Ptuh,0.10960729395531431
primary,Peve-Ptuh,0.13222509837380797
primary,Peve-Ptuh,0.03216161579634631
primary,Peve-Ptuh,0.06729843138385344
primary,Peve-Ptuh,0.042829004428475134
primary,Peve-Ptuh,0.04293230850822367
primary,Peve-Ptuh,0.08858631472859373
primary,Peve-Ptuh,0.03194940362842892
primary,Peve-Ptuh,0.09612529209406978
primary,Peve-Ptuh,0.0795490581307362
primary,Peve-Ptuh,0.061168307022051206
primary,Peve-Ptuh,0.1511611485621443
primary,Peve-Ptuh,0.007042599676244274
primary,Peve-Ptuh,0.07473571714370195
primary,Peve-Ptuh,0.05378227679204724
primary,Peve-Ptuh,0.0662762020931791
primary,Peve-Ptuh,0.04711178856171393
primary,Peve-Ptuh,0.08432859002923455
primary,Peve-Ptuh,0.0809005493501075
primary,Peve-Ptuh,0.07958003878105997
primary,Peve-Ptuh,0.020292643170090285
primary,Peve-Ptuh,-0.012872513077528588
primary,Peve-Ptuh,0.07516222976569337
primary,Peve-Ptuh,0.11225066771958583
primary,Peve-Ptuh,0.05415769248820604
primary,Peve-Ptuh,0.06555344361096715
primary,Peve-Ptuh,0.09944902420137297
primary,Peve-Ptuh,0.026806747844693737
primary,Peve-Ptuh,0.06692827605408921
primary,Peve-Ptuh,0.034180829905801506
primary,Peve-Ptuh,0.055161312241484545
primary,Peve-Ptuh,-0.020675037442772534
primary,Peve-Ptuh,0.013560854489159014
primary,Peve-Ptuh,0.09618167582029896
primary,Peve-Ptuh,0.03316951785794602
primary,Peve-Ptuh,0.05220887212603088
primary,Peve-Ptuh,0.027325990945640605
primary,Peve-Ptuh,0.06635738091326808
primary,Peve-Ptuh,0.06240766520501175
primary,Peve-Ptuh,0.021845878692593825
primary,Peve-Ptuh,0.11009841127815154
primary,Peve-Ptuh,0.05490120166197444
primary,Peve-Ptuh,0.07128917266318698
primary,Peve-Ptuh,0.11799644169255911
primary,Peve-Ptuh,0.008261841583695952
primary,Peve-Ptuh,0.10680505183912653
primary,Peve-Ptuh,0.10114571705263681
primary,Peve-Ptuh,0.05573786425872999
primary,Peve-Ptuh,0.058148750975563365
primary,Peve-Ptuh,0.05849479849551935
primary,Peve-Ptuh,0.05085809462471311
primary,Peve-Ptuh,0.08450231429026508
primary,Peve-Ptuh,0.0802380603924162
primary,Peve-Ptuh,0.10014032622122544
primary,Peve-Ptuh,0.03782721544130595
primary,Peve-Ptuh,0.031566771449728824
primary,Peve-Ptuh,0.026087637254755408
primary,Peve-Ptuh,0.09786282547839695
primary,Peve-Ptuh,0.009117007981839419
primary,Peve-Ptuh,0.009656816736328852
primary,Peve-Ptuh,0.049122490922530675
primary,Peve-Ptuh,0.051458225771727144
primary,Peve-Ptuh,0.020193304190639166
primary,Peve-Ptuh,0.10064386752499457
primary,Peve-Ptuh,7.259834304538392e-4
primary,Peve-Ptuh,0.0671222751946405
primary,Peve-Ptuh,0.09857271060164331
primary,Peve-Ptuh,0.10681892969016747
primary,Peve-Ptuh,0.10840174486088967
primary,Peve-Ptuh,0.10975577374445133
primary,Peve-Ptuh,0.053465808920309936
primary,Peve-Ptuh,0.050006391080829375
primary,Peve-Ptuh,0.04359299995378015
primary,Peve-Ptuh,0.05392658000887099
primary,Peve-Ptuh,0.0638824974776345
primary,Peve-Ptuh,0.003360766144080986
primary,Peve-Ptuh,0.10467367825925858
primary,Peve-Ptuh,0.07779259800098941
primary,Peve-Ptuh,0.10725736404705312
primary,Peve-Ptuh,0.07200389520879617
primary,Peve-Ptuh,0.04779151248869798
primary,Peve-Ptuh,0.06301197292433905
primary,Peve-Ptuh,0.10313973955820245
primary,Peve-Ptuh,0.054898954771805904
primary,Peve-Ptuh,0.07960560046097727
primary,Peve-Ptuh,0.10314597798267038
primary,Peve-Ptuh,0.036251881093144846
primary,Peve-Ptuh,0.09016497976100464
primary,Peve-Ptuh,0.09025818605199576
primary,Peve-Ptuh,0.07648022910455254
primary,Peve-Ptuh,0.09257277369960604
primary,Peve-Ptuh,0.1542673552671315
primary,Peve-Ptuh,0.1295169877386807
primary,Peve-Ptuh,0.06601188850735372
primary,Peve-Ptuh,0.08153647213580617
primary,Peve-Ptuh,0.12399241349429896
primary,Peve-Ptuh,0.052376305094589515
primary,Peve-Ptuh,0.04630682033333567
primary,Peve-Ptuh,0.0754702387567962
primary,Peve-Ptuh,0.11629176577269648
primary,Peve-Ptuh,0.09146717156667813
primary,Peve-Ptuh,0.08436805599419478
primary,Peve-Ptuh,0.030621967350861905
primary,Peve-Ptuh,0.03947185974266578
primary,Peve-Ptuh,0.0808361032532736
primary,Peve-Ptuh,0.040651529949149307
primary,Peve-Ptuh,0.059909889923661114
primary,Peve-Ptuh,0.008416269023279091
primary,Peve-Ptuh,0.10515361399925713
primary,Peve-Ptuh,0.08020475354991796
primary,Peve-Ptuh,0.0556037116986676
primary,Peve-Ptuh,0.10834192471440275
primary,Peve-Ptuh,0.038233558919784555
primary,Peve-Ptuh,0.033549982448483534
primary,Peve-Ptuh,0.024471250901515116
primary,Peve-Ptuh,0.010164666782421162
primary,Peve-Ptuh,0.02313006894291708
primary,Peve-Ptuh,0.04071148226564615
primary,Peve-Ptuh,0.0663852159173559
primary,Peve-Ptuh,0.06510081419501677
primary,Peve-Ptuh,0.0270358513398781
primary,Peve-Ptuh,0.004967266180579735
primary,Peve-Ptuh,0.058580365359937464
primary,Peve-Ptuh,0.05245098115019075
primary,Peve-Ptuh,0.009065963924010757
primary,Peve-Ptuh,0.018180302071649918
primary,Peve-Ptuh,0.008558668991960085
primary,Peve-Ptuh,0.1264882062255009
primary,Peve-Ptuh,0.08749459044670675
primary,Peve-Ptuh,0.07697927662798461
primary,Peve-Ptuh,0.06794286591819054
primary,Peve-Ptuh,0.13606854939409369
primary,Peve-Ptuh,0.047627727412412946
primary,Peve-Ptuh,0.02015582077582765
primary,Peve-Ptuh,0.1418529963119677
primary,Peve-Ptuh,0.08690923590680107
primary,Peve-Ptuh,0.03544728294079435
primary,Peve-Ptuh,-0.016328547364755353
primary,Peve-Ptuh,0.08113753017788272
primary,Peve-Ptuh,0.09013072129443502
primary,Peve-Ptuh,0.05357368608240148
primary,Peve-Ptuh,0.09860255458988182
primary,Peve-Ptuh,0.08835908804755012
primary,Peve-Ptuh,0.05373842278275788
primary,Peve-Ptuh,0.09634263245837184
primary,Peve-Ptuh,0.11189248699271978
primary,Peve-Ptuh,0.12135340134035459
primary,Peve-Ptuh,0.10187944564567158
primary,Peve-Ptuh,0.08097210619347477
primary,Peve-Ptuh,3.270414725303997e-4
primary,Peve-Ptuh,0.0725576611163325
primary,Peve-Ptuh,0.07991186480794925
primary,Peve-Ptuh,0.11714111669040375
primary,Peve-Ptuh,0.026008150210793324
primary,Peve-Ptuh,-0.009352244165483779
primary,Peve-Ptuh,0.04238924837149036
primary,Peve-Ptuh,0.0941936538331834
primary,Peve-Ptuh,0.06076011316343381
primary,Peve-Ptuh,0.029372247039124135
primary,Peve-Ptuh,0.09320790346524521
primary,Peve-Ptuh,0.041014891740403986
primary,Peve-Ptuh,0.05440220700654635
primary,Peve-Ptuh,0.045045971306763175
primary,Peve-Ptuh,0.05063467443995503
primary,Peve-Ptuh,0.02267307791663956
primary,Peve-Ptuh,0.08950447335346204
primary,Peve-Ptuh,0.09079162421200736
primary,Peve-Ptuh,0.053406887529890416
primary,Peve-Ptuh,0.032965183022619485
primary,Peve-Ptuh,0.10114888913287473
primary,Peve-Ptuh,0.03926644111325795
primary,Peve-Ptuh,0.040394776487891
primary,Peve-Ptuh,0.11852517460021778
primary,Peve-Ptuh,0.08030477981342063
primary,Peve-Ptuh,0.08531180273298239
primary,Peve-Ptuh,0.0131084365452245
primary,Peve-Ptuh,0.10781015189651606
primary,Peve-Ptuh,0.05048450287469111
primary,Peve-Ptuh,0.07422168154114567
primary,Peve-Ptuh,0.03999520011391997
primary,Peve-Ptuh,0.030802564452407952
primary,Peve-Ptuh,0.053508579135518
primary,Peve-Ptuh,0.050399781898336445
primary,Peve-Ptuh,0.06274654911043041
primary,Peve-Ptuh,0.061848083817039226
primary,Peve-Ptuh,0.04131454758688027
primary,Peve-Ptuh,0.06369484249755905
primary,Peve-Ptuh,0.03765005476001766
primary,Peve-Ptuh,0.11340437973612232
primary,Peve-Ptuh,0.10131129964105665
primary,Peve-Ptuh,0.035398855849161984
primary,Peve-Ptuh,0.04593293780929187
primary,Peve-Ptuh,0.09715161865505147
primary,Peve-Ptuh,0.020985372626049846
primary,Peve-Ptuh,0.010003419370326476
primary,Peve-Ptuh,0.046005763484754304
primary,Peve-Ptuh,-0.03083906980914611
primary,Peve-Ptuh,0.05794002809590769
primary,Peve-Ptuh,0.05875451256499973
primary,Peve-Ptuh,0.03569346280125957
primary,Peve-Ptuh,-0.014301270884695426
primary,Peve-Ptuh,0.11677400127086751
primary,Peve-Ptuh,0.10208869720536691
primary,Peve-Ptuh,0.07560402124083082
primary,Peve-Ptuh,0.03278881536139067
primary,Peve-Ptuh,0.0782529990135227
primary,Peve-Ptuh,0.07638535747143652
primary,Peve-Ptuh,0.11180208270593882
primary,Peve-Ptuh,0.05882258012010527
primary,Peve-Ptuh,0.12271290206232664
primary,Peve-Ptuh,0.05548412427369771
primary,Peve-Ptuh,0.027127048646718537
primary,Peve-Ptuh,0.03516607802770202
primary,Peve-Ptuh,0.10334814522983433
primary,Peve-Ptuh,0.07152837394712876
primary,Peve-Ptuh,0.06691931492741707
primary,Peve-Ptuh,0.05195124634270714
primary,Peve-Ptuh,0.013830349139372998
primary,Peve-Ptuh,0.044407563724878134
primary,Peve-Ptuh,0.10242052323225619
primary,Peve-Ptuh,0.0675418092401085
primary,Peve-Ptuh,0.02485623570639167
primary,Peve-Ptuh,-0.01123170170645625
primary,Peve-Ptuh,0.02888144692431069
primary,Peve-Ptuh,0.08359570732426322
primary,Peve-Ptuh,0.042974127099360354
primary,Peve-Ptuh,0.03162341951597783
primary,Peve-Ptuh,0.07879627062227187
primary,Peve-Ptuh,0.10593518813588067
primary,Peve-Ptuh,0.07645733725883551
primary,Peve-Ptuh,0.02340847185179925
primary,Peve-Ptuh,0.06500744930001376
primary,Peve-Ptuh,0.03536451808058641
primary,Peve-Ptuh,0.0456718491717084
primary,Peve-Ptuh,0.032772637752177244
primary,Peve-Ptuh,0.048750670250641524
primary,Peve-Ptuh,0.07039083953980571
primary,Peve-Ptuh,0.019319686859111753
primary,Peve-Ptuh,-0.027180339594715733
primary,Peve-Ptuh,0.12310885697802604
primary,Peve-Ptuh,0.06306209179209832
primary,Peve-Ptuh,0.08394474188644326
primary,Peve-Ptuh,0.05240871318102035
primary,Peve-Ptuh,0.09885650604692996
primary,Peve-Ptuh,0.06603861328335828
primary,Peve-Ptuh,0.049972264784269665
primary,Peve-Ptuh,0.0574211286369866
primary,Peve-Ptuh,0.054103264878123586
primary,Peve-Ptuh,0.0591850960232965
primary,Peve-Ptuh,0.09273729892794659
primary,Peve-Ptuh,0.021796870052917833
primary,Peve-Ptuh,0.012949065947270591
primary,Peve-Ptuh,0.00480041476006471
primary,Peve-Ptuh,0.020638188444008602
primary,Peve-Ptuh,0.03928171996640398
primary,Peve-Ptuh,0.09537554449583348
primary,Peve-Ptuh,0.04111460079588286
primary,Peve-Ptuh,0.07752384350283094
primary,Peve-Ptuh,0.10757771771708188
primary,Peve-Ptuh,0.04911577668602707
primary,Peve-Ptuh,0.006857905304390903
primary,Peve-Ptuh,0.13225906606635576
primary,Peve-Ptuh,0.1199469273968592
primary,Peve-Ptuh,0.04904406123864791
primary,Peve-Ptuh,0.10489469294983625
primary,Peve-Ptuh,0.09608342063492913
primary,Peve-Ptuh,0.08330001657808435
primary,Peve-Ptuh,0.05391761888219884
primary,Peve-Ptuh,-0.0021067635240220118
primary,Peve-Ptuh,0.06118324223317145
primary,Peve-Ptuh,0.08329536419373539
primary,Peve-Ptuh,0.058970822003224455
primary,Peve-Ptuh,0.019567902137729635
primary,Peve-Ptuh,0.10691805719760272
primary,Peve-Ptuh,0.10446873544188645
primary,Peve-Ptuh,0.20457324359042528
primary,Peve-Ptuh,0.09275038375892804
primary,Peve-Ptuh,0.03132069732527155
primary,Peve-Ptuh,0.06256055947247989
primary,Peve-Ptuh,0.026099849763671433
primary,Peve-Ptuh,0.03750971664349132
primary,Peve-Ptuh,0.07816870098119975
primary,Peve-Ptuh,0.018210806909937993
primary,Peve-Ptuh,0.08370234208826158
primary,Peve-Ptuh,0.012070267551354558
primary,Peve-Ptuh,0.10297608665192733
primary,Peve-Ptuh,0.049682680292548805
primary,Peve-Ptuh,0.010619225880516277
primary,Peve-Ptuh,0.05186982961660031
primary,Peve-Ptuh,0.07029076040829907
primary,Peve-Ptuh,0.10000662303919679
primary,Peve-Ptuh,0.02738819015230598
primary,Peve-Ptuh,0.030686043371668057
primary,Peve-Ptuh,0.01118792699917284
primary,Peve-Ptuh,0.06054213838308417
primary,Peve-Ptuh,0.032541816046864
primary,Peve-Ptuh,0.08420366293586415
primary,Peve-Ptuh,0.030219721142690625
primary,Peve-Ptuh,0.05396107638145846
primary,Peve-Ptuh,0.046820829501889955
primary,Peve-Ptuh,0.06612505246984182
primary,Peve-Ptuh,-0.03550329659099576
primary,Peve-Ptuh,0.07592508862891313
primary,Peve-Ptuh,0.06970818143860157
primary,Peve-Ptuh,0.024777118738457345
primary,Peve-Ptuh,0.05748353931566784
primary,Peve-Ptuh,0.012348564724228794
primary,Peve-Ptuh,0.10740431066407513
primary,Peve-Ptuh,0.12473076803768073
primary,Peve-Ptuh,0.08175233219599717
primary,Peve-Ptuh,0.0384118562631581
primary,Peve-Ptuh,0.033091088174063255
primary,Peve-Ptuh,0.034602610841438036
primary,Peve-Ptuh,0.07954866162070647
primary,Peve-Ptuh,0.012852819746051451
primary,Peve-Ptuh,0.08315079663689182
primary,Peve-Ptuh,0.04611530598897076
primary,Peve-Ptuh,0.055998714990295614
primary,Peve-Ptuh,0.07519905233045532
primary,Peve-Ptuh,0.091462783522349
primary,Peve-Ptuh,0.04345231819522803
primary,Peve-Ptuh,0.024382617692867006
primary,Peve-Ptuh,0.04259294879076931
primary,Peve-Ptuh,0.07264383596279621
primary,Peve-Ptuh,0.09904127972078927
primary,Peve-Ptuh,0.05738700234042689
primary,Peve-Ptuh,0.03672547267266753
primary,Peve-Ptuh,0.1303745860650066
primary,Peve-Ptuh,0.05387482223298879
primary,Peve-Ptuh,0.01834741783218477
primary,Peve-Ptuh,0.0910183222130113
primary,Peve-Ptuh,0.17635959885820443
primary,Peve-Ptuh,-0.0037063114179993004
primary,Peve-Ptuh,0.03516605159370004
primary,Peve-Ptuh,0.1267762046771028
primary,Peve-Ptuh,0.10007352749821508
primary,Peve-Ptuh,0.052954178811934094
primary,Peve-Ptuh,0.0971322689656001
primary,Peve-Ptuh,0.0557236163316613
primary,Peve-Ptuh,-0.048812446513275175
primary,Peve-Ptuh,0.04904041334637428
primary,Peve-Ptuh,0.08105632492379176
primary,Peve-Ptuh,0.04604324689956583
primary,Peve-Ptuh,0.08594767265067708
primary,Peve-Ptuh,0.14073441508406628
primary,Peve-Ptuh,0.07450944208672973
primary,Peve-Ptuh,0.06217721357572626
primary,Peve-Ptuh,0.11080208441093195
primary,Peve-Ptuh,0.07001016347725234
primary,Peve-Ptuh,0.05896334118066334
primary,Peve-Ptuh,0.03681640563948814
primary,Peve-Ptuh,-0.013314357420670008
primary,Peve-Ptuh,0.07916854067219473
primary,Peve-Ptuh,-0.04832851923897725
primary,Peve-Ptuh,0.10194172415434291
primary,Peve-Ptuh,0.10675355840326417
primary,Peve-Ptuh,0.0821312371804177
primary,Peve-Ptuh,0.054399642908354015
primary,Peve-Ptuh,0.04991255037379067
primary,Peve-Ptuh,0.1219068500398671
primary,Peve-Ptuh,0.08538499848447259
primary,Peve-Ptuh,-0.033607317798784085
primary,Peve-Ptuh,-0.010970798106886654
primary,Peve-Ptuh,0.05837682354467041
primary,Peve-Ptuh,-0.017429920057366013
primary,Peve-Ptuh,0.07552173219265856
primary,Peve-Ptuh,0.0071740295341024335
primary,Peve-Ptuh,0.03609758582357162
primary,Peve-Ptuh,0.020068456399274712
primary,Peve-Ptuh,0.054775322944532655
primary,Peve-Ptuh,0.10570965323096397
primary,Peve-Ptuh,0.028292047982101647
primary,Peve-Ptuh,0.0393439984750753
primary,Peve-Ptuh,0.1412575704173066
primary,Peve-Ptuh,0.013689112266779244
primary,Peve-Ptuh,0.012780972128662377
primary,Peve-Ptuh,0.0865829081523242
primary,Peve-Ptuh,0.041388721396443826
primary,Peve-Ptuh,-0.009524435254399317
primary,Peve-Ptuh,-0.0033492409192165135
primary,Peve-Ptuh,0.08760318132685183
primary,Peve-Ptuh,0.08398597892953631
primary,Peve-Ptuh,0.10853880516117016
primary,Peve-Ptuh,0.1003118828940934
primary,Peve-Ptuh,0.020948285721268067
primary,Peve-Ptuh,0.03697942412971567
primary,Peve-Ptuh,0.051054340655432934
primary,Peve-Ptuh,0.04919542233400105
primary,Peve-Ptuh,0.05793000960915623
primary,Peve-Ptuh,0.08815665646036634
primary,Peve-Ptuh,0.09192881497730464
primary,Peve-Ptuh,0.11414609139775587
primary,Peve-Ptuh,0.009387004878091075
primary,Peve-Ptuh,0.06379222536086344
primary,Peve-Ptuh,0.06255749312824989
primary,Peve-Ptuh,0.09270142798725602
primary,Peve-Ptuh,0.17152407974350667
primary,Peve-Ptuh,0.046606264707796094
primary,Peve-Ptuh,0.051953176024851874
primary,Peve-Ptuh,0.026555043277814133
primary,Peve-Ptuh,0.1153534908723193
primary,Peve-Ptuh,0.11057744826208267
primary,Peve-Ptuh,0.05198135467096547
primary,Peve-Ptuh,0.012629293825285442
primary,Peve-Ptuh,0.03335265262368242
primary,Peve-Ptuh,0.14490855546915601
primary,Peve-Ptuh,0.12037846247922734
primary,Peve-Ptuh,0.0923145399342367
primary,Peve-Ptuh,0.06014702935544823
primary,Peve-Ptuh,0.025329298605874705
primary,Peve-Ptuh,0.04834303150606577
primary,Peve-Ptuh,0.1472615781556492
primary,Peve-Ptuh,0.10282467268857023
primary,Peve-Ptuh,0.056641166974484014
primary,Peve-Ptuh,0.01938920828432635
primary,Peve-Ptuh,0.03656848113489206
primary,Peve-Ptuh,0.08379531047323485
primary,Peve-Ptuh,0.08275214545299017
primary,Peve-Ptuh,0.08482700313661903
primary,Peve-Ptuh,0.0498068672338637
primary,Peve-Ptuh,-0.022578153415519553
primary,Peve-Ptuh,-0.02142824789526859
primary,Peve-Ptuh,0.05112499874273278
primary,Peve-Ptuh,0.06267652543917815
primary,Peve-Ptuh,0.0925380922890047
primary,Peve-Ptuh,0.04555982187130556
primary,Peve-Ptuh,0.11021316128075859
primary,Peve-Ptuh,0.05760421053471902
primary,Peve-Ptuh,0.10350133027132427
primary,Peve-Ptuh,0.09893633673291782
primary,Peve-Ptuh,0.04930462119619172
primary,Peve-Ptuh,0.03697043656904153
primary,Peve-Ptuh,0.048838906949259894
primary,Peve-Ptuh,0.04836494529370945
primary,Peve-Ptuh,0.02055669241589583
primary,Peve-Ptuh,0.08259420229114334
primary,Peve-Ptuh,0.03692941099796433
primary,Peve-Ptuh,0.026140293786705016
primary,Peve-Ptuh,0.012180418037616617
primary,Peve-Ptuh,-0.020870966265468565
primary,Peve-Ptuh,0.08201823182194151
primary,Peve-Ptuh,-0.002318182671879928
primary,Peve-Ptuh,0.03360829585685745
primary,Peve-Ptuh,0.07883568371922814
primary,Peve-Ptuh,0.07024053580453186
primary,Peve-Ptuh,7.784020563856031e-4
primary,Peve-Ptuh,0.07480822561114059
primary,Peve-Ptuh,0.08760606263306794
primary,Peve-Ptuh,-0.014382661176800267
primary,Peve-Ptuh,0.09879769039251837
primary,Peve-Ptuh,0.08710289140532658
primary,Peve-Ptuh,0.001565818107447319
primary,Peve-Ptuh,0.051784236318180216
primary,Peve-Ptuh,0.027102517892878562
primary,Peve-Ptuh,0.10423204538813303
primary,Peve-Ptuh,0.04813655551657862
primary,Peve-Ptuh,0.0735020158371657
primary,Peve-Ptuh,0.09154731946068981
primary,Peve-Ptuh,0.023820313602690265
primary,Peve-Ptuh,0.0870030237458358
primary,Peve-Ptuh,0.14262317739373667
primary,Peve-Ptuh,0.044956994456089285
primary,Peve-Ptuh,0.05212103193744225
primary,Peve-Ptuh,0.10210476907857242
primary,Peve-Ptuh,0.008341381495662001
primary,Peve-Ptuh,0.15156778281464467
primary,Peve-Ptuh,0.11631550350647697
primary,Peve-Ptuh,0.01721715277540698
primary,Peve-Ptuh,0.01956243029931921
primary,Peve-Ptuh,-0.004658226263399578
primary,Peve-Ptuh,0.045617923807663614
primary,Peve-Ptuh,0.0836824108507666
primary,Peve-Ptuh,0.05239430664993976
primary,Peve-Ptuh,0.030735765729397582
primary,Peve-Ptuh,0.002531954445914307
primary,Peve-Ptuh,0.15899100568543836
primary,Peve-Ptuh,0.049982309705023105
primary,Peve-Ptuh,0.09598035446119844
primary,Peve-Ptuh,0.04977813347370846
primary,Peve-Ptuh,0.06949285005845021
primary,Peve-Ptuh,0.016926854565632584
primary,Peve-Ptuh,0.04583946717828092
primary,Peve-Ptuh,0.002547233299060328
primary,Peve-Ptuh,0.0772395986795106
primary,Peve-Ptuh,0.06508839021408488
primary,Peve-Ptuh,0.07533666774477744
primary,Peve-Ptuh,0.02965321404619863
primary,Peve-Ptuh,0.12044935847254504
primary,Peve-Ptuh,0.0968237577284596
primary,Peve-Ptuh,0.07279828983638133
primary,Peve-Ptuh,0.05479908711231513
primary,Peve-Ptuh,0.05278489546323666
primary,Peve-Ptuh,0.07810642247252843
primary,Peve-Ptuh,-0.027129031196867243
primary,Peve-Ptuh,0.058072832521868956
primary,Peve-Ptuh,0.05359197841177353
primary,Peve-Ptuh,0.06433478325155909
primary,Peve-Ptuh,0.04974210392900599
primary,Peve-Ptuh,9.628585222211292e-4
primary,Peve-Ptuh,0.0391816937029013
primary,Peve-Ptuh,0.029162176025367338
primary,Peve-Ptuh,0.06657712677175055
primary,Peve-Ptuh,0.03500792339383931
primary,Peve-Ptuh,0.028110657860496116
primary,Peve-Ptuh,0.07133826060486892
primary,Peve-Ptuh,0.05114511501824164
primary,Peve-Ptuh,0.03669502070238342
primary,Peve-Ptuh,0.06992134523059033
primary,Peve-Ptuh,0.09163949482560359
primary,Peve-Ptuh,0.017448318122745998
primary,Peve-Ptuh,0.09943583363438357
primary,Peve-Ptuh,0.04378972179653566
primary,Peve-Ptuh,0.12788000929789586
primary,Peve-Ptuh,0.09844627677015988
primary,Peve-Ptuh,-8.478706135962311e-4
primary,Peve-Ptuh,0.0039032711667726606
primary,Peve-Ptuh,0.08335584519027188
primary,Peve-Ptuh,0.07881678340781047
primary,Peve-Ptuh,0.1224686254500042
primary,Peve-Ptuh,0.02895884568211614
primary,Peve-Ptuh,-0.023636200778880515
primary,Peve-Ptuh,0.037532449885196474
primary,Peve-Ptuh,0.09992890707336755
primary,Peve-Ptuh,0.030695771084397704
primary,Peve-Ptuh,0.061384590026273944
primary,Peve-Ptuh,0.08520418991091068
primary,Peve-Ptuh,0.11928332821108462
primary,Peve-Ptuh,-0.025553009564654592
primary,Peve-Ptuh,0.005245510485450005
primary,Peve-Ptuh,0.0898232938513758
primary,Peve-Ptuh,0.09758592930762781
primary,Peve-Ptuh,0.0634020330575963
primary,Peve-Ptuh,-0.020966868824661932
primary,Peve-Ptuh,0.03570974614648093
primary,Peve-Ptuh,0.1127951817264282
primary,Peve-Ptuh,0.042929162861987724
primary,Peve-Ptuh,0.10047688393446963
primary,Peve-Ptuh,0.04757589033452481
primary,Peve-Ptuh,0.08566141884320605
primary,Peve-Ptuh,0.12660805799049063
primary,Peve-Ptuh,0.06959242694391918
primary,Peve-Ptuh,0.05958580905935278
primary,Peve-Ptuh,0.08454860022773686
primary,Peve-Ptuh,0.05846347420316981
primary,Peve-Ptuh,0.09505875941607238
primary,Peve-Ptuh,0.0424828776065132
primary,Peve-Ptuh,-0.005961422561148422
primary,Peve-Ptuh,0.04225929881774323
primary,Peve-Ptuh,-0.009156685418815504
primary,Peve-Ptuh,0.08072137968466853
primary,Peve-Ptuh,0.025260490898713642
primary,Peve-Ptuh,0.04561171181719767
primary,Peve-Ptuh,0.07001880739590069
primary,Peve-Ptuh,0.11468621736026911
primary,Peve-Ptuh,0.049710303824620765
primary,Peve-Ptuh,0.07541816377289022
primary,Peve-Ptuh,0.050754684808956646
primary,Peve-Ptuh,0.013930481138883599
primary,Peve-Ptuh,0.14722739899108553
primary,Peve-Ptuh,0.10132385579199844
primary,Peve-Ptuh,0.02749643739042528
primary,Peve-Ptuh,0.06581606542066562
primary,Peve-Ptuh,0.07396788868810943
primary,Peve-Ptuh,0.014444067363406162
primary,Peve-Ptuh,0.10161724678000483
primary,Peve-Ptuh,0.07316952896022685
primary,Peve-Ptuh,0.10972394720606411
primary,Peve-Ptuh,0.055990705487694845
primary,Peve-Ptuh,0.05930999668266493
primary,Peve-Ptuh,0.07494755923559157
primary,Peve-Ptuh,0.11088921088146705
primary,Peve-Ptuh,0.002303829008803303
primary,Peve-Ptuh,0.1493867397450512
primary,Peve-Ptuh,0.02381312355415096
primary,Peve-Ptuh,0.032206712203728866
primary,Peve-Ptuh,0.07369575063769718
primary,Peve-Ptuh,0.12571432438345434
primary,Peve-Ptuh,0.10271642545045094
primary,Peve-Ptuh,0.07467650497926061
primary,Peve-Ptuh,0.11874872695498577
primary,Peve-Ptuh,0.020457009794418935
primary,Peve-Ptuh,0.09616634409914898
primary,Peve-Ptuh,0.06457665436970111
primary,Peve-Ptuh,0.14652734731657677
primary,Peve-Ptuh,0.03696578418469258
primary,Peve-Ptuh,0.04667805945718121
primary,Peve-Ptuh,0.10506720124677557
primary,Peve-Ptuh,0.031280332604243906
primary,Peve-Ptuh,0.11809982507431359
primary,Peve-Ptuh,0.10517380957677193
primary,Peve-Ptuh,0.02803870450709911
primary,Peve-Ptuh,0.064684452229786707
primary,Peve-Ptuh,-0.002909273390215869
primary,Peve-Ptuh,-0.020308450703275964
primary,Peve-Ptuh,0.08871914558855695
primary,Peve-Ptuh,-0.008533477388070539
primary,Peve-Ptuh,0.1016857372791421
primary,Peve-Ptuh,0.09946126314429098
primary,Peve-Ptuh,0.1243884477120043
primary,Peve-Ptuh,0.08214122923316719
primary,Peve-Ptuh,0.058672910800879025
primary,Peve-Ptuh,0.054219098674811936
primary,Peve-Ptuh,0.03386219444590162
primary,Peve-Ptuh,0.032932299124152964
primary,Peve-Ptuh,0.04866182556997755
primary,Peve-Ptuh,0.02416133866226953
primary,Peve-Ptuh,0.09336938878335775
primary,Peve-Ptuh,0.10336849941136105
primary,Peve-Ptuh,0.07629675069679037
primary,Peve-Ptuh,0.09310618542561565
primary,Peve-Ptuh,0.1554324074705186
primary,Peve-Ptuh,0.043293846353341534
primary,Peve-Ptuh,0.04100130466338486
primary,Peve-Ptuh,0.056623905571189286
primary,Peve-Ptuh,0.049363463284605294
primary,Peve-Ptuh,0.1409605051030246
primary,Peve-Ptuh,0.07819487064316268
primary,Peve-Ptuh,0.0821732143755663
primary,Peve-Ptuh,0.038926156205734204
primary,Peve-Ptuh,0.0016804623740464414
primary,Peve-Ptuh,0.08714888656877655
primary,Peve-Ptuh,0.06307060354073676
primary,Peve-Ptuh,0.09100137801774037
primary,Peve-Ptuh,0.08471883520050567
primary,Peve-Ptuh,0.05466879391654223
primary,Peve-Ptuh,0.09289220217956541
primary,Peve-Ptuh,0.03313724194152511
primary,Peve-Ptuh,0.010321896226214471
primary,Peve-Ptuh,0.02797676964045356
primary,Peve-Ptuh,0.10829952457522243
primary,Peve-Ptuh,0.034331186509079306
primary,Peve-Ptuh,-0.0036900545067799187
primary,Peve-Ptuh,0.041332654878238444
primary,Peve-Ptuh,0.030763944375511176
primary,Peve-Ptuh,-0.029306558544197038
primary,Peve-Ptuh,0.1070215727493671
primary,Peve-Ptuh,0.05980180128955371
primary,Peve-Ptuh,-0.011785441179990587
primary,Peve-Ptuh,0.0684008878705454
primary,Peve-Ptuh,0.08840968272734508
primary,Peve-Ptuh,0.10744552127316621
primary,Peve-Ptuh,0.0674707546427789
primary,Peve-Ptuh,0.07077032607226985
primary,Peve-Ptuh,0.08567421290016569
primary,Peve-Ptuh,0.053934774549485635
primary,Peve-Ptuh,0.05739339936890671
primary,Peve-Ptuh,0.0815318461854592
primary,Peve-Ptuh,0.02069430783021795
primary,Peve-Ptuh,0.050271603422722154
primary,Peve-Ptuh,0.054085104718761455
primary,Peve-Ptuh,0.06901954925294934
primary,Peve-Ptuh,0.048338643461736636
primary,Peve-Ptuh,0.14461299689298707
primary,Peve-Ptuh,0.04492855146995586
primary,Peve-Ptuh,0.11995839975371969
primary,Peve-Ptuh,0.08623627908432459
primary,Peve-Ptuh,0.03760572493869262
primary,Peve-Ptuh,0.10612860572838834
primary,Peve-Ptuh,0.12466402218267432
primary,Peve-Ptuh,0.04374584135324432
primary,Peve-Ptuh,0.005526160284500705
primary,Peve-Ptuh,0.03235265432867555
primary,Peve-Ptuh,0.05995810554327763
primary,Peve-Ptuh,0.07172636462197944
primary,Peve-Ptuh,0.04775024901160293
primary,Peve-Ptuh,0.09250253855633792
primary,Peve-Ptuh,0.05118719794939816
primary,Peve-Ptuh,0.0967320317415795
primary,Peve-Ptuh,0.07262284736522191
primary,Peve-Ptuh,0.06452206815560677
primary,Peve-Ptuh,0.0589463969853924
primary,Peve-Ptuh,0.08790151547322897
primary,Peve-Ptuh,0.025505639833101525
primary,Peve-Ptuh,0.032087653458798625
primary,Peve-Ptuh,0.04007574451796137
primary,Peve-Ptuh,0.05630204516304751
primary,Peve-Ptuh,0.08967100756595327
primary,Peve-Ptuh,0.0152518111619926
primary,Peve-Ptuh,-0.07113823451186556
primary,Peve-Ptuh,0.06883921649142312
primary,Peve-Ptuh,0.06194092003200259
primary,Peve-Ptuh,0.044181367969911865
primary,Peve-Ptuh,0.09451078255497027
primary,Peve-Ptuh,0.05010091907191964
primary,Peve-Ptuh,0.02113705092942678
primary,Peve-Ptuh,0.07091404774105
primary,Peve-Ptuh,0.0770173944588437
primary,Peve-Ptuh,0.07147267750495113
primary,Peve-Ptuh,0.07289358441352908
primary,Peve-Ptuh,0.06553848196584493
primary,Peve-Ptuh,0.08524540052000176
primary,Peve-Ptuh,0.06477586100864301
primary,Peve-Ptuh,0.09385482279576869
primary,Peve-Ptuh,0.14263116046233545
primary,Peve-Ptuh,0.10534021161925326
primary,Peve-Ptuh,0.03535024371951573
primary,Peve-Ptuh,0.06728603383692355
primary,Peve-Ptuh,0.0844568213728528
primary,Peve-Ptuh,0.042460435138829855
primary,Peve-Ptuh,0.03286906899141026
primary,Peve-Ptuh,0.08262417844939177
primary,Peve-Ptuh,0.052427957134463785
primary,Peve-Ptuh,0.06215360801195568
primary,Peve-Ptuh,0.11301323580878378
primary,Peve-Ptuh,0.03472283268245552
primary,Peve-Ptuh,0.057351607211772
primary,Peve-Ptuh,0.021991397873508782
primary,Peve-Ptuh,0.09232241726682755
primary,Peve-Ptuh,0.059294109847473304
primary,Peve-Ptuh,0.05827679728116774
primary,Peve-Ptuh,0.07020511424187502
primary,Peve-Ptuh,-0.011069370500280274
primary,Peve-Ptuh,0.1201358512090298
primary,Peve-Ptuh,0.08949011969038541
primary,Peve-Ptuh,0.04294497039517339
primary,Peve-Ptuh,0.05260604300582147
primary,Peve-Ptuh,0.0893305904884196
primary,Peve-Ptuh,0.08355082238889654
primary,Peve-Ptuh,0.044125909433752095
primary,Peve-Ptuh,0.13713822771832707
primary,Peve-Ptuh,-0.007675244645697075
primary,Peve-Ptuh,0.06810673029648152
primary,Peve-Ptuh,0.04867176475472306
primary,Peve-Ptuh,0.04836446948167377
primary,Peve-Ptuh,0.029833758279740708
primary,Peve-Ptuh,0.09156193746378626
primary,Peve-Ptuh,0.05965049306220454
primary,Peve-Ptuh,0.1840343941258678
primary,Peve-Ptuh,0.15547996224008553
primary,Peve-Ptuh,0.1310805589559595
primary,Peve-Ptuh,0.10225977806619917
primary,Peve-Ptuh,0.11702409336362618
primary,Peve-Ptuh,0.010941244892669956
primary,Peve-Ptuh,-0.0379265015527531
primary,Peve-Ptuh,0.0574770101171781
primary,Peve-Ptuh,0.04810425316615572
primary,Peve-Ptuh,0.09710464543352815
primary,Peve-Ptuh,0.08672454153494769
primary,Peve-Ptuh,0.005683574766307892
primary,Peve-Ptuh,0.02814919863538694
primary,Peve-Ptuh,0.07482379523830841
primary,Peve-Ptuh,0.04046540814118887
primary,Peve-Ptuh,0.017233198214610498
primary,Peve-Ptuh,0.06673686744573222
primary,Peve-Ptuh,0.0696700107397385
primary,Peve-Ptuh,0.029674546285798693
primary,Peve-Ptuh,0.0742355858261886
primary,Peve-Ptuh,0.06460763502002488
primary,Peve-Ptuh,0.024864192340988477
primary,Peve-Ptuh,0.02755546451685273
primary,Peve-Ptuh,0.08103121262190817
primary,Peve-Ptuh,0.03719771611808909
primary,Peve-Ptuh,0.04947670654909933
primary,Peve-Ptuh,0.12943528023855205
primary,Peve-Ptuh,0.06287808470429651
primary,Peve-Ptuh,0.01423211953550859
primary,Peve-Ptuh,0.053318650831272046
primary,Peve-Ptuh,0.06495743616826243
primary,Peve-Ptuh,0.003084187181335628
primary,Peve-Ptuh,0.07285520224265017
primary,Peve-Ptuh,0.09701989802317149
primary,Peve-Ptuh,0.07185047226128838
primary,Peve-Ptuh,0.08951969933860408
primary,Peve-Ptuh,0.0707774368188032
primary,Peve-Ptuh,0.028915996164902126
primary,Peve-Ptuh,0.04140965712601415
primary,Peve-Ptuh,0.08001194393945589
primary,Peve-Ptuh,0.10836648190224471
primary,Peve-Ptuh,-0.020102899903858214
primary,Peve-Ptuh,0.09864611782514936
primary,Peve-Ptuh,0.1230865731143546
primary,Peve-Ptuh,0.061116205604143235
primary,Peve-Ptuh,0.018729997142880896
primary,Peve-Ptuh,0.07847250696598734
primary,Peve-Ptuh,0.12939853697579606
primary,Peve-Ptuh,0.0768463664660154
primary,Peve-Ptuh,0.012927760141672505
primary,Peve-Ptuh,0.0500717359337307
primary,Peve-Ptuh,0.08812459201596128
primary,Peve-Ptuh,0.051164649745706885
primary,Peve-Ptuh,0.060842217173592186
primary,Peve-Ptuh,0.07393799183186694
primary,Peve-Ptuh,0.06533348628046881
primary,Peve-Ptuh,0.029935476319370272
primary,Peve-Ptuh,0.0584933446254103
primary,Peve-Ptuh,0.05956838905204616
primary,Peve-Ptuh,0.07731482984915344
primary,Peve-Ptuh,0.05018735825840318
primary,Peve-Ptuh,-0.045054377319393685
primary,Peve-Ptuh,0.04652685696583997
primary,Peve-Ptuh,0.0535378151417109
primary,Peve-Ptuh,0.08684751251217136
primary,Peve-Ptuh,0.018221618416748932
primary,Peve-Ptuh,0.014563496184364158
primary,Peve-Ptuh,0.06274890173660687
primary,Peve-Ptuh,-0.023527583464733454
primary,Peve-Ptuh,0.08005328671855688
primary,Peve-Ptuh,0.036655237529399406
primary,Peve-Ptuh,0.07530296439224946
primary,Peve-Ptuh,0.17263438712878748
primary,Peve-Ptuh,0.03836438079559711
primary,Peve-Ptuh,0.05965868760281918
primary,Peve-Ptuh,0.10483159498710344
primary,Peve-Ptuh,0.09959594438439301
primary,Peve-Ptuh,0.1025469570637396
primary,Peve-Ptuh,0.0636032222466869
primary,Peve-Ptuh,0.009124885314430273
primary,Peve-Ptuh,0.05567164708376324
C1_cpg20,Apul-Ptuh,-0.05211182411108773
C1_cpg20,Apul-Ptuh,0.06933778666105617
C1_cpg20,Apul-Ptuh,0.1719440353460972
C1_cpg20,Apul-Ptuh,0.1604381443298969
C1_cpg20,Apul-Ptuh,0.04382758257942352
C1_cpg20,Apul-Ptuh,0.1325873132758258
C1_cpg20,Apul-Ptuh,0.10882600462865558
C1_cpg20,Apul-Ptuh,-0.06440669051125604
C1_cpg20,Apul-Ptuh,0.09662318535661688
C1_cpg20,Apul-Ptuh,0.19567904481380177
C1_cpg20,Apul-Ptuh,0.16565853145381862
C1_cpg20,Apul-Ptuh,0.17536292867662526
C1_cpg20,Apul-Ptuh,0.11061434883231643
C1_cpg20,Apul-Ptuh,0.2508415737428992
C1_cpg20,Apul-Ptuh,0.18046496949295182
C1_cpg20,Apul-Ptuh,0.08015989901115085
C1_cpg20,Apul-Ptuh,0.20180675362928677
C1_cpg20,Apul-Ptuh,0.16376499053229537
C1_cpg20,Apul-Ptuh,0.1803071744161582
C1_cpg20,Apul-Ptuh,0.12051598990111508
C1_cpg20,Apul-Ptuh,0.04246002524721228
C1_cpg20,Apul-Ptuh,0.17066852514201555
C1_cpg20,Apul-Ptuh,0.27595729013254783
C1_cpg20,Apul-Ptuh,0.18539606564275193
C1_cpg20,Apul-Ptuh,0.11484851672627813
C1_cpg20,Apul-Ptuh,0.011545339785398696
C1_cpg20,Apul-Ptuh,0.03272932884494004
C1_cpg20,Apul-Ptuh,0.07725383968020197
C1_cpg20,Apul-Ptuh,-0.018672417420576477
C1_cpg20,Apul-Ptuh,0.19787502629917944
C1_cpg20,Apul-Ptuh,0.11618977487902377
C1_cpg20,Apul-Ptuh,0.1769145802650957
C1_cpg20,Apul-Ptuh,0.04760151483273722
C1_cpg20,Apul-Ptuh,0.05305859457184935
C1_cpg20,Apul-Ptuh,0.1518514622343783
C1_cpg20,Apul-Ptuh,0.2342862402693036
C1_cpg20,Apul-Ptuh,0.05684567641489585
C1_cpg20,Apul-Ptuh,0.059988428361035136
C1_cpg20,Apul-Ptuh,0.2517883442036608
C1_cpg20,Apul-Ptuh,0.0072717231222385855
C1_cpg20,Apul-Ptuh,-0.015411319166841993
C1_cpg20,Apul-Ptuh,0.11266568483063327
C1_cpg20,Apul-Ptuh,0.08606406480117819
C1_cpg20,Apul-Ptuh,0.17151009888491478
C1_cpg20,Apul-Ptuh,0.10422364822217546
C1_cpg20,Apul-Ptuh,0.0705738480959394
C1_cpg20,Apul-Ptuh,0.1847911845150431
C1_cpg20,Apul-Ptuh,0.26370187250157795
C1_cpg20,Apul-Ptuh,0.021539027982326948
C1_cpg20,Apul-Ptuh,0.05403166421207658
C1_cpg20,Apul-Ptuh,0.12296181359141593
C1_cpg20,Apul-Ptuh,0.06890385019987376
C1_cpg20,Apul-Ptuh,0.265345571218178
C1_cpg20,Apul-Ptuh,0.11140332421628445
C1_cpg20,Apul-Ptuh,-0.026890911003576684
C1_cpg20,Apul-Ptuh,0.1290500736377025
C1_cpg20,Apul-Ptuh,0.08933831264464548
C1_cpg20,Apul-Ptuh,0.09199452977067114
C1_cpg20,Apul-Ptuh,0.0826846202398485
C1_cpg20,Apul-Ptuh,0.13625604881127706
C1_cpg20,Apul-Ptuh,0.13519093204292024
C1_cpg20,Apul-Ptuh,0.1718782873974332
C1_cpg20,Apul-Ptuh,0.15131232905533346
C1_cpg20,Apul-Ptuh,-0.0042473174836945085
C1_cpg20,Apul-Ptuh,0.14070061014096358
C1_cpg20,Apul-Ptuh,0.13096991373869135
C1_cpg20,Apul-Ptuh,0.0746765200925731
C1_cpg20,Apul-Ptuh,0.06163212707763517
C1_cpg20,Apul-Ptuh,0.21817799284662318
C1_cpg20,Apul-Ptuh,-0.06806227645697453
C1_cpg20,Apul-Ptuh,0.18640858405217756
C1_cpg20,Apul-Ptuh,0.20510730065221963
C1_cpg20,Apul-Ptuh,-0.055070481800967803
C1_cpg20,Apul-Ptuh,-0.06815432358510413
C1_cpg20,Apul-Ptuh,0.26082211235009467
C1_cpg20,Apul-Ptuh,0.2238586156111929
C1_cpg20,Apul-Ptuh,0.32511045655375553
C1_cpg20,Apul-Ptuh,0.1454870608037029
C1_cpg20,Apul-Ptuh,0.011177151272880284
C1_cpg20,Apul-Ptuh,0.10793183252682516
C1_cpg20,Apul-Ptuh,0.21316799915842624
C1_cpg20,Apul-Ptuh,0.11054860088365243
C1_cpg20,Apul-Ptuh,0.3534741216074058
C1_cpg20,Apul-Ptuh,0.021013044393014935
C1_cpg20,Apul-Ptuh,0.11417788764990532
C1_cpg20,Apul-Ptuh,0.14630233536713652
C1_cpg20,Apul-Ptuh,0.17997843467283817
C1_cpg20,Apul-Ptuh,0.039448769198401006
C1_cpg20,Apul-Ptuh,0.09171838838628234
C1_cpg20,Apul-Ptuh,0.009296759941089836
C1_cpg20,Apul-Ptuh,0.08854933726067746
C1_cpg20,Apul-Ptuh,0.2196507468966968
C1_cpg20,Apul-Ptuh,0.242820324005891
C1_cpg20,Apul-Ptuh,-0.004115821586366504
C1_cpg20,Apul-Ptuh,0.18822322743530398
C1_cpg20,Apul-Ptuh,0.07369030086261308
C1_cpg20,Apul-Ptuh,0.12379023774458235
C1_cpg20,Apul-Ptuh,0.1932726698926993
C1_cpg20,Apul-Ptuh,0.1846333894382495
C1_cpg20,Apul-Ptuh,0.07050810014727539
C1_cpg20,Apul-Ptuh,0.1455133599831685
C1_cpg20,Apul-Ptuh,0.15323216915632232
C1_cpg20,Apul-Ptuh,0.09332263833368397
C1_cpg20,Apul-Ptuh,0.18237166000420785
C1_cpg20,Apul-Ptuh,0.07718809173153797
C1_cpg20,Apul-Ptuh,0.19464022722491056
C1_cpg20,Apul-Ptuh,0.04569482432148116
C1_cpg20,Apul-Ptuh,-0.00506259204712813
C1_cpg20,Apul-Ptuh,0.07926572690932042
C1_cpg20,Apul-Ptuh,0.055162528929097406
C1_cpg20,Apul-Ptuh,0.1606485377656217
C1_cpg20,Apul-Ptuh,-0.009309909530822637
C1_cpg20,Apul-Ptuh,0.023735009467704606
C1_cpg20,Apul-Ptuh,0.05429465600673258
C1_cpg20,Apul-Ptuh,0.2689880075741637
C1_cpg20,Apul-Ptuh,0.101751525352409
C1_cpg20,Apul-Ptuh,0.16690774247843465
C1_cpg20,Apul-Ptuh,0.12247527877130232
C1_cpg20,Apul-Ptuh,0.03417578371554807
C1_cpg20,Apul-Ptuh,0.021407532084998945
C1_cpg20,Apul-Ptuh,0.03416263412581527
C1_cpg20,Apul-Ptuh,0.1142699347780349
C1_cpg20,Apul-Ptuh,0.094045865768988
C1_cpg20,Apul-Ptuh,0.017857142857142856
C1_cpg20,Apul-Ptuh,0.1567825583841784
C1_cpg20,Apul-Ptuh,0.03584578161161371
C1_cpg20,Apul-Ptuh,0.05729276246581106
C1_cpg20,Apul-Ptuh,0.1131916684199453
C1_cpg20,Apul-Ptuh,0.048272143909110034
C1_cpg20,Apul-Ptuh,0.14254155270355565
C1_cpg20,Apul-Ptuh,0.19637597306964022
C1_cpg20,Apul-Ptuh,-0.01765989901115085
C1_cpg20,Apul-Ptuh,0.22480538607195455
C1_cpg20,Apul-Ptuh,0.0469834841152956
C1_cpg20,Apul-Ptuh,0.09583420997264885
C1_cpg20,Apul-Ptuh,0.2122080791079318
C1_cpg20,Apul-Ptuh,0.23944087944456133
C1_cpg20,Apul-Ptuh,-0.011676835682726698
C1_cpg20,Apul-Ptuh,0.08026509572901325
C1_cpg20,Apul-Ptuh,0.07411108773406269
C1_cpg20,Apul-Ptuh,0.2506706290763728
C1_cpg20,Apul-Ptuh,0.02086839890595413
C1_cpg20,Apul-Ptuh,0.07513675573322112
C1_cpg20,Apul-Ptuh,0.15879444561329686
C1_cpg20,Apul-Ptuh,0.0661818851251841
C1_cpg20,Apul-Ptuh,0.12427677256469598
C1_cpg20,Apul-Ptuh,0.23637702503681882
C1_cpg20,Apul-Ptuh,0.10673521986114032
C1_cpg20,Apul-Ptuh,0.11307332211235009
C1_cpg20,Apul-Ptuh,0.17688828108563012
C1_cpg20,Apul-Ptuh,0.09501893540921522
C1_cpg20,Apul-Ptuh,-0.018251630549126867
C1_cpg20,Apul-Ptuh,0.12255417630969911
C1_cpg20,Apul-Ptuh,0.00938880706921944
C1_cpg20,Apul-Ptuh,3.9448769198401004e-5
C1_cpg20,Apul-Ptuh,0.21523248474647588
C1_cpg20,Apul-Ptuh,0.08835209341468545
C1_cpg20,Apul-Ptuh,-0.08748422049232063
C1_cpg20,Apul-Ptuh,0.0980696402272249
C1_cpg20,Apul-Ptuh,-0.07157321691563222
C1_cpg20,Apul-Ptuh,0.04631285503892278
C1_cpg20,Apul-Ptuh,0.13449400378708185
C1_cpg20,Apul-Ptuh,0.05070481800967809
C1_cpg20,Apul-Ptuh,0.14029297285924677
C1_cpg20,Apul-Ptuh,-0.09209972648853354
C1_cpg20,Apul-Ptuh,0.19773038081211863
C1_cpg20,Apul-Ptuh,0.16196349673890173
C1_cpg20,Apul-Ptuh,0.0941642120765832
C1_cpg20,Apul-Ptuh,0.11701819903219018
C1_cpg20,Apul-Ptuh,0.11703134862192298
C1_cpg20,Apul-Ptuh,0.1496028823900694
C1_cpg20,Apul-Ptuh,0.14285714285714285
C1_cpg20,Apul-Ptuh,0.16160845781611613
C1_cpg20,Apul-Ptuh,0.1301020408163265
C1_cpg20,Apul-Ptuh,0.07200715337681464
C1_cpg20,Apul-Ptuh,0.11258678729223646
C1_cpg20,Apul-Ptuh,0.11486166631601093
C1_cpg20,Apul-Ptuh,-0.05213812329055333
C1_cpg20,Apul-Ptuh,0.21270776351777823
C1_cpg20,Apul-Ptuh,0.025733747107090258
C1_cpg20,Apul-Ptuh,0.06106669471912476
C1_cpg20,Apul-Ptuh,0.1846465390279823
C1_cpg20,Apul-Ptuh,0.2263833368398906
C1_cpg20,Apul-Ptuh,0.13118030717441614
C1_cpg20,Apul-Ptuh,0.2772065011571639
C1_cpg20,Apul-Ptuh,0.36839890595413416
C1_cpg20,Apul-Ptuh,0.23223490427098673
C1_cpg20,Apul-Ptuh,0.14659162634125814
C1_cpg20,Apul-Ptuh,0.09165264043761834
C1_cpg20,Apul-Ptuh,0.21988743951188722
C1_cpg20,Apul-Ptuh,0.21851988217967597
C1_cpg20,Apul-Ptuh,0.15170681674731745
C1_cpg20,Apul-Ptuh,0.08748422049232063
C1_cpg20,Apul-Ptuh,0.05576741005680622
C1_cpg20,Apul-Ptuh,0.1838707132337471
C1_cpg20,Apul-Ptuh,0.22246475909951607
C1_cpg20,Apul-Ptuh,0.06560330317694087
C1_cpg20,Apul-Ptuh,0.10707710919419314
C1_cpg20,Apul-Ptuh,0.19049810645907847
C1_cpg20,Apul-Ptuh,0.17492899221544284
C1_cpg20,Apul-Ptuh,0.2513018093835472
C1_cpg20,Apul-Ptuh,-0.0036161371765200926
C1_cpg20,Apul-Ptuh,0.20970965705869976
C1_cpg20,Apul-Ptuh,0.09922680412371133
C1_cpg20,Apul-Ptuh,0.12430307174416157
C1_cpg20,Apul-Ptuh,0.33552493162213337
C1_cpg20,Apul-Ptuh,-0.004023774458236902
C1_cpg20,Apul-Ptuh,0.07572848727119713
C1_cpg20,Apul-Ptuh,0.0747554176309699
C1_cpg20,Apul-Ptuh,-0.00748211655796339
C1_cpg20,Apul-Ptuh,0.20844729644435092
C1_cpg20,Apul-Ptuh,0.07991005680622765
C1_cpg20,Apul-Ptuh,-0.05838417841363349
C1_cpg20,Apul-Ptuh,0.045116242373237955
C1_cpg20,Apul-Ptuh,0.13025983589312012
C1_cpg20,Apul-Ptuh,0.12175205133599831
C1_cpg20,Apul-Ptuh,0.0235377656217126
C1_cpg20,Apul-Ptuh,0.12037134441405428
C1_cpg20,Apul-Ptuh,0.11842520513359982
C1_cpg20,Apul-Ptuh,0.12784031138228485
C1_cpg20,Apul-Ptuh,0.13612455291394907
C1_cpg20,Apul-Ptuh,0.10047601514832737
C1_cpg20,Apul-Ptuh,0.10847096570586996
C1_cpg20,Apul-Ptuh,0.1484983168525142
C1_cpg20,Apul-Ptuh,0.06711550599621291
C1_cpg20,Apul-Ptuh,0.16289711760993053
C1_cpg20,Apul-Ptuh,0.2865953082263833
C1_cpg20,Apul-Ptuh,0.08177729854828529
C1_cpg20,Apul-Ptuh,0.1286950347149169
C1_cpg20,Apul-Ptuh,0.21876972438459918
C1_cpg20,Apul-Ptuh,0.06127708815484956
C1_cpg20,Apul-Ptuh,0.23014411950347147
C1_cpg20,Apul-Ptuh,0.3162081843046497
C1_cpg20,Apul-Ptuh,0.12210709025878393
C1_cpg20,Apul-Ptuh,0.18276614769619187
C1_cpg20,Apul-Ptuh,0.11039080580685882
C1_cpg20,Apul-Ptuh,0.14231800967809802
C1_cpg20,Apul-Ptuh,0.2238586156111929
C1_cpg20,Apul-Ptuh,-0.06315747948664001
C1_cpg20,Apul-Ptuh,0.07007416368609298
C1_cpg20,Apul-Ptuh,0.2719598148537765
C1_cpg20,Apul-Ptuh,0.16674994740164106
C1_cpg20,Apul-Ptuh,0.13110140963601935
C1_cpg20,Apul-Ptuh,0.054452451083526185
C1_cpg20,Apul-Ptuh,0.19241794656006733
C1_cpg20,Apul-Ptuh,0.06428834420366085
C1_cpg20,Apul-Ptuh,0.1566379128971176
C1_cpg20,Apul-Ptuh,0.09116610561750473
C1_cpg20,Apul-Ptuh,0.20275352409004838
C1_cpg20,Apul-Ptuh,0.19481117189143696
C1_cpg20,Apul-Ptuh,0.15872869766463285
C1_cpg20,Apul-Ptuh,0.18771039343572476
C1_cpg20,Apul-Ptuh,0.09145539659162634
C1_cpg20,Apul-Ptuh,0.11413843888070692
C1_cpg20,Apul-Ptuh,0.2782321691563223
C1_cpg20,Apul-Ptuh,-0.0902850831054071
C1_cpg20,Apul-Ptuh,0.0826320218809173
C1_cpg20,Apul-Ptuh,0.03693719755943614
C1_cpg20,Apul-Ptuh,0.009980538607195454
C1_cpg20,Apul-Ptuh,0.06605038922785608
C1_cpg20,Apul-Ptuh,-0.05370292446875657
C1_cpg20,Apul-Ptuh,0.046483799705449184
C1_cpg20,Apul-Ptuh,0.004142120765832106
C1_cpg20,Apul-Ptuh,0.02581264464548706
C1_cpg20,Apul-Ptuh,0.22241216074058487
C1_cpg20,Apul-Ptuh,0.16922207027140754
C1_cpg20,Apul-Ptuh,0.05157269093204291
C1_cpg20,Apul-Ptuh,0.14828792341678937
C1_cpg20,Apul-Ptuh,-0.012308015989901114
C1_cpg20,Apul-Ptuh,-0.026009888491479064
C1_cpg20,Apul-Ptuh,0.03042815064169998
C1_cpg20,Apul-Ptuh,0.21398327372185985
C1_cpg20,Apul-Ptuh,0.3026904060593309
C1_cpg20,Apul-Ptuh,0.13416526404376183
C1_cpg20,Apul-Ptuh,0.17557332211235008
C1_cpg20,Apul-Ptuh,0.18692141805175674
C1_cpg20,Apul-Ptuh,0.07587313275825794
C1_cpg20,Apul-Ptuh,0.12298811277088154
C1_cpg20,Apul-Ptuh,0.06854881127708815
C1_cpg20,Apul-Ptuh,0.1373211655796339
C1_cpg20,Apul-Ptuh,0.22785609088996422
C1_cpg20,Apul-Ptuh,0.0864454029034294
C1_cpg20,Apul-Ptuh,0.16998474647590994
C1_cpg20,Apul-Ptuh,0.10346097201767303
C1_cpg20,Apul-Ptuh,0.2004128971176099
C1_cpg20,Apul-Ptuh,0.12423732379549758
C1_cpg20,Apul-Ptuh,0.19723069640227225
C1_cpg20,Apul-Ptuh,0.17888701872501578
C1_cpg20,Apul-Ptuh,0.289580265095729
C1_cpg20,Apul-Ptuh,0.06373606143488322
C1_cpg20,Apul-Ptuh,0.002498422049232064
C1_cpg20,Apul-Ptuh,0.1996502209131075
C1_cpg20,Apul-Ptuh,0.1694456132968651
C1_cpg20,Apul-Ptuh,0.3714496107721439
C1_cpg20,Apul-Ptuh,0.07082369030086261
C1_cpg20,Apul-Ptuh,-0.0076136124552913945
C1_cpg20,Apul-Ptuh,0.024957921312855035
C1_cpg20,Apul-Ptuh,0.26858037029244686
C1_cpg20,Apul-Ptuh,0.08868083315800546
C1_cpg20,Apul-Ptuh,0.06891699978960655
C1_cpg20,Apul-Ptuh,0.01806753629286766
C1_cpg20,Apul-Ptuh,0.29966600042078684
C1_cpg20,Apul-Ptuh,0.07404533978539869
C1_cpg20,Apul-Ptuh,0.006022512097622553
C1_cpg20,Apul-Ptuh,0.02810067325899432
C1_cpg20,Apul-Ptuh,-0.028087523669261517
C1_cpg20,Apul-Ptuh,0.14358037029244686
C1_cpg20,Apul-Ptuh,0.22785609088996422
C1_cpg20,Apul-Ptuh,0.15454712812960233
C1_cpg20,Apul-Ptuh,0.13228487271197137
C1_cpg20,Apul-Ptuh,0.086734693877551
C1_cpg20,Apul-Ptuh,0.19024826425415525
C1_cpg20,Apul-Ptuh,0.18197717231222385
C1_cpg20,Apul-Ptuh,0.30793709236271827
C1_cpg20,Apul-Ptuh,0.13935935198821794
C1_cpg20,Apul-Ptuh,0.10041026719966337
C1_cpg20,Apul-Ptuh,0.1288528297917105
C1_cpg20,Apul-Ptuh,0.19532400589101617
C1_cpg20,Apul-Ptuh,0.17216757837155477
C1_cpg20,Apul-Ptuh,0.008875973069640226
C1_cpg20,Apul-Ptuh,0.15790027351146643
C1_cpg20,Apul-Ptuh,0.06390700610140963
C1_cpg20,Apul-Ptuh,-0.05165158847043971
C1_cpg20,Apul-Ptuh,0.05727961287607826
C1_cpg20,Apul-Ptuh,0.22842152324847462
C1_cpg20,Apul-Ptuh,0.04601041447506837
C1_cpg20,Apul-Ptuh,0.07312486850410267
C1_cpg20,Apul-Ptuh,0.01683147485798443
C1_cpg20,Apul-Ptuh,0.054860088365243004
C1_cpg20,Apul-Ptuh,-0.10338207447927623
C1_cpg20,Apul-Ptuh,-0.10768199032190194
C1_cpg20,Apul-Ptuh,0.14968177992846624
C1_cpg20,Apul-Ptuh,-0.11187670944666525
C1_cpg20,Apul-Ptuh,0.1686434883231643
C1_cpg20,Apul-Ptuh,0.0898774458236903
C1_cpg20,Apul-Ptuh,-0.08691878813381022
C1_cpg20,Apul-Ptuh,0.06967967599410897
C1_cpg20,Apul-Ptuh,0.12423732379549758
C1_cpg20,Apul-Ptuh,0.15653271617925518
C1_cpg20,Apul-Ptuh,0.31132968651378073
C1_cpg20,Apul-Ptuh,0.22338523038081212
C1_cpg20,Apul-Ptuh,0.24464811697875025
C1_cpg20,Apul-Ptuh,0.14166053019145802
C1_cpg20,Apul-Ptuh,0.1720623816536924
C1_cpg20,Apul-Ptuh,0.21048548285293497
C1_cpg20,Apul-Ptuh,0.16500105196717862
C1_cpg20,Apul-Ptuh,0.029915316642120764
C1_cpg20,Apul-Ptuh,0.2033189564485588
C1_cpg20,Apul-Ptuh,-0.09465074689669682
C1_cpg20,Apul-Ptuh,0.18114874815905743
C1_cpg20,Apul-Ptuh,0.22956553755522824
C1_cpg20,Apul-Ptuh,0.18117504733852302
C1_cpg20,Apul-Ptuh,0.005996212918156953
C1_cpg20,Apul-Ptuh,0.13141699978960655
C1_cpg20,Apul-Ptuh,0.08008100147275404
C1_cpg20,Apul-Ptuh,0.027942878182200714
C1_cpg20,Apul-Ptuh,-0.027377445823690297
C1_cpg20,Apul-Ptuh,0.21708657689880073
C1_cpg20,Apul-Ptuh,0.18843362087102883
C1_cpg20,Apul-Ptuh,0.13503313696612665
C1_cpg20,Apul-Ptuh,0.2668972228066484
C1_cpg20,Apul-Ptuh,0.3007442667788765
C1_cpg20,Apul-Ptuh,0.1928650326109825
C1_cpg20,Apul-Ptuh,0.07514990532295392
C1_cpg20,Apul-Ptuh,-0.015595413423101197
C1_cpg20,Apul-Ptuh,0.18930149379339364
C1_cpg20,Apul-Ptuh,0.14906374921102458
C1_cpg20,Apul-Ptuh,-0.06147433200084156
C1_cpg20,Apul-Ptuh,0.05219072164948453
C1_cpg20,Apul-Ptuh,0.21796759941089835
C1_cpg20,Apul-Ptuh,0.07179675994108983
C1_cpg20,Apul-Ptuh,-0.0905349253103303
C1_cpg20,Apul-Ptuh,0.1336392804544498
C1_cpg20,Apul-Ptuh,0.07655691142436355
C1_cpg20,Apul-Ptuh,0.15690090469177362
C1_cpg20,Apul-Ptuh,0.07867399537134441
C1_cpg20,Apul-Ptuh,0.03762097622554176
C1_cpg20,Apul-Ptuh,0.05219072164948453
C1_cpg20,Apul-Ptuh,-0.06310488112770882
C1_cpg20,Apul-Ptuh,0.09959499263622973
C1_cpg20,Apul-Ptuh,0.12724857984430885
C1_cpg20,Apul-Ptuh,0.037292236482221755
C1_cpg20,Apul-Ptuh,0.1844624447717231
C1_cpg20,Apul-Ptuh,0.18868346307595202
C1_cpg20,Apul-Ptuh,0.01604249947401641
C1_cpg20,Apul-Ptuh,0.06015937302756153
C1_cpg20,Apul-Ptuh,0.16981380180938355
C1_cpg20,Apul-Ptuh,0.1645276667367978
C1_cpg20,Apul-Ptuh,0.13394172101830423
C1_cpg20,Apul-Ptuh,0.13645329265726908
C1_cpg20,Apul-Ptuh,0.05752945508100146
C1_cpg20,Apul-Ptuh,0.13574321481169785
C1_cpg20,Apul-Ptuh,-0.10084420366084577
C1_cpg20,Apul-Ptuh,0.05443930149379339
C1_cpg20,Apul-Ptuh,0.16189774879023772
C1_cpg20,Apul-Ptuh,0.03353145381864085
C1_cpg20,Apul-Ptuh,0.014017462655165156
C1_cpg20,Apul-Ptuh,0.1607142857142857
C1_cpg20,Apul-Ptuh,0.15626972438459918
C1_cpg20,Apul-Ptuh,0.10786608457816116
C1_cpg20,Apul-Ptuh,0.024024300441826213
C1_cpg20,Apul-Ptuh,0.2717757205975173
C1_cpg20,Apul-Ptuh,0.05833158005470229
C1_cpg20,Apul-Ptuh,0.09499263622974963
C1_cpg20,Apul-Ptuh,0.20366084578161162
C1_cpg20,Apul-Ptuh,0.0704423521986114
C1_cpg20,Apul-Ptuh,0.08730012623606143
C1_cpg20,Apul-Ptuh,0.2442404796970334
C1_cpg20,Apul-Ptuh,0.07495266147696192
C1_cpg20,Apul-Ptuh,0.08177729854828529
C1_cpg20,Apul-Ptuh,0.046496949295181986
C1_cpg20,Apul-Ptuh,-0.06836471702082894
C1_cpg20,Apul-Ptuh,0.22588365243004416
C1_cpg20,Apul-Ptuh,0.13962234378287397
C1_cpg20,Apul-Ptuh,0.2356011992425836
C1_cpg20,Apul-Ptuh,0.029954765411319164
C1_cpg20,Apul-Ptuh,0.1837786661056175
C1_cpg20,Apul-Ptuh,0.0069298337891857765
C1_cpg20,Apul-Ptuh,0.11772827687776141
C1_cpg20,Apul-Ptuh,0.03441247633073848
C1_cpg20,Apul-Ptuh,0.16806490637492108
C1_cpg20,Apul-Ptuh,0.033347359562381655
C1_cpg20,Apul-Ptuh,0.16822270145171467
C1_cpg20,Apul-Ptuh,0.15832106038291605
C1_cpg20,Apul-Ptuh,-0.00903376814643383
C1_cpg20,Apul-Ptuh,0.06697086050915212
C1_cpg20,Apul-Ptuh,0.008034399326741005
C1_cpg20,Apul-Ptuh,0.19782242794024826
C1_cpg20,Apul-Ptuh,0.29514254155270353
C1_cpg20,Apul-Ptuh,0.13020723753418892
C1_cpg20,Apul-Ptuh,0.09117925520723753
C1_cpg20,Apul-Ptuh,0.06449873763938564
C1_cpg20,Apul-Ptuh,0.06507731958762886
C1_cpg20,Apul-Ptuh,0.08325005259835892
C1_cpg20,Apul-Ptuh,0.17938670313486216
C1_cpg20,Apul-Ptuh,0.10037081843046497
C1_cpg20,Apul-Ptuh,0.2309988428361035
C1_cpg20,Apul-Ptuh,0.10093625078897536
C1_cpg20,Apul-Ptuh,0.15154902167052386
C1_cpg20,Apul-Ptuh,0.07287502629917945
C1_cpg20,Apul-Ptuh,0.10461813591415947
C1_cpg20,Apul-Ptuh,0.06515621712602566
C1_cpg20,Apul-Ptuh,0.14995792131285504
C1_cpg20,Apul-Ptuh,0.21301020408163265
C1_cpg20,Apul-Ptuh,0.029599726488533557
C1_cpg20,Apul-Ptuh,-0.016515884704397223
C1_cpg20,Apul-Ptuh,0.07758257942352198
C1_cpg20,Apul-Ptuh,0.18122764569745423
C1_cpg20,Apul-Ptuh,0.11832000841573742
C1_cpg20,Apul-Ptuh,0.06977172312223859
C1_cpg20,Apul-Ptuh,0.22124184725436563
C1_cpg20,Apul-Ptuh,0.05947559436145592
C1_cpg20,Apul-Ptuh,0.08969335156743108
C1_cpg20,Apul-Ptuh,0.12787976015148325
C1_cpg20,Apul-Ptuh,0.04235482852934988
C1_cpg20,Apul-Ptuh,0.06434094256259204
C1_cpg20,Apul-Ptuh,0.022512097622554173
C1_cpg20,Apul-Ptuh,0.1251840942562592
C1_cpg20,Apul-Ptuh,0.2238323164317273
C1_cpg20,Apul-Ptuh,0.037897117609930565
C1_cpg20,Apul-Ptuh,0.18819692825583842
C1_cpg20,Apul-Ptuh,-0.03484641279192089
C1_cpg20,Apul-Ptuh,0.07912108142225963
C1_cpg20,Apul-Ptuh,0.19185251420155688
C1_cpg20,Apul-Ptuh,0.2232011361245529
C1_cpg20,Apul-Ptuh,0.29001420155691143
C1_cpg20,Apul-Ptuh,0.07557069219440353
C1_cpg20,Apul-Ptuh,0.16701293919629706
C1_cpg20,Apul-Ptuh,0.06904849568693455
C1_cpg20,Apul-Ptuh,0.20181990321901955
C1_cpg20,Apul-Ptuh,0.1291947191247633
C1_cpg20,Apul-Ptuh,0.15154902167052386
C1_cpg20,Apul-Ptuh,0.3034399326741005
C1_cpg20,Apul-Ptuh,0.054531348621922986
C1_cpg20,Apul-Ptuh,0.03858089627603618
C1_cpg20,Apul-Ptuh,0.11513780770039973
C1_cpg20,Apul-Ptuh,0.17492899221544284
C1_cpg20,Apul-Ptuh,0.1922996002524721
C1_cpg20,Apul-Ptuh,0.05859457184935829
C1_cpg20,Apul-Ptuh,-0.002511571638964864
C1_cpg20,Apul-Ptuh,0.14677572059751734
C1_cpg20,Apul-Ptuh,0.15282453187460548
C1_cpg20,Apul-Ptuh,0.06423574584472963
C1_cpg20,Apul-Ptuh,0.008744477172312222
C1_cpg20,Apul-Ptuh,0.12686724174205763
C1_cpg20,Apul-Ptuh,0.15768988007574164
C1_cpg20,Apul-Ptuh,0.17495529139490845
C1_cpg20,Apul-Ptuh,0.09242846623185355
C1_cpg20,Apul-Ptuh,0.0313354723332632
C1_cpg20,Apul-Ptuh,0.05730591205554386
C1_cpg20,Apul-Ptuh,0.14166053019145802
C1_cpg20,Apul-Ptuh,0.12666999789606562
C1_cpg20,Apul-Ptuh,0.04172364822217547
C1_cpg20,Apul-Ptuh,0.07248053860719544
C1_cpg20,Apul-Ptuh,0.25689038501998734
C1_cpg20,Apul-Ptuh,0.06164527666736797
C1_cpg20,Apul-Ptuh,0.017751946139280453
C1_cpg20,Apul-Ptuh,0.1326267620450242
C1_cpg20,Apul-Ptuh,-0.04424836945087313
C1_cpg20,Apul-Ptuh,0.011479591836734693
C1_cpg20,Apul-Ptuh,0.2322875026299179
C1_cpg20,Apul-Ptuh,-0.2200452345886808
C1_cpg20,Apul-Ptuh,0.11253418893330526
C1_cpg20,Apul-Ptuh,0.05547811908268461
C1_cpg20,Apul-Ptuh,0.08777351146644224
C1_cpg20,Apul-Ptuh,-0.01447769829581317
C1_cpg20,Apul-Ptuh,0.16180570166210814
C1_cpg20,Apul-Ptuh,0.1214101620029455
C1_cpg20,Apul-Ptuh,0.09750420786871448
C1_cpg20,Apul-Ptuh,0.021354933726067747
C1_cpg20,Apul-Ptuh,0.09680727961287607
C1_cpg20,Apul-Ptuh,0.15912318535661685
C1_cpg20,Apul-Ptuh,0.18609299389859033
C1_cpg20,Apul-Ptuh,0.1336787292236482
C1_cpg20,Apul-Ptuh,0.16898537765621713
C1_cpg20,Apul-Ptuh,0.21457500525983586
C1_cpg20,Apul-Ptuh,0.1926809383547233
C1_cpg20,Apul-Ptuh,0.1655796339154218
C1_cpg20,Apul-Ptuh,0.1604381443298969
C1_cpg20,Apul-Ptuh,0.0820271407532085
C1_cpg20,Apul-Ptuh,0.07131022512097622
C1_cpg20,Apul-Ptuh,0.026772564695981483
C1_cpg20,Apul-Ptuh,0.008139596044603408
C1_cpg20,Apul-Ptuh,0.11275773195876289
C1_cpg20,Apul-Ptuh,0.23724489795918366
C1_cpg20,Apul-Ptuh,0.10770828950136756
C1_cpg20,Apul-Ptuh,0.26584525562802436
C1_cpg20,Apul-Ptuh,0.1141121397012413
C1_cpg20,Apul-Ptuh,0.01610824742268041
C1_cpg20,Apul-Ptuh,0.07934462444771723
C1_cpg20,Apul-Ptuh,0.10551230801598989
C1_cpg20,Apul-Ptuh,0.05835787923416789
C1_cpg20,Apul-Ptuh,0.03676625289290974
C1_cpg20,Apul-Ptuh,0.12795865768988005
C1_cpg20,Apul-Ptuh,0.0627235430254576
C1_cpg20,Apul-Ptuh,0.09703082263833367
C1_cpg20,Apul-Ptuh,-0.0013938565116768356
C1_cpg20,Apul-Ptuh,0.03197980223017041
C1_cpg20,Apul-Ptuh,0.08368398905954134
C1_cpg20,Apul-Ptuh,0.07609667578371554
C1_cpg20,Apul-Ptuh,0.18018882810856302
C1_cpg20,Apul-Ptuh,0.034859562381653685
C1_cpg20,Apul-Ptuh,0.03566168735535451
C1_cpg20,Apul-Ptuh,0.18456764148958552
C1_cpg20,Apul-Ptuh,0.1520355564906375
C1_cpg20,Apul-Ptuh,0.10205396591626341
C1_cpg20,Apul-Ptuh,0.35593309488743946
C1_cpg20,Apul-Ptuh,0.14966863033873343
C1_cpg20,Apul-Ptuh,0.06054071112981275
C1_cpg20,Apul-Ptuh,0.17281190826846202
C1_cpg20,Apul-Ptuh,0.12369819061645275
C1_cpg20,Apul-Ptuh,0.12035819482432147
C1_cpg20,Apul-Ptuh,0.14376446454870606
C1_cpg20,Apul-Ptuh,0.049823795497580474
C1_cpg20,Apul-Ptuh,0.24258363139070058
C1_cpg20,Apul-Ptuh,0.031151378077003994
C1_cpg20,Apul-Ptuh,0.17958394698085417
C1_cpg20,Apul-Ptuh,0.17023458868083313
C1_cpg20,Apul-Ptuh,0.1652245949926362
C1_cpg20,Apul-Ptuh,0.14643383126446455
C1_cpg20,Apul-Ptuh,0.002432674100568062
C1_cpg20,Apul-Ptuh,0.13265306122448978
C1_cpg20,Apul-Ptuh,0.2846491689459289
C1_cpg20,Apul-Ptuh,0.16663160109404584
C1_cpg20,Apul-Ptuh,0.11484851672627813
C1_cpg20,Apul-Ptuh,0.11031190826846202
C1_cpg20,Apul-Ptuh,0.16569798022301702
C1_cpg20,Apul-Ptuh,0.012321165579633914
C1_cpg20,Apul-Ptuh,0.10895750052598357
C1_cpg20,Apul-Ptuh,0.11171891436987165
C1_cpg20,Apul-Ptuh,0.07071849358300021
C1_cpg20,Apul-Ptuh,0.06448558804965285
C1_cpg20,Apul-Ptuh,0.10361876709446664
C1_cpg20,Apul-Ptuh,0.09922680412371133
C1_cpg20,Apul-Ptuh,0.16793341047759308
C1_cpg20,Apul-Ptuh,0.04242057647801388
C1_cpg20,Apul-Ptuh,0.12344834841152956
C1_cpg20,Apul-Ptuh,0.18723700820534397
C1_cpg20,Apul-Ptuh,0.2433200084157374
C1_cpg20,Apul-Ptuh,0.05417630969913738
C1_cpg20,Apul-Ptuh,0.18293709236271824
C1_cpg20,Apul-Ptuh,0.03103303176940879
C1_cpg20,Apul-Ptuh,-0.14334367767725645
C1_cpg20,Apul-Ptuh,0.15014201556911422
C1_cpg20,Apul-Ptuh,0.13839943193772353
C1_cpg20,Apul-Ptuh,0.047956553755522824
C1_cpg20,Apul-Ptuh,0.1809646539027982
C1_cpg20,Apul-Ptuh,0.2316563223227435
C1_cpg20,Apul-Ptuh,0.13874132127077635
C1_cpg20,Apul-Ptuh,-0.03379444561329686
C1_cpg20,Apul-Ptuh,0.14655217757205974
C1_cpg20,Apul-Ptuh,-0.044629707553124336
C1_cpg20,Apul-Ptuh,0.13182463707132336
C1_cpg20,Apul-Ptuh,-0.05056017252261729
C1_cpg20,Apul-Ptuh,0.2535898379970545
C1_cpg20,Apul-Ptuh,0.18489638123290553
C1_cpg20,Apul-Ptuh,0.07981800967809803
C1_cpg20,Apul-Ptuh,0.12866873553545127
C1_cpg20,Apul-Ptuh,-0.03368924889543446
C1_cpg20,Apul-Ptuh,0.27941563223227434
C1_cpg20,Apul-Ptuh,0.11618977487902377
C1_cpg20,Apul-Ptuh,0.30032347990742686
C1_cpg20,Apul-Ptuh,0.1372948664001683
C1_cpg20,Apul-Ptuh,0.26116400168314746
C1_cpg20,Apul-Ptuh,-0.06915369240479696
C1_cpg20,Apul-Ptuh,0.11985851041447507
C1_cpg20,Apul-Ptuh,0.1219624447717231
C1_cpg20,Apul-Ptuh,-0.024510835261939826
C1_cpg20,Apul-Ptuh,0.24538449400378703
C1_cpg20,Apul-Ptuh,0.26447769829581314
C1_cpg20,Apul-Ptuh,0.14284399326741004
C1_cpg20,Apul-Ptuh,0.1958105407111298
C1_cpg20,Apul-Ptuh,0.043696086682095514
C1_cpg20,Apul-Ptuh,0.2152982326951399
C1_cpg20,Apul-Ptuh,0.24598937513149588
C1_cpg20,Apul-Ptuh,0.12985219861140332
C1_cpg20,Apul-Ptuh,0.01908005470229329
C1_cpg20,Apul-Ptuh,0.16239743320008415
C1_cpg20,Apul-Ptuh,0.10340837365874184
C1_cpg20,Apul-Ptuh,0.18380496528508308
C1_cpg20,Apul-Ptuh,0.2612166000420787
C1_cpg20,Apul-Ptuh,0.17151009888491478
C1_cpg20,Apul-Ptuh,0.047864506627393215
C1_cpg20,Apul-Ptuh,0.12693298969072164
C1_cpg20,Apul-Ptuh,0.07872659373027562
C1_cpg20,Apul-Ptuh,0.1289580265095729
C1_cpg20,Apul-Ptuh,0.1058015989901115
C1_cpg20,Apul-Ptuh,0.11337576267620449
C1_cpg20,Apul-Ptuh,0.027548390490216703
C1_cpg20,Apul-Ptuh,0.20039974752787712
C1_cpg20,Apul-Ptuh,0.09004839049021669
C1_cpg20,Apul-Ptuh,0.16205554386703133
C1_cpg20,Apul-Ptuh,0.09295444982116557
C1_cpg20,Apul-Ptuh,0.009678098043341047
C1_cpg20,Apul-Ptuh,0.06359141594782242
C1_cpg20,Apul-Ptuh,0.023024931622133385
C1_cpg20,Apul-Ptuh,0.18118819692825583
C1_cpg20,Apul-Ptuh,0.02270934146854618
C1_cpg20,Apul-Ptuh,0.20848674521354932
C1_cpg20,Apul-Ptuh,0.258757626762045
C1_cpg20,Apul-Ptuh,0.1520881548495687
C1_cpg20,Apul-Ptuh,0.13912265937302754
C1_cpg20,Apul-Ptuh,0.1296023564064801
C1_cpg20,Apul-Ptuh,-0.022946034083736584
C1_cpg20,Apul-Ptuh,0.11657111298127497
C1_cpg20,Apul-Ptuh,0.2771144540290343
C1_cpg20,Apul-Ptuh,0.16726278140122028
C1_cpg20,Apul-Ptuh,0.13542762465811065
C1_cpg20,Apul-Ptuh,0.1098911213970124
C1_cpg20,Apul-Ptuh,0.24752787713023353
C1_cpg20,Apul-Ptuh,-0.09245476541131915
C1_cpg20,Apul-Ptuh,0.03670050494424574
C1_cpg20,Apul-Ptuh,0.019816431727330105
C1_cpg20,Apul-Ptuh,0.17817694087944455
C1_cpg20,Apul-Ptuh,0.10848411529560277
C1_cpg20,Apul-Ptuh,0.19344361455922574
C1_cpg20,Apul-Ptuh,-0.13154849568693455
C1_cpg20,Apul-Ptuh,0.06902219650746896
C1_cpg20,Apul-Ptuh,0.25293235851041446
C1_cpg20,Apul-Ptuh,0.025181464338312642
C1_cpg20,Apul-Ptuh,0.17500788975383966
C1_cpg20,Apul-Ptuh,0.1380180938354723
C1_cpg20,Apul-Ptuh,0.03167736166631601
C1_cpg20,Apul-Ptuh,0.09685987797180727
C1_cpg20,Apul-Ptuh,0.1598990111508521
C1_cpg20,Apul-Ptuh,0.17896591626341257
C1_cpg20,Apul-Ptuh,0.0664054281506417
C1_cpg20,Apul-Ptuh,0.2700268251630549
C1_cpg20,Apul-Ptuh,0.09708342099726487
C1_cpg20,Apul-Ptuh,0.027285398695560695
C1_cpg20,Apul-Ptuh,0.12431622133389438
C1_cpg20,Apul-Ptuh,0.1726278140122028
C1_cpg20,Apul-Ptuh,0.27461603197980217
C1_cpg20,Apul-Ptuh,0.16316010940458656
C1_cpg20,Apul-Ptuh,0.12397433200084156
C1_cpg20,Apul-Ptuh,-0.05859457184935829
C1_cpg20,Apul-Ptuh,0.2944061645276667
C1_cpg20,Apul-Ptuh,0.267975489164738
C1_cpg20,Apul-Ptuh,0.17300915211445403
C1_cpg20,Apul-Ptuh,0.1293262150220913
C1_cpg20,Apul-Ptuh,0.08385493372606773
C1_cpg20,Apul-Ptuh,0.14698611403324216
C1_cpg20,Apul-Ptuh,0.05575426046707342
C1_cpg20,Apul-Ptuh,0.15145697454239426
C1_cpg20,Apul-Ptuh,-0.12213338943824951
C1_cpg20,Apul-Ptuh,0.026023038081211862
C1_cpg20,Apul-Ptuh,0.11328371554807488
C1_cpg20,Apul-Ptuh,-0.07958131706290762
C1_cpg20,Apul-Ptuh,0.013031243425205131
C1_cpg20,Apul-Ptuh,-0.15349516095097832
C1_cpg20,Apul-Ptuh,0.17598095939406688
C1_cpg20,Apul-Ptuh,0.26629234167893956
C1_cpg20,Apul-Ptuh,0.0018540921523248473
C1_cpg20,Apul-Ptuh,0.1295629076372817
C1_cpg20,Apul-Ptuh,0.018646118241110878
C1_cpg20,Apul-Ptuh,0.15098358931201344
C1_cpg20,Apul-Ptuh,0.22042657269093202
C1_cpg20,Apul-Ptuh,0.07927887649905323
C1_cpg20,Apul-Ptuh,0.05399221544287818
C1_cpg20,Apul-Ptuh,0.22604144750683777
C1_cpg20,Apul-Ptuh,-0.06140858405217757
C1_cpg20,Apul-Ptuh,0.046115611192930776
C1_cpg20,Apul-Ptuh,0.08570902587839258
C1_cpg20,Apul-Ptuh,0.30784504523458867
C1_cpg20,Apul-Ptuh,0.06875920471281295
C1_cpg20,Apul-Ptuh,0.08293446244477172
C1_cpg20,Apul-Ptuh,0.004983694508731327
C1_cpg20,Apul-Ptuh,-0.006495897328003365
C1_cpg20,Apul-Ptuh,0.10444719124763306
C1_cpg20,Apul-Ptuh,0.11762308015989899
C1_cpg20,Apul-Ptuh,0.012860298758678728
C1_cpg20,Apul-Ptuh,0.05814748579844308
C1_cpg20,Apul-Ptuh,0.021709972648853354
C1_cpg20,Apul-Ptuh,0.16412002945508097
C1_cpg20,Apul-Ptuh,0.16213444140542813
C1_cpg20,Apul-Ptuh,0.20146486429623395
C1_cpg20,Apul-Ptuh,0.07975226172943403
C1_cpg20,Apul-Ptuh,0.027548390490216703
C1_cpg20,Apul-Ptuh,0.21174784346728381
C1_cpg20,Apul-Ptuh,0.15896539027982326
C1_cpg20,Apul-Ptuh,0.07621502209131074
C1_cpg20,Apul-Ptuh,0.19396959814853776
C1_cpg20,Apul-Ptuh,0.12719598148537764
C1_cpg20,Apul-Ptuh,0.12204134231011991
C1_cpg20,Apul-Ptuh,-0.05922575215653271
C1_cpg20,Apul-Ptuh,0.22692247001893537
C1_cpg20,Apul-Ptuh,0.15820271407532083
C1_cpg20,Apul-Ptuh,0.08580107300652219
C1_cpg20,Apul-Ptuh,0.21750736377025037
C1_cpg20,Apul-Ptuh,0.273248474647591
C1_cpg20,Apul-Ptuh,0.11508520934146854
C1_cpg20,Apul-Ptuh,0.08669524510835261
C1_cpg20,Apul-Ptuh,0.2750631180307174
C1_cpg20,Apul-Ptuh,0.026101935619608663
C1_cpg20,Apul-Ptuh,0.12033189564485587
C1_cpg20,Apul-Ptuh,-0.03837050284031138
C1_cpg20,Apul-Ptuh,-0.16726278140122028
C1_cpg20,Apul-Ptuh,0.01684462444771723
C1_cpg20,Apul-Ptuh,0.033952240690090466
C1_cpg20,Apul-Ptuh,0.28908058068588255
C1_cpg20,Apul-Ptuh,-0.050586471702082886
C1_cpg20,Apul-Ptuh,0.09538712392173364
C1_cpg20,Apul-Ptuh,0.2204134231011992
C1_cpg20,Apul-Ptuh,0.028863349463496734
C1_cpg20,Apul-Ptuh,0.04956080370292446
C1_cpg20,Apul-Ptuh,-0.03215074689669682
C1_cpg20,Apul-Ptuh,0.3062539448769198
C1_cpg20,Apul-Ptuh,0.1298390490216705
C1_cpg20,Apul-Ptuh,0.13561171891436985
C1_cpg20,Apul-Ptuh,0.12812960235640647
C1_cpg20,Apul-Ptuh,0.3440853145381864
C1_cpg20,Apul-Ptuh,0.011584788554597096
C1_cpg20,Apul-Ptuh,0.08502524721228698
C1_cpg20,Apul-Ptuh,0.1638964864296234
C1_cpg20,Apul-Ptuh,0.2889490847885546
C1_cpg20,Apul-Ptuh,0.3036108773406269
C1_cpg20,Apul-Ptuh,0.06605038922785608
C1_cpg20,Apul-Ptuh,0.09267830843677677
C1_cpg20,Apul-Ptuh,0.2789290974121607
C1_cpg20,Apul-Ptuh,0.1452503681885125
C1_cpg20,Apul-Ptuh,0.05789764359351988
C1_cpg20,Apul-Ptuh,0.21796759941089835
C1_cpg20,Apul-Ptuh,-0.07837155480749
C1_cpg20,Apul-Ptuh,-0.0669051125604881
C1_cpg20,Apul-Ptuh,-0.0747554176309699
C1_cpg20,Apul-Ptuh,0.2115900483904902
C1_cpg20,Apul-Ptuh,0.16005680622764568
C1_cpg20,Apul-Ptuh,0.2774826425415527
C1_cpg20,Apul-Ptuh,0.10741899852724594
C1_cpg20,Apul-Ptuh,0.1368872291184515
C1_cpg20,Apul-Ptuh,0.21846728382074476
C1_cpg20,Apul-Ptuh,0.19716494845360824
C1_cpg20,Apul-Ptuh,0.011887229118451503
C1_cpg20,Apul-Ptuh,0.0787791920892068
C1_cpg20,Apul-Ptuh,0.1676046707342731
C1_cpg20,Apul-Ptuh,0.07094203660845781
C1_cpg20,Apul-Ptuh,0.12075268251630548
C1_cpg20,Apul-Ptuh,0.1958236903008626
C1_cpg20,Apul-Ptuh,0.14288344203660844
C1_cpg20,Apul-Ptuh,0.04176309699137387
C1_cpg20,Apul-Ptuh,0.1365190406059331
C1_cpg20,Apul-Ptuh,0.20181990321901955
C1_cpg20,Apul-Ptuh,0.043446244477172304
C1_cpg20,Apul-Ptuh,0.10730065221965074
C1_cpg20,Apul-Ptuh,0.16471176099305698
C1_cpg20,Apul-Ptuh,0.165500736377025
C1_cpg20,Apul-Ptuh,0.2626762045024195
C1_cpg20,Apul-Ptuh,0.20210919419314113
C1_cpg20,Apul-Ptuh,0.14077950767936037
C1_cpg20,Apul-Ptuh,0.18146433831264464
C1_cpg20,Apul-Ptuh,0.0667078687144961
C1_cpg20,Apul-Ptuh,0.010098884914790657
C1_cpg20,Apul-Ptuh,0.13116715758468334
C1_cpg20,Apul-Ptuh,0.1723911213970124
C1_cpg20,Apul-Ptuh,0.1750999368819693
C1_cpg20,Apul-Ptuh,-0.04900852093414685
C1_cpg20,Apul-Ptuh,0.14219966337050283
C1_cpg20,Apul-Ptuh,0.14368556701030927
C1_cpg20,Apul-Ptuh,0.08669524510835261
C1_cpg20,Apul-Ptuh,0.07997580475489163
C1_cpg20,Apul-Ptuh,0.034399326741005674
C1_cpg20,Apul-Ptuh,0.022853986955606986
C1_cpg20,Apul-Ptuh,0.14987902377445822
C1_cpg20,Apul-Ptuh,0.020197769829581314
C1_cpg20,Apul-Ptuh,-0.04637860298758679
C1_cpg20,Apul-Ptuh,-0.0064695981485377654
C1_cpg20,Apul-Ptuh,0.11913528297917104
C1_cpg20,Apul-Ptuh,0.026220281927203867
C1_cpg20,Apul-Ptuh,0.14651272880286134
C1_cpg20,Apul-Ptuh,0.10268514622343781
C1_cpg20,Apul-Ptuh,0.10790553334735956
C1_cpg20,Apul-Ptuh,0.29590521775720596
C1_cpg20,Apul-Ptuh,0.1260782663580896
C1_cpg20,Apul-Ptuh,0.11060119924258362
C1_cpg20,Apul-Ptuh,0.1375447086050915
C1_cpg20,Apul-Ptuh,0.09545287187039762
C1_cpg20,Apul-Ptuh,0.21118241110877337
C1_cpg20,Apul-Ptuh,0.0904034294130023
C1_cpg20,Apul-Ptuh,-0.015016831474857984
C1_cpg20,Apul-Ptuh,0.08557752998106459
C1_cpg20,Apul-Ptuh,-0.05046812539448768
C1_cpg20,Apul-Ptuh,-0.05796339154218388
C1_cpg20,Apul-Ptuh,0.07524195245108352
C1_cpg20,Apul-Ptuh,0.3017304860088365
C1_cpg20,Apul-Ptuh,0.1291552703555649
C1_cpg20,Apul-Ptuh,0.21761256048811273
C1_cpg20,Apul-Ptuh,0.05311119293078055
C1_cpg20,Apul-Ptuh,0.18025457605722697
C1_cpg20,Apul-Ptuh,0.22109720176730485
C1_cpg20,Apul-Ptuh,-0.04669419314117399
C1_cpg20,Apul-Ptuh,0.014780138859667578
C1_cpg20,Apul-Ptuh,-0.0021302335367136545
C1_cpg20,Apul-Ptuh,0.17016884073216915
C1_cpg20,Apul-Ptuh,0.06117189143698716
C1_cpg20,Apul-Ptuh,0.11634756995581737
C1_cpg20,Apul-Ptuh,0.19408794445613295
C1_cpg20,Apul-Ptuh,0.18611929307805594
C1_cpg20,Apul-Ptuh,0.08323690300862613
C1_cpg20,Apul-Ptuh,0.11588733431516934
C1_cpg20,Apul-Ptuh,0.1328503050704818
C1_cpg20,Apul-Ptuh,0.1755470229328845
C1_cpg20,Apul-Ptuh,0.2480275615400799
C1_cpg20,Apul-Ptuh,-0.012005575426046706
C1_cpg20,Apul-Ptuh,0.3765516515884704
C1_cpg20,Apul-Ptuh,0.07864769619187881
C1_cpg20,Apul-Ptuh,0.2317352198611403
C1_cpg20,Apul-Ptuh,0.07729328844940037
C1_cpg20,Apul-Ptuh,0.05033662949715968
C1_cpg20,Apul-Ptuh,0.10446034083736587
C1_cpg20,Apul-Ptuh,0.12714338312644644
C1_cpg20,Apul-Ptuh,0.03868609299389859
C1_cpg20,Apul-Ptuh,0.10950978329476119
C1_cpg20,Apul-Ptuh,0.10151483273721859
C1_cpg20,Apul-Ptuh,0.13328424153166418
C1_cpg20,Apul-Ptuh,0.011532190195665893
C1_cpg20,Apul-Ptuh,0.0666684199452977
C1_cpg20,Apul-Ptuh,0.141266042499474
C1_cpg20,Apul-Ptuh,0.14396170839469807
C1_cpg20,Apul-Ptuh,0.2268567220702714
C1_cpg20,Apul-Ptuh,0.18113559856932462
C1_cpg20,Apul-Ptuh,0.0010651167683568272
C1_cpg20,Apul-Ptuh,-0.10051546391752576
C1_cpg20,Apul-Ptuh,0.18343677677256467
C1_cpg20,Apul-Ptuh,-0.016647380601725225
C1_cpg20,Apul-Ptuh,0.2498948032821376
C1_cpg20,Apul-Ptuh,0.29860088365243
C1_cpg20,Apul-Ptuh,0.20228013885966756
C1_cpg20,Apul-Ptuh,0.0825794235219861
C1_cpg20,Apul-Ptuh,0.08636650536503261
C1_cpg20,Apul-Ptuh,-0.0018277929728592467
C1_cpg20,Apul-Ptuh,0.21819114243635596
C1_cpg20,Apul-Ptuh,0.15842625710077843
C1_cpg20,Apul-Ptuh,0.03203240058910162
C1_cpg20,Apul-Ptuh,0.2622028192720387
C1_cpg20,Apul-Ptuh,0.07534714916894591
C1_cpg20,Apul-Ptuh,0.0627892909741216
C1_cpg20,Apul-Ptuh,0.1266173995371344
C1_cpg20,Apul-Ptuh,0.09850357668840731
C1_cpg20,Apul-Ptuh,0.027824531874605513
C1_cpg20,Apul-Ptuh,0.09153429413002315
C1_cpg20,Apul-Ptuh,0.16778876499053227
C1_cpg20,Apul-Ptuh,-0.03884388807069219
C1_cpg20,Apul-Ptuh,0.12685409215232482
C1_cpg20,Apul-Ptuh,0.2037923416789396
C1_cpg20,Apul-Ptuh,-0.04957395329265727
C1_cpg20,Apul-Ptuh,-0.009204712812960236
C1_cpg20,Apul-Ptuh,0.1290106248685041
C1_cpg20,Apul-Ptuh,0.08974594992636228
C1_cpg20,Apul-Ptuh,-0.08686618977487902
C1_cpg20,Apul-Ptuh,-0.028297917104986324
C1_cpg20,Apul-Ptuh,0.22947349042709866
C1_cpg20,Apul-Ptuh,0.172351672627814
C1_cpg20,Apul-Ptuh,0.13845203029665473
C1_cpg20,Apul-Ptuh,0.1329423521986114
C1_cpg20,Apul-Ptuh,0.1638307384809594
C1_cpg20,Apul-Ptuh,0.1998211655796339
C1_cpg20,Apul-Ptuh,0.08430201977698296
C1_cpg20,Apul-Ptuh,0.037292236482221755
C1_cpg20,Apul-Ptuh,0.10026562171260255
C1_cpg20,Apul-Ptuh,0.07380864717020828
C1_cpg20,Apul-Ptuh,0.21841468546181358
C1_cpg20,Apul-Ptuh,0.006246055123080159
C1_cpg20,Apul-Ptuh,0.09329633915421838
C1_cpg20,Apul-Ptuh,0.06063275825794234
C1_cpg20,Apul-Ptuh,0.07664895855249315
C1_cpg20,Apul-Ptuh,0.12398748159057436
C1_cpg20,Apul-Ptuh,0.1415684830633284
C1_cpg20,Apul-Ptuh,-0.06067220702714075
C1_cpg20,Apul-Ptuh,0.17103671365453396
C1_cpg20,Apul-Ptuh,0.06018567220702714
C1_cpg20,Apul-Ptuh,0.058186934567641485
C1_cpg20,Apul-Ptuh,0.11416473806017251
C1_cpg20,Apul-Ptuh,0.10230380812118661
C1_cpg20,Apul-Ptuh,0.08501209762255417
C1_cpg20,Apul-Ptuh,0.08509099516095096
C1_cpg20,Apul-Ptuh,0.20170155691142436
C1_cpg20,Apul-Ptuh,0.02778508310540711
C1_cpg20,Apul-Ptuh,0.1252103934357248
C1_cpg20,Apul-Ptuh,0.11909583420997263
C1_cpg20,Apul-Ptuh,0.05428150641699978
C1_cpg20,Apul-Ptuh,0.20844729644435092
C1_cpg20,Apul-Ptuh,0.03709499263622975
C1_cpg20,Apul-Ptuh,0.04819324637071323
C1_cpg20,Apul-Ptuh,0.27226225541763094
C1_cpg20,Apul-Ptuh,0.13131180307174414
C1_cpg20,Apul-Ptuh,0.09926625289290973
C1_cpg20,Apul-Ptuh,0.18661897748790238
C1_cpg20,Apul-Ptuh,-0.07288817588891226
C1_cpg20,Apul-Ptuh,0.12340889964233115
C1_cpg20,Apul-Ptuh,0.04774616031979802
C1_cpg20,Apul-Ptuh,0.05768725015779507
C1_cpg20,Apul-Ptuh,0.06005417630969913
C1_cpg20,Apul-Ptuh,0.20633021249737005
C1_cpg20,Apul-Ptuh,0.19433778666105614
C1_cpg20,Apul-Ptuh,0.0784767515253524
C1_cpg20,Apul-Ptuh,0.19262833999579212
C1_cpg20,Apul-Ptuh,0.14346202398485167
C1_cpg20,Apul-Ptuh,-0.05947559436145592
C1_cpg20,Apul-Ptuh,0.141134546602146
C1_cpg20,Apul-Ptuh,0.20961760993057016
C1_cpg20,Apul-Ptuh,0.172548916473806
C1_cpg20,Apul-Ptuh,0.18559330948874395
C1_cpg20,Apul-Ptuh,0.28457027140753205
C1_cpg20,Apul-Ptuh,0.08356564275194614
C1_cpg20,Apul-Ptuh,0.29236797811908266
C1_cpg20,Apul-Ptuh,-0.005443930149379339
C1_cpg20,Apul-Ptuh,0.0033794445613296864
C1_cpg20,Apul-Ptuh,0.12206764148958552
C1_cpg20,Apul-Ptuh,0.11057490006311801
C1_cpg20,Apul-Ptuh,0.06852251209762254
C1_cpg20,Apul-Ptuh,0.16964285714285712
C1_cpg20,Apul-Ptuh,0.23336576898800757
C1_cpg20,Apul-Ptuh,0.06844361455922575
C1_cpg20,Apul-Ptuh,-0.0056017252261729425
C1_cpg20,Apul-Ptuh,0.0019461392804544498
C1_cpg20,Apul-Ptuh,0.10221176099305701
C1_cpg20,Apul-Ptuh,0.18254260467073424
C1_cpg20,Apul-Ptuh,0.20112297496318113
C1_cpg20,Apul-Ptuh,0.3242425836313907
C1_cpg20,Apul-Ptuh,0.21362823479907422
C1_cpg20,Apul-Ptuh,0.12632810856301283
C1_cpg20,Apul-Ptuh,-0.019329896907216492
C1_cpg20,Apul-Ptuh,-0.004904796970334525
C1_cpg20,Apul-Ptuh,0.20464706501157162
C1_cpg20,Apul-Ptuh,0.013820218809173153
C1_cpg20,Apul-Ptuh,0.04128971176099305
C1_cpg20,Apul-Ptuh,0.2983904902167052
C1_cpg20,Apul-Ptuh,0.24167630969913736
C1_cpg20,Apul-Ptuh,0.1371633705028403
C1_cpg20,Apul-Ptuh,0.12477645697454239
C1_cpg20,Apul-Ptuh,0.11629497159688616
C1_cpg20,Apul-Ptuh,0.0587260677466863
C1_cpg20,Apul-Ptuh,0.16001735745844728
C1_cpg20,Apul-Ptuh,0.14819587628865977
C1_cpg20,Apul-Ptuh,0.0038265306122448974
C1_cpg20,Apul-Ptuh,0.1303255838417841
C1_cpg20,Apul-Ptuh,0.11492741426467494
C1_cpg20,Apul-Ptuh,0.0016305491268672418
C1_cpg20,Apul-Ptuh,0.19116873553545127
C1_cpg20,Apul-Ptuh,0.14289659162634125
C1_cpg20,Apul-Ptuh,0.06031716810435514
C1_cpg20,Apul-Ptuh,0.0825925731117189
C1_cpg20,Apul-Ptuh,0.1445797391121397
C1_cpg20,Apul-Ptuh,0.2120765832106038
C1_cpg20,Apul-Ptuh,0.1884073216915632
C1_cpg20,Apul-Ptuh,0.33180359772775087
C1_cpg20,Apul-Ptuh,0.03875184094256259
C1_cpg20,Apul-Ptuh,0.1415684830633284
C1_cpg20,Apul-Ptuh,0.027153902798232692
C1_cpg20,Apul-Ptuh,0.06536661056175047
C1_cpg20,Apul-Ptuh,0.14544761203450451
C1_cpg20,Apul-Ptuh,0.10624868504102672
C1_cpg20,Apul-Ptuh,-0.04907426888281085
C1_cpg20,Apul-Ptuh,-0.006351251840942562
C1_cpg20,Apul-Ptuh,0.05179623395750052
C1_cpg20,Apul-Ptuh,0.16372554176309698
C1_cpg20,Apul-Ptuh,0.056701030927835044
C1_cpg20,Apul-Ptuh,0.17920260887860298
C1_cpg20,Apul-Ptuh,0.29281506416999786
C1_cpg20,Apul-Ptuh,0.18617189143698715
C1_cpg20,Peve-Ptuh,0.055633513211468255
C1_cpg20,Peve-Ptuh,0.024633572856923112
C1_cpg20,Peve-Ptuh,0.0667746563323068
C1_cpg20,Peve-Ptuh,0.08462120427312596
C1_cpg20,Peve-Ptuh,0.11583932142307776
C1_cpg20,Peve-Ptuh,0.06242210774480535
C1_cpg20,Peve-Ptuh,0.06410787665319935
C1_cpg20,Peve-Ptuh,0.081527488706604
C1_cpg20,Peve-Ptuh,0.052155241422826626
C1_cpg20,Peve-Ptuh,-1.2086052695189751e-4
C1_cpg20,Peve-Ptuh,0.042533487783669076
C1_cpg20,Peve-Ptuh,0.051296660796298216
C1_cpg20,Peve-Ptuh,-0.021260465422901973
C1_cpg20,Peve-Ptuh,0.1944002335590443
C1_cpg20,Peve-Ptuh,0.018940571152318796
C1_cpg20,Peve-Ptuh,0.08211766478626523
C1_cpg20,Peve-Ptuh,0.05342349214720498
C1_cpg20,Peve-Ptuh,-0.0021770591023672968
C1_cpg20,Peve-Ptuh,0.07086664845910676
C1_cpg20,Peve-Ptuh,0.07673387767658979
C1_cpg20,Peve-Ptuh,0.06982285299906765
C1_cpg20,Peve-Ptuh,0.22653814640761702
C1_cpg20,Peve-Ptuh,0.03144885088322362
C1_cpg20,Peve-Ptuh,0.01932669699167161
C1_cpg20,Peve-Ptuh,0.09780755864874792
C1_cpg20,Peve-Ptuh,0.12502315185418886
C1_cpg20,Peve-Ptuh,0.12388831859462751
C1_cpg20,Peve-Ptuh,0.0018443002489412932
C1_cpg20,Peve-Ptuh,-0.048670691165252446
C1_cpg20,Peve-Ptuh,-0.050207346436498
C1_cpg20,Peve-Ptuh,0.03944134183438027
C1_cpg20,Peve-Ptuh,0.08300606814022332
C1_cpg20,Peve-Ptuh,0.04377348539785088
C1_cpg20,Peve-Ptuh,0.0691902972541116
C1_cpg20,Peve-Ptuh,0.023754587206363854
C1_cpg20,Peve-Ptuh,0.07217413961431365
C1_cpg20,Peve-Ptuh,0.118104279090501
C1_cpg20,Peve-Ptuh,0.08546565834455609
C1_cpg20,Peve-Ptuh,0.05782155963446754
C1_cpg20,Peve-Ptuh,0.29542864677019864
C1_cpg20,Peve-Ptuh,0.056434018000370435
C1_cpg20,Peve-Ptuh,0.0506421304100782
C1_cpg20,Peve-Ptuh,0.10285230843606477
C1_cpg20,Peve-Ptuh,0.019885480726669992
C1_cpg20,Peve-Ptuh,0.11276444126335351
C1_cpg20,Peve-Ptuh,0.015229996013172228
C1_cpg20,Peve-Ptuh,0.19168322612847633
C1_cpg20,Peve-Ptuh,0.008240490473993011
C1_cpg20,Peve-Ptuh,0.07556137360343307
C1_cpg20,Peve-Ptuh,0.06120251515465439
C1_cpg20,Peve-Ptuh,0.13094688729206497
C1_cpg20,Peve-Ptuh,0.013049797676338647
C1_cpg20,Peve-Ptuh,0.07871630424204754
C1_cpg20,Peve-Ptuh,0.09600563806510144
C1_cpg20,Peve-Ptuh,0.09088083779889437
C1_cpg20,Peve-Ptuh,0.027300352536030564
C1_cpg20,Peve-Ptuh,0.13416774185447136
C1_cpg20,Peve-Ptuh,0.12731479301457546
C1_cpg20,Peve-Ptuh,0.11019026900100141
C1_cpg20,Peve-Ptuh,0.010406562255728316
C1_cpg20,Peve-Ptuh,0.024506433861038648
C1_cpg20,Peve-Ptuh,0.09159187440550748
C1_cpg20,Peve-Ptuh,0.15821113863173328
C1_cpg20,Peve-Ptuh,0.04102665523985321
C1_cpg20,Peve-Ptuh,0.07668678915959554
C1_cpg20,Peve-Ptuh,0.1538774254510295
C1_cpg20,Peve-Ptuh,0.07113505300597396
C1_cpg20,Peve-Ptuh,0.022233628107449718
C1_cpg20,Peve-Ptuh,0.01838963550348612
C1_cpg20,Peve-Ptuh,0.16436717742011434
C1_cpg20,Peve-Ptuh,0.02428511783116569
C1_cpg20,Peve-Ptuh,-0.032608798018515205
C1_cpg20,Peve-Ptuh,0.10860024674382905
C1_cpg20,Peve-Ptuh,0.1372379131624962
C1_cpg20,Peve-Ptuh,0.09763019190140292
C1_cpg20,Peve-Ptuh,0.011875723985948786
C1_cpg20,Peve-Ptuh,0.005093407921544253
C1_cpg20,Peve-Ptuh,0.06501197617948887
C1_cpg20,Peve-Ptuh,0.006517050752003616
C1_cpg20,Peve-Ptuh,0.11281623863204719
C1_cpg20,Peve-Ptuh,0.10677164266721917
C1_cpg20,Peve-Ptuh,0.17999428659327135
C1_cpg20,Peve-Ptuh,0.10929244794364447
C1_cpg20,Peve-Ptuh,0.003103133269920797
C1_cpg20,Peve-Ptuh,0.12061252742906114
C1_cpg20,Peve-Ptuh,0.07920445520155456
C1_cpg20,Peve-Ptuh,0.09263723948277972
C1_cpg20,Peve-Ptuh,0.0029398930776740784
C1_cpg20,Peve-Ptuh,0.06619389795604444
C1_cpg20,Peve-Ptuh,0.1691356745743983
C1_cpg20,Peve-Ptuh,-0.013768682369117467
C1_cpg20,Peve-Ptuh,0.1542368677974189
C1_cpg20,Peve-Ptuh,0.04775560431833093
C1_cpg20,Peve-Ptuh,-0.1219561197806303
C1_cpg20,Peve-Ptuh,0.11329340227092222
C1_cpg20,Peve-Ptuh,0.015385388119253237
C1_cpg20,Peve-Ptuh,0.11931759321171938
C1_cpg20,Peve-Ptuh,0.04975058782165381
C1_cpg20,Peve-Ptuh,0.045410596172017495
C1_cpg20,Peve-Ptuh,0.14032535026008558
C1_cpg20,Peve-Ptuh,0.030963839158182883
C1_cpg20,Peve-Ptuh,0.0438990547765022
C1_cpg20,Peve-Ptuh,0.12469196261799598
C1_cpg20,Peve-Ptuh,-7.769605304050554e-4
C1_cpg20,Peve-Ptuh,0.04404345956195122
C1_cpg20,Peve-Ptuh,0.0841581671893492
C1_cpg20,Peve-Ptuh,-0.009904284741123029
C1_cpg20,Peve-Ptuh,0.050340763901315026
C1_cpg20,Peve-Ptuh,-0.0034578667646107822
C1_cpg20,Peve-Ptuh,0.1782112014164226
C1_cpg20,Peve-Ptuh,0.06622215106624099
C1_cpg20,Peve-Ptuh,0.12547206238286732
C1_cpg20,Peve-Ptuh,0.004959990456727223
C1_cpg20,Peve-Ptuh,0.056087132591846146
C1_cpg20,Peve-Ptuh,0.14131577873419787
C1_cpg20,Peve-Ptuh,0.12870233464867256
C1_cpg20,Peve-Ptuh,0.19107578425925054
C1_cpg20,Peve-Ptuh,0.21937598297279226
C1_cpg20,Peve-Ptuh,0.056295891683853974
C1_cpg20,Peve-Ptuh,-0.037440079862124824
C1_cpg20,Peve-Ptuh,0.05636966369381163
C1_cpg20,Peve-Ptuh,0.0737029467993935
C1_cpg20,Peve-Ptuh,0.10962834603153675
C1_cpg20,Peve-Ptuh,0.1635007487074202
C1_cpg20,Peve-Ptuh,0.11997055398070627
C1_cpg20,Peve-Ptuh,0.03673218248997799
C1_cpg20,Peve-Ptuh,0.02231681782080622
C1_cpg20,Peve-Ptuh,-0.09935363162339232
C1_cpg20,Peve-Ptuh,-0.02494278745185199
C1_cpg20,Peve-Ptuh,0.06778235059598367
C1_cpg20,Peve-Ptuh,0.07066730707049779
C1_cpg20,Peve-Ptuh,0.09635409309085886
C1_cpg20,Peve-Ptuh,0.11492737381062254
C1_cpg20,Peve-Ptuh,0.19655531802014758
C1_cpg20,Peve-Ptuh,0.16336576162537003
C1_cpg20,Peve-Ptuh,0.06469648311562742
C1_cpg20,Peve-Ptuh,0.058469811551754985
C1_cpg20,Peve-Ptuh,0.0834204470897727
C1_cpg20,Peve-Ptuh,0.17628685068859107
C1_cpg20,Peve-Ptuh,0.00922621009640589
C1_cpg20,Peve-Ptuh,0.1336811605121975
C1_cpg20,Peve-Ptuh,0.012820633560299987
C1_cpg20,Peve-Ptuh,-0.004361966290900301
C1_cpg20,Peve-Ptuh,0.11432934964479563
C1_cpg20,Peve-Ptuh,0.07792207792207792
C1_cpg20,Peve-Ptuh,0.09558498064661952
C1_cpg20,Peve-Ptuh,0.08377361096722953
C1_cpg20,Peve-Ptuh,0.1235853824686312
C1_cpg20,Peve-Ptuh,0.12966451001258833
C1_cpg20,Peve-Ptuh,0.08633365667448337
C1_cpg20,Peve-Ptuh,0.10514551921368455
C1_cpg20,Peve-Ptuh,0.10270476441614947
C1_cpg20,Peve-Ptuh,0.13140521552414228
C1_cpg20,Peve-Ptuh,0.02750283315910582
C1_cpg20,Peve-Ptuh,0.09676062395424252
C1_cpg20,Peve-Ptuh,0.1459273141651677
C1_cpg20,Peve-Ptuh,0.015481134770474872
C1_cpg20,Peve-Ptuh,0.11704321784089733
C1_cpg20,Peve-Ptuh,-0.10425711585972645
C1_cpg20,Peve-Ptuh,0.12109283030240245
C1_cpg20,Peve-Ptuh,0.11980888340569269
C1_cpg20,Peve-Ptuh,0.0788591394102634
C1_cpg20,Peve-Ptuh,0.1063525548659704
C1_cpg20,Peve-Ptuh,0.12145541188325815
C1_cpg20,Peve-Ptuh,0.09313166891121931
C1_cpg20,Peve-Ptuh,0.020577681926485406
C1_cpg20,Peve-Ptuh,0.021885173081692296
C1_cpg20,Peve-Ptuh,0.13636834521533578
C1_cpg20,Peve-Ptuh,0.13510480334265687
C1_cpg20,Peve-Ptuh,-0.007520036163981051
C1_cpg20,Peve-Ptuh,0.008832236170887367
C1_cpg20,Peve-Ptuh,0.23073687250627062
C1_cpg20,Peve-Ptuh,0.13065179925223436
C1_cpg20,Peve-Ptuh,-0.03423963032374925
C1_cpg20,Peve-Ptuh,0.017589130714583942
C1_cpg20,Peve-Ptuh,0.1187996195247827
C1_cpg20,Peve-Ptuh,0.16271280085638318
C1_cpg20,Peve-Ptuh,-0.0057997356764579394
C1_cpg20,Peve-Ptuh,0.07800526763543442
C1_cpg20,Peve-Ptuh,0.10703062951068754
C1_cpg20,Peve-Ptuh,0.15354623621483665
C1_cpg20,Peve-Ptuh,0.141339322992695
C1_cpg20,Peve-Ptuh,0.09820938066043215
C1_cpg20,Peve-Ptuh,-0.029709714988902805
C1_cpg20,Peve-Ptuh,0.12849043632219848
C1_cpg20,Peve-Ptuh,0.04684522632310884
C1_cpg20,Peve-Ptuh,0.00825932588079071
C1_cpg20,Peve-Ptuh,0.008160439995102794
C1_cpg20,Peve-Ptuh,0.0842413569027057
C1_cpg20,Peve-Ptuh,0.12801013344885714
C1_cpg20,Peve-Ptuh,0.1557892192409959
C1_cpg20,Peve-Ptuh,0.015413641229449786
C1_cpg20,Peve-Ptuh,-0.050466333279966344
C1_cpg20,Peve-Ptuh,0.025489014248985243
C1_cpg20,Peve-Ptuh,0.09135643182053625
C1_cpg20,Peve-Ptuh,0.001312200006906316
C1_cpg20,Peve-Ptuh,0.10377838260361828
C1_cpg20,Peve-Ptuh,0.2140094616526814
C1_cpg20,Peve-Ptuh,0.07504810876819579
C1_cpg20,Peve-Ptuh,0.014242706773526207
C1_cpg20,Peve-Ptuh,0.08928924592448885
C1_cpg20,Peve-Ptuh,0.09283501125415557
C1_cpg20,Peve-Ptuh,0.0730185936857438
C1_cpg20,Peve-Ptuh,0.024084206825323577
C1_cpg20,Peve-Ptuh,0.13559295430216387
C1_cpg20,Peve-Ptuh,0.14928315580962426
C1_cpg20,Peve-Ptuh,0.032520899453459276
C1_cpg20,Peve-Ptuh,0.05324141654816056
C1_cpg20,Peve-Ptuh,-0.0033683985823217146
C1_cpg20,Peve-Ptuh,0.019245076895548253
C1_cpg20,Peve-Ptuh,0.04668983421702783
C1_cpg20,Peve-Ptuh,0.06037375725555566
C1_cpg20,Peve-Ptuh,-0.05895325365956258
C1_cpg20,Peve-Ptuh,0.07026234582434727
C1_cpg20,Peve-Ptuh,0.04220857701640878
C1_cpg20,Peve-Ptuh,0.04425064903672591
C1_cpg20,Peve-Ptuh,0.09707140816640454
C1_cpg20,Peve-Ptuh,0.09077253420980759
C1_cpg20,Peve-Ptuh,0.07546405733497828
C1_cpg20,Peve-Ptuh,0.060717503429613656
C1_cpg20,Peve-Ptuh,0.14868670126103048
C1_cpg20,Peve-Ptuh,0.10205965173332832
C1_cpg20,Peve-Ptuh,0.07455054010528993
C1_cpg20,Peve-Ptuh,0.09916370793818219
C1_cpg20,Peve-Ptuh,0.05983537854458812
C1_cpg20,Peve-Ptuh,0.05462581894779139
C1_cpg20,Peve-Ptuh,0.22443642893244053
C1_cpg20,Peve-Ptuh,0.06664908695365548
C1_cpg20,Peve-Ptuh,0.0593205440921177
C1_cpg20,Peve-Ptuh,0.053591441191151126
C1_cpg20,Peve-Ptuh,0.08541700021032872
C1_cpg20,Peve-Ptuh,0.10684698429440996
C1_cpg20,Peve-Ptuh,0.03705395402277201
C1_cpg20,Peve-Ptuh,0.10366380054559896
C1_cpg20,Peve-Ptuh,0.06667263121215261
C1_cpg20,Peve-Ptuh,0.04328062558664444
C1_cpg20,Peve-Ptuh,0.1279583360801635
C1_cpg20,Peve-Ptuh,0.06119780630295496
C1_cpg20,Peve-Ptuh,0.05928758213022173
C1_cpg20,Peve-Ptuh,0.055030780193941906
C1_cpg20,Peve-Ptuh,-0.011547673984222207
C1_cpg20,Peve-Ptuh,0.08968478946724051
C1_cpg20,Peve-Ptuh,0.07224948124150445
C1_cpg20,Peve-Ptuh,0.09465890647906602
C1_cpg20,Peve-Ptuh,0.08478130523090638
C1_cpg20,Peve-Ptuh,0.07784359706042085
C1_cpg20,Peve-Ptuh,0.08675902294466471
C1_cpg20,Peve-Ptuh,0.12199692982869197
C1_cpg20,Peve-Ptuh,0.06330894148153031
C1_cpg20,Peve-Ptuh,0.08136110927989101
C1_cpg20,Peve-Ptuh,0.09790644453443584
C1_cpg20,Peve-Ptuh,0.018981381200380475
C1_cpg20,Peve-Ptuh,0.19632301466964266
C1_cpg20,Peve-Ptuh,0.07435590756838038
C1_cpg20,Peve-Ptuh,0.08993749784177629
C1_cpg20,Peve-Ptuh,0.12559920137875177
C1_cpg20,Peve-Ptuh,0.20097222091420786
C1_cpg20,Peve-Ptuh,0.0023732612565099875
C1_cpg20,Peve-Ptuh,0.010957497904560994
C1_cpg20,Peve-Ptuh,0.04712147895614175
C1_cpg20,Peve-Ptuh,0.10596642902661757
C1_cpg20,Peve-Ptuh,0.009486766557107383
C1_cpg20,Peve-Ptuh,0.16086536137297558
C1_cpg20,Peve-Ptuh,0.025961469036160843
C1_cpg20,Peve-Ptuh,0.06261517066448176
C1_cpg20,Peve-Ptuh,0.010890004363535908
C1_cpg20,Peve-Ptuh,0.10520516466854393
C1_cpg20,Peve-Ptuh,0.14577506129355294
C1_cpg20,Peve-Ptuh,0.10300927015937893
C1_cpg20,Peve-Ptuh,0.15601210488810197
C1_cpg20,Peve-Ptuh,0.09029850980539886
C1_cpg20,Peve-Ptuh,-0.017731965882799818
C1_cpg20,Peve-Ptuh,0.06495860919356206
C1_cpg20,Peve-Ptuh,0.13878241651990744
C1_cpg20,Peve-Ptuh,0.010084790722934306
C1_cpg20,Peve-Ptuh,0.038135420296406514
C1_cpg20,Peve-Ptuh,0.1694888384518551
C1_cpg20,Peve-Ptuh,-0.03590656382534555
C1_cpg20,Peve-Ptuh,0.009139881148583107
C1_cpg20,Peve-Ptuh,0.11557248649344372
C1_cpg20,Peve-Ptuh,-0.09065324330008885
C1_cpg20,Peve-Ptuh,0.12465272218716744
C1_cpg20,Peve-Ptuh,0.09192149402446718
C1_cpg20,Peve-Ptuh,-0.02412030802168583
C1_cpg20,Peve-Ptuh,0.11607633362528214
C1_cpg20,Peve-Ptuh,0.07819205208617826
C1_cpg20,Peve-Ptuh,0.06172676731052366
C1_cpg20,Peve-Ptuh,0.14110701964219005
C1_cpg20,Peve-Ptuh,0.002249261495091807
C1_cpg20,Peve-Ptuh,0.07105186329261746
C1_cpg20,Peve-Ptuh,0.1244282669228282
C1_cpg20,Peve-Ptuh,0.07438573029581005
C1_cpg20,Peve-Ptuh,0.12353829395163694
C1_cpg20,Peve-Ptuh,0.07252102502283793
C1_cpg20,Peve-Ptuh,0.06058408596479662
C1_cpg20,Peve-Ptuh,0.012178660111945102
C1_cpg20,Peve-Ptuh,0.0849743681505828
C1_cpg20,Peve-Ptuh,0.14566204885276676
C1_cpg20,Peve-Ptuh,0.1721524788964963
C1_cpg20,Peve-Ptuh,0.13875102417524462
C1_cpg20,Peve-Ptuh,0.034299275778608626
C1_cpg20,Peve-Ptuh,0.07168912788927292
C1_cpg20,Peve-Ptuh,0.03948999996860766
C1_cpg20,Peve-Ptuh,0.11277071973228608
C1_cpg20,Peve-Ptuh,-0.015465438598143458
C1_cpg20,Peve-Ptuh,0.04533054569312728
C1_cpg20,Peve-Ptuh,0.13092805188526727
C1_cpg20,Peve-Ptuh,0.07177231760262942
C1_cpg20,Peve-Ptuh,0.07246922765414425
C1_cpg20,Peve-Ptuh,0.10899108143488129
C1_cpg20,Peve-Ptuh,0.0769724594960273
C1_cpg20,Peve-Ptuh,0.07061707931903725
C1_cpg20,Peve-Ptuh,0.06840234940307457
C1_cpg20,Peve-Ptuh,0.07021682692458617
C1_cpg20,Peve-Ptuh,-0.03752013034101504
C1_cpg20,Peve-Ptuh,0.09114453349406214
C1_cpg20,Peve-Ptuh,0.012021698388630948
C1_cpg20,Peve-Ptuh,0.07105500252708374
C1_cpg20,Peve-Ptuh,0.09124969784868261
C1_cpg20,Peve-Ptuh,-3.4845502575741883e-4
C1_cpg20,Peve-Ptuh,0.03131700303563973
C1_cpg20,Peve-Ptuh,0.01675566396378579
C1_cpg20,Peve-Ptuh,0.13694125550543246
C1_cpg20,Peve-Ptuh,0.08223224684428455
C1_cpg20,Peve-Ptuh,0.030984244182213724
C1_cpg20,Peve-Ptuh,-0.023583498927951432
C1_cpg20,Peve-Ptuh,0.039285949728299255
C1_cpg20,Peve-Ptuh,0.12527429061149148
C1_cpg20,Peve-Ptuh,0.11166100034845503
C1_cpg20,Peve-Ptuh,0.2522547551554078
C1_cpg20,Peve-Ptuh,0.028317464503106272
C1_cpg20,Peve-Ptuh,0.03168272385096171
C1_cpg20,Peve-Ptuh,0.2040439618394658
C1_cpg20,Peve-Ptuh,0.10637139027276808
C1_cpg20,Peve-Ptuh,0.06066570606091999
C1_cpg20,Peve-Ptuh,0.07282239153160111
C1_cpg20,Peve-Ptuh,0.13657553469011047
C1_cpg20,Peve-Ptuh,0.09154635550574636
C1_cpg20,Peve-Ptuh,-0.006400899076751144
C1_cpg20,Peve-Ptuh,0.04835048924969157
C1_cpg20,Peve-Ptuh,-0.05396344047540567
C1_cpg20,Peve-Ptuh,-0.010248030915181025
C1_cpg20,Peve-Ptuh,0.14141309500265267
C1_cpg20,Peve-Ptuh,0.1730738442123504
C1_cpg20,Peve-Ptuh,0.1680824614109603
C1_cpg20,Peve-Ptuh,0.13071144470709373
C1_cpg20,Peve-Ptuh,0.04981180289374633
C1_cpg20,Peve-Ptuh,-0.05034704237024759
C1_cpg20,Peve-Ptuh,0.1579804048984615
C1_cpg20,Peve-Ptuh,0.11410960323215581
C1_cpg20,Peve-Ptuh,0.18180876411478297
C1_cpg20,Peve-Ptuh,-0.02963123412724573
C1_cpg20,Peve-Ptuh,0.09714988902806161
C1_cpg20,Peve-Ptuh,0.008168288081268502
C1_cpg20,Peve-Ptuh,0.18910591463165793
C1_cpg20,Peve-Ptuh,0.05414551607445008
C1_cpg20,Peve-Ptuh,0.12733362842137316
C1_cpg20,Peve-Ptuh,0.05364480817707794
C1_cpg20,Peve-Ptuh,0.09835378544588116
C1_cpg20,Peve-Ptuh,0.11020910440779912
C1_cpg20,Peve-Ptuh,0.05601493019912165
C1_cpg20,Peve-Ptuh,0.0925148093385947
C1_cpg20,Peve-Ptuh,0.19308803355213797
C1_cpg20,Peve-Ptuh,0.03538074205224314
C1_cpg20,Peve-Ptuh,-0.005222116534661857
C1_cpg20,Peve-Ptuh,0.07179743147835968
C1_cpg20,Peve-Ptuh,-5.791887590292232e-4
C1_cpg20,Peve-Ptuh,0.10342992757786086
C1_cpg20,Peve-Ptuh,0.06406235775343824
C1_cpg20,Peve-Ptuh,0.17471409422098327
C1_cpg20,Peve-Ptuh,0.10904915727250752
C1_cpg20,Peve-Ptuh,0.12290259897221463
C1_cpg20,Peve-Ptuh,0.08346596598953379
C1_cpg20,Peve-Ptuh,0.026666227173841386
C1_cpg20,Peve-Ptuh,0.0815008052136406
C1_cpg20,Peve-Ptuh,0.06113345199639616
C1_cpg20,Peve-Ptuh,0.07699443413729128
C1_cpg20,Peve-Ptuh,0.13685178732314338
C1_cpg20,Peve-Ptuh,0.059634467538746
C1_cpg20,Peve-Ptuh,0.08708864256362443
C1_cpg20,Peve-Ptuh,0.16214616903521908
C1_cpg20,Peve-Ptuh,0.029563740586220646
C1_cpg20,Peve-Ptuh,0.07312218842313113
C1_cpg20,Peve-Ptuh,0.06979616950610425
C1_cpg20,Peve-Ptuh,0.07898627840614787
C1_cpg20,Peve-Ptuh,0.1493757632263796
C1_cpg20,Peve-Ptuh,-0.003228702648572119
C1_cpg20,Peve-Ptuh,0.025051091040938757
C1_cpg20,Peve-Ptuh,0.042351412184624654
C1_cpg20,Peve-Ptuh,0.15049490031360951
C1_cpg20,Peve-Ptuh,0.10451924193766109
C1_cpg20,Peve-Ptuh,0.13429645046758898
C1_cpg20,Peve-Ptuh,0.09361981987072632
C1_cpg20,Peve-Ptuh,0.13040536934663113
C1_cpg20,Peve-Ptuh,0.1345915385074196
C1_cpg20,Peve-Ptuh,0.1696583571130344
C1_cpg20,Peve-Ptuh,0.11213188551839748
C1_cpg20,Peve-Ptuh,-0.012046812264361212
C1_cpg20,Peve-Ptuh,0.06323203023710637
C1_cpg20,Peve-Ptuh,-0.04572922847034522
C1_cpg20,Peve-Ptuh,0.0731661377056591
C1_cpg20,Peve-Ptuh,0.05273129094738957
C1_cpg20,Peve-Ptuh,0.04976785361121837
C1_cpg20,Peve-Ptuh,0.074618033646315
C1_cpg20,Peve-Ptuh,0.06251471516156071
C1_cpg20,Peve-Ptuh,0.17035212793008297
C1_cpg20,Peve-Ptuh,0.08144586861048064
C1_cpg20,Peve-Ptuh,0.017424320905104082
C1_cpg20,Peve-Ptuh,0.11208793623586952
C1_cpg20,Peve-Ptuh,-0.09920451798624387
C1_cpg20,Peve-Ptuh,0.164563379574257
C1_cpg20,Peve-Ptuh,0.0805449083186574
C1_cpg20,Peve-Ptuh,0.09435910958753599
C1_cpg20,Peve-Ptuh,0.18329048278286858
C1_cpg20,Peve-Ptuh,0.18726632323441605
C1_cpg20,Peve-Ptuh,0.11686585109355231
C1_cpg20,Peve-Ptuh,0.052385975156098434
C1_cpg20,Peve-Ptuh,0.1212419439395509
C1_cpg20,Peve-Ptuh,0.034267883433945795
C1_cpg20,Peve-Ptuh,0.12417241931382612
C1_cpg20,Peve-Ptuh,-0.022527146530047185
C1_cpg20,Peve-Ptuh,0.08233741119890504
C1_cpg20,Peve-Ptuh,0.09538406964077739
C1_cpg20,Peve-Ptuh,0.13007731934490455
C1_cpg20,Peve-Ptuh,-0.005699280173536882
C1_cpg20,Peve-Ptuh,0.17665571073837935
C1_cpg20,Peve-Ptuh,0.09607313160612653
C1_cpg20,Peve-Ptuh,0.07555038628280109
C1_cpg20,Peve-Ptuh,0.07293226473792101
C1_cpg20,Peve-Ptuh,-0.00411396676806394
C1_cpg20,Peve-Ptuh,0.06572144316886884
C1_cpg20,Peve-Ptuh,0.08357897843031999
C1_cpg20,Peve-Ptuh,0.07625200518601534
C1_cpg20,Peve-Ptuh,0.13607325717550517
C1_cpg20,Peve-Ptuh,0.15600268718470314
C1_cpg20,Peve-Ptuh,0.21031615230309936
C1_cpg20,Peve-Ptuh,0.031775331267717054
C1_cpg20,Peve-Ptuh,-0.07070497788409319
C1_cpg20,Peve-Ptuh,0.15086689959786406
C1_cpg20,Peve-Ptuh,0.09579373973862734
C1_cpg20,Peve-Ptuh,0.15746557044599102
C1_cpg20,Peve-Ptuh,-0.021357781691356745
C1_cpg20,Peve-Ptuh,0.08500576049524562
C1_cpg20,Peve-Ptuh,0.060193251273744384
C1_cpg20,Peve-Ptuh,0.06315041014098302
C1_cpg20,Peve-Ptuh,0.08740570524471901
C1_cpg20,Peve-Ptuh,0.14294033257049937
C1_cpg20,Peve-Ptuh,0.06755161686271187
C1_cpg20,Peve-Ptuh,0.09894239190830924
C1_cpg20,Peve-Ptuh,0.12360578749266203
C1_cpg20,Peve-Ptuh,-0.026374278368477066
C1_cpg20,Peve-Ptuh,-0.03501031238522174
C1_cpg20,Peve-Ptuh,0.05735224408175822
C1_cpg20,Peve-Ptuh,0.04036270715023435
C1_cpg20,Peve-Ptuh,0.08152277985490458
C1_cpg20,Peve-Ptuh,0.034374617405799425
C1_cpg20,Peve-Ptuh,0.05622211967389632
C1_cpg20,Peve-Ptuh,-0.004743383278553692
C1_cpg20,Peve-Ptuh,-0.008687831385438346
C1_cpg20,Peve-Ptuh,0.08545467102392411
C1_cpg20,Peve-Ptuh,0.10840561420691949
C1_cpg20,Peve-Ptuh,0.06949166376287479
C1_cpg20,Peve-Ptuh,0.06733344006730518
C1_cpg20,Peve-Ptuh,0.06301228382446657
C1_cpg20,Peve-Ptuh,0.06936609438422346
C1_cpg20,Peve-Ptuh,0.08419269876847832
C1_cpg20,Peve-Ptuh,0.0435662959230762
C1_cpg20,Peve-Ptuh,0.14585511177244317
C1_cpg20,Peve-Ptuh,0.022167704183657773
C1_cpg20,Peve-Ptuh,0.12473277266605766
C1_cpg20,Peve-Ptuh,0.11129527953313305
C1_cpg20,Peve-Ptuh,-0.005121661031740799
C1_cpg20,Peve-Ptuh,0.10700237640049097
C1_cpg20,Peve-Ptuh,0.09609824548185679
C1_cpg20,Peve-Ptuh,0.2411230297379681
C1_cpg20,Peve-Ptuh,0.07406395876301605
C1_cpg20,Peve-Ptuh,0.01829545846949763
C1_cpg20,Peve-Ptuh,0.0942539452329155
C1_cpg20,Peve-Ptuh,0.1288090686205262
C1_cpg20,Peve-Ptuh,0.08872575333779105
C1_cpg20,Peve-Ptuh,0.13497923396400555
C1_cpg20,Peve-Ptuh,-0.01618746252538856
C1_cpg20,Peve-Ptuh,0.09916213832094904
C1_cpg20,Peve-Ptuh,0.125158138936239
C1_cpg20,Peve-Ptuh,0.022263450834879406
C1_cpg20,Peve-Ptuh,0.1642981142618561
C1_cpg20,Peve-Ptuh,-0.054200452677610034
C1_cpg20,Peve-Ptuh,0.026244000138126316
C1_cpg20,Peve-Ptuh,0.11900994823402364
C1_cpg20,Peve-Ptuh,0.1351409045390191
C1_cpg20,Peve-Ptuh,0.015576881421696505
C1_cpg20,Peve-Ptuh,0.06688766877309299
C1_cpg20,Peve-Ptuh,0.09032362368112912
C1_cpg20,Peve-Ptuh,0.07797858414247102
C1_cpg20,Peve-Ptuh,0.03839283752264173
C1_cpg20,Peve-Ptuh,0.1363165478466421
C1_cpg20,Peve-Ptuh,0.09759722993950695
C1_cpg20,Peve-Ptuh,0.10966601684513215
C1_cpg20,Peve-Ptuh,0.07172365946840203
C1_cpg20,Peve-Ptuh,0.18881710506075988
C1_cpg20,Peve-Ptuh,-0.006366367497622029
C1_cpg20,Peve-Ptuh,0.17761631648506196
C1_cpg20,Peve-Ptuh,0.09070817990324878
C1_cpg20,Peve-Ptuh,-0.05943983500183646
C1_cpg20,Peve-Ptuh,0.033935124580519796
C1_cpg20,Peve-Ptuh,0.024759142235574433
C1_cpg20,Peve-Ptuh,0.07313474536099628
C1_cpg20,Peve-Ptuh,0.09896593616680636
C1_cpg20,Peve-Ptuh,0.07063905396030125
C1_cpg20,Peve-Ptuh,0.10205023402992947
C1_cpg20,Peve-Ptuh,0.06679820059080392
C1_cpg20,Peve-Ptuh,-0.027647237944554842
C1_cpg20,Peve-Ptuh,-0.03318170830861186
C1_cpg20,Peve-Ptuh,0.1353936129135549
C1_cpg20,Peve-Ptuh,0.005435584478369105
C1_cpg20,Peve-Ptuh,0.09908679669375825
C1_cpg20,Peve-Ptuh,0.02225717236594684
C1_cpg20,Peve-Ptuh,0.07847458318814374
C1_cpg20,Peve-Ptuh,0.027816756605734128
C1_cpg20,Peve-Ptuh,0.05053696605545772
C1_cpg20,Peve-Ptuh,-0.008328389039048938
C1_cpg20,Peve-Ptuh,0.0853369497314385
C1_cpg20,Peve-Ptuh,0.14372200195260385
C1_cpg20,Peve-Ptuh,0.1860169079168354
C1_cpg20,Peve-Ptuh,0.06263086683681318
C1_cpg20,Peve-Ptuh,0.07427899632395644
C1_cpg20,Peve-Ptuh,0.06464311612970061
C1_cpg20,Peve-Ptuh,0.07582820853306713
C1_cpg20,Peve-Ptuh,0.0905574966488672
C1_cpg20,Peve-Ptuh,-0.031100395857466195
C1_cpg20,Peve-Ptuh,0.07406866761471548
C1_cpg20,Peve-Ptuh,0.02445777572681126
C1_cpg20,Peve-Ptuh,0.032174014044935
C1_cpg20,Peve-Ptuh,0.10632116252130755
C1_cpg20,Peve-Ptuh,0.01236230532822266
C1_cpg20,Peve-Ptuh,-0.06014145390505071
C1_cpg20,Peve-Ptuh,0.05844783691049101
C1_cpg20,Peve-Ptuh,0.059471227346499275
C1_cpg20,Peve-Ptuh,0.04759864259501678
C1_cpg20,Peve-Ptuh,0.013148683562026565
C1_cpg20,Peve-Ptuh,-0.015973994581681313
C1_cpg20,Peve-Ptuh,0.18264693971728052
C1_cpg20,Peve-Ptuh,0.10423828045292874
C1_cpg20,Peve-Ptuh,-0.10725979362672619
C1_cpg20,Peve-Ptuh,0.08415188872041664
C1_cpg20,Peve-Ptuh,0.0921789112507024
C1_cpg20,Peve-Ptuh,-0.06330580224706403
C1_cpg20,Peve-Ptuh,0.10346759839145625
C1_cpg20,Peve-Ptuh,0.10865675296422216
C1_cpg20,Peve-Ptuh,0.103098738341668
C1_cpg20,Peve-Ptuh,-0.04038154255703204
C1_cpg20,Peve-Ptuh,0.00661279740322525
C1_cpg20,Peve-Ptuh,0.015105996251754046
C1_cpg20,Peve-Ptuh,0.024986736734379955
C1_cpg20,Peve-Ptuh,0.015317894578228153
C1_cpg20,Peve-Ptuh,0.07938967003506525
C1_cpg20,Peve-Ptuh,-0.06554407642152385
C1_cpg20,Peve-Ptuh,-0.031488091314052155
C1_cpg20,Peve-Ptuh,0.05193235577572053
C1_cpg20,Peve-Ptuh,0.11553481567984832
C1_cpg20,Peve-Ptuh,0.004037055523640005
C1_cpg20,Peve-Ptuh,0.008573249327419015
C1_cpg20,Peve-Ptuh,-0.003043487815061419
C1_cpg20,Peve-Ptuh,0.007824541907210507
C1_cpg20,Peve-Ptuh,0.03111295279533133
C1_cpg20,Peve-Ptuh,0.051802077545369786
C1_cpg20,Peve-Ptuh,0.030314017623662294
C1_cpg20,Peve-Ptuh,0.12422735591698608
C1_cpg20,Peve-Ptuh,0.06709485824786768
C1_cpg20,Peve-Ptuh,0.08313634637057407
C1_cpg20,Peve-Ptuh,-0.04841170432178409
C1_cpg20,Peve-Ptuh,0.1260386942040314
C1_cpg20,Peve-Ptuh,0.10690349051480307
C1_cpg20,Peve-Ptuh,0.05257903807577484
C1_cpg20,Peve-Ptuh,0.10298258666641553
C1_cpg20,Peve-Ptuh,0.004376092845998575
C1_cpg20,Peve-Ptuh,0.010301397901107836
C1_cpg20,Peve-Ptuh,0.15136289864353678
C1_cpg20,Peve-Ptuh,-0.007628339753067817
C1_cpg20,Peve-Ptuh,0.008502616551927647
C1_cpg20,Peve-Ptuh,0.179091756684215
C1_cpg20,Peve-Ptuh,0.06718903528185617
C1_cpg20,Peve-Ptuh,0.03863141934207924
C1_cpg20,Peve-Ptuh,0.012275976380399876
C1_cpg20,Peve-Ptuh,0.04979767633864806
C1_cpg20,Peve-Ptuh,0.022255602748713698
C1_cpg20,Peve-Ptuh,0.0028143236990227564
C1_cpg20,Peve-Ptuh,0.05605887948164961
C1_cpg20,Peve-Ptuh,0.18541103566484277
C1_cpg20,Peve-Ptuh,0.08637446672254503
C1_cpg20,Peve-Ptuh,0.07753124323102568
C1_cpg20,Peve-Ptuh,0.09319759283501126
C1_cpg20,Peve-Ptuh,0.026702328370203643
C1_cpg20,Peve-Ptuh,0.11210991087713351
C1_cpg20,Peve-Ptuh,0.0359081334425787
C1_cpg20,Peve-Ptuh,0.11169867116205041
C1_cpg20,Peve-Ptuh,0.11931602359448625
C1_cpg20,Peve-Ptuh,0.05860322901657202
C1_cpg20,Peve-Ptuh,0.1314397471032714
C1_cpg20,Peve-Ptuh,0.01863920464355562
C1_cpg20,Peve-Ptuh,0.03376717553657365
C1_cpg20,Peve-Ptuh,0.15681260967700417
C1_cpg20,Peve-Ptuh,0.08590358155260258
C1_cpg20,Peve-Ptuh,0.04498052105013672
C1_cpg20,Peve-Ptuh,0.26939026648961384
C1_cpg20,Peve-Ptuh,0.01720771372693055
C1_cpg20,Peve-Ptuh,0.04743697202000321
C1_cpg20,Peve-Ptuh,0.11522874031938571
C1_cpg20,Peve-Ptuh,0.07559433556532905
C1_cpg20,Peve-Ptuh,0.1225462958602915
C1_cpg20,Peve-Ptuh,0.03556909612022013
C1_cpg20,Peve-Ptuh,-0.0077303648732220155
C1_cpg20,Peve-Ptuh,0.10307048523147146
C1_cpg20,Peve-Ptuh,0.07683433317951084
C1_cpg20,Peve-Ptuh,-0.00808352875067886
C1_cpg20,Peve-Ptuh,-0.017672320427940442
C1_cpg20,Peve-Ptuh,0.03007543580422478
C1_cpg20,Peve-Ptuh,0.047380465799610104
C1_cpg20,Peve-Ptuh,0.028372401106266227
C1_cpg20,Peve-Ptuh,-0.021233781929938564
C1_cpg20,Peve-Ptuh,0.11816078531089408
C1_cpg20,Peve-Ptuh,0.07836314036459069
C1_cpg20,Peve-Ptuh,-0.004894066532935278
C1_cpg20,Peve-Ptuh,0.016678752719361856
C1_cpg20,Peve-Ptuh,0.14072089380283725
C1_cpg20,Peve-Ptuh,0.012991721838712411
C1_cpg20,Peve-Ptuh,0.07773843270580037
C1_cpg20,Peve-Ptuh,0.1775770760542334
C1_cpg20,Peve-Ptuh,0.08246611981202263
C1_cpg20,Peve-Ptuh,0.05573867756608873
C1_cpg20,Peve-Ptuh,0.025528254679813782
C1_cpg20,Peve-Ptuh,-0.016510803675415714
C1_cpg20,Peve-Ptuh,0.2165538111876038
C1_cpg20,Peve-Ptuh,0.08583294877711121
C1_cpg20,Peve-Ptuh,0.18186056148347665
C1_cpg20,Peve-Ptuh,0.17266731334896673
C1_cpg20,Peve-Ptuh,0.04090265547843503
C1_cpg20,Peve-Ptuh,0.03364317577515547
C1_cpg20,Peve-Ptuh,0.0711099391302437
C1_cpg20,Peve-Ptuh,0.02070325130513673
C1_cpg20,Peve-Ptuh,0.09398240145158201
C1_cpg20,Peve-Ptuh,0.18912475003845564
C1_cpg20,Peve-Ptuh,0.12408295113153706
C1_cpg20,Peve-Ptuh,0.020222948431795423
C1_cpg20,Peve-Ptuh,0.05775877494514188
C1_cpg20,Peve-Ptuh,0.01887150799406057
C1_cpg20,Peve-Ptuh,0.12946045977227993
C1_cpg20,Peve-Ptuh,0.050748864381931824
C1_cpg20,Peve-Ptuh,0.03629112004746522
C1_cpg20,Peve-Ptuh,0.08053078176355914
C1_cpg20,Peve-Ptuh,0.14423369717060797
C1_cpg20,Peve-Ptuh,0.03276575974182936
C1_cpg20,Peve-Ptuh,0.04636963230146696
C1_cpg20,Peve-Ptuh,0.00957623473939645
C1_cpg20,Peve-Ptuh,0.11065016685031188
C1_cpg20,Peve-Ptuh,-0.018745938615409248
C1_cpg20,Peve-Ptuh,-0.014859566346150828
C1_cpg20,Peve-Ptuh,0.05704773833852876
C1_cpg20,Peve-Ptuh,0.006032039026962885
C1_cpg20,Peve-Ptuh,0.053695035928538463
C1_cpg20,Peve-Ptuh,-0.025839038891975804
C1_cpg20,Peve-Ptuh,0.09108488803920275
C1_cpg20,Peve-Ptuh,0.14274256079912354
C1_cpg20,Peve-Ptuh,0.0883568932880028
C1_cpg20,Peve-Ptuh,0.17632766073665274
C1_cpg20,Peve-Ptuh,0.14318205362440317
C1_cpg20,Peve-Ptuh,0.09631171342556404
C1_cpg20,Peve-Ptuh,0.020000062784689326
C1_cpg20,Peve-Ptuh,0.07067672477389664
C1_cpg20,Peve-Ptuh,0.10717032544443711
C1_cpg20,Peve-Ptuh,-0.0051781672521338945
C1_cpg20,Peve-Ptuh,0.06307820774825851
C1_cpg20,Peve-Ptuh,0.07982131477417917
C1_cpg20,Peve-Ptuh,0.006785455298870818
C1_cpg20,Peve-Ptuh,0.0842146734097423
C1_cpg20,Peve-Ptuh,0.1287635497207651
C1_cpg20,Peve-Ptuh,0.1391999347039231
C1_cpg20,Peve-Ptuh,0.10855786707853422
C1_cpg20,Peve-Ptuh,0.12836329732631402
C1_cpg20,Peve-Ptuh,-0.05864089983016742
C1_cpg20,Peve-Ptuh,0.07419109775890051
C1_cpg20,Peve-Ptuh,0.0661358221184182
C1_cpg20,Peve-Ptuh,0.10300613092491265
C1_cpg20,Peve-Ptuh,0.0360745128692917
C1_cpg20,Peve-Ptuh,0.011535117046357075
C1_cpg20,Peve-Ptuh,0.05403721248536332
C1_cpg20,Peve-Ptuh,0.0035316387745684334
C1_cpg20,Peve-Ptuh,0.023278993184721975
C1_cpg20,Peve-Ptuh,0.061072236924303636
C1_cpg20,Peve-Ptuh,-0.025244153960615166
C1_cpg20,Peve-Ptuh,0.061488185491086145
C1_cpg20,Peve-Ptuh,0.10904915727250752
C1_cpg20,Peve-Ptuh,0.03641198057441712
C1_cpg20,Peve-Ptuh,0.05554404502917918
C1_cpg20,Peve-Ptuh,0.0403423021262035
C1_cpg20,Peve-Ptuh,-0.03386449180502842
C1_cpg20,Peve-Ptuh,0.07077404104235141
C1_cpg20,Peve-Ptuh,-0.03167958461649542
C1_cpg20,Peve-Ptuh,-0.003770220594005946
C1_cpg20,Peve-Ptuh,0.07125591353292586
C1_cpg20,Peve-Ptuh,0.09029066171923315
C1_cpg20,Peve-Ptuh,0.20897412956876335
C1_cpg20,Peve-Ptuh,0.02317225921286835
C1_cpg20,Peve-Ptuh,0.03205001428351682
C1_cpg20,Peve-Ptuh,0.09345501006124646
C1_cpg20,Peve-Ptuh,0.15856901136088955
C1_cpg20,Peve-Ptuh,0.06641521398591739
C1_cpg20,Peve-Ptuh,0.04113338921170684
C1_cpg20,Peve-Ptuh,0.046267607181312766
C1_cpg20,Peve-Ptuh,0.06235618382101341
C1_cpg20,Peve-Ptuh,-0.016140374008394312
C1_cpg20,Peve-Ptuh,0.01830644579012962
C1_cpg20,Peve-Ptuh,-0.011610458673547869
C1_cpg20,Peve-Ptuh,0.029400500393973926
C1_cpg20,Peve-Ptuh,0.03618281645837846
C1_cpg20,Peve-Ptuh,0.08699760476410222
C1_cpg20,Peve-Ptuh,0.04012569494802997
C1_cpg20,Peve-Ptuh,0.10825179171807162
C1_cpg20,Peve-Ptuh,0.18169104282229737
C1_cpg20,Peve-Ptuh,0.1188828092381392
C1_cpg20,Peve-Ptuh,0.06821556495233072
C1_cpg20,Peve-Ptuh,0.019978088143425343
C1_cpg20,Peve-Ptuh,-0.04428518061585502
C1_cpg20,Peve-Ptuh,0.0030952851837550894
C1_cpg20,Peve-Ptuh,0.02790779440525633
C1_cpg20,Peve-Ptuh,-8.978210573569529e-4
C1_cpg20,Peve-Ptuh,0.08283811909627718
C1_cpg20,Peve-Ptuh,0.045782595456272036
C1_cpg20,Peve-Ptuh,0.027981566415213984
C1_cpg20,Peve-Ptuh,0.030963839158182883
C1_cpg20,Peve-Ptuh,0.014267820649256472
C1_cpg20,Peve-Ptuh,0.02836455302010052
C1_cpg20,Peve-Ptuh,0.17351176742039687
C1_cpg20,Peve-Ptuh,0.10410643260534487
C1_cpg20,Peve-Ptuh,-0.003216145710706987
C1_cpg20,Peve-Ptuh,0.0926968849376391
C1_cpg20,Peve-Ptuh,0.10118694455170163
C1_cpg20,Peve-Ptuh,0.15371889411048223
C1_cpg20,Peve-Ptuh,-0.036903270768390416
C1_cpg20,Peve-Ptuh,0.04819823637807684
C1_cpg20,Peve-Ptuh,0.04237652606035492
C1_cpg20,Peve-Ptuh,-0.057041459869596196
C1_cpg20,Peve-Ptuh,0.07445322383683514
C1_cpg20,Peve-Ptuh,0.04145359112726771
C1_cpg20,Peve-Ptuh,-0.039800784180769676
C1_cpg20,Peve-Ptuh,0.013005848393810686
C1_cpg20,Peve-Ptuh,0.15884997284562186
C1_cpg20,Peve-Ptuh,0.08595851815576254
C1_cpg20,Peve-Ptuh,0.18203008014465594
C1_cpg20,Peve-Ptuh,0.20238016757233582
C1_cpg20,Peve-Ptuh,-0.011670104128407247
C1_cpg20,Peve-Ptuh,0.09785150793127588
C1_cpg20,Peve-Ptuh,0.0010249600532414166
C1_cpg20,Peve-Ptuh,-0.09403733805474197
C1_cpg20,Peve-Ptuh,-0.05257903807577484
C1_cpg20,Peve-Ptuh,0.09577647394906277
C1_cpg20,Peve-Ptuh,0.1247264941971251
C1_cpg20,Peve-Ptuh,0.010546258189477914
C1_cpg20,Peve-Ptuh,0.0650888874239128
C1_cpg20,Peve-Ptuh,0.02377813146486098
C1_cpg20,Peve-Ptuh,0.04235455141909094
C1_cpg20,Peve-Ptuh,0.1447265569818144
C1_cpg20,Peve-Ptuh,0.11784372262979949
C1_cpg20,Peve-Ptuh,0.010764434984884587
C1_cpg20,Peve-Ptuh,0.07904435424377412
C1_cpg20,Peve-Ptuh,0.06466352115373146
C1_cpg20,Peve-Ptuh,0.08481426719280237
C1_cpg20,Peve-Ptuh,0.041216578925063335
C1_cpg20,Peve-Ptuh,0.17298437603006134
C1_cpg20,Peve-Ptuh,0.010620030199435566
C1_cpg20,Peve-Ptuh,0.05911335461734301
C1_cpg20,Peve-Ptuh,0.1035256742290825
C1_cpg20,Peve-Ptuh,0.005875077303648732
C1_cpg20,Peve-Ptuh,-0.055420045267761
C1_cpg20,Peve-Ptuh,0.14366235649774448
C1_cpg20,Peve-Ptuh,0.13075382437238856
C1_cpg20,Peve-Ptuh,0.10371559791429263
C1_cpg20,Peve-Ptuh,0.006041456730361734
C1_cpg20,Peve-Ptuh,0.1427802316127189
C1_cpg20,Peve-Ptuh,-0.10782014697895771
C1_cpg20,Peve-Ptuh,0.08915739807690497
C1_cpg20,Peve-Ptuh,0.035024438940320014
C1_cpg20,Peve-Ptuh,0.158906479066015
C1_cpg20,Peve-Ptuh,0.1434033696542761
C1_cpg20,Peve-Ptuh,0.15176315103798788
C1_cpg20,Peve-Ptuh,-0.11038019268621153
C1_cpg20,Peve-Ptuh,0.003286778486198356
C1_cpg20,Peve-Ptuh,0.08009756740721206
C1_cpg20,Peve-Ptuh,-0.036185955692844746
C1_cpg20,Peve-Ptuh,-0.03251462098452671
C1_cpg20,Peve-Ptuh,-0.0849743681505828
C1_cpg20,Peve-Ptuh,0.07623787863091706
C1_cpg20,Peve-Ptuh,0.03419725065845443
C1_cpg20,Peve-Ptuh,0.0890679298946159
C1_cpg20,Peve-Ptuh,0.1427300038612584
C1_cpg20,Peve-Ptuh,0.033530163334369284
C1_cpg20,Peve-Ptuh,0.060676693381551974
C1_cpg20,Peve-Ptuh,-0.03896731742997153
C1_cpg20,Peve-Ptuh,0.08960944784004972
C1_cpg20,Peve-Ptuh,0.06415496517019359
C1_cpg20,Peve-Ptuh,0.05229336773934309
C1_cpg20,Peve-Ptuh,0.1646340123497484
C1_cpg20,Peve-Ptuh,0.0966805734753523
C1_cpg20,Peve-Ptuh,0.2167845449208756
C1_cpg20,Peve-Ptuh,0.04659408756580621
C1_cpg20,Peve-Ptuh,0.017458852484233196
C1_cpg20,Peve-Ptuh,0.08380500331189236
C1_cpg20,Peve-Ptuh,0.0678404264336099
C1_cpg20,Peve-Ptuh,0.11772600133731388
C1_cpg20,Peve-Ptuh,0.03677613177250596
C1_cpg20,Peve-Ptuh,-0.0032051583900749967
C1_cpg20,Peve-Ptuh,0.05625194240132601
C1_cpg20,Peve-Ptuh,0.03242672241947078
C1_cpg20,Peve-Ptuh,0.09170645646352679
C1_cpg20,Peve-Ptuh,0.017449434780834345
C1_cpg20,Peve-Ptuh,0.10767888142797498
C1_cpg20,Peve-Ptuh,0.14425881104633825
C1_cpg20,Peve-Ptuh,0.06950422070073992
C1_cpg20,Peve-Ptuh,0.033924137259887806
C1_cpg20,Peve-Ptuh,0.05814019193279527
C1_cpg20,Peve-Ptuh,0.03835987556074576
C1_cpg20,Peve-Ptuh,0.010315524456206109
C1_cpg20,Peve-Ptuh,0.15726308982291579
C1_cpg20,Peve-Ptuh,-0.04938015815463241
C1_cpg20,Peve-Ptuh,0.008995476363134086
C1_cpg20,Peve-Ptuh,-0.0017673890045173586
C1_cpg20,Peve-Ptuh,0.23039312633221262
C1_cpg20,Peve-Ptuh,0.07592238556705562
C1_cpg20,Peve-Ptuh,0.14410341894025724
C1_cpg20,Peve-Ptuh,-0.05003939739255185
C1_cpg20,Peve-Ptuh,0.03968777173998349
C1_cpg20,Peve-Ptuh,-0.009488336174340525
C1_cpg20,Peve-Ptuh,0.13992352824840135
C1_cpg20,Peve-Ptuh,0.003712144756379709
C1_cpg20,Peve-Ptuh,0.009521298136236497
C1_cpg20,Peve-Ptuh,0.08052607291185972
C1_cpg20,Peve-Ptuh,0.08215062674816119
C1_cpg20,Peve-Ptuh,0.0655613422110884
C1_cpg20,Peve-Ptuh,0.03697547316111493
C1_cpg20,Peve-Ptuh,0.12474532960392279
C1_cpg20,Peve-Ptuh,0.08717811074591349
C1_cpg20,Peve-Ptuh,0.02248319724751922
C1_cpg20,Peve-Ptuh,-0.003931891169019523
C1_cpg20,Peve-Ptuh,0.061682818027995696
C1_cpg20,Peve-Ptuh,0.07283494846946624
C1_cpg20,Peve-Ptuh,0.019546443404311425
C1_cpg20,Peve-Ptuh,0.1607225262047597
C1_cpg20,Peve-Ptuh,0.10871796803631467
C1_cpg20,Peve-Ptuh,0.04067506097962951
C1_cpg20,Peve-Ptuh,0.12652527554630527
C1_cpg20,Peve-Ptuh,0.10226527159086986
C1_cpg20,Peve-Ptuh,0.22738103086181402
C1_cpg20,Peve-Ptuh,0.15622557283180924
C1_cpg20,Peve-Ptuh,0.016882802959670255
C1_cpg20,Peve-Ptuh,0.1649102649827813
C1_cpg20,Peve-Ptuh,0.11649856066099722
C1_cpg20,Peve-Ptuh,0.09217420239900297
C1_cpg20,Peve-Ptuh,0.14341121774044183
C1_cpg20,Peve-Ptuh,0.0682940458139878
C1_cpg20,Peve-Ptuh,0.049243601455349104
C1_cpg20,Peve-Ptuh,0.1016060323529504
C1_cpg20,Peve-Ptuh,0.06423658526631695
C1_cpg20,Peve-Ptuh,0.11523658840555141
C1_cpg20,Peve-Ptuh,0.10563367017319156
C1_cpg20,Peve-Ptuh,0.10331848475430781
C1_cpg20,Peve-Ptuh,0.15242239027590732
C1_cpg20,Peve-Ptuh,0.0544861230140418
C1_cpg20,Peve-Ptuh,0.12280528270375987
C1_cpg20,Peve-Ptuh,0.1044972672963971
C1_cpg20,Peve-Ptuh,-0.013588176387306191
C1_cpg20,Peve-Ptuh,0.07781377433299115
C1_cpg20,Peve-Ptuh,0.018556014930199122
C1_cpg20,Peve-Ptuh,0.0747577295800646
C1_cpg20,Peve-Ptuh,0.08376733249829696
C1_cpg20,Peve-Ptuh,0.1532197558303432
C1_cpg20,Peve-Ptuh,0.02709159344402274
C1_cpg20,Peve-Ptuh,0.0538551368863189
C1_cpg20,Peve-Ptuh,-0.029758373123130195
C1_cpg20,Peve-Ptuh,0.07597889178744871
C1_cpg20,Peve-Ptuh,0.12329814251496629
C1_cpg20,Peve-Ptuh,0.09936147970955803
C1_cpg20,Peve-Ptuh,0.01941773479119382
C1_cpg20,Peve-Ptuh,0.18405174714094222
C1_cpg20,Peve-Ptuh,0.023208360409230605
C1_cpg20,Peve-Ptuh,0.009458513446910836
C1_cpg20,Peve-Ptuh,0.07920288558432141
C1_cpg20,Peve-Ptuh,0.13678743301658458
C1_cpg20,Peve-Ptuh,-0.028466578140254717
C1_cpg20,Peve-Ptuh,0.11487557644192888
C1_cpg20,Peve-Ptuh,0.18943396463338452
C1_cpg20,Peve-Ptuh,0.0035222210711695844
C1_cpg20,Peve-Ptuh,0.04194331170400786
C1_cpg20,Peve-Ptuh,0.049959346913661634
C1_cpg20,Peve-Ptuh,-0.006316139746161501
C1_cpg20,Peve-Ptuh,0.13337979400343433
C1_cpg20,Peve-Ptuh,0.12394639443225376
C1_cpg20,Peve-Ptuh,0.06523015297489554
C1_cpg20,Peve-Ptuh,0.18809665075074794
C1_cpg20,Peve-Ptuh,0.03200920423545514
C1_cpg20,Peve-Ptuh,0.12168614561652995
C1_cpg20,Peve-Ptuh,-0.021200819968042593
C1_cpg20,Peve-Ptuh,0.05868014026099595
C1_cpg20,Peve-Ptuh,0.174023462638401
C1_cpg20,Peve-Ptuh,0.013241290978781914
C1_cpg20,Peve-Ptuh,0.17752213945107348
C1_cpg20,Peve-Ptuh,0.07898470878891474
C1_cpg20,Peve-Ptuh,0.0851595829840935
C1_cpg20,Peve-Ptuh,0.0743982872336752
C1_cpg20,Peve-Ptuh,0.04526305215210219
C1_cpg20,Peve-Ptuh,-0.025908102050234028
C1_cpg20,Peve-Ptuh,0.18450693613855326
C1_cpg20,Peve-Ptuh,0.07190259583298017
C1_cpg20,Peve-Ptuh,0.029577867141318916
C1_cpg20,Peve-Ptuh,0.06540908933947367
C1_cpg20,Peve-Ptuh,0.08349264948249721
C1_cpg20,Peve-Ptuh,0.08166247578865418
C1_cpg20,Peve-Ptuh,0.03514686908450505
C1_cpg20,Peve-Ptuh,0.008154161526170227
C1_cpg20,Peve-Ptuh,0.04460224329694961
C1_cpg20,Peve-Ptuh,0.1121852525043243
C1_cpg20,Peve-Ptuh,0.009755171103974584
C1_cpg20,Peve-Ptuh,0.0925038220179627
C1_cpg20,Peve-Ptuh,0.043150347356293695
C1_cpg20,Peve-Ptuh,0.12176305686095389
C1_cpg20,Peve-Ptuh,0.031990368828657446
C1_cpg20,Peve-Ptuh,0.11054814173015767
C1_cpg20,Peve-Ptuh,0.11253841638178114
C1_cpg20,Peve-Ptuh,0.07403727527005265
C1_cpg20,Peve-Ptuh,0.09127010287271346
C1_cpg20,Peve-Ptuh,-0.0264135187993056
C1_cpg20,Peve-Ptuh,-0.08366687699537591
C1_cpg20,Peve-Ptuh,0.06359775105242836
C1_cpg20,Peve-Ptuh,-0.1287148915865377
C1_cpg20,Peve-Ptuh,0.07675114346615435
C1_cpg20,Peve-Ptuh,0.0638944087094921
C1_cpg20,Peve-Ptuh,0.0016669335015963007
C1_cpg20,Peve-Ptuh,0.12451145663618471
C1_cpg20,Peve-Ptuh,0.12460092481847376
C1_cpg20,Peve-Ptuh,0.005115382562808233
C1_cpg20,Peve-Ptuh,-0.02023393575242741
C1_cpg20,Peve-Ptuh,0.03709947292253311
C1_cpg20,Peve-Ptuh,0.05656272661348804
C1_cpg20,Peve-Ptuh,0.04483454664745455
C1_cpg20,Peve-Ptuh,0.08969891602233879
C1_cpg20,Peve-Ptuh,0.13886874546773026
C1_cpg20,Peve-Ptuh,0.08587846767687232
C1_cpg20,Peve-Ptuh,0.10575453070014346
C1_cpg20,Peve-Ptuh,0.13557882774706562
C1_cpg20,Peve-Ptuh,0.17171141645398355
C1_cpg20,Peve-Ptuh,0.11096565991417333
C1_cpg20,Peve-Ptuh,0.04251308275963824
C1_cpg20,Peve-Ptuh,0.17525247293195081
C1_cpg20,Peve-Ptuh,0.038625140873146675
C1_cpg20,Peve-Ptuh,-0.034912996116766966
C1_cpg20,Peve-Ptuh,0.03292272146514351
C1_cpg20,Peve-Ptuh,0.14230934644277646
C1_cpg20,Peve-Ptuh,0.0014424782372570624
C1_cpg20,Peve-Ptuh,0.05001428351682159
C1_cpg20,Peve-Ptuh,0.14354463520525884
C1_cpg20,Peve-Ptuh,0.07599929681147954
C1_cpg20,Peve-Ptuh,0.12265616906661142
C1_cpg20,Peve-Ptuh,0.03719208033928846
C1_cpg20,Peve-Ptuh,0.0550606029213716
C1_cpg20,Peve-Ptuh,0.043786042335716015
C1_cpg20,Peve-Ptuh,0.09380974355593645
C1_cpg20,Peve-Ptuh,0.1387274799167475
C1_cpg20,Peve-Ptuh,0.06469805273286056
C1_cpg20,Peve-Ptuh,0.11951536498309523
C1_cpg20,Peve-Ptuh,0.10532288596102954
C1_cpg20,Peve-Ptuh,0.07363388364113528
C1_cpg20,Peve-Ptuh,0.11301871925512244
C1_cpg20,Peve-Ptuh,0.1560811680463602
C1_cpg20,Peve-Ptuh,0.05761907901139228
C1_cpg20,Peve-Ptuh,0.041721995674134905
C1_cpg20,Peve-Ptuh,0.1774546459100484
C1_cpg20,Peve-Ptuh,0.10339696561596488
C1_cpg20,Peve-Ptuh,0.11924068196729545
C1_cpg20,Peve-Ptuh,0.15971483194108282
C1_cpg20,Peve-Ptuh,0.16762570279611616
C1_cpg20,Peve-Ptuh,0.10415822997403852
C1_cpg20,Peve-Ptuh,0.06721728839205271
C1_cpg20,Peve-Ptuh,0.05860479863380516
C1_cpg20,Peve-Ptuh,0.10685483238057567
C1_cpg20,Peve-Ptuh,0.01667404386766243
C1_cpg20,Peve-Ptuh,0.17157172052023392
C1_cpg20,Peve-Ptuh,0.14116038662811686
C1_cpg20,Peve-Ptuh,0.13186511337345275
C1_cpg20,Peve-Ptuh,0.12653940210140355
C1_cpg20,Peve-Ptuh,0.0869363896920097
C1_cpg20,Peve-Ptuh,0.07680921930378058
C1_cpg20,Peve-Ptuh,0.08508267173966956
C1_cpg20,Peve-Ptuh,0.10056537612737758
C1_cpg20,Peve-Ptuh,0.054205161529309466
C1_cpg20,Peve-Ptuh,0.07243155684054887
C1_cpg20,Peve-Ptuh,0.2508860489281084
C1_cpg20,Peve-Ptuh,0.09263880910001286
C1_cpg20,Peve-Ptuh,-0.03571036167120286
C1_cpg20,Peve-Ptuh,0.1451943029172906
C1_cpg20,Peve-Ptuh,0.1513864429020339
C1_cpg20,Peve-Ptuh,0.020618491974547085
C2_annotated,Apul-Peve,0.11101223581757509
C2_annotated,Apul-Peve,0.06963292547274749
C2_annotated,Apul-Peve,-0.002447163515016685
C2_annotated,Apul-Peve,0.14482758620689654
C2_annotated,Apul-Peve,-0.008231368186874305
C2_annotated,Apul-Peve,-0.185761957730812
C2_annotated,Apul-Peve,-0.28809788654060065
C2_annotated,Apul-Peve,0.2565072302558398
C2_annotated,Apul-Peve,0.05850945494994438
C2_annotated,Apul-Peve,-0.19199110122358173
C2_annotated,Apul-Peve,-0.010011123470522803
C2_annotated,Apul-Peve,0.25739710789766407
C2_annotated,Apul-Peve,-0.14660734149054505
C2_annotated,Apul-Peve,-0.1114571746384872
C2_annotated,Apul-Peve,0.008231368186874305
C2_annotated,Apul-Peve,0.02246941045606229
C2_annotated,Apul-Peve,-0.19777530589543937
C2_annotated,Apul-Peve,-0.34771968854282537
C2_annotated,Apul-Peve,0.08565072302558399
C2_annotated,Apul-Peve,0.185761957730812
C2_annotated,Apul-Peve,-0.07675194660734148
C2_annotated,Apul-Peve,0.1781979977753059
C2_annotated,Apul-Peve,0.046941045606229144
C2_annotated,Apul-Peve,-0.10077864293659622
C2_annotated,Apul-Peve,-0.12436040044493882
C2_annotated,Apul-Peve,0.1328142380422692
C2_annotated,Apul-Peve,0.0731924360400445
C2_annotated,Apul-Peve,-0.15239154616240266
C2_annotated,Apul-Peve,0.11368186874304782
C2_annotated,Apul-Peve,-0.020244716351501667
C2_annotated,Apul-Peve,-0.0389321468298109
C2_annotated,Apul-Peve,0.05806451612903226
C2_annotated,Apul-Peve,0.074972191323693
C2_annotated,Apul-Peve,0.08565072302558399
C2_annotated,Apul-Peve,0.2992213570634038
C2_annotated,Apul-Peve,0.1510567296996663
C2_annotated,Apul-Peve,-0.1581757508342603
C2_annotated,Apul-Peve,-0.13414905450500555
C2_annotated,Apul-Peve,-0.10611790878754171
C2_annotated,Apul-Peve,-0.09988876529477196
C2_annotated,Apul-Peve,-0.018020022246941044
C2_annotated,Apul-Peve,0.25472747497219134
C2_annotated,Apul-Peve,0.07942157953281423
C2_annotated,Apul-Peve,0.005116796440489433
C2_annotated,Apul-Peve,-0.03804226918798665
C2_annotated,Apul-Peve,-0.13058954393770858
C2_annotated,Apul-Peve,0.24048943270300333
C2_annotated,Apul-Peve,-0.05672969966629588
C2_annotated,Apul-Peve,0.20978865406006672
C2_annotated,Apul-Peve,0.029143492769744164
C2_annotated,Apul-Peve,-0.11946607341490545
C2_annotated,Apul-Peve,0.04471635150166852
C2_annotated,Apul-Peve,-0.19955506117908786
C2_annotated,Apul-Peve,0.028698553948832035
C2_annotated,Apul-Peve,0.1350389321468298
C2_annotated,Apul-Peve,-0.22981090100111234
C2_annotated,Apul-Peve,0.18976640711902115
C2_annotated,Apul-Peve,-0.33303670745272523
C2_annotated,Apul-Peve,-0.1959955506117909
C2_annotated,Apul-Peve,-0.005116796440489433
C2_annotated,Apul-Peve,-0.11368186874304782
C2_annotated,Apul-Peve,0.010456062291434927
C2_annotated,Apul-Peve,0.28587319243604004
C2_annotated,Apul-Peve,0.04516129032258064
C2_annotated,Apul-Peve,-0.2689655172413793
C2_annotated,Apul-Peve,-0.24360400444938823
C2_annotated,Apul-Peve,0.08787541713014461
C2_annotated,Apul-Peve,-0.16662958843159065
C2_annotated,Apul-Peve,-0.24182424916573972
C2_annotated,Apul-Peve,-0.2987764182424917
C2_annotated,Apul-Peve,0.04961067853170189
C2_annotated,Apul-Peve,-0.024249165739710792
C2_annotated,Apul-Peve,0.1817575083426029
C2_annotated,Apul-Peve,-0.03581757508342603
C2_annotated,Apul-Peve,0.26407119021134595
C2_annotated,Apul-Peve,-0.12480533926585095
C2_annotated,Apul-Peve,0.21379310344827587
C2_annotated,Apul-Peve,-0.46295884315906566
C2_annotated,Apul-Peve,0.13592880978865407
C2_annotated,Apul-Peve,-0.1532814238042269
C2_annotated,Apul-Peve,-0.1724137931034483
C2_annotated,Apul-Peve,-0.16440489432703004
C2_annotated,Apul-Peve,0.010456062291434927
C2_annotated,Apul-Peve,0.31123470522803115
C2_annotated,Apul-Peve,-0.08565072302558399
C2_annotated,Apul-Peve,-0.024694104560622914
C2_annotated,Apul-Peve,-0.1328142380422692
C2_annotated,Apul-Peve,-0.08075639599555061
C2_annotated,Apul-Peve,-0.1434927697441602
C2_annotated,Apul-Peve,-0.2903225806451613
C2_annotated,Apul-Peve,0.11412680756395996
C2_annotated,Apul-Peve,0.37174638487208006
C2_annotated,Apul-Peve,0.11234705228031147
C2_annotated,Apul-Peve,0.19021134593993325
C2_annotated,Apul-Peve,0.1657397107897664
C2_annotated,Apul-Peve,0.3503893214682981
C2_annotated,Apul-Peve,0.418020022246941
C2_annotated,Apul-Peve,-0.17196885428253614
C2_annotated,Apul-Peve,0.08876529477196886
C2_annotated,Apul-Peve,-0.11012235817575085
C2_annotated,Apul-Peve,0.08209121245828699
C2_annotated,Apul-Peve,-0.2631813125695217
C2_annotated,Apul-Peve,0.11012235817575085
C2_annotated,Apul-Peve,0.5666295884315907
C2_annotated,Apul-Peve,-0.1692992213570634
C2_annotated,Apul-Peve,0.054505005561735265
C2_annotated,Apul-Peve,-0.18887652947719688
C2_annotated,Apul-Peve,0.32057842046718577
C2_annotated,Apul-Peve,-0.05050055617352614
C2_annotated,Apul-Peve,0.296551724137931
C2_annotated,Apul-Peve,-0.08787541713014461
C2_annotated,Apul-Peve,-0.05361512791991101
C2_annotated,Apul-Peve,-0.07230255839822025
C2_annotated,Apul-Peve,-0.3125695216907675
C2_annotated,Apul-Peve,-0.07630700778642936
C2_annotated,Apul-Peve,0.002447163515016685
C2_annotated,Apul-Peve,0.1474972191323693
C2_annotated,Apul-Peve,0.23337041156840932
C2_annotated,Apul-Peve,0.07986651835372635
C2_annotated,Apul-Peve,0.07853170189098999
C2_annotated,Apul-Peve,-0.3139043381535039
C2_annotated,Apul-Peve,-0.2533926585094549
C2_annotated,Apul-Peve,-0.018464961067853173
C2_annotated,Apul-Peve,0.09810901001112347
C2_annotated,Apul-Peve,0.18665183537263624
C2_annotated,Apul-Peve,0.3098998887652948
C2_annotated,Apul-Peve,-0.1781979977753059
C2_annotated,Apul-Peve,-0.34060066740823136
C2_annotated,Apul-Peve,-0.22491657397107895
C2_annotated,Apul-Peve,-0.15773081201334815
C2_annotated,Apul-Peve,-0.1363737486095662
C2_annotated,Apul-Peve,0.28231368186874306
C2_annotated,Apul-Peve,0.00956618464961068
C2_annotated,Apul-Peve,-0.27519466073414905
C2_annotated,Apul-Peve,-0.3432703003337041
C2_annotated,Apul-Peve,-0.15506117908787542
C2_annotated,Apul-Peve,0.2400444938820912
C2_annotated,Apul-Peve,0.23826473859844272
C2_annotated,Apul-Peve,-0.016240266963292546
C2_annotated,Apul-Peve,0.23114571746384874
C2_annotated,Apul-Peve,-0.08253615127919911
C2_annotated,Apul-Peve,-0.17374860956618465
C2_annotated,Apul-Peve,0.07942157953281423
C2_annotated,Apul-Peve,0.16307007786429364
C2_annotated,Apul-Peve,-0.0932146829810901
C2_annotated,Apul-Peve,-0.08654060066740824
C2_annotated,Apul-Peve,-0.18309232480533927
C2_annotated,Apul-Peve,-0.2609566184649611
C2_annotated,Apul-Peve,-0.034482758620689655
C2_annotated,Apul-Peve,-0.1657397107897664
C2_annotated,Apul-Peve,-0.23737486095661847
C2_annotated,Apul-Peve,0.022024471635150165
C2_annotated,Apul-Peve,0.40778642936596216
C2_annotated,Apul-Peve,-0.021134593993325918
C2_annotated,Apul-Peve,0.22892102335928813
C2_annotated,Apul-Peve,0.12747497219132367
C2_annotated,Apul-Peve,0.1635150166852058
C2_annotated,Apul-Peve,-0.17552836484983314
C2_annotated,Apul-Peve,0.24671857619577306
C2_annotated,Apul-Peve,-0.1328142380422692
C2_annotated,Apul-Peve,0.026473859844271416
C2_annotated,Apul-Peve,-0.10166852057842046
C2_annotated,Apul-Peve,-0.17152391546162402
C2_annotated,Apul-Peve,-0.11323692992213572
C2_annotated,Apul-Peve,-0.13147942157953282
C2_annotated,Apul-Peve,-0.017130144605116797
C2_annotated,Apul-Peve,0.1350389321468298
C2_annotated,Apul-Peve,-0.10522803114571747
C2_annotated,Apul-Peve,0.024694104560622914
C2_annotated,Apul-Peve,-0.09588431590656285
C2_annotated,Apul-Peve,-0.08787541713014461
C2_annotated,Apul-Peve,-0.08387096774193549
C2_annotated,Apul-Peve,-0.18976640711902115
C2_annotated,Apul-Peve,0.16974416017797553
C2_annotated,Apul-Peve,-0.16662958843159065
C2_annotated,Apul-Peve,-0.025583982202447165
C2_annotated,Apul-Peve,0.13103448275862067
C2_annotated,Apul-Peve,0.1839822024471635
C2_annotated,Apul-Peve,0.011345939933259176
C2_annotated,Apul-Peve,-0.04827586206896552
C2_annotated,Apul-Peve,0.06740823136818688
C2_annotated,Apul-Peve,-0.013125695216907674
C2_annotated,Apul-Peve,0.08387096774193549
C2_annotated,Apul-Peve,-0.11012235817575085
C2_annotated,Apul-Peve,0.1114571746384872
C2_annotated,Apul-Peve,-0.11101223581757509
C2_annotated,Apul-Peve,-0.064293659621802
C2_annotated,Apul-Peve,0.0896551724137931
C2_annotated,Apul-Peve,-0.11234705228031147
C2_annotated,Apul-Peve,-0.12258064516129032
C2_annotated,Apul-Peve,0.018909899888765295
C2_annotated,Apul-Peve,0.2556173526140156
C2_annotated,Apul-Peve,0.064293659621802
C2_annotated,Apul-Peve,0.07096774193548387
C2_annotated,Apul-Peve,-0.14571746384872078
C2_annotated,Apul-Peve,-0.02157953281423804
C2_annotated,Apul-Peve,-0.04293659621802002
C2_annotated,Apul-Peve,0.13592880978865407
C2_annotated,Apul-Peve,-0.0660734149054505
C2_annotated,Apul-Peve,0.12436040044493882
C2_annotated,Apul-Peve,-0.19911012235817577
C2_annotated,Apul-Peve,-0.22491657397107895
C2_annotated,Apul-Peve,-0.25695216907675195
C2_annotated,Apul-Peve,0.08342602892102337
C2_annotated,Apul-Peve,-0.3699666295884316
C2_annotated,Apul-Peve,-0.3592880978865406
C2_annotated,Apul-Peve,-0.24538375973303672
C2_annotated,Apul-Peve,0.1781979977753059
C2_annotated,Apul-Peve,-0.08476084538375973
C2_annotated,Apul-Peve,-0.1510567296996663
C2_annotated,Apul-Peve,-0.26229143492769746
C2_annotated,Apul-Peve,-0.026473859844271416
C2_annotated,Apul-Peve,0.10389321468298109
C2_annotated,Apul-Peve,0.30055617352614017
C2_annotated,Apul-Peve,-0.04649610678531702
C2_annotated,Apul-Peve,-0.196440489432703
C2_annotated,Apul-Peve,0.17908787541713014
C2_annotated,Apul-Peve,-0.12169076751946607
C2_annotated,Apul-Peve,0.22892102335928813
C2_annotated,Apul-Peve,0.0011123470522803114
C2_annotated,Apul-Peve,-0.3437152391546162
C2_annotated,Apul-Peve,-0.17775305895439378
C2_annotated,Apul-Peve,0.0731924360400445
C2_annotated,Apul-Peve,-0.016240266963292546
C2_annotated,Apul-Peve,-0.13147942157953282
C2_annotated,Apul-Peve,-0.21824249165739712
C2_annotated,Apul-Peve,-0.32013348164627364
C2_annotated,Apul-Peve,0.024249165739710792
C2_annotated,Apul-Peve,-0.2525027808676307
C2_annotated,Apul-Peve,0.09944382647385984
C2_annotated,Apul-Peve,0.24493882091212457
C2_annotated,Apul-Peve,0.16840934371523913
C2_annotated,Apul-Peve,0.0028921023359288096
C2_annotated,Apul-Peve,-0.1385984427141268
C2_annotated,Apul-Peve,-0.048720800889877645
C2_annotated,Apul-Peve,0.02157953281423804
C2_annotated,Apul-Peve,-0.018464961067853173
C2_annotated,Apul-Peve,-0.30411568409343714
C2_annotated,Apul-Peve,0.3170189098998888
C2_annotated,Apul-Peve,0.13681868743047831
C2_annotated,Apul-Peve,0.08476084538375973
C2_annotated,Apul-Peve,0.07230255839822025
C2_annotated,Apul-Peve,0.2654060066740823
C2_annotated,Apul-Peve,-0.20756395995550608
C2_annotated,Apul-Peve,0.23737486095661847
C2_annotated,Apul-Peve,-0.12347052280311457
C2_annotated,Apul-Peve,0.3895439377085651
C2_annotated,Apul-Peve,0.21156840934371526
C2_annotated,Apul-Peve,-0.0424916573971079
C2_annotated,Apul-Peve,0.2983314794215795
C2_annotated,Apul-Peve,-0.05583982202447163
C2_annotated,Apul-Peve,0.00956618464961068
C2_annotated,Apul-Peve,-0.22803114571746386
C2_annotated,Apul-Peve,0.03181312569521691
C2_annotated,Apul-Peve,0.23515016685205786
C2_annotated,Apul-Peve,0.11724137931034483
C2_annotated,Apul-Peve,0.11323692992213572
C2_annotated,Apul-Peve,-0.28809788654060065
C2_annotated,Apul-Peve,-0.0731924360400445
C2_annotated,Apul-Peve,-0.014015572858731925
C2_annotated,Apul-Peve,-0.029588431590656286
C2_annotated,Apul-Peve,-0.11012235817575085
C2_annotated,Apul-Peve,-0.09588431590656285
C2_annotated,Apul-Peve,0.02736373748609566
C2_annotated,Apul-Peve,0.15283648498331479
C2_annotated,Apul-Peve,-0.17152391546162402
C2_annotated,Apul-Peve,-0.045606229143492764
C2_annotated,Apul-Peve,0.28676307007786433
C2_annotated,Apul-Peve,0.20756395995550608
C2_annotated,Apul-Peve,0.20800889877641823
C2_annotated,Apul-Peve,-0.23692992213570635
C2_annotated,Apul-Peve,0.10923248053392658
C2_annotated,Apul-Peve,-0.3539488320355951
C2_annotated,Apul-Peve,-0.17196885428253614
C2_annotated,Apul-Peve,0.12480533926585095
C2_annotated,Apul-Peve,0.17730812013348166
C2_annotated,Apul-Peve,0.20311457174638486
C2_annotated,Apul-Peve,-0.3299221357063404
C2_annotated,Apul-Peve,-0.16885428253615128
C2_annotated,Apul-Peve,-0.19555061179087876
C2_annotated,Apul-Peve,-0.06696329254727475
C2_annotated,Apul-Peve,0.08387096774193549
C2_annotated,Apul-Peve,0.16662958843159065
C2_annotated,Apul-Peve,0.10300333704115684
C2_annotated,Apul-Peve,0.15283648498331479
C2_annotated,Apul-Peve,-0.08431590656284761
C2_annotated,Apul-Peve,0.22135706340378197
C2_annotated,Apul-Peve,0.28631813125695216
C2_annotated,Apul-Peve,-0.12658509454949943
C2_annotated,Apul-Peve,0.015350389321468299
C2_annotated,Apul-Peve,-0.05050055617352614
C2_annotated,Apul-Peve,0.004226918798665183
C2_annotated,Apul-Peve,-0.24582869855394884
C2_annotated,Apul-Peve,-0.11902113459399331
C2_annotated,Apul-Peve,0.22269187986651834
C2_annotated,Apul-Peve,-0.2707452725250278
C2_annotated,Apul-Peve,0.12791991101223582
C2_annotated,Apul-Peve,0.1221357063403782
C2_annotated,Apul-Peve,0.15417130144605118
C2_annotated,Apul-Peve,-0.196440489432703
C2_annotated,Apul-Peve,0.13770856507230256
C2_annotated,Apul-Peve,0.1959955506117909
C2_annotated,Apul-Peve,0.04382647385984427
C2_annotated,Apul-Peve,-0.35661846496106786
C2_annotated,Apul-Peve,0.21557285873192436
C2_annotated,Apul-Peve,-0.0771968854282536
C2_annotated,Apul-Peve,-0.0896551724137931
C2_annotated,Apul-Peve,-0.20222469410456062
C2_annotated,Apul-Peve,0.026028921023359287
C2_annotated,Apul-Peve,-0.20978865406006672
C2_annotated,Apul-Peve,-0.03581757508342603
C2_annotated,Apul-Peve,-0.14260289210233593
C2_annotated,Apul-Peve,-0.06562847608453838
C2_annotated,Apul-Peve,0.2743047830923248
C2_annotated,Apul-Peve,-0.05494994438264739
C2_annotated,Apul-Peve,0.09187986651835373
C2_annotated,Apul-Peve,0.1599555061179088
C2_annotated,Apul-Peve,-0.2667408231368187
C2_annotated,Apul-Peve,-0.029143492769744164
C2_annotated,Apul-Peve,-0.2996662958843159
C2_annotated,Apul-Peve,-0.03804226918798665
C2_annotated,Apul-Peve,-0.023804226918798667
C2_annotated,Apul-Peve,0.1332591768631813
C2_annotated,Apul-Peve,0.11590656284760845
C2_annotated,Apul-Peve,-0.09365962180200223
C2_annotated,Apul-Peve,-0.07052280311457175
C2_annotated,Apul-Peve,-0.04293659621802002
C2_annotated,Apul-Peve,0.03225806451612903
C2_annotated,Apul-Peve,0.17330367074527253
C2_annotated,Apul-Peve,-0.010456062291434927
C2_annotated,Apul-Peve,-0.10878754171301447
C2_annotated,Apul-Peve,0.09810901001112347
C2_annotated,Apul-Peve,0.4024471635150167
C2_annotated,Apul-Peve,-0.2743047830923248
C2_annotated,Apul-Peve,-0.09365962180200223
C2_annotated,Apul-Peve,-0.13459399332591768
C2_annotated,Apul-Peve,0.08743047830923248
C2_annotated,Apul-Peve,0.15728587319243606
C2_annotated,Apul-Peve,-0.17018909899888765
C2_annotated,Apul-Peve,0.17775305895439378
C2_annotated,Apul-Peve,-0.13548387096774195
C2_annotated,Apul-Peve,0.08431590656284761
C2_annotated,Apul-Peve,-0.11546162402669634
C2_annotated,Apul-Peve,-0.03715239154616241
C2_annotated,Apul-Peve,-0.1675194660734149
C2_annotated,Apul-Peve,0.11991101223581756
C2_annotated,Apul-Peve,-0.1474972191323693
C2_annotated,Apul-Peve,0.018909899888765295
C2_annotated,Apul-Peve,0.13147942157953282
C2_annotated,Apul-Peve,0.2671857619577308
C2_annotated,Apul-Peve,0.12035595105672969
C2_annotated,Apul-Peve,-0.022914349276974416
C2_annotated,Apul-Peve,0.07363737486095662
C2_annotated,Apul-Peve,-0.04605116796440489
C2_annotated,Apul-Peve,0.13548387096774195
C2_annotated,Apul-Peve,0.217797552836485
C2_annotated,Apul-Peve,-0.2854282536151279
C2_annotated,Apul-Peve,0.11101223581757509
C2_annotated,Apul-Peve,-0.10389321468298109
C2_annotated,Apul-Peve,0.12436040044493882
C2_annotated,Apul-Peve,-0.3032258064516129
C2_annotated,Apul-Peve,-0.1399332591768632
C2_annotated,Apul-Peve,-0.011345939933259176
C2_annotated,Apul-Peve,0.31790878754171303
C2_annotated,Apul-Peve,-0.15372636262513903
C2_annotated,Apul-Peve,-0.20088987764182425
C2_annotated,Apul-Peve,0.08832035595105674
C2_annotated,Apul-Peve,0.020244716351501667
C2_annotated,Apul-Peve,0.1399332591768632
C2_annotated,Apul-Peve,-0.24182424916573972
C2_annotated,Apul-Peve,0.1839822024471635
C2_annotated,Apul-Peve,0.23515016685205786
C2_annotated,Apul-Peve,-0.030033370411568408
C2_annotated,Apul-Peve,0.13948832035595105
C2_annotated,Apul-Peve,0.071412680756396
C2_annotated,Apul-Peve,0.05628476084538376
C2_annotated,Apul-Peve,0.05806451612903226
C2_annotated,Apul-Peve,-0.1982202447163515
C2_annotated,Apul-Peve,-0.17997775305895441
C2_annotated,Apul-Peve,-0.27208008898776415
C2_annotated,Apul-Peve,0.11813125695216907
C2_annotated,Apul-Peve,-0.03092324805339266
C2_annotated,Apul-Peve,-0.04916573971078977
C2_annotated,Apul-Peve,-0.026473859844271416
C2_annotated,Apul-Peve,0.1563959955506118
C2_annotated,Apul-Peve,0.2596218020022247
C2_annotated,Apul-Peve,-0.28676307007786433
C2_annotated,Apul-Peve,0.1982202447163515
C2_annotated,Apul-Peve,0.01668520578420467
C2_annotated,Apul-Peve,0.14527252502780869
C2_annotated,Apul-Peve,0.029588431590656286
C2_annotated,Apul-Peve,-0.03581757508342603
C2_annotated,Apul-Peve,-0.49543937708565067
C2_annotated,Apul-Peve,-0.2525027808676307
C2_annotated,Apul-Peve,0.17775305895439378
C2_annotated,Apul-Peve,0.2609566184649611
C2_annotated,Apul-Peve,0.058954393770856504
C2_annotated,Apul-Peve,-0.14927697441601778
C2_annotated,Apul-Peve,0.23203559510567295
C2_annotated,Apul-Peve,0.16129032258064516
C2_annotated,Apul-Peve,-0.22269187986651834
C2_annotated,Apul-Peve,0.07586206896551724
C2_annotated,Apul-Peve,0.36952169076751945
C2_annotated,Apul-Peve,-0.17552836484983314
C2_annotated,Apul-Peve,0.08520578420467187
C2_annotated,Apul-Peve,-0.09899888765294772
C2_annotated,Apul-Peve,-0.07274749721913237
C2_annotated,Apul-Peve,0.011790878754171301
C2_annotated,Apul-Peve,-0.06963292547274749
C2_annotated,Apul-Peve,0.23114571746384874
C2_annotated,Apul-Peve,0.0967741935483871
C2_annotated,Apul-Peve,0.13414905450500555
C2_annotated,Apul-Peve,-0.10967741935483871
C2_annotated,Apul-Peve,0.3539488320355951
C2_annotated,Apul-Peve,0.28231368186874306
C2_annotated,Apul-Peve,0.0932146829810901
C2_annotated,Apul-Peve,-0.11412680756395996
C2_annotated,Apul-Peve,0.15728587319243606
C2_annotated,Apul-Peve,0.2600667408231368
C2_annotated,Apul-Peve,0.062068965517241385
C2_annotated,Apul-Peve,-0.0932146829810901
C2_annotated,Apul-Peve,-0.05272525027808676
C2_annotated,Apul-Peve,0.22402669632925473
C2_annotated,Apul-Peve,-0.2649610678531702
C2_annotated,Apul-Peve,-0.4113459399332592
C2_annotated,Apul-Peve,0.26140155728587317
C2_annotated,Apul-Peve,-0.1150166852057842
C2_annotated,Apul-Peve,0.27964404894327033
C2_annotated,Apul-Peve,-0.0985539488320356
C2_annotated,Apul-Peve,0.029588431590656286
C2_annotated,Apul-Peve,0.014015572858731925
C2_annotated,Apul-Peve,-0.20978865406006672
C2_annotated,Apul-Peve,-0.028698553948832035
C2_annotated,Apul-Peve,0.03314794215795328
C2_annotated,Apul-Peve,0.05406006674082313
C2_annotated,Apul-Peve,0.19555061179087876
C2_annotated,Apul-Peve,-0.29699666295884314
C2_annotated,Apul-Peve,0.08342602892102337
C2_annotated,Apul-Peve,0.053170189098998885
C2_annotated,Apul-Peve,-0.06740823136818688
C2_annotated,Apul-Peve,0.03270300333704115
C2_annotated,Apul-Peve,-0.13726362625139044
C2_annotated,Apul-Peve,0.21201334816462736
C2_annotated,Apul-Peve,0.10923248053392658
C2_annotated,Apul-Peve,-0.04293659621802002
C2_annotated,Apul-Peve,0.013125695216907674
C2_annotated,Apul-Peve,0.14260289210233593
C2_annotated,Apul-Peve,0.05806451612903226
C2_annotated,Apul-Peve,-0.44249165739710794
C2_annotated,Apul-Peve,-0.03581757508342603
C2_annotated,Apul-Peve,0.012235817575083427
C2_annotated,Apul-Peve,0.2600667408231368
C2_annotated,Apul-Peve,0.32547274749721916
C2_annotated,Apul-Peve,-0.018020022246941044
C2_annotated,Apul-Peve,0.41001112347052276
C2_annotated,Apul-Peve,0.24538375973303672
C2_annotated,Apul-Peve,-0.11679644048943269
C2_annotated,Apul-Peve,-0.0020022246941045607
C2_annotated,Apul-Peve,0.03136818687430478
C2_annotated,Apul-Peve,-0.21112347052280311
C2_annotated,Apul-Peve,-0.07764182424916574
C2_annotated,Apul-Peve,0.03314794215795328
C2_annotated,Apul-Peve,-0.06918798665183537
C2_annotated,Apul-Peve,0.06963292547274749
C2_annotated,Apul-Peve,0.15016685205784203
C2_annotated,Apul-Peve,-0.041156840934371525
C2_annotated,Apul-Peve,0.17152391546162402
C2_annotated,Apul-Peve,-0.08698553948832036
C2_annotated,Apul-Peve,-0.11056729699666296
C2_annotated,Apul-Peve,0.06340378197997776
C2_annotated,Apul-Peve,0.24182424916573972
C2_annotated,Apul-Peve,0.17196885428253614
C2_annotated,Apul-Peve,0.18487208008898776
C2_annotated,Apul-Peve,0.2756395995550612
C2_annotated,Apul-Peve,-0.1546162402669633
C2_annotated,Apul-Peve,-0.17552836484983314
C2_annotated,Apul-Peve,-0.17374860956618465
C2_annotated,Apul-Peve,-0.1675194660734149
C2_annotated,Apul-Peve,0.0046718576195773085
C2_annotated,Apul-Peve,0.13948832035595105
C2_annotated,Apul-Peve,0.04427141268075639
C2_annotated,Apul-Peve,-0.13370411568409343
C2_annotated,Apul-Peve,-0.3414905450500556
C2_annotated,Apul-Peve,-0.07007786429365963
C2_annotated,Apul-Peve,0.2489432703003337
C2_annotated,Apul-Peve,0.12569521690767518
C2_annotated,Apul-Peve,-0.05406006674082313
C2_annotated,Apul-Peve,0.24271412680756396
C2_annotated,Apul-Peve,-0.00689655172413793
C2_annotated,Apul-Peve,-0.08921023359288098
C2_annotated,Apul-Peve,-0.16440489432703004
C2_annotated,Apul-Peve,-0.0135706340378198
C2_annotated,Apul-Peve,0.10656284760845385
C2_annotated,Apul-Peve,-0.007341490545050056
C2_annotated,Apul-Peve,0.4496106785317019
C2_annotated,Apul-Peve,-0.3027808676307008
C2_annotated,Apul-Peve,-0.03670745272525028
C2_annotated,Apul-Peve,0.15194660734149054
C2_annotated,Apul-Peve,-0.15061179087875418
C2_annotated,Apul-Peve,-0.11101223581757509
C2_annotated,Apul-Peve,-0.04605116796440489
C2_annotated,Apul-Peve,0.07052280311457175
C2_annotated,Apul-Peve,0.018909899888765295
C2_annotated,Apul-Peve,0.09543937708565071
C2_annotated,Apul-Peve,-0.16395995550611792
C2_annotated,Apul-Peve,-0.2636262513904338
C2_annotated,Apul-Peve,-0.0046718576195773085
C2_annotated,Apul-Peve,-0.4064516129032258
C2_annotated,Apul-Peve,0.2631813125695217
C2_annotated,Apul-Peve,0.1911012235817575
C2_annotated,Apul-Peve,0.1804226918798665
C2_annotated,Apul-Peve,0.047830923248053395
C2_annotated,Apul-Peve,-0.24449388209121245
C2_annotated,Apul-Peve,0.15372636262513903
C2_annotated,Apul-Peve,-0.10166852057842046
C2_annotated,Apul-Peve,0.11101223581757509
C2_annotated,Apul-Peve,0.1292547274749722
C2_annotated,Apul-Peve,-0.14972191323692993
C2_annotated,Apul-Peve,0.0015572858731924362
C2_annotated,Apul-Peve,0.14927697441601778
C2_annotated,Apul-Peve,0.014905450500556174
C2_annotated,Apul-Peve,-0.0985539488320356
C2_annotated,Apul-Peve,-0.2538375973303671
C2_annotated,Apul-Peve,-0.13236929922135707
C2_annotated,Apul-Peve,0.05583982202447163
C2_annotated,Apul-Peve,-0.08298109010011123
C2_annotated,Apul-Peve,-0.008231368186874305
C2_annotated,Apul-Peve,0.06740823136818688
C2_annotated,Apul-Peve,0.04160177975528365
C2_annotated,Apul-Peve,-0.06473859844271414
C2_annotated,Apul-Peve,0.1488320355951057
C2_annotated,Apul-Peve,-0.03314794215795328
C2_annotated,Apul-Peve,-0.00956618464961068
C2_annotated,Apul-Peve,-0.13770856507230256
C2_annotated,Apul-Peve,-0.006006674082313682
C2_annotated,Apul-Peve,0.00778642936596218
C2_annotated,Apul-Peve,-0.074972191323693
C2_annotated,Apul-Peve,0.19377085650723025
C2_annotated,Apul-Peve,-0.030033370411568408
C2_annotated,Apul-Peve,-0.11323692992213572
C2_annotated,Apul-Peve,-0.2618464961067853
C2_annotated,Apul-Peve,0.1488320355951057
C2_annotated,Apul-Peve,-0.1252502780867631
C2_annotated,Apul-Peve,0.1399332591768632
C2_annotated,Apul-Peve,-0.08698553948832036
C2_annotated,Apul-Peve,-0.1350389321468298
C2_annotated,Apul-Peve,-0.09499443826473859
C2_annotated,Apul-Peve,-0.05406006674082313
C2_annotated,Apul-Peve,0.44827586206896547
C2_annotated,Apul-Peve,0.18798665183537264
C2_annotated,Apul-Peve,-0.1586206896551724
C2_annotated,Apul-Peve,0.21201334816462736
C2_annotated,Apul-Peve,0.4117908787541713
C2_annotated,Apul-Peve,-0.1421579532814238
C2_annotated,Apul-Peve,0.18798665183537264
C2_annotated,Apul-Peve,-0.02736373748609566
C2_annotated,Apul-Peve,-0.18487208008898776
C2_annotated,Apul-Peve,-0.21557285873192436
C2_annotated,Apul-Peve,0.07185761957730812
C2_annotated,Apul-Peve,-0.03270300333704115
C2_annotated,Apul-Peve,-0.08520578420467187
C2_annotated,Apul-Peve,-0.2707452725250278
C2_annotated,Apul-Peve,-0.2088987764182425
C2_annotated,Apul-Peve,-0.22981090100111234
C2_annotated,Apul-Peve,0.3481646273637375
C2_annotated,Apul-Peve,-0.014460511679644048
C2_annotated,Apul-Peve,0.0064516129032258064
C2_annotated,Apul-Peve,-0.0771968854282536
C2_annotated,Apul-Peve,0.23915461624026696
C2_annotated,Apul-Peve,0.014905450500556174
C2_annotated,Apul-Peve,0.05628476084538376
C2_annotated,Apul-Peve,0.2
C2_annotated,Apul-Peve,-0.10433815350389322
C2_annotated,Apul-Peve,0.27964404894327033
C2_annotated,Apul-Peve,-0.02825361512791991
C2_annotated,Apul-Peve,0.22224694104560624
C2_annotated,Apul-Peve,-0.010456062291434927
C2_annotated,Apul-Peve,-0.05939933259176864
C2_annotated,Apul-Peve,0.14126807563959956
C2_annotated,Apul-Peve,0.11590656284760845
C2_annotated,Apul-Peve,0.07853170189098999
C2_annotated,Apul-Peve,-0.05939933259176864
C2_annotated,Apul-Peve,-0.16974416017797553
C2_annotated,Apul-Peve,-0.060289210233592884
C2_annotated,Apul-Peve,-0.15506117908787542
C2_annotated,Apul-Peve,0.42869855394883205
C2_annotated,Apul-Peve,0.4313681868743048
C2_annotated,Apul-Peve,0.12658509454949943
C2_annotated,Apul-Peve,-0.018020022246941044
C2_annotated,Apul-Peve,-0.22135706340378197
C2_annotated,Apul-Peve,0.19421579532814237
C2_annotated,Apul-Peve,-0.12747497219132367
C2_annotated,Apul-Peve,-0.11368186874304782
C2_annotated,Apul-Peve,0.08298109010011123
C2_annotated,Apul-Peve,0.05939933259176864
C2_annotated,Apul-Peve,0.10611790878754171
C2_annotated,Apul-Peve,-0.0020022246941045607
C2_annotated,Apul-Peve,0.32146829810901
C2_annotated,Apul-Peve,0.34949944382647385
C2_annotated,Apul-Peve,0.067853170189099
C2_annotated,Apul-Peve,0.17997775305895441
C2_annotated,Apul-Peve,0.030478309232480537
C2_annotated,Apul-Peve,0.27697441601779754
C2_annotated,Apul-Peve,-0.00956618464961068
C2_annotated,Apul-Peve,0.1599555061179088
C2_annotated,Apul-Peve,0.1150166852057842
C2_annotated,Apul-Peve,0.07586206896551724
C2_annotated,Apul-Peve,-0.3432703003337041
C2_annotated,Apul-Peve,-0.17063403781979977
C2_annotated,Apul-Peve,0.10967741935483871
C2_annotated,Apul-Peve,0.11902113459399331
C2_annotated,Apul-Peve,-0.17953281423804227
C2_annotated,Apul-Peve,-0.09098998887652948
C2_annotated,Apul-Peve,0.08298109010011123
C2_annotated,Apul-Peve,-0.2760845383759733
C2_annotated,Apul-Peve,-0.13948832035595105
C2_annotated,Apul-Peve,0.2533926585094549
C2_annotated,Apul-Peve,0.27474972191323693
C2_annotated,Apul-Peve,0.006006674082313682
C2_annotated,Apul-Peve,0.15951056729699667
C2_annotated,Apul-Peve,-0.16796440489432704
C2_annotated,Apul-Peve,0.11234705228031147
C2_annotated,Apul-Peve,0.1385984427141268
C2_annotated,Apul-Peve,0.26807563959955505
C2_annotated,Apul-Peve,0.0037819799777530586
C2_annotated,Apul-Peve,-0.3828698553948832
C2_annotated,Apul-Peve,-0.08743047830923248
C2_annotated,Apul-Peve,0.10300333704115684
C2_annotated,Apul-Peve,0.25739710789766407
C2_annotated,Apul-Peve,-0.05094549499443826
C2_annotated,Apul-Peve,-0.07052280311457175
C2_annotated,Apul-Peve,0.27208008898776415
C2_annotated,Apul-Peve,-0.2631813125695217
C2_annotated,Apul-Peve,-0.17152391546162402
C2_annotated,Apul-Peve,-0.10700778642936595
C2_annotated,Apul-Peve,0.14838709677419354
C2_annotated,Apul-Peve,-0.37486095661846497
C2_annotated,Apul-Peve,-0.21245828698553948
C2_annotated,Apul-Peve,0.012235817575083427
C2_annotated,Apul-Peve,0.03848720800889878
C2_annotated,Apul-Peve,-0.06963292547274749
C2_annotated,Apul-Peve,-0.029143492769744164
C2_annotated,Apul-Peve,-0.028698553948832035
C2_annotated,Apul-Peve,0.08387096774193549
C2_annotated,Apul-Peve,0.12169076751946607
C2_annotated,Apul-Peve,0.04516129032258064
C2_annotated,Apul-Peve,-0.1781979977753059
C2_annotated,Apul-Peve,0.23025583982202447
C2_annotated,Apul-Peve,-0.24538375973303672
C2_annotated,Apul-Peve,-0.10611790878754171
C2_annotated,Apul-Peve,-0.3481646273637375
C2_annotated,Apul-Peve,0.21112347052280311
C2_annotated,Apul-Peve,0.058954393770856504
C2_annotated,Apul-Peve,0.1434927697441602
C2_annotated,Apul-Peve,-0.011790878754171301
C2_annotated,Apul-Peve,-0.17775305895439378
C2_annotated,Apul-Peve,-0.2903225806451613
C2_annotated,Apul-Peve,-0.046941045606229144
C2_annotated,Apul-Peve,0.3886540600667408
C2_annotated,Apul-Peve,0.11323692992213572
C2_annotated,Apul-Peve,-0.06340378197997776
C2_annotated,Apul-Peve,0.015350389321468299
C2_annotated,Apul-Peve,-0.18487208008898776
C2_annotated,Apul-Peve,-0.22447163515016688
C2_annotated,Apul-Peve,-0.14527252502780869
C2_annotated,Apul-Peve,-0.0064516129032258064
C2_annotated,Apul-Peve,-0.07764182424916574
C2_annotated,Apul-Peve,0.20044493882091213
C2_annotated,Apul-Peve,0.22580645161290322
C2_annotated,Apul-Peve,0.2903225806451613
C2_annotated,Apul-Peve,0.10433815350389322
C2_annotated,Apul-Peve,0.1510567296996663
C2_annotated,Apul-Peve,0.24360400444938823
C2_annotated,Apul-Peve,0.12747497219132367
C2_annotated,Apul-Peve,-0.010901001112347052
C2_annotated,Apul-Peve,-0.1746384872080089
C2_annotated,Apul-Peve,0.1056729699666296
C2_annotated,Apul-Peve,-0.18665183537263624
C2_annotated,Apul-Peve,0.0033370411568409346
C2_annotated,Apul-Peve,0.1434927697441602
C2_annotated,Apul-Peve,-0.41579532814238046
C2_annotated,Apul-Peve,0.04961067853170189
C2_annotated,Apul-Peve,-0.08565072302558399
C2_annotated,Apul-Peve,-0.033592880978865404
C2_annotated,Apul-Peve,0.06518353726362626
C2_annotated,Apul-Peve,-0.36507230255839823
C2_annotated,Apul-Peve,0.2088987764182425
C2_annotated,Apul-Peve,-0.26407119021134595
C2_annotated,Apul-Peve,-0.09098998887652948
C2_annotated,Apul-Peve,0.1399332591768632
C2_annotated,Apul-Peve,0.2827586206896552
C2_annotated,Apul-Peve,0.0424916573971079
C2_annotated,Apul-Peve,0.16885428253615128
C2_annotated,Apul-Peve,0.39488320355951056
C2_annotated,Apul-Peve,-0.030478309232480537
C2_annotated,Apul-Peve,-0.1835372636262514
C2_annotated,Apul-Peve,-0.022914349276974416
C2_annotated,Apul-Peve,0.11323692992213572
C2_annotated,Apul-Peve,-0.0967741935483871
C2_annotated,Apul-Peve,0.37664071190211346
C2_annotated,Apul-Peve,0.013125695216907674
C2_annotated,Apul-Peve,0.09365962180200223
C2_annotated,Apul-Peve,0.09098998887652948
C2_annotated,Apul-Peve,0.04471635150166852
C2_annotated,Apul-Peve,0.03670745272525028
C2_annotated,Apul-Peve,-0.13058954393770858
C2_annotated,Apul-Peve,-0.41579532814238046
C2_annotated,Apul-Peve,-0.11546162402669634
C2_annotated,Apul-Peve,0.026918798665183537
C2_annotated,Apul-Peve,0.03670745272525028
C2_annotated,Apul-Peve,-0.08565072302558399
C2_annotated,Apul-Peve,0.41001112347052276
C2_annotated,Apul-Peve,-0.22135706340378197
C2_annotated,Apul-Peve,0.3526140155728587
C2_annotated,Apul-Peve,-0.2738598442714127
C2_annotated,Apul-Peve,0.2716351501668521
C2_annotated,Apul-Peve,0.31523915461624025
C2_annotated,Apul-Peve,0.09632925472747497
C2_annotated,Apul-Peve,0.008231368186874305
C2_annotated,Apul-Peve,-0.17152391546162402
C2_annotated,Apul-Peve,0.14438264738598444
C2_annotated,Apul-Peve,-0.3997775305895439
C2_annotated,Apul-Peve,-0.1439377085650723
C2_annotated,Apul-Peve,-0.0135706340378198
C2_annotated,Apul-Peve,0.09766407119021134
C2_annotated,Apul-Peve,-0.08387096774193549
C2_annotated,Apul-Peve,0.07363737486095662
C2_annotated,Apul-Peve,0.26407119021134595
C2_annotated,Apul-Peve,-0.03225806451612903
C2_annotated,Apul-Peve,0.005561735261401557
C2_annotated,Apul-Peve,-0.11323692992213572
C2_annotated,Apul-Peve,0.3196885428253615
C2_annotated,Apul-Peve,-0.20845383759733035
C2_annotated,Apul-Peve,-0.16796440489432704
C2_annotated,Apul-Peve,0.1835372636262514
C2_annotated,Apul-Peve,-0.013125695216907674
C2_annotated,Apul-Peve,0.13236929922135707
C2_annotated,Apul-Peve,0.21201334816462736
C2_annotated,Apul-Peve,-0.08698553948832036
C2_annotated,Apul-Peve,-0.04961067853170189
C2_annotated,Apul-Peve,0.04427141268075639
C2_annotated,Apul-Peve,-0.04160177975528365
C2_annotated,Apul-Peve,-0.1692992213570634
C2_annotated,Apul-Peve,0.05050055617352614
C2_annotated,Apul-Peve,0.22892102335928813
C2_annotated,Apul-Peve,-0.13147942157953282
C2_annotated,Apul-Peve,-0.06562847608453838
C2_annotated,Apul-Peve,-0.03225806451612903
C2_annotated,Apul-Peve,-0.23559510567296996
C2_annotated,Apul-Peve,0.07274749721913237
C2_annotated,Apul-Peve,-0.18442714126807563
C2_annotated,Apul-Peve,0.1746384872080089
C2_annotated,Apul-Peve,0.08832035595105674
C2_annotated,Apul-Peve,0.05850945494994438
C2_annotated,Apul-Peve,-6.674082313681868e-4
C2_annotated,Apul-Peve,-0.0028921023359288096
C2_annotated,Apul-Peve,-0.2636262513904338
C2_annotated,Apul-Peve,0.17775305895439378
C2_annotated,Apul-Peve,-0.2854282536151279
C2_annotated,Apul-Peve,0.21156840934371526
C2_annotated,Apul-Peve,0.12569521690767518
C2_annotated,Apul-Peve,0.11323692992213572
C2_annotated,Apul-Peve,0.14838709677419354
C2_annotated,Apul-Peve,-0.045606229143492764
C2_annotated,Apul-Peve,0.18264738598442715
C2_annotated,Apul-Peve,0.2689655172413793
C2_annotated,Apul-Peve,0.27208008898776415
C2_annotated,Apul-Peve,-0.04827586206896552
C2_annotated,Apul-Peve,-0.06562847608453838
C2_annotated,Apul-Peve,-0.2832035595105673
C2_annotated,Apul-Peve,-0.0064516129032258064
C2_annotated,Apul-Peve,-0.10166852057842046
C2_annotated,Apul-Peve,0.1474972191323693
C2_annotated,Apul-Peve,0.010901001112347052
C2_annotated,Apul-Peve,-0.029588431590656286
C2_annotated,Apul-Peve,0.4611790878754171
C2_annotated,Apul-Peve,0.16484983314794216
C2_annotated,Apul-Peve,-0.1906562847608454
C2_annotated,Apul-Peve,-0.13948832035595105
C2_annotated,Apul-Peve,0.05717463848720801
C2_annotated,Apul-Peve,-0.03270300333704115
C2_annotated,Apul-Peve,-0.28898776418242494
C2_annotated,Apul-Peve,-0.07096774193548387
C2_annotated,Apul-Peve,0.09810901001112347
C2_annotated,Apul-Peve,0.021134593993325918
C2_annotated,Apul-Peve,0.32057842046718577
C2_annotated,Apul-Peve,0.05228031145717464
C2_annotated,Apul-Peve,-0.017130144605116797
C2_annotated,Apul-Peve,0.05494994438264739
C2_annotated,Apul-Peve,0.01579532814238042
C2_annotated,Apul-Peve,-0.2778642936596218
C2_annotated,Apul-Peve,0.19733036707452725
C2_annotated,Apul-Peve,-0.1982202447163515
C2_annotated,Apul-Peve,-0.14482758620689654
C2_annotated,Apul-Peve,0.011790878754171301
C2_annotated,Apul-Peve,-0.04471635150166852
C2_annotated,Apul-Peve,0.05939933259176864
C2_annotated,Apul-Peve,0.1114571746384872
C2_annotated,Apul-Peve,-0.23114571746384874
C2_annotated,Apul-Peve,0.18442714126807563
C2_annotated,Apul-Peve,-0.13192436040044495
C2_annotated,Apul-Peve,0.2160177975528365
C2_annotated,Apul-Peve,0.19332591768631813
C2_annotated,Apul-Peve,-0.030478309232480537
C2_annotated,Apul-Peve,-0.10656284760845385
C2_annotated,Apul-Peve,-0.08476084538375973
C2_annotated,Apul-Peve,-0.07230255839822025
C2_annotated,Apul-Peve,0.09632925472747497
C2_annotated,Apul-Peve,-0.0033370411568409346
C2_annotated,Apul-Peve,0.10967741935483871
C2_annotated,Apul-Peve,-0.19377085650723025
C2_annotated,Apul-Peve,0.011790878754171301
C2_annotated,Apul-Peve,-0.07541713014460512
C2_annotated,Apul-Peve,0.04738598442714127
C2_annotated,Apul-Peve,0.22803114571746386
C2_annotated,Apul-Peve,0.030033370411568408
C2_annotated,Apul-Peve,-0.08075639599555061
C2_annotated,Apul-Peve,0.02157953281423804
C2_annotated,Apul-Peve,0.20667408231368187
C2_annotated,Apul-Peve,0.1724137931034483
C2_annotated,Apul-Peve,-0.03715239154616241
C2_annotated,Apul-Peve,0.2200222469410456
C2_annotated,Apul-Peve,-0.08431590656284761
C2_annotated,Apul-Peve,-0.2556173526140156
C2_annotated,Apul-Peve,-0.05628476084538376
C2_annotated,Apul-Peve,-0.011790878754171301
C2_annotated,Apul-Peve,-0.12569521690767518
C2_annotated,Apul-Peve,0.19421579532814237
C2_annotated,Apul-Peve,0.15417130144605118
C2_annotated,Apul-Peve,-0.06473859844271414
C2_annotated,Apul-Peve,-0.074972191323693
C2_annotated,Apul-Peve,0.10389321468298109
C2_annotated,Apul-Peve,-0.3601779755283649
C2_annotated,Apul-Peve,-0.042046718576195775
C2_annotated,Apul-Peve,0.3468298109010011
C2_annotated,Apul-Peve,0.05406006674082313
C2_annotated,Apul-Peve,-0.14304783092324805
C2_annotated,Apul-Peve,0.17196885428253614
C2_annotated,Apul-Peve,-0.02736373748609566
C2_annotated,Apul-Peve,0.2529477196885428
C2_annotated,Apul-Peve,-0.3125695216907675
C2_annotated,Apul-Peve,-0.10433815350389322
C2_annotated,Apul-Peve,0.007341490545050056
C2_annotated,Apul-Peve,-0.32413793103448274
C2_annotated,Apul-Peve,0.24360400444938823
C2_annotated,Apul-Peve,-0.11679644048943269
C2_annotated,Apul-Peve,-0.28186874304783094
C2_annotated,Apul-Peve,0.2765294771968854
C2_annotated,Apul-Peve,-0.04961067853170189
C2_annotated,Apul-Peve,-0.34949944382647385
C2_annotated,Apul-Peve,-0.03581757508342603
C2_annotated,Apul-Peve,0.21690767519466073
C2_annotated,Apul-Peve,-0.10789766407119022
C2_annotated,Apul-Peve,-0.09454949944382647
C2_annotated,Apul-Peve,0.09232480533926585
C2_annotated,Apul-Peve,0.12347052280311457
C2_annotated,Apul-Peve,-0.21957730812013349
C2_annotated,Apul-Peve,-0.20934371523915463
C2_annotated,Apul-Peve,-0.05539488320355951
C2_annotated,Apul-Peve,0.018020022246941044
C2_annotated,Apul-Peve,0.2511679644048943
C2_annotated,Apul-Peve,0.047830923248053395
C2_annotated,Apul-Peve,-0.09988876529477196
C2_annotated,Apul-Peve,0.03092324805339266
C2_annotated,Apul-Peve,0.026918798665183537
C2_annotated,Apul-Peve,-0.32413793103448274
C2_annotated,Apul-Peve,-0.08565072302558399
C2_annotated,Apul-Peve,-0.1532814238042269
C2_annotated,Apul-Peve,-0.03848720800889878
C2_annotated,Apul-Peve,-0.2235817575083426
C2_annotated,Apul-Peve,0.3228031145717464
C2_annotated,Apul-Peve,-0.21245828698553948
C2_annotated,Apul-Peve,0.20622914349276975
C2_annotated,Apul-Peve,-0.27519466073414905
C2_annotated,Apul-Peve,0.14705228031145717
C2_annotated,Apul-Peve,-0.21913236929922136
C2_annotated,Apul-Peve,0.37041156840934375
C2_annotated,Apul-Peve,-0.0135706340378198
C2_annotated,Apul-Peve,-0.04916573971078977
C2_annotated,Apul-Peve,-0.07274749721913237
C2_annotated,Apul-Peve,-0.05139043381535039
C2_annotated,Apul-Peve,-0.11101223581757509
C2_annotated,Apul-Peve,0.1488320355951057
C2_annotated,Apul-Peve,-0.2520578420467186
C2_annotated,Apul-Peve,-0.047830923248053395
C2_annotated,Apul-Peve,0.1817575083426029
C2_annotated,Apul-Peve,-0.11724137931034483
C2_annotated,Apul-Peve,0.10033370411568408
C2_annotated,Apul-Peve,-0.1434927697441602
C2_annotated,Apul-Peve,-0.02825361512791991
C2_annotated,Apul-Peve,-0.04961067853170189
C2_annotated,Apul-Peve,0.1710789766407119
C2_annotated,Apul-Peve,0.2293659621802002
C2_annotated,Apul-Peve,0.14304783092324805
C2_annotated,Apul-Peve,-0.35884315906562847
C2_annotated,Apul-Peve,0.05850945494994438
C2_annotated,Apul-Peve,0.15194660734149054
C2_annotated,Apul-Peve,-0.19911012235817577
C2_annotated,Apul-Peve,0.09632925472747497
C2_annotated,Apul-Peve,0.11813125695216907
C2_annotated,Apul-Peve,0.1434927697441602
C2_annotated,Apul-Peve,0.020244716351501667
C2_annotated,Apul-Peve,0.0914349276974416
C2_annotated,Apul-Peve,-0.27519466073414905
C2_annotated,Apul-Peve,0.1403781979977753
C2_annotated,Apul-Peve,-0.12569521690767518
C2_annotated,Apul-Peve,-0.0932146829810901
C2_annotated,Apul-Peve,-0.08476084538375973
C2_annotated,Apul-Peve,0.15595105672969967
C2_annotated,Apul-Peve,-0.2654060066740823
C2_annotated,Apul-Peve,-0.05717463848720801
C2_annotated,Apul-Peve,-0.2716351501668521
C2_annotated,Apul-Peve,0.2636262513904338
C2_annotated,Apul-Peve,-0.03670745272525028
C2_annotated,Apul-Peve,0.1474972191323693
C2_annotated,Apul-Peve,-0.07230255839822025
C2_annotated,Apul-Peve,-0.022914349276974416
C2_annotated,Apul-Peve,-0.21913236929922136
C2_annotated,Apul-Peve,-0.05583982202447163
C2_annotated,Apul-Peve,0.05361512791991101
C2_annotated,Apul-Peve,-0.046941045606229144
C2_annotated,Apul-Peve,-0.06740823136818688
C2_annotated,Apul-Peve,0.1599555061179088
C2_annotated,Apul-Peve,-0.0424916573971079
C2_annotated,Apul-Peve,0.1403781979977753
C2_annotated,Apul-Peve,0.018464961067853173
C2_annotated,Apul-Peve,0.21201334816462736
C2_annotated,Apul-Peve,0.3228031145717464
C2_annotated,Apul-Peve,0.2596218020022247
C2_annotated,Apul-Peve,0.10923248053392658
C2_annotated,Apul-Peve,-0.022024471635150165
C2_annotated,Apul-Peve,-0.3446051167964405
C2_annotated,Apul-Peve,-0.31835372636262516
C2_annotated,Apul-Peve,-0.13948832035595105
C2_annotated,Apul-Peve,-0.14838709677419354
C2_annotated,Apul-Peve,-0.37842046718576194
C2_annotated,Apul-Peve,0.1621802002224694
C2_annotated,Apul-Peve,0.22625139043381537
C2_annotated,Apul-Peve,0.2849833147942158
C2_annotated,Apul-Peve,6.674082313681868e-4
C2_annotated,Apul-Peve,0.18620689655172415
C2_annotated,Apul-Peve,-0.06696329254727475
C2_annotated,Apul-Peve,-0.010901001112347052
C2_annotated,Apul-Peve,0.08209121245828699
C2_annotated,Apul-Peve,0.016240266963292546
C2_annotated,Apul-Peve,0.18220244716351502
C2_annotated,Apul-Peve,-0.047830923248053395
C2_annotated,Apul-Peve,-0.0389321468298109
C2_annotated,Apul-Peve,-0.14438264738598444
C2_annotated,Apul-Peve,-0.02335928809788654
C2_annotated,Apul-Peve,-0.07986651835372635
C2_annotated,Apul-Peve,0.027808676307007788
C2_annotated,Apul-Peve,-0.36062291434927696
C2_annotated,Apul-Peve,-0.008231368186874305
C2_annotated,Apul-Peve,-0.016240266963292546
C2_annotated,Apul-Peve,0.13370411568409343
C2_annotated,Apul-Peve,-0.06874304783092325
C2_annotated,Apul-Peve,-0.16262513904338155
C2_annotated,Apul-Peve,0.11101223581757509
C2_annotated,Apul-Peve,0.11279199110122358
C2_annotated,Apul-Peve,0.23559510567296996
C2_annotated,Apul-Peve,-0.1581757508342603
C2_annotated,Apul-Peve,-0.09365962180200223
C2_annotated,Apul-Peve,-0.23114571746384874
C2_annotated,Apul-Peve,-0.06696329254727475
C2_annotated,Apul-Peve,0.022024471635150165
C2_annotated,Apul-Peve,-0.06918798665183537
C2_annotated,Apul-Peve,-0.07452725250278086
C2_annotated,Apul-Peve,0.13370411568409343
C2_annotated,Apul-Peve,0.16529477196885428
C2_annotated,Apul-Peve,0.009121245828698554
C2_annotated,Apul-Peve,-0.060289210233592884
C2_annotated,Apul-Peve,-0.09187986651835373
C2_annotated,Apul-Peve,0.14794215795328142
C2_annotated,Apul-Peve,0.29477196885428253
C2_annotated,Apul-Peve,-0.26941045606229147
C2_annotated,Apul-Peve,-0.1817575083426029
C2_annotated,Apul-Peve,-0.13459399332591768
C2_annotated,Apul-Peve,0.28097886540600664
C2_annotated,Apul-Peve,-0.09766407119021134
C2_annotated,Apul-Peve,-0.2627363737486096
C2_annotated,Apul-Peve,-0.28409343715239155
C2_annotated,Apul-Peve,-0.03937708565072303
C2_annotated,Apul-Peve,0.36062291434927696
C2_annotated,Apul-Peve,-0.09098998887652948
C2_annotated,Apul-Peve,-0.027808676307007788
C2_annotated,Apul-Peve,0.17152391546162402
C2_annotated,Apul-Peve,-0.04649610678531702
C2_annotated,Apul-Peve,0.002447163515016685
C2_annotated,Apul-Peve,-0.0033370411568409346
C2_annotated,Apul-Peve,0.42335928809788653
C2_annotated,Apul-Peve,-0.11012235817575085
C2_annotated,Apul-Peve,-0.1870967741935484
C2_annotated,Apul-Peve,0.17997775305895441
C2_annotated,Apul-Peve,0.20800889877641823
C2_annotated,Apul-Peve,0.09944382647385984
C2_annotated,Apul-Peve,-0.046941045606229144
C2_annotated,Apul-Peve,-0.12703003337041158
C2_annotated,Apul-Peve,0.2266963292547275
C2_annotated,Apul-Peve,0.035372636262513905
C2_annotated,Apul-Ptuh,0.11924788365530714
C2_annotated,Apul-Ptuh,0.008443672672020838
C2_annotated,Apul-Ptuh,0.13973361792441452
C2_annotated,Apul-Ptuh,0.06104358102404553
C2_annotated,Apul-Ptuh,0.10792091744446855
C2_annotated,Apul-Ptuh,0.03142802016255457
C2_annotated,Apul-Ptuh,0.08232219086896751
C2_annotated,Apul-Ptuh,0.21510020982562764
C2_annotated,Apul-Ptuh,0.17922545401924606
C2_annotated,Apul-Ptuh,0.03333092154450956
C2_annotated,Apul-Ptuh,0.03310903697272267
C2_annotated,Apul-Ptuh,0.13617984709258857
C2_annotated,Apul-Ptuh,0.08581566698019921
C2_annotated,Apul-Ptuh,0.1265935894653064
C2_annotated,Apul-Ptuh,0.25272290958203697
C2_annotated,Apul-Ptuh,0.1556128355401201
C2_annotated,Apul-Ptuh,0.10249680437980849
C2_annotated,Apul-Ptuh,0.11576767238260618
C2_annotated,Apul-Ptuh,0.04151050334032752
C2_annotated,Apul-Ptuh,0.07286134626052142
C2_annotated,Apul-Ptuh,0.04871572245134216
C2_annotated,Apul-Ptuh,0.13843486964281407
C2_annotated,Apul-Ptuh,0.07333707160601018
C2_annotated,Apul-Ptuh,0.1075808552203169
C2_annotated,Apul-Ptuh,-0.004780165448713311
C2_annotated,Apul-Ptuh,0.22784169018160771
C2_annotated,Apul-Ptuh,0.13629139232568796
C2_annotated,Apul-Ptuh,0.06464739647396474
C2_annotated,Apul-Ptuh,0.13315968453802185
C2_annotated,Apul-Ptuh,0.09999517642235245
C2_annotated,Apul-Ptuh,0.039854810312809005
C2_annotated,Apul-Ptuh,0.14126329498589102
C2_annotated,Apul-Ptuh,0.061955237199430815
C2_annotated,Apul-Ptuh,0.12367592793574994
C2_annotated,Apul-Ptuh,0.0905885970624412
C2_annotated,Apul-Ptuh,0.06832235969418517
C2_annotated,Apul-Ptuh,0.09134891348913489
C2_annotated,Apul-Ptuh,-0.024753394592769457
C2_annotated,Apul-Ptuh,0.19820140848467308
C2_annotated,Apul-Ptuh,0.09586920869208691
C2_annotated,Apul-Ptuh,0.017293128813641076
C2_annotated,Apul-Ptuh,0.17726828738875625
C2_annotated,Apul-Ptuh,0.053053927598099515
C2_annotated,Apul-Ptuh,0.10127704218218651
C2_annotated,Apul-Ptuh,0.09806393652171816
C2_annotated,Apul-Ptuh,0.06556508212140945
C2_annotated,Apul-Ptuh,-0.0014983238067674794
C2_annotated,Apul-Ptuh,0.07941417649470613
C2_annotated,Apul-Ptuh,0.058037889202421436
C2_annotated,Apul-Ptuh,-0.0039878928201046715
C2_annotated,Apul-Ptuh,0.08734052046402815
C2_annotated,Apul-Ptuh,0.10322878228782288
C2_annotated,Apul-Ptuh,0.10335721004268866
C2_annotated,Apul-Ptuh,0.14869703108795793
C2_annotated,Apul-Ptuh,0.02621132093673878
C2_annotated,Apul-Ptuh,-0.03792718809541037
C2_annotated,Apul-Ptuh,0.05349829968887924
C2_annotated,Apul-Ptuh,0.04485866917492704
C2_annotated,Apul-Ptuh,0.10265357065335359
C2_annotated,Apul-Ptuh,0.15523599353640594
C2_annotated,Apul-Ptuh,0.06854062658273642
C2_annotated,Apul-Ptuh,0.17802800086824397
C2_annotated,Apul-Ptuh,0.1673926151026216
C2_annotated,Apul-Ptuh,0.001233629983358657
C2_annotated,Apul-Ptuh,0.06967175554108482
C2_annotated,Apul-Ptuh,0.06069748932783445
C2_annotated,Apul-Ptuh,0.017454718664833706
C2_annotated,Apul-Ptuh,0.12174408508790971
C2_annotated,Apul-Ptuh,0.0011009815980512745
C2_annotated,Apul-Ptuh,0.0978510961580204
C2_annotated,Apul-Ptuh,0.12318512891011263
C2_annotated,Apul-Ptuh,0.12822938523502883
C2_annotated,Apul-Ptuh,0.16914779441912065
C2_annotated,Apul-Ptuh,0.08454887490051372
C2_annotated,Apul-Ptuh,0.10106781950172443
C2_annotated,Apul-Ptuh,0.06113161131611316
C2_annotated,Apul-Ptuh,0.09076827532981213
C2_annotated,Apul-Ptuh,0.09149844439620868
C2_annotated,Apul-Ptuh,0.09377336420423027
C2_annotated,Apul-Ptuh,-0.007404794636181656
C2_annotated,Apul-Ptuh,0.015245520102259847
C2_annotated,Apul-Ptuh,0.13965402889323011
C2_annotated,Apul-Ptuh,0.1438758652292405
C2_annotated,Apul-Ptuh,-0.036574777512481005
C2_annotated,Apul-Ptuh,0.10717567469792344
C2_annotated,Apul-Ptuh,0.12969273810385162
C2_annotated,Apul-Ptuh,0.10146516171044062
C2_annotated,Apul-Ptuh,0.020765501772664785
C2_annotated,Apul-Ptuh,0.10589802956853098
C2_annotated,Apul-Ptuh,0.13280093095048595
C2_annotated,Apul-Ptuh,0.05949099196874322
C2_annotated,Apul-Ptuh,0.03524407302896558
C2_annotated,Apul-Ptuh,0.12674131153076237
C2_annotated,Apul-Ptuh,0.10898391336854545
C2_annotated,Apul-Ptuh,0.07164278995731134
C2_annotated,Apul-Ptuh,0.1964968767334732
C2_annotated,Apul-Ptuh,-6.439476159467477e-4
C2_annotated,Apul-Ptuh,0.06545956636036948
C2_annotated,Apul-Ptuh,0.08381448520367556
C2_annotated,Apul-Ptuh,0.14188794829124762
C2_annotated,Apul-Ptuh,0.09038721269565636
C2_annotated,Apul-Ptuh,0.07918324771483008
C2_annotated,Apul-Ptuh,0.08204302631261606
C2_annotated,Apul-Ptuh,0.07584171429949593
C2_annotated,Apul-Ptuh,0.15066685960977258
C2_annotated,Apul-Ptuh,0.03608639027566746
C2_annotated,Apul-Ptuh,0.03196223138701975
C2_annotated,Apul-Ptuh,0.09673865856305622
C2_annotated,Apul-Ptuh,0.011577792248510719
C2_annotated,Apul-Ptuh,0.10424655717145406
C2_annotated,Apul-Ptuh,-0.03404119335311
C2_annotated,Apul-Ptuh,0.09740310638400501
C2_annotated,Apul-Ptuh,0.060911535585944095
C2_annotated,Apul-Ptuh,0.1064370643706437
C2_annotated,Apul-Ptuh,0.11971034416226516
C2_annotated,Apul-Ptuh,0.1428026192026626
C2_annotated,Apul-Ptuh,0.14386079154909195
C2_annotated,Apul-Ptuh,0.07741661240141813
C2_annotated,Apul-Ptuh,0.1461574174565275
C2_annotated,Apul-Ptuh,0.0692147215589803
C2_annotated,Apul-Ptuh,0.08911619998552928
C2_annotated,Apul-Ptuh,0.03477317126112437
C2_annotated,Apul-Ptuh,0.09253430769601813
C2_annotated,Apul-Ptuh,0.10565865952777173
C2_annotated,Apul-Ptuh,0.06436823191761329
C2_annotated,Apul-Ptuh,0.04493343462846393
C2_annotated,Apul-Ptuh,0.0945161951619516
C2_annotated,Apul-Ptuh,0.058527482333646866
C2_annotated,Apul-Ptuh,0.12995321129681883
C2_annotated,Apul-Ptuh,0.07075826640619347
C2_annotated,Apul-Ptuh,0.05094421532450619
C2_annotated,Apul-Ptuh,0.16435798181511224
C2_annotated,Apul-Ptuh,0.14786737573258085
C2_annotated,Apul-Ptuh,0.12542507778018958
C2_annotated,Apul-Ptuh,0.08680510334515108
C2_annotated,Apul-Ptuh,0.13505836528953524
C2_annotated,Apul-Ptuh,0.15251428984878082
C2_annotated,Apul-Ptuh,0.12834273930974605
C2_annotated,Apul-Ptuh,0.043553288474061216
C2_annotated,Apul-Ptuh,0.11316474929455177
C2_annotated,Apul-Ptuh,0.09897679859151533
C2_annotated,Apul-Ptuh,0.11130405421701275
C2_annotated,Apul-Ptuh,0.09977932132262499
C2_annotated,Apul-Ptuh,0.12605214287436992
C2_annotated,Apul-Ptuh,0.02436509659214239
C2_annotated,Apul-Ptuh,0.08095530955309553
C2_annotated,Apul-Ptuh,0.10233521452861587
C2_annotated,Apul-Ptuh,0.13661216023924944
C2_annotated,Apul-Ptuh,-0.010649253551359043
C2_annotated,Apul-Ptuh,0.04997045558690881
C2_annotated,Apul-Ptuh,0.08925909847333767
C2_annotated,Apul-Ptuh,0.16233629983358658
C2_annotated,Apul-Ptuh,0.16262028796758554
C2_annotated,Apul-Ptuh,0.0396582495236717
C2_annotated,Apul-Ptuh,0.09793068518920482
C2_annotated,Apul-Ptuh,0.07287400815184622
C2_annotated,Apul-Ptuh,0.04833043918674481
C2_annotated,Apul-Ptuh,0.07305006873598148
C2_annotated,Apul-Ptuh,-0.05930769601813665
C2_annotated,Apul-Ptuh,0.05531075898994283
C2_annotated,Apul-Ptuh,0.02815823746472759
C2_annotated,Apul-Ptuh,0.023819429370764294
C2_annotated,Apul-Ptuh,-0.06976581530521186
C2_annotated,Apul-Ptuh,0.0903679183850662
C2_annotated,Apul-Ptuh,0.028737066782432527
C2_annotated,Apul-Ptuh,0.26938957624870363
C2_annotated,Apul-Ptuh,0.09995899958999589
C2_annotated,Apul-Ptuh,0.1741944625328606
C2_annotated,Apul-Ptuh,0.055305935412295296
C2_annotated,Apul-Ptuh,0.08570231290548198
C2_annotated,Apul-Ptuh,-0.05239852398523985
C2_annotated,Apul-Ptuh,0.06653944480621277
C2_annotated,Apul-Ptuh,0.01025492607867255
C2_annotated,Apul-Ptuh,0.12535815064032993
C2_annotated,Apul-Ptuh,0.061354098835106
C2_annotated,Apul-Ptuh,0.08065263005571231
C2_annotated,Apul-Ptuh,0.0614318790246726
C2_annotated,Apul-Ptuh,0.0717525263487929
C2_annotated,Apul-Ptuh,0.03134662228975231
C2_annotated,Apul-Ptuh,0.007314955502496201
C2_annotated,Apul-Ptuh,0.13360526252321347
C2_annotated,Apul-Ptuh,0.13389829486530158
C2_annotated,Apul-Ptuh,0.06819091720328968
C2_annotated,Apul-Ptuh,0.14617490292549984
C2_annotated,Apul-Ptuh,0.21127149506789183
C2_annotated,Apul-Ptuh,0.028251694281648698
C2_annotated,Apul-Ptuh,0.09509924511009815
C2_annotated,Apul-Ptuh,0.20044256324916188
C2_annotated,Apul-Ptuh,0.028710537105371053
C2_annotated,Apul-Ptuh,0.034169621107975785
C2_annotated,Apul-Ptuh,0.1252490171960543
C2_annotated,Apul-Ptuh,0.0671562597978921
C2_annotated,Apul-Ptuh,0.1463991992861105
C2_annotated,Apul-Ptuh,0.09294009116561754
C2_annotated,Apul-Ptuh,0.03148831488314883
C2_annotated,Apul-Ptuh,0.010957359573595737
C2_annotated,Apul-Ptuh,0.023261703205267346
C2_annotated,Apul-Ptuh,0.06537997732918505
C2_annotated,Apul-Ptuh,0.10669572872199311
C2_annotated,Apul-Ptuh,0.04446494464944649
C2_annotated,Apul-Ptuh,0.0767461351084099
C2_annotated,Apul-Ptuh,0.02896498082627885
C2_annotated,Apul-Ptuh,0.057506089766780025
C2_annotated,Apul-Ptuh,0.08675626462146974
C2_annotated,Apul-Ptuh,0.06407761136434893
C2_annotated,Apul-Ptuh,-0.023357571811012227
C2_annotated,Apul-Ptuh,0.07490051371101947
C2_annotated,Apul-Ptuh,0.14556954393073343
C2_annotated,Apul-Ptuh,0.09856558859706244
C2_annotated,Apul-Ptuh,0.09024431420784797
C2_annotated,Apul-Ptuh,0.03713793020283144
C2_annotated,Apul-Ptuh,0.10920157730989075
C2_annotated,Apul-Ptuh,0.11387863878638785
C2_annotated,Apul-Ptuh,0.06576646648819429
C2_annotated,Apul-Ptuh,0.0068307888961242555
C2_annotated,Apul-Ptuh,0.08132732797916215
C2_annotated,Apul-Ptuh,0.0923473940621759
C2_annotated,Apul-Ptuh,0.10340182813592842
C2_annotated,Apul-Ptuh,0.07525987024576128
C2_annotated,Apul-Ptuh,0.19800303885391793
C2_annotated,Apul-Ptuh,0.09479113908786146
C2_annotated,Apul-Ptuh,0.01876974652099462
C2_annotated,Apul-Ptuh,0.050085015556037914
C2_annotated,Apul-Ptuh,-0.007155777440127342
C2_annotated,Apul-Ptuh,0.016731784964908472
C2_annotated,Apul-Ptuh,0.068324168535803
C2_annotated,Apul-Ptuh,0.11538238911800883
C2_annotated,Apul-Ptuh,0.14978293900586065
C2_annotated,Apul-Ptuh,0.10552902587849407
C2_annotated,Apul-Ptuh,0.07889684779200733
C2_annotated,Apul-Ptuh,0.0435502737380315
C2_annotated,Apul-Ptuh,0.11735101174541157
C2_annotated,Apul-Ptuh,0.05659021296095313
C2_annotated,Apul-Ptuh,0.1063592841810771
C2_annotated,Apul-Ptuh,0.040539155391553915
C2_annotated,Apul-Ptuh,0.10571413067071847
C2_annotated,Apul-Ptuh,0.20972372959023708
C2_annotated,Apul-Ptuh,0.08494802595084773
C2_annotated,Apul-Ptuh,0.07344801389190363
C2_annotated,Apul-Ptuh,0.06605588114704676
C2_annotated,Apul-Ptuh,0.10182029761474085
C2_annotated,Apul-Ptuh,0.11044123676530883
C2_annotated,Apul-Ptuh,0.09078395195716663
C2_annotated,Apul-Ptuh,0.0501881195282541
C2_annotated,Apul-Ptuh,-0.007853387357402986
C2_annotated,Apul-Ptuh,0.05503400622241516
C2_annotated,Apul-Ptuh,0.017950341268118564
C2_annotated,Apul-Ptuh,0.15531075898994284
C2_annotated,Apul-Ptuh,0.015826761208788558
C2_annotated,Apul-Ptuh,0.17487096929792825
C2_annotated,Apul-Ptuh,0.027500422063044157
C2_annotated,Apul-Ptuh,0.08850782625473312
C2_annotated,Apul-Ptuh,0.05370812531654728
C2_annotated,Apul-Ptuh,0.026151026216144513
C2_annotated,Apul-Ptuh,0.12747328943877673
C2_annotated,Apul-Ptuh,0.02325145310276632
C2_annotated,Apul-Ptuh,0.21410534693582228
C2_annotated,Apul-Ptuh,0.17485770445939752
C2_annotated,Apul-Ptuh,0.15121795335600413
C2_annotated,Apul-Ptuh,0.10190109254033716
C2_annotated,Apul-Ptuh,0.09323312350770567
C2_annotated,Apul-Ptuh,0.08062308564262113
C2_annotated,Apul-Ptuh,0.11717555410848227
C2_annotated,Apul-Ptuh,0.20867821913513251
C2_annotated,Apul-Ptuh,0.14984082193763112
C2_annotated,Apul-Ptuh,0.08917408291729975
C2_annotated,Apul-Ptuh,-0.07417456527506451
C2_annotated,Apul-Ptuh,0.1565033885632974
C2_annotated,Apul-Ptuh,0.03180908279671032
C2_annotated,Apul-Ptuh,0.08422810698695221
C2_annotated,Apul-Ptuh,0.10855099727467861
C2_annotated,Apul-Ptuh,0.11586655572438076
C2_annotated,Apul-Ptuh,0.008988133998987048
C2_annotated,Apul-Ptuh,0.04082193763114102
C2_annotated,Apul-Ptuh,0.08588681475050043
C2_annotated,Apul-Ptuh,0.055390950968333214
C2_annotated,Apul-Ptuh,0.138099028049104
C2_annotated,Apul-Ptuh,0.012182548296071195
C2_annotated,Apul-Ptuh,0.04072787786701396
C2_annotated,Apul-Ptuh,0.0960838578974025
C2_annotated,Apul-Ptuh,0.17568555097315677
C2_annotated,Apul-Ptuh,0.061357113571135706
C2_annotated,Apul-Ptuh,0.07435303764802353
C2_annotated,Apul-Ptuh,0.012935026409087618
C2_annotated,Apul-Ptuh,0.17790620553264355
C2_annotated,Apul-Ptuh,0.14453006294768828
C2_annotated,Apul-Ptuh,-0.012770421821865276
C2_annotated,Apul-Ptuh,0.08410329691532209
C2_annotated,Apul-Ptuh,0.05778585727033741
C2_annotated,Apul-Ptuh,0.11317198466102307
C2_annotated,Apul-Ptuh,0.16609989629308058
C2_annotated,Apul-Ptuh,0.05853110001688251
C2_annotated,Apul-Ptuh,0.038471046475170634
C2_annotated,Apul-Ptuh,0.0756433446687408
C2_annotated,Apul-Ptuh,0.02259966717314232
C2_annotated,Apul-Ptuh,0.15315703157031568
C2_annotated,Apul-Ptuh,0.09414658852470878
C2_annotated,Apul-Ptuh,0.11492897281913994
C2_annotated,Apul-Ptuh,0.1436111714058317
C2_annotated,Apul-Ptuh,0.04484721317801413
C2_annotated,Apul-Ptuh,0.11305863058630586
C2_annotated,Apul-Ptuh,0.19915527096447433
C2_annotated,Apul-Ptuh,0.11383884427079564
C2_annotated,Apul-Ptuh,0.06850324385596797
C2_annotated,Apul-Ptuh,0.0636543424257772
C2_annotated,Apul-Ptuh,-0.021321419096543906
C2_annotated,Apul-Ptuh,0.09991980802160962
C2_annotated,Apul-Ptuh,0.016126425970142053
C2_annotated,Apul-Ptuh,0.04579203144972626
C2_annotated,Apul-Ptuh,0.11020126377734366
C2_annotated,Apul-Ptuh,0.14969852639702866
C2_annotated,Apul-Ptuh,0.10043472493548465
C2_annotated,Apul-Ptuh,0.2281087957938403
C2_annotated,Apul-Ptuh,0.09796324433832573
C2_annotated,Apul-Ptuh,0.031335166292839396
C2_annotated,Apul-Ptuh,0.14330608011962473
C2_annotated,Apul-Ptuh,0.14382823239997106
C2_annotated,Apul-Ptuh,0.10579552854352073
C2_annotated,Apul-Ptuh,0.10349950558329113
C2_annotated,Apul-Ptuh,0.08011178641198177
C2_annotated,Apul-Ptuh,0.1198255070786002
C2_annotated,Apul-Ptuh,0.06075838699563466
C2_annotated,Apul-Ptuh,0.012309167209319152
C2_annotated,Apul-Ptuh,0.15103164266936786
C2_annotated,Apul-Ptuh,-0.02475218869835757
C2_annotated,Apul-Ptuh,0.02390926850444975
C2_annotated,Apul-Ptuh,0.06036767720618383
C2_annotated,Apul-Ptuh,0.06554518486361334
C2_annotated,Apul-Ptuh,-0.03195921665099004
C2_annotated,Apul-Ptuh,0.06544449268022091
C2_annotated,Apul-Ptuh,0.09880556158502761
C2_annotated,Apul-Ptuh,-0.0044202059667655495
C2_annotated,Apul-Ptuh,0.10905445819164072
C2_annotated,Apul-Ptuh,0.06258350818802305
C2_annotated,Apul-Ptuh,0.14274353037648024
C2_annotated,Apul-Ptuh,0.05731314666087837
C2_annotated,Apul-Ptuh,0.10106661360731255
C2_annotated,Apul-Ptuh,0.08572221016327809
C2_annotated,Apul-Ptuh,0.04607421074210742
C2_annotated,Apul-Ptuh,0.12058220582205821
C2_annotated,Apul-Ptuh,0.06685297735330294
C2_annotated,Apul-Ptuh,0.12504461809323975
C2_annotated,Apul-Ptuh,0.14595965077297832
C2_annotated,Apul-Ptuh,0.143954851313219
C2_annotated,Apul-Ptuh,0.1190338373971975
C2_annotated,Apul-Ptuh,0.09026963799049756
C2_annotated,Apul-Ptuh,0.12505185345971107
C2_annotated,Apul-Ptuh,0.05269517401056363
C2_annotated,Apul-Ptuh,0.18860972433253742
C2_annotated,Apul-Ptuh,0.08181933289921134
C2_annotated,Apul-Ptuh,0.17187190989556952
C2_annotated,Apul-Ptuh,0.03285459325181487
C2_annotated,Apul-Ptuh,0.04865663362515978
C2_annotated,Apul-Ptuh,0.08372283722837227
C2_annotated,Apul-Ptuh,0.18278043074548392
C2_annotated,Apul-Ptuh,0.06108940501169717
C2_annotated,Apul-Ptuh,0.06492354629428647
C2_annotated,Apul-Ptuh,0.15302619202662615
C2_annotated,Apul-Ptuh,0.08977160359838893
C2_annotated,Apul-Ptuh,0.06742155656850686
C2_annotated,Apul-Ptuh,-0.04928731640257578
C2_annotated,Apul-Ptuh,0.0795751633986928
C2_annotated,Apul-Ptuh,0.08790126136555482
C2_annotated,Apul-Ptuh,0.04971661481320696
C2_annotated,Apul-Ptuh,-0.006294165882835299
C2_annotated,Apul-Ptuh,0.10334756288739357
C2_annotated,Apul-Ptuh,-0.05838639268745628
C2_annotated,Apul-Ptuh,0.0885482237175313
C2_annotated,Apul-Ptuh,0.04310891638328148
C2_annotated,Apul-Ptuh,0.020507440368521333
C2_annotated,Apul-Ptuh,0.008279068084798495
C2_annotated,Apul-Ptuh,0.06853700889950076
C2_annotated,Apul-Ptuh,0.018019077249596026
C2_annotated,Apul-Ptuh,0.10106118708245906
C2_annotated,Apul-Ptuh,0.10010430986662808
C2_annotated,Apul-Ptuh,0.0518365771893013
C2_annotated,Apul-Ptuh,0.19747123941827652
C2_annotated,Apul-Ptuh,0.19102633673395555
C2_annotated,Apul-Ptuh,0.05934025516725755
C2_annotated,Apul-Ptuh,0.01980319803198032
C2_annotated,Apul-Ptuh,0.12130755131080721
C2_annotated,Apul-Ptuh,0.17353122060632367
C2_annotated,Apul-Ptuh,0.1522622579166968
C2_annotated,Apul-Ptuh,0.06374237271784482
C2_annotated,Apul-Ptuh,0.1332893181872995
C2_annotated,Apul-Ptuh,0.15081639051684634
C2_annotated,Apul-Ptuh,0.08600740419168897
C2_annotated,Apul-Ptuh,0.02846634348696428
C2_annotated,Apul-Ptuh,0.1777922485107204
C2_annotated,Apul-Ptuh,0.040858717410703516
C2_annotated,Apul-Ptuh,0.07017401056363504
C2_annotated,Apul-Ptuh,0.05992451100981598
C2_annotated,Apul-Ptuh,0.059601934254636654
C2_annotated,Apul-Ptuh,0.018252417818295827
C2_annotated,Apul-Ptuh,0.1458818705834117
C2_annotated,Apul-Ptuh,0.08559317946120638
C2_annotated,Apul-Ptuh,0.023016906639654628
C2_annotated,Apul-Ptuh,0.06085184381255577
C2_annotated,Apul-Ptuh,0.03922955406024648
C2_annotated,Apul-Ptuh,0.1527795866193956
C2_annotated,Apul-Ptuh,0.07793454405132286
C2_annotated,Apul-Ptuh,0.14147673829679472
C2_annotated,Apul-Ptuh,-0.05243771555362612
C2_annotated,Apul-Ptuh,0.10794744712153004
C2_annotated,Apul-Ptuh,0.0903142560837373
C2_annotated,Apul-Ptuh,0.09980886573571618
C2_annotated,Apul-Ptuh,0.1406181414755324
C2_annotated,Apul-Ptuh,0.14982574825748257
C2_annotated,Apul-Ptuh,0.07793152931529315
C2_annotated,Apul-Ptuh,0.09954236307068952
C2_annotated,Apul-Ptuh,-0.007601958372524901
C2_annotated,Apul-Ptuh,0.14437389962134917
C2_annotated,Apul-Ptuh,0.04595904782577238
C2_annotated,Apul-Ptuh,0.058631189253069
C2_annotated,Apul-Ptuh,0.10231652316523165
C2_annotated,Apul-Ptuh,0.04571786894339531
C2_annotated,Apul-Ptuh,0.09700877891131851
C2_annotated,Apul-Ptuh,0.12118394713358897
C2_annotated,Apul-Ptuh,0.09277307478957142
C2_annotated,Apul-Ptuh,0.12672864963943756
C2_annotated,Apul-Ptuh,-0.021250874273448617
C2_annotated,Apul-Ptuh,0.12410884402961676
C2_annotated,Apul-Ptuh,0.03727540216578636
C2_annotated,Apul-Ptuh,0.071215300388298
C2_annotated,Apul-Ptuh,0.07717422762462918
C2_annotated,Apul-Ptuh,0.1278688228058751
C2_annotated,Apul-Ptuh,0.0326471794129706
C2_annotated,Apul-Ptuh,-0.01789487012517184
C2_annotated,Apul-Ptuh,0.032740033282685765
C2_annotated,Apul-Ptuh,0.1186322745580397
C2_annotated,Apul-Ptuh,0.12562766804138628
C2_annotated,Apul-Ptuh,0.06725212840363697
C2_annotated,Apul-Ptuh,-0.00500325591491209
C2_annotated,Apul-Ptuh,0.005370450763331162
C2_annotated,Apul-Ptuh,0.11923160408074668
C2_annotated,Apul-Ptuh,0.10097074500156765
C2_annotated,Apul-Ptuh,0.11686503629742179
C2_annotated,Apul-Ptuh,0.1796698261100258
C2_annotated,Apul-Ptuh,0.08521814629911005
C2_annotated,Apul-Ptuh,0.11299712997129971
C2_annotated,Apul-Ptuh,0.1626775679521501
C2_annotated,Apul-Ptuh,0.05783107831078311
C2_annotated,Apul-Ptuh,0.07527795866193955
C2_annotated,Apul-Ptuh,0.16517075464872294
C2_annotated,Apul-Ptuh,0.15748136893133638
C2_annotated,Apul-Ptuh,0.04179509442153245
C2_annotated,Apul-Ptuh,0.07776330704483515
C2_annotated,Apul-Ptuh,0.11418433301980078
C2_annotated,Apul-Ptuh,0.10235993536405952
C2_annotated,Apul-Ptuh,0.010931432843740202
C2_annotated,Apul-Ptuh,-0.03232038202734969
C2_annotated,Apul-Ptuh,0.06982369823698237
C2_annotated,Apul-Ptuh,0.13417926826327087
C2_annotated,Apul-Ptuh,0.010124086534982996
C2_annotated,Apul-Ptuh,0.09661626028024986
C2_annotated,Apul-Ptuh,8.338759858186816e-4
C2_annotated,Apul-Ptuh,0.023710295926488677
C2_annotated,Apul-Ptuh,-0.019673564382702652
C2_annotated,Apul-Ptuh,0.1190042929841063
C2_annotated,Apul-Ptuh,0.02554204953814244
C2_annotated,Apul-Ptuh,0.08977280949280081
C2_annotated,Apul-Ptuh,0.197644888213588
C2_annotated,Apul-Ptuh,0.1327303861273907
C2_annotated,Apul-Ptuh,0.018509273328027397
C2_annotated,Apul-Ptuh,0.1543786026095555
C2_annotated,Apul-Ptuh,0.11813122542990136
C2_annotated,Apul-Ptuh,0.02645551455514555
C2_annotated,Apul-Ptuh,0.09841485179557678
C2_annotated,Apul-Ptuh,0.046828497696741675
C2_annotated,Apul-Ptuh,0.022188457178689433
C2_annotated,Apul-Ptuh,0.07791404384632082
C2_annotated,Apul-Ptuh,0.05770747413356486
C2_annotated,Apul-Ptuh,0.10023937004075922
C2_annotated,Apul-Ptuh,0.09438475267105612
C2_annotated,Apul-Ptuh,0.09410980874514627
C2_annotated,Apul-Ptuh,0.05685490678436196
C2_annotated,Apul-Ptuh,0.005923956298386513
C2_annotated,Apul-Ptuh,0.201703325856788
C2_annotated,Apul-Ptuh,0.09801630369244868
C2_annotated,Apul-Ptuh,0.07025058485878977
C2_annotated,Apul-Ptuh,0.14470310879579382
C2_annotated,Apul-Ptuh,0.0718586450570388
C2_annotated,Apul-Ptuh,0.06808721028386755
C2_annotated,Apul-Ptuh,-0.06162663097219207
C2_annotated,Apul-Ptuh,0.08792176157055687
C2_annotated,Apul-Ptuh,0.09975037985673973
C2_annotated,Apul-Ptuh,-0.0024353037648023536
C2_annotated,Apul-Ptuh,0.2262643802908617
C2_annotated,Apul-Ptuh,0.1052480524805248
C2_annotated,Apul-Ptuh,0.13891783035477415
C2_annotated,Apul-Ptuh,0.06699587584111136
C2_annotated,Apul-Ptuh,0.03575175457636929
C2_annotated,Apul-Ptuh,0.19060306779538383
C2_annotated,Apul-Ptuh,0.04690205725586668
C2_annotated,Apul-Ptuh,0.004702385259146709
C2_annotated,Apul-Ptuh,0.047721462508742735
C2_annotated,Apul-Ptuh,0.10320044376914357
C2_annotated,Apul-Ptuh,0.040153872126956563
C2_annotated,Apul-Ptuh,0.06436823191761329
C2_annotated,Apul-Ptuh,0.06424643658201287
C2_annotated,Apul-Ptuh,0.05546752526348793
C2_annotated,Apul-Ptuh,0.04189216892168921
C2_annotated,Apul-Ptuh,0.11504232689385716
C2_annotated,Apul-Ptuh,0.01606552830234185
C2_annotated,Apul-Ptuh,0.12514832501266188
C2_annotated,Apul-Ptuh,0.11386235921182741
C2_annotated,Apul-Ptuh,0.17244290089959724
C2_annotated,Apul-Ptuh,0.0718061886501218
C2_annotated,Apul-Ptuh,0.14820804090393844
C2_annotated,Apul-Ptuh,-0.04621710922991582
C2_annotated,Apul-Ptuh,0.20387453874538744
C2_annotated,Apul-Ptuh,0.12468465861129199
C2_annotated,Apul-Ptuh,-0.005345729927887514
C2_annotated,Apul-Ptuh,0.017800207413838844
C2_annotated,Apul-Ptuh,0.08672249957793696
C2_annotated,Apul-Ptuh,-0.008633601041892772
C2_annotated,Apul-Ptuh,0.08451993343462846
C2_annotated,Apul-Ptuh,0.10202952029520294
C2_annotated,Apul-Ptuh,0.13209065914188553
C2_annotated,Apul-Ptuh,0.09073752502230903
C2_annotated,Apul-Ptuh,0.18184646552347875
C2_annotated,Apul-Ptuh,0.1457347514651617
C2_annotated,Apul-Ptuh,-0.01768745628632757
C2_annotated,Apul-Ptuh,0.07531895907194366
C2_annotated,Apul-Ptuh,0.197192677809131
C2_annotated,Apul-Ptuh,0.013319103779273086
C2_annotated,Apul-Ptuh,-0.00482116585871741
C2_annotated,Apul-Ptuh,0.1140758025227311
C2_annotated,Apul-Ptuh,-0.024627981573933384
C2_annotated,Apul-Ptuh,0.13235776475411812
C2_annotated,Apul-Ptuh,0.04524214359790656
C2_annotated,Apul-Ptuh,0.04949895087186165
C2_annotated,Apul-Ptuh,-0.04162265152063285
C2_annotated,Apul-Ptuh,0.038171381713817135
C2_annotated,Apul-Ptuh,0.09982936594071823
C2_annotated,Apul-Ptuh,0.10605238405325229
C2_annotated,Apul-Ptuh,-0.024501965607891373
C2_annotated,Apul-Ptuh,0.08169331693316934
C2_annotated,Apul-Ptuh,0.11127571569833346
C2_annotated,Apul-Ptuh,0.11443817379350263
C2_annotated,Apul-Ptuh,0.1426627354508839
C2_annotated,Apul-Ptuh,0.03953102766321781
C2_annotated,Apul-Ptuh,0.09383245303041265
C2_annotated,Apul-Ptuh,0.018805320406145236
C2_annotated,Apul-Ptuh,0.04302148903841979
C2_annotated,Apul-Ptuh,0.09686165979306852
C2_annotated,Apul-Ptuh,0.1390601258953766
C2_annotated,Apul-Ptuh,0.09409051443455611
C2_annotated,Apul-Ptuh,0.1738320912620891
C2_annotated,Apul-Ptuh,0.12827219448665073
C2_annotated,Apul-Ptuh,0.1886157538045969
C2_annotated,Apul-Ptuh,0.09340436051419337
C2_annotated,Apul-Ptuh,0.0787877143477317
C2_annotated,Apul-Ptuh,0.09605732822034102
C2_annotated,Apul-Ptuh,0.14381798229747003
C2_annotated,Apul-Ptuh,0.026231218194534882
C2_annotated,Apul-Ptuh,0.15038347442297953
C2_annotated,Apul-Ptuh,0.17698671104358102
C2_annotated,Apul-Ptuh,0.10648891783035477
C2_annotated,Apul-Ptuh,0.09698345512866892
C2_annotated,Apul-Ptuh,-0.0701734076164291
C2_annotated,Apul-Ptuh,0.15274642452306875
C2_annotated,Apul-Ptuh,0.0021054916431517256
C2_annotated,Apul-Ptuh,0.11557894990714612
C2_annotated,Apul-Ptuh,0.07155114198200806
C2_annotated,Apul-Ptuh,0.07156983334539227
C2_annotated,Apul-Ptuh,0.05218387477992426
C2_annotated,Apul-Ptuh,0.059844921978631546
C2_annotated,Apul-Ptuh,0.18589465306417768
C2_annotated,Apul-Ptuh,-8.477437715553625e-4
C2_annotated,Apul-Ptuh,0.06860092130333068
C2_annotated,Apul-Ptuh,0.1146172491136676
C2_annotated,Apul-Ptuh,-0.033701131128958346
C2_annotated,Apul-Ptuh,0.04189940428816053
C2_annotated,Apul-Ptuh,0.14518787834937172
C2_annotated,Apul-Ptuh,0.02004317101994549
C2_annotated,Apul-Ptuh,0.08432096085666738
C2_annotated,Apul-Ptuh,0.11029652943588258
C2_annotated,Apul-Ptuh,0.14789450835684828
C2_annotated,Apul-Ptuh,0.09275739816221693
C2_annotated,Apul-Ptuh,0.09501061187082459
C2_annotated,Apul-Ptuh,0.01493439934399344
C2_annotated,Apul-Ptuh,0.02623061524732894
C2_annotated,Apul-Ptuh,0.14935183175361166
C2_annotated,Apul-Ptuh,0.10155500084412608
C2_annotated,Apul-Ptuh,0.10655102139256686
C2_annotated,Apul-Ptuh,0.02408713793020283
C2_annotated,Apul-Ptuh,0.03178496490847261
C2_annotated,Apul-Ptuh,0.15529749415141209
C2_annotated,Apul-Ptuh,0.05915213563900344
C2_annotated,Apul-Ptuh,0.05469514989267539
C2_annotated,Apul-Ptuh,0.05078383136772544
C2_annotated,Apul-Ptuh,0.02828666521959337
C2_annotated,Apul-Ptuh,0.05595892723633119
C2_annotated,Apul-Ptuh,0.06296999734703229
C2_annotated,Apul-Ptuh,9.273328027397921e-4
C2_annotated,Apul-Ptuh,0.09383365892482454
C2_annotated,Apul-Ptuh,0.10669572872199311
C2_annotated,Apul-Ptuh,0.11136736367363673
C2_annotated,Apul-Ptuh,0.11967356438270264
C2_annotated,Apul-Ptuh,0.04694848419072426
C2_annotated,Apul-Ptuh,0.018009430094300942
C2_annotated,Apul-Ptuh,0.0023894797771507126
C2_annotated,Apul-Ptuh,0.026550780213684486
C2_annotated,Apul-Ptuh,0.0952680703277621
C2_annotated,Apul-Ptuh,0.16788944360031832
C2_annotated,Apul-Ptuh,0.05863601283071654
C2_annotated,Apul-Ptuh,0.0423075995465837
C2_annotated,Apul-Ptuh,0.07916817403468152
C2_annotated,Apul-Ptuh,0.21066915080915516
C2_annotated,Apul-Ptuh,0.10020681089163833
C2_annotated,Apul-Ptuh,0.06351506162120445
C2_annotated,Apul-Ptuh,0.1373326821503509
C2_annotated,Apul-Ptuh,0.10261859971540892
C2_annotated,Apul-Ptuh,0.13843788437884377
C2_annotated,Apul-Ptuh,0.046760364662470154
C2_annotated,Apul-Ptuh,0.16320032317970237
C2_annotated,Apul-Ptuh,0.16185153028000868
C2_annotated,Apul-Ptuh,0.08374695511660998
C2_annotated,Apul-Ptuh,0.09160034247401297
C2_annotated,Apul-Ptuh,0.020549646672937315
C2_annotated,Apul-Ptuh,0.20632853387357403
C2_annotated,Apul-Ptuh,0.016613607312543712
C2_annotated,Apul-Ptuh,0.1236216626872151
C2_annotated,Apul-Ptuh,0.15853170296408844
C2_annotated,Apul-Ptuh,0.1151008127728336
C2_annotated,Apul-Ptuh,0.07946000048235777
C2_annotated,Apul-Ptuh,0.011920869208692085
C2_annotated,Apul-Ptuh,0.0950021706099414
C2_annotated,Apul-Ptuh,0.12308805440995585
C2_annotated,Apul-Ptuh,0.013469237633552806
C2_annotated,Apul-Ptuh,0.012421918336830427
C2_annotated,Apul-Ptuh,0.0030280008682439766
C2_annotated,Apul-Ptuh,0.02554506427417215
C2_annotated,Apul-Ptuh,0.12905843764319996
C2_annotated,Apul-Ptuh,0.11107975785640209
C2_annotated,Apul-Ptuh,0.1448550514916914
C2_annotated,Apul-Ptuh,0.07122012396594554
C2_annotated,Apul-Ptuh,0.018505052697585796
C2_annotated,Apul-Ptuh,0.15410426163085159
C2_annotated,Apul-Ptuh,0.13255492849046138
C2_annotated,Apul-Ptuh,0.13891722740756818
C2_annotated,Apul-Ptuh,0.10702493789643779
C2_annotated,Apul-Ptuh,0.2246358198876106
C2_annotated,Apul-Ptuh,0.21463352868822805
C2_annotated,Apul-Ptuh,0.07553963774931867
C2_annotated,Apul-Ptuh,0.015569302751851047
C2_annotated,Apul-Ptuh,0.019203265562067383
C2_annotated,Apul-Ptuh,0.07529423823650001
C2_annotated,Apul-Ptuh,0.048420881267636204
C2_annotated,Apul-Ptuh,0.06456117502351494
C2_annotated,Apul-Ptuh,0.13995550249620142
C2_annotated,Apul-Ptuh,0.06903926392205098
C2_annotated,Apul-Ptuh,0.057604973108554614
C2_annotated,Apul-Ptuh,0.08932240792996166
C2_annotated,Apul-Ptuh,0.06486023683766248
C2_annotated,Apul-Ptuh,0.16462026384969733
C2_annotated,Apul-Ptuh,0.11909352917058583
C2_annotated,Apul-Ptuh,0.15353568241564766
C2_annotated,Apul-Ptuh,0.06801968019680196
C2_annotated,Apul-Ptuh,0.10045160745725104
C2_annotated,Apul-Ptuh,0.001856474447097412
C2_annotated,Apul-Ptuh,0.05682415647685888
C2_annotated,Apul-Ptuh,0.004897740153872127
C2_annotated,Apul-Ptuh,0.053131104840460165
C2_annotated,Apul-Ptuh,0.15039915105033402
C2_annotated,Apul-Ptuh,0.09792887634758701
C2_annotated,Apul-Ptuh,0.16078491667269612
C2_annotated,Apul-Ptuh,0.07483539541277764
C2_annotated,Apul-Ptuh,0.11155789499071461
C2_annotated,Apul-Ptuh,0.0733515423389528
C2_annotated,Apul-Ptuh,0.061975737404432865
C2_annotated,Apul-Ptuh,0.10372922846875526
C2_annotated,Apul-Ptuh,0.10432976388587414
C2_annotated,Apul-Ptuh,0.08273400381062633
C2_annotated,Apul-Ptuh,0.04665665774304802
C2_annotated,Apul-Ptuh,0.1895774545980754
C2_annotated,Apul-Ptuh,0.23869775462460505
C2_annotated,Apul-Ptuh,0.05961339025154957
C2_annotated,Apul-Ptuh,0.13824916190338374
C2_annotated,Apul-Ptuh,0.06841883124713599
C2_annotated,Apul-Ptuh,0.07619865904541398
C2_annotated,Apul-Ptuh,0.13223777826013552
C2_annotated,Apul-Ptuh,0.16133480452451582
C2_annotated,Apul-Ptuh,0.12865386006801244
C2_annotated,Apul-Ptuh,0.14008212140944937
C2_annotated,Apul-Ptuh,0.07128102163374575
C2_annotated,Apul-Ptuh,0.20554832018908423
C2_annotated,Apul-Ptuh,0.07603586329980946
C2_annotated,Apul-Ptuh,0.1013065865952777
C2_annotated,Apul-Ptuh,0.10707920314497262
C2_annotated,Apul-Ptuh,0.18818163181631817
C2_annotated,Apul-Ptuh,0.0373296674143212
C2_annotated,Apul-Ptuh,0.1577080770807708
C2_annotated,Apul-Ptuh,0.07761076140173166
C2_annotated,Apul-Ptuh,0.12037599787762583
C2_annotated,Apul-Ptuh,0.21699225815787568
C2_annotated,Apul-Ptuh,0.030851602633673394
C2_annotated,Apul-Ptuh,0.007417456527506451
C2_annotated,Apul-Ptuh,0.154194703711743
C2_annotated,Apul-Ptuh,-0.02025239370040759
C2_annotated,Apul-Ptuh,0.10465535537708318
C2_annotated,Apul-Ptuh,0.03292091744446856
C2_annotated,Apul-Ptuh,0.023830885367677204
C2_annotated,Apul-Ptuh,-0.06301642428188987
C2_annotated,Apul-Ptuh,0.17705665291947034
C2_annotated,Apul-Ptuh,0.13998504690929262
C2_annotated,Apul-Ptuh,0.15825977377420833
C2_annotated,Apul-Ptuh,0.11587740877408774
C2_annotated,Apul-Ptuh,0.17435364059522948
C2_annotated,Apul-Ptuh,0.03260135542531896
C2_annotated,Apul-Ptuh,0.05754106070472469
C2_annotated,Apul-Ptuh,0.1083936280539276
C2_annotated,Apul-Ptuh,0.09298772399488701
C2_annotated,Apul-Ptuh,0.18755336082772592
C2_annotated,Apul-Ptuh,0.06776403058148228
C2_annotated,Apul-Ptuh,0.13785724621952103
C2_annotated,Apul-Ptuh,0.09294190000723537
C2_annotated,Apul-Ptuh,-0.022837831319489663
C2_annotated,Apul-Ptuh,-0.04650471504715047
C2_annotated,Apul-Ptuh,0.1922907170248173
C2_annotated,Apul-Ptuh,-0.025504666811373995
C2_annotated,Apul-Ptuh,0.019713358898294866
C2_annotated,Apul-Ptuh,0.1189560572076309
C2_annotated,Apul-Ptuh,0.1272737139136097
C2_annotated,Apul-Ptuh,0.05343860791549091
C2_annotated,Apul-Ptuh,0.06145057038805681
C2_annotated,Apul-Ptuh,0.19089067361261847
C2_annotated,Apul-Ptuh,0.057415044738682676
C2_annotated,Apul-Ptuh,0.07122193280756337
C2_annotated,Apul-Ptuh,0.0762215710392398
C2_annotated,Apul-Ptuh,0.029904372573137498
C2_annotated,Apul-Ptuh,0.05874394038058027
C2_annotated,Apul-Ptuh,0.08735257940814702
C2_annotated,Apul-Ptuh,0.01448158599233051
C2_annotated,Apul-Ptuh,0.07639039625690375
C2_annotated,Apul-Ptuh,0.04832983623953887
C2_annotated,Apul-Ptuh,0.0676597207148542
C2_annotated,Apul-Ptuh,0.11529737356197091
C2_annotated,Apul-Ptuh,0.026981284518727538
C2_annotated,Apul-Ptuh,0.07648927959867834
C2_annotated,Apul-Ptuh,0.11859308298965342
C2_annotated,Apul-Ptuh,0.03680570629235704
C2_annotated,Apul-Ptuh,0.030293876468176446
C2_annotated,Apul-Ptuh,0.05281696934616405
C2_annotated,Apul-Ptuh,0.051879386440923235
C2_annotated,Apul-Ptuh,0.09880917926826327
C2_annotated,Apul-Ptuh,0.06300677712659479
C2_annotated,Apul-Ptuh,0.23248860429780766
C2_annotated,Apul-Ptuh,0.10726249909557918
C2_annotated,Apul-Ptuh,0.020110098159805127
C2_annotated,Apul-Ptuh,0.1065317270819767
C2_annotated,Apul-Ptuh,0.09958517232231145
C2_annotated,Apul-Ptuh,0.01702722909582037
C2_annotated,Apul-Ptuh,0.05349106432240793
C2_annotated,Apul-Ptuh,-0.018483949545377805
C2_annotated,Apul-Ptuh,0.07447845066685961
C2_annotated,Apul-Ptuh,0.06464619057955286
C2_annotated,Apul-Ptuh,0.003955333670983769
C2_annotated,Apul-Ptuh,0.11526843209608566
C2_annotated,Apul-Ptuh,0.15380821455273375
C2_annotated,Apul-Ptuh,0.016603960157248628
C2_annotated,Apul-Ptuh,0.11477642717603645
C2_annotated,Apul-Ptuh,0.09352615584979379
C2_annotated,Apul-Ptuh,0.07443322962641391
C2_annotated,Apul-Ptuh,0.04584026722620167
C2_annotated,Apul-Ptuh,-0.007761739382099703
C2_annotated,Apul-Ptuh,0.2007506692713986
C2_annotated,Apul-Ptuh,0.13111689940428814
C2_annotated,Apul-Ptuh,0.06736910016158984
C2_annotated,Apul-Ptuh,0.10370330173889974
C2_annotated,Apul-Ptuh,0.027651761811735762
C2_annotated,Apul-Ptuh,0.11194016351928224
C2_annotated,Apul-Ptuh,0.1845205363818344
C2_annotated,Apul-Ptuh,0.0467893061283554
C2_annotated,Apul-Ptuh,0.12501627957456043
C2_annotated,Apul-Ptuh,0.06738236500012058
C2_annotated,Apul-Ptuh,-0.014710705930588718
C2_annotated,Apul-Ptuh,0.08720304850107323
C2_annotated,Apul-Ptuh,0.11382618237947084
C2_annotated,Apul-Ptuh,-0.010980271567421556
C2_annotated,Apul-Ptuh,0.0802848322600873
C2_annotated,Apul-Ptuh,0.008243494199647879
C2_annotated,Apul-Ptuh,0.06598473337674553
C2_annotated,Apul-Ptuh,0.15803005088874417
C2_annotated,Apul-Ptuh,0.05866314545498396
C2_annotated,Apul-Ptuh,0.04525902611967296
C2_annotated,Apul-Ptuh,-0.027390082724356654
C2_annotated,Apul-Ptuh,0.04887670935532885
C2_annotated,Apul-Ptuh,0.07029037937438197
C2_annotated,Apul-Ptuh,0.1492577719894846
C2_annotated,Apul-Ptuh,0.014705882352941175
C2_annotated,Apul-Ptuh,0.13273943033547983
C2_annotated,Apul-Ptuh,0.044421532450618625
C2_annotated,Apul-Ptuh,0.09255119021778452
C2_annotated,Apul-Ptuh,0.038934712876540524
C2_annotated,Apul-Ptuh,0.14617249113667607
C2_annotated,Apul-Ptuh,0.09570279526324674
C2_annotated,Apul-Ptuh,0.11045148686780985
C2_annotated,Apul-Ptuh,0.11986650748860428
C2_annotated,Apul-Ptuh,-0.03854098835105998
C2_annotated,Apul-Ptuh,0.0010702312905481997
C2_annotated,Apul-Ptuh,0.12169162868099268
C2_annotated,Apul-Ptuh,0.1352163374574922
C2_annotated,Apul-Ptuh,0.09088946771820659
C2_annotated,Apul-Ptuh,0.04046861056845862
C2_annotated,Apul-Ptuh,-0.028608639027566742
C2_annotated,Apul-Ptuh,0.11335286882280587
C2_annotated,Apul-Ptuh,-0.032085232617032056
C2_annotated,Apul-Ptuh,0.07840122518872247
C2_annotated,Apul-Ptuh,0.103521814629911
C2_annotated,Apul-Ptuh,-0.027205580879338206
C2_annotated,Apul-Ptuh,0.02487458698116393
C2_annotated,Apul-Ptuh,0.03326761208788558
C2_annotated,Apul-Ptuh,0.07782782239587101
C2_annotated,Apul-Ptuh,0.08707703253503123
C2_annotated,Apul-Ptuh,0.11596483611894942
C2_annotated,Apul-Ptuh,0.07148843547259001
C2_annotated,Apul-Ptuh,0.051515206328533875
C2_annotated,Apul-Ptuh,0.10326134143694377
C2_annotated,Apul-Ptuh,0.12320261437908495
C2_annotated,Apul-Ptuh,0.08633178978848612
C2_annotated,Apul-Ptuh,0.011380628512167474
C2_annotated,Apul-Ptuh,0.07795685309794274
C2_annotated,Apul-Ptuh,0.16651351807635723
C2_annotated,Apul-Ptuh,0.13001230012300122
C2_annotated,Apul-Ptuh,0.06955056315269034
C2_annotated,Apul-Ptuh,0.060218749246315983
C2_annotated,Apul-Ptuh,0.13689132479560087
C2_annotated,Apul-Ptuh,0.017097170971709718
C2_annotated,Apul-Ptuh,0.17571750717507176
C2_annotated,Apul-Ptuh,0.04862829510648047
C2_annotated,Apul-Ptuh,0.12558606468417624
C2_annotated,Apul-Ptuh,0.02399609290210549
C2_annotated,Apul-Ptuh,0.10981296577671659
C2_annotated,Apul-Ptuh,0.061162361623616233
C2_annotated,Apul-Ptuh,0.1255697851096158
C2_annotated,Apul-Ptuh,0.23565287123459466
C2_annotated,Apul-Ptuh,0.1866622048573427
C2_annotated,Apul-Ptuh,0.04628222752815763
C2_annotated,Apul-Ptuh,0.10806984540433638
C2_annotated,Apul-Ptuh,0.0602669850227914
C2_annotated,Apul-Ptuh,0.07883956780744278
C2_annotated,Apul-Ptuh,-0.017885222969876758
C2_annotated,Apul-Ptuh,0.06241468297035912
C2_annotated,Apul-Ptuh,0.04890625376842003
C2_annotated,Apul-Ptuh,0.07138894918360948
C2_annotated,Apul-Ptuh,0.1777078359018884
C2_annotated,Apul-Ptuh,0.15191496032607385
C2_annotated,Apul-Ptuh,0.13788437884378843
C2_annotated,Apul-Ptuh,0.0764139111979355
C2_annotated,Apul-Ptuh,0.04362081856112679
C2_annotated,Apul-Ptuh,-0.004342425777198948
C2_annotated,Apul-Ptuh,0.04573535441236765
C2_annotated,Apul-Ptuh,0.14294612063767695
C2_annotated,Apul-Ptuh,0.019726623736825603
C2_annotated,Apul-Ptuh,-0.020647927067505966
C2_annotated,Apul-Ptuh,0.04445590044135735
C2_annotated,Apul-Ptuh,0.15868183681836817
C2_annotated,Apul-Ptuh,0.06525516725755492
C2_annotated,Apul-Ptuh,0.06275293635289293
C2_annotated,Apul-Ptuh,0.07841750476328292
C2_annotated,Apul-Ptuh,0.09835274823336468
C2_annotated,Apul-Ptuh,0.20093275932759327
C2_annotated,Apul-Ptuh,0.11415840628994524
C2_annotated,Apul-Ptuh,0.053152207992668156
C2_annotated,Apul-Ptuh,0.04894544533680631
C2_annotated,Apul-Ptuh,0.12200636712249475
C2_annotated,Apul-Ptuh,0.007983623953886597
C2_annotated,Apul-Ptuh,0.010042688662180738
C2_annotated,Apul-Ptuh,0.15406084943202372
C2_annotated,Apul-Ptuh,0.14182705062344741
C2_annotated,Apul-Ptuh,0.21374297566505077
C2_annotated,Apul-Ptuh,0.0028694257530810603
C2_annotated,Apul-Ptuh,0.12212454477485951
C2_annotated,Apul-Ptuh,-0.07720377203772037
C2_annotated,Apul-Ptuh,0.04753515182210645
C2_annotated,Apul-Ptuh,0.04888153293297638
C2_annotated,Apul-Ptuh,0.15898813399898704
C2_annotated,Apul-Ptuh,0.05361768323565588
C2_annotated,Apul-Ptuh,0.040434242577719895
C2_annotated,Apul-Ptuh,0.12057376456117501
C2_annotated,Apul-Ptuh,0.17644526445264452
C2_annotated,Apul-Ptuh,0.08708848853194413
C2_annotated,Apul-Ptuh,0.11794250295444131
C2_annotated,Apul-Ptuh,0.17384354725900197
C2_annotated,Apul-Ptuh,0.11368328389166245
C2_annotated,Apul-Ptuh,0.11728830523599353
C2_annotated,Apul-Ptuh,0.1466240985939271
C2_annotated,Apul-Ptuh,0.0983346598171864
C2_annotated,Apul-Ptuh,0.11371704893519523
C2_annotated,Apul-Ptuh,0.17807563369751345
C2_annotated,Apul-Ptuh,0.12607987844584329
C2_annotated,Apul-Ptuh,0.09512517183995368
C2_annotated,Apul-Ptuh,0.20174372331958615
C2_annotated,Apul-Ptuh,0.05421701275836287
C2_annotated,Apul-Ptuh,0.1578256517859296
C2_annotated,Apul-Ptuh,-0.010846417287702288
C2_annotated,Apul-Ptuh,0.13667667559028532
C2_annotated,Apul-Ptuh,0.08262185563032101
C2_annotated,Apul-Ptuh,0.04406097002146492
C2_annotated,Apul-Ptuh,0.09563948580662278
C2_annotated,Apul-Ptuh,0.21401611074934276
C2_annotated,Apul-Ptuh,0.06882099703349975
C2_annotated,Apul-Ptuh,0.03211296818850541
C2_annotated,Apul-Ptuh,0.1133136772544196
C2_annotated,Apul-Ptuh,0.08993198755516967
C2_annotated,Apul-Ptuh,0.06900610182572414
C2_annotated,Apul-Ptuh,0.02647842654897137
C2_annotated,Apul-Ptuh,0.040430021947278294
C2_annotated,Apul-Ptuh,0.03827207389720955
C2_annotated,Apul-Ptuh,0.04148517955767793
C2_annotated,Apul-Ptuh,0.11391662446036224
C2_annotated,Apul-Ptuh,0.08619009719508959
C2_annotated,Apul-Ptuh,0.19245773340086342
C2_annotated,Apul-Ptuh,0.1089760750548682
C2_annotated,Apul-Ptuh,-0.013608518438125557
C2_annotated,Apul-Ptuh,0.12491799917999179
C2_annotated,Apul-Ptuh,0.14510889226539325
C2_annotated,Apul-Ptuh,0.051725031956201914
C2_annotated,Apul-Ptuh,0.03472855316788462
C2_annotated,Apul-Ptuh,0.05027494392590984
C2_annotated,Apul-Ptuh,0.04507392132744857
C2_annotated,Apul-Ptuh,0.11428743699201697
C2_annotated,Apul-Ptuh,0.08274726864915707
C2_annotated,Apul-Ptuh,0.047951185394206876
C2_annotated,Apul-Ptuh,-0.02810638400501652
C2_annotated,Apul-Ptuh,0.09393374816101101
C2_annotated,Apul-Ptuh,0.06525938788799653
C2_annotated,Apul-Ptuh,0.08535019173721149
C2_annotated,Apul-Ptuh,0.14185900682536237
C2_annotated,Apul-Ptuh,0.09927163977522127
C2_annotated,Apul-Ptuh,-0.012944673564382702
C2_annotated,Apul-Ptuh,0.0038552444347972887
C2_annotated,Apul-Ptuh,0.07107059305887176
C2_annotated,Apul-Ptuh,0.057222704579986974
C2_annotated,Apul-Ptuh,0.1283083713190073
C2_annotated,Apul-Ptuh,0.13495224658128935
C2_annotated,Apul-Ptuh,0.0404173600559535
C2_annotated,Apul-Ptuh,0.05321009092443865
C2_annotated,Apul-Ptuh,0.1939825868846924
C2_annotated,Apul-Ptuh,0.15106721655451846
C2_annotated,Apul-Ptuh,0.16122265634421049
C2_annotated,Apul-Ptuh,0.116347707594723
C2_annotated,Apul-Ptuh,0.1675210428574874
C2_annotated,Apul-Ptuh,0.043142078479608326
C2_annotated,Apul-Ptuh,0.10052516701637604
C2_annotated,Apul-Ptuh,0.11595338012203651
C2_annotated,Apul-Ptuh,-0.046910498516749874
C2_annotated,Apul-Ptuh,0.08154921255094903
C2_annotated,Apul-Ptuh,0.1252984588669416
C2_annotated,Apul-Ptuh,0.058739116802932735
C2_annotated,Apul-Ptuh,0.04802353905892
C2_annotated,Apul-Ptuh,0.1496044666329016
C2_annotated,Apul-Ptuh,0.12973735619709137
C2_annotated,Apul-Ptuh,0.08571316595518896
C2_annotated,Apul-Ptuh,0.11732026143790848
C2_annotated,Apul-Ptuh,0.06579179027084388
C2_annotated,Apul-Ptuh,0.07809854569133927
C2_annotated,Apul-Ptuh,0.1388129175409401
C2_annotated,Apul-Ptuh,0.06632720738972095
C2_annotated,Apul-Ptuh,0.0673853797361503
C2_annotated,Apul-Ptuh,-0.040621759158768055
C2_annotated,Apul-Ptuh,0.01772423606589007
C2_annotated,Apul-Ptuh,0.07397016617224995
C2_annotated,Apul-Ptuh,0.06316354340013988
C2_annotated,Apul-Ptuh,0.11758857294455297
C2_annotated,Apul-Ptuh,0.0024250536623013287
C2_annotated,Apul-Ptuh,0.07294033234449991
C2_annotated,Apul-Ptuh,0.07882389118008827
C2_annotated,Apul-Ptuh,0.05574910160866314
C2_annotated,Apul-Ptuh,0.06423377469068808
C2_annotated,Apul-Ptuh,0.012007693606347826
C2_annotated,Apul-Ptuh,0.1420392880399392
C2_annotated,Apul-Ptuh,0.14631538962448448
C2_annotated,Apul-Ptuh,0.13847828184164193
C2_annotated,Apul-Ptuh,0.08120673853797361
C2_annotated,Apul-Ptuh,0.1138593444757977
C2_annotated,Apul-Ptuh,0.1564919325663845
C2_annotated,Apul-Ptuh,0.04662470154113305
C2_annotated,Apul-Ptuh,0.05705086462629332
C2_annotated,Apul-Ptuh,0.09261932325205605
C2_annotated,Apul-Ptuh,0.1305549526083496
C2_annotated,Apul-Ptuh,0.12970117936473483
C2_annotated,Apul-Ptuh,0.165338373971975
C2_annotated,Apul-Ptuh,0.14407122012396595
C2_annotated,Apul-Ptuh,0.030852808528085276
C2_annotated,Apul-Ptuh,0.041963316691990445
C2_annotated,Apul-Ptuh,0.07503497093794467
C2_annotated,Apul-Ptuh,0.01686805103345151
C2_annotated,Apul-Ptuh,0.134493403757567
C2_annotated,Apul-Ptuh,-0.01028869112220534
C2_annotated,Apul-Ptuh,0.1439283216361575
C2_annotated,Apul-Ptuh,-0.0022526107614017315
C2_annotated,Apul-Ptuh,-0.001329498589103538
C2_annotated,Apul-Ptuh,0.09675734992644044
C2_annotated,Apul-Ptuh,0.0672497166148132
C2_annotated,Apul-Ptuh,0.051898077804307455
C2_annotated,Apul-Ptuh,0.09682789474953572
C2_annotated,Apul-Ptuh,0.048334659817186404
C2_annotated,Peve-Ptuh,0.06784598573860487
C2_annotated,Peve-Ptuh,0.09343910626445519
C2_annotated,Peve-Ptuh,0.07699654663064698
C2_annotated,Peve-Ptuh,0.05000124891989597
C2_annotated,Peve-Ptuh,0.07122780679928926
C2_annotated,Peve-Ptuh,0.18722071293428014
C2_annotated,Peve-Ptuh,0.12065201239097881
C2_annotated,Peve-Ptuh,0.08773895118670676
C2_annotated,Peve-Ptuh,0.07653931493991849
C2_annotated,Peve-Ptuh,0.2388989014161905
C2_annotated,Peve-Ptuh,0.12927252321191715
C2_annotated,Peve-Ptuh,0.09613931341581286
C2_annotated,Peve-Ptuh,0.050299296244222684
C2_annotated,Peve-Ptuh,0.12114226637048214
C2_annotated,Peve-Ptuh,0.10936262325675127
C2_annotated,Peve-Ptuh,0.18269157902000854
C2_annotated,Peve-Ptuh,0.12465194295949984
C2_annotated,Peve-Ptuh,0.12051145598234748
C2_annotated,Peve-Ptuh,0.07268586785750121
C2_annotated,Peve-Ptuh,0.19136882043961134
C2_annotated,Peve-Ptuh,0.21917866794014162
C2_annotated,Peve-Ptuh,0.14217746432005202
C2_annotated,Peve-Ptuh,0.19363719766083654
C2_annotated,Peve-Ptuh,0.27016423508313364
C2_annotated,Peve-Ptuh,0.03570005770433282
C2_annotated,Peve-Ptuh,0.06609580443353862
C2_annotated,Peve-Ptuh,0.1456541186202949
C2_annotated,Peve-Ptuh,0.07203812296230251
C2_annotated,Peve-Ptuh,0.0901436511897973
C2_annotated,Peve-Ptuh,0.017316803560988143
C2_annotated,Peve-Ptuh,0.20210953154496472
C2_annotated,Peve-Ptuh,0.16705764209850718
C2_annotated,Peve-Ptuh,0.1670982849154608
C2_annotated,Peve-Ptuh,0.041997154156087894
C2_annotated,Peve-Ptuh,0.07811507082222535
C2_annotated,Peve-Ptuh,0.1363198183266082
C2_annotated,Peve-Ptuh,0.14198525766487544
C2_annotated,Peve-Ptuh,0.11519402076424584
C2_annotated,Peve-Ptuh,0.1792377863043021
C2_annotated,Peve-Ptuh,0.12156901594849538
C2_annotated,Peve-Ptuh,0.0996726983147202
C2_annotated,Peve-Ptuh,0.11342690495211556
C2_annotated,Peve-Ptuh,0.04457458613123142
C2_annotated,Peve-Ptuh,0.04779637610016083
C2_annotated,Peve-Ptuh,0.11175377565419059
C2_annotated,Peve-Ptuh,0.11342859840282196
C2_annotated,Peve-Ptuh,0.08028776807853887
C2_annotated,Peve-Ptuh,0.03899297260293111
C2_annotated,Peve-Ptuh,0.1711617198854719
C2_annotated,Peve-Ptuh,0.1604743524773702
C2_annotated,Peve-Ptuh,0.18654671955313223
C2_annotated,Peve-Ptuh,0.13975159618313146
C2_annotated,Peve-Ptuh,0.1044922590251397
C2_annotated,Peve-Ptuh,0.19498772459919197
C2_annotated,Peve-Ptuh,0.1457413313316746
C2_annotated,Peve-Ptuh,0.018070389125336945
C2_annotated,Peve-Ptuh,0.07300847021707074
C2_annotated,Peve-Ptuh,0.07461047458532684
C2_annotated,Peve-Ptuh,0.0679662207387594
C2_annotated,Peve-Ptuh,0.07650713937649685
C2_annotated,Peve-Ptuh,0.22186956111261408
C2_annotated,Peve-Ptuh,0.030530799423041346
C2_annotated,Peve-Ptuh,0.15596130634480943
C2_annotated,Peve-Ptuh,0.10340675712233614
C2_annotated,Peve-Ptuh,0.07210332081449898
C2_annotated,Peve-Ptuh,0.0844900660064749
C2_annotated,Peve-Ptuh,0.07934536276042625
C2_annotated,Peve-Ptuh,0.043368002502920146
C2_annotated,Peve-Ptuh,0.08894976844178404
C2_annotated,Peve-Ptuh,0.0038301621352042573
C2_annotated,Peve-Ptuh,0.1367651958623919
C2_annotated,Peve-Ptuh,0.11305688597276677
C2_annotated,Peve-Ptuh,0.1691405864673814
C2_annotated,Peve-Ptuh,0.04111486633805255
C2_annotated,Peve-Ptuh,0.1269558826455595
C2_annotated,Peve-Ptuh,0.21434217272265804
C2_annotated,Peve-Ptuh,0.12240812077351748
C2_annotated,Peve-Ptuh,-0.008223819992963713
C2_annotated,Peve-Ptuh,0.08581180428282151
C2_annotated,Peve-Ptuh,0.11499673375695003
C2_annotated,Peve-Ptuh,0.1158129769974357
C2_annotated,Peve-Ptuh,0.028500352026065594
C2_annotated,Peve-Ptuh,0.1926558429764767
C2_annotated,Peve-Ptuh,0.04732136317701513
C2_annotated,Peve-Ptuh,0.1325349559978002
C2_annotated,Peve-Ptuh,0.22407189375628958
C2_annotated,Peve-Ptuh,0.1550747849000081
C2_annotated,Peve-Ptuh,0.06136260970914561
C2_annotated,Peve-Ptuh,0.18715974870884966
C2_annotated,Peve-Ptuh,0.12550544211552636
C2_annotated,Peve-Ptuh,-0.006829263336241835
C2_annotated,Peve-Ptuh,0.28035796161031923
C2_annotated,Peve-Ptuh,0.09226808510097835
C2_annotated,Peve-Ptuh,0.04661519423244558
C2_annotated,Peve-Ptuh,0.048188409938692854
C2_annotated,Peve-Ptuh,0.11196799716855044
C2_annotated,Peve-Ptuh,0.2092711345823379
C2_annotated,Peve-Ptuh,-0.02564434740971897
C2_annotated,Peve-Ptuh,0.13181354599687303
C2_annotated,Peve-Ptuh,0.18125468609562662
C2_annotated,Peve-Ptuh,0.03334192759566832
C2_annotated,Peve-Ptuh,0.08576269421233586
C2_annotated,Peve-Ptuh,0.06868339711292057
C2_annotated,Peve-Ptuh,0.11535066495458801
C2_annotated,Peve-Ptuh,0.09431123337825212
C2_annotated,Peve-Ptuh,0.056519340688836475
C2_annotated,Peve-Ptuh,0.14471933383036112
C2_annotated,Peve-Ptuh,0.01990608969107649
C2_annotated,Peve-Ptuh,0.09289381513699381
C2_annotated,Peve-Ptuh,0.08795994650389219
C2_annotated,Peve-Ptuh,0.18016664401676347
C2_annotated,Peve-Ptuh,0.13324874547054857
C2_annotated,Peve-Ptuh,0.11626089470927897
C2_annotated,Peve-Ptuh,0.11681719326633196
C2_annotated,Peve-Ptuh,0.0809990173752276
C2_annotated,Peve-Ptuh,0.1746129724251188
C2_annotated,Peve-Ptuh,0.126287816341884
C2_annotated,Peve-Ptuh,0.11459030558741361
C2_annotated,Peve-Ptuh,0.08026575321935563
C2_annotated,Peve-Ptuh,0.23239181707684156
C2_annotated,Peve-Ptuh,0.17192885305547193
C2_annotated,Peve-Ptuh,0.08840532403967585
C2_annotated,Peve-Ptuh,0.08459421322491861
C2_annotated,Peve-Ptuh,0.11356915481145331
C2_annotated,Peve-Ptuh,0.1650940860044343
C2_annotated,Peve-Ptuh,0.013005278062489177
C2_annotated,Peve-Ptuh,0.12992026810711585
C2_annotated,Peve-Ptuh,0.19310714758973277
C2_annotated,Peve-Ptuh,0.11232192836618839
C2_annotated,Peve-Ptuh,0.1499859655272707
C2_annotated,Peve-Ptuh,0.1179010017184291
C2_annotated,Peve-Ptuh,0.0014745722025993621
C2_annotated,Peve-Ptuh,0.06870964559886979
C2_annotated,Peve-Ptuh,0.1656715526953173
C2_annotated,Peve-Ptuh,0.13267889930784435
C2_annotated,Peve-Ptuh,0.13604124568540513
C2_annotated,Peve-Ptuh,0.12542246303091267
C2_annotated,Peve-Ptuh,0.17455624182645432
C2_annotated,Peve-Ptuh,0.14849488218028392
C2_annotated,Peve-Ptuh,0.16580956892788906
C2_annotated,Peve-Ptuh,0.12578401475672946
C2_annotated,Peve-Ptuh,0.11440825963647541
C2_annotated,Peve-Ptuh,0.04376596341892457
C2_annotated,Peve-Ptuh,0.17016258396869488
C2_annotated,Peve-Ptuh,0.14385228706868342
C2_annotated,Peve-Ptuh,0.06510344231958717
C2_annotated,Peve-Ptuh,0.18029026591833078
C2_annotated,Peve-Ptuh,0.1763445257724146
C2_annotated,Peve-Ptuh,-0.05554052618053624
C2_annotated,Peve-Ptuh,0.03896079703950948
C2_annotated,Peve-Ptuh,0.19683951294664234
C2_annotated,Peve-Ptuh,0.20287920489102432
C2_annotated,Peve-Ptuh,0.12227941851983096
C2_annotated,Peve-Ptuh,0.09804783236192767
C2_annotated,Peve-Ptuh,0.06950641415623184
C2_annotated,Peve-Ptuh,0.10419421170081297
C2_annotated,Peve-Ptuh,0.06941835471949895
C2_annotated,Peve-Ptuh,0.11503144949643127
C2_annotated,Peve-Ptuh,0.13012094201582444
C2_annotated,Peve-Ptuh,0.18103961785591358
C2_annotated,Peve-Ptuh,0.07474764409254539
C2_annotated,Peve-Ptuh,0.0527708875502161
C2_annotated,Peve-Ptuh,0.039903202357622077
C2_annotated,Peve-Ptuh,0.09934670905373785
C2_annotated,Peve-Ptuh,0.11486803150326348
C2_annotated,Peve-Ptuh,0.15389275630693963
C2_annotated,Peve-Ptuh,0.006855511822191063
C2_annotated,Peve-Ptuh,0.1735071491138384
C2_annotated,Peve-Ptuh,0.10004525747012859
C2_annotated,Peve-Ptuh,0.2315535589771727
C2_annotated,Peve-Ptuh,0.14840597601819783
C2_annotated,Peve-Ptuh,0.08834774671565819
C2_annotated,Peve-Ptuh,0.09257713985489667
C2_annotated,Peve-Ptuh,0.17354017140261324
C2_annotated,Peve-Ptuh,0.2404331677561905
C2_annotated,Peve-Ptuh,0.10855061364303159
C2_annotated,Peve-Ptuh,0.1059088305410448
C2_annotated,Peve-Ptuh,0.16942085255929087
C2_annotated,Peve-Ptuh,0.17362569066328654
C2_annotated,Peve-Ptuh,0.0916575961213205
C2_annotated,Peve-Ptuh,0.09652542017687246
C2_annotated,Peve-Ptuh,0.2059443506696116
C2_annotated,Peve-Ptuh,0.06200188735081229
C2_annotated,Peve-Ptuh,0.1463010167901404
C2_annotated,Peve-Ptuh,0.16777481847266834
C2_annotated,Peve-Ptuh,0.18364583849306595
C2_annotated,Peve-Ptuh,0.10639400416842891
C2_annotated,Peve-Ptuh,0.1066691899082192
C2_annotated,Peve-Ptuh,0.16744036195815398
C2_annotated,Peve-Ptuh,0.10993670304622147
C2_annotated,Peve-Ptuh,0.12861715778853966
C2_annotated,Peve-Ptuh,0.14700633900935672
C2_annotated,Peve-Ptuh,0.06488414045310814
C2_annotated,Peve-Ptuh,0.22479330375721676
C2_annotated,Peve-Ptuh,0.14328074745527278
C2_annotated,Peve-Ptuh,0.1686875884034189
C2_annotated,Peve-Ptuh,0.15335339225695066
C2_annotated,Peve-Ptuh,0.03168403935410097
C2_annotated,Peve-Ptuh,0.25359974699846444
C2_annotated,Peve-Ptuh,0.07134634834873739
C2_annotated,Peve-Ptuh,0.09898515732792106
C2_annotated,Peve-Ptuh,0.20028822531022958
C2_annotated,Peve-Ptuh,0.11868252921943354
C2_annotated,Peve-Ptuh,0.1905830593118409
C2_annotated,Peve-Ptuh,0.015632666833471563
C2_annotated,Peve-Ptuh,0.19997747710560485
C2_annotated,Peve-Ptuh,0.14409445051969885
C2_annotated,Peve-Ptuh,0.12166723608946671
C2_annotated,Peve-Ptuh,0.15940239818021787
C2_annotated,Peve-Ptuh,0.10790879582530533
C2_annotated,Peve-Ptuh,0.11348024864936722
C2_annotated,Peve-Ptuh,0.1694259329114101
C2_annotated,Peve-Ptuh,0.14352291090628824
C2_annotated,Peve-Ptuh,0.02703975079179405
C2_annotated,Peve-Ptuh,0.07394325500700454
C2_annotated,Peve-Ptuh,0.11001714195477555
C2_annotated,Peve-Ptuh,0.06615507520826269
C2_annotated,Peve-Ptuh,0.02757064758825101
C2_annotated,Peve-Ptuh,0.07733100314516132
C2_annotated,Peve-Ptuh,0.11683751467480878
C2_annotated,Peve-Ptuh,0.1053508385332854
C2_annotated,Peve-Ptuh,0.07956043100013928
C2_annotated,Peve-Ptuh,0.15486649046312068
C2_annotated,Peve-Ptuh,0.04960244127853835
C2_annotated,Peve-Ptuh,0.0019961550201711147
C2_annotated,Peve-Ptuh,-0.020384489515634995
C2_annotated,Peve-Ptuh,0.10353630610137589
C2_annotated,Peve-Ptuh,0.04638149803496214
C2_annotated,Peve-Ptuh,0.20311205436315458
C2_annotated,Peve-Ptuh,0.11048707452580205
C2_annotated,Peve-Ptuh,0.10151263250722575
C2_annotated,Peve-Ptuh,0.08392699364659631
C2_annotated,Peve-Ptuh,0.07694404965874851
C2_annotated,Peve-Ptuh,0.1882850467032537
C2_annotated,Peve-Ptuh,0.06729222735761149
C2_annotated,Peve-Ptuh,0.04629259187287604
C2_annotated,Peve-Ptuh,0.03259257565808553
C2_annotated,Peve-Ptuh,0.1251718323263652
C2_annotated,Peve-Ptuh,0.07075279387614355
C2_annotated,Peve-Ptuh,0.15029671373189543
C2_annotated,Peve-Ptuh,0.16596960001964403
C2_annotated,Peve-Ptuh,0.0583372600221588
C2_annotated,Peve-Ptuh,0.1527285089462884
C2_annotated,Peve-Ptuh,0.06473172988953198
C2_annotated,Peve-Ptuh,0.06791880411898016
C2_annotated,Peve-Ptuh,0.06055314027148555
C2_annotated,Peve-Ptuh,0.10485804437772248
C2_annotated,Peve-Ptuh,0.10267772659323018
C2_annotated,Peve-Ptuh,0.04909440606661781
C2_annotated,Peve-Ptuh,0.19148228163694025
C2_annotated,Peve-Ptuh,0.0020791341047848026
C2_annotated,Peve-Ptuh,0.1298804720155154
C2_annotated,Peve-Ptuh,0.15739227219171892
C2_annotated,Peve-Ptuh,0.19714348734844145
C2_annotated,Peve-Ptuh,0.1461418324237386
C2_annotated,Peve-Ptuh,0.14030281438806524
C2_annotated,Peve-Ptuh,0.06869186436645257
C2_annotated,Peve-Ptuh,0.16713977445776768
C2_annotated,Peve-Ptuh,-0.04376088306680536
C2_annotated,Peve-Ptuh,0.08021325624745718
C2_annotated,Peve-Ptuh,0.05312312529714768
C2_annotated,Peve-Ptuh,0.05395968994611017
C2_annotated,Peve-Ptuh,0.0763665829678655
C2_annotated,Peve-Ptuh,0.07260881585035991
C2_annotated,Peve-Ptuh,0.18197270919514097
C2_annotated,Peve-Ptuh,0.1143108862208573
C2_annotated,Peve-Ptuh,0.11308821481083521
C2_annotated,Peve-Ptuh,0.10286739307234717
C2_annotated,Peve-Ptuh,0.06016449333436634
C2_annotated,Peve-Ptuh,0.13904542723856192
C2_annotated,Peve-Ptuh,0.047345918212257955
C2_annotated,Peve-Ptuh,0.14974888242837445
C2_annotated,Peve-Ptuh,0.15804425071368364
C2_annotated,Peve-Ptuh,0.10569291557597858
C2_annotated,Peve-Ptuh,0.053491450825790064
C2_annotated,Peve-Ptuh,0.14412747280847368
C2_annotated,Peve-Ptuh,0.1392122321331425
C2_annotated,Peve-Ptuh,0.2713284824437849
C2_annotated,Peve-Ptuh,0.11124235354085726
C2_annotated,Peve-Ptuh,0.15484193542787783
C2_annotated,Peve-Ptuh,0.12930893240210478
C2_annotated,Peve-Ptuh,0.14993685545678503
C2_annotated,Peve-Ptuh,0.026477525157268648
C2_annotated,Peve-Ptuh,0.004743778791308026
C2_annotated,Peve-Ptuh,0.12839531574600102
C2_annotated,Peve-Ptuh,0.10909675149584619
C2_annotated,Peve-Ptuh,0.08814622608159638
C2_annotated,Peve-Ptuh,0.09866086151764512
C2_annotated,Peve-Ptuh,0.15484786250535026
C2_annotated,Peve-Ptuh,0.04601401923167295
C2_annotated,Peve-Ptuh,0.0033009587894536974
C2_annotated,Peve-Ptuh,0.14297931322953328
C2_annotated,Peve-Ptuh,0.15221115975548263
C2_annotated,Peve-Ptuh,0.0589968590723023
C2_annotated,Peve-Ptuh,0.14087096710006305
C2_annotated,Peve-Ptuh,0.1554591982103613
C2_annotated,Peve-Ptuh,0.07133195401773297
C2_annotated,Peve-Ptuh,0.23664153162455692
C2_annotated,Peve-Ptuh,0.07348009623880364
C2_annotated,Peve-Ptuh,0.0769288086023909
C2_annotated,Peve-Ptuh,0.09132567978286575
C2_annotated,Peve-Ptuh,0.07820313025895825
C2_annotated,Peve-Ptuh,0.2357744848628792
C2_annotated,Peve-Ptuh,0.17513540196804375
C2_annotated,Peve-Ptuh,0.17722850704115636
C2_annotated,Peve-Ptuh,0.2366584661316209
C2_annotated,Peve-Ptuh,0.18791333427319848
C2_annotated,Peve-Ptuh,0.10149315782410212
C2_annotated,Peve-Ptuh,0.07947237156340639
C2_annotated,Peve-Ptuh,0.09897669007438906
C2_annotated,Peve-Ptuh,0.12721752077969858
C2_annotated,Peve-Ptuh,0.2550840565426256
C2_annotated,Peve-Ptuh,0.10978852610941132
C2_annotated,Peve-Ptuh,0.11316865371938928
C2_annotated,Peve-Ptuh,0.05492919047552519
C2_annotated,Peve-Ptuh,0.1018555562752721
C2_annotated,Peve-Ptuh,0.1071365823031861
C2_annotated,Peve-Ptuh,0.09720026028337359
C2_annotated,Peve-Ptuh,0.022453886278857988
C2_annotated,Peve-Ptuh,0.1345264540285287
C2_annotated,Peve-Ptuh,0.1489521138710124
C2_annotated,Peve-Ptuh,0.11124743389297645
C2_annotated,Peve-Ptuh,0.12226671763953292
C2_annotated,Peve-Ptuh,0.068149960140404
C2_annotated,Peve-Ptuh,0.15508579232959968
C2_annotated,Peve-Ptuh,0.07924375571804214
C2_annotated,Peve-Ptuh,0.13939427808408067
C2_annotated,Peve-Ptuh,0.09224691696714833
C2_annotated,Peve-Ptuh,0.24478194917023036
C2_annotated,Peve-Ptuh,0.08591087114914601
C2_annotated,Peve-Ptuh,0.08806155354627629
C2_annotated,Peve-Ptuh,0.06719062031522738
C2_annotated,Peve-Ptuh,0.14391663819552666
C2_annotated,Peve-Ptuh,0.14889622999770113
C2_annotated,Peve-Ptuh,0.14055767871937871
C2_annotated,Peve-Ptuh,0.10170907278916835
C2_annotated,Peve-Ptuh,0.06656235010315233
C2_annotated,Peve-Ptuh,0.10879955089687267
C2_annotated,Peve-Ptuh,0.09711389429734708
C2_annotated,Peve-Ptuh,0.18127924113086943
C2_annotated,Peve-Ptuh,0.06006034611592263
C2_annotated,Peve-Ptuh,0.11758009280956595
C2_annotated,Peve-Ptuh,0.06529226207335097
C2_annotated,Peve-Ptuh,0.12329718239437842
C2_annotated,Peve-Ptuh,0.0648468845375673
C2_annotated,Peve-Ptuh,0.16371053677730402
C2_annotated,Peve-Ptuh,0.20273610830633337
C2_annotated,Peve-Ptuh,0.08049775596613268
C2_annotated,Peve-Ptuh,0.07499827479709285
C2_annotated,Peve-Ptuh,0.1513034701768513
C2_annotated,Peve-Ptuh,0.12971366712093482
C2_annotated,Peve-Ptuh,0.09922139370146411
C2_annotated,Peve-Ptuh,0.08773471755994074
C2_annotated,Peve-Ptuh,0.1621618761062996
C2_annotated,Peve-Ptuh,0.09872182574307559
C2_annotated,Peve-Ptuh,0.04010472299168389
C2_annotated,Peve-Ptuh,0.06454714376253419
C2_annotated,Peve-Ptuh,0.1600035731809905
C2_annotated,Peve-Ptuh,0.15242961489660847
C2_annotated,Peve-Ptuh,0.11887473587461013
C2_annotated,Peve-Ptuh,0.08746799907368247
C2_annotated,Peve-Ptuh,0.03792017158042557
C2_annotated,Peve-Ptuh,0.08630967879050364
C2_annotated,Peve-Ptuh,0.1351665783955486
C2_annotated,Peve-Ptuh,0.13665173466506297
C2_annotated,Peve-Ptuh,0.08910048555465379
C2_annotated,Peve-Ptuh,0.08001681596551458
C2_annotated,Peve-Ptuh,0.11303402438823035
C2_annotated,Peve-Ptuh,-5.372472366059691e-4
C2_annotated,Peve-Ptuh,0.1187468803462768
C2_annotated,Peve-Ptuh,0.20971397194206198
C2_annotated,Peve-Ptuh,0.13875415371706082
C2_annotated,Peve-Ptuh,0.09339168964467595
C2_annotated,Peve-Ptuh,0.14399115002660837
C2_annotated,Peve-Ptuh,0.12972467455052641
C2_annotated,Peve-Ptuh,0.1375280954056259
C2_annotated,Peve-Ptuh,0.053219651987412575
C2_annotated,Peve-Ptuh,0.2426939244492369
C2_annotated,Peve-Ptuh,0.0059918519619261475
C2_annotated,Peve-Ptuh,0.002651520443548609
C2_annotated,Peve-Ptuh,0.013776644859255194
C2_annotated,Peve-Ptuh,0.05772423086644135
C2_annotated,Peve-Ptuh,0.05963783016467539
C2_annotated,Peve-Ptuh,0.09373630686342871
C2_annotated,Peve-Ptuh,-0.07996685916967572
C2_annotated,Peve-Ptuh,0.08908270432223657
C2_annotated,Peve-Ptuh,0.09771845619953251
C2_annotated,Peve-Ptuh,0.12956887708553746
C2_annotated,Peve-Ptuh,0.17725814242851837
C2_annotated,Peve-Ptuh,0.063989998480128
C2_annotated,Peve-Ptuh,0.13920122470355087
C2_annotated,Peve-Ptuh,0.18673977293366203
C2_annotated,Peve-Ptuh,0.10936008308069164
C2_annotated,Peve-Ptuh,0.07251652278686102
C2_annotated,Peve-Ptuh,0.0313334950578758
C2_annotated,Peve-Ptuh,0.061829155378759305
C2_annotated,Peve-Ptuh,0.13217086409592382
C2_annotated,Peve-Ptuh,0.028389431004796274
C2_annotated,Peve-Ptuh,0.1382986154770387
C2_annotated,Peve-Ptuh,0.1313283723694889
C2_annotated,Peve-Ptuh,0.10964373607401395
C2_annotated,Peve-Ptuh,0.09462198158287684
C2_annotated,Peve-Ptuh,0.15939139075062628
C2_annotated,Peve-Ptuh,0.027944053469012606
C2_annotated,Peve-Ptuh,0.13359420941465452
C2_annotated,Peve-Ptuh,0.04242136355804154
C2_annotated,Peve-Ptuh,0.07695082346157413
C2_annotated,Peve-Ptuh,0.18224789493493126
C2_annotated,Peve-Ptuh,0.13333595818192825
C2_annotated,Peve-Ptuh,0.05109606480158473
C2_annotated,Peve-Ptuh,0.13590068927677376
C2_annotated,Peve-Ptuh,0.062443877985183145
C2_annotated,Peve-Ptuh,0.17627594101880534
C2_annotated,Peve-Ptuh,0.16409410336230404
C2_annotated,Peve-Ptuh,0.12859429620400323
C2_annotated,Peve-Ptuh,0.10265909863545976
C2_annotated,Peve-Ptuh,0.06733964397739074
C2_annotated,Peve-Ptuh,0.026394546072654963
C2_annotated,Peve-Ptuh,0.17050635446209444
C2_annotated,Peve-Ptuh,0.09237561922083486
C2_annotated,Peve-Ptuh,0.14511136766889313
C2_annotated,Peve-Ptuh,0.06585025408111037
C2_annotated,Peve-Ptuh,0.08606836206484138
C2_annotated,Peve-Ptuh,0.26557752384484434
C2_annotated,Peve-Ptuh,0.120079626052215
C2_annotated,Peve-Ptuh,0.1178087086549302
C2_annotated,Peve-Ptuh,0.10546853335738032
C2_annotated,Peve-Ptuh,0.13162980659522844
C2_annotated,Peve-Ptuh,0.11204758935175131
C2_annotated,Peve-Ptuh,0.20505105542198462
C2_annotated,Peve-Ptuh,0.1727222347114212
C2_annotated,Peve-Ptuh,0.10877922948839584
C2_annotated,Peve-Ptuh,0.2028224742923599
C2_annotated,Peve-Ptuh,0.1204284768977338
C2_annotated,Peve-Ptuh,0.1163989109418507
C2_annotated,Peve-Ptuh,0.04039599651318499
C2_annotated,Peve-Ptuh,0.013128053238703308
C2_annotated,Peve-Ptuh,0.1378176754764206
C2_annotated,Peve-Ptuh,0.13862291128731466
C2_annotated,Peve-Ptuh,-7.684032580298141e-4
C2_annotated,Peve-Ptuh,0.098546553594963
C2_annotated,Peve-Ptuh,0.11937345710764545
C2_annotated,Peve-Ptuh,0.09790812267864953
C2_annotated,Peve-Ptuh,0.13780328114541618
C2_annotated,Peve-Ptuh,0.07614389419997367
C2_annotated,Peve-Ptuh,0.09070079647220348
C2_annotated,Peve-Ptuh,0.12382977264154178
C2_annotated,Peve-Ptuh,0.052578680895039503
C2_annotated,Peve-Ptuh,0.08430463315412391
C2_annotated,Peve-Ptuh,0.1392190059359681
C2_annotated,Peve-Ptuh,0.09039428189434477
C2_annotated,Peve-Ptuh,0.060049338686331014
C2_annotated,Peve-Ptuh,0.11369785706513984
C2_annotated,Peve-Ptuh,0.22341483488220568
C2_annotated,Peve-Ptuh,0.087348610798881135
C2_annotated,Peve-Ptuh,0.19147889473552746
C2_annotated,Peve-Ptuh,0.1856771326153949
C2_annotated,Peve-Ptuh,0.13222928814529467
C2_annotated,Peve-Ptuh,0.15136697457834136
C2_annotated,Peve-Ptuh,0.11473170872139815
C2_annotated,Peve-Ptuh,0.08784055822909086
C2_annotated,Peve-Ptuh,0.10089536972474229
C2_annotated,Peve-Ptuh,0.08650611907244625
C2_annotated,Peve-Ptuh,0.12798211377363897
C2_annotated,Peve-Ptuh,0.12634285348984206
C2_annotated,Peve-Ptuh,0.14952026658301018
C2_annotated,Peve-Ptuh,0.07188655912407955
C2_annotated,Peve-Ptuh,0.055917318962710634
C2_annotated,Peve-Ptuh,0.14203775463677387
C2_annotated,Peve-Ptuh,0.10620095078789911
C2_annotated,Peve-Ptuh,0.10251769550147521
C2_annotated,Peve-Ptuh,0.13573811800895919
C2_annotated,Peve-Ptuh,0.07186454426489633
C2_annotated,Peve-Ptuh,0.13713606156709388
C2_annotated,Peve-Ptuh,0.04922056814424475
C2_annotated,Peve-Ptuh,0.06599335066580131
C2_annotated,Peve-Ptuh,0.233358777430197
C2_annotated,Peve-Ptuh,0.2024914046792583
C2_annotated,Peve-Ptuh,0.22721832516878412
C2_annotated,Peve-Ptuh,0.19291917456132218
C2_annotated,Peve-Ptuh,0.2596885490133321
C2_annotated,Peve-Ptuh,0.11229906678165197
C2_annotated,Peve-Ptuh,0.18369833546496442
C2_annotated,Peve-Ptuh,-0.08850947125811956
C2_annotated,Peve-Ptuh,0.15565479176695068
C2_annotated,Peve-Ptuh,0.17421501150911436
C2_annotated,Peve-Ptuh,0.08025305233905762
C2_annotated,Peve-Ptuh,0.091748195734113
C2_annotated,Peve-Ptuh,0.07917940459119888
C2_annotated,Peve-Ptuh,0.10871826526296538
C2_annotated,Peve-Ptuh,0.045861608668096784
C2_annotated,Peve-Ptuh,0.1605607184633967
C2_annotated,Peve-Ptuh,0.18737651039926909
C2_annotated,Peve-Ptuh,0.11698992523838493
C2_annotated,Peve-Ptuh,0.0567276351257239
C2_annotated,Peve-Ptuh,0.16627188097073675
C2_annotated,Peve-Ptuh,0.07380862567584559
C2_annotated,Peve-Ptuh,0.14417065580148694
C2_annotated,Peve-Ptuh,0.17733942806242567
C2_annotated,Peve-Ptuh,0.17009653939114522
C2_annotated,Peve-Ptuh,0.13135462085543817
C2_annotated,Peve-Ptuh,-0.0031527818526435403
C2_annotated,Peve-Ptuh,0.06912369429658502
C2_annotated,Peve-Ptuh,0.015070441198946165
C2_annotated,Peve-Ptuh,0.08558149498675087
C2_annotated,Peve-Ptuh,0.04881922032682752
C2_annotated,Peve-Ptuh,0.19085824505163118
C2_annotated,Peve-Ptuh,0.1316010179332196
C2_annotated,Peve-Ptuh,0.15666154821190656
C2_annotated,Peve-Ptuh,0.2093481865894792
C2_annotated,Peve-Ptuh,0.18808775969595784
C2_annotated,Peve-Ptuh,0.15639059609888228
C2_annotated,Peve-Ptuh,0.15796211835442314
C2_annotated,Peve-Ptuh,0.12588900870052636
C2_annotated,Peve-Ptuh,0.16927436907318713
C2_annotated,Peve-Ptuh,0.12125572756781107
C2_annotated,Peve-Ptuh,0.04320119760833957
C2_annotated,Peve-Ptuh,0.11212125445747977
C2_annotated,Peve-Ptuh,0.13131228458777813
C2_annotated,Peve-Ptuh,0.11594167925112223
C2_annotated,Peve-Ptuh,0.20469458404828705
C2_annotated,Peve-Ptuh,0.15681988585295514
C2_annotated,Peve-Ptuh,0.19059237329072612
C2_annotated,Peve-Ptuh,0.14662615932576956
C2_annotated,Peve-Ptuh,0.06517626069996245
C2_annotated,Peve-Ptuh,0.0716545563773025
C2_annotated,Peve-Ptuh,0.1621517154020612
C2_annotated,Peve-Ptuh,0.16332019638947842
C2_annotated,Peve-Ptuh,0.10150839888045973
C2_annotated,Peve-Ptuh,0.19215966191950096
C2_annotated,Peve-Ptuh,0.0780532598714417
C2_annotated,Peve-Ptuh,0.045097015674156374
C2_annotated,Peve-Ptuh,0.13265688444866114
C2_annotated,Peve-Ptuh,0.15156256813493077
C2_annotated,Peve-Ptuh,-0.011860505384961565
C2_annotated,Peve-Ptuh,0.018951830218019078
C2_annotated,Peve-Ptuh,0.09913248753937802
C2_annotated,Peve-Ptuh,0.1290447540919061
C2_annotated,Peve-Ptuh,0.01098583809510504
C2_annotated,Peve-Ptuh,0.09780905581232502
C2_annotated,Peve-Ptuh,0.027667174278515914
C2_annotated,Peve-Ptuh,0.04193110957853822
C2_annotated,Peve-Ptuh,0.148006321651487
C2_annotated,Peve-Ptuh,0.029190433188924326
C2_annotated,Peve-Ptuh,0.11434306178427894
C2_annotated,Peve-Ptuh,0.09755757838242435
C2_annotated,Peve-Ptuh,0.05411294723503953
C2_annotated,Peve-Ptuh,0.013359209260127153
C2_annotated,Peve-Ptuh,0.12136580186372718
C2_annotated,Peve-Ptuh,0.15279709369989766
C2_annotated,Peve-Ptuh,0.06798908232329583
C2_annotated,Peve-Ptuh,0.20126788654388303
C2_annotated,Peve-Ptuh,0.0764563358553048
C2_annotated,Peve-Ptuh,0.06666311042018322
C2_annotated,Peve-Ptuh,0.05767850769736851
C2_annotated,Peve-Ptuh,0.09498522675940002
C2_annotated,Peve-Ptuh,0.15070737552819788
C2_annotated,Peve-Ptuh,0.04485993257526012
C2_annotated,Peve-Ptuh,0.07977719269055872
C2_annotated,Peve-Ptuh,0.1443129056608247
C2_annotated,Peve-Ptuh,-0.012508250280160251
C2_annotated,Peve-Ptuh,0.06431683446646354
C2_annotated,Peve-Ptuh,0.15250158655163054
C2_annotated,Peve-Ptuh,0.09924340856064734
C2_annotated,Peve-Ptuh,0.1424238613978335
C2_annotated,Peve-Ptuh,0.07917263078837328
C2_annotated,Peve-Ptuh,0.11027369973679542
C2_annotated,Peve-Ptuh,0.1500994267245996
C2_annotated,Peve-Ptuh,0.0756104572274571
C2_annotated,Peve-Ptuh,0.10255071779025005
C2_annotated,Peve-Ptuh,0.16433033973584707
C2_annotated,Peve-Ptuh,0.06880955919054749
C2_annotated,Peve-Ptuh,0.016409960707709986
C2_annotated,Peve-Ptuh,0.10205961708539352
C2_annotated,Peve-Ptuh,0.2495549399862238
C2_annotated,Peve-Ptuh,0.18662715846168632
C2_annotated,Peve-Ptuh,0.14663208640324193
C2_annotated,Peve-Ptuh,0.08805139284203788
C2_annotated,Peve-Ptuh,0.056836862696286815
C2_annotated,Peve-Ptuh,0.09499284728757884
C2_annotated,Peve-Ptuh,0.10168197757786591
C2_annotated,Peve-Ptuh,0.1328008277587053
C2_annotated,Peve-Ptuh,0.10701380712697196
C2_annotated,Peve-Ptuh,0.08788458794745731
C2_annotated,Peve-Ptuh,0.09713760260723671
C2_annotated,Peve-Ptuh,0.07025745954452103
C2_annotated,Peve-Ptuh,0.14845508608868346
C2_annotated,Peve-Ptuh,0.11736587129520615
C2_annotated,Peve-Ptuh,0.13480841357114462
C2_annotated,Peve-Ptuh,0.1195986860515969
C2_annotated,Peve-Ptuh,0.2256298684061792
C2_annotated,Peve-Ptuh,0.15382671172938997
C2_annotated,Peve-Ptuh,0.09135870207164058
C2_annotated,Peve-Ptuh,0.13890741100599016
C2_annotated,Peve-Ptuh,0.13724613586301
C2_annotated,Peve-Ptuh,0.12011180161563664
C2_annotated,Peve-Ptuh,0.1644412607571164
C2_annotated,Peve-Ptuh,0.11227620519711554
C2_annotated,Peve-Ptuh,0.11318643495180651
C2_annotated,Peve-Ptuh,0.11103829273073584
C2_annotated,Peve-Ptuh,0.0945821854912764
C2_annotated,Peve-Ptuh,0.10003425004053697
C2_annotated,Peve-Ptuh,0.08047489438159626
C2_annotated,Peve-Ptuh,0.005198470305976907
C2_annotated,Peve-Ptuh,0.11031857618051506
C2_annotated,Peve-Ptuh,0.09429599232189449
C2_annotated,Peve-Ptuh,0.0349261507315072
C2_annotated,Peve-Ptuh,0.1408506456915862
C2_annotated,Peve-Ptuh,0.038953176511330664
C2_annotated,Peve-Ptuh,0.05253295772596665
C2_annotated,Peve-Ptuh,0.13097190099579134
C2_annotated,Peve-Ptuh,0.125335250319533
C2_annotated,Peve-Ptuh,0.056186577625028516
C2_annotated,Peve-Ptuh,0.1775629635556707
C2_annotated,Peve-Ptuh,0.18325211120382756
C2_annotated,Peve-Ptuh,0.08340964445579056
C2_annotated,Peve-Ptuh,0.13702006019370536
C2_annotated,Peve-Ptuh,0.08869490411047057
C2_annotated,Peve-Ptuh,0.03207691991798618
C2_annotated,Peve-Ptuh,0.11591119713840699
C2_annotated,Peve-Ptuh,0.16686204854191777
C2_annotated,Peve-Ptuh,0.077207381243594
C2_annotated,Peve-Ptuh,0.05592409276553625
C2_annotated,Peve-Ptuh,-0.04100225186607684
C2_annotated,Peve-Ptuh,0.08286181315226959
C2_annotated,Peve-Ptuh,0.12229042594942256
C2_annotated,Peve-Ptuh,0.136086968854478
C2_annotated,Peve-Ptuh,0.08934688263243526
C2_annotated,Peve-Ptuh,0.17636315373018505
C2_annotated,Peve-Ptuh,0.004537177805127007
C2_annotated,Peve-Ptuh,0.0726917949349736
C2_annotated,Peve-Ptuh,0.13084912581957722
C2_annotated,Peve-Ptuh,0.015142412853968243
C2_annotated,Peve-Ptuh,0.08274327160282145
C2_annotated,Peve-Ptuh,0.20637194697297803
C2_annotated,Peve-Ptuh,0.16990687291202822
C2_annotated,Peve-Ptuh,0.07597624258003989
C2_annotated,Peve-Ptuh,0.14754993668611172
C2_annotated,Peve-Ptuh,0.07858161649183905
C2_annotated,Peve-Ptuh,0.014373586233261829
C2_annotated,Peve-Ptuh,0.08358152970249035
C2_annotated,Peve-Ptuh,0.22646304615372892
C2_annotated,Peve-Ptuh,0.06522875767186091
C2_annotated,Peve-Ptuh,0.06700688091358278
C2_annotated,Peve-Ptuh,0.11587732812427895
C2_annotated,Peve-Ptuh,0.09094804027533815
C2_annotated,Peve-Ptuh,0.2225046051275147
C2_annotated,Peve-Ptuh,0.11672659365353948
C2_annotated,Peve-Ptuh,0.10747357899376006
C2_annotated,Peve-Ptuh,0.1304460845514536
C2_annotated,Peve-Ptuh,0.1400750452680542
C2_annotated,Peve-Ptuh,0.13485583019092387
C2_annotated,Peve-Ptuh,0.11435491593922374
C2_annotated,Peve-Ptuh,0.09403774108916822
C2_annotated,Peve-Ptuh,0.1401639514301403
C2_annotated,Peve-Ptuh,0.1329125955053278
C2_annotated,Peve-Ptuh,0.11263437002151953
C2_annotated,Peve-Ptuh,0.05395291614328456
C2_annotated,Peve-Ptuh,0.10522636990636487
C2_annotated,Peve-Ptuh,0.17102370365290018
C2_annotated,Peve-Ptuh,0.1665953300556595
C2_annotated,Peve-Ptuh,0.10630848490775563
C2_annotated,Peve-Ptuh,0.13898954336525066
C2_annotated,Peve-Ptuh,0.056900367097776884
C2_annotated,Peve-Ptuh,0.10200373321208225
C2_annotated,Peve-Ptuh,0.05344657438207042
C2_annotated,Peve-Ptuh,0.15621109032400368
C2_annotated,Peve-Ptuh,0.10734572346542673
C2_annotated,Peve-Ptuh,0.09947456458207118
C2_annotated,Peve-Ptuh,0.08358830350531596
C2_annotated,Peve-Ptuh,0.033700092420072304
C2_annotated,Peve-Ptuh,0.050344172687942335
C2_annotated,Peve-Ptuh,0.07567226817824077
C2_annotated,Peve-Ptuh,0.04074654080941017
C2_annotated,Peve-Ptuh,0.10929319177778878
C2_annotated,Peve-Ptuh,0.038138626721551404
C2_annotated,Peve-Ptuh,0.2449191186774489
C2_annotated,Peve-Ptuh,0.1336458596611998
C2_annotated,Peve-Ptuh,0.18835786508362895
C2_annotated,Peve-Ptuh,0.18952126571892697
C2_annotated,Peve-Ptuh,0.07278070109705971
C2_annotated,Peve-Ptuh,0.16004336927259097
C2_annotated,Peve-Ptuh,0.05484705811626471
C2_annotated,Peve-Ptuh,0.11774943788020614
C2_annotated,Peve-Ptuh,0.0605980167152052
C2_annotated,Peve-Ptuh,0.17165451404103485
C2_annotated,Peve-Ptuh,0.12502026848814224
C2_annotated,Peve-Ptuh,0.1410216842129328
C2_annotated,Peve-Ptuh,0.1675563633315425
C2_annotated,Peve-Ptuh,0.1193226535864534
C2_annotated,Peve-Ptuh,0.07033366482630911
C2_annotated,Peve-Ptuh,0.030881343719266516
C2_annotated,Peve-Ptuh,0.05770306273261133
C2_annotated,Peve-Ptuh,0.1758669726732093
C2_annotated,Peve-Ptuh,0.0922079676009011
C2_annotated,Peve-Ptuh,0.06949201982522742
C2_annotated,Peve-Ptuh,0.0987429938769056
C2_annotated,Peve-Ptuh,0.09349075651100044
C2_annotated,Peve-Ptuh,0.08746291872156325
C2_annotated,Peve-Ptuh,0.14579975538104545
C2_annotated,Peve-Ptuh,0.08034195850114371
C2_annotated,Peve-Ptuh,0.13720464632070314
C2_annotated,Peve-Ptuh,0.12383908662042699
C2_annotated,Peve-Ptuh,-0.035788117141065716
C2_annotated,Peve-Ptuh,0.1558588525770721
C2_annotated,Peve-Ptuh,0.22511590611678628
C2_annotated,Peve-Ptuh,0.15352951113041644
C2_annotated,Peve-Ptuh,0.16096206628081391
C2_annotated,Peve-Ptuh,0.14115038646661932
C2_annotated,Peve-Ptuh,0.06581469161627593
C2_annotated,Peve-Ptuh,0.1178188693591686
C2_annotated,Peve-Ptuh,0.1466769628469616
C2_annotated,Peve-Ptuh,0.15284197014361733
C2_annotated,Peve-Ptuh,0.013343121478416337
C2_annotated,Peve-Ptuh,0.02854607519513844
C2_annotated,Peve-Ptuh,0.07544619250893614
C2_annotated,Peve-Ptuh,0.005441480482345565
C2_annotated,Peve-Ptuh,0.14921713890656427
C2_annotated,Peve-Ptuh,0.09950419996943322
C2_annotated,Peve-Ptuh,0.08757976682030498
C2_annotated,Peve-Ptuh,0.13991332072559282
C2_annotated,Peve-Ptuh,0.16191971265528415
C2_annotated,Peve-Ptuh,0.10907981698878215
C2_annotated,Peve-Ptuh,0.09981918180082394
C2_annotated,Peve-Ptuh,0.07370193828134228
C2_annotated,Peve-Ptuh,0.11141085188614423
C2_annotated,Peve-Ptuh,0.18609202803846334
C2_annotated,Peve-Ptuh,0.10069808271744647
C2_annotated,Peve-Ptuh,0.16642259808360652
C2_annotated,Peve-Ptuh,0.10427295715866067
C2_annotated,Peve-Ptuh,0.14612574464202782
C2_annotated,Peve-Ptuh,0.15975378920179623
C2_annotated,Peve-Ptuh,0.16299420712849608
C2_annotated,Peve-Ptuh,0.09086421446537125
C2_annotated,Peve-Ptuh,0.08735284442564714
C2_annotated,Peve-Ptuh,0.09157038340994081
C2_annotated,Peve-Ptuh,0.13682531336246914
C2_annotated,Peve-Ptuh,0.06070978446182772
C2_annotated,Peve-Ptuh,0.14477775787973196
C2_annotated,Peve-Ptuh,0.15615944007745844
C2_annotated,Peve-Ptuh,0.13477115765560377
C2_annotated,Peve-Ptuh,0.17041998847606796
C2_annotated,Peve-Ptuh,0.07884664152739093
C2_annotated,Peve-Ptuh,0.22734702742247068
C2_annotated,Peve-Ptuh,0.1559189700771494
C2_annotated,Peve-Ptuh,0.09635946200764509
C2_annotated,Peve-Ptuh,0.13052652346000768
C2_annotated,Peve-Ptuh,0.02927341227353801
C2_annotated,Peve-Ptuh,0.07808882233627612
C2_annotated,Peve-Ptuh,0.09017413330251253
C2_annotated,Peve-Ptuh,0.1622592495219177
C2_annotated,Peve-Ptuh,0.07559860307251229
C2_annotated,Peve-Ptuh,0.1844451472264876
C2_annotated,Peve-Ptuh,0.0577767278383398
C2_annotated,Peve-Ptuh,0.17072650305392667
C2_annotated,Peve-Ptuh,0.10281150919903592
C2_annotated,Peve-Ptuh,0.03658149879701496
C2_annotated,Peve-Ptuh,0.08983628988658537
C2_annotated,Peve-Ptuh,-0.021522488390337
C2_annotated,Peve-Ptuh,0.1496091727450963
C2_annotated,Peve-Ptuh,0.11577233418048205
C2_annotated,Peve-Ptuh,0.16738109118342992
C2_annotated,Peve-Ptuh,0.19078119304448993
C2_annotated,Peve-Ptuh,0.11155564192154158
C2_annotated,Peve-Ptuh,0.08073991941714814
C2_annotated,Peve-Ptuh,0.07998210022603333
C2_annotated,Peve-Ptuh,0.06432360826928914
C2_annotated,Peve-Ptuh,0.15379453616596833
C2_annotated,Peve-Ptuh,0.023034739871153804
C2_annotated,Peve-Ptuh,0.0057327540038466735
C2_annotated,Peve-Ptuh,0.05622552699127577
C2_annotated,Peve-Ptuh,0.09523670418930069
C2_annotated,Peve-Ptuh,0.10275139169895867
C2_annotated,Peve-Ptuh,0.25019421762789046
C2_annotated,Peve-Ptuh,0.18931127783133317
C2_annotated,Peve-Ptuh,0.0673980680267616
C2_annotated,Peve-Ptuh,0.13040120810773395
C2_annotated,Peve-Ptuh,0.004777647805436062
C2_annotated,Peve-Ptuh,0.19696736847497565
C2_annotated,Peve-Ptuh,0.11442180724212661
C2_annotated,Peve-Ptuh,0.12755536419562574
C2_annotated,Peve-Ptuh,0.12531238873499656
C2_annotated,Peve-Ptuh,0.1599697041668625
C2_annotated,Peve-Ptuh,0.09823072503821907
C2_annotated,Peve-Ptuh,0.1529105548972266
C2_annotated,Peve-Ptuh,0.12277475285145348
C2_annotated,Peve-Ptuh,0.14207162365090192
C2_annotated,Peve-Ptuh,0.12561551641144247
C2_annotated,Peve-Ptuh,0.12446142975502966
C2_annotated,Peve-Ptuh,0.03644009566303041
C2_annotated,Peve-Ptuh,0.028782311568681496
C2_annotated,Peve-Ptuh,0.11862664534612227
C2_annotated,Peve-Ptuh,0.18309716046419178
C2_annotated,Peve-Ptuh,0.09162372710719247
C2_annotated,Peve-Ptuh,0.14472187400642073
C2_annotated,Peve-Ptuh,0.11673590763242468
C2_annotated,Peve-Ptuh,0.11737010492197214
C2_annotated,Peve-Ptuh,0.09867440912329634
C2_annotated,Peve-Ptuh,0.1383790543855928
C2_annotated,Peve-Ptuh,0.04000565612535938
C2_annotated,Peve-Ptuh,0.05314683360703731
C2_annotated,Peve-Ptuh,0.16257084445189562
C2_annotated,Peve-Ptuh,0.1841708082120505
C2_annotated,Peve-Ptuh,0.14098527502274516
C2_annotated,Peve-Ptuh,0.05703584315428902
C2_annotated,Peve-Ptuh,0.08453578917554776
C2_annotated,Peve-Ptuh,0.14297084597600127
C2_annotated,Peve-Ptuh,0.09186081020608872
C2_annotated,Peve-Ptuh,0.1274317422940584
C2_annotated,Peve-Ptuh,0.20212477260132233
C2_annotated,Peve-Ptuh,0.07915654300666246
C2_annotated,Peve-Ptuh,0.20762256031965576
C2_annotated,Peve-Ptuh,0.11729135946412445
C2_annotated,Peve-Ptuh,0.1135640744593341
C2_annotated,Peve-Ptuh,0.02837588339914506
C2_annotated,Peve-Ptuh,0.09200136661472007
C2_annotated,Peve-Ptuh,0.06141341323033766
C2_annotated,Peve-Ptuh,0.12543516391121068
C2_annotated,Peve-Ptuh,0.122713788626023
C2_annotated,Peve-Ptuh,0.01629226588361506
C2_annotated,Peve-Ptuh,0.11673336745636506
C2_annotated,Peve-Ptuh,0.14973448809737003
C2_annotated,Peve-Ptuh,0.07072993229160712
C2_annotated,Peve-Ptuh,0.09699450602254577
C2_annotated,Peve-Ptuh,0.10481147448329645
C2_annotated,Peve-Ptuh,0.007313590238272748
C2_annotated,Peve-Ptuh,0.0491756917005251
C2_annotated,Peve-Ptuh,0.1830311158866421
C2_annotated,Peve-Ptuh,0.13277034564599005
C2_annotated,Peve-Ptuh,0.1573550162761781
C2_annotated,Peve-Ptuh,0.02632511459369249
C2_annotated,Peve-Ptuh,0.13656028832691727
C2_annotated,Peve-Ptuh,0.14588273446565914
C2_annotated,Peve-Ptuh,0.06218223985104408
C2_annotated,Peve-Ptuh,0.14824594492644286
C2_annotated,Peve-Ptuh,0.07087048870023847
C2_annotated,Peve-Ptuh,0.03102613375466387
C2_annotated,Peve-Ptuh,0.06405858323373727
C2_annotated,Peve-Ptuh,0.1047708316663428
C2_annotated,Peve-Ptuh,0.1315713825458576
C2_annotated,Peve-Ptuh,0.14410969157605646
C2_annotated,Peve-Ptuh,0.1351775858251402
C2_annotated,Peve-Ptuh,0.15162861271248043
C2_annotated,Peve-Ptuh,0.12443856817049323
C2_annotated,Peve-Ptuh,0.18828589342860688
C2_annotated,Peve-Ptuh,0.18081354218660894
C2_annotated,Peve-Ptuh,0.07520064215650787
C2_annotated,Peve-Ptuh,0.10257611955084607
C2_annotated,Peve-Ptuh,0.05537710818736847
C2_annotated,Peve-Ptuh,0.08572543829679502
C2_annotated,Peve-Ptuh,0.09956770437092329
C2_annotated,Peve-Ptuh,0.10575557325211543
C2_annotated,Peve-Ptuh,0.07312955194257847
C2_annotated,Peve-Ptuh,0.10441605374335161
C2_annotated,Peve-Ptuh,0.035967622915944304
C2_annotated,Peve-Ptuh,0.15007571841470999
C2_annotated,Peve-Ptuh,0.08399049804808638
C2_annotated,Peve-Ptuh,0.10726697800757903
C2_annotated,Peve-Ptuh,0.12419894489553737
C2_annotated,Peve-Ptuh,0.07179934641269987
C2_annotated,Peve-Ptuh,0.24999608389524144
C2_annotated,Peve-Ptuh,0.21039812602744828
C2_annotated,Peve-Ptuh,0.016360850637224332
C2_annotated,Peve-Ptuh,0.12045387865832982
C2_annotated,Peve-Ptuh,0.14918326989243624
C2_annotated,Peve-Ptuh,0.1087479006503274
C2_annotated,Peve-Ptuh,0.15515691725926858
C2_annotated,Peve-Ptuh,0.11589764953275579
C2_annotated,Peve-Ptuh,0.06288332844349442
C2_annotated,Peve-Ptuh,0.06391040629692711
C2_annotated,Peve-Ptuh,0.09522146313294308
C2_annotated,Peve-Ptuh,0.0864603959033734
C2_annotated,Peve-Ptuh,0.0707815825381524
C2_annotated,Peve-Ptuh,0.032158205551893464
C2_annotated,Peve-Ptuh,0.17575605165194
C2_annotated,Peve-Ptuh,0.0890031121390357
C2_annotated,Peve-Ptuh,5.745031521468087e-4
C2_annotated,Peve-Ptuh,0.14067198664206085
C2_annotated,Peve-Ptuh,0.1559359045842134
C2_annotated,Peve-Ptuh,0.09881496553192769
C2_annotated,Peve-Ptuh,0.10151009233116615
C2_annotated,Peve-Ptuh,0.11138460340019499
C2_annotated,Peve-Ptuh,0.1483069091518733
C2_annotated,Peve-Ptuh,0.10310362944589023
C2_annotated,Peve-Ptuh,0.09338491584185034
C2_annotated,Peve-Ptuh,-0.005947822243559701
C2_annotated,Peve-Ptuh,0.1660432651253725
C2_annotated,Peve-Ptuh,0.2566013883755617
C2_annotated,Peve-Ptuh,0.1826458558509357
C2_annotated,Peve-Ptuh,0.13226315715942272
C2_annotated,Peve-Ptuh,0.0016676255831291665
C2_annotated,Peve-Ptuh,0.17893042500109016
C2_annotated,Peve-Ptuh,0.2194885694194131
C2_annotated,Peve-Ptuh,0.1313901833202726
C2_annotated,Peve-Ptuh,0.08344690037133141
C2_annotated,Peve-Ptuh,0.191055532058927
C2_annotated,Peve-Ptuh,0.10756248515584615
C2_annotated,Peve-Ptuh,0.0452130170475449
C2_annotated,Peve-Ptuh,0.080988009945636
C2_annotated,Peve-Ptuh,0.04779552937480763
C2_annotated,Peve-Ptuh,0.10428650476431188
C2_annotated,Peve-Ptuh,0.08219713375000688
C2_annotated,Peve-Ptuh,0.13081525680544917
C2_annotated,Peve-Ptuh,0.15388682922946723
C2_annotated,Peve-Ptuh,0.18540025342489821
C2_annotated,Peve-Ptuh,0.044919203349984185
C2_annotated,Peve-Ptuh,0.06784767918931127
C2_annotated,Peve-Ptuh,-0.026463977551617432
C2_annotated,Peve-Ptuh,0.05592917311765545
C2_annotated,Peve-Ptuh,0.2168179976554175
C2_annotated,Peve-Ptuh,0.12244029633693912
C2_annotated,Peve-Ptuh,0.20079456707144372
C2_annotated,Peve-Ptuh,0.100620183984952
C2_annotated,Peve-Ptuh,0.11144302744956587
C2_annotated,Peve-Ptuh,0.1277187821887935
C2_annotated,Peve-Ptuh,0.09609359024674
C2_annotated,Peve-Ptuh,0.12903882701443373
C2_annotated,Peve-Ptuh,0.1292369607470827
C2_annotated,Peve-Ptuh,0.13756281114510713
C2_annotated,Peve-Ptuh,0.11696706365384853
C2_annotated,Peve-Ptuh,0.18119287514484295
C2_annotated,Peve-Ptuh,0.15597316049975424
C2_annotated,Peve-Ptuh,0.12530815510823057
C2_annotated,Peve-Ptuh,0.19441533826042814
C2_annotated,Peve-Ptuh,0.06142526738528247
C2_annotated,Peve-Ptuh,0.11533203699681757
C2_annotated,Peve-Ptuh,0.08393800107618792
C2_annotated,Peve-Ptuh,0.0886330931596869
C2_annotated,Peve-Ptuh,0.038758429680094464
C2_annotated,Peve-Ptuh,0.12164860813169627
C2_annotated,Peve-Ptuh,0.16731419988052706
C2_annotated,Peve-Ptuh,0.10445500310959886
C2_annotated,Peve-Ptuh,0.10036108602687252
C2_annotated,Peve-Ptuh,0.06962241552962035
C2_annotated,Peve-Ptuh,0.12164437450493028
C2_annotated,Peve-Ptuh,0.2256764383006053
C2_annotated,Peve-Ptuh,0.14654910731862825
C2_annotated,Peve-Ptuh,0.01910593423230164
C2_annotated,Peve-Ptuh,0.22730892478157663
C2_annotated,Peve-Ptuh,0.066110198764543035
C2_annotated,Peve-Ptuh,0.10113160609828534
C2_annotated,Peve-Ptuh,0.13568223413564792
C2_annotated,Peve-Ptuh,0.049929277264873895
C2_annotated,Peve-Ptuh,0.15664122680342976
C2_annotated,Peve-Ptuh,-0.017201648912952824
C2_annotated,Peve-Ptuh,0.10198679870501824
C2_annotated,Peve-Ptuh,0.14257034488393724
C2_annotated,Peve-Ptuh,0.11396034192463214
C2_annotated,Peve-Ptuh,0.09462536848428965
C2_annotated,Peve-Ptuh,-0.0436143995807016
C2_annotated,Peve-Ptuh,0.16124995290090224
C2_annotated,Peve-Ptuh,0.13095665993943376
C2_annotated,Peve-Ptuh,0.06612543982090066
C2_annotated,Peve-Ptuh,0.04858129050257807
C2_annotated,Peve-Ptuh,0.11203827537286608
C2_annotated,Peve-Ptuh,0.1518792434170279
C2_annotated,Peve-Ptuh,0.07637166331998471
C2_annotated,Peve-Ptuh,0.10679111835908014
C2_annotated,Peve-Ptuh,0.12423620081107821
C2_annotated,Peve-Ptuh,0.12234461637202743
C2_annotated,Peve-Ptuh,0.06902462743026053
C2_annotated,Peve-Ptuh,0.1518961779240919
C2_annotated,Peve-Ptuh,0.13535539814931238
C2_annotated,Peve-Ptuh,0.1716960035833417
C2_annotated,Peve-Ptuh,0.03931218806108785
C2_annotated,Peve-Ptuh,0.07320321704830696
C2_annotated,Peve-Ptuh,0.14539671411292185
C2_annotated,Peve-Ptuh,0.012543812744994689
C2_annotated,Peve-Ptuh,0.06136853678661801
C2_annotated,Peve-Ptuh,0.024505501809663762
C2_annotated,Peve-Ptuh,0.08953993601296506
C2_annotated,Peve-Ptuh,0.05419253941824041
C2_annotated,Peve-Ptuh,0.03726988650916729
C2_annotated,Peve-Ptuh,0.16851824333277873
C2_annotated,Peve-Ptuh,0.11821429009911343
C2_annotated,Peve-Ptuh,0.08002528321904658
C2_annotated,Peve-Ptuh,0.09120290460665162
C2_annotated,Peve-Ptuh,0.14105724667776723
C2_annotated,Peve-Ptuh,0.1721803304853726
C2_annotated,Peve-Ptuh,0.10954212903162984
C2_annotated,Peve-Ptuh,-0.0030545617116722362
C2_annotated,Peve-Ptuh,0.0817492160381636
C2_annotated,Peve-Ptuh,0.09098360274017259
C2_annotated,Peve-Ptuh,0.08483298977452128
C2_annotated,Peve-Ptuh,0.057869867627191915
C2_annotated,Peve-Ptuh,0.07681873430647479
C2_annotated,Peve-Ptuh,0.04784802634670609
C2_annotated,Peve-Ptuh,0.061084883793295706
C2_annotated,Peve-Ptuh,0.04318765000268836
C2_annotated,Peve-Ptuh,0.06616015556038189
C2_annotated,Peve-Ptuh,0.09006829263336243
C2_annotated,Peve-Ptuh,0.10255241124095645
C2_annotated,Peve-Ptuh,0.11957582446706047
C2_annotated,Peve-Ptuh,0.14607240094477614
C2_annotated,Peve-Ptuh,0.172527487880185
C2_annotated,Peve-Ptuh,0.10038056070999614
C2_annotated,Peve-Ptuh,0.1620661961413879
C2_annotated,Peve-Ptuh,0.12127435552558148
C2_annotated,Peve-Ptuh,0.060403269883968984
C2_annotated,Peve-Ptuh,0.15420096433550476
C4_joint,Apul-Peve,0.03219330069388188
C4_joint,Apul-Peve,0.011429678419217361
C4_joint,Apul-Peve,-0.11825930752703323
C4_joint,Apul-Peve,0.09406149836215705
C4_joint,Apul-Peve,0.03249269134584905
C4_joint,Apul-Peve,0.035011095065337616
C4_joint,Apul-Peve,0.013701525131203554
C4_joint,Apul-Peve,-0.03833961466661971
C4_joint,Apul-Peve,-0.08941213764925507
C4_joint,Apul-Peve,0.04057623894896271
C4_joint,Apul-Peve,-0.12697685886372445
C4_joint,Apul-Peve,0.024461977387200174
C4_joint,Apul-Peve,-0.056531999577330856
C4_joint,Apul-Peve,0.07467155084357721
C4_joint,Apul-Peve,-0.03210524461977388
C4_joint,Apul-Peve,-0.06591877707724281
C4_joint,Apul-Peve,0.19816138917262519
C4_joint,Apul-Peve,-0.005406642950230708
C4_joint,Apul-Peve,0.11854108696417882
C4_joint,Apul-Peve,-0.008136381247578461
C4_joint,Apul-Peve,0.0604945229121905
C4_joint,Apul-Peve,0.06856045930048256
C4_joint,Apul-Peve,0.1252157373815646
C4_joint,Apul-Peve,0.003768799971822057
C4_joint,Apul-Peve,0.12607868690782292
C4_joint,Apul-Peve,0.055933218273396514
C4_joint,Apul-Peve,0.04159768940861542
C4_joint,Apul-Peve,0.012697685886372444
C4_joint,Apul-Peve,0.08552005917368181
C4_joint,Apul-Peve,-0.041703356697545005
C4_joint,Apul-Peve,0.12780458596033956
C4_joint,Apul-Peve,-0.11026381599802758
C4_joint,Apul-Peve,0.13167905322109122
C4_joint,Apul-Peve,0.1132401113028777
C4_joint,Apul-Peve,-0.08960586101229265
C4_joint,Apul-Peve,0.09194815258356523
C4_joint,Apul-Peve,0.09140220492409569
C4_joint,Apul-Peve,0.24705012151738232
C4_joint,Apul-Peve,0.060212743475044926
C4_joint,Apul-Peve,-0.004332358846113206
C4_joint,Apul-Peve,0.11269416364340815
C4_joint,Apul-Peve,-0.020076784896622173
C4_joint,Apul-Peve,0.17389313514846258
C4_joint,Apul-Peve,-0.009104998062766372
C4_joint,Apul-Peve,-0.013895248494241135
C4_joint,Apul-Peve,0.029181782959388544
C4_joint,Apul-Peve,-0.044626818357930344
C4_joint,Apul-Peve,0.06815540135958581
C4_joint,Apul-Peve,-0.07757740128914094
C4_joint,Apul-Peve,-0.13669824944524678
C4_joint,Apul-Peve,0.07012785741960482
C4_joint,Apul-Peve,0.057641506111091555
C4_joint,Apul-Peve,-0.12319044767708079
C4_joint,Apul-Peve,0.051741749145856095
C4_joint,Apul-Peve,0.1263076327005037
C4_joint,Apul-Peve,-0.07497094149554438
C4_joint,Apul-Peve,-0.22614560952414503
C4_joint,Apul-Peve,-0.01703004473248565
C4_joint,Apul-Peve,0.014582085872283474
C4_joint,Apul-Peve,-0.08994047409390302
C4_joint,Apul-Peve,-0.07997252650487832
C4_joint,Apul-Peve,0.08950019372336306
C4_joint,Apul-Peve,-0.07777112465217853
C4_joint,Apul-Peve,0.08588989468493538
C4_joint,Apul-Peve,0.1176076925786341
C4_joint,Apul-Peve,0.1539924624000564
C4_joint,Apul-Peve,0.18599203973090067
C4_joint,Apul-Peve,-0.04485576415061112
C4_joint,Apul-Peve,-0.07986685921594873
C4_joint,Apul-Peve,0.06310098270578707
C4_joint,Apul-Peve,-0.03680743897714065
C4_joint,Apul-Peve,-0.001690676622873446
C4_joint,Apul-Peve,0.035169595998732005
C4_joint,Apul-Peve,0.07092036208657675
C4_joint,Apul-Peve,0.14761720263463776
C4_joint,Apul-Peve,0.11718502342291573
C4_joint,Apul-Peve,0.09053925539783736
C4_joint,Apul-Peve,0.17944066781726606
C4_joint,Apul-Peve,0.07417843682857246
C4_joint,Apul-Peve,0.1196682047127611
C4_joint,Apul-Peve,-0.00924588778133916
C4_joint,Apul-Peve,0.11253566271001376
C4_joint,Apul-Peve,0.05598605191786131
C4_joint,Apul-Peve,-0.004121024268254025
C4_joint,Apul-Peve,-0.03395442217604171
C4_joint,Apul-Peve,-0.08610122926279457
C4_joint,Apul-Peve,0.04688105385509494
C4_joint,Apul-Peve,0.0406819062378923
C4_joint,Apul-Peve,0.037652777288577376
C4_joint,Apul-Peve,0.026663379239899976
C4_joint,Apul-Peve,-0.08472755450670989
C4_joint,Apul-Peve,-0.07084991722729035
C4_joint,Apul-Peve,0.04316508752773767
C4_joint,Apul-Peve,0.026751435314007966
C4_joint,Apul-Peve,-0.10776302349336059
C4_joint,Apul-Peve,-0.044028037053995994
C4_joint,Apul-Peve,-0.08120531154239022
C4_joint,Apul-Peve,-0.09434327779930261
C4_joint,Apul-Peve,0.0428128632313057
C4_joint,Apul-Peve,0.08286076573562046
C4_joint,Apul-Peve,0.01931950265929344
C4_joint,Apul-Peve,-0.05778239582966435
C4_joint,Apul-Peve,-0.0058293121059490695
C4_joint,Apul-Peve,0.28313550068683746
C4_joint,Apul-Peve,0.18967278362861473
C4_joint,Apul-Peve,-0.008136381247578461
C4_joint,Apul-Peve,0.04497904265436231
C4_joint,Apul-Peve,0.1219048289951041
C4_joint,Apul-Peve,-0.032774470782994614
C4_joint,Apul-Peve,0.15457363248916914
C4_joint,Apul-Peve,0.11001725899052518
C4_joint,Apul-Peve,0.06681694903314432
C4_joint,Apul-Peve,0.007784156951146492
C4_joint,Apul-Peve,0.09469550209573459
C4_joint,Apul-Peve,0.04640555105491178
C4_joint,Apul-Peve,0.12361311683279916
C4_joint,Apul-Peve,0.03804022401465254
C4_joint,Apul-Peve,0.08409355077313235
C4_joint,Apul-Peve,0.08448099749920752
C4_joint,Apul-Peve,0.06299531541685748
C4_joint,Apul-Peve,0.12511007009263503
C4_joint,Apul-Peve,0.0890423021380015
C4_joint,Apul-Peve,-0.03469409319854884
C4_joint,Apul-Peve,0.19985206579549863
C4_joint,Apul-Peve,0.10637173752245434
C4_joint,Apul-Peve,0.029657285759571706
C4_joint,Apul-Peve,0.014388362509245892
C4_joint,Apul-Peve,-0.0932513824803635
C4_joint,Apul-Peve,-0.12475784579620307
C4_joint,Apul-Peve,-0.033813532457468924
C4_joint,Apul-Peve,-0.15610580817864822
C4_joint,Apul-Peve,-0.026293543728646406
C4_joint,Apul-Peve,-0.07724278820753058
C4_joint,Apul-Peve,0.027966609136698257
C4_joint,Apul-Peve,0.14252756155119584
C4_joint,Apul-Peve,-0.061181360290232835
C4_joint,Apul-Peve,-0.001373674756084675
C4_joint,Apul-Peve,0.20087351625515132
C4_joint,Apul-Peve,0.16575675390088412
C4_joint,Apul-Peve,0.12599063083371495
C4_joint,Apul-Peve,-0.018861611073931882
C4_joint,Apul-Peve,0.20488887323447574
C4_joint,Apul-Peve,0.12579690747067734
C4_joint,Apul-Peve,-0.01748793631784721
C4_joint,Apul-Peve,-0.09108520305730691
C4_joint,Apul-Peve,-0.0682434574336938
C4_joint,Apul-Peve,-0.020288119474481354
C4_joint,Apul-Peve,0.0275087175513367
C4_joint,Apul-Peve,0.18826388644288686
C4_joint,Apul-Peve,0.13801909055686665
C4_joint,Apul-Peve,-0.02581804092846325
C4_joint,Apul-Peve,0.05156563699764011
C4_joint,Apul-Peve,-0.09143742735373889
C4_joint,Apul-Peve,0.04994540523405306
C4_joint,Apul-Peve,0.17688704166813432
C4_joint,Apul-Peve,-0.03747666514036139
C4_joint,Apul-Peve,0.10084181606847244
C4_joint,Apul-Peve,-0.17510830897115287
C4_joint,Apul-Peve,0.012098904582438098
C4_joint,Apul-Peve,0.11392694868092004
C4_joint,Apul-Peve,-0.0098975027297383
C4_joint,Apul-Peve,0.01111267655242859
C4_joint,Apul-Peve,0.15531330351167627
C4_joint,Apul-Peve,-0.024338698883448986
C4_joint,Apul-Peve,0.031488852101017935
C4_joint,Apul-Peve,-0.10485717304779686
C4_joint,Apul-Peve,-0.011042231693142196
C4_joint,Apul-Peve,0.1727307949702371
C4_joint,Apul-Peve,0.09895741608256141
C4_joint,Apul-Peve,0.18697826776091017
C4_joint,Apul-Peve,0.09485400302912897
C4_joint,Apul-Peve,0.11225388327286819
C4_joint,Apul-Peve,-0.07192420133140787
C4_joint,Apul-Peve,0.2639216653164736
C4_joint,Apul-Peve,0.11584657109647427
C4_joint,Apul-Peve,-0.06234370046845833
C4_joint,Apul-Peve,-0.13391567750343422
C4_joint,Apul-Peve,0.09115564791659331
C4_joint,Apul-Peve,0.023105913845937097
C4_joint,Apul-Peve,0.08000774893452152
C4_joint,Apul-Peve,-0.03973090063752598
C4_joint,Apul-Peve,-0.02233102039378677
C4_joint,Apul-Peve,0.05117819027156494
C4_joint,Apul-Peve,0.04145679969004263
C4_joint,Apul-Peve,0.06565460885491882
C4_joint,Apul-Peve,-0.009104998062766372
C4_joint,Apul-Peve,-0.021485682082350046
C4_joint,Apul-Peve,-0.005987813039343455
C4_joint,Apul-Peve,0.06591877707724281
C4_joint,Apul-Peve,0.0219964073121764
C4_joint,Apul-Peve,0.1932302490225776
C4_joint,Apul-Peve,-0.12599063083371495
C4_joint,Apul-Peve,0.1264837448487197
C4_joint,Apul-Peve,-0.09460744602162659
C4_joint,Apul-Peve,0.09282871332464515
C4_joint,Apul-Peve,0.1319432214434152
C4_joint,Apul-Peve,-0.04406325948363919
C4_joint,Apul-Peve,-0.12068965517241383
C4_joint,Apul-Peve,-0.04001268007467156
C4_joint,Apul-Peve,0.06343559578739742
C4_joint,Apul-Peve,-0.045225599661864686
C4_joint,Apul-Peve,0.08481561058081788
C4_joint,Apul-Peve,-0.1153886795111127
C4_joint,Apul-Peve,0.090116586242119
C4_joint,Apul-Peve,-0.10670635060406468
C4_joint,Apul-Peve,-0.18676693318305101
C4_joint,Apul-Peve,0.13368673171075343
C4_joint,Apul-Peve,0.24659222993202076
C4_joint,Apul-Peve,-0.025360149343101695
C4_joint,Apul-Peve,-0.12002042900919307
C4_joint,Apul-Peve,0.022912190482899514
C4_joint,Apul-Peve,3.874467260751648e-4
C4_joint,Apul-Peve,0.027649607269909483
C4_joint,Apul-Peve,0.05882145750413865
C4_joint,Apul-Peve,-0.04304180902398649
C4_joint,Apul-Peve,-0.04210841463844177
C4_joint,Apul-Peve,-0.028512556796167807
C4_joint,Apul-Peve,-0.018121940051424753
C4_joint,Apul-Peve,-0.0417561903420098
C4_joint,Apul-Peve,-0.12695924764890285
C4_joint,Apul-Peve,0.10487478426261847
C4_joint,Apul-Peve,0.08640061991476174
C4_joint,Apul-Peve,-0.09046881053855096
C4_joint,Apul-Peve,0.09591067591842488
C4_joint,Apul-Peve,0.12886125884963548
C4_joint,Apul-Peve,0.05383748370962631
C4_joint,Apul-Peve,0.032087633404952284
C4_joint,Apul-Peve,0.07049769293085838
C4_joint,Apul-Peve,0.12754041773801558
C4_joint,Apul-Peve,0.0702687471381776
C4_joint,Apul-Peve,0.013895248494241135
C4_joint,Apul-Peve,-0.04793772674439084
C4_joint,Apul-Peve,-0.001021450459652707
C4_joint,Apul-Peve,0.12991793173893137
C4_joint,Apul-Peve,-0.041368743615934636
C4_joint,Apul-Peve,0.03552182029516397
C4_joint,Apul-Peve,-0.13430312422950938
C4_joint,Apul-Peve,0.14434151667782047
C4_joint,Apul-Peve,0.026240710084181617
C4_joint,Apul-Peve,0.16047338945440462
C4_joint,Apul-Peve,0.05267514353140081
C4_joint,Apul-Peve,0.11010531506463318
C4_joint,Apul-Peve,-0.17223768095523231
C4_joint,Apul-Peve,-0.07076186115318236
C4_joint,Apul-Peve,0.07666161811841783
C4_joint,Apul-Peve,-0.024919868972561734
C4_joint,Apul-Peve,-0.13706808495650033
C4_joint,Apul-Peve,-0.07863407417843685
C4_joint,Apul-Peve,0.04844845197421719
C4_joint,Apul-Peve,0.053432425768729544
C4_joint,Apul-Peve,0.06845479201155298
C4_joint,Apul-Peve,-0.13592335599309643
C4_joint,Apul-Peve,0.08085308724595824
C4_joint,Apul-Peve,0.02243668768271636
C4_joint,Apul-Peve,-0.030079954915290065
C4_joint,Apul-Peve,-0.10837941601211655
C4_joint,Apul-Peve,-0.0036102990384276716
C4_joint,Apul-Peve,-0.09613962171110566
C4_joint,Apul-Peve,-0.10538550949244481
C4_joint,Apul-Peve,0.14895565496107926
C4_joint,Apul-Peve,0.14788137085696176
C4_joint,Apul-Peve,-0.0031876298827093097
C4_joint,Apul-Peve,-0.08678806664083691
C4_joint,Apul-Peve,-1.0566728892959038e-4
C4_joint,Apul-Peve,-0.011676235426719738
C4_joint,Apul-Peve,-0.10409989081046812
C4_joint,Apul-Peve,-0.06220281074988555
C4_joint,Apul-Peve,0.04268958472755452
C4_joint,Apul-Peve,-0.18983128456200915
C4_joint,Apul-Peve,0.2034623648339263
C4_joint,Apul-Peve,-0.012028459723151705
C4_joint,Apul-Peve,-0.04867739776689797
C4_joint,Apul-Peve,-0.11021098235356278
C4_joint,Apul-Peve,0.009615723292592724
C4_joint,Apul-Peve,0.2462223944207672
C4_joint,Apul-Peve,-0.04149202211968583
C4_joint,Apul-Peve,-0.0451551548025783
C4_joint,Apul-Peve,0.12216899721742809
C4_joint,Apul-Peve,-0.027103659610439937
C4_joint,Apul-Peve,-0.04519037723222149
C4_joint,Apul-Peve,-0.12264450001761125
C4_joint,Apul-Peve,0.25553872706139275
C4_joint,Apul-Peve,-0.07044485928639359
C4_joint,Apul-Peve,0.12030220844633867
C4_joint,Apul-Peve,0.042143637068084966
C4_joint,Apul-Peve,-0.10987636927195239
C4_joint,Apul-Peve,0.08773907224120323
C4_joint,Apul-Peve,-0.011306399915466172
C4_joint,Apul-Peve,-0.020076784896622173
C4_joint,Apul-Peve,0.06024796590468812
C4_joint,Apul-Peve,-0.0747772181325068
C4_joint,Apul-Peve,-0.09418477686590823
C4_joint,Apul-Peve,0.02759677362544469
C4_joint,Apul-Peve,0.013877637279419538
C4_joint,Apul-Peve,0.0032932971716389003
C4_joint,Apul-Peve,0.025254482054172103
C4_joint,Apul-Peve,-0.0015497869043006591
C4_joint,Apul-Peve,-0.06174491916452399
C4_joint,Apul-Peve,-0.07653833961466663
C4_joint,Apul-Peve,-0.01880877742946709
C4_joint,Apul-Peve,0.07777112465217853
C4_joint,Apul-Peve,-0.01010883730759748
C4_joint,Apul-Peve,0.19935895178049387
C4_joint,Apul-Peve,0.04938184635976191
C4_joint,Apul-Peve,0.035539431509985564
C4_joint,Apul-Peve,0.11454334119967598
C4_joint,Apul-Peve,0.0018315663414462335
C4_joint,Apul-Peve,-0.03032651192279244
C4_joint,Apul-Peve,-0.15025888485787753
C4_joint,Apul-Peve,0.24838857384382382
C4_joint,Apul-Peve,-0.05558099397696454
C4_joint,Apul-Peve,0.05330914726497835
C4_joint,Apul-Peve,0.023352470853439476
C4_joint,Apul-Peve,0.04485576415061112
C4_joint,Apul-Peve,-0.048959177204043546
C4_joint,Apul-Peve,-0.01199323729350851
C4_joint,Apul-Peve,0.029516396040998916
C4_joint,Apul-Peve,0.0639110985875806
C4_joint,Apul-Peve,0.1471416998344546
C4_joint,Apul-Peve,0.044204149202211974
C4_joint,Apul-Peve,-0.05443626501356065
C4_joint,Apul-Peve,-0.04747983515902928
C4_joint,Apul-Peve,0.026962769891867147
C4_joint,Apul-Peve,-0.029657285759571706
C4_joint,Apul-Peve,0.04584199218062063
C4_joint,Apul-Peve,0.028723891374026988
C4_joint,Apul-Peve,-0.13817759149026101
C4_joint,Apul-Peve,0.29762953048501295
C4_joint,Apul-Peve,0.14314395406995178
C4_joint,Apul-Peve,0.0670635060406467
C4_joint,Apul-Peve,0.03370786516853933
C4_joint,Apul-Peve,-0.11783663837131489
C4_joint,Apul-Peve,0.07521749850304675
C4_joint,Apul-Peve,0.1442358493888909
C4_joint,Apul-Peve,0.12815681025677153
C4_joint,Apul-Peve,-0.0014793420450142656
C4_joint,Apul-Peve,-0.13592335599309643
C4_joint,Apul-Peve,-0.057940896763058726
C4_joint,Apul-Peve,0.213518368497059
C4_joint,Apul-Peve,0.08057130780881266
C4_joint,Apul-Peve,-0.10970025712373642
C4_joint,Apul-Peve,0.06426332288401256
C4_joint,Apul-Peve,0.060670635060406486
C4_joint,Apul-Peve,-0.1408016624986792
C4_joint,Apul-Peve,0.11135571131696667
C4_joint,Apul-Peve,0.1904300658659435
C4_joint,Apul-Peve,0.03666654925856786
C4_joint,Apul-Peve,-0.15031171850234232
C4_joint,Apul-Peve,-0.1011940403649044
C4_joint,Apul-Peve,-0.054312986509809466
C4_joint,Apul-Peve,-0.03948434363002361
C4_joint,Apul-Peve,-0.026575323165791982
C4_joint,Apul-Peve,-0.0890070797083583
C4_joint,Apul-Peve,0.03439470254658167
C4_joint,Apul-Peve,-0.07063858264943118
C4_joint,Apul-Peve,-0.027579162410623092
C4_joint,Apul-Peve,0.024673311965059352
C4_joint,Apul-Peve,0.009598112077771127
C4_joint,Apul-Peve,-0.038762283822338074
C4_joint,Apul-Peve,-0.1383360924236554
C4_joint,Apul-Peve,-0.03862139410376529
C4_joint,Apul-Peve,0.023088302631115498
C4_joint,Apul-Peve,-0.04649360712901977
C4_joint,Apul-Peve,-0.009140220492409569
C4_joint,Apul-Peve,0.0036455214680708686
C4_joint,Apul-Peve,0.07722517699270896
C4_joint,Apul-Peve,0.048659786552076374
C4_joint,Apul-Peve,0.050015850093339455
C4_joint,Apul-Peve,-0.08430488535099154
C4_joint,Apul-Peve,0.01581487090979536
C4_joint,Apul-Peve,-0.09821774506005426
C4_joint,Apul-Peve,0.0560036631326829
C4_joint,Apul-Peve,-0.07977880314184074
C4_joint,Apul-Peve,0.05190025007925048
C4_joint,Apul-Peve,-0.013930470923884334
C4_joint,Apul-Peve,0.018650276496072704
C4_joint,Apul-Peve,0.0012503962523334863
C4_joint,Apul-Peve,-0.026575323165791982
C4_joint,Apul-Peve,0.012116515797259699
C4_joint,Apul-Peve,-0.1472649783382058
C4_joint,Apul-Peve,-0.009879891514916701
C4_joint,Apul-Peve,0.1448522419076468
C4_joint,Apul-Peve,0.03781127822197176
C4_joint,Apul-Peve,0.07629178260716427
C4_joint,Apul-Peve,0.039255397837342824
C4_joint,Apul-Peve,0.17892994258743972
C4_joint,Apul-Peve,0.03085484836744039
C4_joint,Apul-Peve,-0.05267514353140081
C4_joint,Apul-Peve,0.1398506568983129
C4_joint,Apul-Peve,0.04186185763093939
C4_joint,Apul-Peve,-0.08541439188475222
C4_joint,Apul-Peve,0.02803705399598465
C4_joint,Apul-Peve,0.019178612940720655
C4_joint,Apul-Peve,0.06146313972737841
C4_joint,Apul-Peve,0.021556126941636437
C4_joint,Apul-Peve,-0.07000457891585363
C4_joint,Apul-Peve,0.07268148356873659
C4_joint,Apul-Peve,0.09103236941284212
C4_joint,Apul-Peve,-0.01833327462928393
C4_joint,Apul-Peve,-0.09645662357789443
C4_joint,Apul-Peve,0.04096368567503787
C4_joint,Apul-Peve,-0.014194639146208308
C4_joint,Apul-Peve,0.057905674333415535
C4_joint,Apul-Peve,-0.09517100489591775
C4_joint,Apul-Peve,0.1658095875453489
C4_joint,Apul-Peve,-0.01519847839103942
C4_joint,Apul-Peve,0.04473248564685993
C4_joint,Apul-Peve,0.004244302772005213
C4_joint,Apul-Peve,-0.03453559226515446
C4_joint,Apul-Peve,0.0990102497270262
C4_joint,Apul-Peve,-2.465570075023776e-4
C4_joint,Apul-Peve,0.014564474657461876
C4_joint,Apul-Peve,-0.05374942763551831
C4_joint,Apul-Peve,0.017681659680884792
C4_joint,Apul-Peve,0.09406149836215705
C4_joint,Apul-Peve,0.14911415589447363
C4_joint,Apul-Peve,0.13595857842273965
C4_joint,Apul-Peve,0.07470677327322041
C4_joint,Apul-Peve,0.036314324962135894
C4_joint,Apul-Peve,0.024021697016660216
C4_joint,Apul-Peve,0.09839385720827025
C4_joint,Apul-Peve,0.09629812264450004
C4_joint,Apul-Peve,-0.04047057166003312
C4_joint,Apul-Peve,-0.04747983515902928
C4_joint,Apul-Peve,-0.18983128456200915
C4_joint,Apul-Peve,-0.048642175337254775
C4_joint,Apul-Peve,0.007731323306681697
C4_joint,Apul-Peve,0.11473706456271357
C4_joint,Apul-Peve,-0.07954985734915997
C4_joint,Apul-Peve,0.015656369976400977
C4_joint,Apul-Peve,0.11132048888732349
C4_joint,Apul-Peve,0.22260575534500374
C4_joint,Apul-Peve,0.10547356556655281
C4_joint,Apul-Peve,0.25025536261491327
C4_joint,Apul-Peve,0.22931562819203272
C4_joint,Apul-Peve,-0.10808002536014936
C4_joint,Apul-Peve,0.24132647670036284
C4_joint,Apul-Peve,0.02012961854108697
C4_joint,Apul-Peve,0.20400831249339582
C4_joint,Apul-Peve,-0.16005072029868625
C4_joint,Apul-Peve,0.057905674333415535
C4_joint,Apul-Peve,-0.01176429150082773
C4_joint,Apul-Peve,-0.1363988587932796
C4_joint,Apul-Peve,0.10462822725511609
C4_joint,Apul-Peve,-0.0878975731745976
C4_joint,Apul-Peve,0.008999330773836781
C4_joint,Apul-Peve,0.22954457398471353
C4_joint,Apul-Peve,0.1958719312458174
C4_joint,Apul-Peve,-0.12188721778028251
C4_joint,Apul-Peve,0.1769222640977775
C4_joint,Apul-Peve,-0.07336832094677892
C4_joint,Apul-Peve,-0.10645979359656231
C4_joint,Apul-Peve,0.10196893381705473
C4_joint,Apul-Peve,0.1272058046564052
C4_joint,Apul-Peve,0.03388397731675532
C4_joint,Apul-Peve,-0.04270719594237611
C4_joint,Apul-Peve,0.018738332570180694
C4_joint,Apul-Peve,0.10406466838082494
C4_joint,Apul-Peve,0.11281744214715933
C4_joint,Apul-Peve,-0.015392201754077
C4_joint,Apul-Peve,-0.2454475009686169
C4_joint,Apul-Peve,-0.06387587615793738
C4_joint,Apul-Peve,0.17389313514846258
C4_joint,Apul-Peve,0.014582085872283474
C4_joint,Apul-Peve,0.09742524039308234
C4_joint,Apul-Peve,-0.0042266915571836155
C4_joint,Apul-Peve,0.07720756577788737
C4_joint,Apul-Peve,-0.09640378993342963
C4_joint,Apul-Peve,0.09434327779930261
C4_joint,Apul-Peve,0.09166637314641966
C4_joint,Apul-Peve,-0.04575393610651264
C4_joint,Apul-Peve,0.08654150963333453
C4_joint,Apul-Peve,0.08751012644852244
C4_joint,Apul-Peve,-0.0780705153041457
C4_joint,Apul-Peve,0.09113803670177172
C4_joint,Apul-Peve,0.02120390264520447
C4_joint,Apul-Peve,0.09938008523827975
C4_joint,Apul-Peve,0.004209080342362018
C4_joint,Apul-Peve,-0.06387587615793738
C4_joint,Apul-Peve,-0.13546546440773488
C4_joint,Apul-Peve,0.032774470782994614
C4_joint,Apul-Peve,0.041720967912366604
C4_joint,Apul-Peve,-0.014458807368532283
C4_joint,Apul-Peve,0.18854566588003246
C4_joint,Apul-Peve,-0.049258567856010724
C4_joint,Apul-Peve,0.10573773378887678
C4_joint,Apul-Peve,0.11524778979253993
C4_joint,Apul-Peve,-0.051160579056743344
C4_joint,Apul-Peve,0.12135888133563456
C4_joint,Apul-Peve,0.02021767461519496
C4_joint,Apul-Peve,-0.17831355006868377
C4_joint,Apul-Peve,-0.004314747631291607
C4_joint,Apul-Peve,-0.03835722588144131
C4_joint,Apul-Peve,-0.15202000634003737
C4_joint,Apul-Peve,0.11246521785072737
C4_joint,Apul-Peve,0.05813462012609632
C4_joint,Apul-Peve,-0.08860202176746154
C4_joint,Apul-Peve,0.047744003381353255
C4_joint,Apul-Peve,0.15781409601634325
C4_joint,Apul-Peve,0.0636821527948998
C4_joint,Apul-Peve,-0.03856856045930049
C4_joint,Apul-Peve,-0.05313303511676237
C4_joint,Apul-Peve,0.050843577189954574
C4_joint,Apul-Peve,0.023687083935049844
C4_joint,Apul-Peve,-0.019495614807509425
C4_joint,Apul-Peve,-0.017294212954809627
C4_joint,Apul-Peve,0.07305131907999016
C4_joint,Apul-Peve,0.032580747419957035
C4_joint,Apul-Peve,0.08034236201613189
C4_joint,Apul-Peve,0.09050403296819418
C4_joint,Apul-Peve,-0.007960269099362476
C4_joint,Apul-Peve,0.2551865027649608
C4_joint,Apul-Peve,-0.2132365890599134
C4_joint,Apul-Peve,-0.18717199112394778
C4_joint,Apul-Peve,0.05536965939910537
C4_joint,Apul-Peve,0.01583248212461696
C4_joint,Apul-Peve,-0.02264802226057554
C4_joint,Apul-Peve,-0.0659363882920644
C4_joint,Apul-Peve,0.11126765524285867
C4_joint,Apul-Peve,-0.09613962171110566
C4_joint,Apul-Peve,-0.03649043711035188
C4_joint,Apul-Peve,-0.020182452185551765
C4_joint,Apul-Peve,-0.04367581275756403
C4_joint,Apul-Peve,0.09605156563699767
C4_joint,Apul-Peve,5.283364446479519e-5
C4_joint,Apul-Peve,-0.06565460885491882
C4_joint,Apul-Peve,0.027314994188299115
C4_joint,Apul-Peve,-0.14523968863372197
C4_joint,Apul-Peve,0.07502377514000917
C4_joint,Apul-Peve,0.09362121799161709
C4_joint,Apul-Peve,-0.03435948011693847
C4_joint,Apul-Peve,0.1143496178366384
C4_joint,Apul-Peve,0.043693423972385625
C4_joint,Apul-Peve,-0.044168926772568784
C4_joint,Apul-Peve,0.08604839561832978
C4_joint,Apul-Peve,0.045102321158113495
C4_joint,Apul-Peve,0.09487161424395057
C4_joint,Apul-Peve,0.030590680145116417
C4_joint,Apul-Peve,-0.051248635130851344
C4_joint,Apul-Peve,0.011271177485822974
C4_joint,Apul-Peve,-0.05362614913176712
C4_joint,Apul-Peve,-0.020270508259659755
C4_joint,Apul-Peve,-0.05676094537001163
C4_joint,Apul-Peve,-0.014863865309429049
C4_joint,Apul-Peve,-0.021714627875030826
C4_joint,Apul-Peve,-0.16690148286428802
C4_joint,Apul-Peve,0.07158958824979748
C4_joint,Apul-Peve,-0.01373674756084675
C4_joint,Apul-Peve,-0.19699904899439968
C4_joint,Apul-Peve,0.06015990983058013
C4_joint,Apul-Peve,0.030678736219224408
C4_joint,Apul-Peve,0.11017575992391958
C4_joint,Apul-Peve,-0.06864851537459056
C4_joint,Apul-Peve,0.0019196224155542253
C4_joint,Apul-Peve,-0.009615723292592724
C4_joint,Apul-Peve,-0.0036455214680708686
C4_joint,Apul-Peve,-0.06908879574513051
C4_joint,Apul-Peve,0.13592335599309643
C4_joint,Apul-Peve,0.12472262336655984
C4_joint,Apul-Peve,-0.16545736324891694
C4_joint,Apul-Peve,0.1801979500545948
C4_joint,Apul-Peve,0.058715790215209056
C4_joint,Apul-Peve,0.030150399774576456
C4_joint,Apul-Peve,0.11787186080095807
C4_joint,Apul-Peve,-0.1485682082350041
C4_joint,Apul-Peve,-0.07736606671128177
C4_joint,Apul-Peve,-0.06641189109224756
C4_joint,Apul-Peve,-0.019777394244655
C4_joint,Apul-Peve,0.01856222042196471
C4_joint,Apul-Peve,0.030238455848684447
C4_joint,Apul-Peve,-0.022348631608608366
C4_joint,Apul-Peve,-0.016008594272832945
C4_joint,Apul-Peve,0.23572611038709457
C4_joint,Apul-Peve,0.11980909443133392
C4_joint,Apul-Peve,0.16005072029868625
C4_joint,Apul-Peve,-0.07208270226480223
C4_joint,Apul-Peve,0.18902116868021562
C4_joint,Apul-Peve,0.061938642527561566
C4_joint,Apul-Peve,0.03275685956817302
C4_joint,Apul-Peve,-0.026645768025078374
C4_joint,Apul-Peve,0.22973829734775109
C4_joint,Apul-Peve,0.08638300869994014
C4_joint,Apul-Peve,-0.1056672889295904
C4_joint,Apul-Peve,-0.015462646613363395
C4_joint,Apul-Peve,-0.010373005529921457
C4_joint,Apul-Peve,0.028530168010989402
C4_joint,Apul-Peve,0.1000493114015005
C4_joint,Apul-Peve,0.05285125567961679
C4_joint,Apul-Peve,0.00396252333485964
C4_joint,Apul-Peve,0.0670458948258251
C4_joint,Apul-Peve,0.007449543869536122
C4_joint,Apul-Peve,0.015656369976400977
C4_joint,Apul-Peve,-0.013842414849776342
C4_joint,Apul-Peve,-0.0029410728752069324
C4_joint,Apul-Peve,-0.03002712127082527
C4_joint,Apul-Peve,-0.023563805431298657
C4_joint,Apul-Peve,-0.19988728822514182
C4_joint,Apul-Peve,0.17708076503117187
C4_joint,Apul-Peve,0.10668873938924309
C4_joint,Apul-Peve,0.14124194286921915
C4_joint,Apul-Peve,-0.12738191680462121
C4_joint,Apul-Peve,0.19666443591278931
C4_joint,Apul-Peve,0.03869183896305168
C4_joint,Apul-Peve,0.01560353633193618
C4_joint,Apul-Peve,0.058028952837166727
C4_joint,Apul-Peve,0.14552146807086758
C4_joint,Apul-Peve,0.0011623401782254942
C4_joint,Apul-Peve,-0.10033109083864607
C4_joint,Apul-Peve,-0.01010883730759748
C4_joint,Apul-Peve,-0.03590926702123914
C4_joint,Apul-Peve,3.5222429643196794e-4
C4_joint,Apul-Peve,0.13629319150435
C4_joint,Apul-Peve,0.1594519389947519
C4_joint,Apul-Peve,-0.046317494980803786
C4_joint,Apul-Peve,-0.03310908386460499
C4_joint,Apul-Peve,0.11089781973160512
C4_joint,Apul-Peve,0.02145045965270685
C4_joint,Apul-Peve,0.17399880243739216
C4_joint,Apul-Peve,-0.09994364411257091
C4_joint,Apul-Peve,0.15150928111021103
C4_joint,Apul-Peve,0.3355993096403791
C4_joint,Apul-Peve,-0.06178014159416718
C4_joint,Apul-Peve,0.09002853016801102
C4_joint,Apul-Peve,0.03936106512627242
C4_joint,Apul-Peve,0.04302419780916489
C4_joint,Apul-Peve,0.1968581592758269
C4_joint,Apul-Peve,-0.13595857842273965
C4_joint,Apul-Peve,0.11412067204395761
C4_joint,Apul-Peve,-0.02692754746222395
C4_joint,Apul-Peve,0.031471240886196336
C4_joint,Apul-Peve,0.025501039061674478
C4_joint,Apul-Peve,-0.04563065760276145
C4_joint,Apul-Peve,-0.021256736289669266
C4_joint,Apul-Peve,0.20487126201965417
C4_joint,Apul-Peve,0.14666619703427144
C4_joint,Apul-Peve,-0.14892043253143605
C4_joint,Apul-Peve,-0.017646437251241594
C4_joint,Apul-Peve,-0.16411891092247546
C4_joint,Apul-Peve,0.0671691733295763
C4_joint,Apul-Peve,-0.054383431369095854
C4_joint,Apul-Peve,-0.001690676622873446
C4_joint,Apul-Peve,0.1889683350357508
C4_joint,Apul-Peve,-0.07474199570286359
C4_joint,Apul-Peve,-0.008805607410799198
C4_joint,Apul-Peve,0.201983022788912
C4_joint,Apul-Peve,-0.19846077982459231
C4_joint,Apul-Peve,-0.17611214821598398
C4_joint,Apul-Peve,-0.04052340530449791
C4_joint,Apul-Peve,0.059631573385932175
C4_joint,Apul-Peve,0.15443274277059635
C4_joint,Apul-Peve,0.05765911732591315
C4_joint,Apul-Peve,0.10200415624669791
C4_joint,Apul-Peve,0.05984290796379135
C4_joint,Apul-Peve,0.15658131097883138
C4_joint,Apul-Peve,-0.041368743615934636
C4_joint,Apul-Peve,-0.00471980557218837
C4_joint,Apul-Peve,0.1211123243281322
C4_joint,Apul-Peve,0.24164347856715163
C4_joint,Apul-Peve,0.11706174491916455
C4_joint,Apul-Peve,0.1441477933147829
C4_joint,Apul-Peve,-0.03162974181959072
C4_joint,Apul-Peve,-0.10908386460498048
C4_joint,Apul-Peve,0.2607692578634075
C4_joint,Apul-Peve,-0.07040963685675039
C4_joint,Apul-Peve,0.10630129266316793
C4_joint,Apul-Peve,0.20363847698214227
C4_joint,Apul-Peve,-0.06685217146278752
C4_joint,Apul-Peve,-0.0473389454404565
C4_joint,Apul-Peve,-0.06720439575921948
C4_joint,Apul-Peve,-0.046828220210630135
C4_joint,Apul-Peve,0.03668416047338946
C4_joint,Apul-Peve,0.0417385791271882
C4_joint,Apul-Peve,-0.173523299637209
C4_joint,Apul-Peve,-0.2453594448945089
C4_joint,Apul-Peve,0.04117502025289705
C4_joint,Apul-Peve,-0.06856045930048256
C4_joint,Apul-Peve,0.017664048466063193
C4_joint,Apul-Peve,-0.018526997992321517
C4_joint,Apul-Peve,-0.09333943855447151
C4_joint,Apul-Peve,0.030238455848684447
C4_joint,Apul-Peve,0.15244267549575571
C4_joint,Apul-Peve,0.14719453347891942
C4_joint,Apul-Peve,0.008330104610616042
C4_joint,Apul-Peve,0.05197069493853687
C4_joint,Apul-Peve,-0.026346377373111202
C4_joint,Apul-Peve,0.08967630587157904
C4_joint,Apul-Peve,0.12729386073051321
C4_joint,Apul-Peve,0.036437603465887085
C4_joint,Apul-Peve,0.02298263534218591
C4_joint,Apul-Peve,0.16316790532210915
C4_joint,Apul-Peve,0.04527843330632948
C4_joint,Apul-Peve,0.06338276214293263
C4_joint,Apul-Peve,-0.015180867176217817
C4_joint,Apul-Peve,0.03980134549681238
C4_joint,Apul-Peve,-0.0506146313972738
C4_joint,Apul-Peve,0.10792152442675498
C4_joint,Apul-Peve,0.09460744602162659
C4_joint,Apul-Peve,-0.09621006657039205
C4_joint,Apul-Peve,-0.06336515092811103
C4_joint,Apul-Peve,-0.12211616357296329
C4_joint,Apul-Peve,0.11227149448768979
C4_joint,Apul-Peve,0.15393962875559158
C4_joint,Apul-Peve,0.045102321158113495
C4_joint,Apul-Peve,0.23201014405973727
C4_joint,Apul-Peve,-0.024391532527913783
C4_joint,Apul-Peve,-0.02904089324081576
C4_joint,Apul-Peve,0.028864781092599778
C4_joint,Apul-Peve,0.17436863794864574
C4_joint,Apul-Peve,-0.0252720932689937
C4_joint,Apul-Peve,-0.026363988587932805
C4_joint,Apul-Peve,0.16505230530802018
C4_joint,Apul-Peve,-0.15071677644323908
C4_joint,Apul-Peve,0.007185375647212146
C4_joint,Apul-Peve,0.13592335599309643
C4_joint,Apul-Peve,-0.06769750977422424
C4_joint,Apul-Peve,0.07659117325913144
C4_joint,Apul-Peve,9.686168151879119e-4
C4_joint,Apul-Peve,0.0066042055580994
C4_joint,Apul-Peve,0.02803705399598465
C4_joint,Apul-Peve,0.08111725546828223
C4_joint,Apul-Peve,0.06287203691310628
C4_joint,Apul-Peve,0.05006868373780425
C4_joint,Apul-Peve,0.12229227572117929
C4_joint,Apul-Peve,0.027050825965975137
C4_joint,Apul-Peve,-0.06014229861575853
C4_joint,Apul-Peve,-0.05922651544503541
C4_joint,Apul-Peve,-0.03754710999964778
C4_joint,Apul-Peve,0.12704730372301085
C4_joint,Apul-Peve,0.2056989891162693
C4_joint,Apul-Peve,-0.025659539995068866
C4_joint,Apul-Peve,-0.08298404423937165
C4_joint,Apul-Peve,0.05455954351731184
C4_joint,Apul-Peve,-0.11722024585255894
C4_joint,Apul-Peve,-0.001690676622873446
C4_joint,Apul-Peve,0.012891409249410027
C4_joint,Apul-Peve,-0.02025289704483816
C4_joint,Apul-Peve,-0.09481878059948577
C4_joint,Apul-Peve,0.18507625656017757
C4_joint,Apul-Peve,-0.08997569652354621
C4_joint,Apul-Peve,-0.08692895635940968
C4_joint,Apul-Peve,-0.08550244795886022
C4_joint,Apul-Peve,0.051248635130851344
C4_joint,Apul-Peve,0.002395125215737382
C4_joint,Apul-Peve,0.14899087739072245
C4_joint,Apul-Peve,0.10063048149061325
C4_joint,Apul-Peve,0.031471240886196336
C4_joint,Apul-Peve,0.19155718361452576
C4_joint,Apul-Peve,-0.03585643337677434
C4_joint,Apul-Peve,0.138705927934909
C4_joint,Apul-Peve,0.13918143073509215
C4_joint,Apul-Peve,-0.14920221196858163
C4_joint,Apul-Peve,-0.06797928921136982
C4_joint,Apul-Peve,0.12391250748476632
C4_joint,Apul-Peve,-0.008576661618118419
C4_joint,Apul-Peve,-0.12026698601669546
C4_joint,Apul-Peve,0.04998062766369625
C4_joint,Apul-Peve,0.04644077348455498
C4_joint,Apul-Peve,0.09187770772427883
C4_joint,Apul-Peve,0.08183931527596776
C4_joint,Apul-Peve,0.04036490437110353
C4_joint,Apul-Peve,0.03761755485893418
C4_joint,Apul-Peve,0.22494804691627635
C4_joint,Apul-Peve,-0.014758198020499458
C4_joint,Apul-Peve,-0.04858934169278998
C4_joint,Apul-Peve,0.08423444049170513
C4_joint,Apul-Peve,-0.09210665351695962
C4_joint,Apul-Peve,0.16554541932302494
C4_joint,Apul-Peve,-0.05959635095628898
C4_joint,Apul-Peve,-0.08256137508365329
C4_joint,Apul-Peve,0.06443943503222853
C4_joint,Apul-Peve,0.23863196083265828
C4_joint,Apul-Peve,-0.02793138670705506
C4_joint,Apul-Peve,0.08941213764925507
C4_joint,Apul-Peve,0.006974041069352966
C4_joint,Apul-Peve,0.09064492268676695
C4_joint,Apul-Peve,0.1683984361241239
C4_joint,Apul-Peve,-0.14342573350709736
C4_joint,Apul-Peve,-0.14649008488605547
C4_joint,Apul-Peve,-0.08932408157514708
C4_joint,Apul-Peve,-0.03767038850339897
C4_joint,Apul-Peve,0.015286534465147411
C4_joint,Apul-Peve,-0.12324328132154559
C4_joint,Apul-Peve,0.009844669085273504
C4_joint,Apul-Peve,-0.21156352365186154
C4_joint,Apul-Peve,-0.00516008594272833
C4_joint,Apul-Peve,0.009580500862949528
C4_joint,Apul-Peve,0.012803353175302035
C4_joint,Apul-Peve,0.12114754675777538
C4_joint,Apul-Peve,0.0903103096051566
C4_joint,Apul-Peve,0.20768905639110993
C4_joint,Apul-Peve,-0.043411644535240046
C4_joint,Apul-Peve,-0.08474516572153148
C4_joint,Apul-Peve,0.12829769997534435
C4_joint,Apul-Peve,0.04452115106900075
C4_joint,Apul-Peve,0.017294212954809627
C4_joint,Apul-Peve,0.03101334930083478
C4_joint,Apul-Peve,0.147388256841957
C4_joint,Apul-Peve,0.17653481737170235
C4_joint,Apul-Peve,-0.012028459723151705
C4_joint,Apul-Peve,-0.13379239899968304
C4_joint,Apul-Peve,0.08416399563241875
C4_joint,Apul-Peve,0.03538093057659118
C4_joint,Apul-Peve,0.09178965165017085
C4_joint,Apul-Peve,0.05989574160825615
C4_joint,Apul-Peve,0.15434468669648838
C4_joint,Apul-Peve,0.022824134408791524
C4_joint,Apul-Peve,0.03460603712444085
C4_joint,Apul-Peve,0.36622521221513865
C4_joint,Apul-Peve,0.15533091472649788
C4_joint,Apul-Peve,0.007748934521503295
C4_joint,Apul-Peve,0.05503504631749499
C4_joint,Apul-Peve,0.014705364376034662
C4_joint,Apul-Peve,-0.005758867246662676
C4_joint,Apul-Peve,0.05184741643478569
C4_joint,Apul-Peve,-0.13824803634954744
C4_joint,Apul-Peve,0.160543834313691
C4_joint,Apul-Peve,-0.1904124546511219
C4_joint,Apul-Peve,0.04823711739635801
C4_joint,Apul-Peve,0.016272762495156922
C4_joint,Apul-Peve,-0.036877883836427046
C4_joint,Apul-Peve,-0.019777394244655
C4_joint,Apul-Peve,0.12215138600260649
C4_joint,Apul-Peve,-0.04839561832975239
C4_joint,Apul-Peve,-0.05455954351731184
C4_joint,Apul-Peve,-0.016026205487654543
C4_joint,Apul-Peve,0.04415131555774718
C4_joint,Apul-Peve,0.06288964812792788
C4_joint,Apul-Peve,-0.0025712373639533662
C4_joint,Apul-Peve,-0.07092036208657675
C4_joint,Apul-Peve,0.11515973371843193
C4_joint,Apul-Peve,0.03025606706350605
C4_joint,Apul-Peve,0.030432179211722032
C4_joint,Apul-Peve,0.006568983128456203
C4_joint,Apul-Peve,0.03384875488711212
C4_joint,Apul-Peve,0.08537916945510904
C4_joint,Apul-Peve,0.06424571166919095
C4_joint,Apul-Peve,0.06790884435208341
C4_joint,Apul-Peve,-0.11348666831038008
C4_joint,Apul-Peve,-0.16304462681835796
C4_joint,Apul-Peve,0.020464231622697338
C4_joint,Apul-Peve,-0.041069352963967465
C4_joint,Apul-Peve,0.09039836567926458
C4_joint,Apul-Peve,0.009104998062766372
C4_joint,Apul-Peve,0.14353140079602694
C4_joint,Apul-Peve,0.06082913599380087
C4_joint,Apul-Peve,0.022771300764326728
C4_joint,Apul-Peve,0.0024127364305589804
C4_joint,Apul-Peve,-0.009421999929555143
C4_joint,Apul-Peve,0.07111408544961434
C4_joint,Apul-Peve,0.2085696171321898
C4_joint,Apul-Peve,0.06422810045436936
C4_joint,Apul-Peve,0.09659751329646721
C4_joint,Apul-Peve,-0.026082209150787225
C4_joint,Apul-Peve,0.15932866049100072
C4_joint,Apul-Peve,0.16690148286428802
C4_joint,Apul-Peve,0.02703321475115354
C4_joint,Apul-Peve,0.052199640731217654
C4_joint,Apul-Peve,0.11477228699235677
C4_joint,Apul-Peve,-0.04753266880349408
C4_joint,Apul-Peve,-0.13368673171075343
C4_joint,Apul-Peve,0.016466485858194504
C4_joint,Apul-Peve,-0.14650769610087708
C4_joint,Apul-Peve,-0.04922334542636752
C4_joint,Apul-Peve,-0.02025289704483816
C4_joint,Apul-Peve,0.03018562220421965
C4_joint,Apul-Peve,0.09312810397661232
C4_joint,Apul-Peve,0.1923672994963193
C4_joint,Apul-Peve,0.10896058610122927
C4_joint,Apul-Peve,0.06325948363918144
C4_joint,Apul-Peve,0.1825226304110458
C4_joint,Apul-Peve,0.0746539396287556
C4_joint,Apul-Peve,0.05003346130816105
C4_joint,Apul-Peve,0.17843682857243498
C4_joint,Apul-Peve,0.029217005389031745
C4_joint,Apul-Peve,0.09013419745694061
C4_joint,Apul-Peve,-0.02340530449790427
C4_joint,Apul-Peve,-0.06956429854531367
C4_joint,Apul-Peve,-0.006797928921136982
C4_joint,Apul-Peve,-0.09633334507414323
C4_joint,Apul-Peve,0.004649360712901977
C4_joint,Apul-Peve,0.12961854108696422
C4_joint,Apul-Peve,-0.056567222006974054
C4_joint,Apul-Peve,0.094589834806805
C4_joint,Apul-Peve,0.22170758338910224
C4_joint,Apul-Peve,0.13881159522383857
C4_joint,Apul-Peve,-0.12128843647634817
C4_joint,Apul-Peve,-0.051248635130851344
C4_joint,Apul-Peve,0.038744672607516475
C4_joint,Apul-Peve,0.052481420168363234
C4_joint,Apul-Peve,0.08981719559015183
C4_joint,Apul-Peve,-0.04154485576415062
C4_joint,Apul-Peve,-0.01519847839103942
C4_joint,Apul-Peve,-0.016360818569264912
C4_joint,Apul-Peve,0.18040928463245398
C4_joint,Apul-Peve,0.01623754006551372
C4_joint,Apul-Peve,0.0340072558205065
C4_joint,Apul-Peve,-0.03330280722764257
C4_joint,Apul-Peve,0.06026557711950972
C4_joint,Apul-Peve,-0.06141030608291361
C4_joint,Apul-Peve,0.072663872353914985
C4_joint,Apul-Peve,0.019284280229650244
C4_joint,Apul-Peve,0.10427600295868412
C4_joint,Apul-Peve,-0.09420238808072984
C4_joint,Apul-Peve,0.0935683843471523
C4_joint,Apul-Peve,-0.008013102743827272
C4_joint,Apul-Peve,-0.200098622803001
C4_joint,Apul-Peve,0.05017435102673383
C4_joint,Apul-Peve,-0.017769715754992782
C4_joint,Apul-Peve,0.08145186854989259
C4_joint,Apul-Peve,0.32455707794723687
C4_joint,Apul-Peve,0.08152231340917898
C4_joint,Apul-Peve,0.011235955056179777
C4_joint,Apul-Peve,0.06741573033707866
C4_joint,Apul-Peve,-0.008101158817935264
C4_joint,Apul-Peve,0.018104328836603154
C4_joint,Apul-Peve,-0.09136698249445248
C4_joint,Apul-Peve,0.06651755838117715
C4_joint,Apul-Peve,-0.009668556937057522
C4_joint,Apul-Peve,-0.06775034341868905
C4_joint,Apul-Peve,0.11910464583846997
C4_joint,Apul-Peve,0.19684054806100532
C4_joint,Apul-Peve,0.0715191433905111
C4_joint,Apul-Peve,0.15788454087562964
C4_joint,Apul-Peve,-0.08865485541192633
C4_joint,Apul-Peve,0.08384699376562997
C4_joint,Apul-Peve,0.07645028354055865
C4_joint,Apul-Peve,-0.13796625691240186
C4_joint,Apul-Peve,0.16552780810820333
C4_joint,Apul-Peve,0.05531682575464057
C4_joint,Apul-Peve,-0.008981719559015182
C4_joint,Apul-Peve,-0.020464231622697338
C4_joint,Apul-Peve,-0.20904511993237299
C4_joint,Apul-Peve,-0.016889155013912863
C4_joint,Apul-Peve,-0.15408051847416437
C4_joint,Apul-Peve,0.08550244795886022
C4_joint,Apul-Peve,-0.19183896305167136
C4_joint,Apul-Peve,0.10413511324011133
C4_joint,Apul-Peve,0.09198337501320844
C4_joint,Apul-Peve,-0.11089781973160512
C4_joint,Apul-Peve,0.17986333697298443
C4_joint,Apul-Peve,0.016889155013912863
C4_joint,Apul-Peve,0.23334859638617877
C4_joint,Apul-Peve,0.1022154908245571
C4_joint,Apul-Peve,0.018984889577683073
C4_joint,Apul-Peve,-0.03372547638336094
C4_joint,Apul-Peve,-0.043182698742559276
C4_joint,Apul-Peve,-0.08208587228347013
C4_joint,Apul-Peve,0.14467612975943084
C4_joint,Apul-Peve,-0.039959846430206766
C4_joint,Apul-Peve,-0.08729879187066325
C4_joint,Apul-Peve,0.027631996055087888
C4_joint,Apul-Peve,-0.011359233559930966
C4_joint,Apul-Peve,-0.012081293367616501
C4_joint,Apul-Peve,-0.08185692649078935
C4_joint,Apul-Peve,0.03920256419287803
C4_joint,Apul-Peve,0.03416575675390089
C4_joint,Apul-Peve,0.015216089605861016
C4_joint,Apul-Peve,-0.054506709872847045
C4_joint,Apul-Peve,0.018667887710894303
C4_joint,Apul-Peve,0.048501285618681986
C4_joint,Apul-Peve,0.07285759571695256
C4_joint,Apul-Peve,0.07498855271036599
C4_joint,Apul-Peve,0.052217251946039246
C4_joint,Apul-Peve,0.1801979500545948
C4_joint,Apul-Peve,0.14037899334296083
C4_joint,Apul-Peve,0.13574724384488046
C4_joint,Apul-Peve,0.12278538973618404
C4_joint,Apul-Peve,0.10496284033672647
C4_joint,Apul-Peve,-0.05227008559050404
C4_joint,Apul-Peve,-0.005248142016836323
C4_joint,Apul-Peve,-0.09120848156105811
C4_joint,Apul-Peve,0.058398788348420286
C4_joint,Apul-Peve,0.08080025360149345
C4_joint,Apul-Peve,-0.0058997569652354635
C4_joint,Apul-Peve,0.025694762424712064
C4_joint,Apul-Peve,0.2277130076432673
C4_joint,Apul-Peve,-8.805607410799198e-4
C4_joint,Apul-Peve,0.03450036983551126
C4_joint,Apul-Peve,0.0494875136486915
C4_joint,Apul-Peve,-0.07763023493360574
C4_joint,Apul-Peve,0.14481701947800363
C4_joint,Apul-Peve,-0.0560741079919693
C4_joint,Apul-Peve,-0.01308513261244761
C4_joint,Apul-Peve,-0.07609805924412667
C4_joint,Apul-Peve,-0.011517734493325353
C4_joint,Apul-Peve,-0.022084463386284392
C4_joint,Apul-Peve,-0.01252157373815646
C4_joint,Apul-Peve,0.13030537846500656
C4_joint,Apul-Peve,-0.02594131943221444
C4_joint,Apul-Peve,0.002130956993413406
C4_joint,Apul-Peve,0.07349159945053012
C4_joint,Apul-Peve,-0.03909689690394844
C4_joint,Apul-Peve,0.15202000634003737
C4_joint,Apul-Peve,-0.05987813039343455
C4_joint,Apul-Peve,-0.05403120707266389
C4_joint,Apul-Peve,-0.0494875136486915
C4_joint,Apul-Peve,0.17738015568313906
C4_joint,Apul-Peve,0.06111091543094644
C4_joint,Apul-Peve,-0.041403966045577834
C4_joint,Apul-Peve,0.151685393258427
C4_joint,Apul-Ptuh,-0.03911450811877004
C4_joint,Apul-Ptuh,0.07810573773378889
C4_joint,Apul-Ptuh,0.03266880349406503
C4_joint,Apul-Ptuh,0.17512592018597448
C4_joint,Apul-Ptuh,0.07331548730231413
C4_joint,Apul-Ptuh,0.14235144940297986
C4_joint,Apul-Ptuh,-0.027966609136698257
C4_joint,Apul-Ptuh,0.21561410306082918
C4_joint,Apul-Ptuh,-0.021626571800922832
C4_joint,Apul-Ptuh,0.12935437286464024
C4_joint,Apul-Ptuh,0.02174985030467402
C4_joint,Apul-Ptuh,0.12472262336655984
C4_joint,Apul-Ptuh,0.06746856398154347
C4_joint,Apul-Ptuh,0.015797259694973764
C4_joint,Apul-Ptuh,0.20089112746997292
C4_joint,Apul-Ptuh,0.02222535310485718
C4_joint,Apul-Ptuh,0.08226198443168611
C4_joint,Apul-Ptuh,0.039695678207882786
C4_joint,Apul-Ptuh,0.1693846641541334
C4_joint,Apul-Ptuh,0.09134937127963089
C4_joint,Apul-Ptuh,0.15876510161670956
C4_joint,Apul-Ptuh,0.21251452925222786
C4_joint,Apul-Ptuh,-0.13909337466098415
C4_joint,Apul-Ptuh,0.34065372829417784
C4_joint,Apul-Ptuh,0.0692120742488817
C4_joint,Apul-Ptuh,0.1617061744919165
C4_joint,Apul-Ptuh,0.16466485858194502
C4_joint,Apul-Ptuh,0.15968088478743267
C4_joint,Apul-Ptuh,0.11364516924377446
C4_joint,Apul-Ptuh,0.13153816350251843
C4_joint,Apul-Ptuh,2.9939065196717276e-4
C4_joint,Apul-Ptuh,0.09194815258356523
C4_joint,Apul-Ptuh,-0.04314747631291607
C4_joint,Apul-Ptuh,0.11142615617625305
C4_joint,Apul-Ptuh,0.17898277623190453
C4_joint,Apul-Ptuh,-0.03619104645838471
C4_joint,Apul-Ptuh,0.09601634320735446
C4_joint,Apul-Ptuh,0.04453876228382235
C4_joint,Apul-Ptuh,0.13845937092740662
C4_joint,Apul-Ptuh,0.19736888450565326
C4_joint,Apul-Ptuh,0.06671128174421473
C4_joint,Apul-Ptuh,0.10232115811348669
C4_joint,Apul-Ptuh,0.12003804022401467
C4_joint,Apul-Ptuh,0.04422176041703358
C4_joint,Apul-Ptuh,0.19164523968863376
C4_joint,Apul-Ptuh,0.13053432425768732
C4_joint,Apul-Ptuh,0.034570814694797655
C4_joint,Apul-Ptuh,-0.028195554929379037
C4_joint,Apul-Ptuh,0.06514388362509246
C4_joint,Apul-Ptuh,0.013296467190306792
C4_joint,Apul-Ptuh,0.06614772286992358
C4_joint,Apul-Ptuh,0.03441231376140327
C4_joint,Apul-Ptuh,0.09879891514916701
C4_joint,Apul-Ptuh,0.11387411503645524
C4_joint,Apul-Ptuh,0.0945193899475186
C4_joint,Apul-Ptuh,0.12953048501285622
C4_joint,Apul-Ptuh,-0.010725229826353424
C4_joint,Apul-Ptuh,0.10742841041175022
C4_joint,Apul-Ptuh,0.07884540875629603
C4_joint,Apul-Ptuh,-0.041509633334507426
C4_joint,Apul-Ptuh,0.11915747948293476
C4_joint,Apul-Ptuh,0.2785389736184003
C4_joint,Apul-Ptuh,0.04487337536543272
C4_joint,Apul-Ptuh,0.10223310203937869
C4_joint,Apul-Ptuh,-0.08442816385474272
C4_joint,Apul-Ptuh,0.018121940051424753
C4_joint,Apul-Ptuh,0.26751435314007965
C4_joint,Apul-Ptuh,0.2053995984643021
C4_joint,Apul-Ptuh,-0.0030995738086013183
C4_joint,Apul-Ptuh,0.22596949737592903
C4_joint,Apul-Ptuh,0.04249586136451693
C4_joint,Apul-Ptuh,0.195625374238315
C4_joint,Apul-Ptuh,0.15103377831002784
C4_joint,Apul-Ptuh,0.02352858300165546
C4_joint,Apul-Ptuh,0.14136522137297033
C4_joint,Apul-Ptuh,0.13111549434680006
C4_joint,Apul-Ptuh,0.20402592370821743
C4_joint,Apul-Ptuh,0.05471804445070623
C4_joint,Apul-Ptuh,0.06625339015885318
C4_joint,Apul-Ptuh,0.16783487724983273
C4_joint,Apul-Ptuh,-0.013490190553344373
C4_joint,Apul-Ptuh,0.09932725159381497
C4_joint,Apul-Ptuh,0.09302243668768274
C4_joint,Apul-Ptuh,0.11621640660772782
C4_joint,Apul-Ptuh,0.2363777253354937
C4_joint,Apul-Ptuh,-0.008541439188475223
C4_joint,Apul-Ptuh,0.1990067274840619
C4_joint,Apul-Ptuh,0.2814800464936072
C4_joint,Apul-Ptuh,0.16866260434644786
C4_joint,Apul-Ptuh,0.08161036948328698
C4_joint,Apul-Ptuh,0.16327357261103875
C4_joint,Apul-Ptuh,0.16949033144306297
C4_joint,Apul-Ptuh,-0.03923778662252123
C4_joint,Apul-Ptuh,0.18401958367088164
C4_joint,Apul-Ptuh,0.17465041738579132
C4_joint,Apul-Ptuh,0.03196435490120109
C4_joint,Apul-Ptuh,-0.004578915853615583
C4_joint,Apul-Ptuh,0.1472297559085626
C4_joint,Apul-Ptuh,0.13243633545841996
C4_joint,Apul-Ptuh,0.08830263111549436
C4_joint,Apul-Ptuh,0.12012609629812267
C4_joint,Apul-Ptuh,0.18173012574407388
C4_joint,Apul-Ptuh,0.09835863477862707
C4_joint,Apul-Ptuh,0.17091683984361244
C4_joint,Apul-Ptuh,0.012697685886372444
C4_joint,Apul-Ptuh,-0.019495614807509425
C4_joint,Apul-Ptuh,0.04436265013560637
C4_joint,Apul-Ptuh,0.16950794265788457
C4_joint,Apul-Ptuh,0.1256031841076398
C4_joint,Apul-Ptuh,0.021573738156458036
C4_joint,Apul-Ptuh,0.1460498045155155
C4_joint,Apul-Ptuh,0.24469021873128813
C4_joint,Apul-Ptuh,0.013719136346025151
C4_joint,Apul-Ptuh,0.11734352435631014
C4_joint,Apul-Ptuh,0.17357613328167382
C4_joint,Apul-Ptuh,0.147212144693741
C4_joint,Apul-Ptuh,-0.08094114332006624
C4_joint,Apul-Ptuh,0.23938924306998702
C4_joint,Apul-Ptuh,0.09478355816984257
C4_joint,Apul-Ptuh,0.11070409636856753
C4_joint,Apul-Ptuh,-0.042020358564333775
C4_joint,Apul-Ptuh,0.051459969708710515
C4_joint,Apul-Ptuh,-0.0318410763974499
C4_joint,Apul-Ptuh,0.0036807438977140648
C4_joint,Apul-Ptuh,0.13268289246592233
C4_joint,Apul-Ptuh,0.05304497904265437
C4_joint,Apul-Ptuh,0.10311366278045862
C4_joint,Apul-Ptuh,0.11521256736289673
C4_joint,Apul-Ptuh,0.0603712444084393
C4_joint,Apul-Ptuh,0.010690007396710227
C4_joint,Apul-Ptuh,0.04751505758867248
C4_joint,Apul-Ptuh,0.13592335599309643
C4_joint,Apul-Ptuh,-0.024567644676129766
C4_joint,Apul-Ptuh,-0.18097284350674514
C4_joint,Apul-Ptuh,0.06621816772920998
C4_joint,Apul-Ptuh,0.1890563911098588
C4_joint,Apul-Ptuh,0.16124828290655494
C4_joint,Apul-Ptuh,0.362702969250819
C4_joint,Apul-Ptuh,0.09221232080588922
C4_joint,Apul-Ptuh,0.03418336796872249
C4_joint,Apul-Ptuh,0.20974956852523693
C4_joint,Apul-Ptuh,0.09571695255538729
C4_joint,Apul-Ptuh,-0.11950970377936673
C4_joint,Apul-Ptuh,0.0769433975555634
C4_joint,Apul-Ptuh,-0.09374449649536827
C4_joint,Apul-Ptuh,0.1340389560071854
C4_joint,Apul-Ptuh,0.00922827656651756
C4_joint,Apul-Ptuh,0.0011799513930470925
C4_joint,Apul-Ptuh,0.22545877214610266
C4_joint,Apul-Ptuh,-0.028406889507238214
C4_joint,Apul-Ptuh,0.23586700010566733
C4_joint,Apul-Ptuh,0.1878764397168117
C4_joint,Apul-Ptuh,0.10526223098869363
C4_joint,Apul-Ptuh,0.1958719312458174
C4_joint,Apul-Ptuh,0.06565460885491882
C4_joint,Apul-Ptuh,0.16346729597407633
C4_joint,Apul-Ptuh,0.07738367792610336
C4_joint,Apul-Ptuh,0.07048008171603679
C4_joint,Apul-Ptuh,0.18770032756859573
C4_joint,Apul-Ptuh,0.09039836567926458
C4_joint,Apul-Ptuh,0.16660209221232086
C4_joint,Apul-Ptuh,0.20805889190236349
C4_joint,Apul-Ptuh,0.03636715860660069
C4_joint,Apul-Ptuh,0.09541756190342011
C4_joint,Apul-Ptuh,0.10316649642492341
C4_joint,Apul-Ptuh,0.14708886618998981
C4_joint,Apul-Ptuh,0.12359550561797757
C4_joint,Apul-Ptuh,0.17986333697298443
C4_joint,Apul-Ptuh,0.20494170687894056
C4_joint,Apul-Ptuh,0.0340072558205065
C4_joint,Apul-Ptuh,0.0900813638124758
C4_joint,Apul-Ptuh,0.0923355993096404
C4_joint,Apul-Ptuh,0.10920714310873167
C4_joint,Apul-Ptuh,0.10915430946426687
C4_joint,Apul-Ptuh,0.18405480610052485
C4_joint,Apul-Ptuh,0.039959846430206766
C4_joint,Apul-Ptuh,0.11165510196893383
C4_joint,Apul-Ptuh,0.07528794336233316
C4_joint,Apul-Ptuh,0.05660244443661726
C4_joint,Apul-Ptuh,0.04760311366278047
C4_joint,Apul-Ptuh,0.22130252544820547
C4_joint,Apul-Ptuh,-0.019513226022331027
C4_joint,Apul-Ptuh,0.23311965059349798
C4_joint,Apul-Ptuh,0.1583600436758128
C4_joint,Apul-Ptuh,0.03418336796872249
C4_joint,Apul-Ptuh,0.099063083371491
C4_joint,Apul-Ptuh,0.09691451516325598
C4_joint,Apul-Ptuh,0.13373956535521825
C4_joint,Apul-Ptuh,0.2362368356169209
C4_joint,Apul-Ptuh,0.06431615652847734
C4_joint,Apul-Ptuh,0.08594272832940018
C4_joint,Apul-Ptuh,0.04983973794512347
C4_joint,Apul-Ptuh,0.23137614032615977
C4_joint,Apul-Ptuh,-0.005776478461484274
C4_joint,Apul-Ptuh,0.09904547215666938
C4_joint,Apul-Ptuh,-0.04716283329224051
C4_joint,Apul-Ptuh,0.13551829805219967
C4_joint,Apul-Ptuh,0.15844809974992077
C4_joint,Apul-Ptuh,-0.03682505019196225
C4_joint,Apul-Ptuh,0.3141664612024938
C4_joint,Apul-Ptuh,0.0044556373498643945
C4_joint,Apul-Ptuh,0.0010038392448311086
C4_joint,Apul-Ptuh,-0.050473741678701015
C4_joint,Apul-Ptuh,0.08726356944102007
C4_joint,Apul-Ptuh,0.06472121446937411
C4_joint,Apul-Ptuh,0.1065830721003135
C4_joint,Apul-Ptuh,0.023158747490401893
C4_joint,Apul-Ptuh,0.15369307174808922
C4_joint,Apul-Ptuh,-0.010637173752245432
C4_joint,Apul-Ptuh,-0.0061287027579162425
C4_joint,Apul-Ptuh,-0.02960445211510691
C4_joint,Apul-Ptuh,-0.005952590609700258
C4_joint,Apul-Ptuh,0.31414884998767223
C4_joint,Apul-Ptuh,0.24396815892360257
C4_joint,Apul-Ptuh,-0.02703321475115354
C4_joint,Apul-Ptuh,0.15786692966080804
C4_joint,Apul-Ptuh,0.1396393223204537
C4_joint,Apul-Ptuh,0.08252615265401009
C4_joint,Apul-Ptuh,0.13356345320700225
C4_joint,Apul-Ptuh,-0.024902257757740135
C4_joint,Apul-Ptuh,0.06167447430523759
C4_joint,Apul-Ptuh,-0.0340424782501497
C4_joint,Apul-Ptuh,0.08731640308548486
C4_joint,Apul-Ptuh,0.2410623084780389
C4_joint,Apul-Ptuh,0.09913352823077738
C4_joint,Apul-Ptuh,0.05322109119087036
C4_joint,Apul-Ptuh,0.17535486597865524
C4_joint,Apul-Ptuh,0.1295128737980346
C4_joint,Apul-Ptuh,0.05829312105949069
C4_joint,Apul-Ptuh,0.12799830932337716
C4_joint,Apul-Ptuh,0.22910429361417353
C4_joint,Apul-Ptuh,-0.070427248071572
C4_joint,Apul-Ptuh,0.10424078052904091
C4_joint,Apul-Ptuh,0.05977246310450496
C4_joint,Apul-Ptuh,0.12118276918741858
C4_joint,Apul-Ptuh,0.17327674262970663
C4_joint,Apul-Ptuh,0.12583212990032056
C4_joint,Apul-Ptuh,0.024796590468810546
C4_joint,Apul-Ptuh,0.1682223239759079
C4_joint,Apul-Ptuh,0.19981684336585542
C4_joint,Apul-Ptuh,-0.07865168539325845
C4_joint,Apul-Ptuh,0.23387693283082672
C4_joint,Apul-Ptuh,-0.013666302701560358
C4_joint,Apul-Ptuh,-0.03841005952590611
C4_joint,Apul-Ptuh,0.1935120284597232
C4_joint,Apul-Ptuh,0.26201965411574096
C4_joint,Apul-Ptuh,0.12401817477369591
C4_joint,Apul-Ptuh,0.10019020112007328
C4_joint,Apul-Ptuh,0.2783628614701843
C4_joint,Apul-Ptuh,0.13173188686555604
C4_joint,Apul-Ptuh,0.22820612165827203
C4_joint,Apul-Ptuh,0.09756613011165513
C4_joint,Apul-Ptuh,0.007202986862033745
C4_joint,Apul-Ptuh,0.20136663027015608
C4_joint,Apul-Ptuh,0.15749709414955446
C4_joint,Apul-Ptuh,0.18224085097390022
C4_joint,Apul-Ptuh,0.2561375083653271
C4_joint,Apul-Ptuh,0.07271670599837979
C4_joint,Apul-Ptuh,0.26358705223486323
C4_joint,Apul-Ptuh,0.16866260434644786
C4_joint,Apul-Ptuh,0.03511676235426721
C4_joint,Apul-Ptuh,-0.13821281391990423
C4_joint,Apul-Ptuh,0.12884364763481387
C4_joint,Apul-Ptuh,0.022947412912542712
C4_joint,Apul-Ptuh,0.003381353245746892
C4_joint,Apul-Ptuh,0.021925962452890004
C4_joint,Apul-Ptuh,-0.07292804057623897
C4_joint,Apul-Ptuh,0.15270684371807972
C4_joint,Apul-Ptuh,0.09196576379838683
C4_joint,Apul-Ptuh,0.18217040611461383
C4_joint,Apul-Ptuh,0.12583212990032056
C4_joint,Apul-Ptuh,0.13587052234863164
C4_joint,Apul-Ptuh,0.003663132682892467
C4_joint,Apul-Ptuh,-0.04749744637385088
C4_joint,Apul-Ptuh,0.22931562819203272
C4_joint,Apul-Ptuh,-0.060899580853087255
C4_joint,Apul-Ptuh,0.06741573033707866
C4_joint,Apul-Ptuh,0.2273783945616569
C4_joint,Apul-Ptuh,0.16528125110070097
C4_joint,Apul-Ptuh,0.27732379979571
C4_joint,Apul-Ptuh,-0.002359902786094185
C4_joint,Apul-Ptuh,0.143091120425487
C4_joint,Apul-Ptuh,0.25205170652671627
C4_joint,Apul-Ptuh,0.10431122538832731
C4_joint,Apul-Ptuh,-0.06262547990560391
C4_joint,Apul-Ptuh,0.0010742841041175024
C4_joint,Apul-Ptuh,0.022102074601105987
C4_joint,Apul-Ptuh,0.0659011658624212
C4_joint,Apul-Ptuh,0.10404705716600333
C4_joint,Apul-Ptuh,-0.023651861505406647
C4_joint,Apul-Ptuh,0.16429502307069146
C4_joint,Apul-Ptuh,0.184530308900708
C4_joint,Apul-Ptuh,0.0999964777570357
C4_joint,Apul-Ptuh,0.15163255961396221
C4_joint,Apul-Ptuh,0.32489169102884724
C4_joint,Apul-Ptuh,0.09705540488182877
C4_joint,Apul-Ptuh,0.18745377056109333
C4_joint,Apul-Ptuh,0.10158148709097956
C4_joint,Apul-Ptuh,0.0017258990525166429
C4_joint,Apul-Ptuh,0.06364693036525661
C4_joint,Apul-Ptuh,0.13460251488147656
C4_joint,Apul-Ptuh,0.06894790602655773
C4_joint,Apul-Ptuh,0.10721707583389105
C4_joint,Apul-Ptuh,0.03909689690394844
C4_joint,Apul-Ptuh,0.21191574794829354
C4_joint,Apul-Ptuh,0.11915747948293476
C4_joint,Apul-Ptuh,0.05272797717586561
C4_joint,Apul-Ptuh,0.10827374872318696
C4_joint,Apul-Ptuh,0.06937057518227609
C4_joint,Apul-Ptuh,0.06621816772920998
C4_joint,Apul-Ptuh,0.2559261737874679
C4_joint,Apul-Ptuh,0.09076820119051814
C4_joint,Apul-Ptuh,-0.035011095065337616
C4_joint,Apul-Ptuh,-0.006974041069352966
C4_joint,Apul-Ptuh,-0.14865626430911208
C4_joint,Apul-Ptuh,-0.05892712479306824
C4_joint,Apul-Ptuh,0.0846571096474235
C4_joint,Apul-Ptuh,0.019530837237152623
C4_joint,Apul-Ptuh,0.2145045965270685
C4_joint,Apul-Ptuh,0.09404388714733544
C4_joint,Apul-Ptuh,0.06646472473671236
C4_joint,Apul-Ptuh,0.3041456799690043
C4_joint,Apul-Ptuh,0.20006340037335782
C4_joint,Apul-Ptuh,0.050966855693705765
C4_joint,Apul-Ptuh,-0.08511500123278505
C4_joint,Apul-Ptuh,0.13872353914973057
C4_joint,Apul-Ptuh,0.08546722552921703
C4_joint,Apul-Ptuh,0.07947941248987357
C4_joint,Apul-Ptuh,-0.13993871297242086
C4_joint,Apul-Ptuh,-0.004473248564685993
C4_joint,Apul-Ptuh,0.1022154908245571
C4_joint,Apul-Ptuh,0.0681201789299426
C4_joint,Apul-Ptuh,0.14763481384945937
C4_joint,Apul-Ptuh,0.24476066359057452
C4_joint,Apul-Ptuh,0.06521432848437887
C4_joint,Apul-Ptuh,0.026205487654538413
C4_joint,Apul-Ptuh,0.12655418970800608
C4_joint,Apul-Ptuh,0.11963298228311792
C4_joint,Apul-Ptuh,0.059332182733965004
C4_joint,Apul-Ptuh,0.004367581275756403
C4_joint,Apul-Ptuh,0.23468704871262028
C4_joint,Apul-Ptuh,0.0802543059420239
C4_joint,Apul-Ptuh,7.044485928639359e-5
C4_joint,Apul-Ptuh,-0.08536155824028745
C4_joint,Apul-Ptuh,0.16980733330985176
C4_joint,Apul-Ptuh,0.08856679933781834
C4_joint,Apul-Ptuh,0.24306998696770107
C4_joint,Apul-Ptuh,-0.012151738226902895
C4_joint,Apul-Ptuh,0.01946039237786623
C4_joint,Apul-Ptuh,0.29997182205628553
C4_joint,Apul-Ptuh,-0.06519671726955727
C4_joint,Apul-Ptuh,-0.03726533056250221
C4_joint,Apul-Ptuh,-0.052217251946039246
C4_joint,Apul-Ptuh,0.27760557923285556
C4_joint,Apul-Ptuh,-0.08284315452079886
C4_joint,Apul-Ptuh,-0.08784473953013282
C4_joint,Apul-Ptuh,0.05112535662710015
C4_joint,Apul-Ptuh,-0.04848367440386039
C4_joint,Apul-Ptuh,0.22919234968828153
C4_joint,Apul-Ptuh,0.14833926244232332
C4_joint,Apul-Ptuh,0.17780282483885743
C4_joint,Apul-Ptuh,0.1799866154767356
C4_joint,Apul-Ptuh,0.04415131555774718
C4_joint,Apul-Ptuh,0.08733401430030646
C4_joint,Apul-Ptuh,0.3003592687823607
C4_joint,Apul-Ptuh,0.1855693705751823
C4_joint,Apul-Ptuh,0.11912225705329157
C4_joint,Apul-Ptuh,-0.11695607763023495
C4_joint,Apul-Ptuh,0.0956288964812793
C4_joint,Apul-Ptuh,0.3434186890211688
C4_joint,Apul-Ptuh,0.018403719488570325
C4_joint,Apul-Ptuh,0.013331689619949988
C4_joint,Apul-Ptuh,-0.05135430241978092
C4_joint,Apul-Ptuh,0.056884223873762824
C4_joint,Apul-Ptuh,0.04057623894896271
C4_joint,Apul-Ptuh,0.014018526997992326
C4_joint,Apul-Ptuh,0.017875383043922374
C4_joint,Apul-Ptuh,-0.04608854918812301
C4_joint,Apul-Ptuh,0.09423761051037302
C4_joint,Apul-Ptuh,-0.03730055299214541
C4_joint,Apul-Ptuh,0.1440245148110317
C4_joint,Apul-Ptuh,0.10938325525694764
C4_joint,Apul-Ptuh,0.14347856715156215
C4_joint,Apul-Ptuh,0.18322707900390975
C4_joint,Apul-Ptuh,0.20096157232925932
C4_joint,Apul-Ptuh,0.03089007079708359
C4_joint,Apul-Ptuh,0.24835335141418063
C4_joint,Apul-Ptuh,0.039255397837342824
C4_joint,Apul-Ptuh,-0.059790074319326564
C4_joint,Apul-Ptuh,0.23576133281673778
C4_joint,Apul-Ptuh,0.046528829558662964
C4_joint,Apul-Ptuh,0.11604029445951185
C4_joint,Apul-Ptuh,0.06683456024796591
C4_joint,Apul-Ptuh,0.215314712408862
C4_joint,Apul-Ptuh,0.15364023810362443
C4_joint,Apul-Ptuh,-0.004279525201648411
C4_joint,Apul-Ptuh,0.2514000915783171
C4_joint,Apul-Ptuh,0.1255855728928182
C4_joint,Apul-Ptuh,0.031929132471557896
C4_joint,Apul-Ptuh,0.0924941002430348
C4_joint,Apul-Ptuh,0.20948540030291293
C4_joint,Apul-Ptuh,0.059948575252720945
C4_joint,Apul-Ptuh,0.1153006234370047
C4_joint,Apul-Ptuh,0.15008277270966153
C4_joint,Apul-Ptuh,0.2310767496741926
C4_joint,Apul-Ptuh,-0.035680321228558354
C4_joint,Apul-Ptuh,-0.03793455672572295
C4_joint,Apul-Ptuh,2.1133457785918076e-4
C4_joint,Apul-Ptuh,0.32721637138529824
C4_joint,Apul-Ptuh,0.1495016026205488
C4_joint,Apul-Ptuh,0.02507836990595612
C4_joint,Apul-Ptuh,-0.025694762424712064
C4_joint,Apul-Ptuh,-0.022912190482899514
C4_joint,Apul-Ptuh,-0.026152654010073623
C4_joint,Apul-Ptuh,0.06986368919728085
C4_joint,Apul-Ptuh,0.07847557324504247
C4_joint,Apul-Ptuh,0.1956958190976014
C4_joint,Apul-Ptuh,0.16214645486245646
C4_joint,Apul-Ptuh,-0.07129019759783031
C4_joint,Apul-Ptuh,0.08162798069810857
C4_joint,Apul-Ptuh,0.2968898594625058
C4_joint,Apul-Ptuh,0.2285407347398824
C4_joint,Apul-Ptuh,0.11052798422035155
C4_joint,Apul-Ptuh,0.1562290866823994
C4_joint,Apul-Ptuh,0.10786869078229018
C4_joint,Apul-Ptuh,0.10306082913599382
C4_joint,Apul-Ptuh,0.2102074601105985
C4_joint,Apul-Ptuh,0.12444084392941428
C4_joint,Apul-Ptuh,0.22021063012926637
C4_joint,Apul-Ptuh,0.3655559860519179
C4_joint,Apul-Ptuh,-0.02960445211510691
C4_joint,Apul-Ptuh,0.10323694128420981
C4_joint,Apul-Ptuh,0.11686802155612698
C4_joint,Apul-Ptuh,-0.040312070726638734
C4_joint,Apul-Ptuh,0.33183050966855704
C4_joint,Apul-Ptuh,0.06683456024796591
C4_joint,Apul-Ptuh,0.13875876157937378
C4_joint,Apul-Ptuh,0.10756930013032302
C4_joint,Apul-Ptuh,0.08138142369060619
C4_joint,Apul-Ptuh,0.1557359726673946
C4_joint,Apul-Ptuh,-0.002553626149131768
C4_joint,Apul-Ptuh,0.0857490049663626
C4_joint,Apul-Ptuh,0.03243985770138425
C4_joint,Apul-Ptuh,-0.0911732591314149
C4_joint,Apul-Ptuh,0.024444366172378575
C4_joint,Apul-Ptuh,0.05114296784192175
C4_joint,Apul-Ptuh,0.10491000669226165
C4_joint,Apul-Ptuh,0.020517065267162134
C4_joint,Apul-Ptuh,-0.028442111936881412
C4_joint,Apul-Ptuh,0.09710823852629356
C4_joint,Apul-Ptuh,0.09386777499911947
C4_joint,Apul-Ptuh,0.12842097847909553
C4_joint,Apul-Ptuh,0.002377514000915784
C4_joint,Apul-Ptuh,0.16320312775175236
C4_joint,Apul-Ptuh,0.03330280722764257
C4_joint,Apul-Ptuh,0.1528477334366525
C4_joint,Apul-Ptuh,0.13275333732520872
C4_joint,Apul-Ptuh,0.0231235250607587
C4_joint,Apul-Ptuh,0.12806875418266356
C4_joint,Apul-Ptuh,0.09474833574019938
C4_joint,Apul-Ptuh,0.03731816420696701
C4_joint,Apul-Ptuh,0.11683279912648377
C4_joint,Apul-Ptuh,0.20589271247930688
C4_joint,Apul-Ptuh,0.20594554612377167
C4_joint,Apul-Ptuh,0.296748969743933
C4_joint,Apul-Ptuh,0.06310098270578707
C4_joint,Apul-Ptuh,0.20203585643337682
C4_joint,Apul-Ptuh,0.19037723222147868
C4_joint,Apul-Ptuh,0.030379345567257236
C4_joint,Apul-Ptuh,-0.01639604099890811
C4_joint,Apul-Ptuh,0.017399880243739216
C4_joint,Apul-Ptuh,0.07190659011658626
C4_joint,Apul-Ptuh,0.032263745553168265
C4_joint,Apul-Ptuh,-0.00626959247648903
C4_joint,Apul-Ptuh,0.07558733401430033
C4_joint,Apul-Ptuh,0.03390158853157692
C4_joint,Apul-Ptuh,-0.003363742030925294
C4_joint,Apul-Ptuh,0.12320805889190238
C4_joint,Apul-Ptuh,0.01900250079250467
C4_joint,Apul-Ptuh,0.1505406642950231
C4_joint,Apul-Ptuh,0.20960867880666412
C4_joint,Apul-Ptuh,0.11151421225036105
C4_joint,Apul-Ptuh,0.1779789369870734
C4_joint,Apul-Ptuh,0.18544609207143112
C4_joint,Apul-Ptuh,0.02407453066112501
C4_joint,Apul-Ptuh,0.029076115670458955
C4_joint,Apul-Ptuh,-0.01903772322214787
C4_joint,Apul-Ptuh,-0.017153323236236837
C4_joint,Apul-Ptuh,0.13092177098376248
C4_joint,Apul-Ptuh,0.06826106864851539
C4_joint,Apul-Ptuh,0.043394033320418454
C4_joint,Apul-Ptuh,0.03608537916945512
C4_joint,Apul-Ptuh,0.046792997780986945
C4_joint,Apul-Ptuh,0.1253566271001374
C4_joint,Apul-Ptuh,0.14849776337571768
C4_joint,Apul-Ptuh,0.11417350568842242
C4_joint,Apul-Ptuh,0.1483744848719665
C4_joint,Apul-Ptuh,0.09849952449719984
C4_joint,Apul-Ptuh,0.1021626571800923
C4_joint,Apul-Ptuh,0.07956746856398156
C4_joint,Apul-Ptuh,0.10596667958155756
C4_joint,Apul-Ptuh,0.04651121834384137
C4_joint,Apul-Ptuh,0.21741044697263223
C4_joint,Apul-Ptuh,0.07164242189426229
C4_joint,Apul-Ptuh,0.16475291465605302
C4_joint,Apul-Ptuh,0.09173681800570606
C4_joint,Apul-Ptuh,0.10815047021943577
C4_joint,Apul-Ptuh,0.2233454263675109
C4_joint,Apul-Ptuh,0.03346130816103696
C4_joint,Apul-Ptuh,0.0319115212567363
C4_joint,Apul-Ptuh,0.24465499630164494
C4_joint,Apul-Ptuh,0.04871262019654117
C4_joint,Apul-Ptuh,0.08844352083406716
C4_joint,Apul-Ptuh,0.14756436899017297
C4_joint,Apul-Ptuh,0.001585009333943856
C4_joint,Apul-Ptuh,0.1000493114015005
C4_joint,Apul-Ptuh,0.2526857102602938
C4_joint,Apul-Ptuh,0.002518403719488571
C4_joint,Apul-Ptuh,0.027913775492233457
C4_joint,Apul-Ptuh,-0.02132718114895566
C4_joint,Apul-Ptuh,0.15371068296291082
C4_joint,Apul-Ptuh,0.08460427600295871
C4_joint,Apul-Ptuh,0.08187453770561094
C4_joint,Apul-Ptuh,0.16344968475925473
C4_joint,Apul-Ptuh,5.987813039343455e-4
C4_joint,Apul-Ptuh,0.0560741079919693
C4_joint,Apul-Ptuh,0.12588496354478534
C4_joint,Apul-Ptuh,-0.01910816808143426
C4_joint,Apul-Ptuh,0.2465217850727344
C4_joint,Apul-Ptuh,0.18389630516713046
C4_joint,Apul-Ptuh,-0.07174808918319188
C4_joint,Apul-Ptuh,0.07819379380789689
C4_joint,Apul-Ptuh,-0.03448275862068966
C4_joint,Apul-Ptuh,0.19428692191187352
C4_joint,Apul-Ptuh,0.1186995878975732
C4_joint,Apul-Ptuh,0.04593004825472862
C4_joint,Apul-Ptuh,-0.05443626501356065
C4_joint,Apul-Ptuh,-0.13030537846500656
C4_joint,Apul-Ptuh,0.13791342326793704
C4_joint,Apul-Ptuh,0.1275932513824804
C4_joint,Apul-Ptuh,0.04328836603148886
C4_joint,Apul-Ptuh,0.29681941460321937
C4_joint,Apul-Ptuh,0.1361699130005988
C4_joint,Apul-Ptuh,-0.031929132471557896
C4_joint,Apul-Ptuh,-0.09157831707231166
C4_joint,Apul-Ptuh,0.1112148215983939
C4_joint,Apul-Ptuh,0.034887816561586425
C4_joint,Apul-Ptuh,0.0812933676164982
C4_joint,Apul-Ptuh,0.010742841041175023
C4_joint,Apul-Ptuh,0.19087034623648344
C4_joint,Apul-Ptuh,0.24225987108590757
C4_joint,Apul-Ptuh,0.2310767496741926
C4_joint,Apul-Ptuh,0.2211792469444543
C4_joint,Apul-Ptuh,0.09244126659857
C4_joint,Apul-Ptuh,-0.02273607833468353
C4_joint,Apul-Ptuh,0.11512451128878873
C4_joint,Apul-Ptuh,0.17310063048149066
C4_joint,Apul-Ptuh,0.16987777816913813
C4_joint,Apul-Ptuh,0.0999964777570357
C4_joint,Apul-Ptuh,0.09272304603571556
C4_joint,Apul-Ptuh,0.10593145715191436
C4_joint,Apul-Ptuh,0.08109964425346063
C4_joint,Apul-Ptuh,0.14009721390581525
C4_joint,Apul-Ptuh,-0.07060336021978797
C4_joint,Apul-Ptuh,-0.09201859744285162
C4_joint,Apul-Ptuh,0.19411080976365755
C4_joint,Apul-Ptuh,0.04360536789827763
C4_joint,Apul-Ptuh,0.16961360994681418
C4_joint,Apul-Ptuh,0.1990947835581699
C4_joint,Apul-Ptuh,0.0429009193054137
C4_joint,Apul-Ptuh,0.008981719559015182
C4_joint,Apul-Ptuh,0.10089464971293723
C4_joint,Apul-Ptuh,0.2557852840688951
C4_joint,Apul-Ptuh,-0.07886301997111762
C4_joint,Apul-Ptuh,0.034887816561586425
C4_joint,Apul-Ptuh,0.19544926209009902
C4_joint,Apul-Ptuh,-0.040118347363601155
C4_joint,Apul-Ptuh,0.09020464231622699
C4_joint,Apul-Ptuh,-0.06996935648621043
C4_joint,Apul-Ptuh,0.07167764432390547
C4_joint,Apul-Ptuh,0.00935155507026875
C4_joint,Apul-Ptuh,0.07048008171603679
C4_joint,Apul-Ptuh,0.3650980944665564
C4_joint,Apul-Ptuh,0.0626783135500687
C4_joint,Apul-Ptuh,0.10311366278045862
C4_joint,Apul-Ptuh,0.16505230530802018
C4_joint,Apul-Ptuh,0.06815540135958581
C4_joint,Apul-Ptuh,0.22200697404106942
C4_joint,Apul-Ptuh,0.1166566869782678
C4_joint,Apul-Ptuh,0.1739283575781058
C4_joint,Apul-Ptuh,-0.09060970025712377
C4_joint,Apul-Ptuh,0.22766017399880248
C4_joint,Apul-Ptuh,0.08810890775245678
C4_joint,Apul-Ptuh,0.2567010672396183
C4_joint,Apul-Ptuh,0.08812651896727838
C4_joint,Apul-Ptuh,0.05751822760734037
C4_joint,Apul-Ptuh,-0.11575851502236627
C4_joint,Apul-Ptuh,0.14353140079602694
C4_joint,Apul-Ptuh,0.04800817160367723
C4_joint,Apul-Ptuh,0.18953189391004197
C4_joint,Apul-Ptuh,-0.00792504666971928
C4_joint,Apul-Ptuh,0.08013102743827272
C4_joint,Apul-Ptuh,-0.04628227255116059
C4_joint,Apul-Ptuh,0.1627276249515692
C4_joint,Apul-Ptuh,0.1384065372829418
C4_joint,Apul-Ptuh,0.23375365432707554
C4_joint,Apul-Ptuh,0.12232749815082247
C4_joint,Apul-Ptuh,-0.012451128878870068
C4_joint,Apul-Ptuh,0.14321439892923818
C4_joint,Apul-Ptuh,-0.0626783135500687
C4_joint,Apul-Ptuh,0.08374132647670038
C4_joint,Apul-Ptuh,0.16177661935120288
C4_joint,Apul-Ptuh,-0.07831707231164807
C4_joint,Apul-Ptuh,-0.0037511887570004583
C4_joint,Apul-Ptuh,0.12072487760205701
C4_joint,Apul-Ptuh,0.05559860519178614
C4_joint,Apul-Ptuh,0.14129477651368394
C4_joint,Apul-Ptuh,0.1428621746328062
C4_joint,Apul-Ptuh,0.07954985734915997
C4_joint,Apul-Ptuh,0.07310415272445496
C4_joint,Apul-Ptuh,0.08515022366242825
C4_joint,Apul-Ptuh,0.12886125884963548
C4_joint,Apul-Ptuh,0.15536613715614106
C4_joint,Apul-Ptuh,0.14807509421999931
C4_joint,Apul-Ptuh,0.19282519108168086
C4_joint,Apul-Ptuh,0.11956253742383151
C4_joint,Apul-Ptuh,0.07933852277130078
C4_joint,Apul-Ptuh,0.1494663801909056
C4_joint,Apul-Ptuh,0.15223134091789656
C4_joint,Apul-Ptuh,0.06949385368602727
C4_joint,Apul-Ptuh,0.01965411574090381
C4_joint,Apul-Ptuh,0.11544151315557749
C4_joint,Apul-Ptuh,0.21684688809834105
C4_joint,Apul-Ptuh,0.149536825050192
C4_joint,Apul-Ptuh,0.11936881406079394
C4_joint,Apul-Ptuh,0.162692402521926
C4_joint,Apul-Ptuh,0.1046106160402945
C4_joint,Apul-Ptuh,9.510056003663135e-4
C4_joint,Apul-Ptuh,0.07541122186608434
C4_joint,Apul-Ptuh,0.10158148709097956
C4_joint,Apul-Ptuh,0.05454193230249024
C4_joint,Apul-Ptuh,0.09765418618576312
C4_joint,Apul-Ptuh,0.13483146067415733
C4_joint,Apul-Ptuh,0.2518579831636787
C4_joint,Apul-Ptuh,0.11535345708146952
C4_joint,Apul-Ptuh,-0.06942340882674089
C4_joint,Apul-Ptuh,-0.021802683949138816
C4_joint,Apul-Ptuh,0.03420097918354409
C4_joint,Apul-Ptuh,0.1408368849283224
C4_joint,Apul-Ptuh,0.059913352823077755
C4_joint,Apul-Ptuh,0.05528160332499737
C4_joint,Apul-Ptuh,0.09450177873269701
C4_joint,Apul-Ptuh,0.050491352893522606
C4_joint,Apul-Ptuh,0.10499806276636965
C4_joint,Apul-Ptuh,0.1153182346518263
C4_joint,Apul-Ptuh,-0.03134796238244515
C4_joint,Apul-Ptuh,0.11281744214715933
C4_joint,Apul-Ptuh,0.15522524743756827
C4_joint,Apul-Ptuh,0.029146560529745347
C4_joint,Apul-Ptuh,-0.04851889683350359
C4_joint,Apul-Ptuh,0.14532774470782997
C4_joint,Apul-Ptuh,0.08078264238667185
C4_joint,Apul-Ptuh,0.06389348737275899
C4_joint,Apul-Ptuh,0.16230495579585083
C4_joint,Apul-Ptuh,0.12900214856820827
C4_joint,Apul-Ptuh,0.14222817089922868
C4_joint,Apul-Ptuh,0.10584340107780638
C4_joint,Apul-Ptuh,0.13719136346025151
C4_joint,Apul-Ptuh,0.03344369694621536
C4_joint,Apul-Ptuh,0.09191293015392205
C4_joint,Apul-Ptuh,0.06325948363918144
C4_joint,Apul-Ptuh,0.14317917649959497
C4_joint,Apul-Ptuh,0.07423127047303725
C4_joint,Apul-Ptuh,0.36199852065795507
C4_joint,Apul-Ptuh,0.3504103413053433
C4_joint,Apul-Ptuh,0.15869465675742314
C4_joint,Apul-Ptuh,0.186854989257159
C4_joint,Apul-Ptuh,0.25321404670494174
C4_joint,Apul-Ptuh,0.23572611038709457
C4_joint,Apul-Ptuh,0.11049276179070834
C4_joint,Apul-Ptuh,0.052798422035152
C4_joint,Apul-Ptuh,0.13569441020041564
C4_joint,Apul-Ptuh,0.21154591243703993
C4_joint,Apul-Ptuh,-0.08389982741009477
C4_joint,Apul-Ptuh,0.2504490859779508
C4_joint,Apul-Ptuh,0.13498996160755172
C4_joint,Apul-Ptuh,0.04010073614877955
C4_joint,Apul-Ptuh,-0.0034341868902116874
C4_joint,Apul-Ptuh,0.13460251488147656
C4_joint,Apul-Ptuh,0.027579162410623092
C4_joint,Apul-Ptuh,0.11725546828220214
C4_joint,Apul-Ptuh,0.053432425768729544
C4_joint,Apul-Ptuh,0.08037758444577509
C4_joint,Apul-Ptuh,0.16276284738121238
C4_joint,Apul-Ptuh,0.16633792398999686
C4_joint,Apul-Ptuh,0.23699411785424965
C4_joint,Apul-Ptuh,0.016519319502659297
C4_joint,Apul-Ptuh,0.15437990912613156
C4_joint,Apul-Ptuh,0.06470360325455252
C4_joint,Apul-Ptuh,0.1034658870768906
C4_joint,Apul-Ptuh,0.1725370716071995
C4_joint,Apul-Ptuh,0.0571307808812652
C4_joint,Apul-Ptuh,0.011922792434222116
C4_joint,Apul-Ptuh,-0.07796484801521611
C4_joint,Apul-Ptuh,0.08935930400479027
C4_joint,Apul-Ptuh,0.04430981649114157
C4_joint,Apul-Ptuh,0.11722024585255894
C4_joint,Apul-Ptuh,-0.04668733049205735
C4_joint,Apul-Ptuh,0.2638864428868304
C4_joint,Apul-Ptuh,0.04004790250431475
C4_joint,Apul-Ptuh,0.2021943573667712
C4_joint,Apul-Ptuh,0.012574407382621257
C4_joint,Apul-Ptuh,0.10378288894367937
C4_joint,Apul-Ptuh,0.1757070902750872
C4_joint,Apul-Ptuh,0.09851713571202145
C4_joint,Apul-Ptuh,0.13025254482054174
C4_joint,Apul-Ptuh,0.14932549047233282
C4_joint,Apul-Ptuh,0.2683420802366948
C4_joint,Apul-Ptuh,0.21397626008242054
C4_joint,Apul-Ptuh,0.24100947483357407
C4_joint,Apul-Ptuh,0.30821387059279354
C4_joint,Apul-Ptuh,0.10038392448311087
C4_joint,Apul-Ptuh,0.017558381177133604
C4_joint,Apul-Ptuh,0.21968229368461842
C4_joint,Apul-Ptuh,-0.06014229861575853
C4_joint,Apul-Ptuh,0.016994822302842456
C4_joint,Apul-Ptuh,0.08770384981156001
C4_joint,Apul-Ptuh,-0.01669543165087528
C4_joint,Apul-Ptuh,-0.10825613750836537
C4_joint,Apul-Ptuh,0.19918283963227787
C4_joint,Apul-Ptuh,0.08972913951604385
C4_joint,Apul-Ptuh,0.17209679123665955
C4_joint,Apul-Ptuh,-0.015216089605861016
C4_joint,Apul-Ptuh,0.15371068296291082
C4_joint,Apul-Ptuh,0.06787362192244023
C4_joint,Apul-Ptuh,0.054383431369095854
C4_joint,Apul-Ptuh,0.10640695995209752
C4_joint,Apul-Ptuh,-0.032721637138529824
C4_joint,Apul-Ptuh,0.0032932971716389003
C4_joint,Apul-Ptuh,-0.016624986791588886
C4_joint,Apul-Ptuh,-0.14798703814589134
C4_joint,Apul-Ptuh,0.08155753583882218
C4_joint,Apul-Ptuh,0.11237716177661937
C4_joint,Apul-Ptuh,0.13507801768165972
C4_joint,Apul-Ptuh,0.13027015603536335
C4_joint,Apul-Ptuh,0.15975132964671906
C4_joint,Apul-Ptuh,0.1571272586383009
C4_joint,Apul-Ptuh,0.055827550984466914
C4_joint,Apul-Ptuh,0.2872036913106267
C4_joint,Apul-Ptuh,0.05225247437568245
C4_joint,Apul-Ptuh,0.22876968053256322
C4_joint,Apul-Ptuh,0.10300799549152903
C4_joint,Apul-Ptuh,0.06345320700221903
C4_joint,Apul-Ptuh,0.14925504561304642
C4_joint,Apul-Ptuh,0.08502694515867706
C4_joint,Apul-Ptuh,-0.014088971857278717
C4_joint,Apul-Ptuh,0.21395864886759894
C4_joint,Apul-Ptuh,0.14360184565531334
C4_joint,Apul-Ptuh,0.2895988165263641
C4_joint,Apul-Ptuh,0.24689162058398795
C4_joint,Apul-Ptuh,0.13227783452502556
C4_joint,Apul-Ptuh,0.16966644359127897
C4_joint,Apul-Ptuh,0.1745975837413265
C4_joint,Apul-Ptuh,0.05232291923496884
C4_joint,Apul-Ptuh,0.05635588742911487
C4_joint,Apul-Ptuh,0.1867493219682294
C4_joint,Apul-Ptuh,0.1759712584974112
C4_joint,Apul-Ptuh,0.15196717269557256
C4_joint,Apul-Ptuh,0.15909971469831993
C4_joint,Apul-Ptuh,0.06651755838117715
C4_joint,Apul-Ptuh,0.03777605579232856
C4_joint,Apul-Ptuh,0.04651121834384137
C4_joint,Apul-Ptuh,0.14421823817406929
C4_joint,Apul-Ptuh,-0.08942974886407667
C4_joint,Apul-Ptuh,0.005177697157549929
C4_joint,Apul-Ptuh,0.20633299284984682
C4_joint,Apul-Ptuh,-0.0746891620583988
C4_joint,Apul-Ptuh,0.05861012292627947
C4_joint,Apul-Ptuh,-0.016360818569264912
C4_joint,Apul-Ptuh,0.13430312422950938
C4_joint,Apul-Ptuh,0.0790919657637984
C4_joint,Apul-Ptuh,0.09645662357789443
C4_joint,Apul-Ptuh,0.11759008136381251
C4_joint,Apul-Ptuh,0.17657003980134553
C4_joint,Apul-Ptuh,0.15418618576309398
C4_joint,Apul-Ptuh,0.018209996125532743
C4_joint,Apul-Ptuh,0.14127716529886236
C4_joint,Apul-Ptuh,0.06676411538867953
C4_joint,Apul-Ptuh,0.14707125497516824
C4_joint,Apul-Ptuh,-0.07181853404247827
C4_joint,Apul-Ptuh,0.0955936740516361
C4_joint,Apul-Ptuh,0.08522066852171464
C4_joint,Apul-Ptuh,-0.02035856433376775
C4_joint,Apul-Ptuh,-0.006428093409883416
C4_joint,Apul-Ptuh,0.046018104328836615
C4_joint,Apul-Ptuh,0.18070867528442117
C4_joint,Apul-Ptuh,0.10818569264907896
C4_joint,Apul-Ptuh,0.23664189355781765
C4_joint,Apul-Ptuh,0.19338874995597202
C4_joint,Apul-Ptuh,0.1354126307632701
C4_joint,Apul-Ptuh,0.11956253742383151
C4_joint,Apul-Ptuh,0.3422211264133001
C4_joint,Apul-Ptuh,0.18291007713712096
C4_joint,Apul-Ptuh,0.1604910006692262
C4_joint,Apul-Ptuh,0.07678489662216902
C4_joint,Apul-Ptuh,0.0076961008770385
C4_joint,Apul-Ptuh,0.14763481384945937
C4_joint,Apul-Ptuh,0.12438801028494947
C4_joint,Apul-Ptuh,-0.018368497058927128
C4_joint,Apul-Ptuh,0.21612482829065555
C4_joint,Apul-Ptuh,0.06206192103131275
C4_joint,Apul-Ptuh,0.1484273185164313
C4_joint,Apul-Ptuh,0.052217251946039246
C4_joint,Apul-Ptuh,0.1814307350921067
C4_joint,Apul-Ptuh,-0.08736923672994966
C4_joint,Apul-Ptuh,-0.06833151350780178
C4_joint,Apul-Ptuh,0.11380367017716886
C4_joint,Apul-Ptuh,0.05436582015427426
C4_joint,Apul-Ptuh,0.26122714944876907
C4_joint,Apul-Ptuh,-0.07333309851713572
C4_joint,Apul-Ptuh,0.002430347645380579
C4_joint,Apul-Ptuh,0.08330104610616043
C4_joint,Apul-Ptuh,0.060670635060406486
C4_joint,Apul-Ptuh,0.15291817829593887
C4_joint,Apul-Ptuh,0.14703603254552502
C4_joint,Apul-Ptuh,0.12400056355887432
C4_joint,Apul-Ptuh,0.06540805184741645
C4_joint,Apul-Ptuh,0.030661125004402812
C4_joint,Apul-Ptuh,0.12338417104011838
C4_joint,Apul-Ptuh,0.09265260117642916
C4_joint,Apul-Ptuh,0.02955161847064211
C4_joint,Apul-Ptuh,0.22873445810291998
C4_joint,Apul-Ptuh,-0.026099820365608827
C4_joint,Apul-Ptuh,0.14219294846958547
C4_joint,Apul-Ptuh,0.16137156141030612
C4_joint,Apul-Ptuh,0.11147898982071786
C4_joint,Apul-Ptuh,0.022454298897537958
C4_joint,Apul-Ptuh,0.21387059279349094
C4_joint,Apul-Ptuh,0.09591067591842488
C4_joint,Apul-Ptuh,0.11466661970342718
C4_joint,Apul-Ptuh,0.09150787221302528
C4_joint,Apul-Ptuh,0.09545278433306333
C4_joint,Apul-Ptuh,0.19858405832834353
C4_joint,Apul-Ptuh,0.1900250079250467
C4_joint,Apul-Ptuh,0.1636434081222923
C4_joint,Apul-Ptuh,-0.033021027790496996
C4_joint,Apul-Ptuh,0.20381458913035824
C4_joint,Apul-Ptuh,0.23630728047620728
C4_joint,Apul-Ptuh,0.07990208164559193
C4_joint,Apul-Ptuh,0.09178965165017085
C4_joint,Apul-Ptuh,0.20279313867070556
C4_joint,Apul-Ptuh,0.3111901658976437
C4_joint,Apul-Ptuh,0.1527948997921877
C4_joint,Apul-Ptuh,0.14451762882603644
C4_joint,Apul-Ptuh,0.10057764784614845
C4_joint,Apul-Ptuh,0.2516818710154627
C4_joint,Apul-Ptuh,0.022383854038251563
C4_joint,Apul-Ptuh,0.10260293755063228
C4_joint,Apul-Ptuh,0.0834771582543764
C4_joint,Apul-Ptuh,0.21040118347363607
C4_joint,Apul-Ptuh,-0.04277764080166251
C4_joint,Apul-Ptuh,0.07555211158465712
C4_joint,Apul-Ptuh,0.0791800218379064
C4_joint,Apul-Ptuh,0.09853474692684304
C4_joint,Apul-Ptuh,0.012222183086189288
C4_joint,Apul-Ptuh,0.08377654890634359
C4_joint,Apul-Ptuh,0.09885174879363182
C4_joint,Apul-Ptuh,-0.08271987601704768
C4_joint,Apul-Ptuh,0.08428727413616993
C4_joint,Apul-Ptuh,0.08810890775245678
C4_joint,Apul-Ptuh,0.19182135183684976
C4_joint,Apul-Ptuh,0.046035715543658214
C4_joint,Apul-Ptuh,0.16741220809411436
C4_joint,Apul-Ptuh,0.20515304145679975
C4_joint,Apul-Ptuh,0.11287027579162413
C4_joint,Apul-Ptuh,0.03708921841428623
C4_joint,Apul-Ptuh,0.12238033179528726
C4_joint,Apul-Ptuh,0.0020957345637702095
C4_joint,Apul-Ptuh,0.17968722482476845
C4_joint,Apul-Ptuh,-0.1110387094501779
C4_joint,Apul-Ptuh,-0.02056989891162693
C4_joint,Apul-Ptuh,0.12762847381212358
C4_joint,Apul-Ptuh,-0.07819379380789689
C4_joint,Apul-Ptuh,-0.019636504526082215
C4_joint,Apul-Ptuh,0.1889507238209292
C4_joint,Apul-Ptuh,0.22595188616110745
C4_joint,Apul-Ptuh,0.19888344898031068
C4_joint,Apul-Ptuh,0.17114578563629324
C4_joint,Apul-Ptuh,0.09816491141558947
C4_joint,Apul-Ptuh,-0.09702018245218558
C4_joint,Apul-Ptuh,0.04559543517311825
C4_joint,Apul-Ptuh,0.15658131097883138
C4_joint,Apul-Ptuh,-0.00945722235919834
C4_joint,Apul-Ptuh,0.068102567715121
C4_joint,Apul-Ptuh,0.15233700820682616
C4_joint,Apul-Ptuh,0.032545524990313844
C4_joint,Apul-Ptuh,0.05765911732591315
C4_joint,Apul-Ptuh,0.21151069000739675
C4_joint,Apul-Ptuh,-0.047303723010813294
C4_joint,Apul-Ptuh,0.04084040717128668
C4_joint,Apul-Ptuh,0.13270050368074393
C4_joint,Apul-Ptuh,0.14897326617590084
C4_joint,Apul-Ptuh,0.12401817477369591
C4_joint,Apul-Ptuh,0.05232291923496884
C4_joint,Apul-Ptuh,0.00516008594272833
C4_joint,Apul-Ptuh,0.10943608890141246
C4_joint,Apul-Ptuh,0.0264168222323976
C4_joint,Apul-Ptuh,0.0681730125744074
C4_joint,Apul-Ptuh,0.017206156880701633
C4_joint,Apul-Ptuh,0.23664189355781765
C4_joint,Apul-Ptuh,0.018192384910711144
C4_joint,Apul-Ptuh,0.006410482195061817
C4_joint,Apul-Ptuh,-0.022824134408791524
C4_joint,Apul-Ptuh,0.1278221971751612
C4_joint,Apul-Ptuh,0.019495614807509425
C4_joint,Apul-Ptuh,-0.09362121799161709
C4_joint,Apul-Ptuh,0.23156986368919735
C4_joint,Apul-Ptuh,-0.0988165263639886
C4_joint,Apul-Ptuh,0.27926103342608577
C4_joint,Apul-Ptuh,0.13056954668733053
C4_joint,Apul-Ptuh,0.21006657039202567
C4_joint,Apul-Ptuh,0.03684266140678385
C4_joint,Apul-Ptuh,0.14603219330069392
C4_joint,Apul-Ptuh,0.06965235461942167
C4_joint,Apul-Ptuh,0.12681835793033006
C4_joint,Apul-Ptuh,0.11598746081504704
C4_joint,Apul-Ptuh,-9.510056003663135e-4
C4_joint,Apul-Ptuh,-0.07623894896269946
C4_joint,Apul-Ptuh,0.3047444612729387
C4_joint,Apul-Ptuh,0.11589940474093904
C4_joint,Apul-Ptuh,0.19111690324398584
C4_joint,Apul-Ptuh,0.21631855165369313
C4_joint,Apul-Ptuh,0.08647106477404813
C4_joint,Apul-Ptuh,0.06850762565601777
C4_joint,Apul-Ptuh,0.2099785143179177
C4_joint,Apul-Ptuh,0.31606847240322644
C4_joint,Apul-Ptuh,0.011200732626536581
C4_joint,Apul-Ptuh,-0.037212496918037415
C4_joint,Apul-Ptuh,-0.03478214927265683
C4_joint,Apul-Ptuh,0.21922440209925687
C4_joint,Apul-Ptuh,-0.07199464619069425
C4_joint,Apul-Ptuh,0.252985100912261
C4_joint,Apul-Ptuh,0.16422457821140504
C4_joint,Apul-Ptuh,0.08507977880314187
C4_joint,Apul-Ptuh,-0.03446514740586807
C4_joint,Apul-Ptuh,0.20673805079074362
C4_joint,Apul-Ptuh,0.06697544996653872
C4_joint,Apul-Ptuh,-0.05313303511676237
C4_joint,Apul-Ptuh,0.14559191293015394
C4_joint,Apul-Ptuh,-0.07123736395336552
C4_joint,Apul-Ptuh,0.2494100243034765
C4_joint,Apul-Ptuh,0.09756613011165513
C4_joint,Apul-Ptuh,0.023000246557007508
C4_joint,Apul-Ptuh,0.1295657074424994
C4_joint,Apul-Ptuh,0.23713500757282244
C4_joint,Apul-Ptuh,0.044626818357930344
C4_joint,Apul-Ptuh,0.12861470184213308
C4_joint,Apul-Ptuh,0.0395723997041316
C4_joint,Apul-Ptuh,0.10413511324011133
C4_joint,Apul-Ptuh,0.125198126166743
C4_joint,Apul-Ptuh,0.07407276953964287
C4_joint,Apul-Ptuh,-0.04207319220879857
C4_joint,Apul-Ptuh,-0.08536155824028745
C4_joint,Apul-Ptuh,0.1935120284597232
C4_joint,Apul-Ptuh,-0.08775668345602482
C4_joint,Apul-Ptuh,-0.006023035468986652
C4_joint,Apul-Ptuh,0.2578810186326654
C4_joint,Apul-Ptuh,0.16633792398999686
C4_joint,Apul-Ptuh,0.3248212461695609
C4_joint,Apul-Ptuh,0.14643725124159068
C4_joint,Apul-Ptuh,0.05573949491035893
C4_joint,Apul-Ptuh,-0.020746011059842914
C4_joint,Apul-Ptuh,0.1430735092106654
C4_joint,Apul-Ptuh,0.1265013560635413
C4_joint,Apul-Ptuh,0.022630411045753942
C4_joint,Apul-Ptuh,0.07546405551054915
C4_joint,Apul-Ptuh,0.07504138635483076
C4_joint,Apul-Ptuh,0.12366595047726395
C4_joint,Apul-Ptuh,-0.009527667218484732
C4_joint,Apul-Ptuh,0.14129477651368394
C4_joint,Apul-Ptuh,-0.1309393821985841
C4_joint,Apul-Ptuh,-0.0021133457785918078
C4_joint,Apul-Ptuh,0.12264450001761125
C4_joint,Apul-Ptuh,0.0253073156986369
C4_joint,Apul-Ptuh,0.24854707477721819
C4_joint,Apul-Ptuh,-0.018509386777499914
C4_joint,Apul-Ptuh,0.1317847205100208
C4_joint,Apul-Ptuh,-0.0428128632313057
C4_joint,Apul-Ptuh,0.1362403578598852
C4_joint,Apul-Ptuh,0.20367369941178548
C4_joint,Apul-Ptuh,0.16107217075833896
C4_joint,Apul-Ptuh,0.3804726850058118
C4_joint,Apul-Ptuh,0.06577788735867002
C4_joint,Apul-Ptuh,0.14157655595082952
C4_joint,Apul-Ptuh,0.018350885844105533
C4_joint,Apul-Ptuh,0.16753548659786555
C4_joint,Apul-Ptuh,0.27350216617942313
C4_joint,Apul-Ptuh,0.17324152020006345
C4_joint,Apul-Ptuh,0.060089464971293735
C4_joint,Apul-Ptuh,0.1661618118417809
C4_joint,Peve-Ptuh,0.1583424324609912
C4_joint,Peve-Ptuh,-0.07851079567468565
C4_joint,Peve-Ptuh,-0.05942023880807299
C4_joint,Peve-Ptuh,0.13808953541615304
C4_joint,Peve-Ptuh,0.2202810749885528
C4_joint,Peve-Ptuh,0.12540946074460219
C4_joint,Peve-Ptuh,0.13439118030361738
C4_joint,Peve-Ptuh,-0.07283998450213097
C4_joint,Peve-Ptuh,0.15216089605861016
C4_joint,Peve-Ptuh,0.14825120636821532
C4_joint,Peve-Ptuh,-0.18977845091754433
C4_joint,Peve-Ptuh,0.21337747877848617
C4_joint,Peve-Ptuh,-0.017523158747490403
C4_joint,Peve-Ptuh,0.2835757810573774
C4_joint,Peve-Ptuh,0.13664541580078196
C4_joint,Peve-Ptuh,0.2624071008418161
C4_joint,Peve-Ptuh,0.08768623859673842
C4_joint,Peve-Ptuh,0.07976119192701914
C4_joint,Peve-Ptuh,0.03555704272480717
C4_joint,Peve-Ptuh,0.02219013067521398
C4_joint,Peve-Ptuh,0.005036807438977142
C4_joint,Peve-Ptuh,-0.09494205910323696
C4_joint,Peve-Ptuh,0.06139269486809202
C4_joint,Peve-Ptuh,-0.04406325948363919
C4_joint,Peve-Ptuh,0.03145362967137474
C4_joint,Peve-Ptuh,-0.02932267267796133
C4_joint,Peve-Ptuh,0.025131203550420915
C4_joint,Peve-Ptuh,-0.009421999929555143
C4_joint,Peve-Ptuh,-0.001673065408051848
C4_joint,Peve-Ptuh,0.06558416399563244
C4_joint,Peve-Ptuh,-0.09696734880772077
C4_joint,Peve-Ptuh,0.058891902363425036
C4_joint,Peve-Ptuh,0.015445035398541794
C4_joint,Peve-Ptuh,-0.232855482371174
C4_joint,Peve-Ptuh,0.06632383501813956
C4_joint,Peve-Ptuh,0.09066253390158854
C4_joint,Peve-Ptuh,-0.06649994716635554
C4_joint,Peve-Ptuh,0.09580500862949529
C4_joint,Peve-Ptuh,0.022824134408791524
C4_joint,Peve-Ptuh,0.1176429150082773
C4_joint,Peve-Ptuh,-0.0219964073121764
C4_joint,Peve-Ptuh,0.2528618224085098
C4_joint,Peve-Ptuh,-0.03863900531858688
C4_joint,Peve-Ptuh,-0.03775844457750696
C4_joint,Peve-Ptuh,0.030520235285830026
C4_joint,Peve-Ptuh,0.08113486668310382
C4_joint,Peve-Ptuh,0.16801098939804873
C4_joint,Peve-Ptuh,0.11815364023810364
C4_joint,Peve-Ptuh,-0.09624528900003525
C4_joint,Peve-Ptuh,0.14987143813180237
C4_joint,Peve-Ptuh,-0.02025289704483816
C4_joint,Peve-Ptuh,-0.07979641435666233
C4_joint,Peve-Ptuh,-0.09164876193159806
C4_joint,Peve-Ptuh,-0.05750061639251877
C4_joint,Peve-Ptuh,0.029516396040998916
C4_joint,Peve-Ptuh,-0.10246204783205948
C4_joint,Peve-Ptuh,0.06584833221795641
C4_joint,Peve-Ptuh,0.017100489591772045
C4_joint,Peve-Ptuh,-0.04429220527631997
C4_joint,Peve-Ptuh,0.01902011200732627
C4_joint,Peve-Ptuh,0.3375717657003981
C4_joint,Peve-Ptuh,-0.014705364376034662
C4_joint,Peve-Ptuh,0.0275087175513367
C4_joint,Peve-Ptuh,-0.01164101299707654
C4_joint,Peve-Ptuh,0.022489521327181156
C4_joint,Peve-Ptuh,0.036877883836427046
C4_joint,Peve-Ptuh,0.03576837730266635
C4_joint,Peve-Ptuh,0.20321580782642393
C4_joint,Peve-Ptuh,-0.04374625761685042
C4_joint,Peve-Ptuh,0.10688246275228068
C4_joint,Peve-Ptuh,0.006023035468986652
C4_joint,Peve-Ptuh,0.07229403684266143
C4_joint,Peve-Ptuh,-0.18060300799549156
C4_joint,Peve-Ptuh,0.18817583036877888
C4_joint,Peve-Ptuh,0.1362755802895284
C4_joint,Peve-Ptuh,-0.1175548589341693
C4_joint,Peve-Ptuh,0.06681694903314432
C4_joint,Peve-Ptuh,-0.09726673945968796
C4_joint,Peve-Ptuh,0.06752139762600826
C4_joint,Peve-Ptuh,0.05586277341411012
C4_joint,Peve-Ptuh,-0.036437603465887085
C4_joint,Peve-Ptuh,0.17783804726850064
C4_joint,Peve-Ptuh,0.03654327075481668
C4_joint,Peve-Ptuh,0.015304145679969008
C4_joint,Peve-Ptuh,0.25016730654080527
C4_joint,Peve-Ptuh,0.09878130393434541
C4_joint,Peve-Ptuh,-0.0020605121341270125
C4_joint,Peve-Ptuh,0.22898101511042235
C4_joint,Peve-Ptuh,0.1748793631784721
C4_joint,Peve-Ptuh,0.022348631608608366
C4_joint,Peve-Ptuh,0.051548025782818516
C4_joint,Peve-Ptuh,0.051935472508893674
C4_joint,Peve-Ptuh,0.028477334366524606
C4_joint,Peve-Ptuh,0.11560001408897189
C4_joint,Peve-Ptuh,0.06720439575921948
C4_joint,Peve-Ptuh,0.2812158782712832
C4_joint,Peve-Ptuh,0.2642034447536192
C4_joint,Peve-Ptuh,0.046176605262230996
C4_joint,Peve-Ptuh,0.025095981120777718
C4_joint,Peve-Ptuh,0.19830227889119795
C4_joint,Peve-Ptuh,0.034870205346764827
C4_joint,Peve-Ptuh,-0.2241203198196612
C4_joint,Peve-Ptuh,0.0318939100419147
C4_joint,Peve-Ptuh,0.06658800324046354
C4_joint,Peve-Ptuh,0.05602127434750451
C4_joint,Peve-Ptuh,0.06764467612975945
C4_joint,Peve-Ptuh,0.0351872072135536
C4_joint,Peve-Ptuh,-0.024550033461308164
C4_joint,Peve-Ptuh,0.09043358810890778
C4_joint,Peve-Ptuh,0.07431932654714524
C4_joint,Peve-Ptuh,0.09874608150470222
C4_joint,Peve-Ptuh,-0.033038639005318594
C4_joint,Peve-Ptuh,0.10149343101687157
C4_joint,Peve-Ptuh,0.2685181923849108
C4_joint,Peve-Ptuh,-0.13414462329611498
C4_joint,Peve-Ptuh,0.16667253707160723
C4_joint,Peve-Ptuh,0.3846641541333522
C4_joint,Peve-Ptuh,0.048184283751893216
C4_joint,Peve-Ptuh,0.05246380895354162
C4_joint,Peve-Ptuh,-0.0726990947835582
C4_joint,Peve-Ptuh,0.0890423021380015
C4_joint,Peve-Ptuh,-0.024990313831848125
C4_joint,Peve-Ptuh,0.02440914374273538
C4_joint,Peve-Ptuh,0.17271318375541547
C4_joint,Peve-Ptuh,-0.022665633475397136
C4_joint,Peve-Ptuh,-0.01229262794547568
C4_joint,Peve-Ptuh,0.03934345391145082
C4_joint,Peve-Ptuh,0.16855693705751826
C4_joint,Peve-Ptuh,0.07192420133140787
C4_joint,Peve-Ptuh,0.025201648409707306
C4_joint,Peve-Ptuh,-0.03330280722764257
C4_joint,Peve-Ptuh,0.1900250079250467
C4_joint,Peve-Ptuh,0.14354901201084855
C4_joint,Peve-Ptuh,0.19537881723081263
C4_joint,Peve-Ptuh,0.031048571730477977
C4_joint,Peve-Ptuh,0.006410482195061817
C4_joint,Peve-Ptuh,0.09333943855447151
C4_joint,Peve-Ptuh,0.04209080342362018
C4_joint,Peve-Ptuh,0.0856961713218978
C4_joint,Peve-Ptuh,-0.04010073614877955
C4_joint,Peve-Ptuh,-0.014811031664964253
C4_joint,Peve-Ptuh,0.22558205064985387
C4_joint,Peve-Ptuh,0.03885033989644607
C4_joint,Peve-Ptuh,0.29181782959388547
C4_joint,Peve-Ptuh,-0.007537599943644114
C4_joint,Peve-Ptuh,-6.516149483991407e-4
C4_joint,Peve-Ptuh,0.19051812194005147
C4_joint,Peve-Ptuh,0.0934803282730443
C4_joint,Peve-Ptuh,0.13837131485329862
C4_joint,Peve-Ptuh,0.10792152442675498
C4_joint,Peve-Ptuh,0.17523158747490405
C4_joint,Peve-Ptuh,0.19964073121763945
C4_joint,Peve-Ptuh,0.08678806664083691
C4_joint,Peve-Ptuh,0.12502201401852703
C4_joint,Peve-Ptuh,0.0790919657637984
C4_joint,Peve-Ptuh,0.2220598076855342
C4_joint,Peve-Ptuh,0.007942657884540877
C4_joint,Peve-Ptuh,0.08724595822619848
C4_joint,Peve-Ptuh,0.03420097918354409
C4_joint,Peve-Ptuh,0.0701983022788912
C4_joint,Peve-Ptuh,0.1838258603078441
C4_joint,Peve-Ptuh,0.1713042865696876
C4_joint,Peve-Ptuh,0.1834384135817689
C4_joint,Peve-Ptuh,0.0648797154027685
C4_joint,Peve-Ptuh,0.047303723010813294
C4_joint,Peve-Ptuh,0.07717234334824419
C4_joint,Peve-Ptuh,0.05674333415519004
C4_joint,Peve-Ptuh,-0.11706174491916455
C4_joint,Peve-Ptuh,-1.937233630375824e-4
C4_joint,Peve-Ptuh,0.12629002148568214
C4_joint,Peve-Ptuh,0.06954668733049207
C4_joint,Peve-Ptuh,0.21968229368461842
C4_joint,Peve-Ptuh,0.05707794723680041
C4_joint,Peve-Ptuh,0.04240780529040894
C4_joint,Peve-Ptuh,0.024567644676129766
C4_joint,Peve-Ptuh,0.10246204783205948
C4_joint,Peve-Ptuh,0.049276179070832316
C4_joint,Peve-Ptuh,-0.0035046317494980815
C4_joint,Peve-Ptuh,0.16658448099749923
C4_joint,Peve-Ptuh,-0.012451128878870068
C4_joint,Peve-Ptuh,0.15670458948258256
C4_joint,Peve-Ptuh,-0.035328096932126386
C4_joint,Peve-Ptuh,-0.15087527737663348
C4_joint,Peve-Ptuh,0.07519988728822516
C4_joint,Peve-Ptuh,0.0903103096051566
C4_joint,Peve-Ptuh,0.15973371843189746
C4_joint,Peve-Ptuh,0.10744602162657184
C4_joint,Peve-Ptuh,0.10378288894367937
C4_joint,Peve-Ptuh,0.16845126976858868
C4_joint,Peve-Ptuh,0.07289281814659578
C4_joint,Peve-Ptuh,-0.07868690782290164
C4_joint,Peve-Ptuh,0.06369976400972141
C4_joint,Peve-Ptuh,0.038586171674122094
C4_joint,Peve-Ptuh,0.052710365961044
C4_joint,Peve-Ptuh,-0.045067098728470305
C4_joint,Peve-Ptuh,0.3072628649924273
C4_joint,Peve-Ptuh,0.13002359902786098
C4_joint,Peve-Ptuh,-0.007273431721320138
C4_joint,Peve-Ptuh,0.17234334824416192
C4_joint,Peve-Ptuh,0.10189848895776835
C4_joint,Peve-Ptuh,0.08622450776654575
C4_joint,Peve-Ptuh,0.07104364059032794
C4_joint,Peve-Ptuh,0.1341974569405798
C4_joint,Peve-Ptuh,-0.02558909513578247
C4_joint,Peve-Ptuh,0.02613504279525202
C4_joint,Peve-Ptuh,-0.03659610439928147
C4_joint,Peve-Ptuh,0.2184671198619281
C4_joint,Peve-Ptuh,0.03383114367229052
C4_joint,Peve-Ptuh,0.04475009686168153
C4_joint,Peve-Ptuh,0.13786058962347228
C4_joint,Peve-Ptuh,0.15076961008770387
C4_joint,Peve-Ptuh,0.11299355429537533
C4_joint,Peve-Ptuh,0.15631714275650738
C4_joint,Peve-Ptuh,0.08125814518685501
C4_joint,Peve-Ptuh,0.10695290761156706
C4_joint,Peve-Ptuh,-0.04758550244795887
C4_joint,Peve-Ptuh,0.12104187946884579
C4_joint,Peve-Ptuh,-0.0087879961959776
C4_joint,Peve-Ptuh,0.08050086294952628
C4_joint,Peve-Ptuh,0.1856926490789335
C4_joint,Peve-Ptuh,0.07495333028072278
C4_joint,Peve-Ptuh,0.1495016026205488
C4_joint,Peve-Ptuh,0.17403402486703537
C4_joint,Peve-Ptuh,-0.07069141629389597
C4_joint,Peve-Ptuh,-0.003539854179141278
C4_joint,Peve-Ptuh,0.08303687788383644
C4_joint,Peve-Ptuh,0.10806241414532777
C4_joint,Peve-Ptuh,0.0627487584093551
C4_joint,Peve-Ptuh,-0.02275368954950513
C4_joint,Peve-Ptuh,-0.05042090803423622
C4_joint,Peve-Ptuh,0.2589376915219612
C4_joint,Peve-Ptuh,0.1428445634179846
C4_joint,Peve-Ptuh,0.2449015533091473
C4_joint,Peve-Ptuh,-0.08950019372336306
C4_joint,Peve-Ptuh,0.06507343876580608
C4_joint,Peve-Ptuh,-0.07315698636891974
C4_joint,Peve-Ptuh,0.046141382832587806
C4_joint,Peve-Ptuh,-0.11602268324469024
C4_joint,Peve-Ptuh,0.02382797365362263
C4_joint,Peve-Ptuh,0.056373498643936475
C4_joint,Peve-Ptuh,0.10614279172977355
C4_joint,Peve-Ptuh,0.04147441090486423
C4_joint,Peve-Ptuh,0.22993202071078866
C4_joint,Peve-Ptuh,0.213166144200627
C4_joint,Peve-Ptuh,0.17239618188862674
C4_joint,Peve-Ptuh,-0.03145362967137474
C4_joint,Peve-Ptuh,0.06639427987742597
C4_joint,Peve-Ptuh,0.08382938255080838
C4_joint,Peve-Ptuh,0.09724912824486635
C4_joint,Peve-Ptuh,0.04906484449297314
C4_joint,Peve-Ptuh,0.0253073156986369
C4_joint,Peve-Ptuh,0.14129477651368394
C4_joint,Peve-Ptuh,0.09085625726462614
C4_joint,Peve-Ptuh,-0.015744426050508967
C4_joint,Peve-Ptuh,0.03203479976048748
C4_joint,Peve-Ptuh,0.027050825965975137
C4_joint,Peve-Ptuh,-0.09904547215666938
C4_joint,Peve-Ptuh,0.0780881265189673
C4_joint,Peve-Ptuh,0.044327427705963166
C4_joint,Peve-Ptuh,0.09739001796343914
C4_joint,Peve-Ptuh,0.050966855693705765
C4_joint,Peve-Ptuh,0.1559120848156106
C4_joint,Peve-Ptuh,0.279208199781621
C4_joint,Peve-Ptuh,0.04908245570779474
C4_joint,Peve-Ptuh,0.09754851889683352
C4_joint,Peve-Ptuh,-0.011535345708146951
C4_joint,Peve-Ptuh,-0.040417738015568326
C4_joint,Peve-Ptuh,-0.11681518791166218
C4_joint,Peve-Ptuh,0.03895600718537565
C4_joint,Peve-Ptuh,0.06852523687083936
C4_joint,Peve-Ptuh,0.15291817829593887
C4_joint,Peve-Ptuh,0.14124194286921915
C4_joint,Peve-Ptuh,0.03666654925856786
C4_joint,Peve-Ptuh,0.23488077207565783
C4_joint,Peve-Ptuh,0.07956746856398156
C4_joint,Peve-Ptuh,0.02111584657109648
C4_joint,Peve-Ptuh,0.1496072699094784
C4_joint,Peve-Ptuh,-0.02118629143038287
C4_joint,Peve-Ptuh,0.21249691803740625
C4_joint,Peve-Ptuh,-0.006251981261667432
C4_joint,Peve-Ptuh,0.20381458913035824
C4_joint,Peve-Ptuh,0.06602444436617239
C4_joint,Peve-Ptuh,-0.03215807826423867
C4_joint,Peve-Ptuh,0.054224930435701466
C4_joint,Peve-Ptuh,-0.013454968123701175
C4_joint,Peve-Ptuh,-0.07653833961466663
C4_joint,Peve-Ptuh,-0.06340037335775424
C4_joint,Peve-Ptuh,0.011535345708146951
C4_joint,Peve-Ptuh,0.14259800641048223
C4_joint,Peve-Ptuh,-0.04982212673030186
C4_joint,Peve-Ptuh,-0.046335106195625385
C4_joint,Peve-Ptuh,0.06121658271987603
C4_joint,Peve-Ptuh,-0.06820823500405059
C4_joint,Peve-Ptuh,0.14370751294424292
C4_joint,Peve-Ptuh,0.03370786516853933
C4_joint,Peve-Ptuh,0.14118910922475436
C4_joint,Peve-Ptuh,-0.005283364446479519
C4_joint,Peve-Ptuh,0.07516466485858196
C4_joint,Peve-Ptuh,0.10873164030854852
C4_joint,Peve-Ptuh,0.15247789792539893
C4_joint,Peve-Ptuh,0.006304814906132226
C4_joint,Peve-Ptuh,0.16684864921982323
C4_joint,Peve-Ptuh,-0.09307527033214753
C4_joint,Peve-Ptuh,0.17306540805184745
C4_joint,Peve-Ptuh,-0.07844035081539927
C4_joint,Peve-Ptuh,0.07551688915501392
C4_joint,Peve-Ptuh,0.10402944595118174
C4_joint,Peve-Ptuh,0.0395723997041316
C4_joint,Peve-Ptuh,0.12831531119016593
C4_joint,Peve-Ptuh,0.21778028248388578
C4_joint,Peve-Ptuh,0.23694128420978483
C4_joint,Peve-Ptuh,0.009333943855447151
C4_joint,Peve-Ptuh,0.1658800324046353
C4_joint,Peve-Ptuh,0.05153041456799691
C4_joint,Peve-Ptuh,0.09645662357789443
C4_joint,Peve-Ptuh,0.03390158853157692
C4_joint,Peve-Ptuh,-0.0026240710084181615
C4_joint,Peve-Ptuh,0.15823676517206162
C4_joint,Peve-Ptuh,0.055263992110175776
C4_joint,Peve-Ptuh,-0.0856961713218978
C4_joint,Peve-Ptuh,-0.11582895988165266
C4_joint,Peve-Ptuh,-0.05806417526680992
C4_joint,Peve-Ptuh,0.06995174527138884
C4_joint,Peve-Ptuh,0.14120672043957594
C4_joint,Peve-Ptuh,-0.1912577929625586
C4_joint,Peve-Ptuh,0.22603994223521542
C4_joint,Peve-Ptuh,0.16341446232961154
C4_joint,Peve-Ptuh,-0.012715297101194043
C4_joint,Peve-Ptuh,0.09739001796343914
C4_joint,Peve-Ptuh,0.036279102532492696
C4_joint,Peve-Ptuh,0.15651086611954496
C4_joint,Peve-Ptuh,0.022084463386284392
C4_joint,Peve-Ptuh,-0.03282730442745941
C4_joint,Peve-Ptuh,-0.13599380085238283
C4_joint,Peve-Ptuh,-0.024356310098270585
C4_joint,Peve-Ptuh,-0.005846923320770667
C4_joint,Peve-Ptuh,0.03309147264978339
C4_joint,Peve-Ptuh,0.0900813638124758
C4_joint,Peve-Ptuh,0.03145362967137474
C4_joint,Peve-Ptuh,-0.04450353985417915
C4_joint,Peve-Ptuh,-0.17760910147581985
C4_joint,Peve-Ptuh,-0.045401711810080674
C4_joint,Peve-Ptuh,0.129759430805537
C4_joint,Peve-Ptuh,0.10468106089958087
C4_joint,Peve-Ptuh,0.0340424782501497
C4_joint,Peve-Ptuh,0.20589271247930688
C4_joint,Peve-Ptuh,0.127610862597302
C4_joint,Peve-Ptuh,0.016959599873199258
C4_joint,Peve-Ptuh,-0.10103553943151
C4_joint,Peve-Ptuh,0.023493360572012265
C4_joint,Peve-Ptuh,-0.02296502412736431
C4_joint,Peve-Ptuh,0.06104047057166005
C4_joint,Peve-Ptuh,0.03941389877073722
C4_joint,Peve-Ptuh,-0.06109330421612485
C4_joint,Peve-Ptuh,0.0935155507026875
C4_joint,Peve-Ptuh,0.18859849952449723
C4_joint,Peve-Ptuh,-0.02233102039378677
C4_joint,Peve-Ptuh,-0.04957556972279949
C4_joint,Peve-Ptuh,0.03228135676798986
C4_joint,Peve-Ptuh,-9.157831707231167e-4
C4_joint,Peve-Ptuh,0.015902926983903352
C4_joint,Peve-Ptuh,0.0042971364164700095
C4_joint,Peve-Ptuh,-0.02398647458701702
C4_joint,Peve-Ptuh,-0.0307667922933324
C4_joint,Peve-Ptuh,0.16484097073016102
C4_joint,Peve-Ptuh,0.24028741502588852
C4_joint,Peve-Ptuh,0.08957063858264945
C4_joint,Peve-Ptuh,0.1782959388538622
C4_joint,Peve-Ptuh,-0.06084674720862247
C4_joint,Peve-Ptuh,0.04548976788418866
C4_joint,Peve-Ptuh,-0.04084040717128668
C4_joint,Peve-Ptuh,0.17877144165404535
C4_joint,Peve-Ptuh,-0.19426931069705192
C4_joint,Peve-Ptuh,0.19583670881617418
C4_joint,Peve-Ptuh,0.18204712761086264
C4_joint,Peve-Ptuh,-0.024021697016660216
C4_joint,Peve-Ptuh,0.17982811454334124
C4_joint,Peve-Ptuh,-0.026328766158289607
C4_joint,Peve-Ptuh,0.20055651438836256
C4_joint,Peve-Ptuh,0.08229720686132933
C4_joint,Peve-Ptuh,-0.01639604099890811
C4_joint,Peve-Ptuh,-0.037723222147863764
C4_joint,Peve-Ptuh,0.06542566306223804
C4_joint,Peve-Ptuh,-0.004420414920221198
C4_joint,Peve-Ptuh,0.10593145715191436
C4_joint,Peve-Ptuh,0.199834454580677
C4_joint,Peve-Ptuh,0.20728399845021314
C4_joint,Peve-Ptuh,0.1584128773202776
C4_joint,Peve-Ptuh,0.16846888098341026
C4_joint,Peve-Ptuh,0.016272762495156922
C4_joint,Peve-Ptuh,0.1562643091120426
C4_joint,Peve-Ptuh,0.03987179035609877
C4_joint,Peve-Ptuh,-0.09969708710506853
C4_joint,Peve-Ptuh,-0.012468740093691665
C4_joint,Peve-Ptuh,0.08474516572153148
C4_joint,Peve-Ptuh,0.15938149413546548
C4_joint,Peve-Ptuh,-0.013807192420133143
C4_joint,Peve-Ptuh,0.13451445880736856
C4_joint,Peve-Ptuh,0.011200732626536581
C4_joint,Peve-Ptuh,0.22283470113768453
C4_joint,Peve-Ptuh,0.07984924800112714
C4_joint,Peve-Ptuh,0.0242154203796978
C4_joint,Peve-Ptuh,0.13958648867598888
C4_joint,Peve-Ptuh,0.056214997710542086
C4_joint,Peve-Ptuh,-0.00836532704025924
C4_joint,Peve-Ptuh,-0.030502624071008424
C4_joint,Peve-Ptuh,0.08150470219435739
C4_joint,Peve-Ptuh,0.05072029868620339
C4_joint,Peve-Ptuh,-0.007097319573104154
C4_joint,Peve-Ptuh,0.05589799584375332
C4_joint,Peve-Ptuh,0.11572329259272307
C4_joint,Peve-Ptuh,0.06725722940368428
C4_joint,Peve-Ptuh,0.08314254517276604
C4_joint,Peve-Ptuh,0.015409812968898599
C4_joint,Peve-Ptuh,0.14649008488605547
C4_joint,Peve-Ptuh,0.20191257792962564
C4_joint,Peve-Ptuh,0.0671691733295763
C4_joint,Peve-Ptuh,-0.017435102673382413
C4_joint,Peve-Ptuh,-0.018861611073931882
C4_joint,Peve-Ptuh,0.031312739952801955
C4_joint,Peve-Ptuh,0.13432073544433099
C4_joint,Peve-Ptuh,-0.0016554541932302495
C4_joint,Peve-Ptuh,-0.2619139868268114
C4_joint,Peve-Ptuh,0.06015990983058013
C4_joint,Peve-Ptuh,0.07018069106406961
C4_joint,Peve-Ptuh,0.020041562466978975
C4_joint,Peve-Ptuh,0.07333309851713572
C4_joint,Peve-Ptuh,0.14441196153710686
C4_joint,Peve-Ptuh,0.016660209221232083
C4_joint,Peve-Ptuh,0.03955478848931
C4_joint,Peve-Ptuh,-0.1120073262653658
C4_joint,Peve-Ptuh,0.016536930717480896
C4_joint,Peve-Ptuh,-0.001373674756084675
C4_joint,Peve-Ptuh,0.03929062026698602
C4_joint,Peve-Ptuh,-0.007431932654714524
C4_joint,Peve-Ptuh,0.1812017892994259
C4_joint,Peve-Ptuh,0.012380684019583673
C4_joint,Peve-Ptuh,0.07571061251805151
C4_joint,Peve-Ptuh,-0.028019442781163053
C4_joint,Peve-Ptuh,-0.027667218484731082
C4_joint,Peve-Ptuh,0.16015638758761583
C4_joint,Peve-Ptuh,0.05785284068895074
C4_joint,Peve-Ptuh,0.033214751153534575
C4_joint,Peve-Ptuh,0.1560529745341834
C4_joint,Peve-Ptuh,0.1034658870768906
C4_joint,Peve-Ptuh,-0.05646155471804446
C4_joint,Peve-Ptuh,0.2789968652037618
C4_joint,Peve-Ptuh,-0.09244126659857
C4_joint,Peve-Ptuh,0.05503504631749499
C4_joint,Peve-Ptuh,0.12886125884963548
C4_joint,Peve-Ptuh,0.06900073967102252
C4_joint,Peve-Ptuh,0.012010848508330108
C4_joint,Peve-Ptuh,0.04881828748547076
C4_joint,Peve-Ptuh,0.2674791307104365
C4_joint,Peve-Ptuh,0.1317847205100208
C4_joint,Peve-Ptuh,0.15131555774717345
C4_joint,Peve-Ptuh,0.035997323095347124
C4_joint,Peve-Ptuh,0.021925962452890004
C4_joint,Peve-Ptuh,0.02229579796414357
C4_joint,Peve-Ptuh,0.057905674333415535
C4_joint,Peve-Ptuh,0.12623718784121732
C4_joint,Peve-Ptuh,-0.03235180162727626
C4_joint,Peve-Ptuh,0.1310274382726921
C4_joint,Peve-Ptuh,0.030837237152618796
C4_joint,Peve-Ptuh,0.1022154908245571
C4_joint,Peve-Ptuh,0.013666302701560358
C4_joint,Peve-Ptuh,0.16973688845056537
C4_joint,Peve-Ptuh,-0.034887816561586425
C4_joint,Peve-Ptuh,0.10431122538832731
C4_joint,Peve-Ptuh,0.09413194322144343
C4_joint,Peve-Ptuh,0.25685956817301264
C4_joint,Peve-Ptuh,0.1440245148110317
C4_joint,Peve-Ptuh,0.2365362262688881
C4_joint,Peve-Ptuh,0.026592934380613584
C4_joint,Peve-Ptuh,0.1691028847169878
C4_joint,Peve-Ptuh,-0.006375259765418619
C4_joint,Peve-Ptuh,-0.08532633581064424
C4_joint,Peve-Ptuh,-0.06054735655665529
C4_joint,Peve-Ptuh,0.05549293790285655
C4_joint,Peve-Ptuh,0.14483463069282523
C4_joint,Peve-Ptuh,0.03494065020605122
C4_joint,Peve-Ptuh,0.03833961466661971
C4_joint,Peve-Ptuh,0.11711457856362935
C4_joint,Peve-Ptuh,0.1207424888168786
C4_joint,Peve-Ptuh,-0.1483216512275017
C4_joint,Peve-Ptuh,0.026804268958472762
C4_joint,Peve-Ptuh,0.035803599732309545
C4_joint,Peve-Ptuh,0.030308900707970845
C4_joint,Peve-Ptuh,0.05212919587193126
C4_joint,Peve-Ptuh,0.11047515057588675
C4_joint,Peve-Ptuh,0.12835053361980914
C4_joint,Peve-Ptuh,0.0701983022788912
C4_joint,Peve-Ptuh,0.11545912437039911
C4_joint,Peve-Ptuh,0.12343700468458317
C4_joint,Peve-Ptuh,0.019442781163044633
C4_joint,Peve-Ptuh,-0.2058574900496637
C4_joint,Peve-Ptuh,0.1264485224190765
C4_joint,Peve-Ptuh,0.09374449649536827
C4_joint,Peve-Ptuh,-0.15115705681377906
C4_joint,Peve-Ptuh,0.11989715050544189
C4_joint,Peve-Ptuh,0.1551195801486387
C4_joint,Peve-Ptuh,-0.1001373674756085
C4_joint,Peve-Ptuh,0.004983973794512347
C4_joint,Peve-Ptuh,0.056531999577330856
C4_joint,Peve-Ptuh,-0.04376386883167202
C4_joint,Peve-Ptuh,0.12569124018174777
C4_joint,Peve-Ptuh,-0.07084991722729035
C4_joint,Peve-Ptuh,0.07414321439892925
C4_joint,Peve-Ptuh,0.2836286147018422
C4_joint,Peve-Ptuh,0.2131309217709838
C4_joint,Peve-Ptuh,0.04237258286076574
C4_joint,Peve-Ptuh,0.2507836990595612
C4_joint,Peve-Ptuh,0.005582755098446693
C4_joint,Peve-Ptuh,0.036279102532492696
C4_joint,Peve-Ptuh,0.13770208869007786
C4_joint,Peve-Ptuh,-0.0681377901447642
C4_joint,Peve-Ptuh,-0.09929202916417176
C4_joint,Peve-Ptuh,0.018949667148039875
C4_joint,Peve-Ptuh,-0.06679933781832273
C4_joint,Peve-Ptuh,0.04862456412243318
C4_joint,Peve-Ptuh,0.0516713042865697
C4_joint,Peve-Ptuh,-0.03587404459159594
C4_joint,Peve-Ptuh,0.17716882110527987
C4_joint,Peve-Ptuh,0.1624634567292452
C4_joint,Peve-Ptuh,-0.0318939100419147
C4_joint,Peve-Ptuh,0.003944912120038041
C4_joint,Peve-Ptuh,0.23070691416293904
C4_joint,Peve-Ptuh,0.004860695290761158
C4_joint,Peve-Ptuh,0.21693494417244905
C4_joint,Peve-Ptuh,0.020464231622697338
C4_joint,Peve-Ptuh,-4.226691557183615e-4
C4_joint,Peve-Ptuh,0.1308337149096545
C4_joint,Peve-Ptuh,0.09879891514916701
C4_joint,Peve-Ptuh,0.11614596174844143
C4_joint,Peve-Ptuh,0.019301891444471843
C4_joint,Peve-Ptuh,0.16945510901341979
C4_joint,Peve-Ptuh,0.0560741079919693
C4_joint,Peve-Ptuh,0.08316015638758763
C4_joint,Peve-Ptuh,0.11507167764432392
C4_joint,Peve-Ptuh,0.13261244760663593
C4_joint,Peve-Ptuh,-0.01484625409460745
C4_joint,Peve-Ptuh,-0.02319396992004509
C4_joint,Peve-Ptuh,0.023141136275580294
C4_joint,Peve-Ptuh,0.044785319291324725
C4_joint,Peve-Ptuh,0.008206826106864852
C4_joint,Peve-Ptuh,-0.081927371350075745
C4_joint,Peve-Ptuh,0.1910992920291642
C4_joint,Peve-Ptuh,0.013648691486738758
C4_joint,Peve-Ptuh,0.10284949455813465
C4_joint,Peve-Ptuh,0.011042231693142196
C4_joint,Peve-Ptuh,0.037335775421788606
C4_joint,Peve-Ptuh,0.02606459793596563
C4_joint,Peve-Ptuh,0.1484801521608961
C4_joint,Peve-Ptuh,0.19958789757317463
C4_joint,Peve-Ptuh,0.0911732591314149
C4_joint,Peve-Ptuh,-0.02902328202599416
C4_joint,Peve-Ptuh,0.03527526328766159
C4_joint,Peve-Ptuh,0.16084322496565817
C4_joint,Peve-Ptuh,-0.028583001655454198
C4_joint,Peve-Ptuh,0.025800429713641656
C4_joint,Peve-Ptuh,0.1352012961854109
C4_joint,Peve-Ptuh,0.0802719171568455
C4_joint,Peve-Ptuh,0.09027508717551339
C4_joint,Peve-Ptuh,-0.07618611531823467
C4_joint,Peve-Ptuh,-0.00780176816596809
C4_joint,Peve-Ptuh,-0.05536965939910537
C4_joint,Peve-Ptuh,0.05709555845162201
C4_joint,Peve-Ptuh,0.10843224965658134
C4_joint,Peve-Ptuh,0.003892078475573246
C4_joint,Peve-Ptuh,0.02893522595188617
C4_joint,Peve-Ptuh,0.0835299918988412
C4_joint,Peve-Ptuh,0.0406642950230707
C4_joint,Peve-Ptuh,0.07421365925821564
C4_joint,Peve-Ptuh,-0.036120601599098315
C4_joint,Peve-Ptuh,0.14719453347891942
C4_joint,Peve-Ptuh,0.19074706773273223
C4_joint,Peve-Ptuh,0.28977492867458005
C4_joint,Peve-Ptuh,-0.014423584938889088
C4_joint,Peve-Ptuh,0.01880877742946709
C4_joint,Peve-Ptuh,-0.008171603677221657
C4_joint,Peve-Ptuh,-0.04473248564685993
C4_joint,Peve-Ptuh,0.029974287626360473
C4_joint,Peve-Ptuh,0.1350427952520165
C4_joint,Peve-Ptuh,0.15883554647599596
C4_joint,Peve-Ptuh,0.05524638089535417
C4_joint,Peve-Ptuh,0.05408404071712868
C4_joint,Peve-Ptuh,0.01033778310027826
C4_joint,Peve-Ptuh,0.004895917720404355
C4_joint,Peve-Ptuh,0.11716741220809414
C4_joint,Peve-Ptuh,0.12461695607763025
C4_joint,Peve-Ptuh,0.046528829558662964
C4_joint,Peve-Ptuh,-0.154010073614878
C4_joint,Peve-Ptuh,0.05272797717586561
C4_joint,Peve-Ptuh,-0.019407558733401435
C4_joint,Peve-Ptuh,-0.06917685181923851
C4_joint,Peve-Ptuh,0.06736289669261387
C4_joint,Peve-Ptuh,0.12267972244725445
C4_joint,Peve-Ptuh,-0.017822549399457578
C4_joint,Peve-Ptuh,0.14575041386354834
C4_joint,Peve-Ptuh,0.04032968194146033
C4_joint,Peve-Ptuh,0.19296608080025365
C4_joint,Peve-Ptuh,0.10469867211440247
C4_joint,Peve-Ptuh,-0.004790250431474764
C4_joint,Peve-Ptuh,-0.03826916980733332
C4_joint,Peve-Ptuh,-0.109893980486774
C4_joint,Peve-Ptuh,0.10295516184706424
C4_joint,Peve-Ptuh,0.11686802155612698
C4_joint,Peve-Ptuh,0.12454651121834387
C4_joint,Peve-Ptuh,-0.07616850410341308
C4_joint,Peve-Ptuh,0.06276636962417668
C4_joint,Peve-Ptuh,0.19826705646155476
C4_joint,Peve-Ptuh,0.10573773378887678
C4_joint,Peve-Ptuh,0.08927124793068228
C4_joint,Peve-Ptuh,0.013543024197809167
C4_joint,Peve-Ptuh,0.11693846641541336
C4_joint,Peve-Ptuh,-0.15411574090380759
C4_joint,Peve-Ptuh,-0.09899263851220459
C4_joint,Peve-Ptuh,0.05302736782783278
C4_joint,Peve-Ptuh,0.12813919904194992
C4_joint,Peve-Ptuh,0.08338910218026842
C4_joint,Peve-Ptuh,-0.05952590609700258
C4_joint,Peve-Ptuh,-0.004772639216653166
C4_joint,Peve-Ptuh,0.0029939065196717277
C4_joint,Peve-Ptuh,0.03279208199781622
C4_joint,Peve-Ptuh,0.11123243281321549
C4_joint,Peve-Ptuh,0.034077700679792905
C4_joint,Peve-Ptuh,0.08701701243351768
C4_joint,Peve-Ptuh,0.009862280300095103
C4_joint,Peve-Ptuh,-0.009069775633123174
C4_joint,Peve-Ptuh,-0.020059173681800577
C4_joint,Peve-Ptuh,0.057183614525729995
C4_joint,Peve-Ptuh,0.1460674157303371
C4_joint,Peve-Ptuh,0.09878130393434541
C4_joint,Peve-Ptuh,-0.08331865732098202
C4_joint,Peve-Ptuh,0.051917861294072075
C4_joint,Peve-Ptuh,0.17524919868972566
C4_joint,Peve-Ptuh,-0.006005424254165054
C4_joint,Peve-Ptuh,0.2053115423901941
C4_joint,Peve-Ptuh,0.13025254482054174
C4_joint,Peve-Ptuh,0.204395759219471
C4_joint,Peve-Ptuh,0.0461942164770526
C4_joint,Peve-Ptuh,0.1164629636152302
C4_joint,Peve-Ptuh,-0.07868690782290164
C4_joint,Peve-Ptuh,0.033478919375858555
C4_joint,Peve-Ptuh,-0.06466838082490932
C4_joint,Peve-Ptuh,0.2847733436652461
C4_joint,Peve-Ptuh,0.12241555422493047
C4_joint,Peve-Ptuh,0.07444260505089642
C4_joint,Peve-Ptuh,0.11353950195484487
C4_joint,Peve-Ptuh,0.0869641787890529
C4_joint,Peve-Ptuh,0.06887746116727134
C4_joint,Peve-Ptuh,0.01954844845197422
C4_joint,Peve-Ptuh,0.21376492550456136
C4_joint,Peve-Ptuh,0.023176358705223492
C4_joint,Peve-Ptuh,0.18421330703391925
C4_joint,Peve-Ptuh,-0.0069035962100665715
C4_joint,Peve-Ptuh,0.18986650699165233
C4_joint,Peve-Ptuh,-0.10711140854496146
C4_joint,Peve-Ptuh,0.00977422422598711
C4_joint,Peve-Ptuh,-0.05986051917861296
C4_joint,Peve-Ptuh,0.07662639568877462
C4_joint,Peve-Ptuh,0.10473389454404568
C4_joint,Peve-Ptuh,0.10406466838082494
C4_joint,Peve-Ptuh,-1.0566728892959038e-4
C4_joint,Peve-Ptuh,0.06657039202564195
C4_joint,Peve-Ptuh,0.34947694691979864
C4_joint,Peve-Ptuh,-0.10966503469409321
C4_joint,Peve-Ptuh,0.002483181289845374
C4_joint,Peve-Ptuh,-0.00417385791271882
C4_joint,Peve-Ptuh,0.07956746856398156
C4_joint,Peve-Ptuh,0.1112148215983939
C4_joint,Peve-Ptuh,0.20212391250748482
C4_joint,Peve-Ptuh,0.10177521045401715
C4_joint,Peve-Ptuh,0.022471910112359553
C4_joint,Peve-Ptuh,-0.02816033249973584
C4_joint,Peve-Ptuh,0.06537282941777325
C4_joint,Peve-Ptuh,0.08280793209115567
C4_joint,Peve-Ptuh,0.09802402169701668
C4_joint,Peve-Ptuh,-0.035997323095347124
C4_joint,Peve-Ptuh,-0.05040329681941461
C4_joint,Peve-Ptuh,0.026011764291500834
C4_joint,Peve-Ptuh,-0.03261596984960023
C4_joint,Peve-Ptuh,0.06373498643936461
C4_joint,Peve-Ptuh,0.16401324363354589
C4_joint,Peve-Ptuh,-0.11741396921559652
C4_joint,Peve-Ptuh,0.1451692437744356
C4_joint,Peve-Ptuh,0.02546581663203128
C4_joint,Peve-Ptuh,-0.11808319537881726
C4_joint,Peve-Ptuh,0.08298404423937165
C4_joint,Peve-Ptuh,0.06604205558099399
C4_joint,Peve-Ptuh,0.025958930647036037
C4_joint,Peve-Ptuh,0.15392201754077
C4_joint,Peve-Ptuh,0.1453981895671164
C4_joint,Peve-Ptuh,0.1354830756225565
C4_joint,Peve-Ptuh,0.026804268958472762
C4_joint,Peve-Ptuh,-0.05205875101264486
C4_joint,Peve-Ptuh,0.12623718784121732
C4_joint,Peve-Ptuh,0.0033285196012820973
C4_joint,Peve-Ptuh,0.10066570392025644
C4_joint,Peve-Ptuh,0.05762389489626996
C4_joint,Peve-Ptuh,-0.03207002219013068
C4_joint,Peve-Ptuh,0.26244232327145933
C4_joint,Peve-Ptuh,-0.003892078475573246
C4_joint,Peve-Ptuh,0.4070656193864254
C4_joint,Peve-Ptuh,0.010584340107780638
C4_joint,Peve-Ptuh,0.11938642527561553
C4_joint,Peve-Ptuh,0.0187207213553591
C4_joint,Peve-Ptuh,0.10198654503187632
C4_joint,Peve-Ptuh,0.1493959353316192
C4_joint,Peve-Ptuh,0.018685498925715898
C4_joint,Peve-Ptuh,0.0869641787890529
C4_joint,Peve-Ptuh,0.021626571800922832
C4_joint,Peve-Ptuh,0.101211651579726
C4_joint,Peve-Ptuh,0.059613962171110584
C4_joint,Peve-Ptuh,0.07088513965693355
C4_joint,Peve-Ptuh,0.20277552745588395
C4_joint,Peve-Ptuh,0.14131238772850555
C4_joint,Peve-Ptuh,-0.016994822302842456
C4_joint,Peve-Ptuh,-0.03435948011693847
C4_joint,Peve-Ptuh,-0.07763023493360574
C4_joint,Peve-Ptuh,-0.05883906871896024
C4_joint,Peve-Ptuh,0.004878306505582757
C4_joint,Peve-Ptuh,0.014088971857278717
C4_joint,Peve-Ptuh,0.08883096756014232
C4_joint,Peve-Ptuh,0.1737170230002466
C4_joint,Peve-Ptuh,0.2289281814659576
C4_joint,Peve-Ptuh,0.17729209960903106
C4_joint,Peve-Ptuh,0.026223098869360015
C4_joint,Peve-Ptuh,-0.07965552463808956
C4_joint,Peve-Ptuh,0.004966362579690748
C4_joint,Peve-Ptuh,0.0626078686907823
C4_joint,Peve-Ptuh,0.0428480856609489
C4_joint,Peve-Ptuh,-0.10813285900461415
C4_joint,Peve-Ptuh,0.03293297171638901
C4_joint,Peve-Ptuh,0.09279349089500197
C4_joint,Peve-Ptuh,-0.1285090345532035
C4_joint,Peve-Ptuh,0.2533549364235146
C4_joint,Peve-Ptuh,-0.04135113240111304
C4_joint,Peve-Ptuh,-0.120989045824381
C4_joint,Peve-Ptuh,-0.055721883695537336
C4_joint,Peve-Ptuh,-0.08185692649078935
C4_joint,Peve-Ptuh,0.09089147969426933
C4_joint,Peve-Ptuh,-0.04295375294987849
C4_joint,Peve-Ptuh,0.08058891902363427
C4_joint,Peve-Ptuh,0.08326582367651722
C4_joint,Peve-Ptuh,0.201983022788912
C4_joint,Peve-Ptuh,0.10482195061815365
C4_joint,Peve-Ptuh,0.056531999577330856
C4_joint,Peve-Ptuh,0.07625656017752107
C4_joint,Peve-Ptuh,0.11077454122785392
C4_joint,Peve-Ptuh,-0.12232749815082247
C4_joint,Peve-Ptuh,-0.2011552956922969
C4_joint,Peve-Ptuh,0.07114930787925752
C4_joint,Peve-Ptuh,0.0945722235919834
C4_joint,Peve-Ptuh,0.24513049910182808
C4_joint,Peve-Ptuh,-0.03988940157092037
C4_joint,Peve-Ptuh,0.08074741995702865
C4_joint,Peve-Ptuh,-0.024021697016660216
C4_joint,Peve-Ptuh,0.07275192842802299
C4_joint,Peve-Ptuh,-0.11759008136381251
C4_joint,Peve-Ptuh,-0.0029939065196717277
C4_joint,Peve-Ptuh,-0.01283857560494523
C4_joint,Peve-Ptuh,-6.163925187559439e-4
C4_joint,Peve-Ptuh,0.12026698601669546
C4_joint,Peve-Ptuh,0.2487231869254342
C4_joint,Peve-Ptuh,-0.09140220492409569
C4_joint,Peve-Ptuh,0.10281427212849144
C4_joint,Peve-Ptuh,0.04270719594237611
C4_joint,Peve-Ptuh,0.17637631643830795
C4_joint,Peve-Ptuh,-0.0813990349054278
C4_joint,Peve-Ptuh,0.0056708111725546845
C4_joint,Peve-Ptuh,0.14472896340389563
C4_joint,Peve-Ptuh,-0.03686027262160545
C4_joint,Peve-Ptuh,-0.05510549117678139
C4_joint,Peve-Ptuh,-0.0670811172554683
C4_joint,Peve-Ptuh,-0.0329681941460322
C4_joint,Peve-Ptuh,-0.0878975731745976
C4_joint,Peve-Ptuh,0.010531506463315842
C4_joint,Peve-Ptuh,0.1044521151069001
C4_joint,Peve-Ptuh,0.03649043711035188
C4_joint,Peve-Ptuh,-0.00834771582543764
C4_joint,Peve-Ptuh,-7.220598076855343e-4
C4_joint,Peve-Ptuh,0.0779824592300377
C4_joint,Peve-Ptuh,0.09217709837624602
C4_joint,Peve-Ptuh,5.283364446479519e-5
C4_joint,Peve-Ptuh,0.24620478320594558
C4_joint,Peve-Ptuh,-0.060600190201120084
C4_joint,Peve-Ptuh,0.15747948293473288
C4_joint,Peve-Ptuh,-0.046599274417949366
C4_joint,Peve-Ptuh,-0.017523158747490403
C4_joint,Peve-Ptuh,-0.021608960586101233
C4_joint,Peve-Ptuh,-0.032422246486562646
C4_joint,Peve-Ptuh,0.09608678806664087
C4_joint,Peve-Ptuh,0.0012327850375118878
C4_joint,Peve-Ptuh,-0.15459124370399074
C4_joint,Peve-Ptuh,0.1572681483568737
C4_joint,Peve-Ptuh,-0.028952837166707768
C4_joint,Peve-Ptuh,0.0011447289634038957
C4_joint,Peve-Ptuh,0.043552534253812836
C4_joint,Peve-Ptuh,-0.068278679863337
C4_joint,Peve-Ptuh,0.105684900144412
C4_joint,Peve-Ptuh,0.03310908386460499
C4_joint,Peve-Ptuh,0.11501884399985914
C4_joint,Peve-Ptuh,-0.012151738226902895
C4_joint,Peve-Ptuh,0.09649184600753762
C4_joint,Peve-Ptuh,-0.006392870980240219
C4_joint,Peve-Ptuh,-0.018949667148039875
C4_joint,Peve-Ptuh,0.005794089676305873
C4_joint,Peve-Ptuh,-0.10478672818851047
C4_joint,Peve-Ptuh,0.09267021239125077
C4_joint,Peve-Ptuh,0.031981966116022685
C4_joint,Peve-Ptuh,0.008611884047761616
C4_joint,Peve-Ptuh,0.13694480645274915
C4_joint,Peve-Ptuh,-0.10917192067908846
C4_joint,Peve-Ptuh,0.10277904969884825
C4_joint,Peve-Ptuh,0.1613539501954845
C4_joint,Peve-Ptuh,0.051583248212461706
C4_joint,Peve-Ptuh,0.16318551653693075
C4_joint,Peve-Ptuh,-0.028618224085097396
C4_joint,Peve-Ptuh,0.05762389489626996
C4_joint,Peve-Ptuh,-0.06775034341868905
C4_joint,Peve-Ptuh,0.06542566306223804
C4_joint,Peve-Ptuh,0.0022894579268077915
C4_joint,Peve-Ptuh,-0.1451692437744356
C4_joint,Peve-Ptuh,0.12931915043499703
C4_joint,Peve-Ptuh,0.011165510196893385
C4_joint,Peve-Ptuh,0.18153640238103627
C4_joint,Peve-Ptuh,0.03210524461977388
C4_joint,Peve-Ptuh,0.05931457151914341
C4_joint,Peve-Ptuh,0.06841956958190977
C4_joint,Peve-Ptuh,-0.13042865696875774
C4_joint,Peve-Ptuh,0.12702969250818924
C4_joint,Peve-Ptuh,0.1408016624986792
C4_joint,Peve-Ptuh,0.031312739952801955
C4_joint,Peve-Ptuh,-0.07021591349371281
C4_joint,Peve-Ptuh,0.0692120742488817
C4_joint,Peve-Ptuh,0.014194639146208308
C4_joint,Peve-Ptuh,0.0034341868902116874
C4_joint,Peve-Ptuh,-0.033496530590680154
C4_joint,Peve-Ptuh,0.1408368849283224
C4_joint,Peve-Ptuh,0.08117008911274701
C4_joint,Peve-Ptuh,-0.00811877003275686
C4_joint,Peve-Ptuh,0.014899087739072244
C4_joint,Peve-Ptuh,-0.04779683702581805
C4_joint,Peve-Ptuh,-0.09208904230213803
C4_joint,Peve-Ptuh,-0.028054665210806247
C4_joint,Peve-Ptuh,0.2243316543975204
C4_joint,Peve-Ptuh,0.05179458279032089
C4_joint,Peve-Ptuh,0.0780000704448593
C4_joint,Peve-Ptuh,-0.008717551336691207
C4_joint,Peve-Ptuh,0.030379345567257236
C4_joint,Peve-Ptuh,0.04598288189919342
C4_joint,Peve-Ptuh,-0.11473706456271357
C4_joint,Peve-Ptuh,0.13446162516290378
C4_joint,Peve-Ptuh,0.3249269134584904
C4_joint,Peve-Ptuh,0.02661054559543518
C4_joint,Peve-Ptuh,0.017822549399457578
C4_joint,Peve-Ptuh,-0.0746891620583988
C4_joint,Peve-Ptuh,0.02893522595188617
C4_joint,Peve-Ptuh,0.025729984854355258
C4_joint,Peve-Ptuh,0.05857490049663627
C4_joint,Peve-Ptuh,-0.11364516924377446
C4_joint,Peve-Ptuh,0.060124687400936926
C4_joint,Peve-Ptuh,0.13543024197809167
C4_joint,Peve-Ptuh,0.04038251558592513
C4_joint,Peve-Ptuh,0.1417878905286887
C4_joint,Peve-Ptuh,-0.0639110985875806
C4_joint,Peve-Ptuh,-0.011746680286006133
C4_joint,Peve-Ptuh,-0.03659610439928147
C4_joint,Peve-Ptuh,0.10156387587615796
C4_joint,Peve-Ptuh,0.011517734493325353
C4_joint,Peve-Ptuh,-0.0691944630340601
C4_joint,Peve-Ptuh,0.008189214892043255
C4_joint,Peve-Ptuh,-0.07018069106406961
C4_joint,Peve-Ptuh,0.05892712479306824
C4_joint,Peve-Ptuh,0.18164206966996588
C4_joint,Peve-Ptuh,-0.012398295234405273
C4_joint,Peve-Ptuh,-0.05135430241978092
C4_joint,Peve-Ptuh,-0.03571554365820155
C4_joint,Peve-Ptuh,0.05882145750413865
C4_joint,Peve-Ptuh,0.11970342714240431
C4_joint,Peve-Ptuh,0.17019478003592692
C4_joint,Peve-Ptuh,0.04917051178190272
C4_joint,Peve-Ptuh,0.05286886689443839
C4_joint,Peve-Ptuh,0.03173540910852031
C4_joint,Peve-Ptuh,0.14036138212813923
C4_joint,Peve-Ptuh,0.08201542742418375
C4_joint,Peve-Ptuh,0.11688563277094857
C4_joint,Peve-Ptuh,0.007836990595611288
C4_joint,Peve-Ptuh,0.22537071607199471
C4_joint,Peve-Ptuh,0.1781550491352894
C4_joint,Peve-Ptuh,0.21714627875030823
C4_joint,Peve-Ptuh,0.18026839491388122
C4_joint,Peve-Ptuh,0.0011623401782254942
C4_joint,Peve-Ptuh,0.0018491775562678317
C4_joint,Peve-Ptuh,0.06613011165510198
C4_joint,Peve-Ptuh,-0.1888978901764644
C4_joint,Peve-Ptuh,0.09603395442217606
C4_joint,Peve-Ptuh,0.022348631608608366
C4_joint,Peve-Ptuh,-0.065953999506886
C4_joint,Peve-Ptuh,0.08298404423937165
C4_joint,Peve-Ptuh,0.006392870980240219
C4_joint,Peve-Ptuh,0.16251629037371002
C4_joint,Peve-Ptuh,0.09642140114825122
C4_joint,Peve-Ptuh,-0.09379733013983307
C4_joint,Peve-Ptuh,0.1964707125497517
C4_joint,Peve-Ptuh,0.03754710999964778
C4_joint,Peve-Ptuh,0.09476594695502098
C4_joint,Peve-Ptuh,0.0890423021380015
C4_joint,Peve-Ptuh,-0.04938184635976191
C4_joint,Peve-Ptuh,0.032844915642281015
C4_joint,Peve-Ptuh,0.0032580747419957037
C4_joint,Peve-Ptuh,-0.11075693001303233
C4_joint,Peve-Ptuh,-0.05746539396287557
C4_joint,Peve-Ptuh,0.11950970377936673
C4_joint,Peve-Ptuh,0.16114261561762533
C4_joint,Peve-Ptuh,0.3043217921172203
C4_joint,Peve-Ptuh,0.06315381635025186
C4_joint,Peve-Ptuh,0.2762142932619493
C4_joint,Peve-Ptuh,-0.04545454545454547
C4_joint,Peve-Ptuh,-0.0923884329541052
C4_joint,Peve-Ptuh,0.08530872459582264
C4_joint,Peve-Ptuh,0.057764784614842746
C4_joint,Peve-Ptuh,0.006340037335775424
C4_joint,Peve-Ptuh,0.02627593251382481
C4_joint,Peve-Ptuh,-0.056708111725546836
C4_joint,Peve-Ptuh,-0.07461871719911241
C4_joint,Peve-Ptuh,-0.05447148744320384
C4_joint,Peve-Ptuh,0.16857454827233986
C4_joint,Peve-Ptuh,0.07865168539325845
C4_joint,Peve-Ptuh,0.09733718431897435
C4_joint,Peve-Ptuh,0.10626607023352475
C4_joint,Peve-Ptuh,0.028336444647951823
C4_joint,Peve-Ptuh,0.14705364376034663
C4_joint,Peve-Ptuh,-0.11269416364340815
C4_joint,Peve-Ptuh,0.07033919199746401
C4_joint,Peve-Ptuh,-0.10929519918283966
C4_joint,Peve-Ptuh,0.011500123278503754
C4_joint,Peve-Ptuh,0.11707935613398614
C4_joint,Peve-Ptuh,0.15971610721707588
C4_joint,Peve-Ptuh,-0.032263745553168265
C4_joint,Peve-Ptuh,0.15443274277059635
C4_joint,Peve-Ptuh,0.1265894121376493
C4_joint,Peve-Ptuh,0.10628368144834634
C4_joint,Peve-Ptuh,-0.0011271177485822975
C4_joint,Peve-Ptuh,0.11401500475502802
C4_joint,Peve-Ptuh,-0.027772885773660674
C4_joint,Peve-Ptuh,0.19381141911169036
C4_joint,Peve-Ptuh,-0.11410306082913602
C4_joint,Peve-Ptuh,-0.1658624211898137
C4_joint,Peve-Ptuh,0.13599380085238283
C4_joint,Peve-Ptuh,0.12986509809446659
C4_joint,Peve-Ptuh,0.03529287450248319
C4_joint,Peve-Ptuh,0.06186819766827517
C4_joint,Peve-Ptuh,-0.05033285196012822
C4_joint,Peve-Ptuh,-0.07491810785107958
C4_joint,Peve-Ptuh,0.14612024937480192
C4_joint,Peve-Ptuh,0.09296960304321794
C4_joint,Peve-Ptuh,-0.035838822161952735
C4_joint,Peve-Ptuh,-0.11352189074002327
C4_joint,Peve-Ptuh,0.18000422669155722
C4_joint,Peve-Ptuh,0.11454334119967598
C4_joint,Peve-Ptuh,-0.002606459793596563
C4_joint,Peve-Ptuh,0.11287027579162413
C4_joint,Peve-Ptuh,0.005776478461484274
C4_joint,Peve-Ptuh,0.06130463879398402
C4_joint,Peve-Ptuh,-0.08617167412208096
C4_joint,Peve-Ptuh,0.12236272058046567
C4_joint,Peve-Ptuh,0.06591877707724281
C4_joint,Peve-Ptuh,0.08490366665492588
C4_joint,Peve-Ptuh,0.13282378218449511
C4_joint,Peve-Ptuh,0.2513120355042091
C4_joint,Peve-Ptuh,0.1878059948575253
C4_joint,Peve-Ptuh,0.25691240181747743
C4_joint,Peve-Ptuh,0.1307984924800113
C4_joint,Peve-Ptuh,-0.028583001655454198
C4_joint,Peve-Ptuh,0.050209573456377034
C4_joint,Peve-Ptuh,0.08164559191293017
C4_joint,Peve-Ptuh,0.06773273220386744
C4_joint,Peve-Ptuh,0.013137966256912405
C4_joint,Peve-Ptuh,-0.015233700820682615
C4_joint,Peve-Ptuh,-0.001373674756084675
C4_joint,Peve-Ptuh,0.22153147124088624
C4_joint,Peve-Ptuh,0.17186784544397876
C4_joint,Peve-Ptuh,0.18324469021873133
C4_joint,Peve-Ptuh,0.1430382867810222
C4_joint,Peve-Ptuh,0.006093480328273045
C4_joint,Peve-Ptuh,-0.06900073967102252
C4_joint,Peve-Ptuh,0.04467965200239513
C4_joint,Peve-Ptuh,0.14022049240956644
C4_joint,Peve-Ptuh,-0.0026416822232397594
C4_joint,Peve-Ptuh,0.03557465393962876
C4_joint,Peve-Ptuh,0.3243633545841993
C4_joint,Peve-Ptuh,-0.03666654925856786
C4_joint,Peve-Ptuh,0.02706843718079674
C4_joint,Peve-Ptuh,0.1472649783382058
C4_joint,Peve-Ptuh,0.044010425839174395
C4_joint,Peve-Ptuh,0.0626078686907823
C4_joint,Peve-Ptuh,-0.011341622345109369
C4_joint,Peve-Ptuh,0.1000493114015005
