species,replicate,primary,C1_colony_only,C2_span_500kb
Apul,1,-0.24067297257850295,-0.20161273670135724,-0.25822164781706863
Apul,2,-0.33226189075308127,-0.25616662014436437,-0.3475080347828839
Apul,3,-0.41047872932529483,-0.28289284789101266,-0.43275463633681616
Apul,4,-0.32427835262681387,-0.1578410396077056,-0.3423135387161937
Apul,5,-0.2149556904414469,-0.22509858607669683,-0.23191948556823525
Apul,6,-0.425402376971744,-0.28830017688059806,-0.4412185624340821
Apul,7,-0.20944291484638153,-0.25176996074258845,-0.22944828192092134
Apul,8,-0.12225018815679393,-0.14169900814624883,-0.14688716439001742
Apul,9,-0.3176498320942572,-0.16525270814675685,-0.3362206324307363
Apul,10,-0.20392255233665135,-0.2912035027918401,-0.22193387161791606
Apul,11,-0.17063201127764854,-0.26082933051201745,-0.19518310906891295
Apul,12,-0.348618011582047,-0.20281976217448325,-0.36484367800559003
Apul,13,-0.35225963115523123,-0.21484593258412696,-0.37990601538754837
Apul,14,-0.37138435937163367,-0.30441702671601734,-0.3862849171803036
Apul,15,-0.43842883816271844,-0.28495018333322086,-0.4534798474709852
Apul,16,-0.41861611583237346,-0.2691071408101622,-0.4365486081176688
Apul,17,-0.3530499489841723,-0.24588264739174623,-0.37336216834392005
Apul,18,-0.20666842863835488,-0.12485898779199495,-0.22597906365988232
Apul,19,-0.286283556440458,-0.24266812585059144,-0.3070875519845054
Apul,20,-0.3849905691676969,-0.2752952827272827,-0.3996814189108144
Apul,21,-0.3042272529509835,-0.22272053584096188,-0.32263599332591997
Apul,22,-0.3408152003888398,-0.2759160485520895,-0.3634902219945936
Apul,23,-0.21250188874735138,-0.2083944605135315,-0.23722441306372066
Apul,24,-0.32388201541065487,-0.16595419043056708,-0.3378501970429551
Apul,25,-0.2704882310367523,-0.24779657694265392,-0.29025530374684766
Apul,26,-0.3183797696271464,-0.28809306936311585,-0.3360289035626643
Apul,27,-0.33564548906958835,-0.27618083311418407,-0.35219667351779027
Apul,28,-0.23311819631039862,-0.14218022822935847,-0.25191627198474387
Apul,29,-0.3300368838690086,-0.2548006391273827,-0.34601754523836475
Apul,30,-0.3824407581673447,-0.29636285563237863,-0.400305766409385
Apul,31,-0.3581193928213989,-0.25562428111463553,-0.37428408618665626
Apul,32,-0.38505466156827634,-0.3089623995695522,-0.40314808256763124
Apul,33,-0.3012174512614315,-0.2556103239073885,-0.3162644521544754
Apul,34,-0.2713721145565999,-0.257891916332149,-0.28961275130892633
Apul,35,-0.36593927513944635,-0.2659727858153065,-0.38178479137486726
Apul,36,-0.1324620157947788,-0.12870550244837053,-0.15578362875140261
Apul,37,-0.4412384802436598,-0.31953562227791904,-0.45902703044224763
Apul,38,-0.0767792615952752,-0.1331077651541214,-0.10663173712909624
Apul,39,-0.3676904190632505,-0.26414409028346947,-0.38641352806662776
Apul,40,-0.35687054652700323,-0.2473260841755754,-0.37404650877133466
Apul,41,-0.3250985804376666,-0.2524903109363454,-0.33846773082239395
Apul,42,-0.19390555074021792,-0.19787257490249457,-0.21367843542988474
Apul,43,-0.18065065987390067,-0.2120131535624165,-0.19982389734268374
Apul,44,-0.22258970135022102,-0.2444196313117833,-0.2452244673422617
Apul,45,-0.4047392145614127,-0.27658449895477544,-0.4227043531272571
Apul,46,-0.25375700828607173,-0.2268703207694453,-0.275548036214657
Apul,47,-0.2674625174510751,-0.23580219181172293,-0.28208362647870944
Apul,48,-0.2506939411486894,-0.2405697730598514,-0.26776124083944547
Apul,49,-0.36243682301570546,-0.27191420324078724,-0.37486935917045255
Apul,50,-0.3820041284765623,-0.295160302510496,-0.39745893143179606
Apul,51,-0.40247755522352435,-0.2806722364506389,-0.4200899718553204
Apul,52,-0.40355083661326224,-0.2527290919251889,-0.417447537483469
Apul,53,-0.37610854848395886,-0.2622456545836352,-0.3934470665084466
Apul,54,-0.3714890888012013,-0.27715733810936627,-0.3852976675341136
Apul,55,-0.4399922697669943,-0.30192645596547374,-0.4561657978131388
Apul,56,-0.2544244614544005,-0.21126997347334567,-0.2779808820314785
Apul,57,-0.41240919004819704,-0.2941097688577478,-0.4281804387619113
Apul,58,-0.45543172462114095,-0.29950378026444363,-0.4713191115570273
Apul,59,-0.22791138565525776,-0.23144949888679783,-0.24557000206479723
Apul,60,-0.3424383980233669,-0.2381407392967091,-0.36102056834439783
Apul,61,-0.29366998321169063,-0.2241932174599874,-0.3115762117354742
Apul,62,-0.2263929919675874,-0.21787773445703967,-0.24701584037311355
Apul,63,-0.23436564730535184,-0.22522170946176262,-0.253314871397403
Apul,64,-0.38322970709225823,-0.26931337356840407,-0.3979397897386621
Apul,65,-0.4494952804627351,-0.2671818877454394,-0.4662278059918736
Apul,66,-0.3424383980233677,-0.23814073929670193,-0.3610205683444004
Apul,67,-0.4467333190889888,-0.31664139473306374,-0.46389907319232904
Apul,68,-0.4491866636406869,-0.30694049224886494,-0.46619232809737465
Apul,69,-0.2866139437198311,-0.24239543411946995,-0.3061821054417758
Apul,70,-0.22116180825974144,-0.1998617634592477,-0.24827507566650328
Apul,71,-0.20546601593415334,-0.19125705100942478,-0.22186594174049754
Apul,72,-0.19231361339225525,-0.24351364984932466,-0.21530083765834818
Apul,73,-0.41326767553911703,-0.3126807036973373,-0.4312395656644163
Apul,74,-0.4155398719198415,-0.2931808465843368,-0.4311969345437694
Apul,75,-0.24122811082173817,-0.20845524839053725,-0.26112552312008364
Apul,76,-0.21169222318363115,-0.22086299982154609,-0.22989491374329452
Apul,77,-0.42665743169963444,-0.31500628289754107,-0.4496890485344888
Apul,78,-0.2957733069658136,-0.23234215388820056,-0.3132805638086708
Apul,79,-0.3156728230281762,-0.25920423912865953,-0.3351582976771049
Apul,80,-0.41278781523585534,-0.2715891284191966,-0.42983486848651303
Apul,81,-0.3595267485391154,-0.2635142841665118,-0.3728327844822357
Apul,82,-0.22107361365204314,-0.1933418917147691,-0.2439677997564209
Apul,83,-0.09591423263789423,-0.16062953939313765,-0.12251938794152309
Apul,84,-0.13652139590194945,-0.19145323944432333,-0.15256254461772123
Apul,85,-0.4086424809858013,-0.2854917767445978,-0.4281906504160489
Apul,86,-0.3335390687898742,-0.2835436033624995,-0.3478925715123852
Apul,87,-0.47827753495431724,-0.2896559598591833,-0.4950208800541701
Apul,88,-0.26111967215854576,-0.21492526450456173,-0.2796911155310816
Apul,89,-0.4094071625253673,-0.2795715427827436,-0.4270114752531726
Apul,90,-0.3650188974312984,-0.2899660834635868,-0.38179207116485725
Apul,91,-0.26829766733687105,-0.20379667779560728,-0.28531082993836976
Apul,92,-0.3761338645359677,-0.2851042640567238,-0.3954322426272565
Apul,93,-0.3448615540931325,-0.2488663957037923,-0.36151819232823534
Apul,94,-0.26658271281826296,-0.27086710368216604,-0.28500758992413944
Apul,95,-0.4046693207622172,-0.2933329094831099,-0.4193074548242021
Apul,96,-0.43621545136004347,-0.3025222537179125,-0.44869300370562126
Apul,97,-0.38550544599149594,-0.24630520463528344,-0.40290365024128466
Apul,98,-0.29190533653720746,-0.17489260636181259,-0.3105218835733207
Apul,99,-0.40987265194707956,-0.3026488831304796,-0.423082452815692
Apul,100,-0.25082573191318075,-0.20135435944688998,-0.27927725803328823
Apul,101,-0.4467531096102127,-0.30631265076274705,-0.46341710411225595
Apul,102,-0.20429150148897393,-0.18087985040499907,-0.2201435237211304
Apul,103,-0.29270575695093576,-0.22134747015936507,-0.308278275839549
Apul,104,-0.2870865220550103,-0.2501094898757039,-0.3046221049733613
Apul,105,-0.2018945912979355,-0.14591307764030872,-0.22435771893630424
Apul,106,-0.23561007480721244,-0.25513400973992223,-0.2552347357371716
Apul,107,-0.16125294840636126,-0.1488848975229086,-0.18155437978232797
Apul,108,-0.30105958709050795,-0.22884799207633488,-0.32023908817944347
Apul,109,-0.3029384547345979,-0.23280440949020662,-0.32501027278419997
Apul,110,-0.24672954824634294,-0.21631639105345804,-0.26546205780854754
Apul,111,-0.3671929588856073,-0.27175226111704387,-0.3823605607159449
Apul,112,-0.27063892178148563,-0.20221818153414955,-0.2841162635437096
Apul,113,-0.3959359804392716,-0.263721333062103,-0.41446391723204734
Apul,114,-0.22477858609185436,-0.20344574096245363,-0.24968309409698275
Apul,115,-0.16676449741091434,-0.1912991934842024,-0.19170194950504352
Apul,116,-0.37294220103828496,-0.2756451803781059,-0.38863293511002867
Apul,117,-0.3967916061645162,-0.32415176557652425,-0.4136679741273355
Apul,118,-0.32187449991217965,-0.24215695063017312,-0.3445776559221705
Apul,119,-0.27891394223413846,-0.28029452346155764,-0.29526946952912864
Apul,120,-0.3429913925999315,-0.2564286017198038,-0.35857430217414527
Apul,121,-0.26734269824104645,-0.21015950012337334,-0.2873623742556542
Apul,122,-0.4835747780110648,-0.29866111971386533,-0.4988968461694452
Apul,123,-0.2572430751622553,-0.25236151121999456,-0.2742219127295121
Apul,124,-0.26966112867672537,-0.22605033478288045,-0.2871387034021663
Apul,125,-0.24924902257157128,-0.17567022802280483,-0.2694436154996253
Apul,126,-0.4223687671792406,-0.27439943227321856,-0.440933103800711
Apul,127,-0.20015007414462282,-0.18029430332161514,-0.2229931500565933
Apul,128,-0.40407233195815284,-0.29367524851427923,-0.4220106733559938
Apul,129,-0.44629057975615555,-0.31529690279935996,-0.4613111062735754
Apul,130,-0.2993888525469397,-0.21330530749854587,-0.31434681053240354
Apul,131,-0.34813923182218043,-0.27489432083188264,-0.3629376590142073
Apul,132,-0.37991103756482747,-0.26461911823440787,-0.39762194869009676
Apul,133,-0.4774563007316746,-0.29078500462779056,-0.4930584181528178
Apul,134,-0.12662123024954178,-0.2060561076718916,-0.14963113216258322
Apul,135,-0.3460726957509512,-0.2748511173208664,-0.3643558410018984
Apul,136,-0.3322618907530788,-0.2561666201443626,-0.3475080347828862
Apul,137,-0.2535368139656323,-0.20866370458110403,-0.2757084330356235
Apul,138,-0.36935165405788173,-0.26272046891773254,-0.38789295239931787
Apul,139,-0.08782024173395485,-0.14538082821085704,-0.11026904855651032
Apul,140,-0.25097337788211266,-0.24916467687128924,-0.2693404891143666
Apul,141,-0.25140841695121396,-0.23309206530233542,-0.27125841634839765
Apul,142,-0.35700435302426237,-0.24287729346355172,-0.37267361871344423
Apul,143,-0.34815793822026,-0.25461086910623765,-0.365506295055274
Apul,144,-0.30959499645298366,-0.19374007204867982,-0.32742789578632747
Apul,145,-0.24880672215205524,-0.2703170317536374,-0.2630170818040368
Apul,146,-0.21554527474767438,-0.2214656588724815,-0.23277199176048025
Apul,147,-0.2994744990325253,-0.24905397251341801,-0.3168943757238703
Apul,148,-0.1296338722380726,-0.18304969357676376,-0.15205456492733943
Apul,149,-0.30969851985829666,-0.20593907187672264,-0.33041111258634814
Apul,150,-0.33721041430063464,-0.2370246053016842,-0.35211693900217883
Apul,151,-0.41561217088885094,-0.29620018022677286,-0.4325380647449642
Apul,152,-0.2577858187023751,-0.24848449100725117,-0.2748155302026617
Apul,153,-0.32017740579583054,-0.22735402186106096,-0.33797572635456424
Apul,154,-0.4511472656305622,-0.2856579008194817,-0.47189396578452675
Apul,155,-0.39754212569395575,-0.2874122374234825,-0.41081175338563714
Apul,156,-0.38631457018869564,-0.28088691585143427,-0.4044551835281688
Apul,157,-0.3685957137189085,-0.2520634832937311,-0.3865006097252421
Apul,158,-0.28853060278530007,-0.22033664142259207,-0.3074314952261221
Apul,159,-0.20328395365079913,-0.1628381796451309,-0.22121506655366643
Apul,160,-0.15286176495950976,-0.15925103037203822,-0.17745836239526383
Apul,161,-0.2772243737218205,-0.1986341031799236,-0.292255563328991
Apul,162,-0.41006940414593374,-0.2716175377643565,-0.426552278061527
Apul,163,-0.2547692922069078,-0.22120467194019694,-0.27290144171609115
Apul,164,-0.2238595460649787,-0.2032843808728955,-0.24035139677951473
Apul,165,-0.44897207570415004,-0.32143690008119213,-0.46514574968884354
Apul,166,-0.29707070585342427,-0.20775638439016603,-0.3160018815789705
Apul,167,-0.28092033480123996,-0.234315743476628,-0.30011814723388563
Apul,168,-0.3853795645876715,-0.30691983268152534,-0.4014644962548677
Apul,169,-0.3951527778114366,-0.2638290731161284,-0.41362062283743595
Apul,170,-0.275358402861914,-0.24650490853646592,-0.2898287177297328
Apul,171,-0.3466193526367504,-0.23522911918900005,-0.3605227703364199
Apul,172,-0.25428941492389234,-0.2828843582397202,-0.2723128231383019
Apul,173,-0.2735379267096023,-0.23767972934115444,-0.29403944504389856
Apul,174,-0.26887284728034366,-0.23021217572339975,-0.288623769073307
Apul,175,-0.25896547528323594,-0.220843008241696,-0.276794902003332
Apul,176,-0.4077842422017293,-0.29888636673313446,-0.4232260240091135
Apul,177,-0.29368417730219976,-0.22632313724216396,-0.3123015836820023
Apul,178,-0.3888424480484975,-0.2683547755926957,-0.40439364653111687
Apul,179,-0.4034801275664495,-0.2903877364492048,-0.4227507999084797
Apul,180,-0.30295036676519116,-0.26982740719437315,-0.3178368740814447
Apul,181,-0.30403064048122747,-0.251133577851514,-0.32245179775026994
Apul,182,-0.37080716768480715,-0.3024626937231514,-0.39415377961819215
Apul,183,-0.44854615673807763,-0.31422493979258004,-0.4652921148145043
Apul,184,-0.24825885639090714,-0.15729042794916287,-0.26612593438187426
Apul,185,-0.2738894657298315,-0.22593168028279512,-0.2941961640939461
Apul,186,-0.3410197382539256,-0.19976518111232205,-0.35968075311901015
Apul,187,-0.3898491288591419,-0.24904726941503738,-0.417282249196917
Apul,188,-0.3713605795113911,-0.25636345777672737,-0.38525540844737
Apul,189,-0.3631446925806492,-0.2881469701863781,-0.37680112809288896
Apul,190,-0.3494152560172912,-0.25838200614154516,-0.3677461466165991
Apul,191,-0.33965630045679907,-0.17942252397329037,-0.35814187342227705
Apul,192,-0.3102594605965161,-0.27665695714583904,-0.32785986998889716
Apul,193,-0.41332247312597925,-0.29242972248120636,-0.4347716432136872
Apul,194,-0.15767509636264743,-0.21474449190819614,-0.17567709378968588
Apul,195,-0.26866550660030775,-0.20842850244016123,-0.2911124103181134
Apul,196,-0.3922088629798,-0.27070591583541187,-0.40947656750457984
Apul,197,-0.23768610914542557,-0.22990621848991613,-0.2574565948461927
Apul,198,-0.45393647991758607,-0.3231162937223584,-0.47333444600786256
Apul,199,-0.23321975261070627,-0.21835186443780238,-0.25157171186846644
Apul,200,-0.36146138431367997,-0.269205266075314,-0.3777190985282132
Apul,201,-0.2538068715268844,-0.15022830933263465,-0.2701533766771396
Apul,202,-0.389508143397662,-0.2829482991954505,-0.4082431825446864
Apul,203,-0.3915092201189782,-0.29083691334823353,-0.4092726871309907
Apul,204,-0.2421213402396152,-0.20941390971448928,-0.26392522620153597
Apul,205,-0.2991152459252329,-0.23169690134661614,-0.3113073046714051
Apul,206,-0.40524804091719785,-0.2802522220974701,-0.4209939496090018
Apul,207,-0.3546261500779756,-0.30351531727755654,-0.3713919007876434
Apul,208,-0.30484857890343053,-0.26526166265219003,-0.31901285190434625
Apul,209,-0.0242244313656401,-0.06751050748010293,-0.04453573330009547
Apul,210,-0.18095190687540746,-0.18079872641231093,-0.20369577520587756
Apul,211,-0.21908864124745464,-0.20349776380886841,-0.24117920567756299
Apul,212,-0.4114279983006481,-0.2869439746507825,-0.42715305272142423
Apul,213,-0.3803874869431919,-0.27691258315725775,-0.3962928698532124
Apul,214,-0.4414934168560323,-0.31131296008928183,-0.45843848475590454
Apul,215,-0.24517438435124894,-0.2457893707025569,-0.2607228465594021
Apul,216,-0.16374327958725537,-0.20391030154748463,-0.18491969740303185
Apul,217,-0.31074113241193524,-0.24046530022904714,-0.328624524059345
Apul,218,-0.16796468755548896,-0.18598041437072607,-0.18651021341345855
Apul,219,-0.3891673764252941,-0.2664963821209384,-0.40214276980532343
Apul,220,-0.3834201578241448,-0.28095655896466437,-0.4012800729259962
Apul,221,-0.4081103827462518,-0.2840671241636542,-0.4255272119444398
Apul,222,-0.19209552647617037,-0.22970650002982232,-0.21173139046318964
Apul,223,-0.3362171852416271,-0.2679724323626742,-0.35146050505255655
Apul,224,-0.43192151789477295,-0.2893206619828259,-0.44711816919676145
Apul,225,-0.29207214070939413,-0.2594840696744824,-0.3105379007428942
Apul,226,-0.4004188401690667,-0.2611629463639892,-0.41843228174907215
Apul,227,-0.3196288839386935,-0.2458645466550799,-0.3374140749023972
Apul,228,-0.3535500037823752,-0.285839369331635,-0.3673025521418255
Apul,229,-0.3863951379710948,-0.29381918684183844,-0.4055830108695524
Apul,230,-0.2722122998717842,-0.21064188929746266,-0.28901207980325777
Apul,231,-0.3072358411182594,-0.21240886747551813,-0.32382033624373674
Apul,232,-0.24782171923271193,-0.26523795147490653,-0.26364774820644105
Apul,233,-0.38129925953038674,-0.2720895151409381,-0.3983483212947294
Apul,234,-0.4038654917992406,-0.2896767826793309,-0.4200899128401306
Apul,235,-0.413141601880822,-0.30939073247471394,-0.4296269636126545
Apul,236,-0.197455509516752,-0.21170950176123846,-0.214855484495797
Apul,237,-0.314134330884401,-0.22609260854455773,-0.3293965168787958
Apul,238,-0.35462615007798,-0.3035153172775562,-0.3713919007876505
Apul,239,-0.3564273834447496,-0.29230896630936043,-0.3732511525630219
Apul,240,-0.35019830025725085,-0.26367970021211384,-0.3678490295574334
Apul,241,-0.3464371648828155,-0.25162093278389747,-0.36372683403784306
Apul,242,-0.33337594964520634,-0.2910724643605092,-0.35029660719184236
Apul,243,-0.42270522373443314,-0.2861342984831532,-0.44003052913947044
Apul,244,-0.10893393919643987,-0.16858480158411213,-0.13091353090031252
Apul,245,-0.3007188453890711,-0.24006399572555132,-0.3169614227609166
Apul,246,-0.37360368405885674,-0.2686226920879802,-0.3919833704766341
Apul,247,-0.3080642653425296,-0.21048637449867738,-0.32798148628305596
Apul,248,-0.4202778603883261,-0.30078848195800495,-0.4369877901857155
Apul,249,-0.22385954606496986,-0.20328438087289863,-0.24035139677951808
Apul,250,-0.28708652205499574,-0.250109489875704,-0.3046221049733564
Apul,251,-0.06128313115365034,-0.15584593348474188,-0.08376996693299647
Apul,252,-0.29411267498759075,-0.1991851915952616,-0.3099344587056192
Apul,253,-0.3333759496452011,-0.2910724643605155,-0.35029660719184774
Apul,254,-0.3391416467219688,-0.272549116664211,-0.36060983524025686
Apul,255,-0.4127878152358583,-0.2715891284191917,-0.42983486848651103
Apul,256,-0.3601445160795021,-0.2822858738257854,-0.37511030422493225
Apul,257,-0.2089053098556031,-0.18293881825663158,-0.22677686459105478
Apul,258,-0.23979930062019444,-0.23568606843417483,-0.2593247217268836
Apul,259,-0.4498661163237828,-0.29137752522280685,-0.4697777332252685
Apul,260,-0.25441552682269253,-0.2170681769492066,-0.27330644199858545
Apul,261,-0.398140902000988,-0.2724380628038818,-0.4144051820412101
Apul,262,-0.19163658718169566,-0.17986872922690286,-0.21250412454094872
Apul,263,-0.266957519590791,-0.2695383514985017,-0.28394692494041185
Apul,264,-0.3359009899697904,-0.20796910726569934,-0.35470766505333645
Apul,265,-0.2216369677775084,-0.2183597444594262,-0.25298969969902046
Apul,266,-0.3636779192589495,-0.26850762680484014,-0.3799528568658381
Apul,267,-0.3767207883066987,-0.3071391246899535,-0.3963880919243287
Apul,268,-0.3045069168784245,-0.29363315676838025,-0.32459772058825126
Apul,269,-0.35439694304509806,-0.2643248570022637,-0.3713877598015787
Apul,270,-0.3434239122791225,-0.2524768948367019,-0.3610447623442474
Apul,271,-0.38521258895419364,-0.296406736145916,-0.4055404117386104
Apul,272,-0.26116009069412294,-0.2179945370466837,-0.27363664707599483
Apul,273,-0.2252532986259366,-0.22781674714572223,-0.2418431997922072
Apul,274,-0.26796458020194047,-0.28266368330217534,-0.28343896120120726
Apul,275,-0.3053771993837624,-0.2213107790803129,-0.3260781832641127
Apul,276,-0.3551573750092382,-0.26218658746942386,-0.37148507077334453
Apul,277,-0.3416571019562851,-0.2581943718506944,-0.35966935432162855
Apul,278,-0.3146675475124925,-0.2400312295144429,-0.3335437190628848
Apul,279,-0.3863951379710939,-0.29381918684184394,-0.4055830108695527
Apul,280,-0.356404886138796,-0.25954314497564185,-0.3747376157325373
Apul,281,-0.2896560991226921,-0.21671148095599949,-0.30804215864323636
Apul,282,-0.3973822320882703,-0.29783772345001897,-0.41321664970008654
Apul,283,-0.2996552392998087,-0.24905397251341418,-0.3171616546764599
Apul,284,-0.25184260458059415,-0.2213181274363263,-0.26967479769509245
Apul,285,-0.22887697239122284,-0.23714140661110283,-0.2492090481674576
Apul,286,-0.29192543891467915,-0.23823410521592117,-0.30805696444746983
Apul,287,-0.3655541521853831,-0.2685475752828963,-0.37974392498861664
Apul,288,-0.285771754268913,-0.2404104281097982,-0.3033804849197262
Apul,289,-0.18774786372403238,-0.18923283419358378,-0.20446506309911075
Apul,290,-0.25913076220210185,-0.2381144033182537,-0.2764083624200795
Apul,291,-0.2607999483965142,-0.2293415564973445,-0.27746087209100806
Apul,292,-0.10093771688356765,-0.1573146006743718,-0.12612607775649848
Apul,293,-0.2826621420643701,-0.19160455782010993,-0.29928717198184107
Apul,294,-0.1090941096953637,-0.08176778861368919,-0.13084424656518298
Apul,295,-0.23267195307164826,-0.21635739875271384,-0.2518437947942604
Apul,296,-0.4104614354197514,-0.2734613595910676,-0.42582478284576863
Apul,297,-0.34453906409411406,-0.22662443944823693,-0.3684781327758808
Apul,298,-0.2852339741764263,-0.2309454408023149,-0.2986682975044725
Apul,299,-0.30656479930521746,-0.24812980325187245,-0.32330905164930807
Apul,300,-0.3400518118084263,-0.2767657869109939,-0.3545903301477816
Apul,301,-0.2711995579951476,-0.1934799533782522,-0.28691650719398576
Apul,302,-0.3317373201682868,-0.2525350782312811,-0.347964688588091
Apul,303,-0.3910333147077797,-0.31495644118245364,-0.40630362035635403
Apul,304,-0.21445905379221847,-0.23922113724469418,-0.23413950430785324
Apul,305,-0.27076142698026073,-0.221997930346806,-0.2851985699468859
Apul,306,-0.2682746877923715,-0.23166045110327949,-0.2863149307894375
Apul,307,-0.31692426296413634,-0.26575514066296424,-0.3348927122261334
Apul,308,-0.18655563149278634,-0.13671356661332107,-0.20444359706066548
Apul,309,-0.3697359049623095,-0.24580701720569548,-0.3863714059208792
Apul,310,-0.24108284036000077,-0.2308943572722045,-0.25921966238312977
Apul,311,-0.3168678488802987,-0.20466192791232982,-0.33443620387030226
Apul,312,-0.33194771892832037,-0.2255545977546149,-0.3496932999783612
Apul,313,-0.23431462671385267,-0.20188323346028492,-0.24874541712242051
Apul,314,-0.27000548992540024,-0.20907100694725583,-0.2878221701769052
Apul,315,-0.19915750878761385,-0.18446747771128835,-0.22028867702219707
Apul,316,-0.3334446352232891,-0.26799017270325676,-0.34975052462603623
Apul,317,-0.3112582364376843,-0.18479245566095381,-0.32894725844029643
Apul,318,-0.2712993032905658,-0.21244520980757747,-0.2923556292338929
Apul,319,-0.355347363972185,-0.2313884641878428,-0.3713765263486476
Apul,320,-0.41221309953090257,-0.25478647511527197,-0.43181675395895225
Apul,321,-0.13399091184631567,-0.20076398475823581,-0.1554916759614057
Apul,322,-0.2826947723916016,-0.21011535384153035,-0.3039758407942689
Apul,323,-0.35868118332643695,-0.20785315091786086,-0.3750855020126428
Apul,324,-0.2730194495387696,-0.2592832843404726,-0.28714971722887433
Apul,325,-0.35641677152170326,-0.2800986084824193,-0.3707812202608839
Apul,326,-0.1692982186709583,-0.16094889654125644,-0.19205039781941372
Apul,327,-0.37975279390094996,-0.21615339402858158,-0.39950801852472584
Apul,328,-0.35676280107102054,-0.2845736113945444,-0.37228964839705664
Apul,329,-0.354645761450812,-0.17448559984603806,-0.3724670331567891
Apul,330,-0.22887080629639123,-0.24343296799888736,-0.2501155013534997
Apul,331,-0.3221200079673539,-0.2364890658099074,-0.33872605665539546
Apul,332,-0.459330007031218,-0.32085998324799453,-0.4832859270109135
Apul,333,-0.3271797618848268,-0.2089659625871433,-0.3473081142887836
Apul,334,-0.22301193333077812,-0.20683661461528072,-0.24185633958410474
Apul,335,-0.3658884881744005,-0.2411560159805341,-0.3870479205502727
Apul,336,-0.41201517748932737,-0.31654656474583437,-0.42715653208396587
Apul,337,-0.2270163172869628,-0.26826260027726606,-0.24771781383367913
Apul,338,-0.3902661265388059,-0.30329700562012457,-0.4045066001947979
Apul,339,-0.44998147844893405,-0.3129220778613665,-0.4669363833546158
Apul,340,-0.36027046176067606,-0.27517275095826055,-0.37927652966347936
Apul,341,-0.241167573236237,-0.21015449561769423,-0.25509309729581736
Apul,342,-0.2703229722056411,-0.23721613447797885,-0.2872723922084764
Apul,343,-0.33132453803067147,-0.26126638809369007,-0.3514525125313588
Apul,344,-0.24456881553928692,-0.1994606958157393,-0.2588018681579527
Apul,345,-0.33256658692908714,-0.2459968587657894,-0.3469987266458525
Apul,346,-0.3991342682951839,-0.3096623675418387,-0.41252539974869235
Apul,347,-0.08288629730959611,-0.12736590366139258,-0.10584211218037641
Apul,348,-0.31628822392913797,-0.3169896305184701,-0.334633756106249
Apul,349,-0.269615831252353,-0.2570627065152044,-0.28953093322744944
Apul,350,-0.4332162719370207,-0.30782831390611665,-0.4513139752173888
Apul,351,-0.43835017904039747,-0.28240779937480315,-0.4547366874389441
Apul,352,-0.3629262463407289,-0.2752150164742009,-0.3752558493607263
Apul,353,-0.3598167770118988,-0.26651747523624303,-0.37514110013208185
Apul,354,-0.25149167765288655,-0.23964826487337107,-0.269058068767612
Apul,355,-0.3022413486902631,-0.22959331995788912,-0.3176256415167246
Apul,356,-0.2772268129527715,-0.2878424192726273,-0.2953304455497867
Apul,357,-0.26168403719346656,-0.20883949467580004,-0.2808692963590061
Apul,358,-0.3688282891233838,-0.2463829428027573,-0.38437568261119964
Apul,359,-0.49049178430899937,-0.3086072700208405,-0.5115209111938476
Apul,360,-0.35788798658712945,-0.2953336567557423,-0.37418374928286285
Apul,361,-0.41742764815749445,-0.3157568356251765,-0.4325996758608821
Apul,362,-0.40089900119164784,-0.2688417116604729,-0.4156151097312063
Apul,363,-0.2726495118336831,-0.2287939296409624,-0.29231051230183036
Apul,364,-0.12963387223808068,-0.18304969357676595,-0.15205456492731373
Apul,365,-0.404226560297327,-0.27107398808804456,-0.42093648106233306
Apul,366,-0.4955483502327495,-0.3652692357916532,-0.5183527872924908
Apul,367,-0.1455234257766723,-0.1839778879280734,-0.16932259090496135
Apul,368,-0.33955944343823247,-0.24513153248499803,-0.3572046536719232
Apul,369,-0.1980022783574061,-0.10739584617170168,-0.22094809462130455
Apul,370,-0.24565304845566044,-0.18811084174590842,-0.2681994921529851
Apul,371,-0.27455332021519874,-0.23121376912760702,-0.29069798493772847
Apul,372,-0.41036752972979784,-0.2521595821584559,-0.42721585821787206
Apul,373,-0.3492426893907467,-0.2306562288115128,-0.3663809502491292
Apul,374,-0.381660081072968,-0.30606550845133423,-0.39792475485133466
Apul,375,-0.17015641616623225,-0.1367922126452734,-0.19668366512145904
Apul,376,-0.3250610396345989,-0.28654579938825864,-0.3414732031161397
Apul,377,-0.36881714032307705,-0.2535841755067483,-0.3847620591409123
Apul,378,-0.2407797586185889,-0.22598966753893485,-0.26082576112856487
Apul,379,-0.3362171852416257,-0.2679724323626722,-0.3514605050525606
Apul,380,-0.18111226232663794,-0.11734421477589212,-0.19849926455021877
Apul,381,-0.2381200619466581,-0.15926800636885138,-0.25427914865627205
Apul,382,-0.2682970450585602,-0.2334419682796227,-0.28728987422521174
Apul,383,-0.34557739304849644,-0.20474002870069996,-0.3599564344477531
Apul,384,-0.2633343646853515,-0.22516883062025717,-0.27992696859647415
Apul,385,-0.22067086251398949,-0.20346533688843704,-0.24062102056104334
Apul,386,-0.30329491777763046,-0.2642925590964496,-0.3215901110253018
Apul,387,-0.28056092467964205,-0.2510808587244767,-0.30030817586546205
Apul,388,-0.32463706337493314,-0.2729384896758698,-0.3425580137619612
Apul,389,-0.3325665869290808,-0.24599685876579283,-0.34699872664584797
Apul,390,-0.32142644590111974,-0.290552376141845,-0.3402043723493048
Apul,391,-0.3261660236217727,-0.2751843174787294,-0.34981691489256833
Apul,392,-0.3741415083135852,-0.32345357798894053,-0.3957609431088637
Apul,393,-0.19016866355731926,-0.2069125790920678,-0.21055513296534845
Apul,394,-0.2599666816624016,-0.22157803475781732,-0.27846006470245127
Apul,395,-0.38765060421872227,-0.280683476887692,-0.40534916360235307
Apul,396,-0.15356202234950164,-0.1965526861347559,-0.1741387212007152
Apul,397,-0.15278261017815686,-0.24009471271102512,-0.1774457978127159
Apul,398,-0.3869449185852377,-0.24069912154472692,-0.4030342685730735
Apul,399,-0.35950384460300017,-0.26883784181997855,-0.3753380535016288
Apul,400,-0.2838601127212432,-0.2197074172361373,-0.3041252084688644
Apul,401,-0.3032949177776339,-0.26429255909644145,-0.32159011102530505
Apul,402,-0.4172097697731065,-0.20808092132735695,-0.4348121039294538
Apul,403,-0.33890698532330776,-0.28225315190607125,-0.3555161086434364
Apul,404,-0.21062602395665372,-0.21282417946280838,-0.22732628455961038
Apul,405,-0.1987403037971524,-0.21233880022161578,-0.21752048808866695
Apul,406,-0.4100671629003347,-0.27507676725560765,-0.42674480101514684
Apul,407,-0.08554920597827136,-0.14415250520221667,-0.1074701065587638
Apul,408,-0.2554729470883607,-0.22529789184352625,-0.2775326756352414
Apul,409,-0.2326485403373585,-0.2311318464404531,-0.2532722919090295
Apul,410,-0.3823479896053292,-0.3044046191148063,-0.4020173209196224
Apul,411,-0.3315385656836503,-0.3010401451651252,-0.34903856546116185
Apul,412,-0.27204409182274947,-0.21722430240477278,-0.28823332286796516
Apul,413,-0.3294506888133603,-0.24055767006522227,-0.3464434497597422
Apul,414,-0.14397055705587417,-0.18530365100592788,-0.16455251774884536
Apul,415,-0.4127878152358617,-0.271589128419197,-0.4298348684865121
Apul,416,-0.2525361926124842,-0.24088723379355495,-0.27149763345080813
Apul,417,-0.2265191662615313,-0.13318272102384274,-0.24430037935552754
Apul,418,-0.27999272232252664,-0.18192299626685185,-0.30251747181262617
Apul,419,-0.16442029565653987,-0.22026701147625669,-0.1836444028553627
Apul,420,-0.40761060086448936,-0.2695571114291813,-0.42645407133318225
Apul,421,-0.34741872830224424,-0.25671429406235174,-0.36299669313629684
Apul,422,-0.21964801561596867,-0.24938518935210308,-0.2373140723171002
Apul,423,-0.4713352478252417,-0.29764196883516303,-0.49173460499280364
Apul,424,-0.35210167080803223,-0.2161498891347527,-0.3711889967906846
Apul,425,-0.3336294423632355,-0.30624431010044434,-0.35074271449918126
Apul,426,-0.3188302392431178,-0.21162305130061287,-0.33664512946066777
Apul,427,-0.2047203465940485,-0.15941293129198209,-0.2273142914702946
Apul,428,-0.3338887160799544,-0.29451758180539,-0.35336978716336753
Apul,429,-0.3547212655797096,-0.2795589206192516,-0.3725005464048536
Apul,430,-0.36322935069840634,-0.21298937044367852,-0.3796780548973222
Apul,431,-0.2927092745670802,-0.22622150355355408,-0.3092956103334142
Apul,432,-0.18779871426581535,-0.21949118362381112,-0.20615906240547985
Apul,433,-0.3831663628731065,-0.2982930115889082,-0.40282154885921206
Apul,434,-0.3250610396345947,-0.2865457993882518,-0.3414732031161368
Apul,435,-0.43057364171875095,-0.3354595529212416,-0.4502203391199868
Apul,436,-0.4971289921656977,-0.3803296812330298,-0.5138036213124474
Apul,437,-0.44056932108308516,-0.3483942434919746,-0.45845182324772105
Apul,438,-0.30194122719439664,-0.2477664795717263,-0.31997094032470924
Apul,439,-0.3876471702480419,-0.3184778742976103,-0.403118404612799
Apul,440,-0.42584241480915436,-0.29686407668067427,-0.4440212635067227
Apul,441,-0.26282420179546157,-0.18762570226615005,-0.280112732000817
Apul,442,-0.2451743843512425,-0.24578937070254678,-0.2607228465594193
Apul,443,-0.2740548023420773,-0.21223802735286335,-0.29165444031848875
Apul,444,-0.41884642243930964,-0.27138450211159987,-0.43590751168994485
Apul,445,-0.31087864048154523,-0.26759083473407735,-0.3278916513836172
Apul,446,-0.34575035676427934,-0.24524289696104526,-0.36529594064839616
Apul,447,-0.40168334916721327,-0.2521733183104349,-0.4180003768026723
Apul,448,-0.3948658607240672,-0.20937138051932003,-0.4126760679775758
Apul,449,-0.3457881118597019,-0.2402475278865167,-0.3629035901979891
Apul,450,-0.23751870876227907,-0.24425940448723443,-0.2551252724951659
Apul,451,-0.401558824372501,-0.29421660489782886,-0.41815939813370556
Apul,452,-0.29041923244269363,-0.1408020844699832,-0.3106004124363123
Apul,453,-0.25047123785383607,-0.19434538327031778,-0.2671519299376466
Apul,454,-0.39247819599500433,-0.27145068330275424,-0.4084286297689806
Apul,455,-0.30231663212845095,-0.20495985453808305,-0.3184565519126674
Apul,456,-0.25916641082166586,-0.22202700282920218,-0.27370512044259326
Apul,457,-0.4055114557414786,-0.29350787114391463,-0.4203746459287826
Apul,458,-0.26952096461953273,-0.20984013453140452,-0.2890670119814411
Apul,459,-0.33920294626935105,-0.27390912596400474,-0.35559881561513335
Apul,460,-0.19333509951920577,-0.21081491258394192,-0.20832371154856877
Apul,461,-0.3558689191960685,-0.26672240348762305,-0.3729060948964828
Apul,462,-0.2023230626595846,-0.09071116695711831,-0.2276280896256583
Apul,463,-0.1552039516800752,-0.15894741263825657,-0.1752171793233511
Apul,464,-0.36661016712132144,-0.23934420958995087,-0.38860313981525535
Apul,465,-0.4369397188282022,-0.3071071423390287,-0.45218499100134846
Apul,466,-0.43682352735465224,-0.30799806007943004,-0.45458424825909094
Apul,467,-0.36178014725155155,-0.3089131890125429,-0.3830708260979898
Apul,468,-0.3044661030391557,-0.21844337599550057,-0.3224881181884452
Apul,469,-0.33350986078259337,-0.24038561827124363,-0.35021368393847757
Apul,470,-0.2817475503975054,-0.18937849027925382,-0.2970258471847379
Apul,471,-0.370943241071561,-0.29841731150824147,-0.3912790760160014
Apul,472,-0.3072326343621895,-0.22318575824299933,-0.3235592535580266
Apul,473,-0.3318595210801197,-0.30746136409379976,-0.34525816066169324
Apul,474,-0.35625749702845716,-0.27984504897392914,-0.3704745843165236
Apul,475,-0.2969083749757442,-0.20699846550634593,-0.3148254504406528
Apul,476,-0.3573685369645894,-0.2718094738823067,-0.37195048099385575
Apul,477,-0.2932170651899024,-0.21716559655922188,-0.3097933347905891
Apul,478,-0.3605907758186719,-0.2882412389625419,-0.3782876036818929
Apul,479,-0.2618836592182526,-0.26858647019731785,-0.2795164054015705
Apul,480,-0.13683645113472334,-0.13164123439760944,-0.16231349522265837
Apul,481,-0.378914562665522,-0.30815815558872467,-0.3964589809670645
Apul,482,-0.4176030724608494,-0.27072198526236,-0.4325875154128219
Apul,483,-0.37250962375071206,-0.2860088439805679,-0.3889085270491405
Apul,484,-0.3471774775343162,-0.2733925857219475,-0.3610532811357677
Apul,485,-0.31809339774905204,-0.2541432956365456,-0.3372469031240806
Apul,486,-0.42393940122791185,-0.2952711170019599,-0.4403565154116866
Apul,487,-0.47171992206889946,-0.3414576534552268,-0.4908122341916678
Apul,488,-0.3201774057958297,-0.22735402186105944,-0.33797572635456646
Apul,489,-0.25240915720537466,-0.2107217903327162,-0.2695770027441638
Apul,490,-0.2207362819540767,-0.24044395988971518,-0.23813535251960224
Apul,491,-0.3975421256939522,-0.28741223742348,-0.4108117533856332
Apul,492,-0.3807592847988865,-0.32623911736465067,-0.3962560255196921
Apul,493,-0.32419461225329504,-0.26198309385730123,-0.33734868852267813
Apul,494,-0.29952329236427844,-0.20934100578896178,-0.32003701300522036
Apul,495,-0.16407589347830975,-0.22787161744429213,-0.19044286992946005
Apul,496,-0.35470850481769595,-0.24254014831111959,-0.36985051248165307
Apul,497,-0.23813520084207757,-0.22162919889973343,-0.25740993965321607
Apul,498,-0.25117265852025705,-0.22068810744147124,-0.27292712838156546
Apul,499,-0.3741375309315856,-0.2825396090355503,-0.3953134976151239
Apul,500,-0.2303531648596199,-0.2522340430661622,-0.24866765417929104
Apul,501,-0.32203890207133723,-0.2537440107053632,-0.33940580907367013
Apul,502,-0.2892159344243696,-0.24626239634281635,-0.3030028340102574
Apul,503,-0.4439636891828848,-0.29415881342206046,-0.4624232139350396
Apul,504,-0.40593537386363737,-0.29064523219997873,-0.42297059547348503
Apul,505,-0.33251448661996025,-0.27565199604844554,-0.34635422171379304
Apul,506,-0.3358099432213327,-0.2724188795042091,-0.3550036962364978
Apul,507,-0.3321412763371949,-0.2727839448003426,-0.3489249278237606
Apul,508,-0.412828443252988,-0.3015024792054891,-0.4321133580042175
Apul,509,-0.3195609916070276,-0.25488542347590337,-0.33580465906061013
Apul,510,-0.3620291574722443,-0.23556702531430376,-0.3827970777378857
Apul,511,-0.17326466333333285,-0.18289144740078275,-0.19098744151529834
Apul,512,-0.22350584375105997,-0.14119787743474832,-0.2392027175557518
Apul,513,-0.2427951495016332,-0.18900275717764733,-0.26284437970365254
Apul,514,-0.19195911057832493,-0.19152374819041915,-0.21231197477119293
Apul,515,-0.43003595560261454,-0.2847201074203524,-0.4483641817200479
Apul,516,-0.377757637736705,-0.32216134921513123,-0.39433222129715234
Apul,517,-0.33778725513507984,-0.17736500133801358,-0.3582084951779177
Apul,518,-0.3338143206081472,-0.27305836985704945,-0.35454689250641735
Apul,519,-0.4561854075078397,-0.31785825382065763,-0.4743190351895601
Apul,520,-0.21479037488734923,-0.23528722248321143,-0.23529909220459816
Apul,521,-0.25468888100450543,-0.24542726418914512,-0.2707167056694179
Apul,522,-0.29800927823903806,-0.28261523669203775,-0.3141395761025865
Apul,523,-0.348618011582047,-0.20281976217448325,-0.36484367800559003
Apul,524,-0.4686924837203379,-0.31788152555389654,-0.4821670308173359
Apul,525,-0.38323687150495683,-0.20658849794404113,-0.4008780215741003
Apul,526,-0.05360719917392787,-0.11345241785734383,-0.0775895750448529
Apul,527,-0.43548990102039975,-0.3099105024899708,-0.4504875742403612
Apul,528,-0.405732640317052,-0.2937464184039598,-0.42138990190494935
Apul,529,-0.3913557619440835,-0.272057797741096,-0.4092446744272266
Apul,530,-0.24989112904948446,-0.24144875933079804,-0.2668883078582666
Apul,531,-0.38086394824566544,-0.3093980207397806,-0.39693885110576244
Apul,532,-0.3308037324082169,-0.2865253602065741,-0.35005323499245977
Apul,533,-0.18473273259947282,-0.153269338743761,-0.20867914921926922
Apul,534,-0.21500887318386216,-0.21929859802197624,-0.23431641865846373
Apul,535,-0.1976749393548017,-0.22403541551776587,-0.21562253022415567
Apul,536,-0.21682117733581388,-0.1915592935135555,-0.23584297444665014
Apul,537,-0.41355391548317133,-0.27809576931592955,-0.42801045558831063
Apul,538,-0.36973590496230774,-0.24580701720569406,-0.3863714059208772
Apul,539,-0.32496079540267453,-0.26584075184646055,-0.34519408017493153
Apul,540,-0.3196288839386935,-0.2458645466550799,-0.3374140749023972
Apul,541,-0.15057379932644877,-0.1362459315547839,-0.17321840805497957
Apul,542,-0.3029840435434412,-0.2313791291925831,-0.31991749113197465
Apul,543,-0.4302727900065297,-0.2860975921206473,-0.4451224950205885
Apul,544,-0.21256799255155767,-0.17631564351498955,-0.23458850243256887
Apul,545,-0.25702314180859875,-0.22930497749825426,-0.2745882290540744
Apul,546,-0.37040857119873494,-0.2532979654794925,-0.38752298301783805
Apul,547,-0.22010773077711052,-0.2139418033082971,-0.23787001988789594
Apul,548,-0.16374327958725954,-0.20391030154749126,-0.18491969740301847
Apul,549,-0.43208014007585305,-0.21552992236533552,-0.44738923279712556
Apul,550,-0.26111967215854376,-0.2149252645045586,-0.27969111553108283
Apul,551,-0.37021407089928166,-0.2416338539214531,-0.3841459818715796
Apul,552,-0.28488428829503526,-0.23544387871810582,-0.301862839490122
Apul,553,-0.4162102708020232,-0.28563948232285363,-0.4345361154634548
Apul,554,-0.2759967033716559,-0.16157083189848825,-0.29442990393229307
Apul,555,-0.3021588013979842,-0.1793811836518013,-0.3229709499283879
Apul,556,-0.18529932651901876,-0.18647774116654647,-0.21135050226172003
Apul,557,-0.35326708807939494,-0.29724452289922554,-0.3693119651338442
Apul,558,-0.3439758722779449,-0.20393346095575127,-0.365156630689201
Apul,559,-0.4114279983006473,-0.2869439746507785,-0.4271530527214272
Apul,560,-0.305001455684365,-0.2476510259057298,-0.31982807973079974
Apul,561,-0.2679853282635493,-0.2389654719300506,-0.2868538980238507
Apul,562,-0.3513199161627318,-0.24516471242898055,-0.36743254002314707
Apul,563,-0.22683677092363805,-0.18888636218461033,-0.24537014114533826
Apul,564,-0.47413767839690724,-0.30589061850900723,-0.48627203028768723
Apul,565,-0.13796102670181043,-0.1921720378331927,-0.1592326654816339
Apul,566,-0.358983558962131,-0.2834228988795445,-0.3724857427005787
Apul,567,-0.19893591110927927,-0.16269538722394528,-0.2205909682887653
Apul,568,-0.36001881033327365,-0.25370472383671216,-0.3768078835468526
Apul,569,-0.33726534738621644,-0.24619478621967542,-0.3535913899555606
Apul,570,-0.25442446145440223,-0.2112699734733499,-0.27798088203149
Apul,571,-0.4324400261744603,-0.336937247473737,-0.44706513312124024
Apul,572,-0.3435665528523692,-0.24010549821412147,-0.3623874486414771
Apul,573,-0.21829059798049805,-0.23501873840933668,-0.2377533491602948
Apul,574,-0.34020249007048264,-0.2988682492695352,-0.3569548808820265
Apul,575,-0.44417119915344583,-0.29149397976311237,-0.46045392701613946
Apul,576,-0.378780666196129,-0.2829567134330819,-0.39209673977364246
Apul,577,-0.2852823539636053,-0.26322170053187893,-0.30193466048995193
Apul,578,-0.19660419434320017,-0.17370139140971536,-0.21375314147678245
Apul,579,-0.4584529461606015,-0.31236547009887505,-0.4798305703390165
Apul,580,-0.3309190987109898,-0.24654830436858005,-0.3481730415177139
Apul,581,-0.4195588593946158,-0.3101971695570866,-0.4362568857512602
Apul,582,-0.34421510309537623,-0.27049318378097237,-0.36348874843904916
Apul,583,-0.19024661425946382,-0.19843524940754584,-0.20996941657862334
Apul,584,-0.47436611992574546,-0.307759007749811,-0.48979853479707186
Apul,585,-0.3260212364118922,-0.27758649205114344,-0.34222435358059533
Apul,586,-0.3265328053480158,-0.21461930995415793,-0.346709041153341
Apul,587,-0.18699016685515255,-0.27701390900462924,-0.2070390818492419
Apul,588,-0.3520803295979245,-0.29157999375100146,-0.3670344304771778
Apul,589,-0.0891963214180077,-0.1617400045378719,-0.11088967420396603
Apul,590,-0.2598048910481016,-0.17560887836764688,-0.27885377219430774
Apul,591,-0.4209049617196574,-0.3055236921025616,-0.4404481726810293
Apul,592,-0.33285598842375175,-0.25153164682123097,-0.34551889145621684
Apul,593,-0.4318753358630965,-0.2607143887577338,-0.44529673219038524
Apul,594,-0.343924735678328,-0.26136232369124446,-0.3620619029086067
Apul,595,-0.4472511083018832,-0.3194644784586182,-0.4659681141043905
Apul,596,-0.30408633812616925,-0.24172937481250661,-0.31981199598063975
Apul,597,-0.47134422774916157,-0.3145610080309737,-0.4916084876186117
Apul,598,-0.22525329862594107,-0.22781674714571812,-0.24184319979221533
Apul,599,-0.31045051378669114,-0.2436896763325495,-0.3223131871424386
Apul,600,-0.3170775968159689,-0.1637529245884899,-0.33767774676122486
Apul,601,-0.32067927739105956,-0.19449618096071575,-0.33935458805988894
Apul,602,-0.41819087856845333,-0.29688464090408817,-0.4355115978846727
Apul,603,-0.13218806237021294,-0.1722266202170624,-0.15703149023829358
Apul,604,-0.400250850643197,-0.29962282104146515,-0.4175688220669684
Apul,605,-0.24517438435124053,-0.24578937070254647,-0.2607228465594205
Apul,606,-0.25442903227316077,-0.25089903046658724,-0.27854830845791956
Apul,607,-0.36292624634073267,-0.2752150164742025,-0.3752558493607347
Apul,608,-0.2682970450585666,-0.23344196827961933,-0.28728987422521873
Apul,609,-0.12763604781149088,-0.14987693048231912,-0.14840228097492086
Apul,610,-0.22208322054665483,-0.17566616627475817,-0.24104433166494532
Apul,611,-0.32156851905218964,-0.25606521289426637,-0.3384432164781786
Apul,612,-0.3405081334404344,-0.23668731862030623,-0.35878580373095015
Apul,613,-0.45704346364518394,-0.300430662441039,-0.47487350755208985
Apul,614,-0.4009275275904823,-0.2854707918447972,-0.4198952485523505
Apul,615,-0.31718703777703156,-0.20717539267921578,-0.3327595912909621
Apul,616,-0.2604605161014415,-0.16669199079707492,-0.2823538226024503
Apul,617,-0.37988416879639064,-0.29463559983143356,-0.3945692763627054
Apul,618,-0.36680240122766583,-0.2754135322547064,-0.38163261606450816
Apul,619,-0.47993751850003585,-0.3242908575192603,-0.4967183042511271
Apul,620,-0.3572787664834366,-0.2850722421988209,-0.37491878456988054
Apul,621,-0.3555065512293392,-0.2384223721961905,-0.3770917550569314
Apul,622,-0.3660816105942746,-0.2669999638260469,-0.3858507584388905
Apul,623,-0.3697427411162173,-0.2799347773448966,-0.3877023821660193
Apul,624,-0.3613823220240009,-0.2952522147460602,-0.3793378793230217
Apul,625,-0.32755946654267715,-0.2362918609407163,-0.34717947506806873
Apul,626,-0.18346298702866537,-0.21754082172399375,-0.20559045385152963
Apul,627,-0.3139230339747992,-0.23165639982926722,-0.3360879499765606
Apul,628,-0.3699931828537221,-0.297173838168914,-0.38699664659950855
Apul,629,-0.40749740404276336,-0.26924899494746446,-0.42799428029266023
Apul,630,-0.345381316415476,-0.24270144262968724,-0.36213603376870596
Apul,631,-0.4671282623474084,-0.2577533445440658,-0.48584041798177413
Apul,632,-0.4474401364905971,-0.3142913364705683,-0.4636927485110926
Apul,633,-0.3783925093892109,-0.21052622378894983,-0.39779060005310557
Apul,634,-0.27374534384567584,-0.24667236141197565,-0.2949999043844043
Apul,635,-0.204291501488967,-0.18087985040499827,-0.22014352372112936
Apul,636,-0.36897214101393183,-0.23831218627487336,-0.3866370999818246
Apul,637,-0.362888325789761,-0.27642936085634306,-0.37803892131881245
Apul,638,-0.3170137107893645,-0.23852829623461708,-0.3394638661745468
Apul,639,-0.4146304615803589,-0.30003949612099756,-0.43494898079546734
Apul,640,-0.37239173757809885,-0.28300436291376235,-0.3911294387460603
Apul,641,-0.17428652037581813,-0.13802621912780888,-0.19657803833098692
Apul,642,-0.3963867963224457,-0.2943394964216804,-0.4133235775320373
Apul,643,-0.3354800173916845,-0.3040571055059247,-0.35354061358423605
Apul,644,-0.23845708261532875,-0.20650802245562597,-0.25883461278910874
Apul,645,-0.23721851556208648,-0.16652049531991528,-0.2582630138414263
Apul,646,-0.34522570014545717,-0.27364022905867424,-0.3615171651661692
Apul,647,-0.44722478849461594,-0.310891564012214,-0.46375106645297115
Apul,648,-0.3531489665558338,-0.2946468502406701,-0.3676870537656105
Apul,649,-0.37472119012021893,-0.24772185606991035,-0.39011107296572867
Apul,650,-0.3097108432664969,-0.20879025671269014,-0.32658918108061524
Apul,651,-0.24206849410141798,-0.23492367892839547,-0.2580528611069235
Apul,652,-0.4218982556342077,-0.2714524319947021,-0.4376861737640722
Apul,653,-0.35187717178374545,-0.2520955882807999,-0.3656666442829521
Apul,654,-0.41006716290033557,-0.27507676725560276,-0.4267448010151409
Apul,655,-0.2879971738502528,-0.19022064628059682,-0.30532895500075763
Apul,656,-0.5142160063153972,-0.34466611650347273,-0.5281547316988489
Apul,657,-0.33920294626935277,-0.2739091259640051,-0.35559881561513706
Apul,658,-0.3157985931027701,-0.25135653853346684,-0.33312524571444646
Apul,659,-0.3851185325150102,-0.3287527414737226,-0.3994179803397369
Apul,660,-0.2638941744157925,-0.19868959115384952,-0.28244240996676545
Apul,661,-0.17590503085180684,-0.18703662346886468,-0.2003078267712328
Apul,662,-0.4337759395176258,-0.28824976581300327,-0.4498279586302941
Apul,663,-0.15092449515527562,-0.22058024057915204,-0.17391682035261705
Apul,664,-0.3391983640500459,-0.2343436968542851,-0.3580181184440666
Apul,665,-0.35276613950670344,-0.2280353122529948,-0.3691109054307902
Apul,666,-0.340106898559181,-0.1925859459176806,-0.35655827769454385
Apul,667,-0.30914617942182465,-0.25762614582487153,-0.32532822996069843
Apul,668,-0.3592073622682352,-0.26587078187523744,-0.3759076174884886
Apul,669,-0.33655358647082056,-0.23203398489068336,-0.3569987889152394
Apul,670,-0.3424383980233609,-0.23814073929670762,-0.3610205683443973
Apul,671,-0.2514916776528791,-0.239648264873375,-0.26905806876760874
Apul,672,-0.3076454534125113,-0.22070857503331578,-0.3258165548875727
Apul,673,-0.308084492538662,-0.24052077039284936,-0.3250652777041889
Apul,674,-0.22413726745953594,-0.1893242733043559,-0.24637454931210037
Apul,675,-0.3463900011711211,-0.27378489666419914,-0.3624083189019815
Apul,676,-0.3882881705163071,-0.28090595235282934,-0.40497019618792385
Apul,677,-0.3220981785263671,-0.2554268606762567,-0.3396038923104811
Apul,678,-0.36349512019177693,-0.24727406780145839,-0.37838010358946594
Apul,679,-0.18004584280920077,-0.25706818288329897,-0.19958394833929172
Apul,680,-0.3059259933092773,-0.27639273981192114,-0.32707717818194587
Apul,681,-0.17000991012531708,-0.14296227698033417,-0.192195126427287
Apul,682,-0.3174571803423802,-0.2714341644413216,-0.33702315704797975
Apul,683,-0.35096137434196717,-0.29774511028913736,-0.3677567109327489
Apul,684,-0.31692426296413273,-0.26575514066296313,-0.33489271222613143
Apul,685,-0.33976400118031347,-0.2260349579011791,-0.3581183770592411
Apul,686,-0.44429876211145847,-0.32238389164191533,-0.4613128527747767
Apul,687,-0.1656474410449826,-0.22280295629181332,-0.1832360596419241
Apul,688,-0.22901424484441887,-0.1939258661264765,-0.24595670672198222
Apul,689,-0.31304858097776017,-0.2624593658544527,-0.33054393040169244
Apul,690,-0.1222344417975872,-0.1324911989633761,-0.15084505959467429
Apul,691,-0.38686702494652225,-0.3147876141693128,-0.41060405718658827
Apul,692,-0.3818928993610098,-0.27116447242131186,-0.39731948153697005
Apul,693,-0.3399914455028374,-0.25332736315006565,-0.35989258627492915
Apul,694,-0.3181436993138841,-0.2328631139818611,-0.33432234713959114
Apul,695,-0.36706430798935547,-0.22742456048036352,-0.3814018488016092
Apul,696,-0.21479037488735672,-0.23528722248321138,-0.23529909220459685
Apul,697,-0.04566111785543202,-0.1409519529278373,-0.06682600627370547
Apul,698,-0.21616946480430854,-0.16385856565283302,-0.2442488305545655
Apul,699,-0.17610276473667302,-0.22700147375325655,-0.1965476138891497
Apul,700,-0.34835449911766536,-0.2934838109183154,-0.364198755905804
Apul,701,-0.28888128169756033,-0.16907264384800338,-0.30656949888728324
Apul,702,-0.34903391514426974,-0.2319650069343834,-0.3679200615930308
Apul,703,-0.16374327958725357,-0.20391030154748704,-0.18491969740302316
Apul,704,-0.3529481917666713,-0.2416717953545303,-0.36867967508263205
Apul,705,-0.46426279934981457,-0.2919217508736672,-0.4826269995093858
Apul,706,-0.17024789049922287,-0.23227838461726807,-0.19396012108291627
Apul,707,-0.28007877141366144,-0.29207590345050743,-0.29906107886381395
Apul,708,-0.1683995439477973,-0.1709090065325056,-0.18503169519752674
Apul,709,-0.27265800420493014,-0.2401585711065257,-0.28916140239684335
Apul,710,-0.3170137107893708,-0.23852829623462665,-0.33946386617455737
Apul,711,-0.3066383371139098,-0.24964050148590777,-0.32358524015700446
Apul,712,-0.3993972471457732,-0.27787029518378864,-0.4187926033334516
Apul,713,-0.39115595569688427,-0.25312078843503955,-0.40872215766367426
Apul,714,-0.3516989698807818,-0.2565971027770344,-0.36804365374673714
Apul,715,-0.09461931594385034,-0.16985932668124926,-0.11803399416511633
Apul,716,-0.30859443557631927,-0.2544937917058161,-0.32344425775332813
Apul,717,-0.40541934392572565,-0.3033937697905974,-0.4220959822910081
Apul,718,-0.3445473984207044,-0.27020677571022345,-0.3635422991645985
Apul,719,-0.24339569538316272,-0.2135548563363978,-0.2606448243297659
Apul,720,-0.3035407471431761,-0.20048437884061684,-0.32065661994008626
Apul,721,-0.3586214784823958,-0.29424348430254776,-0.3756360058272681
Apul,722,-0.376035234355178,-0.2787066144677322,-0.3921745134668747
Apul,723,-0.3445157202731906,-0.2575645504836832,-0.3577739949377567
Apul,724,-0.26403527592993015,-0.23300608883751892,-0.2853031193603281
Apul,725,-0.32993517405492007,-0.2609626238153792,-0.34788532897914204
Apul,726,-0.367690419063236,-0.26414409028346847,-0.3864135280666386
Apul,727,-0.2627598068842922,-0.23794551499644792,-0.2825856278278795
Apul,728,-0.2116016428042177,-0.2333581797160004,-0.23093548548448167
Apul,729,-0.44032522533733093,-0.34829466886588956,-0.45494629432901795
Apul,730,-0.3665525405613309,-0.26924907677541143,-0.3811399630707868
Apul,731,-0.2342970960883859,-0.24232833492737466,-0.25242523840297576
Apul,732,-0.3331254923684136,-0.2683314337794104,-0.3492204364680727
Apul,733,-0.4301787851404267,-0.26717108954424573,-0.4470765420212145
Apul,734,-0.30505969233567287,-0.23009497041325502,-0.3227291684644527
Apul,735,-0.1781203323254483,-0.16350493411779454,-0.2005066907397191
Apul,736,-0.3534160681277122,-0.24968735750559665,-0.3708965861828883
Apul,737,-0.3819101564011828,-0.27586002391875886,-0.3983104696771719
Apul,738,-0.40515739431581277,-0.29576966372057123,-0.42111107513978546
Apul,739,-0.41653209237686967,-0.26784033832311205,-0.4338805297638494
Apul,740,-0.42331481418752953,-0.26988732417079103,-0.44389492816665876
Apul,741,-0.3127368066796022,-0.25221978671573264,-0.3276487311570931
Apul,742,-0.33018442539706505,-0.19216531190918507,-0.3480061608755278
Apul,743,-0.30841792881250485,-0.24595038421173332,-0.3261961745648173
Apul,744,-0.2742349902581926,-0.20898680608091216,-0.2944974064132986
Apul,745,-0.31074113241192935,-0.24046530022904833,-0.3286245240593432
Apul,746,-0.38450755429358896,-0.2836078583149048,-0.4015448616915065
Apul,747,-0.37915891768877735,-0.2391405770051435,-0.3967840774157118
Apul,748,-0.418791496227189,-0.30844383041991086,-0.4354529066082696
Apul,749,-0.20373604736920875,-0.16844132049150184,-0.22001350364072642
Apul,750,-0.23914827200419286,-0.25468577662178254,-0.25810398850242217
Apul,751,-0.2765023985352461,-0.252033748845329,-0.2923737028185394
Apul,752,-0.22932343458475193,-0.22149096108223187,-0.24724762352005575
Apul,753,-0.33110695183734934,-0.16545080142605623,-0.3447245852340177
Apul,754,-0.2765467427290301,-0.21410119885676573,-0.2937810017345382
Apul,755,-0.3066383371139084,-0.24964050148590983,-0.32358524015700657
Apul,756,-0.3530566424500746,-0.22938846193346962,-0.3695449125915063
Apul,757,-0.28195343818731805,-0.2574989651001404,-0.301475492524744
Apul,758,-0.37648866718008156,-0.23697492322926458,-0.3936235927068773
Apul,759,-0.4320456036697791,-0.2683092350316283,-0.4436840937029936
Apul,760,-0.3824407581673511,-0.296362855632374,-0.40030576640939747
Apul,761,-0.34922582079716635,-0.23362960186178788,-0.37163401728525525
Apul,762,-0.43910475661194104,-0.2688747489176699,-0.45361309731636246
Apul,763,-0.28500676198119435,-0.2528926855314223,-0.3016612155336724
Apul,764,-0.1731420354980782,-0.13948097712494817,-0.1939996070610496
Apul,765,-0.33437863228835824,-0.25562372002166683,-0.35244964706152127
Apul,766,-0.381910156401187,-0.27586002391875997,-0.3983104696771692
Apul,767,-0.3813326400725732,-0.2895962011465093,-0.39909447366368556
Apul,768,-0.3701231555467535,-0.2816302382825243,-0.38651233214618824
Apul,769,-0.0486445749182433,-0.1648320200248236,-0.07325662898124274
Apul,770,-0.11614384192640935,-0.07680249949024641,-0.14467735062055456
Apul,771,-0.2659114044199488,-0.25280296909724975,-0.2809080232983619
Apul,772,-0.3653077993797985,-0.2654365602743951,-0.3805595698161572
Apul,773,-0.34495827831806264,-0.2518237857015913,-0.35796452747847124
Apul,774,-0.21665766952669369,-0.20376215273877613,-0.23867385150911327
Apul,775,-0.34319482981570415,-0.26826570294010255,-0.359394527643436
Apul,776,-0.3198930282963305,-0.2052345040119172,-0.33872092516288077
Apul,777,-0.3278237250076959,-0.21788382315487642,-0.3437358436609062
Apul,778,-0.36027046176066996,-0.2751727509582615,-0.3792765296634685
Apul,779,-0.42160440218925865,-0.3013832712019274,-0.43985810254126273
Apul,780,-0.24484973410915115,-0.23748389583069773,-0.26476615010643983
Apul,781,-0.4443274831928049,-0.32259844794198933,-0.4604832825875802
Apul,782,-0.3390232062255246,-0.25895971029523746,-0.3540073899520731
Apul,783,-0.22047971564773408,-0.187713216653903,-0.24215427860088168
Apul,784,-0.07782095473894668,-0.1500754081365759,-0.09677880133146873
Apul,785,-0.433775939517614,-0.2882497658130083,-0.4498279586302888
Apul,786,-0.3704085711987297,-0.25329796547948535,-0.38752298301784044
Apul,787,-0.23744237067426333,-0.2238191087307629,-0.2572518274071141
Apul,788,-0.4577020109404208,-0.3178366393692558,-0.4755265137406722
Apul,789,-0.37701313295031696,-0.24272719113835822,-0.39667985139626694
Apul,790,-0.29567555434956405,-0.21985596305089097,-0.3122123793734705
Apul,791,-0.2954123029104756,-0.283724350996982,-0.311960102472725
Apul,792,-0.44725110830187415,-0.3194644784586162,-0.4659681141043868
Apul,793,-0.3757771083002232,-0.24316059235536136,-0.39357206081017415
Apul,794,-0.385076836281281,-0.26303700470696684,-0.40352166126415584
Apul,795,-0.2547603913863293,-0.24741513260186862,-0.269977713383882
Apul,796,-0.2094429148463787,-0.25176996074260116,-0.2294482819209194
Apul,797,-0.40138916893911125,-0.25477550818306954,-0.417273510497694
Apul,798,-0.22643568285300672,-0.22147550242061975,-0.2452749797205502
Apul,799,-0.3515538058283043,-0.2676304360248445,-0.36628678245066304
Apul,800,-0.4371320560697358,-0.30496234487261725,-0.45163082313071806
Apul,801,-0.2743934963874858,-0.21118306468252657,-0.2956435547686561
Apul,802,-0.29368417730221213,-0.22632313724215442,-0.3123015836819924
Apul,803,-0.3045459198090712,-0.2738303575678476,-0.32642490150259806
Apul,804,-0.4353581358078613,-0.2738022534165917,-0.45305328207314066
Apul,805,-0.24087124510153385,-0.19289988982582282,-0.2575449297847108
Apul,806,-0.32105539476599776,-0.23763208904881641,-0.33558686986026076
Apul,807,-0.1757456957965795,-0.1732819012737675,-0.19693253978829137
Apul,808,-0.3339816920164981,-0.2640508426310267,-0.35301566286468505
Apul,809,-0.2715023749562356,-0.25106893272057457,-0.2880557181625183
Apul,810,-0.36506579706221887,-0.28430658511952794,-0.38140062736971336
Apul,811,-0.35076947247380963,-0.19890885964681163,-0.3675211712248732
Apul,812,-0.06069315227563156,-0.14084711677273784,-0.08550998720593882
Apul,813,-0.359503844603002,-0.26883784181997217,-0.3753380535016242
Apul,814,-0.36377556122966875,-0.29145873078958917,-0.38215447549294757
Apul,815,-0.2730298014672909,-0.17012293044304683,-0.2894184373580358
Apul,816,-0.4369397188281969,-0.3071071423390306,-0.45218499100134396
Apul,817,-0.4114279983006477,-0.28694397465077986,-0.42715305272141985
Apul,818,-0.34825189458037414,-0.27964570178459186,-0.36173154643607525
Apul,819,-0.2992330790147985,-0.279553396401951,-0.3177668882430114
Apul,820,-0.30411704525788424,-0.26834920859487954,-0.3260841262006738
Apul,821,-0.4449828282885186,-0.3135442051090255,-0.46280164195485346
Apul,822,-0.1781203323254474,-0.16350493411779043,-0.20050669073971972
Apul,823,-0.3371700480908076,-0.26318609809762533,-0.3518667915189357
Apul,824,-0.27532120505323737,-0.27313559624633993,-0.2914952773011358
Apul,825,-0.3009810667497189,-0.22990031350159604,-0.3180516561431886
Apul,826,-0.45958759478284683,-0.3193701036198961,-0.47503421533413337
Apul,827,-0.339202946269351,-0.27390912596400624,-0.35559881561513546
Apul,828,-0.4653230779063591,-0.29309277984976206,-0.48277437148690955
Apul,829,-0.317413243106093,-0.21032806601013415,-0.3330139666425348
Apul,830,-0.18097547678991066,-0.1808340537504892,-0.20338954378076615
Apul,831,-0.3096144342250284,-0.2675378063296969,-0.32589518212756846
Apul,832,-0.30646617775087137,-0.2191618627945269,-0.32841117886335885
Apul,833,-0.29225506544317986,-0.26262450705395574,-0.3135183467415833
Apul,834,-0.43569368470264547,-0.30179338949840134,-0.45450735965335465
Apul,835,-0.2712152861581271,-0.17735858000317306,-0.29093780177145023
Apul,836,-0.26227942738249266,-0.18763611561068558,-0.28032247179748787
Apul,837,-0.11028360687720627,-0.11203706207768539,-0.13194179342597467
Apul,838,-0.3043596343333017,-0.2809260259396575,-0.32226421178926346
Apul,839,-0.35315530585802296,-0.24943516694648618,-0.37005062881673745
Apul,840,-0.33143079498962613,-0.2367782503099781,-0.3494276782213221
Apul,841,-0.33823336955101413,-0.2696680694857485,-0.3555172652225378
Apul,842,-0.3683614764454997,-0.27392978443164734,-0.3814158798878676
Apul,843,-0.2976089893181193,-0.23733153508939223,-0.31782579481491274
Apul,844,-0.30295036676517234,-0.2698274071943734,-0.3178368740814592
Apul,845,-0.27234455258679585,-0.25238711545464304,-0.2956800877722336
Apul,846,-0.28897569163305914,-0.25152610104527473,-0.3055318892610456
Apul,847,-0.3548016423629621,-0.2642373980179461,-0.37607053499111476
Apul,848,-0.34958575553754867,-0.2930285700946099,-0.3700572916499162
Apul,849,-0.3078037952695909,-0.22761921207514788,-0.32047856315421486
Apul,850,-0.3638731679003736,-0.26278536618654713,-0.38296480545086226
Apul,851,-0.4358285690489296,-0.28950165081884266,-0.45152179468165154
Apul,852,-0.373655909845375,-0.2621037751877697,-0.3931839297142256
Apul,853,-0.20337524257994907,-0.2125457449237786,-0.22114363896695224
Apul,854,-0.3787540324631911,-0.27301609001161065,-0.39332947080416847
Apul,855,-0.23116580459873595,-0.18916763629494432,-0.24979128628247346
Apul,856,-0.29091567637544946,-0.20362909720637049,-0.3118359595916513
Apul,857,-0.32737125931923244,-0.23083261156351834,-0.3447408308678404
Apul,858,-0.46403821165970294,-0.32237666551584826,-0.4818783892872914
Apul,859,-0.26734269824105183,-0.210159500123375,-0.2873623742556605
Apul,860,-0.23080202300153013,-0.2138901745719259,-0.25108207046748393
Apul,861,-0.26286848738594143,-0.2173137190101417,-0.2781350184365243
Apul,862,-0.4288751789535198,-0.3037276001881052,-0.4444402540562125
Apul,863,-0.2985322962677156,-0.2508699165655388,-0.3170877213508557
Apul,864,-0.17019602640026332,-0.23207583781007154,-0.19409494259655463
Apul,865,-0.28326148853983035,-0.21082833394470518,-0.3039771499715676
Apul,866,-0.4101751440513365,-0.2756088638705131,-0.4234792879251117
Apul,867,-0.42232232803204267,-0.2518360645805746,-0.4376824276480532
Apul,868,-0.15272431758093144,-0.15543115680157557,-0.17238844627558897
Apul,869,-0.29670364708120084,-0.24719803011557942,-0.31639034898594404
Apul,870,-0.37742778900438434,-0.2585454252006173,-0.3922150241755014
Apul,871,-0.4822426202682548,-0.30702184089111656,-0.5003035298355519
Apul,872,-0.43535813580785543,-0.27380225341659153,-0.4530532820731326
Apul,873,-0.17268659817445872,-0.2018939526868756,-0.19489048430939848
Apul,874,-0.27679232700213113,-0.22988993588252815,-0.29655186554729973
Apul,875,-0.3838372020902809,-0.2817839658458467,-0.3985542430863583
Apul,876,-0.45401394026558095,-0.29246396250768286,-0.47003661555251935
Apul,877,-0.407696364131544,-0.2839713325403955,-0.42317740569565904
Apul,878,-0.5126422603679305,-0.30115852523906206,-0.5294422779572496
Apul,879,-0.2559244015306924,-0.26098446626471944,-0.2751494497124821
Apul,880,-0.3667159563376691,-0.2670762229503814,-0.38221302287312914
Apul,881,-0.4527751644056537,-0.34243756135016806,-0.46711507751177717
Apul,882,-0.3168678488802973,-0.20466192791232457,-0.33443620387031026
Apul,883,-0.33703885674288814,-0.2894622462513732,-0.35319249455361373
Apul,884,-0.36964494410523474,-0.21574683715753076,-0.3880096072532616
Apul,885,-0.19358590531025907,-0.13977681689061902,-0.21138076700349495
Apul,886,-0.1874062598148741,-0.17771141083884603,-0.20880028053384747
Apul,887,-0.3664962009111664,-0.26747513232884684,-0.38291422583988344
Apul,888,-0.34244673552775,-0.26797174149799446,-0.3573340147191292
Apul,889,-0.30165230865134657,-0.183555586444104,-0.320056106733381
Apul,890,-0.22651916626153967,-0.1331827210238391,-0.24430037935552415
Apul,891,-0.31814369931388453,-0.2328631139818528,-0.3343223471395984
Apul,892,-0.2845548841953134,-0.16554695788752088,-0.30096206580405016
Apul,893,-0.24069846984455956,-0.23325061527087818,-0.25729611224457705
Apul,894,-0.3937210227079257,-0.29204956334049026,-0.412371277761318
Apul,895,-0.374368975644968,-0.26128395434057883,-0.39366020961388476
Apul,896,-0.22532044199132703,-0.16372795510815896,-0.23819353527130938
Apul,897,-0.5113054114206235,-0.3228590321691781,-0.5291810821199621
Apul,898,-0.2872009060984863,-0.23601006575601866,-0.3106083260595095
Apul,899,-0.2067332417995886,-0.22993218380883,-0.22952809892799014
Apul,900,-0.22689806398014084,-0.22843697094443205,-0.2450077913548338
Apul,901,-0.27726340754821327,-0.20891507001366297,-0.29720247166190555
Apul,902,-0.29185857136322346,-0.24102573198572275,-0.3085737914042567
Apul,903,-0.32453546030695674,-0.225165830264306,-0.337832652213334
Apul,904,-0.30983421643713693,-0.25611733143010673,-0.3266110834926478
Apul,905,-0.09837743656211434,-0.12898317606475,-0.11947292624989105
Apul,906,-0.27450999008313626,-0.20634058215798565,-0.28941900358469536
Apul,907,-0.33762066800032997,-0.2141931859939229,-0.351713171439211
Apul,908,-0.3173563926211043,-0.21400582733588483,-0.3385850653474271
Apul,909,-0.1987403037971564,-0.21233880022161594,-0.2175204880886664
Apul,910,-0.49554835023274835,-0.3652692357916543,-0.5183527872924905
Apul,911,-0.28667987003596274,-0.19365651996545144,-0.3060172900241756
Apul,912,-0.475346446105199,-0.3126228817019323,-0.49243718007564063
Apul,913,-0.43233296916100694,-0.24858371268418047,-0.4499275866431736
Apul,914,-0.2935211667087447,-0.2663677381831078,-0.31421882436357207
Apul,915,-0.4257587024033164,-0.3012516784616465,-0.44568481625676365
Apul,916,-0.3940345523935973,-0.27702443778547636,-0.41136174702232353
Apul,917,-0.35439694304509944,-0.26432485700226055,-0.37138775980158045
Apul,918,-0.37206195235889317,-0.28152828997958224,-0.3894958553757268
Apul,919,-0.24005528353226543,-0.230569005483279,-0.26301393793581185
Apul,920,-0.31268640531063063,-0.24259668006721744,-0.3323395451211276
Apul,921,-0.23833401033412946,-0.18648827158753842,-0.25403553896802733
Apul,922,-0.318042423398217,-0.21417720477932178,-0.33948285964220337
Apul,923,-0.27120600981023424,-0.2368206504369525,-0.28536030928758144
Apul,924,-0.3258750294298921,-0.26774625636004756,-0.3432499816752905
Apul,925,-0.34207092096821123,-0.3085246404885503,-0.36079244152241363
Apul,926,-0.3061838413554543,-0.2210830300146136,-0.3202573424839232
Apul,927,-0.2751457057480067,-0.26810286784061294,-0.2943166528232873
Apul,928,-0.299971696078165,-0.2434546858147803,-0.3182072825858649
Apul,929,-0.24556088569191697,-0.18129274179324756,-0.26362377804871734
Apul,930,-0.32256320807163996,-0.19635113692349568,-0.3395509447989318
Apul,931,-0.13771006720341797,-0.09290683977133979,-0.15933965884118323
Apul,932,-0.25818916920917045,-0.25419273941650317,-0.279181354348016
Apul,933,-0.1680189457102358,-0.12669335816790836,-0.1887785211079585
Apul,934,-0.502280142205725,-0.31807539532036266,-0.5211212472584138
Apul,935,-0.21895682571946523,-0.19760195385800203,-0.2367983098775949
Apul,936,-0.15122468836357483,-0.15365811303316665,-0.17142983496939015
Apul,937,-0.37162911748858707,-0.30445872446970684,-0.38645201618939423
Apul,938,-0.4107655373415836,-0.2907506210355205,-0.4264535452120331
Apul,939,-0.3706351659155041,-0.25158369619514953,-0.38674527437144945
Apul,940,-0.40890616533380486,-0.2769659709088053,-0.42506139452272995
Apul,941,-0.28890189901599095,-0.1981027240698795,-0.3080046948647592
Apul,942,-0.40473921456142964,-0.2765844989547811,-0.42270435312725924
Apul,943,-0.4120151774893409,-0.3165465647458311,-0.4271565320839616
Apul,944,-0.42453587451169367,-0.31350072748490987,-0.43991102570624874
Apul,945,-0.10235374711193236,-0.17367982797435907,-0.12834522239657029
Apul,946,-0.3888424480484957,-0.26835477559269577,-0.4043936465311166
Apul,947,-0.2632071540086596,-0.25645479997223164,-0.28364913000663694
Apul,948,-0.3306373046484226,-0.2610684310162976,-0.3463924266751766
Apul,949,-0.22622760982622264,-0.1486012827552955,-0.24352917706420463
Apul,950,-0.2819736002140199,-0.18796707152560865,-0.29985012795630983
Apul,951,-0.22531518897150532,-0.18405614498390588,-0.24720193462624462
Apul,952,-0.18632631341756323,-0.18935888891130812,-0.20639825779088875
Apul,953,-0.21500887318386278,-0.219298598021971,-0.2343164186584547
Apul,954,-0.20730453583868474,-0.22726608055279465,-0.2284579990796239
Apul,955,-0.2882518273959398,-0.2478521677947581,-0.3069815411774346
Apul,956,-0.38832627869493996,-0.28706928005628024,-0.40373814232672506
Apul,957,-0.39504248437778433,-0.2592591202118204,-0.41289145825590023
Apul,958,-0.3126864053106252,-0.24259668006722213,-0.33233954512112984
Apul,959,-0.19672350351101442,-0.17449363086524808,-0.21698392120122773
Apul,960,-0.3305725254406885,-0.282083935801783,-0.3465132866475201
Apul,961,-0.12540191623297958,-0.19515610884301998,-0.14821125651290473
Apul,962,-0.34521691257566384,-0.27589557612077736,-0.35888473268179055
Apul,963,-0.2300759806914093,-0.20453546194159022,-0.24899361095395994
Apul,964,-0.18603199481834654,-0.18188845981586266,-0.20709962190760528
Apul,965,-0.23529890123825364,-0.18872832043857848,-0.25951810006665715
Apul,966,-0.4643733258588932,-0.3046453939209766,-0.4805688908002328
Apul,967,-0.3134544912596135,-0.2643308083665932,-0.3272767719650336
Apul,968,-0.36709884504165524,-0.27740531156766374,-0.3794648827588949
Apul,969,-0.40468837092310017,-0.263287409085741,-0.4185047182789328
Apul,970,-0.2891651122654713,-0.2185844526390588,-0.3071379877192495
Apul,971,-0.31274615716680926,-0.2539116382230942,-0.32698008327201217
Apul,972,-0.34145669924184696,-0.246995837027643,-0.3578901436088925
Apul,973,-0.50283436924259,-0.36804934307281456,-0.5176917105763411
Apul,974,-0.36704048003869183,-0.23195372863612454,-0.38136271959192364
Apul,975,-0.3043755499850254,-0.24624245592808655,-0.3217716181387094
Apul,976,-0.3633451366426931,-0.2698363146144055,-0.37781475329251063
Apul,977,-0.37522712977041733,-0.28948577695200367,-0.390687665055515
Apul,978,-0.373537803919788,-0.28451867150518373,-0.38994890517506525
Apul,979,-0.34008187406732077,-0.24750977852293438,-0.3602931445374954
Apul,980,-0.16672387024449134,-0.17509577513420937,-0.18559617087166067
Apul,981,-0.4181847289013593,-0.261961244535781,-0.43553301068327294
Apul,982,-0.34591868893060673,-0.2635600185382996,-0.36195176044666744
Apul,983,-0.2669458527099484,-0.20506942847035373,-0.28105457324086996
Apul,984,-0.32156851905219025,-0.2560652128942652,-0.33844321647817194
Apul,985,-0.39187954652204343,-0.308863153865995,-0.40842928650108523
Apul,986,-0.4744951197173801,-0.3525113927646389,-0.4901550597966444
Apul,987,-0.17248586398424126,-0.16318377339474316,-0.193636280058907
Apul,988,-0.3104239047584449,-0.21375977334142168,-0.32801554940670397
Apul,989,-0.32028945249564655,-0.23652741885832262,-0.33626782627066143
Apul,990,-0.4487983897072606,-0.30349612888799504,-0.4682745235597791
Apul,991,-0.2779730735373783,-0.22303122247272095,-0.29588135728399967
Apul,992,-0.19307290575644892,-0.14151290327796434,-0.21182191482390614
Apul,993,-0.3595038446030001,-0.26883784181997744,-0.37533805350162397
Apul,994,-0.41653198018638127,-0.2750246568731482,-0.43691210384443635
Apul,995,-0.5253883500277822,-0.3430378229684791,-0.5445970973066451
Apul,996,-0.29564213340715956,-0.24358997578288097,-0.3157625179520164
Apul,997,-0.19801794720733437,-0.21999356784927412,-0.21429101931593647
Apul,998,-0.34130790734309635,-0.2726517108675182,-0.35659460614513844
Apul,999,-0.37487555811130857,-0.26880487744287984,-0.3944856917904237
Apul,1000,-0.19625925045796883,-0.1775561733527118,-0.21647527825464308
Apul,1001,-0.21619363236474382,-0.20788013335518002,-0.23883457411563122
Apul,1002,-0.24639379772262582,-0.18472214251056937,-0.2619779696253277
Apul,1003,-0.4522386807112153,-0.2822576009654849,-0.468181970233789
Apul,1004,-0.3717873594157459,-0.2648520518332066,-0.3885151479636971
Apul,1005,-0.20134923491889983,-0.2272990959110259,-0.21593781094184417
Apul,1006,-0.39404112612475783,-0.26503373451931633,-0.41278540840012656
Apul,1007,-0.36136799532646596,-0.29178217405742624,-0.3791710696055642
Apul,1008,-0.27227848188408077,-0.22011327852973425,-0.29300589589233433
Apul,1009,-0.2391360911005306,-0.2159677499795815,-0.2557103875968909
Apul,1010,-0.5128861765211954,-0.3558841755293771,-0.5291337235986049
Apul,1011,-0.4009275275904671,-0.28547079184479257,-0.4198952485523541
Apul,1012,-0.2442934581367775,-0.20483589521311668,-0.26253460365957243
Apul,1013,-0.22820813298121073,-0.18867365328400912,-0.24362292548303854
Apul,1014,-0.32209817852636574,-0.25542686067625536,-0.3396038923104843
Apul,1015,-0.2778090798365428,-0.2307584839182936,-0.29786689170302855
Apul,1016,-0.35011410852910274,-0.2777374891607302,-0.36726061707175717
Apul,1017,-0.2112925420996518,-0.21539647413812293,-0.23461252591852164
Apul,1018,-0.16289020366021123,-0.24543968028046576,-0.18341633710692323
Apul,1019,-0.12288362261365933,-0.11591478569973056,-0.1447384872786524
Apul,1020,-0.2915789306204766,-0.2364455778686747,-0.3103852090838217
Apul,1021,-0.3376245071078331,-0.2766543848213967,-0.35362366969468717
Apul,1022,-0.26075812159183964,-0.16162950209086083,-0.2828595522917892
Apul,1023,-0.26317652960400684,-0.27377386552397076,-0.2817465437233724
Apul,1024,-0.2519556096651212,-0.26518224758879394,-0.2682161065716021
Apul,1025,-0.05183069127009023,-0.09202238257530355,-0.0811584406239349
Apul,1026,-0.44725110830187875,-0.31946447845861375,-0.4659681141043735
Apul,1027,-0.29911524592523703,-0.23169690134661697,-0.31130730467140627
Apul,1028,-0.31829341871131184,-0.18637290235569928,-0.3351346097425358
Apul,1029,-0.33829130620493497,-0.26105863168123605,-0.3560384765669388
Apul,1030,-0.1742865203758162,-0.13802621912780882,-0.19657803833098392
Apul,1031,-0.36769041906324607,-0.2641440902834713,-0.3864135280666367
Apul,1032,-0.17087787793563655,-0.14346955306972128,-0.19463240020570644
Apul,1033,-0.3017605641073733,-0.21271486982194945,-0.31573035460450577
Apul,1034,-0.42272346449540177,-0.2902160992303945,-0.43887660631591996
Apul,1035,-0.31417901703239376,-0.24512612133207873,-0.3294628375054357
Apul,1036,-0.19801794720733168,-0.21999356784927485,-0.21429101931593597
Apul,1037,-0.1771473129163893,-0.11411190777226138,-0.1983879321247946
Apul,1038,-0.39104541678689936,-0.2627778240676955,-0.40890480733298584
Apul,1039,-0.314098084668989,-0.2421984832697827,-0.3311340141164589
Apul,1040,-0.23820091757397413,-0.22559902922258981,-0.2543696463943499
Apul,1041,-0.37373318129280886,-0.29026481974656154,-0.3878979287437554
Apul,1042,-0.44736750110556495,-0.2833347643937639,-0.4602196069247767
Apul,1043,-0.4223223280320444,-0.25183606458057173,-0.43768242764805615
Apul,1044,-0.31877667030885115,-0.28337544710671647,-0.33590117933351554
Apul,1045,-0.24164184112468368,-0.21510079902649887,-0.26162793790073147
Apul,1046,-0.3933368309596655,-0.25372616550902455,-0.4100128424160923
Apul,1047,-0.27270823530912897,-0.22159563866725077,-0.2910162359121668
Apul,1048,-0.32612208814088756,-0.22969616612343738,-0.34288570332964075
Apul,1049,-0.28325889210754895,-0.2420366999025213,-0.3028690409972873
Apul,1050,-0.2895971639838592,-0.2293145930308644,-0.30573073740712203
Apul,1051,-0.33785192665094294,-0.21478360321122866,-0.3524443435620379
Apul,1052,-0.24772022820078757,-0.18656414295286736,-0.2629971007049973
Apul,1053,-0.49399321101387983,-0.31558496286983445,-0.5117287934917812
Apul,1054,-0.30403064048123035,-0.2511335778515081,-0.32245179775027955
Apul,1055,-0.2753212050532503,-0.2731355962463408,-0.2914952773011362
Apul,1056,-0.35520841367696404,-0.2595120533821879,-0.3707364773839878
Apul,1057,-0.3741600748525951,-0.23589972786425006,-0.3938862881201259
Apul,1058,-0.2395011273059875,-0.16508415280671276,-0.25749329005814087
Apul,1059,-0.3725016992007041,-0.2513972385553926,-0.39309866493718815
Apul,1060,-0.29741190768947434,-0.2665382087931624,-0.31432267233748656
Apul,1061,-0.12671755091886666,-0.11991320155040526,-0.1467799585920761
Apul,1062,-0.2828120624811475,-0.2323757765503707,-0.3022178326745622
Apul,1063,-0.2587216046614012,-0.17689843795619134,-0.27411594000029227
Apul,1064,-0.22651916626153165,-0.13318272102384207,-0.24430037935552276
Apul,1065,-0.3306363559014123,-0.2293066905055165,-0.3428689435972782
Apul,1066,-0.2155452747476761,-0.2214656588724825,-0.23277199176047783
Apul,1067,-0.2522757508094388,-0.2175598745173627,-0.2681391546994481
Apul,1068,-0.4498661163237832,-0.29137752522280724,-0.46977773322526245
Apul,1069,-0.37092345096784096,-0.22895086394920794,-0.3881377308964533
Apul,1070,-0.28655542460832545,-0.2333159391910294,-0.30314101091614815
Apul,1071,-0.3758765286097885,-0.25762232471876534,-0.39208883910357695
Apul,1072,-0.3647977511509511,-0.2696885502392007,-0.38327988509651556
Apul,1073,-0.20896656431495816,-0.2335785459714908,-0.23119380396526387
Apul,1074,-0.20186028856917698,-0.1918703458598306,-0.2243954015295616
Apul,1075,-0.352882142879563,-0.2572557192967445,-0.36829270172359474
Apul,1076,-0.4203923155962715,-0.2410968095876454,-0.4333451690940022
Apul,1077,-0.3860219818425002,-0.30211079258128815,-0.4014541173145901
Apul,1078,-0.4148829082865869,-0.32082477788277525,-0.4284052915054725
Apul,1079,-0.29507384327189273,-0.21944063128865546,-0.3118429049683552
Apul,1080,-0.2045782532572669,-0.206856583980391,-0.22548332484501607
Apul,1081,-0.3365676194778231,-0.235440107384914,-0.3558434990722922
Apul,1082,-0.15957025479674344,-0.09429595487010185,-0.17971062430895873
Apul,1083,-0.33843487944171746,-0.25582482843578486,-0.3537773592280472
Apul,1084,-0.43578144293668664,-0.3009817623813965,-0.4525876378987336
Apul,1085,-0.26380134385000154,-0.2391585027368185,-0.27868110374313465
Apul,1086,-0.19801794720730323,-0.21999356784927177,-0.21429101931593364
Apul,1087,-0.3335098607825892,-0.2403856182712446,-0.35021368393847235
Apul,1088,-0.2893750690164365,-0.21506340507135402,-0.30638242640804686
Apul,1089,-0.4439471797441306,-0.3114341985765583,-0.4597341502804661
Apul,1090,-0.35406343730930745,-0.2611509344175025,-0.3703179303979681
Apul,1091,-0.41889260023142044,-0.26713858111401073,-0.43746370297187376
Apul,1092,-0.37148949686382426,-0.26614875972639,-0.39069724351420515
Apul,1093,-0.21668922332419555,-0.1557985979611408,-0.2356893519396049
Apul,1094,-0.3791458623490158,-0.26552858130790147,-0.3939925357113603
Apul,1095,-0.30983635277414273,-0.19416768485534497,-0.32805685612461155
Apul,1096,-0.4536303560538458,-0.30240411413293594,-0.4711975005719695
Apul,1097,-0.45043389872588385,-0.32718142231696096,-0.46462295004988857
Apul,1098,-0.3820283987160133,-0.24972601042314863,-0.4017607643418337
Apul,1099,-0.3335390687898754,-0.28354360336250145,-0.3478925715123832
Apul,1100,-0.28302342752943943,-0.2490528940564187,-0.3051310024607129
Apul,1101,-0.21682117733582837,-0.19155929351355092,-0.23584297444664157
Apul,1102,-0.33802088140308484,-0.2877972688352061,-0.3557513157126409
Apul,1103,-0.3045217290132541,-0.1977990011277241,-0.32131930218222676
Apul,1104,-0.24071718231613595,-0.2181627329497923,-0.26428193994210997
Apul,1105,-0.20095509692970714,-0.16821628957582987,-0.21557749069451043
Apul,1106,-0.22932343458476642,-0.22149096108224145,-0.2472476235200487
Apul,1107,-0.22761958233775506,-0.1734756058821143,-0.24937537492592857
Apul,1108,-0.3709367738785686,-0.24027174187865383,-0.3853634466735323
Apul,1109,-0.41059810728701657,-0.28532965041367164,-0.4245862791769748
Apul,1110,-0.2384842500611575,-0.24840399441349734,-0.25591213054879774
Apul,1111,-0.4789000320987022,-0.3001168326072176,-0.4987162595687189
Apul,1112,-0.11983502784732016,-0.21806226372302467,-0.13597811330972726
Apul,1113,-0.35294819176666636,-0.24167179535453598,-0.36867967508262656
Apul,1114,-0.36146138431367747,-0.269205266075311,-0.37771909852821584
Apul,1115,-0.3279047540790578,-0.2551632880511704,-0.34347019094707043
Apul,1116,-0.2710611718826897,-0.24540656594057036,-0.2862440212813442
Apul,1117,-0.3572006281987693,-0.26128988934578967,-0.37132423843857754
Apul,1118,-0.29938885254693964,-0.21330530749855284,-0.314346810532403
Apul,1119,-0.4467052766485185,-0.30466370917047036,-0.4637595875120562
Apul,1120,-0.3963464556710117,-0.24413774714827516,-0.41348792913137095
Apul,1121,-0.3067837455753049,-0.2171976099103626,-0.3252661775865997
Apul,1122,-0.3515318205750271,-0.24420093386420172,-0.36770712228035546
Apul,1123,-0.318776670308846,-0.2833754471067271,-0.3359011793335186
Apul,1124,-0.27980572688909405,-0.19212209056191465,-0.29982064011592613
Apul,1125,-0.3704308743573472,-0.25287142898982057,-0.38471355187343703
Apul,1126,-0.25476039138630757,-0.2474151326018632,-0.26997771338388565
Apul,1127,-0.31471858801771724,-0.23530805088654053,-0.3372807286175845
Apul,1128,-0.40652002829971146,-0.27779989506660435,-0.4240672831873282
Apul,1129,-0.27223033440977457,-0.2382801346329287,-0.28983740770913713
Apul,1130,-0.16801894571023324,-0.12669335816790742,-0.18877852110796386
Apul,1131,-0.4959466152119936,-0.3285701931200908,-0.512920081057971
Apul,1132,-0.4358384594488307,-0.260876974576927,-0.45002812122348124
Apul,1133,-0.3454647980631302,-0.24820275347162157,-0.3627122873031672
Apul,1134,-0.1391190290658252,-0.11850370210195019,-0.16129237390662507
Apul,1135,-0.32882754001998493,-0.24275431164652644,-0.3459359665888755
Apul,1136,-0.45584097659661516,-0.27817349746159387,-0.47132579216770193
Apul,1137,-0.2516196760145402,-0.2010096445089056,-0.2727427965816799
Apul,1138,-0.336482521210226,-0.23374456074005787,-0.35033087677956093
Apul,1139,-0.26694585270994203,-0.20506942847035572,-0.2810545732408704
Apul,1140,-0.3927065506091539,-0.28451518171644674,-0.4114071666183694
Apul,1141,-0.34794227463048255,-0.2520987834335853,-0.36778122860729784
Apul,1142,-0.1961236948543566,-0.11129649645341946,-0.22174395059524324
Apul,1143,-0.348958354218798,-0.23425967587391022,-0.36684698103200064
Apul,1144,-0.33323911650959814,-0.26024145983085656,-0.35482565672344385
Apul,1145,-0.3342160017655922,-0.20331216520907128,-0.3540119183590589
Apul,1146,-0.27370663697073117,-0.20799985173197297,-0.2895587226364658
Apul,1147,-0.3761819639975772,-0.233423395120607,-0.3908455184063306
Apul,1148,-0.241774685580116,-0.22848626249118612,-0.2571908451874199
Apul,1149,-0.2695035201119085,-0.22129679982398667,-0.2899408381123978
Apul,1150,-0.4994025516563135,-0.27769081480333024,-0.517270104017751
Apul,1151,-0.39458040102109054,-0.28204820067414127,-0.41121506962307236
Apul,1152,-0.40605901294349356,-0.2877961234485672,-0.4266269254606875
Apul,1153,-0.3006706675453291,-0.2682832751878905,-0.3180680146682147
Apul,1154,-0.32841075486459487,-0.2569780793577695,-0.3453423077595365
Apul,1155,-0.2770387003764945,-0.2324837375711711,-0.29508655189003347
Apul,1156,-0.2480573276760428,-0.2289825675876813,-0.27068272962152073
Apul,1157,-0.42780086341908674,-0.2970313996299969,-0.44555602237283914
Apul,1158,-0.40738054157893433,-0.2534209224793797,-0.4238231912226683
Apul,1159,-0.18305311256470702,-0.19518327879316985,-0.20704886488607094
Apul,1160,-0.4701091065783627,-0.28147320160898837,-0.4844601265212181
Apul,1161,-0.26227942738249316,-0.1876361156106896,-0.28032247179749076
Apul,1162,-0.2564558847951887,-0.21021964609561677,-0.27615090781737056
Apul,1163,-0.3463900011711162,-0.2737848966642004,-0.3624083189019821
Apul,1164,-0.27991213194987485,-0.2163809769550858,-0.2984786932714836
Apul,1165,-0.45560960139541007,-0.3161762177799651,-0.470192877520565
Apul,1166,-0.11109818269502966,-0.20463998286199409,-0.13045188929375698
Apul,1167,-0.12997930763244658,-0.18033331587361562,-0.15110203229791272
Apul,1168,-0.2923356716338483,-0.23108514821357887,-0.3087124917788772
Apul,1169,-0.23535605537758497,-0.18572815291817613,-0.2536300647381823
Apul,1170,-0.33798681262860875,-0.23062536082501087,-0.3547004361196704
Apul,1171,-0.44694163791685815,-0.29680567948060466,-0.4664563641134102
Apul,1172,-0.160498399795147,-0.15066421657942397,-0.18132980625697487
Apul,1173,-0.35667616247126294,-0.2745741721348638,-0.37527071491174335
Apul,1174,-0.3046893177491351,-0.23557916176030064,-0.3216871411670406
Apul,1175,-0.4567737699766801,-0.3046652311629807,-0.472629337911262
Apul,1176,-0.3597091347526337,-0.2738312375368395,-0.3773092233602878
Apul,1177,-0.2196747872415396,-0.21855937030786607,-0.23510856731863627
Apul,1178,-0.37620331024835985,-0.2679584507243028,-0.3942147695399391
Apul,1179,-0.29059535196929936,-0.2307839232963165,-0.3047877546101666
Apul,1180,-0.2849247705990755,-0.2595264562456329,-0.30480088886173073
Apul,1181,-0.12607418891905503,-0.09160297403651516,-0.149681900716534
Apul,1182,-0.3019577771018654,-0.24063782112695323,-0.3155884892023526
Apul,1183,-0.3967259360482003,-0.29280396714193474,-0.41467021673010657
Apul,1184,-0.3900506884428472,-0.29085349672561583,-0.40678829638613684
Apul,1185,-0.24880672215204452,-0.2703170317536389,-0.2630170818040269
Apul,1186,-0.3710514032085045,-0.2154846686654682,-0.38964485809283983
Apul,1187,-0.2600649558621732,-0.2475944995329684,-0.2781698479978339
Apul,1188,-0.2405484862857292,-0.22014019248868355,-0.2596323272165424
Apul,1189,-0.27460641520419166,-0.21746145364090885,-0.29222430744314376
Apul,1190,-0.33344463522330037,-0.26799017270326153,-0.3497505246260384
Apul,1191,-0.37400572318641395,-0.27164704954877805,-0.38902357591155334
Apul,1192,-0.2608310270674158,-0.22354620976961467,-0.27870647165392376
Apul,1193,-0.2217197968218733,-0.1578022574940962,-0.23944811849606856
Apul,1194,-0.3516828630667301,-0.2382437022048314,-0.3695414152984154
Apul,1195,-0.39380131440607036,-0.2870536118480738,-0.4113719443080224
Apul,1196,-0.31094002192868697,-0.19765464334089988,-0.3261676175444314
Apul,1197,-0.3338143206081437,-0.273058369857055,-0.35454689250641813
Apul,1198,-0.23923531566480521,-0.19590572031727035,-0.2590040261957824
Apul,1199,-0.27722681295277835,-0.28784241927262655,-0.2953304455497895
Apul,1200,-0.3007220371504402,-0.20610342163962442,-0.31760899147941424
Apul,1201,-0.37419735159342143,-0.2750200948514007,-0.3924648779453807
Apul,1202,-0.30098106674972164,-0.22990031350160162,-0.3180516561431854
Apul,1203,-0.33033262767683524,-0.2226082536060737,-0.3537337371551023
Apul,1204,-0.33608472598420686,-0.23832665449903154,-0.3528850301301532
Apul,1205,-0.3985900263197528,-0.30027179524390046,-0.41455208667184085
Apul,1206,-0.33226189075308116,-0.25616662014436387,-0.3475080347828843
Apul,1207,-0.18764671095706412,-0.20949891236133092,-0.20325049220346955
Apul,1208,-0.29233567163385304,-0.23108514821357695,-0.30871249177887133
Apul,1209,-0.41040295732897164,-0.2963735891500677,-0.4255695119185839
Apul,1210,-0.3137200602618559,-0.2470097264904046,-0.3316399973340144
Apul,1211,-0.4507906038419264,-0.3544529762351179,-0.4652797895854298
Apul,1212,-0.16755615636804438,-0.20834077768025608,-0.18889078284935465
Apul,1213,-0.14667934482371314,-0.11573298291780693,-0.17037456461890574
Apul,1214,-0.3825881080772901,-0.2816992215485252,-0.399145951876637
Apul,1215,-0.31828116741943446,-0.2487493892894357,-0.3357949035937325
Apul,1216,-0.17084621376140202,-0.24051826280951363,-0.18960992996168435
Apul,1217,-0.18740625981486744,-0.17771141083884961,-0.20880028053384597
Apul,1218,-0.18779871426580502,-0.21949118362380224,-0.20615906240547946
Apul,1219,-0.37754834906125445,-0.28043690678230715,-0.3960813103438073
Apul,1220,-0.3386412959397,-0.26590622000995356,-0.35387064786378136
Apul,1221,-0.28888128169755833,-0.16907264384800083,-0.3065694988872791
Apul,1222,-0.3279721620607698,-0.2664382113724187,-0.3426162884191665
Apul,1223,-0.21700492399951984,-0.23027382390360374,-0.2366593684339437
Apul,1224,-0.4088248510479479,-0.2926885299516092,-0.4270645045956209
Apul,1225,-0.36617431575804305,-0.21548287331097413,-0.38267007804744174
Apul,1226,-0.41076553734157556,-0.29075062103551647,-0.4264535452120625
Apul,1227,-0.3882881705163293,-0.2809059523528233,-0.4049701961879235
Apul,1228,-0.3250610396345926,-0.28654579938825936,-0.3414732031161319
Apul,1229,-0.3187766703088507,-0.2833754471067191,-0.3359011793335189
Apul,1230,-0.3354513782011776,-0.2723937574894038,-0.3506580150602163
Apul,1231,-0.4353581358078568,-0.27380225341659103,-0.4530532820731413
Apul,1232,-0.2934936741085291,-0.2700552248081908,-0.31157633418751823
Apul,1233,-0.34124510926196205,-0.2593645000422653,-0.3607499436722013
Apul,1234,-0.43352462015625653,-0.3186569054822806,-0.44927535682977643
Apul,1235,-0.2580539259686916,-0.23678282428826164,-0.27452326017262796
Apul,1236,-0.2910647692745389,-0.20655298052587218,-0.31197988424213835
Apul,1237,-0.20468858073440202,-0.21065706801611592,-0.22222113583986877
Apul,1238,-0.3898252121409534,-0.28664570936201633,-0.4071163018373107
Apul,1239,-0.34668799304156883,-0.24697935317820832,-0.36372677153446614
Apul,1240,-0.1769645803443925,-0.17758652908074288,-0.20261413408882875
Apul,1241,-0.24456881553928192,-0.19946069581574138,-0.258801868157961
Apul,1242,-0.3006381447254351,-0.23135186807240413,-0.3185870011542392
Apul,1243,-0.3352259934542546,-0.27290631859942477,-0.3499609444653293
Apul,1244,-0.379398928419747,-0.2985685788062662,-0.3985812901277949
Apul,1245,-0.40733026218629487,-0.24908238454957307,-0.4226189857845476
Apul,1246,-0.32790475407905273,-0.2551632880511671,-0.3434701909470785
Apul,1247,-0.33901897402067493,-0.247335536904479,-0.3582568148590697
Apul,1248,-0.4057326403170497,-0.29374641840396076,-0.42138990190494885
Apul,1249,-0.32790475407905334,-0.2551632880511702,-0.34347019094706993
Apul,1250,-0.25508728547175186,-0.1867431413417696,-0.2722322145639295
Apul,1251,-0.37885802137714675,-0.24636143173257735,-0.39674935387417504
Apul,1252,-0.2745099900831374,-0.20634058215798753,-0.28941900358469896
Apul,1253,-0.30780379526959223,-0.22761921207514688,-0.3204785631542117
Apul,1254,-0.2353560553775963,-0.18572815291818043,-0.25363006473817395
Apul,1255,-0.365853357899678,-0.2721177353715303,-0.3831648213810556
Apul,1256,-0.4720850594384979,-0.33267376618231687,-0.4862274723233527
Apul,1257,-0.26275980688429745,-0.23794551499644748,-0.2825856278278664
Apul,1258,-0.21237544214436468,-0.22245566666250283,-0.2321619282010754
Apul,1259,-0.34639000117111945,-0.2737848966642023,-0.3624083189019755
Apul,1260,-0.33717004809080464,-0.2631860980976226,-0.35186679151893485
Apul,1261,-0.24828146353858063,-0.2547182593905871,-0.2660094881199443
Apul,1262,-0.31675659703426984,-0.20529475191826882,-0.33748378835218773
Apul,1263,-0.2629046144645448,-0.22526073050144182,-0.28468643741365346
Apul,1264,-0.46557312152253655,-0.3131210601887949,-0.48873480520769264
Apul,1265,-0.35705480712287346,-0.2387670126855388,-0.3765768106485692
Apul,1266,-0.38795519414723423,-0.2592156016131606,-0.40363543284613157
Apul,1267,-0.3152763612525458,-0.2207877252078391,-0.332267795174349
Apul,1268,-0.2905395874793438,-0.2376579927151623,-0.30725908904879573
Apul,1269,-0.27722681295278156,-0.28784241927263077,-0.29533044554978805
Apul,1270,-0.465035114312464,-0.30469191612594054,-0.4788992532536456
Apul,1271,-0.28007877141365844,-0.29207590345050943,-0.2990610788638118
Apul,1272,-0.32903657974099587,-0.25211673333260365,-0.346394273193471
Apul,1273,-0.2123754421443637,-0.22245566666251193,-0.23216192820107484
Apul,1274,-0.13081383870643085,-0.14625507560692633,-0.15048247000487297
Apul,1275,-0.3214805567295543,-0.2557609712223331,-0.33996299034802746
Apul,1276,-0.18758640254795114,-0.2122562604588009,-0.203732547931121
Apul,1277,-0.33700604703940534,-0.27488718071921175,-0.35504878293944264
Apul,1278,-0.3990161862036071,-0.3203567349571838,-0.41708076059629956
Apul,1279,-0.27722681295278107,-0.2878424192726316,-0.2953304455497842
Apul,1280,-0.34030727441476727,-0.2748095480201979,-0.3541115634003378
Apul,1281,-0.4354899010203959,-0.3099105024899633,-0.4504875742403663
Apul,1282,-0.20601715241314636,-0.20465260699992224,-0.22744666684143947
Apul,1283,-0.24514967591181627,-0.22239204871105503,-0.2659452889363815
Apul,1284,-0.3218974041040989,-0.3121105380956384,-0.33784174715386417
Apul,1285,-0.3653254006071345,-0.25395261103430533,-0.38190417411434785
Apul,1286,-0.2748942222055999,-0.2794702221267688,-0.29128485206795596
Apul,1287,-0.4000907334100806,-0.2115468018758177,-0.4181323017775407
Apul,1288,-0.33715496821767066,-0.2664043508287828,-0.35214563103232793
Apul,1289,-0.4024713158225107,-0.30558875011345304,-0.41971144179461267
Apul,1290,-0.19710375006494957,-0.2040589464280974,-0.21829474291235373
Apul,1291,-0.18740625981486633,-0.17771141083885283,-0.20880028053384678
Apul,1292,-0.3201774057958375,-0.2273540218610593,-0.3379757263545706
Apul,1293,-0.27016357780632455,-0.24335884033843833,-0.2894662115534106
Apul,1294,-0.4104138429025321,-0.2675114340017072,-0.42588065247606566
Apul,1295,-0.3940345523935989,-0.2770244377854802,-0.41136174702231965
Apul,1296,-0.3207340051284551,-0.26133430393618323,-0.34100623023982474
Apul,1297,-0.2918585713632157,-0.2410257319857185,-0.30857379140425456
Apul,1298,-0.5330281066727007,-0.35107461349663027,-0.5494850293703212
Apul,1299,-0.46913902737048213,-0.28310112870098497,-0.48352689611281974
Apul,1300,-0.3450261478236344,-0.2738737731242934,-0.3612716990464258
Apul,1301,-0.3972773011585651,-0.27315639200100805,-0.4100732580681276
Apul,1302,-0.32524789029455625,-0.26957654100541556,-0.3466768559629309
Apul,1303,-0.24085103601900787,-0.21536561553644837,-0.25812553621228956
Apul,1304,-0.19765879438835157,-0.17369152368870217,-0.22511200648788313
Apul,1305,-0.3601378706027888,-0.23364237421299291,-0.37618910357665486
Apul,1306,-0.24546530637189837,-0.18945066397465835,-0.26778969863793123
Apul,1307,-0.39657241792113573,-0.27725846627858114,-0.41282372163268466
Apul,1308,-0.3478519622575861,-0.19574594097956563,-0.3629573758853794
Apul,1309,-0.36080288599186344,-0.2595262367196474,-0.37691593506966115
Apul,1310,-0.3331944642497429,-0.24145312198128605,-0.34847553998411196
Apul,1311,-0.18540899279816575,-0.20981743817233156,-0.2060098636848483
Apul,1312,-0.3793989284197464,-0.2985685788062686,-0.3985812901277951
Apul,1313,-0.1871088489023479,-0.23314225811758085,-0.20640005535969336
Apul,1314,-0.48601450947981917,-0.31974659348879453,-0.503606325836881
Apul,1315,-0.3368009669150978,-0.25302034908449944,-0.35189853948719624
Apul,1316,-0.38399940195159804,-0.26746611168317164,-0.4002372543019893
Apul,1317,-0.17019602640026435,-0.23207583781007118,-0.19409494259656426
Apul,1318,-0.37972802230675506,-0.31685411790176315,-0.39764595598182473
Apul,1319,-0.31520761566193506,-0.21426659421197808,-0.3301457503441608
Apul,1320,-0.22842119996916044,-0.07458477248843615,-0.2533301385100916
Apul,1321,-0.2497943736005038,-0.2234125202796565,-0.2715368899145526
Apul,1322,-0.2725973820541009,-0.17095628730951043,-0.29716067077283964
Apul,1323,-0.23895266857277997,-0.21675617018517188,-0.2601751280655347
Apul,1324,-0.22279865447442568,-0.19329512534721188,-0.24773894729201978
Apul,1325,-0.2241737564436713,-0.23396625816830002,-0.24573886420356686
Apul,1326,-0.26649107457149995,-0.24812379063921863,-0.28642717098290205
Apul,1327,-0.3021506782469108,-0.3178993852573089,-0.32243717880298517
Apul,1328,-0.313490293217449,-0.24942230816282948,-0.33002913166272774
Apul,1329,-0.23364609983688905,-0.25463115159129196,-0.24917717510655238
Apul,1330,-0.28206564443857673,-0.25429796447391456,-0.2990890029140569
Apul,1331,-0.3343512235616667,-0.2677457496400235,-0.35175172531801163
Apul,1332,-0.38227035258064024,-0.26069837493670805,-0.4003070134662047
Apul,1333,-0.16528527759072048,-0.08705583055399796,-0.19022419886555186
Apul,1334,-0.4757098753799421,-0.35928910332088526,-0.4959311781226093
Apul,1335,-0.4222519820880883,-0.24454453819727892,-0.4406315707491605
Apul,1336,-0.23359022285474157,-0.21357073066598123,-0.2548190256864667
Apul,1337,-0.1393264658164105,-0.21475944776262376,-0.16018840554524041
Apul,1338,-0.4858818866135659,-0.2896281490769487,-0.5018655681848057
Apul,1339,-0.16469351592576564,-0.24444449788996175,-0.18701602955831262
Apul,1340,-0.18307468974077643,-0.19515381770373624,-0.20704886488608043
Apul,1341,-0.2913954616143171,-0.15431775066770062,-0.31057477145464085
Apul,1342,-0.31977488568139056,-0.2766223957834688,-0.33893788481704434
Apul,1343,-0.3331944642497413,-0.2414531219812921,-0.3484755399841189
Apul,1344,-0.18214469035697647,-0.20327118395114,-0.20288257957986403
Apul,1345,-0.35569285251747235,-0.2543920134773698,-0.37513226609605593
Apul,1346,-0.3306363559014156,-0.22930669050552072,-0.34286894359727893
Apul,1347,-0.2001856806170044,-0.19503710800315163,-0.22028868505541105
Apul,1348,-0.27876349727166583,-0.20351227560433727,-0.29841610553281045
Apul,1349,-0.2358651231925832,-0.16794676542836795,-0.25509233225963335
Apul,1350,-0.47650654159312683,-0.3093248552884164,-0.49038656943115305
Apul,1351,-0.34661935263675,-0.2352291191889911,-0.36052277033641494
Apul,1352,-0.36292624634071835,-0.2752150164742049,-0.3752558493607308
Apul,1353,-0.26681035433548944,-0.23964171188034353,-0.28605285700538
Apul,1354,-0.34547497850287395,-0.2794192918193921,-0.3617144950690528
Apul,1355,-0.3817356794806611,-0.2511489688437045,-0.4072928258407311
Apul,1356,-0.3485989013918542,-0.2633837576630901,-0.365541881728626
Apul,1357,-0.40811877290086396,-0.2800492325771509,-0.4240912607053945
Apul,1358,-0.19801794720732194,-0.2199935678492731,-0.21429101931592795
Apul,1359,-0.27489796167216934,-0.3054523976518065,-0.2990100549787588
Apul,1360,-0.2269989326688519,-0.22567213622398172,-0.24641526458767804
Apul,1361,-0.3453018648803428,-0.280155186639582,-0.3607698276334897
Apul,1362,-0.1708444489440701,-0.1903234492532606,-0.19000371946946215
Apul,1363,-0.20991957579305143,-0.22658662126829293,-0.22573970153358633
Apul,1364,-0.3872797381914373,-0.23334706126129812,-0.4027826351254014
Apul,1365,-0.31686784888030134,-0.20466192791232887,-0.3344362038703015
Apul,1366,-0.18740625981487408,-0.17771141083885034,-0.2088002805338463
Apul,1367,-0.27514570574800973,-0.26810286784061466,-0.2943166528232969
Apul,1368,-0.24864889630788903,-0.23198492930487366,-0.26495927785465245
Apul,1369,-0.34466089618243134,-0.3002639163130058,-0.364826035068507
Apul,1370,-0.3086309584247323,-0.2544209774185838,-0.3306536605533699
Apul,1371,-0.2675760282126717,-0.20367087242833004,-0.28449641878460025
Apul,1372,-0.23300081488601607,-0.17382940145412518,-0.24813296210965347
Apul,1373,-0.4232280846331525,-0.2609566394869396,-0.44345453793577266
Apul,1374,-0.22472004724171094,-0.24335721422005444,-0.24218713867464223
Apul,1375,-0.23535605537759866,-0.18572815291817948,-0.25363006473817457
Apul,1376,-0.20238360341999387,-0.23522120003848915,-0.22010140206171236
Apul,1377,-0.28578002630737515,-0.30743654173527557,-0.30559454506536016
Apul,1378,-0.22532044199133647,-0.16372795510816496,-0.23819353527131273
Apul,1379,-0.31660956479907076,-0.20940374304838558,-0.3328980122152203
Apul,1380,-0.34704752347113677,-0.2478151383719578,-0.36501616091358124
Apul,1381,-0.21685453550896214,-0.21613744131404974,-0.24262127828201308
Apul,1382,-0.23711577564906905,-0.2077504424861003,-0.25641829856806336
Apul,1383,-0.24180645336272574,-0.2303192711903782,-0.2652468389405475
Apul,1384,-0.4155192386387154,-0.2667655961505981,-0.4365487491028781
Apul,1385,-0.26829704505856167,-0.23344196827962757,-0.2872898742252053
Apul,1386,-0.32083261015435566,-0.298096564401383,-0.3384178375440441
Apul,1387,-0.38916737642529564,-0.26649638212093546,-0.4021427698053255
Apul,1388,-0.19141648302132974,-0.21544729155881776,-0.20827943032935803
Apul,1389,-0.3089027765751785,-0.22106795430050796,-0.3262521467328221
Apul,1390,-0.3812161106053925,-0.24544568941985825,-0.39853647559093003
Apul,1391,-0.24828146353860867,-0.25471825939057585,-0.26600948811996067
Apul,1392,-0.33715496821767654,-0.26640435082878317,-0.3521456310323199
Apul,1393,-0.4248257891836061,-0.3048523262386575,-0.44007260777822643
Apul,1394,-0.22351284449632383,-0.2517327669080204,-0.24408347267196215
Apul,1395,-0.3756433915194518,-0.29381550481527813,-0.3887697719186864
Apul,1396,-0.158652483966748,-0.126394509361451,-0.18309095607458453
Apul,1397,-0.23974783508240835,-0.19852090269815753,-0.2540609510330815
Apul,1398,-0.28424946127843626,-0.23495121365407248,-0.3067086656369891
Apul,1399,-0.2931494449209034,-0.2531647173511934,-0.31023407238117107
Apul,1400,-0.18148791398426697,-0.19545099943111324,-0.1992648818964949
Apul,1401,-0.35434200108690034,-0.30376339025838767,-0.37318105356480236
Apul,1402,-0.3366937861966102,-0.25413325486110244,-0.3554224810934188
Apul,1403,-0.4217045690814843,-0.24888831890432386,-0.4407159645901052
Apul,1404,-0.31732393355630206,-0.2530380392824352,-0.3331281739026891
Apul,1405,-0.4105643480690645,-0.29988559648291924,-0.42768278583024316
Apul,1406,-0.12428012271525389,-0.1649041882723735,-0.14359422120908222
Apul,1407,-0.4054521471822073,-0.26650061212953424,-0.4267026743992299
Apul,1408,-0.4504338987258779,-0.32718142231696473,-0.46462295004988924
Apul,1409,-0.27858721343903065,-0.2532183953177413,-0.2962104197504756
Apul,1410,-0.1431526622115278,-0.06928808714735671,-0.163647712216324
Apul,1411,-0.31830757874409227,-0.2345818354529268,-0.33129903326015714
Apul,1412,-0.23171562961076342,-0.17528508768312423,-0.2507467949664676
Apul,1413,-0.2325747798614581,-0.1934992867085963,-0.25080762754177005
Apul,1414,-0.5223211497493782,-0.34354044814706486,-0.5389253918136768
Apul,1415,-0.40909794926222137,-0.30329981143360346,-0.4263006377230546
Apul,1416,-0.3031181673364083,-0.3199599114807602,-0.3221566799430645
Apul,1417,-0.2224475194743858,-0.1945109445662199,-0.240981030912961
Apul,1418,-0.2549637063779443,-0.24047663986504902,-0.27685235774447053
Apul,1419,-0.2679333195229399,-0.21610776816977076,-0.29035513772874244
Apul,1420,-0.2535567563051694,-0.21420282383876751,-0.2747533617750716
Apul,1421,-0.36881714032307994,-0.25358417550675305,-0.38476205914091594
Apul,1422,-0.3644947095184374,-0.2765999005988458,-0.3815139094474222
Apul,1423,-0.25826248662569806,-0.23481925534179401,-0.27439660630612
Apul,1424,-0.3198185419237277,-0.2564168579183172,-0.33550634856271544
Apul,1425,-0.425872013589228,-0.29199578041188584,-0.4406766347689003
Apul,1426,-0.41017514405133526,-0.2756088638705143,-0.4234792879251123
Apul,1427,-0.4217433834146899,-0.3240905385336163,-0.43368785652963243
Apul,1428,-0.30012432738511213,-0.2712099224297972,-0.31503369884743015
Apul,1429,-0.2889756916330587,-0.25152610104527595,-0.3055318892610442
Apul,1430,-0.39638679632244683,-0.29433949642168483,-0.4133235775320543
Apul,1431,-0.44997824378278445,-0.29447711661719683,-0.46456519095386506
Apul,1432,-0.2335077214411587,-0.22945416482807598,-0.2471897166968536
Apul,1433,-0.2920721407093921,-0.2594840696744802,-0.31053790074289395
Apul,1434,-0.3136156524512931,-0.21672924544358707,-0.32775294822039713
Apul,1435,-0.4095731045486653,-0.2832019611903125,-0.42569623920626665
Apul,1436,-0.13645665487304295,-0.1048043262183711,-0.15912487315069856
Apul,1437,-0.22886591825754357,-0.2569111406138314,-0.2462588933448882
Apul,1438,-0.3136956377930165,-0.22378444229836653,-0.33330754888850733
Apul,1439,-0.18733816158898672,-0.2526537725706524,-0.21026787911198563
Apul,1440,-0.4549412110789636,-0.3026566314053627,-0.467035638241182
Apul,1441,-0.1660343391178771,-0.204301861267195,-0.18516853487286475
Apul,1442,-0.43003595560261215,-0.2847201074203518,-0.44836418172004816
Apul,1443,-0.3881511720044641,-0.2730369019805193,-0.40459972657402316
Apul,1444,-0.3898713914164054,-0.26315309236628714,-0.4083833561999242
Apul,1445,-0.485448788210758,-0.3318887079390705,-0.5015094532702633
Apul,1446,-0.4324019032274997,-0.32751459468580507,-0.44680325739258864
Apul,1447,-0.3066383371139136,-0.24964050148590386,-0.32358524015700996
Apul,1448,-0.18004584280920716,-0.2570681828832973,-0.19958394833928608
Apul,1449,-0.26631170713565055,-0.24020475536900393,-0.28695210345274585
Apul,1450,-0.44891933033741643,-0.3172594106594676,-0.4660105147086374
Apul,1451,-0.3962136283948864,-0.25619774162525183,-0.41262186311583493
Apul,1452,-0.3434239122791226,-0.25247689483671526,-0.3610447623442401
Apul,1453,-0.4013386006473071,-0.27500080181741843,-0.4214162219617815
Apul,1454,-0.2771468646632867,-0.21861844411682144,-0.29701812150683793
Apul,1455,-0.17683093248201248,-0.1557602086451497,-0.19853978604066477
Apul,1456,-0.42236876717925603,-0.2743994322732241,-0.440933103800703
Apul,1457,-0.17695254831144666,-0.20297777696550917,-0.19567288891354612
Apul,1458,-0.3143819089195788,-0.2836562953965828,-0.3324292629084231
Apul,1459,-0.22357140436065678,-0.21233806522336388,-0.24608118191213843
Apul,1460,-0.27947227041454636,-0.21622349691014245,-0.29428888989831326
Apul,1461,-0.5002310146513931,-0.3199556491443256,-0.5171999348506368
Apul,1462,-0.3592073622682343,-0.2658707818752407,-0.37590761748848667
Apul,1463,-0.2695236039850553,-0.23857869150963484,-0.28747147184769806
Apul,1464,-0.364454578886379,-0.2539593347801043,-0.3788237988754877
Apul,1465,-0.3225579163197329,-0.23919770788064826,-0.3423807930142977
Apul,1466,-0.33183958411210324,-0.23806428369214389,-0.35148009541562825
Apul,1467,-0.24880672215205593,-0.27031703175363664,-0.2630170818040329
Apul,1468,-0.11109818269503124,-0.20463998286199037,-0.1304518892937749
Apul,1469,-0.3646854238110856,-0.25347854468355424,-0.3824686470217259
Apul,1470,-0.37694247371432127,-0.30021504866320525,-0.39228751942095486
Apul,1471,-0.1859055534793987,-0.19748870166198343,-0.2044257184204159
Apul,1472,-0.30756657948200866,-0.22865477441131007,-0.32520526834237895
Apul,1473,-0.3362171852416272,-0.2679724323626737,-0.3514605050525521
Apul,1474,-0.4372321410638221,-0.31943022905884366,-0.4514814522719283
Apul,1475,-0.29192543891468,-0.23823410521591956,-0.3080569644474692
Apul,1476,-0.3813464755131823,-0.24331185720369664,-0.3980814076428793
Apul,1477,-0.18543011021394432,-0.05776460319149336,-0.20782688387816659
Apul,1478,-0.2596651280860985,-0.2228577101817,-0.2769644685483511
Apul,1479,-0.2575974011174947,-0.21203360488737655,-0.27842080018784054
Apul,1480,-0.18970371237071595,-0.2452588148692161,-0.20765766144695819
Apul,1481,-0.47740146517636844,-0.3055377281496099,-0.4954681123723424
Apul,1482,-0.17679567419020245,-0.16643931768499484,-0.20082040160638023
Apul,1483,-0.23268236101871323,-0.23925932983363585,-0.2534347307334906
Apul,1484,-0.3857883326493358,-0.27717367748511884,-0.3992651146219272
Apul,1485,-0.3155668984915858,-0.2583844511083057,-0.32909944000604435
Apul,1486,-0.36324276996998067,-0.26103098078190456,-0.37930166013610106
Apul,1487,-0.38114721924313466,-0.2894993983067181,-0.39752533246922706
Apul,1488,-0.32514663471110483,-0.27276237005386117,-0.3429268714975029
Apul,1489,-0.36593927513944374,-0.26597278581531075,-0.3817847913748701
Apul,1490,-0.2748979616721647,-0.30545239765180804,-0.2990100549787497
Apul,1491,-0.29849535461889376,-0.26512076945756546,-0.31724729320621103
Apul,1492,-0.418118143181728,-0.2752223732916817,-0.4345963430047372
Apul,1493,-0.33631135343191676,-0.2874721762374967,-0.35330254061642563
Apul,1494,-0.22624907264020347,-0.18518003269255867,-0.24237979332962567
Apul,1495,-0.34538131641547554,-0.24270144262967794,-0.36213603376870523
Apul,1496,-0.14255092340100142,-0.24014087676062332,-0.16806577541974774
Apul,1497,-0.3999476606934072,-0.2572502066457814,-0.42124390025830377
Apul,1498,-0.4839523385344291,-0.30019079583612956,-0.4968997502293292
Apul,1499,-0.196027317207699,-0.19003299176192645,-0.21657858815626949
Apul,1500,-0.2063205497842446,-0.1389516710404051,-0.22546088550304824
Apul,1501,-0.38819085853490704,-0.28186857166425866,-0.40692416727895575
Apul,1502,-0.4288392416376266,-0.34116746567005457,-0.4494842085202758
Apul,1503,-0.32970359594922927,-0.25982421172319964,-0.34808379151298663
Apul,1504,-0.3601928310448326,-0.24457756831180813,-0.3802267213949361
Apul,1505,-0.2224475194743917,-0.19451094456621848,-0.24098103091296577
Apul,1506,-0.18765687270608303,-0.1898925436435831,-0.2122021135990497
Apul,1507,-0.39996629069204764,-0.27504005651172025,-0.4178553570749446
Apul,1508,-0.2730298014672959,-0.17012293044305596,-0.2894184373580311
Apul,1509,-0.21650414194499798,-0.263160669914077,-0.2421737594935205
Apul,1510,-0.4225095115370288,-0.27689146484888644,-0.43957935814144633
Apul,1511,-0.24678554479151366,-0.21256450930346893,-0.2632111126823097
Apul,1512,-0.38639513797109526,-0.29381918684183767,-0.4055830108695517
Apul,1513,-0.21397134010748387,-0.19253268022607556,-0.23638268159967768
Apul,1514,-0.3636636292971576,-0.25910305035068965,-0.3808793213447225
Apul,1515,-0.39017317725361533,-0.2823558598521381,-0.4082132186139906
Apul,1516,-0.44337453729173243,-0.30429718822019475,-0.4610152285816284
Apul,1517,-0.24456528636723215,-0.24903682806984806,-0.261168308386799
Apul,1518,-0.2775749793949316,-0.21865297034177217,-0.29846336863595985
Apul,1519,-0.3681074318210505,-0.2805865845670653,-0.3860354595589096
Apul,1520,-0.2558664001069003,-0.17942583191416633,-0.27895540700528976
Apul,1521,-0.22643568285300036,-0.22147550242062738,-0.24527497972054438
Apul,1522,-0.3690111885597333,-0.248335189712721,-0.3848133308516222
Apul,1523,-0.30685514478638565,-0.2545201106082077,-0.32406825354355373
Apul,1524,-0.22472004724169173,-0.24335721422005394,-0.24218713867462846
Apul,1525,-0.2727752540135884,-0.20724781306580337,-0.28811225752278163
Apul,1526,-0.4838097232298747,-0.31650401846324894,-0.5042332229533962
Apul,1527,-0.24861230337273107,-0.20995081967986276,-0.26538151622296585
Apul,1528,-0.27817766876307637,-0.22185589290118668,-0.2968489386243456
Apul,1529,-0.34869036201184395,-0.26110876316204396,-0.3642892034496194
Apul,1530,-0.26988803437946435,-0.21850288458501174,-0.28551817252214495
Apul,1531,-0.2724865674930987,-0.21293603562455862,-0.28847676986311244
Apul,1532,-0.30454591980905804,-0.2738303575678556,-0.32642490150259595
Apul,1533,-0.31228965400972203,-0.24206613813040903,-0.32716708710999887
Apul,1534,-0.1691437173588255,-0.1924799619993932,-0.18743787353178315
Apul,1535,-0.19014002197844057,-0.2181787843808157,-0.21214527032501695
Apul,1536,-0.3963464556710114,-0.24413774714827244,-0.4134879291313686
Apul,1537,-0.4278008634190897,-0.29703139962999925,-0.44555602237284103
Apul,1538,-0.4236012591811017,-0.26597852785263393,-0.4415070535077939
Apul,1539,-0.25996668166239917,-0.22157803475781349,-0.2784600647024524
Apul,1540,-0.3589835589621411,-0.2834228988795385,-0.37248574270058227
Apul,1541,-0.38348731322224044,-0.2662673315327903,-0.3986874025766014
Apul,1542,-0.4010444061551744,-0.2398145139379372,-0.42433155399763456
Apul,1543,-0.22524473051082367,-0.23886258230667584,-0.24066140382819853
Apul,1544,-0.2980092782390484,-0.2826152366920412,-0.31413957610258425
Apul,1545,-0.38722546430398325,-0.25945649037823043,-0.4019294370811337
Apul,1546,-0.11513147264839681,-0.14220648513280246,-0.1431568122589207
Apul,1547,-0.5022801422057296,-0.31807539532036433,-0.5211212472584101
Apul,1548,-0.33392139609142796,-0.2453567881959849,-0.3534648452088987
Apul,1549,-0.3466221669892339,-0.3043722970674404,-0.3637951923407033
Apul,1550,-0.32991967413668094,-0.26659391881627137,-0.3447727031649733
Apul,1551,-0.222798654474424,-0.1932951253472149,-0.2477389472920304
Apul,1552,-0.4017516970914654,-0.3077389069200326,-0.42077354576322573
Apul,1553,-0.32478209178933204,-0.2793906273037741,-0.34117907168348427
Apul,1554,-0.33398169201651434,-0.26405084263102496,-0.3530156628646946
Apul,1555,-0.24097626757442991,-0.2307717684964007,-0.2617691877836454
Apul,1556,-0.4111072465590349,-0.2701402171672928,-0.4289093088702473
Apul,1557,-0.1759569154825873,-0.2131491022204166,-0.19516926661390946
Apul,1558,-0.34680698959780576,-0.2514055077782561,-0.36128739497315193
Apul,1559,-0.2159723935551902,-0.16556847954664225,-0.23803013493101435
Apul,1560,-0.3810602337969266,-0.25267512236972156,-0.39612024152743686
Apul,1561,-0.1389054820653902,-0.09105534207900458,-0.16292754450472327
Apul,1562,-0.2617754591878143,-0.2545188361024729,-0.2772875026998967
Apul,1563,-0.13145334997774452,-0.08535886094593088,-0.1518084459819115
Apul,1564,-0.3856441694949541,-0.263019376008321,-0.40191003656700913
Apul,1565,-0.4040512201937896,-0.3155774156385668,-0.41999625689761355
Apul,1566,-0.30571235136961594,-0.2653424800250103,-0.3213048758148563
Apul,1567,-0.14675830999759815,-0.09607903928595246,-0.16978900046194498
Apul,1568,-0.227524988396416,-0.2439042919990485,-0.24343719183819182
Apul,1569,-0.35380175582709206,-0.25473504627603566,-0.36962317524697863
Apul,1570,-0.39558131566282234,-0.3101996318561953,-0.4096781340169798
Apul,1571,-0.2145130131338961,-0.20876118622731446,-0.22960839483312512
Apul,1572,-0.27857280766794396,-0.2062771885251173,-0.2969995884172403
Apul,1573,-0.19364771514452928,-0.1763187500304852,-0.21377199160983495
Apul,1574,-0.37503946451429915,-0.2980467306079216,-0.38918173671990125
Apul,1575,-0.4132030846583301,-0.28487424235244907,-0.43210581254430563
Apul,1576,-0.3568705465269941,-0.24732608417557117,-0.3740465087713352
Apul,1577,-0.32982912428310757,-0.2543311152801226,-0.3453784238358692
Apul,1578,-0.27035516944660487,-0.24843218826160124,-0.28846010434502617
Apul,1579,-0.28704697628825626,-0.21585142796618156,-0.30120698306250004
Apul,1580,-0.4426997388724271,-0.2885603725503736,-0.46021965944849647
Apul,1581,-0.34698730456161603,-0.2873045094218709,-0.3624752283748702
Apul,1582,-0.27761535467805165,-0.20363413884440332,-0.29370442816998216
Apul,1583,-0.3624368230157064,-0.271914203240793,-0.3748693591704507
Apul,1584,-0.2700738527336315,-0.22645019825618987,-0.28609583281757234
Apul,1585,-0.22951512229026483,-0.19347481364040514,-0.24542030041269836
Apul,1586,-0.2900245238198028,-0.22343402491137515,-0.31195668567004997
Apul,1587,-0.2606562665083004,-0.2488365625425541,-0.2821367486161743
Apul,1588,-0.31304858097776017,-0.2624593658544527,-0.33054393040169244
Apul,1589,-0.44421918220984585,-0.27494286852078287,-0.4616557811819493
Apul,1590,-0.37077934282497693,-0.2910713654023953,-0.3887396652111136
Apul,1591,-0.3651701235523044,-0.27503246258286945,-0.3817261942062105
Apul,1592,-0.533346472192719,-0.3263181013756757,-0.548646937773384
Apul,1593,-0.4193539909550127,-0.2925032294325292,-0.43723363951331323
Apul,1594,-0.2606241686082944,-0.23619087054536805,-0.27687799385332457
Apul,1595,-0.2716042482518276,-0.2213374634138866,-0.289245755244919
Apul,1596,-0.4031937241193081,-0.228733180592648,-0.42168456576053953
Apul,1597,-0.31621622380949843,-0.18713361696239691,-0.3337031750086739
Apul,1598,-0.3860219818424954,-0.30211079258129253,-0.40145411731459135
Apul,1599,-0.23469389352184397,-0.2103898780776466,-0.2515663021323253
Apul,1600,-0.2608119795564248,-0.23947986847634073,-0.2816502517385061
Apul,1601,-0.34451572027319266,-0.2575645504836719,-0.357773994937771
Apul,1602,-0.12225018815678285,-0.14169900814624248,-0.14688716439002683
Apul,1603,-0.3192614344962799,-0.15865543875015162,-0.33802243469945403
Apul,1604,-0.4581977111820418,-0.3271761328506605,-0.47672788509541414
Apul,1605,-0.33091909871099,-0.24654830436857922,-0.348173041517709
Apul,1606,-0.342173707444531,-0.2939944714927313,-0.36163695181041766
Apul,1607,-0.3470475234711314,-0.24781513837196598,-0.3650161609135825
Apul,1608,-0.27653757153250175,-0.20535920131304086,-0.2946015142775589
Apul,1609,-0.2779730735373669,-0.22303122247272383,-0.2958813572839876
Apul,1610,-0.3636779192589498,-0.2685076268048408,-0.3799528568658374
Apul,1611,-0.3244007111524596,-0.2426406638988948,-0.34298065098156694
Apul,1612,-0.30893967799537747,-0.23214333876813872,-0.32296838731407207
Apul,1613,-0.15995284698416778,-0.16268851698161657,-0.17934146321702685
Apul,1614,-0.32841075486460175,-0.2569780793577693,-0.34534230775953445
Apul,1615,-0.32122064414972473,-0.19350702919438478,-0.3390590743265222
Apul,1616,-0.44783177608872926,-0.3047792845840963,-0.46745952216549547
Apul,1617,-0.4212447330172836,-0.3052465681066145,-0.4388932086814556
Apul,1618,-0.4987765730602072,-0.3342247462751993,-0.5152342843467772
Apul,1619,-0.37772064127615657,-0.25564319314491435,-0.3948054543434181
Apul,1620,-0.31652834720944223,-0.2534883009475899,-0.33159402482247685
Apul,1621,-0.4804674249311768,-0.301973042319185,-0.498619183467733
Apul,1622,-0.17248586398423785,-0.16318377339474358,-0.19363628005891662
Apul,1623,-0.25864637489875736,-0.22693082670258616,-0.2766983574988463
Apul,1624,-0.34096446880527637,-0.23199806890938768,-0.360343532882536
Apul,1625,-0.32028407482124116,-0.21537268830946035,-0.33610751309372155
Apul,1626,-0.3632427699699878,-0.26103098078190673,-0.3793016601361014
Apul,1627,-0.24916449489262713,-0.20978730079043284,-0.2671091124473536
Apul,1628,-0.25176212773912626,-0.17990350671798946,-0.2722179359682047
Apul,1629,-0.48326780066085157,-0.31483880826439814,-0.5006594374047816
Apul,1630,-0.2638013438500031,-0.23915850273681727,-0.2786811037431305
Apul,1631,-0.1412810271850363,-0.16602830041300315,-0.16300707671649453
Apul,1632,-0.388879304260519,-0.27014743355076365,-0.4029945977265115
Apul,1633,-0.43402733896557943,-0.3107079826055255,-0.45304175168752164
Apul,1634,-0.24024140298252725,-0.19748489535729385,-0.2581236660980828
Apul,1635,-0.14785894667947636,-0.18206293155345973,-0.16896269613523784
Apul,1636,-0.2792251121330414,-0.22366740899380697,-0.2955264102371491
Apul,1637,-0.29050288145005215,-0.21236500559318117,-0.310901004785636
Apul,1638,-0.42575870240331387,-0.3012516784616478,-0.44568481625676776
Apul,1639,-0.33864580992761606,-0.2286681239115662,-0.3583229208144537
Apul,1640,-0.422670255813499,-0.3059997797762429,-0.43883325624309955
Apul,1641,-0.3210794160229269,-0.25870516684930545,-0.341955248771003
Apul,1642,-0.40957310454867035,-0.2832019611903128,-0.4256962392062726
Apul,1643,-0.39333683095967087,-0.2537261655090263,-0.4100128424160944
Apul,1644,-0.3552084136769627,-0.2595120533821919,-0.3707364773839878
Apul,1645,-0.3049038656569275,-0.23876781401498148,-0.3221284919615068
Apul,1646,-0.33729295956056965,-0.2886222654550701,-0.35581578625834653
Apul,1647,-0.30083436510739014,-0.25696874368700473,-0.3163765377558258
Apul,1648,-0.29123719205092036,-0.23755356572988215,-0.3106411951558532
Apul,1649,-0.28323172335742774,-0.24552551635139613,-0.30129592373477637
Apul,1650,-0.39917233758146115,-0.27013916413301503,-0.4182342415477837
Apul,1651,-0.36905376024861664,-0.2324044261582637,-0.3868050392566381
Apul,1652,-0.4268232852133089,-0.26946824302497896,-0.44855852678873914
Apul,1653,-0.25227575080942843,-0.21755987451736428,-0.26813915469943445
Apul,1654,-0.2669234282256797,-0.19168970132079305,-0.28218956824224706
Apul,1655,-0.497503443130725,-0.3487023711731514,-0.5159814866286241
Apul,1656,-0.3069496759708005,-0.2149398790005089,-0.3226913648182325
Apul,1657,-0.32627895531129364,-0.26038270619151405,-0.34374883116799343
Apul,1658,-0.30541426262463334,-0.26636525617204615,-0.3233529883526812
Apul,1659,-0.4147340899712798,-0.31088830732911404,-0.43710936669757094
Apul,1660,-0.4097419019278836,-0.28563037256747353,-0.42636084319910816
Apul,1661,-0.21276048515601234,-0.20045516275761385,-0.23015954978232664
Apul,1662,-0.3352904634727727,-0.2645511262265998,-0.3518798745084254
Apul,1663,-0.47109909720220267,-0.3119681651271792,-0.48767512829802456
Apul,1664,-0.1157889035122646,-0.12670634137121553,-0.13985771765013674
Apul,1665,-0.38828817051632,-0.2809059523528234,-0.4049701961879295
Apul,1666,-0.254381101918684,-0.26880255843835926,-0.271320737531855
Apul,1667,-0.1356329593605172,-0.2067870602257389,-0.15648694918730788
Apul,1668,-0.26451579380225915,-0.2276459134922508,-0.278840063828924
Apul,1669,-0.36784528408522854,-0.2157329610996718,-0.3821037378863825
Apul,1670,-0.24654345675216197,-0.21671282837967837,-0.2621679347832683
Apul,1671,-0.3085944355763222,-0.2544937917058195,-0.32344425775331986
Apul,1672,-0.5044398623319707,-0.3346447143699732,-0.5203267107391369
Apul,1673,-0.22886600917929842,-0.1938915685699809,-0.2460482622397617
Apul,1674,-0.23557572887347078,-0.24786724429760773,-0.2517118523467785
Apul,1675,-0.353691439051263,-0.2679768452620487,-0.37074802641555904
Apul,1676,-0.3128043380985301,-0.2559046017820151,-0.3302561139604601
Apul,1677,-0.38455298122234693,-0.3108668792906218,-0.40590364358888525
Apul,1678,-0.3743920319480911,-0.26295694053144775,-0.39098067224884103
Apul,1679,-0.3008978409563437,-0.2602974079585013,-0.3212225796578362
Apul,1680,-0.3320482454333271,-0.2683307979691829,-0.34809865147976926
Apul,1681,-0.37844683447362104,-0.2968064801306076,-0.3935563455545146
Apul,1682,-0.19069103978825505,-0.19679152542042033,-0.2142790244369321
Apul,1683,-0.1804776421544118,-0.20044650157660618,-0.20301851773652962
Apul,1684,-0.18540899279815448,-0.20981743817234,-0.206009863684843
Apul,1685,-0.3428429730348371,-0.24726774059928497,-0.357610244666004
Apul,1686,-0.4223223280320459,-0.25183606458057695,-0.4376824276480533
Apul,1687,-0.3589835589621362,-0.2834228988795336,-0.37248574270057805
Apul,1688,-0.3474616424195572,-0.24318502184232677,-0.3668207167470803
Apul,1689,-0.29233567163385177,-0.23108514821358156,-0.3087124917788743
Apul,1690,-0.3094733756633051,-0.26339009796049956,-0.3273064897737082
Apul,1691,-0.22906875450330452,-0.20883773881714998,-0.25272794003433247
Apul,1692,-0.40380648499213845,-0.279486990300785,-0.4233072862363614
Apul,1693,-0.27972740533211765,-0.23881770753844841,-0.2983005708040269
Apul,1694,-0.4539364799175893,-0.32269084507725804,-0.47335278042139933
Apul,1695,-0.35818641704395165,-0.2588974591040468,-0.3723848999478761
Apul,1696,-0.4763831733060867,-0.306809641932393,-0.4897022141384266
Apul,1697,-0.26491527050174934,-0.25081209645120545,-0.2810528145921045
Apul,1698,-0.11150840856946005,-0.12363251054856106,-0.1305920216493179
Apul,1699,-0.3975124056052722,-0.2705083647453849,-0.41433334053364945
Apul,1700,-0.32993517405492206,-0.2609626238153853,-0.3478853289791451
Apul,1701,-0.3489831889642736,-0.23703293059197914,-0.3638742749658354
Apul,1702,-0.29590539808204924,-0.27539930364998694,-0.31243189525583603
Apul,1703,-0.2991615499968637,-0.28662043863288605,-0.3155536421524892
Apul,1704,-0.32794260065655895,-0.1769935721199599,-0.34477555548129496
Apul,1705,-0.2624148232204174,-0.2246172634505057,-0.2789532308940213
Apul,1706,-0.2798103888706381,-0.22088773249913388,-0.30074911124621795
Apul,1707,-0.25817148506871845,-0.23791152861849196,-0.2783977041864821
Apul,1708,-0.34550155212931133,-0.2675218720662881,-0.36838170866026565
Apul,1709,-0.33184751570003823,-0.28016115465906416,-0.34977289894168506
Apul,1710,-0.28921593442437316,-0.2462623963428098,-0.3030028340102561
Apul,1711,-0.34408652197932726,-0.24501514936742624,-0.3569921797390353
Apul,1712,-0.41181616589234826,-0.29530008336740965,-0.42867955948938097
Apul,1713,-0.3963289066195226,-0.2949893078060768,-0.4140106459397434
Apul,1714,-0.3664772866716843,-0.29828669321551876,-0.38216480475369663
Apul,1715,-0.4084756055078855,-0.25326222769151646,-0.4238687766165418
Apul,1716,-0.4575666051134311,-0.3026820197698718,-0.47926036540362354
Apul,1717,-0.3282178701875324,-0.26038893115263867,-0.34173453948366156
Apul,1718,-0.4180659967805449,-0.27586945806338975,-0.4369775359627039
Apul,1719,-0.2049600279067648,-0.22959648496227447,-0.22346130765464323
Apul,1720,-0.25053586905492886,-0.18542913486384754,-0.269580823828347
Apul,1721,-0.4251282507349924,-0.2957146646365483,-0.44124320971840497
Apul,1722,-0.1579308139707078,-0.24681525767567394,-0.1780929743431916
Apul,1723,-0.3388695316469972,-0.23389327732401483,-0.3576641732761532
Apul,1724,-0.38471795538005954,-0.2365810702138627,-0.4026034338007399
Apul,1725,-0.21999752416302226,-0.20897278853610993,-0.24018302895483465
Apul,1726,-0.461352366437468,-0.3057077101378276,-0.47523760373610985
Apul,1727,-0.4021952674663968,-0.2645151628074191,-0.4160381049067725
Apul,1728,-0.27410779577236494,-0.2423811850994683,-0.29060069154031576
Apul,1729,-0.32856640495017675,-0.27301696088131916,-0.3483542093399767
Apul,1730,-0.2174142826052418,-0.17608010428313373,-0.23282645447664468
Apul,1731,-0.25193393843878337,-0.2482347505571092,-0.2758285272823199
Apul,1732,-0.3515318205750346,-0.2442009338641956,-0.36770712228036384
Apul,1733,-0.33981968722568356,-0.2489685563519931,-0.3567700118837581
Apul,1734,-0.3902843966939998,-0.30095085113069353,-0.4045732588054738
Apul,1735,-0.23321341456592898,-0.23882376756528936,-0.2534320591156373
Apul,1736,-0.20489680353991774,-0.1650344259994173,-0.22175787049499393
Apul,1737,-0.17581124880182095,-0.18388806950836625,-0.19358369002725895
Apul,1738,-0.30595381840982705,-0.21984605807031357,-0.32529497114773476
Apul,1739,-0.4359240355259799,-0.29893431023347916,-0.4598773108813032
Apul,1740,-0.1400496911734685,-0.23637982316797998,-0.16121189039557224
Apul,1741,-0.24720915607607608,-0.12197761609991326,-0.2698201302114236
Apul,1742,-0.2597045859367124,-0.175239163272139,-0.278861488971416
Apul,1743,-0.4800570625021072,-0.31388982148566086,-0.4991085072937745
Apul,1744,-0.2504712378538475,-0.19434538327031256,-0.26715192993763565
Apul,1745,-0.39926157176870514,-0.28420206769591516,-0.41558328545317996
Apul,1746,-0.4272460430155798,-0.34424951090701417,-0.44715737073115897
Apul,1747,-0.36935165405787806,-0.2627204689177278,-0.38789295239931765
Apul,1748,-0.12248101324912639,-0.11137263890322123,-0.14286913577035582
Apul,1749,-0.08357319377059733,-0.15844619138418947,-0.1049964792532588
Apul,1750,-0.39298658384486,-0.287801175718864,-0.4111389613969112
Apul,1751,-0.3279075479576526,-0.2584403009939311,-0.34666392712602434
Apul,1752,-0.3574976907824585,-0.26374647625872644,-0.375692201371095
Apul,1753,-0.4244535002429075,-0.29400838836571047,-0.44059946834634983
Apul,1754,-0.3967259360482005,-0.29280396714193574,-0.41467021673010745
Apul,1755,-0.3701231555467445,-0.28163023828252676,-0.38651233214618347
Apul,1756,-0.26870986216547715,-0.2500650680739781,-0.2857656991911761
Apul,1757,-0.18876208129201172,-0.12904688370491782,-0.2091054251602899
Apul,1758,-0.34764412522055066,-0.23683095262974183,-0.36463260287404176
Apul,1759,-0.2586463748987534,-0.22693082670257825,-0.2766983574988432
Apul,1760,-0.28294207720244097,-0.18480698086882164,-0.2995308726096464
Apul,1761,-0.20673373116547708,-0.20459912005859004,-0.22350411409082035
Apul,1762,-0.2094087642463199,-0.261182262875437,-0.2315432126177783
Apul,1763,-0.1582231307497306,-0.198524877703457,-0.1770208624957589
Apul,1764,-0.31310917859135373,-0.21220275161056662,-0.32647423591474684
Apul,1765,-0.28422346073771465,-0.21458688312459306,-0.30581165957365825
Apul,1766,-0.4015659376972695,-0.30334737875436135,-0.4177051299705263
Apul,1767,-0.2624142765977002,-0.27279734178933807,-0.2852233640584032
Apul,1768,-0.387225464303973,-0.25945649037823293,-0.40192943708112966
Apul,1769,-0.3148655412280624,-0.23913283655658987,-0.332283604960829
Apul,1770,-0.28649235573484716,-0.26252292788353404,-0.3024323136421833
Apul,1771,-0.3463900011711216,-0.27378489666419903,-0.3624083189019828
Apul,1772,-0.36322935069840706,-0.21298937044367425,-0.3796780548973238
Apul,1773,-0.24035865367691894,-0.2755788980711472,-0.2597475496528676
Apul,1774,-0.28828305758286943,-0.22052404051640884,-0.30724728182127775
Apul,1775,-0.3362171852416267,-0.2679724323626729,-0.3514605050525653
Apul,1776,-0.39858205793234563,-0.28026520596758203,-0.4161363501539
Apul,1777,-0.3367401764568092,-0.2791084056372826,-0.35027521818826446
Apul,1778,-0.21908864124746227,-0.2034977638088652,-0.2411792056775625
Apul,1779,-0.3522827921260271,-0.26779120574771065,-0.3681089880131476
Apul,1780,-0.21160164280422336,-0.233358179716004,-0.23093548548446463
Apul,1781,-0.4565020775357814,-0.28294507512458633,-0.47575099419138006
Apul,1782,-0.4278162391448721,-0.2899781288120773,-0.44580656401103747
Apul,1783,-0.4197155027450768,-0.27847737627229424,-0.4349995807498224
Apul,1784,-0.26734269824105894,-0.21015950012337453,-0.28736237425568567
Apul,1785,-0.347292475703173,-0.2813755080201556,-0.3650815796341359
Apul,1786,-0.4480222425487212,-0.3256258970474161,-0.4655088330774674
Apul,1787,-0.5003799676318637,-0.339210122658921,-0.5190677370786664
Apul,1788,-0.3601928310448286,-0.24457756831180713,-0.38022672139493935
Apul,1789,-0.3670988450416565,-0.2774053115676618,-0.3794648827588897
Apul,1790,-0.2734155556304106,-0.2355986839726096,-0.2932247372556579
Apul,1791,-0.3818665778302664,-0.27029209552327366,-0.4021300930023446
Apul,1792,-0.35682421938183767,-0.23637868371805448,-0.3743745387944995
Apul,1793,-0.4979281718199527,-0.2965546714385604,-0.5121265621153165
Apul,1794,-0.326630132997938,-0.1911401820610752,-0.3479041672629128
Apul,1795,-0.3380419774184569,-0.2843471366880155,-0.35515745128369136
Apul,1796,-0.22273212019382554,-0.2308587126909083,-0.24528903489354073
Apul,1797,-0.20337524257995437,-0.21254574492377035,-0.22114363896695424
Apul,1798,-0.31192918823028737,-0.3009757536595153,-0.3271867741607211
Apul,1799,-0.44453592628898364,-0.2727776536083048,-0.45864056034677914
Apul,1800,-0.24279514950163086,-0.18900275717764597,-0.2628443797036541
Apul,1801,-0.21495569044144763,-0.2250985860766993,-0.2319194855682373
Apul,1802,-0.2453041104506942,-0.12702814236264875,-0.2627051541051442
Apul,1803,-0.20890530985559816,-0.18293881825662933,-0.22677686459104798
Apul,1804,-0.3365112884451375,-0.22721645380867753,-0.35192277402090955
Apul,1805,-0.3791458623490135,-0.26552858130789975,-0.393992535711349
Apul,1806,-0.5111811701531387,-0.3380944622198701,-0.5279963229982185
Apul,1807,-0.41314160188082555,-0.3093907324747183,-0.42962696361265473
Apul,1808,-0.36349512019178315,-0.24727406780145436,-0.37838010358946933
Apul,1809,-0.14118825842468663,-0.15385875195102808,-0.1607312531541347
Apul,1810,-0.42071010888928484,-0.2885439796818109,-0.4372607711928743
Apul,1811,-0.3632293506984006,-0.21298937044367602,-0.3796780548973111
Apul,1812,-0.40593537386364004,-0.29064523219999044,-0.4229705954734858
Apul,1813,-0.29875958497335625,-0.20943032598863798,-0.31471179853760634
Apul,1814,-0.33522599345426074,-0.2729063185994234,-0.34996094446533427
Apul,1815,-0.43661557093409786,-0.2517959045260086,-0.4537935320695118
Apul,1816,-0.3497883169662275,-0.16991420867444662,-0.3728141458234628
Apul,1817,-0.30337382332613494,-0.1916236846190126,-0.3211245014995718
Apul,1818,-0.3614519117420896,-0.2786222585210117,-0.3772683449987687
Apul,1819,-0.2249611339244568,-0.23392974488410304,-0.2461396438489409
Apul,1820,-0.24879852025126217,-0.23024181857044934,-0.2686666731378858
Apul,1821,-0.3288275400199726,-0.24275431164652636,-0.34593596658888465
Apul,1822,-0.18133921375679904,-0.1505483701787571,-0.20332259230723318
Apul,1823,-0.3636625772292941,-0.24493642354843984,-0.380815977121506
Apul,1824,-0.21829059798050685,-0.23501873840933984,-0.23775334916027846
Apul,1825,-0.13327222691096272,-0.21375749198247038,-0.15842745790514565
Apul,1826,-0.33110695183735417,-0.16545080142605928,-0.34472458523402183
Apul,1827,-0.06066834074120106,-0.1574821963238113,-0.08775707624671372
Apul,1828,-0.21340087612147773,-0.14505190347735242,-0.23496616984932991
Apul,1829,-0.3275767804636225,-0.2795993658054051,-0.34230325830365776
Apul,1830,-0.32212000796735796,-0.2364890658099132,-0.33872605665538524
Apul,1831,-0.4419314156507153,-0.29781927094310506,-0.4566363707543574
Apul,1832,-0.21623814768315655,-0.21628296999496488,-0.23965867118357795
Apul,1833,-0.33715496821767665,-0.2664043508287856,-0.35214563103232116
Apul,1834,-0.452390518773829,-0.2984911516510001,-0.46926935286579874
Apul,1835,-0.3323334181036067,-0.2216905957826113,-0.3494169075242298
Apul,1836,-0.2712285731856031,-0.2094384736276023,-0.29086662291901655
Apul,1837,-0.25267113654435513,-0.2526315169644376,-0.27231561227841505
Apul,1838,-0.34434978052082915,-0.280970415401433,-0.3607418221262179
Apul,1839,-0.3405278284957426,-0.2548443137935285,-0.3572538406049331
Apul,1840,-0.2599258701257254,-0.24881218415473635,-0.2813426213121362
Apul,1841,-0.459739391409092,-0.3019345432942626,-0.4750867402555236
Apul,1842,-0.3777858260185432,-0.29590354075338504,-0.3944463134868199
Apul,1843,-0.3145086075385086,-0.24614449135093722,-0.32950172020787205
Apul,1844,-0.37019154146046673,-0.2903618388368458,-0.38860930471539773
Apul,1845,-0.32654242518967597,-0.26646086511193884,-0.34586088276446986
Apul,1846,-0.36893564141055835,-0.24252933615980646,-0.389701720164547
Apul,1847,-0.16915599853305227,-0.18720548194623032,-0.18791364844440317
Apul,1848,-0.1462278017067067,-0.1275636410385766,-0.16720973402717607
Apul,1849,-0.35131561185100635,-0.256687576227218,-0.37039927050002247
Apul,1850,-0.2517886597829177,-0.21232572388308757,-0.26875166312298904
Apul,1851,-0.3628090844661512,-0.24690012141298326,-0.3826996116326342
Apul,1852,-0.14675830999760597,-0.09607903928595939,-0.16978900046195464
Apul,1853,-0.3481876397761798,-0.22928702582433577,-0.3647484518515968
Apul,1854,-0.16839954394778897,-0.17090900653250587,-0.18503169519753257
Apul,1855,-0.44306281343129417,-0.3050334108645935,-0.45730820686035867
Apul,1856,-0.3314053400026671,-0.18166262643463948,-0.34785603607721904
Apul,1857,-0.3699931828537177,-0.29717383816891785,-0.386996646599511
Apul,1858,-0.07471421734040007,-0.1339316391962211,-0.09721389900880702
Apul,1859,-0.18758640254794948,-0.21225626045879717,-0.2037325479311171
Apul,1860,-0.22102589757530408,-0.23875815573129663,-0.23934585472971798
Apul,1861,-0.33062554529089405,-0.1692586115564639,-0.3503529720845335
Apul,1862,-0.44010749555671064,-0.2542267626727153,-0.45574049449966025
Apul,1863,-0.2240892889588776,-0.11985150816465512,-0.24774543097982324
Apul,1864,-0.3931529884841364,-0.2788056127755592,-0.4132513643869892
Apul,1865,-0.3634951201917876,-0.24727406780145716,-0.3783801035894705
Apul,1866,-0.2981385437953116,-0.21510482828880204,-0.3147272186002558
Apul,1867,-0.23959392041862734,-0.23654790594962646,-0.2591737208113789
Apul,1868,-0.07386097241485402,-0.19150418013498183,-0.09018788155536239
Apul,1869,-0.2782510942124406,-0.23984896834465566,-0.2991407057297155
Apul,1870,-0.40385835362919265,-0.31657800711283807,-0.41741630404585306
Apul,1871,-0.1882187295175574,-0.22085311868114182,-0.20580912114931563
Apul,1872,-0.2079546345183103,-0.1770455056122924,-0.22448555293356162
Apul,1873,-0.477759948870839,-0.3273197452379103,-0.4950721796487453
Apul,1874,-0.23826567899864773,-0.2258360001888337,-0.2568225440742186
Apul,1875,-0.3980884375929706,-0.29613343187284485,-0.4165896423278233
Apul,1876,-0.34030727441476527,-0.27480954802019386,-0.3541115634003372
Apul,1877,-0.2493709087237603,-0.17372774770752958,-0.2689652132464402
Apul,1878,-0.14467158230409793,-0.13448542445205802,-0.16670722993087
Apul,1879,-0.37175914016070377,-0.27556372317716066,-0.39088243076864715
Apul,1880,-0.3143141736298525,-0.22819715838182228,-0.33228793694147823
Apul,1881,-0.2331181963103857,-0.14218022822936172,-0.2519162719847398
Apul,1882,-0.3241946122533044,-0.26198309385729973,-0.3373486885226655
Apul,1883,-0.3948406259349287,-0.22367079812083268,-0.41059886941782325
Apul,1884,-0.23768610914542884,-0.22990621848991158,-0.257456594846203
Apul,1885,-0.25268541518389476,-0.24570090193513414,-0.2702490193669269
Apul,1886,-0.39936409744983,-0.24513060580861876,-0.4172884343807458
Apul,1887,-0.3940411261247619,-0.26503373451931633,-0.41278540840012445
Apul,1888,-0.2723435306032367,-0.21729655817241264,-0.290314666618683
Apul,1889,-0.3004440964832435,-0.2289000240149141,-0.3167070016919375
Apul,1890,-0.35640289586385043,-0.27449013855066595,-0.3734119143098822
Apul,1891,-0.368224700398936,-0.2177809052363658,-0.39033663227295107
Apul,1892,-0.3333447595372006,-0.26309671255265976,-0.3520837607780003
Apul,1893,-0.1680611223323072,-0.17291943978258062,-0.18542369727022096
Apul,1894,-0.2751457057480171,-0.2681028678406166,-0.2943166528233176
Apul,1895,-0.20429150148897413,-0.1808798504049956,-0.22014352372112717
Apul,1896,-0.32549936569168664,-0.2415177568426227,-0.337028215107661
Apul,1897,-0.2628684873859319,-0.21731371901014246,-0.2781350184365233
Apul,1898,-0.45977970268089075,-0.28408862584067146,-0.4746725824309831
Apul,1899,-0.36526934198425837,-0.2647139570875398,-0.3843309450155899
Apul,1900,-0.4726037498371873,-0.27162755365991903,-0.4908846880461781
Apul,1901,-0.20856565950003866,-0.18188722256482734,-0.22871911568561998
Apul,1902,-0.14407858610660115,-0.09290307156273984,-0.16627433931604857
Apul,1903,-0.4155400400988561,-0.27097694921106347,-0.43001963649251235
Apul,1904,-0.3380299938020729,-0.2372301585258624,-0.3521340941903237
Apul,1905,-0.2618836592182533,-0.26858647019731446,-0.27951640540156714
Apul,1906,-0.33646507979928864,-0.16656009781258518,-0.3575508768271404
Apul,1907,-0.42513066396334753,-0.2955940410036156,-0.44095303702194377
Apul,1908,-0.395589817203929,-0.24894545930806294,-0.41083738754638083
Apul,1909,-0.34522570014545545,-0.27364022905867236,-0.3615171651661662
Apul,1910,-0.30360385884202884,-0.25907366483331035,-0.3232531794495868
Apul,1911,-0.23635772198872232,-0.2341274043528475,-0.2518574436617631
Apul,1912,-0.11284574501233499,-0.12113492766125984,-0.13143360391631484
Apul,1913,-0.3580314734778857,-0.23922956610114834,-0.37453437845742144
Apul,1914,-0.3615269119458645,-0.2667899160933126,-0.38036003725043316
Apul,1915,-0.2225351814288674,-0.23434483380205334,-0.23890426728490663
Apul,1916,-0.2179927139713995,-0.22597468795539133,-0.23708870746461805
Apul,1917,-0.193905550740222,-0.19787257490249358,-0.2136784354298842
Apul,1918,-0.3659772734877505,-0.22183214961844772,-0.38337401529229215
Apul,1919,-0.16141418946435512,-0.12528377567441285,-0.17985665734147818
Apul,1920,-0.215418602443007,-0.2184486942685328,-0.23387025420920077
Apul,1921,-0.18531422218326465,-0.19917910508688066,-0.2040031475420246
Apul,1922,-0.42663342186464176,-0.243536126457259,-0.4438979705799298
Apul,1923,-0.2703551694466049,-0.24843218826160476,-0.2884601043450198
Apul,1924,-0.24708144955091166,-0.2703891984599641,-0.2648294617119117
Apul,1925,-0.27250584027888675,-0.19966539243582818,-0.29450786461925244
Apul,1926,-0.33475854443362874,-0.27087858586762176,-0.3489659929798624
Apul,1927,-0.27639172101046006,-0.21887730394662097,-0.2914250015222508
Apul,1928,-0.4587450095930019,-0.3227765245046922,-0.4746816136018745
Apul,1929,-0.25824137792128454,-0.20506586392129655,-0.27564150230168905
Apul,1930,-0.32028407482124094,-0.2153726883094635,-0.33610751309372044
Apul,1931,-0.31024831777017037,-0.23139533018498584,-0.3264063039249448
Apul,1932,-0.22829343742605987,-0.2082860237872123,-0.25130855938459573
Apul,1933,-0.22824091496483676,-0.1888057455183629,-0.2509342706929945
Apul,1934,-0.3275919995376914,-0.22881455300260373,-0.3480495863357595
Apul,1935,-0.13181917839632176,-0.18988040536017128,-0.15117428041682196
Apul,1936,-0.5129239969735155,-0.33278584097335684,-0.5285401729655421
Apul,1937,-0.3515433527811027,-0.25805245950167915,-0.3709268314895867
Apul,1938,-0.2983884629816718,-0.23522312858777256,-0.3158786142609101
Apul,1939,-0.33381432060813837,-0.2730583698570466,-0.3545468925064092
Apul,1940,-0.32362249242682406,-0.25120934691906865,-0.340166993135191
Apul,1941,-0.33470459054221247,-0.2187668837655202,-0.350868924231635
Apul,1942,-0.35157278519793456,-0.2822095066917186,-0.3679053731769718
Apul,1943,-0.5460756529677967,-0.37555970406994543,-0.5612487144775743
Apul,1944,-0.2807565723844112,-0.24600023816220132,-0.2991680977049812
Apul,1945,-0.349462010552169,-0.2832144893288713,-0.36516665812298515
Apul,1946,-0.30890277657517956,-0.22106795430050885,-0.32625214673282743
Apul,1947,-0.3540634373093103,-0.261150934417504,-0.3703179303979683
Apul,1948,-0.3375671153827064,-0.2443292884992877,-0.3605941421509408
Apul,1949,-0.3382797135249124,-0.2566859261297201,-0.3538766060981217
Apul,1950,-0.32982912428310796,-0.25433111528012214,-0.3453784238358721
Apul,1951,-0.4381467552914843,-0.31163333015568,-0.45172088278258377
Apul,1952,-0.31584220190531637,-0.22551355736122083,-0.33585614991981066
Apul,1953,-0.24108284036000974,-0.23089435727220772,-0.25921966238313726
Apul,1954,-0.18396021024187592,-0.2250500959783014,-0.20374125686610053
Apul,1955,-0.26843835862545573,-0.20974761087522878,-0.29178500429609344
Apul,1956,-0.29934682646215954,-0.2705480718338885,-0.3186568982454221
Apul,1957,-0.5195741081253988,-0.3238362483078597,-0.5337270214596638
Apul,1958,-0.3400967229045331,-0.26035415274357127,-0.35724738763125347
Apul,1959,-0.30745370892118157,-0.21613267599446875,-0.32593915307097704
Apul,1960,-0.38413643609142006,-0.3021206721564116,-0.4004831346177794
Apul,1961,-0.2149668727799309,-0.2701693885680683,-0.23277594558699946
Apul,1962,-0.06529295694211146,-0.15207534884442228,-0.08974368908768753
Apul,1963,-0.4118444110406822,-0.2540835789565544,-0.4310691272222531
Apul,1964,-0.3714879733417783,-0.24130927407719963,-0.38544607937959646
Apul,1965,-0.30705857042488566,-0.25122682341094604,-0.32255312615264187
Apul,1966,-0.2531358945324349,-0.20397503992556382,-0.27944676591687395
Apul,1967,-0.4245358745116918,-0.3135007274849103,-0.43991102570625407
Apul,1968,-0.3690111885597327,-0.248335189712722,-0.3848133308516226
Apul,1969,-0.4017509739411079,-0.28041943522483764,-0.42028571044355245
Apul,1970,-0.2597565001470426,-0.2421213159771485,-0.28337114215003717
Apul,1971,-0.349827726118643,-0.24288680586351963,-0.368953124293929
Apul,1972,-0.2708609554854744,-0.27553694852802924,-0.29093178814984744
Apul,1973,-0.35515737500923655,-0.2621865874694225,-0.37148507077332843
Apul,1974,-0.349740257197977,-0.25008030248497015,-0.3679348949232316
Apul,1975,-0.29800927823903783,-0.28261523669204286,-0.31413957610258675
Apul,1976,-0.29226272235650247,-0.21618181818225393,-0.30965536879645955
Apul,1977,-0.21668066396984637,-0.2292626422956624,-0.235194879803873
Apul,1978,-0.3651701235523032,-0.27503246258287284,-0.381726194206209
Apul,1979,-0.22620697177616367,-0.2336411138724692,-0.2414758138939182
Apul,1980,-0.17590503085180187,-0.1870366234688686,-0.20030782677124834
Apul,1981,-0.25912004034858854,-0.23254796460858104,-0.27550607598473464
Apul,1982,-0.34416357855304014,-0.17682575169604378,-0.36043627363568204
Apul,1983,-0.47843209159404093,-0.30959771874726283,-0.4928782276532392
Apul,1984,-0.32107941602293416,-0.2587051668493082,-0.3419552487710009
Apul,1985,-0.238952668572783,-0.21675617018517113,-0.2601751280655252
Apul,1986,-0.09003127090940051,-0.11898712339838101,-0.10900554787771712
Apul,1987,-0.33381432060813965,-0.27305836985704884,-0.35454689250640764
Apul,1988,-0.2729013374309293,-0.2428084458557811,-0.28833378965438755
Apul,1989,-0.2659739711396811,-0.20904950392966526,-0.28623341347523173
Apul,1990,-0.3048446878653082,-0.26630634616114995,-0.3228028965841989
Apul,1991,-0.28352162374068085,-0.21378644285780418,-0.3014257713448653
Apul,1992,-0.21628349400617736,-0.226698646522103,-0.23611845407091178
Apul,1993,-0.21970561192561439,-0.1991351261354981,-0.24573656698056376
Apul,1994,-0.244796425061514,-0.22426839042120084,-0.26862013233801596
Apul,1995,-0.21838881083147607,-0.22216131700575706,-0.23839758529666746
Apul,1996,-0.476521789226536,-0.3447036204683792,-0.4943537844332656
Apul,1997,-0.31621622380948866,-0.18713361696238887,-0.33370317500866487
Apul,1998,-0.4245358745116926,-0.31350072748491103,-0.4399110257062547
Apul,1999,-0.2734516930101323,-0.24181225602957782,-0.29229021712262754
Apul,2000,-0.474366119925749,-0.30775900774981035,-0.4897985347970671
Peve,1,-0.43323542944593,-0.3238123273422292,0.07073281835977362
Peve,2,-0.09993310020356443,-0.1839710908422505,1.35288862929433
Peve,3,-0.19586864689006198,-0.23742327272964592,-4.496853757021018
Peve,4,-0.3629318241878197,-0.3239649695619551,1.4579188194524166
Peve,5,-0.26038442349192775,-0.19336031721453834,0.6152181315420288
Peve,6,-0.27462649960071706,-0.23903744032214827,5.632350198902942
Peve,7,-0.36531645842058197,-0.25523254306694915,2.415884678132168
Peve,8,-0.3213810214313625,-0.2733964861664289,0.8815712387360217
Peve,9,-0.07827020881968838,-0.1785401144951436,-13.509473593311302
Peve,10,-0.20025925052582896,-0.17341819412230997,1.0831844026805832
Peve,11,-0.34517408809105177,-0.3671204555638689,1.813752812912754
Peve,12,-0.04930440213145109,0.03982378889475436,-69.52117904833977
Peve,13,-0.36321249063157746,-0.3177099733429878,1.2311096555338497
Peve,14,-0.3726545548962545,-0.3108266096896069,0.8234701683809159
Peve,15,-0.2558666337334207,-0.22404594503851186,4.179673843063317
Peve,16,-0.3682794377759155,-0.30810396370440574,0.663739139558208
Peve,17,-0.3322721049911785,-0.31023959433968296,2.257479843063906
Peve,18,-0.3336114296825748,-0.1764171129651712,-2.6752517763309545
Peve,19,-0.14497370116384023,-0.06591813730034271,1.656875401772753
Peve,20,-0.38371501711980893,-0.394447180300313,2.23123533237393
Peve,21,-0.19149650503268292,-0.19842604647680084,-14.128436943763521
Peve,22,-0.32826917964766567,-0.2925370934384268,2.072393172578832
Peve,23,-0.4096515899811579,-0.3463550016530315,0.006639592864440046
Peve,24,-0.4595312529901355,-0.4023160442151749,0.027968075068558806
Peve,25,-0.33217046847900267,-0.23867492297872836,1.518478069492877
Peve,26,-0.4069230056057553,-0.3336914485916699,0.1429888095511504
Peve,27,-0.39114880154813064,-0.27685526300754587,2.1177703336970093
Peve,28,-0.31928957521175155,-0.3062881824470504,7.560981517264425
Peve,29,-0.4095756459211718,-0.2885580737312101,0.49894370306247615
Peve,30,-0.34554309652100945,-0.3029554876885631,0.7394156388770425
Peve,31,-0.3604004246487907,-0.34756968205693917,-0.07308017977924218
Peve,32,-0.1583737453000586,-0.1800477011242744,-2.8287007820767762
Peve,33,-0.3282592605942235,-0.2378411976014368,1.4490173135788658
Peve,34,-0.32712052894916355,-0.36745575705767564,-0.05934604082778072
Peve,35,-0.21846456814297824,-0.14983140520031338,1.1428617611198528
Peve,36,-0.30094544952534674,-0.16389845053303762,2.256893723275718
Peve,37,-0.3144659130043076,-0.3577438360926096,1.2984176176711655
Peve,38,-0.28955642105808777,-0.2694086774229772,1.5944855959959432
Peve,39,-0.3607509772722469,-0.22816489997463832,0.5356079522600392
Peve,40,-0.42247700223224516,-0.36171013842032396,-0.17209603697383322
Peve,41,-0.3423360449799766,-0.3695004268040339,1.23002061002053
Peve,42,-0.3859780196004618,-0.2981110687485195,1.0718602629050735
Peve,43,-0.25573789605350883,-0.121681241748469,3.4254675693224477
Peve,44,-0.21170457777379043,-0.2922187771106616,5.863674776042011
Peve,45,-0.317235473024786,-0.25508990975821316,2.7815105272416885
Peve,46,-0.4195055922996477,-0.39501887377310635,0.016043173327747472
Peve,47,-0.1939130260294597,-0.16906786646685681,-5.023256314710195
Peve,48,-0.267037494533521,-0.27514942119492763,1.3221386465191274
Peve,49,-0.3352257477172452,-0.3173094464747543,1.6927743149283156
Peve,50,-0.28374609574966575,-0.2327868227999285,1.0311197669996734
Peve,51,-0.286118895522891,-0.3167147283957733,1.1066775250200442
Peve,52,-0.10466465199097762,0.03126092858679665,-5.098263226436735
Peve,53,-0.38800890308586117,-0.2547155467840975,0.685091196966415
Peve,54,-0.32448752595252284,-0.35053234134074285,1.0469870200010838
Peve,55,-0.36478268458166857,-0.344642084477119,-9.507159823142167
Peve,56,-0.4563558371385213,-0.30363844192537964,0.2745675761954333
Peve,57,-0.3102006047849919,-0.26334523646515073,0.4437146564122381
Peve,58,-0.4852265205844258,-0.47092624295905033,-0.07465484679206849
Peve,59,-0.5061334165789461,-0.3200055245938727,-0.050137201521620225
Peve,60,-0.3736354900637945,-0.2900699983239072,0.32459985466352176
Peve,61,-0.2716287500288985,-0.14056143756532488,0.6068716652049837
Peve,62,-0.32362516551886755,-0.31345587523764645,0.9439835820855427
Peve,63,-0.3873748917484483,-0.3001881960956854,-0.005134721222359872
Peve,64,-0.3968634022950562,-0.2762112313003097,1.2740753820276478
Peve,65,-0.23952502522767952,-0.2231942391750357,9.065106170945262
Peve,66,-0.4597452809264935,-0.37757313267275494,0.13160166081207011
Peve,67,-0.22840210542872857,-0.14617791400208863,5.128470713919574
Peve,68,-0.2976792815801011,-0.30526588583921266,0.2662967323081215
Peve,69,-0.2722598741709816,-0.30204199173004587,2.6313500505395115
Peve,70,-0.40188823934651224,-0.2240546838704141,-0.03404572850620002
Peve,71,-0.5100946226351531,-0.4342336017093509,0.07022799181166144
Peve,72,-0.41609812786117745,-0.2851586485703328,0.21256366302857738
Peve,73,-0.36573670012546167,-0.3596950750196086,0.1974637109258187
Peve,74,-0.3293870469945749,-0.2748868908776246,0.7042315072546201
Peve,75,-0.2766663481831483,-0.2275119694958516,0.6298096694215389
Peve,76,-0.4441878262963775,-0.3401641303821184,0.3354056253569683
Peve,77,-0.30374686017112973,-0.30576693241500347,1.3378300797933218
Peve,78,-0.2908976596498575,-0.33777103752231563,1.1223935666089147
Peve,79,-0.2976562764630761,-0.3183483965991059,3.339128364470617
Peve,80,-0.2922666336612785,-0.16619095690217647,7.989130318021947
Peve,81,-0.3428425247945161,-0.2525191108142814,1.3683286255481601
Peve,82,-0.40726636810267125,-0.3364177580343432,0.004096739293386461
Peve,83,-0.346072460851668,-0.256555669065398,1.3616506012712501
Peve,84,-0.3026797290332987,-0.21741108883566135,0.7945175942323982
Peve,85,-0.32340869027444125,-0.3022468119808778,0.8070263695821334
Peve,86,-0.2576125045992362,-0.20537972096625035,0.6668339127322666
Peve,87,-0.25400854805962286,-0.20323531579770454,0.9679772084627923
Peve,88,-0.2952455771760463,-0.30384599299981674,0.17878382235859655
Peve,89,-0.23297164810351575,-0.11335396765479827,-22.859661142637083
Peve,90,-0.2523640165982697,-0.21077346069167005,42.90654331282399
Peve,91,-0.3084138370981526,-0.18792490183489638,1.031163441278444
Peve,92,-0.3117999701433073,-0.27525976380262845,0.05301046434228598
Peve,93,-0.48573870770048844,-0.49289504476100426,-0.272401295616401
Peve,94,-0.2034373942561294,-0.17245267665901476,-9222.206007411767
Peve,95,-0.10268707385182037,-0.34426743387332115,0.6698332504860258
Peve,96,-0.16612360458473624,-0.20495656595755452,1.4108150351670643
Peve,97,-0.15929002420750707,-0.10961647168775006,0.42546554664354275
Peve,98,-0.344843936168933,-0.27669483432372216,1.7255644704386957
Peve,99,-0.29011893251151116,-0.28892220029162075,1.5105276075680016
Peve,100,-0.27236127903609936,-0.26201599562663336,1.3565758619620216
Peve,101,-0.26616313866849073,-0.30283227558463316,0.3787345487927886
Peve,102,-0.32524233862557855,-0.2915195402338024,1.1428528488726666
Peve,103,-0.3858886182348249,-0.2799264799576042,0.48031099742271843
Peve,104,-0.234331703576809,-0.22125633930564828,0.9124134540654151
Peve,105,-0.3483644484670534,-0.3316012865809741,2.1195190176770775
Peve,106,-0.3282691796476648,-0.29253709343842843,2.072393172578712
Peve,107,-0.18754923592621367,-0.07942002052157215,2.4543520934521643
Peve,108,-0.4010237664037413,-0.2775547614400776,1.1326015348293388
Peve,109,-0.3314015161349532,-0.2577158527631773,1.3403251498509017
Peve,110,-0.32446219934113696,-0.2452216737140231,0.6168665817080338
Peve,111,-0.3092007964738426,-0.2965202202409849,2.253034975914118
Peve,112,-0.2998785917706545,-0.1611182537985252,0.36236086450006944
Peve,113,-0.28486922218146965,-0.16201967021451313,-4.620979232780938
Peve,114,-0.2618974308961721,-0.18850971898085797,0.5578684559710924
Peve,115,-0.37633355051796324,-0.3965927376075823,0.6898600582980751
Peve,116,-0.24744936713477617,-0.16948099019636387,0.6008690217258447
Peve,117,-0.40965836723117766,-0.3361073394431888,1.4131667965089247
Peve,118,-0.12342017844941881,-0.08471809620782766,0.9138200762102128
Peve,119,-0.31596625742421214,-0.3236205099535502,3.3122889491696563
Peve,120,-0.2945370046095836,-0.22268167203331818,0.09640965243958581
Peve,121,-0.2965838689109671,-0.26963578286217876,7.304305711294678
Peve,122,-0.06982982155393629,0.05505632095924731,-2.9721377323617815
Peve,123,-0.32269908942787084,-0.26934550954714437,5.959060377831541
Peve,124,-0.4193453456789133,-0.33741821759323715,0.620007127508808
Peve,125,-0.21175609745140872,-0.19050873527508572,1.5541528529286746
Peve,126,-0.3367930496010676,-0.22922666787929083,0.42334748968894304
Peve,127,-0.3060531302516395,-0.24070423313289388,1.1961962635948542
Peve,128,-0.4779456625699411,-0.39606856457038986,-0.16532475778480546
Peve,129,-0.3114020072147973,-0.1789818640126132,0.2544871278070577
Peve,130,-0.23762281167785418,0.0339177989348001,2.6001400627807048
Peve,131,-0.19342110266690143,-0.157864704361657,1.8625789255725014
Peve,132,-0.39387175175656286,-0.24414618686005998,1.0010544240336658
Peve,133,-0.39645967756740097,-0.3396251937270469,-0.077404520020326
Peve,134,-0.43571425194587277,-0.33168457144228547,-0.14927814992910995
Peve,135,-0.36974854855038586,-0.3152233253199605,-0.1669033411308504
Peve,136,-0.3709790931361487,-0.37492051782666563,1.0228384685111378
Peve,137,-0.2797760513109425,-0.24744372509993692,0.4873103481162867
Peve,138,-0.2957601517216388,-0.33248291023801135,2.4023547340191405
Peve,139,-0.19207726864988245,-0.18417994233408266,4.685128045476435
Peve,140,-0.29658386891096644,-0.2696357828621778,7.304305711293953
Peve,141,-0.42334898869871085,-0.3751822817400271,0.28385203815066795
Peve,142,-0.2922849321256862,-0.2101123129634014,1.137113074402891
Peve,143,-0.2755970147509718,-0.32983466023060204,9.882703732838277
Peve,144,-0.3827766202331137,-0.3244048233121748,0.7212383654810411
Peve,145,-0.31707682446422275,-0.2788378921216217,2.0443260566762533
Peve,146,-0.27359012361776924,-0.2738356162527778,-0.3131196358487455
Peve,147,-0.3622682100120393,-0.329164529610847,-0.08563893191061464
Peve,148,-0.27144624828104363,-0.3231047703752358,0.16104216478203473
Peve,149,-0.30480730975150366,-0.3749298947049512,0.2918386549499526
Peve,150,-0.2510973352802575,-0.27701594886279146,1.2217974448054045
Peve,151,-0.4113399408982905,-0.4884951451418099,-0.2061766575749565
Peve,152,-0.46032465417034335,-0.4250874002875631,-0.1464525116930396
Peve,153,-0.4391644863463634,-0.39756343950050715,0.56205259780869
Peve,154,-0.41397756441268907,-0.24418866468942488,1.3094772635436347
Peve,155,-0.35587154639939095,-0.2789886996811855,1.183916652971849
Peve,156,-0.3865575589866057,-0.3172250369001822,0.12148013682779842
Peve,157,-0.3196461430150572,-0.2789672332763606,0.5008308834923201
Peve,158,-0.27759522667993525,-0.20606440402100756,-102.43440116276831
Peve,159,-0.3112592221484335,-0.296053537405443,1.4354456357443204
Peve,160,-0.21263756402534592,-0.11955310850812677,1.6563304456589922
Peve,161,-0.27803931657854397,-0.15921237351968726,1.7002202332382772
Peve,162,-0.3056908805837731,-0.3380766323407568,1.0999289715502283
Peve,163,-0.49854899831151844,-0.41153728609824164,0.007879758803162289
Peve,164,-0.3224040014981116,-0.30030067588030535,0.2109303543753123
Peve,165,-0.32809925203138696,-0.2671038494783779,1.0092232664895415
Peve,166,-0.13177187718225222,-0.12297522062223716,1.9950588749927818
Peve,167,-0.27977605131093547,-0.24744372509993995,0.4873103481163023
Peve,168,-0.30337772486915926,-0.21309282399399543,7.7882023395426865
Peve,169,-0.36581263246862256,-0.2620102614130071,-0.039732209571910274
Peve,170,-0.31388436216041954,-0.316349125953018,7.159335090540176
Peve,171,-0.28044074418808757,-0.27459331406382165,2.1365909317058533
Peve,172,-0.3580399798762344,-0.2687496867183694,1.162586924285967
Peve,173,-0.28471361837438225,-0.2050864334458306,0.5628139903757431
Peve,174,-0.3520745015600952,-0.22337197574044432,0.1555343243714258
Peve,175,-0.3840932855916495,-0.40978066050712436,0.5307500283867762
Peve,176,-0.3882847767429199,-0.35082180082446734,0.9232687221908933
Peve,177,-0.3544912790480563,-0.312297420736499,-5.7859750937139145
Peve,178,-0.33256473043971346,-0.2301414955196367,0.3043273754833664
Peve,179,-0.31689685551896146,-0.17676573481477956,5.064330926052821
Peve,180,-0.21567754892550475,-0.10437979032557816,1.0624968918618531
Peve,181,-0.35991782703159736,0.06443785178342425,-0.3067952262520622
Peve,182,-0.30321594889085296,-0.27909533433114847,1.37028432895389
Peve,183,-0.3388470516759477,-0.3167616416659448,0.6408738642771654
Peve,184,-0.3826426076298267,-0.36208678810397793,1.5972120921068536
Peve,185,-0.3942559929983283,-0.35206549042907365,0.9196803646568695
Peve,186,-0.269600598075428,-0.2171543719174657,1.4688313814232408
Peve,187,-0.18261895177988052,-0.14342360876698348,1.0868451489015807
Peve,188,-0.35878910605431885,-0.33721993426318986,0.8124063404721066
Peve,189,-0.4475858132858911,-0.40604535538068115,0.3958475140489869
Peve,190,-0.25670615778987677,-0.33783724846308144,1.0444197253525653
Peve,191,-0.17475811066587335,-0.04278693368400184,1.7993373806325914
Peve,192,-0.2816052076267445,-0.2629163127321716,2.712319111263734
Peve,193,-0.31928957521175255,-0.3062881824470513,7.560981517263539
Peve,194,-0.36620471898753076,-0.32963955184424015,1.9960489990852075
Peve,195,-0.45358250691444546,-0.3595386573145719,-0.0638616162499558
Peve,196,-0.39500722902921814,-0.33692884188024996,0.34316653650301565
Peve,197,-0.3048723075990936,-0.26176718584698627,0.41732411329826996
Peve,198,-0.3319274093037048,-0.14883676683912192,0.9641049270223344
Peve,199,-0.3850784506547133,-0.30691360835590065,-0.17223733866631877
Peve,200,-0.270593563839274,-0.26971938864848083,0.6814028170007209
Peve,201,-0.3437234559281267,-0.21088146242901623,1.0569830650997827
Peve,202,-0.1659844794311862,-0.17819458406173444,-2.6899833016597103
Peve,203,-0.22887080533310308,-0.1420020049032254,0.3453082331423799
Peve,204,-0.32373742638242803,-0.3351304255838579,0.5818506147718425
Peve,205,-0.34010630718684726,-0.32171290756658116,1.4374347482879226
Peve,206,-0.26782503453284123,-0.26975863900113356,4.831919232675346
Peve,207,-0.4003053959745317,-0.39049692147270737,0.7969039889333277
Peve,208,-0.407760939243283,-0.32444331023840334,0.25051397833985733
Peve,209,-0.26435510399591655,-0.2853885327906044,3.469361788514062
Peve,210,-0.29334927522115595,-0.30651819915179895,1.4886737060842636
Peve,211,-0.3577286281668189,-0.2700184661844608,0.21874297959480435
Peve,212,-0.3146944541027272,-0.29458830327880275,0.7555957685250312
Peve,213,-0.3200920478574651,-0.29009997708477553,0.3216869366058556
Peve,214,-0.3756003593359288,-0.3312702450371129,0.16757802570789523
Peve,215,-0.1530726775715148,-0.013405200089046094,-2.852172443599898
Peve,216,-0.1873446977860766,-0.11074351693419529,-3.278032173730506
Peve,217,-0.219933013519932,-0.2165697123245342,0.7615658408355391
Peve,218,-0.2536990969720788,-0.26176870457170803,2.873236646797231
Peve,219,-0.3264745197397696,-0.3000691712583364,0.2360242222714779
Peve,220,-0.2619373958519101,-0.22653475153063288,0.4652583131436894
Peve,221,-0.3213175511170224,-0.3938998103818648,1.2530112717863966
Peve,222,-0.20565009991048577,-0.18429843795598855,0.9215783050225869
Peve,223,-0.32067207162506683,-0.28693326707085587,0.11399768955153754
Peve,224,-0.3233352203937875,-0.18262416285771768,-9.451849643020719
Peve,225,-0.3995799466884985,-0.41199081529281895,1.5348155813108748
Peve,226,-0.26366694922736456,-0.08095602023614604,6.42673278003326
Peve,227,-0.38010373872971603,-0.2782561894633081,0.8109995762315164
Peve,228,-0.30884329237179803,-0.3705314113171366,0.48641443872768664
Peve,229,-0.31153803183819206,-0.30412086984198167,3.252515795042891
Peve,230,-0.33516996240867997,-0.2968238778920727,0.38015254083575145
Peve,231,-0.35762179011373224,-0.31735781210546854,3.0514292206221
Peve,232,-0.36956403158187856,-0.3446459179119315,2.972365156245303
Peve,233,-0.3137374854725048,-0.25264529589921136,2.0116905314801574
Peve,234,-0.2013228185705807,-0.24803460058146706,2.7286293501925605
Peve,235,-0.3702229013898874,-0.23123566468654963,1.566847647993891
Peve,236,-0.36893779976004965,-0.31015207563227504,0.6223882642726907
Peve,237,-0.43697256508846033,-0.3398212304957859,0.2211729277356859
Peve,238,-0.46032465417034907,-0.4250874002875574,-0.14645251169304188
Peve,239,-0.32530817466934675,-0.2905570441760319,1.5116077516292694
Peve,240,-0.27690633142648113,-0.20005956037198533,1.0104942924307279
Peve,241,-0.2376175317839047,-0.08193562844219152,1.3670680999925044
Peve,242,-0.3581267399045473,-0.2740554118252449,0.7765774225155727
Peve,243,-0.33749158090657194,-0.1818889464591086,0.25198084284244726
Peve,244,-0.3237035004910195,-0.22793560066696858,0.2992935228290567
Peve,245,-0.36781245186445055,-0.34766891717033405,1.669728022719692
Peve,246,-0.37217167983870375,-0.34043403324686394,1.7003929931817818
Peve,247,-0.1832238811656595,-0.19506023516906315,2.357347983877567
Peve,248,-0.31022245139105237,-0.36883594327200464,-7.4597813657207
Peve,249,-0.15130268322473067,-0.07709718526092231,1.2384715213420043
Peve,250,-0.2626053817376691,-0.1933434433587444,0.05359745585869466
Peve,251,-0.3394987222703913,-0.2678637330846056,0.2100869110609917
Peve,252,-0.10445049448035956,-0.15401694583717956,1.1954239311246369
Peve,253,-0.42751940309230907,-0.3458233757140818,0.0023029572326099417
Peve,254,-0.3234086902744406,-0.30224681198087594,0.8070263695821682
Peve,255,-0.3078927379810164,-0.319640504804565,1.5336495381497166
Peve,256,-0.39659437141614645,-0.22534899177575612,0.48512561947282173
Peve,257,-0.22616356985836134,-0.3257270332848587,-0.03746592338831819
Peve,258,-0.34165259651695234,-0.2748568261551364,1.2802856431708567
Peve,259,-0.22441593067199328,-0.09575893299294645,0.7799020283608978
Peve,260,-0.20704424615663775,-0.032354973248422604,1.8079582503714613
Peve,261,-0.214181437749809,-0.21661407290516732,8.694256321214347
Peve,262,-0.347893514232383,-0.23612984028503908,-0.1486781177192292
Peve,263,-0.3832581398768053,-0.3832240676797573,0.31832695466717603
Peve,264,-0.2292483751834602,-0.21178872837785678,0.4673943666819026
Peve,265,-0.25328092989977186,-0.24331594195224043,1.5000739386985307
Peve,266,-0.24377437279222952,-0.18340290601845322,7.327596224818503
Peve,267,-0.33138167084196707,-0.36224474491651376,0.8011177867485554
Peve,268,-0.37531377656889536,-0.35455017129837757,0.8608834861290987
Peve,269,-0.2918779321083347,-0.28938825108307464,0.8359537910469491
Peve,270,-0.2842246061796729,-0.26982712125135067,0.5455518036354001
Peve,271,-0.46954778797281765,-0.4049847193563526,0.11527049741960209
Peve,272,-0.39712393699234433,-0.29430783954062384,0.169016240761247
Peve,273,-0.2429833788447946,-0.22315286680252652,1.1278337929735534
Peve,274,-0.27898543044293667,-0.005353833340268645,0.13156383644472705
Peve,275,-0.2638108072277426,-0.02495283994716071,-0.18007392302893646
Peve,276,-0.35035991274270334,-0.20534578425478625,1.1048349237101445
Peve,277,-0.30287705852946606,-0.2573722193329147,-3.928547155446076
Peve,278,-0.2312115604945529,-0.16751138767080986,1.7019021117097495
Peve,279,-0.308132872316099,-0.27420553458221664,1.2851365261832417
Peve,280,-0.37184047111979585,-0.3488389929557455,4.4752582876151825
Peve,281,-0.15165474316602537,-0.17874516982163408,116.26294084539371
Peve,282,-0.4638814805802854,-0.27046297118297313,-0.2846928560585984
Peve,283,-0.19748790047067452,-0.24425731473632745,2.4111595949786535
Peve,284,-0.37878200037390086,-0.41335049847136096,0.5366199377379145
Peve,285,-0.41060650046154185,-0.33713928357960227,2.3219383058613774
Peve,286,-0.31868116442577965,-0.19872707615175605,-11.454528472252875
Peve,287,-0.3050776565347367,-0.32182563199087666,2.0946717335221865
Peve,288,-0.18980039412128552,-0.17679229794334986,2.2535369171638524
Peve,289,-0.3655261056365159,-0.22979740578016453,1.9187128652905385
Peve,290,-0.27087348934541006,-0.27795070709609343,0.7367382152335795
Peve,291,-0.2691655264993714,-0.16923115807485742,0.10969948830940601
Peve,292,-0.4390166340755402,-0.28313525556953706,0.15835002493495223
Peve,293,-0.30334814470830856,-0.26542267094329314,0.032168138885678654
Peve,294,-0.36542172049305105,-0.36727969708033215,0.5355315789806446
Peve,295,-0.3416525965169615,-0.2748568261551496,1.280285643170769
Peve,296,-0.3180711753172885,-0.2616587122208278,1.451474254759302
Peve,297,-0.30514298975195353,-0.31038203845106827,0.637145968489612
Peve,298,-0.2018832690652086,-0.14236057478405306,-43.209680980884706
Peve,299,-0.38108139880155406,-0.313691530970734,0.799249777860327
Peve,300,-0.48105749966468736,-0.3926618161830698,-0.35095960326928066
Peve,301,-0.3148214048788021,-0.34988361716046046,2.5694862150017737
Peve,302,-0.29255760968949446,-0.24795287434888985,0.5439113773475525
Peve,303,-0.2040925987872269,-0.12303459576584344,0.7499887454713688
Peve,304,-0.3472743086992169,-0.33009270666641394,0.8002426465196729
Peve,305,-0.3009454495253482,-0.16389845053303778,2.256893723275639
Peve,306,-0.3124265383622649,-0.1999510810014138,0.33113355074688505
Peve,307,-0.2880922893327213,-0.2569050668305263,1.6929562223448087
Peve,308,-0.35051708988826896,-0.28855928565929206,0.30266426961855725
Peve,309,-0.37624995184454135,-0.2947379553097877,0.10436887266598885
Peve,310,-0.275597014750975,-0.3298346602305966,9.882703732838776
Peve,311,-0.47494926272892096,-0.35912634738266214,2.056386407636886
Peve,312,-0.2128413732770326,-0.13294098142086971,2.980946382815756
Peve,313,-0.24992798015933956,-0.22706796096439774,0.9011917426186304
Peve,314,-0.36076775890333057,-0.18524004282707418,0.4312461304726274
Peve,315,-0.46898545658380614,-0.376996954585484,0.7250321985803473
Peve,316,-0.2637642104488807,-0.22877776734864433,1.3574702732029094
Peve,317,-0.4042959779415576,-0.32232379950623563,1.1379915874395223
Peve,318,-0.3081328723160978,-0.27420553458222074,1.2851365261832144
Peve,319,-0.2045498583460607,-0.203140679413795,1.5800242160461
Peve,320,-0.3376948400836304,-0.2325671650010942,3.3535914292947764
Peve,321,-0.3697485485503716,-0.31522332531996006,-0.16690334113084732
Peve,322,-0.4672663427143767,-0.4075277075343445,0.4412213660760101
Peve,323,-0.29716432532455633,-0.3092861713778333,0.9741232253041345
Peve,324,-0.36217971197412246,-0.30402610820269377,-0.05021246576326716
Peve,325,-0.34806704619907547,-0.2759631003471126,0.16860825061728377
Peve,326,-0.23532676830382873,-0.11508714815862091,0.293444335163296
Peve,327,-0.2894163392679708,-0.28484858227862336,0.9921728810292406
Peve,328,-0.4197152534514918,-0.3443568962407269,0.20309986010991615
Peve,329,-0.3403216753552759,-0.2372830088445859,0.8824258189603429
Peve,330,-0.26189743089618184,-0.18850971898085264,0.5578684559710948
Peve,331,0.10528512582254597,0.010632593282522433,-42.1002292172221
Peve,332,-0.4254668424265269,-0.347861900516146,0.232211495399151
Peve,333,-0.38655755898660277,-0.31722503690018133,0.12148013682777796
Peve,334,-0.33945271333745775,-0.21992995889777697,1.4700804419372482
Peve,335,-0.4688113350264946,-0.2932625832281528,0.1343453162443368
Peve,336,-0.3105831207283456,-0.26051049639931567,7.717013441839365
Peve,337,-0.19928510310760844,-0.019677822471544943,1.8741482166227668
Peve,338,-0.3831520878636456,-0.38140357568972355,0.14173730950440014
Peve,339,-0.1391555921492757,-0.11829737480351242,0.538378709604911
Peve,340,-0.3801858491348952,-0.4022987760536219,0.009429166231404839
Peve,341,-0.060052862902983596,-0.11845739544950917,-4.563557668205934
Peve,342,-0.09768941911210755,-0.08510423882460275,1.752603975933451
Peve,343,-0.2009868915656028,-0.25152636593594996,0.9837760181942452
Peve,344,-0.19392051298438212,-0.15651153929072054,0.31483468476962567
Peve,345,-0.28307225089541654,-0.254090131602855,0.942774826897917
Peve,346,-0.4195055922996435,-0.39501887377311024,0.016043173327753287
Peve,347,-0.2397867253932587,0.010636785848590931,3.886772846651483
Peve,348,-0.3762354209658261,-0.32980945271623563,0.11248657799776361
Peve,349,-0.29384800993666266,-0.2355761079377133,1.3937698097579692
Peve,350,-0.30938695132807786,-0.24148299283551877,0.8349141233517832
Peve,351,-0.41062397942118445,-0.3140126146265132,2.2893150850775323
Peve,352,-0.3711745314084717,-0.29288318796518575,0.8159438715138617
Peve,353,-0.3687663916817602,-0.33539449684966566,-0.05009272829979856
Peve,354,-0.40103916370482,-0.3428948430659943,-0.00496609213400181
Peve,355,-0.2330894385478313,-0.1550964259955306,1.3159401358851617
Peve,356,-0.39776672771907884,-0.2794746142723403,0.26395503896776495
Peve,357,-0.4132978844240889,-0.34458873531306894,0.1840414617535186
Peve,358,-0.30726739731963776,-0.28892416107582153,2.2408477285552073
Peve,359,-0.2480861950239407,-0.14232811308881144,0.6907960589263181
Peve,360,-0.33031550287918604,-0.2639458646048598,0.9768772384069658
Peve,361,-0.2894796792360151,-0.19680716880741977,1.448012848939776
Peve,362,-0.2500745618862571,-0.30468481623421917,0.3651924779765511
Peve,363,-0.21079365751392568,-0.2407648913255193,0.5785158315543828
Peve,364,-0.20282768211514066,-0.18064495830593968,18.907874645912244
Peve,365,-0.24362580298422534,-0.2637436553247376,1.0078904848518269
Peve,366,-0.40653631813983876,-0.3714603574647957,1.7237094786582936
Peve,367,-0.3194452698154453,-0.3114093485690264,0.6471881616023145
Peve,368,-0.16159544334141343,-0.26797117330417075,4.105344072884801
Peve,369,-0.3633454616969167,-0.3519466262650709,2.273158372940051
Peve,370,-0.3403379087294756,-0.30921825826587424,1.4113086000167188
Peve,371,-0.2696923708774287,-0.09582060510571738,1.5381309305778803
Peve,372,-0.4067540596012778,-0.355364498353701,0.9633197513606051
Peve,373,-0.4028140586713057,-0.36957583174016656,-0.08380748572064507
Peve,374,-0.37527363574465533,-0.3213664668768222,-29.960398842756316
Peve,375,-0.303808169747657,-0.2768896350673379,0.9849202534050531
Peve,376,-0.3153553296244217,-0.32255364716902235,1.7571576634173416
Peve,377,-0.23425968081385357,-0.18515694868852867,1.173650776832652
Peve,378,-0.2819167272027185,-0.28915679305646214,0.6400237242379573
Peve,379,-0.3134817181620998,-0.22957775863519278,0.11001309441195141
Peve,380,-0.22351008076249393,-0.06082554892477385,0.12252673570294387
Peve,381,-0.40957564592117496,-0.2885580737312012,0.49894370306247077
Peve,382,-0.34742704467636976,-0.22953566290630206,1.056858939837796
Peve,383,-0.3806632356428574,-0.3892678901663838,2.586735725634923
Peve,384,-0.15479654860959266,-0.07550982254571885,2.4120446190972618
Peve,385,-0.3173216484453651,-0.28950559456719344,0.7763018863893237
Peve,386,-0.242558569713052,-0.09312845578903006,0.5362820579375969
Peve,387,-0.33029313110107,-0.31695136039006,0.799229139111316
Peve,388,-0.281564779891485,-0.21404975776284788,1.891048080285065
Peve,389,-0.08809800979817214,-0.1720947110231094,1.2531981405147943
Peve,390,-0.24532401436482004,-0.08787478629184571,5.031768845589254
Peve,391,-0.4200850901714339,-0.4146440470878984,0.5910556241491668
Peve,392,-0.4117761306524447,-0.4198031705819934,6.767936071840981
Peve,393,-0.23212648487927884,-0.17045182649889806,0.9304256611659383
Peve,394,-0.3753092879950889,-0.24333614453991675,0.887196551755102
Peve,395,-0.2656021819237,-0.28001843601158394,0.7250017660536351
Peve,396,-0.28662900650199397,-0.2819924319571267,2.8506171351250216
Peve,397,-0.13426117242464228,-0.16377378773743576,1.6726654678435695
Peve,398,-0.36211557171358555,-0.36514557412474274,1.0298617344657786
Peve,399,-0.2732182452893997,-0.3153415173484124,-21.368768079522958
Peve,400,-0.32937236967848715,-0.3722435066190133,0.948860673394482
Peve,401,-0.29585148935359984,-0.23760791247956645,0.913972361426069
Peve,402,-0.2058513781708919,-0.18571373044035294,0.9985737888402888
Peve,403,-0.049825366260063834,0.10764316569647389,6.238604698425004
Peve,404,-0.1481998123549975,-0.10713555865096436,0.9185861292698853
Peve,405,-0.16245514510506037,-0.10600489869524907,2.1329825453732987
Peve,406,-0.34703014108937014,-0.2752610418727498,0.7898855316855867
Peve,407,-0.34314145280533537,-0.3682973707377034,-0.33059124726170486
Peve,408,-0.4313935464726417,-0.3380503193330195,-0.06365438988989265
Peve,409,-0.3333117815382673,-0.26281285929265574,0.2969672882055698
Peve,410,-0.2266574376895147,-0.2800094646865582,1.5717217841995417
Peve,411,-0.3296525909113695,-0.2639192206682278,1.2384603745339973
Peve,412,-0.33285538942013765,-0.3140258106393263,2.1680893230751392
Peve,413,-0.27504889350617723,-0.17567906229849892,2.4631696495189668
Peve,414,-0.33242242341047107,-0.27718411407698157,0.8027285212870142
Peve,415,-0.1702072329563124,-0.12558566385987693,-13.844601410830236
Peve,416,-0.2644939652988411,-0.2855620844794162,3.469361788514008
Peve,417,-0.3183009230311044,-0.21764501160422517,0.5442471057551759
Peve,418,-0.36258562730620053,-0.3250206824492111,1.7490281887297843
Peve,419,-0.22610602069663896,-0.2738100624203122,3.6340800625948257
Peve,420,-0.3530614868571434,-0.3782121166058507,-0.08585006394465743
Peve,421,-0.4335255880417538,-0.36004285839146094,1.0980618912200981
Peve,422,-0.3862375323136152,-0.3337286316870887,0.5451199495060256
Peve,423,-0.16305795079759056,-0.29989649432538457,0.6112810077779767
Peve,424,-0.2247257908786508,-0.20966482215416726,-1496.3952496986765
Peve,425,-0.350453315962326,-0.34244353916021064,7.818044299730945
Peve,426,-0.3571985188132467,-0.257627170677772,0.20794224945940884
Peve,427,-0.352009141661959,-0.2456462655046601,1.1944179408676714
Peve,428,-0.2749119569781438,-0.20225159370291157,2.0823593097680773
Peve,429,-0.32060600892545393,-0.19041485325585114,0.4851742342352615
Peve,430,-0.4049988286871641,-0.30827526896917373,1.3312620556071655
Peve,431,-0.3334811553257253,-0.26286730093411015,3.1702541390742045
Peve,432,-0.4024477113365993,-0.36113467497740537,0.12838017053603973
Peve,433,-0.31101881118544705,-0.2850321393048365,3.5041673754429907
Peve,434,-0.3579892068001777,-0.21407967675393025,9.793640149118445
Peve,435,-0.3074246758397688,-0.3055236887446126,1.0441875319788387
Peve,436,-0.06821637037768984,0.07638478502635332,-7.443368168611646
Peve,437,-0.3354335342916523,-0.19294298155966721,0.7044542642073233
Peve,438,-0.24362580298422642,-0.26374365532473326,1.0078904848518129
Peve,439,-0.3167092417713572,-0.18350309317974745,0.26315627630721655
Peve,440,-0.34062016251872207,-0.2738068520421998,2.276457017282914
Peve,441,-0.15622194671508052,-0.0942177658185344,-2.431439289468478
Peve,442,-0.35651994000846926,-0.3036794228087053,0.356093570525346
Peve,443,-0.4806595546708532,-0.4253134244383759,-0.22685629599285217
Peve,444,-0.3261405000133707,-0.30129584614425214,1.0881887154627736
Peve,445,-0.3698790147532413,-0.3642777007619513,0.7231993610763499
Peve,446,-0.30584863327680517,-0.33504369388840677,0.25554950200581333
Peve,447,-0.16217613037934855,-0.20792721341740011,-5.09611559595682
Peve,448,-0.22760000767638586,-0.14327986295681508,7.951951186972414
Peve,449,-0.3273580784603602,-0.29327184470329876,0.378688698292394
Peve,450,-0.4724864799012541,-0.345318937647827,-0.17526097165907503
Peve,451,-0.2104185056104054,-0.09335487142801405,26.7510537382233
Peve,452,-0.4403269629838796,-0.28316737727114993,0.1477769595715254
Peve,453,-0.34554309652099996,-0.3029554876885704,0.73941563887697
Peve,454,-0.3476254124522667,-0.2585804103426072,0.3670528143290417
Peve,455,-0.26357168973934925,-0.2601071240357539,1.3554297114229805
Peve,456,-0.32020376237286907,-0.3632051983888174,1.919402171772895
Peve,457,-0.3232143009294215,-0.36265330737438645,0.3176273324507094
Peve,458,-0.3603812327253636,-0.2530889254445595,0.9067764980108138
Peve,459,-0.21848822327752657,-0.18825389545373322,1.2736526179527146
Peve,460,-0.28486922218145305,-0.16201967021450986,-4.6209792327809724
Peve,461,-0.30951596356908406,-0.2656846236080604,1.9221741571861468
Peve,462,-0.3186811644257705,-0.19872707615174615,-11.454528472253687
Peve,463,-0.27872182517672717,-0.1579152809672366,1.3836920155428538
Peve,464,-0.26719229954696383,-0.2924956502276176,1.4373852119661115
Peve,465,-0.3170768244642297,-0.27883789212162835,2.0443260566762924
Peve,466,-0.2511734689723854,-0.2601509771155329,1.9496170383310503
Peve,467,-0.33052062834818946,-0.2767146391687287,0.4811212891671063
Peve,468,-0.334229788054045,-0.2696457568151558,3.1054883080236872
Peve,469,-0.25958424750575027,-0.20399737810782384,1.4113474758257814
Peve,470,-0.3680789918628463,-0.3609091964055139,-0.21967082455034947
Peve,471,-0.06700726131660661,-0.11393153306122819,6.283059431884895
Peve,472,-0.298416686257663,-0.16900138976987536,0.08760479224294553
Peve,473,-0.23051693110821103,-0.22853041049527087,1.8626834816331064
Peve,474,-0.21402334980553925,-0.18540002856101145,2.3502944574378226
Peve,475,-0.21846456814298124,-0.14983140520030833,1.1428617611198504
Peve,476,-0.4439293336592842,-0.36251119542858007,-0.22792161578658793
Peve,477,-0.19672084932663453,-0.1249669199878595,2.843942101553052
Peve,478,-0.22763567195471252,-0.3795216437057409,1.3913514071113946
Peve,479,-0.3487275169255308,-0.2315366344521417,1.6258708779495097
Peve,480,-0.27314933043490297,-0.21883685676460313,1.0976797457746443
Peve,481,-0.29619473051161804,-0.25009419568336644,8.07447450628561
Peve,482,-0.45885165845772397,-0.2928607771423521,-0.26109464140692673
Peve,483,-0.24135437600647397,-0.24498579204123036,1.507929036840131
Peve,484,-0.37702712991134174,-0.39713857458477186,1.980402637460926
Peve,485,-0.26357168973934925,-0.2601071240357473,1.3554297114229694
Peve,486,-0.33208901946127933,-0.30215268913123455,0.59738400959103
Peve,487,0.04681747234257966,-0.06636615595119902,1.9631541923790379
Peve,488,-0.3901624663195221,-0.3230482027425276,-2.932422869021689
Peve,489,-0.40214176906969046,-0.2222949256248282,3.197794288508586
Peve,490,-0.20464843549708694,-0.1057116768914112,0.08242982427783992
Peve,491,-0.34467735698786234,-0.2536930753022802,42.40791064382626
Peve,492,-0.2086764443879304,-0.21660043315319413,1.6628591995997963
Peve,493,-0.13042737018593883,0.063348864971001,1.6155900066373587
Peve,494,-0.2504257002979481,-0.21291673742790468,0.8614585167961871
Peve,495,-0.4647941466698429,-0.37810134523411126,-0.2824674826338512
Peve,496,-0.24809077634046994,-0.15602889110880977,47.986484371891805
Peve,497,-0.3710792422068074,-0.2986473677434855,2.889646663916111
Peve,498,-0.37254830712483666,-0.27324997638549303,0.05632183203766294
Peve,499,-0.3128470718232399,-0.24040882509315253,9.472777100421807
Peve,500,-0.32395636435337327,-0.2832424787637214,-0.1425662631441825
Peve,501,-0.3190819144431507,-0.22795334220958072,1.1399318298487622
Peve,502,-0.3081046029464497,-0.295836320315825,1.2140658264314643
Peve,503,-0.3623163268276739,-0.3304953664952944,-0.08795572893494003
Peve,504,-0.3429857728901137,-0.1740368710841333,-3.2795279178981813
Peve,505,-0.3292509063399177,-0.22821111473108288,0.7729091746103365
Peve,506,-0.2742966390706137,-0.30891373237963504,0.3041243014809836
Peve,507,-0.2718401290119415,-0.23805618774622758,3.5401216270464193
Peve,508,-0.3680789525372827,-0.3161182509309393,0.14257951432634575
Peve,509,-0.3398730188271287,-0.3649845811115256,0.1649466064260429
Peve,510,-0.3569173571010276,-0.30555787170298476,0.5216293894519883
Peve,511,-0.23429327436538055,-0.2351221909004579,1.4184566603213218
Peve,512,-0.2727178946586521,-0.2249623680371906,1.0077162068192014
Peve,513,-0.3381306295810782,-0.22042614338066643,0.6643123364037448
Peve,514,-0.3971890618793719,-0.31022604035893925,-0.06603198764378436
Peve,515,-0.3389919234725238,-0.25484732607308347,3.674802784230949
Peve,516,-0.19527957075640748,-0.24070454158521445,11.776864914646875
Peve,517,-0.2888390755821175,-0.26383469639141083,0.8500169688176863
Peve,518,-0.30570888486492476,-0.2911242561756408,3.2781170255226497
Peve,519,-0.30794355593364375,-0.2290484085495048,1.0689822934438526
Peve,520,-0.12668554014048,-0.09427523391092986,0.5865609478222652
Peve,521,-0.23750535320803262,-0.224681121395782,-14.328256738963965
Peve,522,-0.26249288435808865,-0.2702705687228083,9.987143061375345
Peve,523,-0.3359230878505611,-0.332731587324178,1.2208122756091935
Peve,524,-0.31950952289334045,-0.24127956446886548,2.7625775647783954
Peve,525,-0.28335643389503606,-0.27130137994283504,0.50432514514104
Peve,526,-0.2814589390433721,-0.2600229600963302,0.05367485664439773
Peve,527,-0.2519890759327343,-0.12546738230135676,0.15087292039396677
Peve,528,-0.30969113314662117,-0.2367077976042316,1.22138348722149
Peve,529,-0.2978057553959916,-0.3922003634435165,17.797579191118967
Peve,530,-0.19149650503267052,-0.19842604647680548,-14.128436943761898
Peve,531,-0.2927553090087314,-0.3155677494812851,-0.1448828756852737
Peve,532,-0.22760000767640115,-0.14327986295681858,7.951951186974222
Peve,533,-0.2909593508566092,-0.24504032887756447,14.519431453600369
Peve,534,-0.2716370161136543,-0.34144705435554834,1.8142688573646204
Peve,535,-0.36058052022857684,-0.320217761273489,1.0955028000801883
Peve,536,-0.23128896831776793,-0.21477888192277894,1.9217622479764358
Peve,537,-0.3158232441156123,-0.20547486328616563,1.177507266745486
Peve,538,-0.1839210121595291,-0.143349258241277,1.5077110004474643
Peve,539,-0.07827020881968641,-0.17854011449514773,-13.509473593311736
Peve,540,-0.3206720716250686,-0.2869332670708497,0.11399768955154678
Peve,541,-0.3739646813589174,-0.25350206798784103,1.4783622151321585
Peve,542,-0.369879014753237,-0.36427770076194727,0.723199361076107
Peve,543,-0.24600224046249547,-0.1767166676155834,3.7225806027521635
Peve,544,-0.3669987922341439,-0.3083804546934781,1.5173612188824857
Peve,545,-0.3891905795780582,-0.3432294086797504,-0.44266365415816933
Peve,546,-0.3562985183470281,-0.3625008178701021,1.8877670980550147
Peve,547,-0.31028152408524245,-0.23130037197798203,1.8410070074110032
Peve,548,-0.11139589265105364,-0.11572628477647663,-3.202137837662194
Peve,549,-0.16787431845513473,-0.18948884549432693,1.731719781645535
Peve,550,-0.23102886906368933,-0.3957067699105185,0.6225021218219022
Peve,551,-0.4140495091621393,-0.31109632564508105,0.7107367780308831
Peve,552,-0.29275530900873353,-0.3155677494812958,-0.14488287568530034
Peve,553,-0.42043160722598866,-0.3296070969530408,-0.19180743892582128
Peve,554,-0.33850012397128176,-0.2605000727597908,3.0114732409352682
Peve,555,-0.33303485688871914,-0.281423871850309,2.084008991990537
Peve,556,-0.061970924058683756,-0.04722775490734253,0.07507116166181158
Peve,557,-0.38865371584777547,-0.3545060261792463,2.1916394744347327
Peve,558,-0.30371856976162037,-0.18122241867091915,0.4917316992790081
Peve,559,-0.35151067424492694,-0.3380187184941963,0.46066482185824037
Peve,560,-0.2737774181539145,-0.28137639354511096,0.9062709643003017
Peve,561,-0.2507676504999786,-0.17110718385567228,0.6599731610035025
Peve,562,-0.17932933826212316,-0.28108583413264676,6.64272274133718
Peve,563,-0.37558646155873626,-0.31287671068212974,0.49712906967997433
Peve,564,-0.3628353944010498,-0.36142516804248015,2.5257970591754675
Peve,565,-0.2604821843474961,-0.257289142880733,6.167714608278299
Peve,566,-0.2041619471477034,-0.2463857861165094,3.7385436532790957
Peve,567,-0.23771665188904675,-0.09817986925859394,0.6428789693008264
Peve,568,-0.15760148549385503,-0.030017557956107086,0.5125293728918514
Peve,569,-0.30228804221190353,-0.21213564891262804,0.630699089402776
Peve,570,-0.2578576690102914,-0.3377778770166986,0.8446217588803627
Peve,571,-0.35620490045206815,-0.3170459297770329,3.453515731798178
Peve,572,-0.30412168311644794,-0.3100546936019116,1.115548371198699
Peve,573,-0.2292058400094424,-0.29231810951312975,6.9827552604942005
Peve,574,-0.1646671089836308,-0.1950886065021136,0.33062425077699514
Peve,575,-0.3278895718436052,-0.2777251850636676,1.2980188182601913
Peve,576,-0.28279311644060995,-0.305824795645453,0.7376617652491971
Peve,577,-0.3304208514725191,-0.2956899633234228,0.15521714700449135
Peve,578,-0.3251012415416145,-0.3028802098951143,9.420449262974087
Peve,579,-0.15560538058411086,-0.10259160239373204,1.4787694807904221
Peve,580,-0.297087536294612,-0.29464654424374337,0.6569079923357379
Peve,581,-0.36682412306571405,-0.30284009022112474,-0.007253798779247412
Peve,582,-0.46769411194422716,-0.4017187257430354,0.05470653698907071
Peve,583,-0.3831185477295374,-0.32651936719272645,1.2159433242338924
Peve,584,-0.4529616687026779,-0.34935734647701416,0.6845529010664317
Peve,585,-0.21695620948558705,-0.12722687332948818,0.20611482728724523
Peve,586,-0.26804603244893765,-0.368970314058276,2.094259044029044
Peve,587,-0.38831637813024994,-0.3364248934115744,-0.19520918009187316
Peve,588,-0.2526389525252181,-0.2820412109176977,0.9457835408935121
Peve,589,-0.3328362684499094,-0.23579746500850016,1.1624409387591161
Peve,590,-0.20408092078991077,-0.18360755032089954,11.785926596472281
Peve,591,-0.19100161020014117,-0.29617533902920756,2.239127055278495
Peve,592,-0.3173553557213178,-0.2670490170258607,3.3015937128730575
Peve,593,-0.31939356209181213,-0.2420247036175971,0.4930662741725884
Peve,594,-0.4115161171138374,-0.3027244865558873,0.15498576201955572
Peve,595,-0.35569879825771245,-0.3207466926121047,0.47552400926536764
Peve,596,-0.1460798386840205,-0.20896779098932164,3.401197772460867
Peve,597,-0.37330861283666267,-0.2938119736438238,-0.05072544947660893
Peve,598,-0.24589494458851477,-0.1740448086033459,0.5586525158692853
Peve,599,-0.3368080306198694,-0.304981623714498,0.4484880331185513
Peve,600,-0.4249861586896443,-0.4016474492245682,0.4117580591692496
Peve,601,-0.20304392294288204,-0.12450608672659799,0.8747224760923643
Peve,602,-0.2657220817807333,-0.25390487618491797,2.1177723889889934
Peve,603,-0.3032159488908525,-0.2790953343311378,1.3702843289539426
Peve,604,-0.2184645681429859,-0.14983140520030563,1.1428617611198424
Peve,605,-0.39315177885474034,-0.3258038439698888,0.9844042211132769
Peve,606,-0.34151140637463057,-0.3210942778558156,0.8031689863164083
Peve,607,-0.2285522867230997,-0.28205495471550884,0.5656978992778858
Peve,608,-0.3631676013220226,-0.3197557662799496,0.681760466937851
Peve,609,-0.33384253245997725,-0.3628641340354998,-0.14505545790564853
Peve,610,-0.1088230330221562,-0.017740577491189177,-7.814519620826942
Peve,611,-0.32344582283888684,-0.33892035397184606,1.672352333622699
Peve,612,-0.3606710218858799,-0.34389512882692813,0.7374004292508175
Peve,613,-0.29731066318012633,-0.21894946116498626,1.043776027193767
Peve,614,-0.45451001836252647,-0.3026601761280177,0.12841289868318462
Peve,615,-0.30810460294644193,-0.29583632031583024,1.2140658264314736
Peve,616,-0.47606018553056817,-0.33562544152784035,-0.2064666233317485
Peve,617,-0.2669785612071691,-0.2774190598728469,0.6468051147401123
Peve,618,-0.3455994939528917,-0.32280428500405367,2.0700925953948675
Peve,619,-0.23929462245077662,-0.14910967736999137,-0.2585800774623523
Peve,620,-0.35878910605431746,-0.33721993426318503,0.812406340472114
Peve,621,-0.2393773765776439,-0.21579194335888066,3.164657274826894
Peve,622,-0.30938695132808514,-0.24148299283552174,0.8349141233518397
Peve,623,-0.5296324553718605,-0.375600707646443,0.13735504993660919
Peve,624,-0.32344867841924413,-0.30213272325257634,0.9794493467165715
Peve,625,0.009820916016458871,0.1219617442576927,1.0685853570608157
Peve,626,-0.3131186767953406,-0.29951096408737504,-0.1197996211299444
Peve,627,-0.3168932467193676,-0.17393382038250163,2.330558651999262
Peve,628,-0.30700791402009137,-0.32154693922099736,1.9738122140283048
Peve,629,-0.3824016924371507,-0.3776361903233268,-0.11192904418534147
Peve,630,-0.16789566621728175,-0.23539255364789005,0.67323472272129
Peve,631,-0.27174954614791447,-0.310543291603288,12.681207171788403
Peve,632,-0.2927297509011389,-0.33834203908556365,1.7614865431903048
Peve,633,-0.33903874832817,-0.4010172200769875,0.9897408261540537
Peve,634,-0.29960441475071337,-0.22896664084383364,0.9156217478149887
Peve,635,-0.2998785917706554,-0.16111825379852632,0.3623608645000733
Peve,636,-0.312811642126866,-0.3489415666383801,1.0673920314021148
Peve,637,-0.46783011728039553,-0.32448407927990736,0.17264538327385845
Peve,638,-0.16612360458474032,-0.20495656595755862,1.4108150351669833
Peve,639,-0.37628550532788835,-0.3330134077945499,3.2334077403405477
Peve,640,-0.37955183365330963,-0.32711575540285115,-0.08269201217147315
Peve,641,-0.3673403887991527,-0.30168321071925497,1.5490495503194952
Peve,642,-0.3537400237679604,-0.2633580625183511,1.196671880651018
Peve,643,-0.23360008549477096,-0.1648933386503883,0.9084421191791451
Peve,644,-0.16113190344397843,0.014958418298426875,0.3993526768556409
Peve,645,-0.3344507349868665,-0.2761066765574756,0.030476869961637103
Peve,646,-0.4587657901244619,-0.388685781271493,-0.11462688126997801
Peve,647,-0.15256833882450846,-0.12053359313268397,1.367184402631631
Peve,648,-0.37618632727110185,-0.3508274057827469,0.8791813122291485
Peve,649,-0.2122666114067762,-0.25508959337850906,4.1146403360992165
Peve,650,-0.3508896416684502,-0.2951568014786648,2.4571157783115036
Peve,651,-0.22314373194366097,-0.14403303636936013,-6.8883336061699945
Peve,652,-0.3085888413965829,-0.27566417242452235,1.257498937668702
Peve,653,-0.15296513084770563,-0.149660618436281,1.438001484979156
Peve,654,-0.3186143763749721,-0.26453337638979924,3.6200633841131085
Peve,655,-0.3123786423277715,-0.3173146677027058,0.6532295391601379
Peve,656,-0.30930741576344506,-0.2662861636547364,0.7190546230653457
Peve,657,-0.3507391145605415,-0.3653251057057649,-0.08215331453518923
Peve,658,-0.21848822327752093,-0.1882538954537373,1.2736526179526895
Peve,659,-0.30178136850268295,-0.34026762841912883,0.3736578495160292
Peve,660,-0.3568390342105484,-0.2811918600992246,3.266015578687732
Peve,661,-0.4385552530534245,-0.37716759681950024,-0.08642083609797416
Peve,662,-0.24923075469545758,-0.1201075878489742,0.5493473855444373
Peve,663,-0.27106884748435167,-0.20359154389925027,1.9121962959139618
Peve,664,-0.34468433761127604,-0.3230913985481389,2.4700912127153254
Peve,665,-0.4421146013656057,-0.3614744658510514,-0.223001840437619
Peve,666,-0.17715708471641176,-0.20670119268692297,0.921290083366992
Peve,667,-0.3344235491733069,-0.2543670291731427,0.3870732147777742
Peve,668,-0.11215730130183328,-0.18201943385470293,1.421030780849158
Peve,669,-0.35406308979156614,-0.2345805246199349,0.14474181296019686
Peve,670,-0.4107461196132578,-0.2831434225736958,0.8357107410765139
Peve,671,-0.30024483576807165,-0.26225616204443497,4.004897478948089
Peve,672,-0.1304470618331496,-0.14480158762785686,1.7635208471548722
Peve,673,-0.2966961699781548,-0.18865236021496293,1.0378446853574668
Peve,674,-0.3189822694721127,-0.29523463821227147,6.202893979779702
Peve,675,-0.25525988374762315,-0.19060073655108076,0.5591254337440912
Peve,676,-0.34423572750733583,-0.3022157377990001,4.746729820911627
Peve,677,-0.30600261559295294,-0.22676148003637653,2.4478978971275898
Peve,678,-0.30742467583976524,-0.3055236887446088,1.044187531978846
Peve,679,-0.17658559009838512,-0.26704933302245687,0.21773786278039528
Peve,680,-0.30239015091799165,-0.24066638595822326,6.463040005817584
Peve,681,-0.38775569870216214,-0.3822519625437278,0.3773950079287596
Peve,682,-0.3149813373715486,-0.15956326089529663,2.588841501515111
Peve,683,-0.3007343422004469,-0.21452085363957563,1.1120314109513951
Peve,684,-0.25220901544188795,-0.16335510857131497,0.3675960536215232
Peve,685,-0.3316666788202003,-0.29091414526036913,0.5103892788505515
Peve,686,-0.1113733671745794,-0.2162154473805761,6.430398776790864
Peve,687,-0.24288332042323085,-0.31421681242803445,0.8524111591695075
Peve,688,-0.3393674403362062,-0.26432328893929796,3.037131382439705
Peve,689,-0.16340996210362815,-0.06163874572349467,0.4689541783083954
Peve,690,-0.32276268066698555,-0.19380096441875302,-7.838032075174723
Peve,691,-0.2321314475531563,-0.20026170983323965,5.073648213880089
Peve,692,-0.22415945907836626,-0.1676537082552083,-3.827811712365001
Peve,693,-0.34183849733587085,-0.2844782040575872,0.8170742602119039
Peve,694,-0.3382910498523043,-0.30394187482280116,0.9251753496594975
Peve,695,-0.17902884708511624,-0.20951170066018934,4.561232440862038
Peve,696,-0.3223211410930846,-0.326378811865247,2.0796663841391196
Peve,697,-0.38094914284335074,-0.3359605237401598,1.9456127318470176
Peve,698,-0.3669329112098859,-0.3624869246965581,1.3779925399655788
Peve,699,-0.26123091070250415,-0.2702373259287841,0.8440196333581439
Peve,700,-0.16588269586095206,-0.3618589779875949,1.8883051947082832
Peve,701,-0.04298075299550968,-0.06073152236313727,-3.9115993656910115
Peve,702,-0.4145402738593011,-0.3962497017650883,-0.3528060796117393
Peve,703,-0.32647451973977476,-0.3000691712583463,0.23602422227144976
Peve,704,-0.38790939589166734,-0.27225606874978037,0.41302679791241415
Peve,705,-0.4226371962023231,-0.37167048352460985,0.45518317826204535
Peve,706,-0.3547783207270621,-0.34320591532627437,1.6814506154427562
Peve,707,-0.145719528278547,-0.20846235516431824,-37.298204568230595
Peve,708,-0.1966629017844394,-0.0922590044443152,4.807430076459543
Peve,709,-0.41756565360847125,-0.34540852177086395,0.39553152225830257
Peve,710,-0.37690035350253537,-0.3612638205790614,2.7827342409276694
Peve,711,-0.4092000896401568,-0.3276228115257813,1.6651345160828341
Peve,712,-0.3379174145381034,-0.21973945134906792,1.3082992483060505
Peve,713,-0.32235782983776606,-0.3333552638703694,6.456197051718222
Peve,714,-0.3523847779034102,-0.18905181996495418,0.43500665517713455
Peve,715,-0.25117346897238807,-0.26015097711553553,1.9496170383310976
Peve,716,-0.31373748547251507,-0.2526452958992156,2.0116905314800655
Peve,717,-0.30874278199826616,-0.19759270545787422,1.7596758157618078
Peve,718,-0.3735463052866734,-0.2638837266261637,0.15420660748238904
Peve,719,-0.1994350798646678,-0.11505192316914521,-50.62248321664875
Peve,720,-0.5175086607381187,-0.3232955487523552,-0.07646182209518652
Peve,721,-0.26269412915036766,-0.14011583180763063,0.9377908226711461
Peve,722,-0.19748790047066775,-0.2442573147363285,2.411159594978762
Peve,723,-0.39595415830945624,-0.31030667698243,2.861931009306656
Peve,724,-0.24024528397986908,-0.158935860871129,0.11769676616194026
Peve,725,-0.17865948231612316,-0.1113913169591984,2.993663453367615
Peve,726,-0.4401653079921837,-0.3652113934830347,-0.020870328432615163
Peve,727,-0.3516404120019934,-0.34052351597885255,0.7048534412476283
Peve,728,-0.21844898221952985,-0.17008328868316233,1.5406201021628931
Peve,729,-0.28423743674791413,-0.23503654654686537,1.2967930564297745
Peve,730,-0.2255766572687877,-0.23978767018455713,1.1111180890191323
Peve,731,-0.04988699869979017,-0.12001455670024867,-7.934086969142411
Peve,732,-0.08498755692844283,-0.06842152320352855,3.193531314990063
Peve,733,-0.44913870747560997,-0.36602731672545524,-0.10570071438310065
Peve,734,-0.3530489673390689,-0.2532634946296975,0.8775900381087932
Peve,735,-0.2204630547431103,-0.013508468326080759,-20.897510091823143
Peve,736,-0.1287859873227041,-0.09408707877489048,7.4261491505701
Peve,737,-0.18499022342771249,-0.10024466075898959,0.9676602598719701
Peve,738,-0.2352897306046844,-0.0457712077302886,-0.1773000756390779
Peve,739,-0.37548209323977233,-0.26947949574763624,0.5711503354568069
Peve,740,-0.3292056208265028,-0.21594644606052799,-3.803786103826201
Peve,741,-0.29328414539975095,-0.11212683527314528,2.4812971012343175
Peve,742,-0.2907619618152599,-0.11407252592829485,7.127751187016891
Peve,743,-0.1865148634166794,-0.047479999855559674,1.0538799553443732
Peve,744,-0.3172354730247898,-0.2550899097582087,2.7815105272416103
Peve,745,-0.3374915809065653,-0.18188894645911113,0.25198084284245015
Peve,746,-0.2101489872381565,-0.3062968246261171,0.45212064340259894
Peve,747,-0.4298684538697809,-0.333747530991343,-0.11392580753745893
Peve,748,-0.35793306432738436,-0.302917571444159,2.5567431523171726
Peve,749,-0.36173680133183855,-0.3267927161327579,1.2158916131574677
Peve,750,-0.09635321554319684,-0.17401066243309093,1.951886032342758
Peve,751,-0.21460591806050788,-0.14751835357267504,0.1746406005705932
Peve,752,-0.36974854855037476,-0.3152233253199617,-0.16690334113083433
Peve,753,-0.39327746366851574,-0.39579075123163154,0.014737100681846072
Peve,754,-0.4406800507233006,-0.32535677745573666,-0.15330164219646095
Peve,755,-0.2763571319991973,-0.26402777964505875,0.40579534801678663
Peve,756,-0.38685061328737297,-0.3209272590121577,0.9060085025613025
Peve,757,-0.1480378855980321,-0.09032274752561309,-0.22603393233862792
Peve,758,-0.18071099255128056,-0.21568001952214522,1.3387410962466724
Peve,759,-0.3081122827079228,-0.25781450095719594,1.626881051832727
Peve,760,-0.15575787956949372,-0.1530226101381301,0.7031523182149699
Peve,761,-0.25752479300590264,-0.1249530656474686,0.02091541503823596
Peve,762,-0.26455500674854393,-0.3425979495651543,0.5243648515857948
Peve,763,-0.2597661865057624,-0.3394297300315934,0.976535202198172
Peve,764,-0.43676192410279624,-0.2640102313016201,0.10934834114816282
Peve,765,-0.4024260116681723,-0.10820363192725631,1.2030341688489787
Peve,766,-0.23037117500651022,-0.19243913900712292,2.3845347648402817
Peve,767,-0.4188110996436356,-0.33030480889512387,0.5602727071815955
Peve,768,-0.2009783171792649,-0.28242304202716495,0.17003995201891905
Peve,769,-0.21284137327704386,-0.13294098142087038,2.9809463828157523
Peve,770,-0.34554309652101,-0.3029554876885612,0.7394156388770082
Peve,771,-0.41185774073902626,-0.386067453881052,0.14968787761400418
Peve,772,-0.3196955996983935,-0.2877438252504914,1.3973883729529868
Peve,773,-0.19944125336974072,-0.17410796830388933,1.9012320169591903
Peve,774,-0.2610622927679158,-0.21641513760169612,0.4827815284296817
Peve,775,-0.3778277658531039,-0.29173519713779866,0.08034320423955744
Peve,776,-0.3270948886760406,-0.29771130487820247,6.292050179047869
Peve,777,-0.372626503412441,-0.36101291335056257,0.5173557133781898
Peve,778,-0.35385134670421786,-0.2881659003663226,4.262510227002469
Peve,779,-0.30134732632666006,-0.18050484109569578,0.34405711178888193
Peve,780,-0.3393308813349971,-0.30711988195147805,-16.871710952648666
Peve,781,-0.2735282038828325,-0.2348372628216239,3.3115807749825232
Peve,782,-0.26086391181709934,-0.2896423595929191,1.2392930296796758
Peve,783,-0.45741015251050227,-0.34223636734037366,0.11720294564086976
Peve,784,-0.21870820861510296,-0.25464705651735386,1.2776347431704134
Peve,785,-0.29082233586043105,-0.23905602627770597,1.4516771487190219
Peve,786,-0.389799885722276,-0.3448369861198189,0.1976716622174072
Peve,787,-0.2911236278817286,-0.3174105330449148,2.1752321936344927
Peve,788,-0.44068005072331784,-0.32535677745572883,-0.15330164219647485
Peve,789,-0.2380015066903024,-0.22606716290428294,1.0475897944134225
Peve,790,-0.36173680133184016,-0.32679271613275673,1.215891613157506
Peve,791,-0.31833911413147953,-0.3679468339732923,0.5777852016247323
Peve,792,-0.31123017270267817,-0.13287261107989864,-2.92969854886362
Peve,793,-0.34068967063002925,-0.2049733645458882,0.058203336907379985
Peve,794,-0.3291994990161454,-0.3137022685761099,1.6721743161138332
Peve,795,-0.43323542944593735,-0.32381232734222426,0.0707328183597257
Peve,796,-0.32547680935131773,-0.35531523155716077,-0.10016031472178255
Peve,797,-0.2635716897393447,-0.26010712403574854,1.3554297114229852
Peve,798,-0.395918830839867,-0.25506068685399935,0.05020722668510987
Peve,799,-0.13672863336649993,-0.25501086114817023,1.8895185997670652
Peve,800,-0.3943089521198793,-0.4292694703097608,4.462424105873316
Peve,801,-0.3473985258707121,-0.3178329369597491,0.728642476522491
Peve,802,-0.3446677732641554,-0.3527622812493938,1.448157688140189
Peve,803,-0.33253163302525224,-0.2362126583212931,0.919183945181195
Peve,804,-0.43653833604631526,-0.36565592443763384,0.13026253959979253
Peve,805,-0.3682794377759161,-0.30810396370440674,0.6637391395581795
Peve,806,-0.3173632289506569,-0.24329655479025825,0.5151702072484469
Peve,807,-0.23014237541538132,-0.2100307145318681,2.1960743583977758
Peve,808,-0.327358078460359,-0.2932718447032964,0.37868869829240825
Peve,809,-0.2973287602216147,-0.13194998918894843,1.281943457328974
Peve,810,-0.25881465358161243,-0.15213057988099737,1.126288717938181
Peve,811,-0.13672863336649183,-0.2550108611481817,1.889518599767157
Peve,812,-0.32881155150332947,-0.25797533075560086,0.5888336541652849
Peve,813,-0.3515106742449514,-0.33801871849418685,0.4606648218581814
Peve,814,-0.4623422707177922,-0.4913477465609788,0.5456035941476214
Peve,815,-0.29449967538918537,-0.17443817215846924,0.6262306844523307
Peve,816,-0.3162892624228381,-0.26584946978650764,0.9087019934010572
Peve,817,-0.23456388949529683,-0.20256674229064595,3.275697968631763
Peve,818,-0.26633258849656416,-0.17697535129764128,0.6747826324957845
Peve,819,-0.31028152408524307,-0.23130037197798245,1.8410070074110214
Peve,820,-0.36068658902434597,-0.3273102312830562,1.119278884423486
Peve,821,-0.3764772427248703,-0.33178850021529827,1.573800062834572
Peve,822,-0.31754619010397667,-0.3040700055802433,-55.90742295624167
Peve,823,-0.3682794377759105,-0.30810396370440185,0.6637391395581985
Peve,824,-0.23123771102720894,-0.16417104057878767,0.0820311896368934
Peve,825,-0.10731347435080002,-0.21492688546368297,0.9966966029552348
Peve,826,-0.28863180457668836,-0.41051864625364815,2.77439604421098
Peve,827,-0.3181232084355116,-0.3102657898459657,0.7917213953868487
Peve,828,-0.33268994779297845,-0.28665885799305246,-27.465364954511625
Peve,829,-0.39033445998735267,-0.32972416951894884,-143.3938421185793
Peve,830,-0.36165400099419076,-0.3482318037252685,1.5830760247722728
Peve,831,-0.31264249391719684,-0.2931358559622498,3.2286541743046575
Peve,832,-0.15043172763379495,-0.04877013009945641,6.598791372556369
Peve,833,-0.42377143831877084,-0.3061002142868788,-0.1687717274540433
Peve,834,-0.47483511861500194,-0.4300515286710798,-0.2522889484605784
Peve,835,-0.4216580632953843,-0.3723282411147635,-0.21312588505425029
Peve,836,-0.38391990820997635,-0.3634161132424379,1.9070301106156637
Peve,837,-0.3711884408628087,-0.24638635524201774,1.4758232822594348
Peve,838,-0.4182685859560063,-0.41996774204963067,0.6425782805351019
Peve,839,-0.20029501109337514,-0.26144973102009805,1.6970791183606877
Peve,840,-0.2709622850765211,-0.2629726365613854,20.096404391994394
Peve,841,-0.2121885494770847,-0.19601997616494754,0.13524418842934846
Peve,842,-0.3142592666639584,-0.28078434592171797,1.510736552984306
Peve,843,-0.4035145893654492,-0.3508797571033241,0.4717311483027376
Peve,844,-0.27706725620029393,-0.20779343310300788,3.14707897193297
Peve,845,-0.34877292952927635,-0.2492329042129952,2.405913868406606
Peve,846,-0.3293870469945768,-0.2748868908776228,0.7042315072546427
Peve,847,-0.24663839795569958,-0.18368179721824401,0.7825526847075197
Peve,848,-0.3037397907973273,-0.26666883390747664,0.10911738365686811
Peve,849,-0.22360681216476633,-0.15659243762491853,0.316545335341421
Peve,850,-0.42460894361340706,-0.325566282663053,-0.02034425700889539
Peve,851,-0.23696026081081262,-0.20886111464687304,1.6144135802463182
Peve,852,-0.4631098137890186,-0.3059487061635601,-0.11759700308313958
Peve,853,-0.3261786437914604,-0.3771266797021499,-0.009745604657772087
Peve,854,-0.3160684863793889,-0.24884766157280994,-0.17232150813966865
Peve,855,-0.09812867378007496,-0.14430723787207841,64.91556806265005
Peve,856,-0.3447826048935467,-0.2712016671401126,1.774738705773363
Peve,857,-0.2977723884073823,-0.26368615292082953,0.7397570697917664
Peve,858,-0.47742776860941366,-0.40663192140627996,0.9912062061815567
Peve,859,-0.3182088443884531,-0.3625542544783166,0.8970593958575959
Peve,860,-0.14617440329053719,-0.24323152895208122,2.5592019513314668
Peve,861,-0.5173980057507538,-0.3652473163493042,-0.10867077565242662
Peve,862,-0.2860162900873124,-0.3615923064764583,1.979063108117013
Peve,863,-0.19697371107018072,-0.2302944382737151,1.1008543905400519
Peve,864,-0.2740861618681245,-0.24859490823633562,1.0670013552259954
Peve,865,-0.3587949477004344,-0.2050474287494099,0.3323882010600697
Peve,866,-0.3282592605942239,-0.23784119760143546,1.4490173135788926
Peve,867,-0.4224770022322504,-0.3617101384203208,-0.17209603697383374
Peve,868,-0.2886536760464581,-0.16104964864532842,-29.50073174399637
Peve,869,-0.45568985747159696,-0.3420604043481249,-0.12427448917371174
Peve,870,-0.4039723875386347,-0.2901316707257533,0.012533479423547402
Peve,871,-0.27570402621618484,-0.17899741378853443,-6.379302972228212
Peve,872,-0.4048258993395555,-0.3093388623853775,-0.1392500153521739
Peve,873,-0.353432407931095,-0.35363227117546775,0.5203406134892448
Peve,874,-0.3764297679654534,-0.28153604738461147,0.6741005346785217
Peve,875,-0.2978057553959878,-0.39220036344351067,17.797579191114554
Peve,876,-0.3738970825827714,-0.4219819845584422,-0.026881796434118442
Peve,877,-0.4038320836618843,-0.36674195739675325,-27.34833702000552
Peve,878,-0.2239970080972055,-0.11819075620466125,-263.1247445907391
Peve,879,-0.22731952965476018,-0.030699721062100428,1.9229586863035166
Peve,880,-0.33861301191315085,-0.2914888954729181,0.3810481021941442
Peve,881,-0.352363508092647,-0.3142315899263128,0.2921291223036693
Peve,882,-0.1604142738900796,-0.16226624296915565,5.065529775350115
Peve,883,-0.40692424589383297,-0.33692857182106045,1.9737267468403905
Peve,884,-0.44523641725864593,-0.3737158700604282,0.2221067554207478
Peve,885,-0.23791969911444355,-0.11125838875036675,-90.95225925352116
Peve,886,-0.3234486784192458,-0.3021327232525785,0.9794493467165791
Peve,887,-0.204657497866805,-0.09980591961557413,7.924219295894893
Peve,888,-0.46618201748408755,-0.40481942934260295,0.11755389332200868
Peve,889,-0.20138621742831814,-0.14470925781256094,11.343587040309785
Peve,890,-0.21278615998035158,-0.2968129065105489,0.501644129626937
Peve,891,-0.17652550018745303,-0.22003711058860073,2.7293849964194403
Peve,892,-0.17710329799546326,-0.093984021147419,1.4452921864493553
Peve,893,-0.35572082258639914,-0.3263688046271915,2.059702576405524
Peve,894,-0.2317797228020706,-0.13383521675330828,0.7439632042684212
Peve,895,-0.3443801996780538,-0.28982710954003305,3.151061341863546
Peve,896,-0.25392179837997675,-0.2328631609322959,2.1278443777514093
Peve,897,-0.3203454575744783,-0.36815829453409077,1.0282281021853286
Peve,898,-0.35836095416997804,-0.30660221312589153,0.45852928837306306
Peve,899,-0.36987901475323504,-0.36427770076194144,0.7231993610760965
Peve,900,-0.3044587704349745,-0.2118098002635815,2.135462123665083
Peve,901,-0.24791396312648878,-0.3097633509291512,1.5422585858250448
Peve,902,-0.33824182167825045,-0.2930871987969187,2.8906724935516195
Peve,903,-0.3510778876327226,-0.31963499349971414,0.3015000196482711
Peve,904,-0.16802701387733854,-0.24841979339341877,1.439027241266499
Peve,905,-0.42899669130076834,-0.36630365680404164,0.24051513781864023
Peve,906,-0.24663839795570025,-0.18368179721823844,0.7825526847075179
Peve,907,-0.14607983868401403,-0.20896779098932122,3.401197772460768
Peve,908,-0.27321824528941013,-0.3153415173484122,-21.368768079534323
Peve,909,-0.41756565360847303,-0.34540852177085896,0.3955315222582727
Peve,910,-0.29203062199327123,-0.2277695681341685,0.7726050081891872
Peve,911,-0.30505155852989924,-0.3061836713827438,0.7788211794463092
Peve,912,-0.34043408570010164,-0.260487478974038,0.7482373480159993
Peve,913,-0.2829436320841281,-0.21525407880507513,0.8015013421418018
Peve,914,-0.15092041383230725,-0.06202007547360413,2.992567672579304
Peve,915,-0.27087348934539923,-0.27795070709609204,0.7367382152336011
Peve,916,-0.3102006047850005,-0.2633452364651448,0.4437146564122177
Peve,917,-0.21933513750771924,-0.18565640609827355,-10.854944978342237
Peve,918,-0.31707682446422414,-0.2788378921216255,2.044326056676195
Peve,919,-0.40523244074746184,-0.35435174634751676,-0.11149256702889246
Peve,920,-0.33982210541327534,-0.2886295990973546,1.480367181274589
Peve,921,-0.3586734905727604,-0.34795894911506986,0.43840661872270076
Peve,922,-0.37613031051451473,-0.4086406889569911,1.2463387812392126
Peve,923,-0.2967928851610267,-0.30061577642365506,2.876788346849728
Peve,924,-0.3110543533490729,-0.28179705352457723,1.0913667892169536
Peve,925,-0.2530591353980744,-0.355905942237479,1.1471282684118245
Peve,926,-0.41854724352043915,-0.41670035560461927,0.32102956168074004
Peve,927,-0.3924374323015668,-0.3203743034380145,-0.18510260735478412
Peve,928,-0.3894054102398953,-0.42807540517716813,0.6803289237660245
Peve,929,-0.201823549187644,-0.16418217906626162,3.7154985456871192
Peve,930,-0.27752138397818144,-0.2537939113351789,0.8217985299946041
Peve,931,-0.17187067375035148,-0.12477533264225306,0.7581084640034312
Peve,932,-0.38424159961509396,-0.27965709127514254,0.9154587937629426
Peve,933,-0.3585069170619825,-0.303481592011242,0.7988293073559959
Peve,934,-0.31133434850439784,-0.2855614474238484,0.885335151254972
Peve,935,-0.3030694272077712,-0.15194868387766605,-10.462123007408309
Peve,936,-0.3851252707404051,-0.33099915760088666,1.10316548989798
Peve,937,-0.35207450156009645,-0.22337197574045167,0.1555343243714431
Peve,938,-0.12244391690091827,-0.2770326427611104,1.4972243144233992
Peve,939,-0.2814216194132067,-0.29030981658371163,-0.0015557652593377873
Peve,940,-0.35908273570778837,-0.2998146936927297,0.5734798869572263
Peve,941,-0.25399512999730256,-0.3555016521232019,2.579939797095364
Peve,942,-0.2641805953160548,-0.20688079918580027,8.194236852502483
Peve,943,-0.2822712025029524,-0.27401472112137115,0.9684379325999023
Peve,944,-0.13771205798291522,-0.13552362346028266,-6.864421092191194
Peve,945,-0.17941735462684844,-0.17338110407547783,0.5614193072768459
Peve,946,-0.33621007727697366,-0.2703495632704609,0.3573555798654689
Peve,947,-0.3606302941028774,-0.31245664170197185,1.9016831033479398
Peve,948,-0.31872632930767186,-0.3352186851966089,3.45031257755677
Peve,949,-0.23635744741058057,-0.11030416756899059,0.8004672274280086
Peve,950,-0.31287143688308183,-0.2884166366840073,1.2215272649007094
Peve,951,-0.19675081534902636,-0.28038719190683675,4.950897850304559
Peve,952,-0.3578594162188544,-0.28789960576724766,-14.003203103081322
Peve,953,-0.30627522535569374,-0.2738325609149547,0.8325505583173878
Peve,954,-0.2614418853310343,-0.3156368876527723,5.685249771012396
Peve,955,-0.20209447348625934,-0.2105980717504422,1.500212290915615
Peve,956,-0.40345492980520187,-0.25815928901001545,1.7243898137434173
Peve,957,-0.2844620838715386,-0.19821089577862,0.5041998987212427
Peve,958,-0.3879351303530967,-0.3515648695612588,0.07952969952313267
Peve,959,-0.38700984390870163,-0.33951900543875557,-0.3263788637711072
Peve,960,-0.24515057380926977,-0.30834497439247993,0.35807250416242464
Peve,961,-0.3283368250479843,-0.3643504182818211,0.8176418369574903
Peve,962,-0.25784735915704865,-0.32974940388549506,11.627449560605937
Peve,963,-0.4706418876945539,-0.3667805566560067,-0.07003932649321509
Peve,964,-0.3324102433910362,-0.29059141711987735,0.7530282050355471
Peve,965,-0.36226520410073954,-0.260523084517659,1.9000012629776635
Peve,966,-0.2684444410849841,-0.23817152425544078,0.5334414080241785
Peve,967,-0.3379174145381033,-0.2197394513490735,1.3082992483060611
Peve,968,-0.05397283898416237,-0.20313918159000588,3.406989946340239
Peve,969,-0.32499998943042374,-0.2823412686797045,2.8683528025942113
Peve,970,-0.31862953087774487,-0.1895690863294798,0.9526665915068373
Peve,971,-0.3393148483301763,-0.28757959815767464,0.5250601248597607
Peve,972,-0.23256865537531934,-0.16953136078215136,-19.477643193877995
Peve,973,-0.35847213498827385,-0.32922942822469703,0.06231349821091356
Peve,974,-0.33412594168771637,-0.3017016064326572,0.8777118672148653
Peve,975,-0.2292058400094516,-0.2923181095131357,6.982755260494385
Peve,976,-0.309603140360666,-0.24454255496135957,2.1672719825424864
Peve,977,-0.39921264671627077,-0.3871903159926706,0.8350944270488694
Peve,978,-0.2075552034972542,-0.10246244478777766,-15.442850751271363
Peve,979,-0.2900156508034077,-0.17935047295266587,22.77922179634617
Peve,980,-0.2787803048660558,-0.32623616626244223,0.40877749719037754
Peve,981,-0.2292024111585988,-0.12659078819226505,0.8454255968083862
Peve,982,-0.2922849321257068,-0.21011231296340085,1.1371130744028426
Peve,983,-0.32472103008986264,-0.35473124610718165,1.3274769998650133
Peve,984,-0.32750223944594903,-0.23063261372837618,0.05501304008270668
Peve,985,-0.38837458650405055,-0.4200767087607256,1.3791133660344848
Peve,986,-0.2762485126333775,-0.23883784547591536,2.3346945771184715
Peve,987,-0.41510715357676725,-0.2565584367295235,0.24359539800301933
Peve,988,-0.317450674895451,-0.323655237727667,0.3349650636294223
Peve,989,-0.35529267481696,-0.3003488156207115,0.8697617929710506
Peve,990,-0.32606846574792375,-0.252798631094393,0.45361630025017424
Peve,991,-0.2868242108923997,-0.28335086303198487,3.8945195073707444
Peve,992,-0.27716108654384575,-0.3827690069794438,85.56876086653872
Peve,993,-0.291512107558735,-0.26058181687065807,0.1138864516738331
Peve,994,-0.3220530822354848,-0.35334362481924714,3.1956226565076453
Peve,995,-0.2485565243701218,-0.16987192294742956,-64.06432119474532
Peve,996,-0.12750255792185203,-0.021964096336112432,-2.5390505509958645
Peve,997,-0.39347873920800464,-0.3029642495343651,0.09903169600328142
Peve,998,-0.26328850932503,-0.13972970156365894,2.0537702690464443
Peve,999,-0.18901540433516334,-0.2130366243231975,11.519022118090529
Peve,1000,-0.11163355592731528,-0.15733263277822357,-5.754002191957704
Peve,1001,-0.35037731713695386,-0.3586175603069224,0.9903869533211402
Peve,1002,-0.3549055302522755,-0.3375875505659642,0.701665590816939
Peve,1003,-0.3460265328225976,-0.2943763136923891,0.07991119407299997
Peve,1004,-0.3275826021102652,-0.2958940921793355,12.555473418166041
Peve,1005,-0.3455645565293766,-0.3398141092932179,1.9194864769899427
Peve,1006,-0.35703771498197734,-0.2733254230414889,0.7810281450009664
Peve,1007,-0.39188418210176573,-0.3705269544323096,0.2550375073742456
Peve,1008,-0.34014684939553713,-0.24505467233579936,0.9805903893710919
Peve,1009,-0.4185693296121693,-0.28720752181267506,0.5266150121470359
Peve,1010,-0.41609812786118944,-0.2851586485703313,0.2125636630285428
Peve,1011,-0.3140575874449395,-0.19904946392363979,2.561369904058046
Peve,1012,-0.35341268590504665,-0.32248929783903585,8.95163547132381
Peve,1013,-0.15435331684654874,-0.08001198600934592,1.35229144345911
Peve,1014,-0.3226541408752614,-0.34195291375840786,7.551086082063848
Peve,1015,-0.2750568494730876,-0.26621250121889345,5.455879014065689
Peve,1016,-0.05529545371871626,0.04110056307947341,-0.12543862235794825
Peve,1017,-0.3522713360577586,-0.20183222042847573,0.4813988430479578
Peve,1018,-0.22007091472874704,-0.2642700244695968,0.5837242915100483
Peve,1019,-0.28645717916693725,-0.27990701538790924,2.4720985899877563
Peve,1020,-0.37778942571236424,-0.26417764368204777,0.26507793489141906
Peve,1021,-0.30344500450893014,-0.3007903343350054,0.5537620123334646
Peve,1022,-0.28749195223605534,-0.3272118655677537,7.923875916169584
Peve,1023,-0.36843311156488445,-0.19327693820915146,0.11040425773911527
Peve,1024,-0.2720850927616237,-0.23556447464044544,2.2949221860571662
Peve,1025,-0.410741803238766,-0.39917626734339523,2.8810500867102338
Peve,1026,-0.2977723884073813,-0.26368615292083064,0.7397570697917406
Peve,1027,-0.30012626489671773,-0.2745275449302721,1.851658570275776
Peve,1028,-0.14925369201850083,-0.2702647717761707,1.0431497529590321
Peve,1029,-0.2640837634750476,-0.22862081069865176,1.3006440469838352
Peve,1030,-0.437924199262952,-0.35519154082406584,-0.30484975940641507
Peve,1031,-0.33990772431299965,-0.31848009879525563,0.43619865587663387
Peve,1032,-0.32881155150330565,-0.257975330755597,0.5888336541652347
Peve,1033,-0.37925825983768147,-0.34182173665557136,-0.18384304331931367
Peve,1034,-0.4485938243154847,-0.3194060937169862,0.18241184441989283
Peve,1035,-0.3782244169724012,-0.22699795700303538,0.48844284197405174
Peve,1036,-0.4259369393578634,-0.37632697018081784,-0.15060755140900733
Peve,1037,-0.2984674030596882,-0.34902091150582143,-0.0165578766056628
Peve,1038,-0.4228141894271927,-0.3376822931644756,0.6910047666342688
Peve,1039,-0.1873610266822016,-0.16457699767388712,-53.150902364889994
Peve,1040,-0.4383219656243479,-0.41008955833218935,0.7069543329005333
Peve,1041,-0.31454934848585625,-0.3531550133401807,0.8863249626759735
Peve,1042,-0.2801187291476057,-0.27829219017525914,0.7327178676581463
Peve,1043,-0.2213155778781407,-0.1561963220517739,0.8875302333739118
Peve,1044,-0.27893596904024975,-0.31492359992773555,1.483809847069479
Peve,1045,-0.3182034624326991,-0.31393236126475693,-104.74749694496496
Peve,1046,-0.3313864509462962,-0.33741718455666847,0.7673107382159589
Peve,1047,-0.2910881434782567,-0.22185459408999628,2.042183631859143
Peve,1048,-0.31482934137261215,-0.2990815271153491,1.9156112096960358
Peve,1049,-0.36400590736927707,-0.18702337474669217,0.956281721720443
Peve,1050,-0.39739038252605413,-0.37656739342872614,2.085944685234865
Peve,1051,-0.37394818325875284,-0.3306386686327671,2.3885933683352096
Peve,1052,-0.25452819220347583,-0.17524342705965273,1.6545020877210548
Peve,1053,-0.41484123495215536,-0.358060141361639,0.17608483226289573
Peve,1054,-0.24920230891234074,-0.2811114732433666,0.010677385289909972
Peve,1055,-0.3345925374476999,-0.2767822930348049,0.9428112637879404
Peve,1056,-0.30107539822129864,-0.12130993922983804,1.6172336274635504
Peve,1057,-0.3313133832465882,-0.24688336948725534,1.1881258429378196
Peve,1058,-0.3277038787383525,-0.24265538558111877,1.5182906755143495
Peve,1059,-0.2960311649132389,-0.33035073493048694,0.33961746760201894
Peve,1060,-0.2683555891241341,-0.31965635423291006,0.474878885725156
Peve,1061,-0.34484393616893516,-0.27669483432372294,1.7255644704387145
Peve,1062,-0.24405497959150824,-0.185115136445544,0.6868539205709905
Peve,1063,-0.3344235491733045,-0.2543670291731388,0.3870732147778118
Peve,1064,-0.467736375319549,-0.45696571696433574,0.321143224409926
Peve,1065,-0.1635603249351282,-0.19196508357372288,1.3690331638215893
Peve,1066,-0.31917725556841076,-0.1976889386839175,0.3446453806885811
Peve,1067,-0.3670714402502388,-0.3675400324779251,3.494741693407297
Peve,1068,-0.37702291636178314,-0.17559136582666965,1.7826562558715962
Peve,1069,-0.2597061374182388,-0.2084526412081495,0.5865208758648216
Peve,1070,-0.20648886971095398,-0.15978756877254624,-3.228459211587176
Peve,1071,-0.3662352212298687,-0.34464651041774713,0.37484772639687086
Peve,1072,-0.2405679633361511,-0.25113581190948914,1.3547458882525805
Peve,1073,-0.2642328290212961,-0.28764956295490246,-0.12264239136111195
Peve,1074,-0.31277309460088343,-0.40001012676559256,5.168115995517775
Peve,1075,-0.210840815454056,-0.2459607280109765,0.7711281201435848
Peve,1076,-0.31625965888779817,-0.24527706510155392,0.5653481426522329
Peve,1077,-0.29669348773893933,-0.31593412693433004,1.8761066654234606
Peve,1078,-0.31087414465368696,-0.330833108311,1.2965445527587975
Peve,1079,-0.3690314823321503,-0.33348313750001646,6.0510210928830395
Peve,1080,-0.4179522814457897,-0.3563206311227124,-0.14859476640614044
Peve,1081,-0.3249846286899099,-0.20672544485499855,1.319152442352455
Peve,1082,-0.40490558322749787,-0.3081349826175751,0.20907373922973443
Peve,1083,-0.2796216440005238,-0.2049150428956667,5.546022982199145
Peve,1084,-0.08462057531811354,-0.1741135664190679,3.5968483729705927
Peve,1085,-0.2736764714528868,-0.29934975365777056,1.658085539924618
Peve,1086,-0.24849483414807122,-0.24024334575128986,0.8607917693799201
Peve,1087,-0.23046742631738276,-0.15049684507356814,0.17641175830071282
Peve,1088,-0.1414372213243756,-0.1674181173460345,0.8940607493055365
Peve,1089,-0.20199004627169967,0.1002442141094524,-0.3855708548788288
Peve,1090,-0.2590518736397864,-0.27716705552802007,1.2709656075831302
Peve,1091,-0.2702841892986762,-0.20296234976826216,4.335520844554341
Peve,1092,-0.26959989579623034,-0.2151560238021442,-3.601280176985759
Peve,1093,-0.3326598521613493,-0.2842425823717431,9.042406305764969
Peve,1094,-0.384680266512605,-0.11910033509651959,11.282206929710853
Peve,1095,-0.23390853920593072,-0.16069035556717307,1.8365835823784824
Peve,1096,-0.4459213113131163,-0.35270875433236154,-0.03580411072752315
Peve,1097,-0.2606414339156224,-0.15254233500670453,1.6066579719654992
Peve,1098,-0.21236805245015292,-0.25075066848122807,9.298702514177434
Peve,1099,-0.44958239887205104,-0.3038521389045565,-0.041059094779895756
Peve,1100,-0.2854204225862446,-0.35489337579334823,1.063548049614157
Peve,1101,-0.28064362388734776,-0.08614255241772353,1.4047043118882423
Peve,1102,-0.3011759240173717,-0.25678112895669986,1.3161289650462797
Peve,1103,-0.43324479353381906,-0.36979708082267,0.045974695936360256
Peve,1104,-0.29166004300156206,-0.12720406823420688,0.8158185640180476
Peve,1105,-0.3037327406027659,-0.31172064283699213,1.2092616772018712
Peve,1106,-0.12030495471710892,-0.12992456538968875,1.2766721617690606
Peve,1107,-0.36478268458167407,-0.34464208447711697,-9.507159823142553
Peve,1108,-0.29833556236033254,-0.18058661691844835,1.1246254051749647
Peve,1109,-0.2988919755195697,-0.21347695916866136,1.2129446572699025
Peve,1110,-0.3434391596022075,-0.22131977384951365,0.8144802381870482
Peve,1111,-0.4376129178662571,-0.33887606400149084,0.5118148493486684
Peve,1112,-0.397792174497101,-0.36690989567793497,3.819049558488329
Peve,1113,-0.24710652923354376,-0.13285108339071017,2.126753657407819
Peve,1114,-0.36957789752528186,-0.2209377498004311,6.101226857533486
Peve,1115,-0.30380816974765507,-0.2768896350673435,0.984920253404985
Peve,1116,-0.29676367213471433,-0.3051673124034278,1.5097612884201215
Peve,1117,-0.3516357559611302,-0.2724616893377063,0.08204499623071365
Peve,1118,-0.35269956299005456,-0.3835651965490688,3.9523316292210766
Peve,1119,-0.30775260450986036,-0.2396725902637298,0.6152622646718094
Peve,1120,-0.24582133020173594,-0.14597737438960154,0.27080964369490557
Peve,1121,-0.4350170333838902,-0.332315254241956,-0.1492781499291179
Peve,1122,-0.28227519261793904,-0.39416014256133053,1.4348423816891285
Peve,1123,-0.2488832753412443,-0.16075708812760853,2.604179186329638
Peve,1124,-0.27870337192870914,-0.23725317741443555,0.50694980740574
Peve,1125,-0.3376195617001177,-0.2594831309032188,0.06356794815380151
Peve,1126,-0.18135690577428737,-0.20516687624206198,0.7665807146018112
Peve,1127,-0.3552133653796652,-0.25796181167482607,0.5787878146535885
Peve,1128,-0.2587815605373098,-0.25316810026226605,8.41160981800212
Peve,1129,-0.43919699184642336,-0.36934528802792094,-0.15211324480800217
Peve,1130,-0.2529881966960621,-0.28778747290111695,0.8441282251723121
Peve,1131,-0.42131351781231263,-0.4111541690502262,0.007503253506437535
Peve,1132,-0.3156989903189185,-0.20191979759297032,0.5737616498851522
Peve,1133,-0.37463038412177463,-0.37737735035976316,0.5593810112414652
Peve,1134,-0.16032301799304555,-0.1993939433209904,5.115819768196861
Peve,1135,-0.22211860312909132,-0.21677854936297594,0.5136023676609672
Peve,1136,-0.24043911121770578,-0.22805597507639078,3.133044820239671
Peve,1137,-0.26717947681614623,-0.2019375737108635,1.4238215026667838
Peve,1138,-0.35477832072706017,-0.34320591532629,1.681450615442595
Peve,1139,-0.3510638999606755,-0.3351042609903197,8.394067366609345
Peve,1140,-0.32054411704658314,-0.2884915629647132,0.20123755598757403
Peve,1141,-0.3489999234951526,-0.2629703107629494,0.7829060279005616
Peve,1142,-0.254841752834949,-0.21716658614059198,0.2070552157333646
Peve,1143,-0.3858888035072927,-0.32400855552817975,1.5713252135649196
Peve,1144,-0.2541905200781207,-0.22898104534807012,3.120444258741149
Peve,1145,-0.37039099676458004,-0.2107797884429679,0.4072661084573819
Peve,1146,-0.2500416007556723,-0.2670943326048031,1.1798777112348593
Peve,1147,-0.2128221431573194,-0.20959261464896686,2.3284843363280925
Peve,1148,-0.2997978623862495,-0.1969839488584283,0.45230629746104206
Peve,1149,-0.21604447182940842,-0.2414561347505401,-9.503454833777383
Peve,1150,-0.39270945416652264,-0.30973577820777465,0.3454230723994427
Peve,1151,-0.38324968395971526,-0.3710318061060073,0.3924543241613673
Peve,1152,-0.46914434604561317,-0.39227251233748595,-0.2121335815781283
Peve,1153,-0.21730104893899932,-0.19439848700057774,0.7144373708121312
Peve,1154,-0.3170288721540226,-0.2505514476119732,1.0418276919862248
Peve,1155,-0.42508965542159755,-0.2842290285909836,-0.1314061810517843
Peve,1156,-0.25806158567241544,-0.11997553864033367,0.5733945354118226
Peve,1157,-0.23778927472975492,-0.24715408288826848,-5.877343975104403
Peve,1158,-0.2899274551674096,-0.3641007058360556,0.5607155019269615
Peve,1159,-0.23463881273613243,-0.19422192031494728,1.4928313710458188
Peve,1160,-0.3266782160743515,-0.270740261934388,1.9511458143541032
Peve,1161,-0.30742467583976957,-0.3055236887446033,1.0441875319788538
Peve,1162,-0.2090994975402472,-0.17002763324514514,1.1725022876240334
Peve,1163,-0.33884705167594575,-0.31676164166595205,0.6408738642771531
Peve,1164,-0.20511293698877398,-0.0727317791851977,0.29109072243298406
Peve,1165,-0.336210077276965,-0.2703495632704644,0.3573555798654731
Peve,1166,-0.1232928312001959,0.014680173336902979,-0.08119754666495757
Peve,1167,-0.4655713122376913,-0.421259682863955,-0.29805174524302286
Peve,1168,-0.3175515043304431,-0.30019638077322447,0.1746350670567316
Peve,1169,-0.37817468003273,-0.30600652560719876,0.408525993815124
Peve,1170,0.06878431982265355,0.06317212816978528,0.6902485742911466
Peve,1171,-0.4071448603748122,-0.4149586534751075,0.9715206331462126
Peve,1172,-0.1565296326900747,-0.11043262589135626,3.9538109234555256
Peve,1173,-0.35654442318997964,-0.28376083877421876,3.3397262580283846
Peve,1174,-0.4678138631792941,-0.4023100813575735,-0.29745707561773
Peve,1175,-0.294121956966264,-0.3983356409497073,1.2311656497197214
Peve,1176,-0.34701063172867824,-0.27484941944891866,0.9401198982264777
Peve,1177,-0.04988699869979515,-0.1200145567002465,-7.934086969142016
Peve,1178,-0.2862612560737441,-0.307995676809656,1.8795102737661011
Peve,1179,-0.41742219138870057,-0.39917190585569257,0.34535341669364783
Peve,1180,-0.2369046847394848,-0.20797248180435085,1.2790178617457042
Peve,1181,-0.3501280203112662,-0.3018339406367415,0.5607643786039871
Peve,1182,-0.41001348329183807,-0.3578957875905468,-0.06119454945207622
Peve,1183,-0.2249096854482594,-0.11821949336967734,0.8408206040783622
Peve,1184,-0.22411287234877064,-0.21019997501655538,-26.65434630040685
Peve,1185,-0.3844487234027394,-0.4126086711115894,-0.08067019498059759
Peve,1186,-0.2510973352802592,-0.27701594886278524,1.2217974448053501
Peve,1187,-0.35227133605777294,-0.2018322204284891,0.48139884304802427
Peve,1188,-0.4058688020781985,-0.39979660173019815,-0.13226618647169106
Peve,1189,-0.2920024377639183,-0.2831973348661765,2.6456912850481396
Peve,1190,-0.40224646417836507,-0.2971887494369124,0.24511603003425483
Peve,1191,-0.3109181555194411,-0.3054147222472341,0.6027171595139287
Peve,1192,-0.3215449310892973,-0.32977285246115234,2.646514412206826
Peve,1193,-0.3385698414333796,-0.21975109481099153,-19.425036870877882
Peve,1194,-0.301134078455418,-0.23736289090460846,0.764645943839739
Peve,1195,-0.13044706183313665,-0.14480158762786047,1.7635208471549446
Peve,1196,-0.28658877958018186,-0.2614833577689951,0.37893738033912794
Peve,1197,-0.22146744053786194,-0.22573948813905395,0.40219155181438243
Peve,1198,-0.23757129780006267,-0.203554507179655,5.774067642295016
Peve,1199,-0.28544808018771883,-0.17721102225925195,0.7022280747889742
Peve,1200,-0.30721448580621236,-0.2624189576839866,1.0486332693469278
Peve,1201,-0.22465154041615432,-0.1971800292405485,0.8093751055250111
Peve,1202,-0.3159662574242166,-0.32362050995355385,3.312288949169596
Peve,1203,-0.2007983633715047,-0.2536388423171368,3.015582284337037
Peve,1204,-0.3308634690952428,-0.24870244813555578,0.7901877462212584
Peve,1205,-0.26987487886984446,-0.23635838958287989,1.12606167730592
Peve,1206,-0.454878804481988,-0.39628508619985875,-0.19999207219755838
Peve,1207,-0.35356612004640375,-0.3723442746056793,0.19880429659013177
Peve,1208,-0.23197103799100938,-0.2107481039726823,0.8147885242826394
Peve,1209,-0.15768729999525413,-0.27822021062574337,14.931128609285897
Peve,1210,-0.18589478189003547,-0.26347411219346817,1.5588913419997719
Peve,1211,-0.26016174023386474,-0.2017712325427504,1.310753087331752
Peve,1212,-0.06674094653218794,-0.2088055173524294,1.9010785020872298
Peve,1213,-0.3535146331583659,-0.2756333769519864,0.6960707924911641
Peve,1214,-0.4128737197027422,-0.3329809738468531,-0.17875749310869726
Peve,1215,-0.3431142160420561,-0.34070849721489943,7.5818697368108
Peve,1216,-0.33215660511142564,-0.32536876395257375,1.8516135913664413
Peve,1217,-0.3757705263992566,-0.3130808468486345,-0.28798501430581114
Peve,1218,-0.35832058390528937,-0.3005683770535968,6.8251445705992175
Peve,1219,-0.05253973091154327,-0.03015119476913973,2.6300081480333546
Peve,1220,-0.32153394750119335,-0.2364262925754568,1.0320668985473211
Peve,1221,-0.30442116690304216,-0.17571062754323744,1.3976507490635417
Peve,1222,-0.3448439361689344,-0.2766948343237172,1.7255644704387816
Peve,1223,-0.41845180862036063,-0.36988966666543005,-6.153141174297562
Peve,1224,-0.1468138486601994,-0.15493395682789274,4.114365892727266
Peve,1225,-0.45602802748247273,-0.41153847370600855,0.36141930571527764
Peve,1226,-0.2579028935628728,-0.3103417680834783,3.518567775170699
Peve,1227,-0.25461444470828726,-0.34206445688137826,2.8291727335454273
Peve,1228,-0.19613398655264339,-0.31590826638284836,0.5931930195333804
Peve,1229,-0.227530102974579,-0.20112748231122327,0.8602455380263079
Peve,1230,-0.3689377997600706,-0.3101520756322683,0.6223882642726933
Peve,1231,-0.3629356779176534,-0.3406185743226817,0.9196477195116644
Peve,1232,-0.31074246094398134,-0.23447810366661784,-36.48589376494454
Peve,1233,-0.3338228979179899,-0.24523582493487803,-0.20559676284317213
Peve,1234,-0.3980764703266927,-0.3007198530433585,-0.25417397079713133
Peve,1235,0.04082061277227151,-0.07865612043115545,-2.100359314100065
Peve,1236,-0.3826881747287433,-0.2859358229132162,0.8865584114951263
Peve,1237,-0.30627992859236025,-0.2345816811184731,1.2995428418880295
Peve,1238,-0.3041318245093254,-0.31038102699300796,4.270541147490132
Peve,1239,-0.37392733783416804,-0.3347136648272615,1.6664888737776473
Peve,1240,-0.3122321690500024,-0.2538889627752368,0.7284143464956042
Peve,1241,-0.20454985834605377,-0.20314067941378508,1.580024216046128
Peve,1242,-0.3239678971032956,-0.25432121457648604,1.2235940141654764
Peve,1243,-0.25958997105967613,-0.18333037694594168,0.6958972037903481
Peve,1244,-0.17746304810173627,-0.18164947117447788,0.24106347472357395
Peve,1245,-0.2362298062613758,-0.12002058398115235,1.3752760941891946
Peve,1246,-0.20791935927042274,-0.23597567787015788,0.6179441837330377
Peve,1247,-0.36067102188587824,-0.34389512882692025,0.7374004292508657
Peve,1248,-0.38604369552244494,-0.32708929858215646,0.48149890603816536
Peve,1249,-0.41763935318237844,-0.38645233301601023,2.016985099046742
Peve,1250,-0.31659895555445555,-0.2873157166294681,-7.27430904924567
Peve,1251,-0.20159365631390075,-0.20022150744401654,0.4935250949341857
Peve,1252,-0.45209881364866317,-0.3710867436164492,1.0417547275510164
Peve,1253,-0.26065523010575525,-0.2423191630794922,0.5181278959336002
Peve,1254,-0.4268839504767047,-0.2520945841707171,0.9297056925918711
Peve,1255,-0.2580615856724121,-0.11997553864033168,0.5733945354118233
Peve,1256,-0.4752906721442655,-0.4031057763843842,-0.03406380293687161
Peve,1257,-0.2019994207545564,-0.12831644744436488,1.165940896691285
Peve,1258,-0.4087473283331041,-0.24612948133348012,0.7806674851707711
Peve,1259,-0.31914303848098086,-0.3065788308645937,0.7964892711363946
Peve,1260,-0.46723852674308014,-0.39785331672508456,0.33839651492096445
Peve,1261,-0.2593738769932065,-0.14808502608669333,-6.13599623401993
Peve,1262,-0.32938704699458543,-0.27488689087762397,0.7042315072546113
Peve,1263,-0.32054894796740724,-0.22182162800117447,0.7779157473911956
Peve,1264,-0.23716191570561268,-0.2669424622797387,0.6290422471639238
Peve,1265,-0.2589331077416121,-0.18834022041092413,2.144736134055776
Peve,1266,-0.3058982877581889,-0.26278094528859464,-0.2280116024881247
Peve,1267,-0.3880751318101158,-0.2964722699224734,2.7059353821180205
Peve,1268,-0.2999659390586737,-0.2873660273098299,2.4600172171847743
Peve,1269,-0.2757040262161782,-0.17899741378854017,-6.379302972228282
Peve,1270,-0.2208626364255126,-0.20146731780494595,2.5395871305228077
Peve,1271,-0.20672207348744612,-0.27047077149643844,1.1271048659115215
Peve,1272,-0.30235428122039143,-0.262665429569093,2.7879058319373824
Peve,1273,-0.3271205289491613,-0.36745575705768807,-0.05934604082777706
Peve,1274,-0.4056254686751562,-0.37471128723818203,-0.09966274737533512
Peve,1275,-0.26490643022847377,-0.1448876163442402,-7.971922187407268
Peve,1276,-0.3227626806669877,-0.19380096441875794,-7.838032075174684
Peve,1277,-0.3147841664711634,-0.25440108535258643,1.0006749031351834
Peve,1278,-0.3124833609385218,-0.30063043677089946,0.19119823811405431
Peve,1279,-0.36871066893344373,-0.2892484044190147,0.7016909984971647
Peve,1280,-0.23188957715718536,-0.1626935947215241,1.0026915807307073
Peve,1281,-0.2995223234076284,-0.23959828522748025,3.2619238590156288
Peve,1282,-0.2890017175397156,-0.2015525365683522,6.775396381531742
Peve,1283,-0.4095498765192415,-0.35462971157351086,1.0711141624499805
Peve,1284,-0.23074322125333427,-0.20150209528674082,1.5541977632769395
Peve,1285,-0.3379354856814199,-0.25315121319328426,0.7446587434425389
Peve,1286,-0.3408551464003259,-0.3923143454794771,0.9297713257628701
Peve,1287,-0.542131803022828,-0.28503870545403,-0.1860491960299169
Peve,1288,-0.2842267046462223,-0.2547122639642897,25.289701257888225
Peve,1289,-0.20474338065164405,-0.2001303113367292,0.7101984373017082
Peve,1290,-0.4153219470248765,-0.3796730718296288,-0.10718233474180386
Peve,1291,-0.2655858905858569,-0.1840971149698124,1.9308525800771057
Peve,1292,-0.3043281549079258,-0.2609785755470326,2.5299656009609084
Peve,1293,-0.18162978493129445,-0.13753413646445906,1.3985400501713001
Peve,1294,-0.4816129238613917,-0.42740253517936644,-0.04713831441132445
Peve,1295,-0.329922234933589,-0.28978006788842414,5.203185963798116
Peve,1296,-0.3798251554688184,-0.398184422561493,1.7172065376814625
Peve,1297,-0.32157861678074756,-0.34549821950430876,2.2902664036667266
Peve,1298,-0.0062537829397800344,-0.13689924838179096,4.591531794612171
Peve,1299,-0.3278221831790181,-0.3135189879957958,0.5686368821605668
Peve,1300,-0.4645789128385743,-0.39245128970480475,0.7006620077521208
Peve,1301,-0.38831637813024683,-0.33642489341157095,-0.19520918009187252
Peve,1302,-0.4622578394107212,-0.4094307344235606,-0.053965968479705466
Peve,1303,-0.4456106665111474,-0.34978231920868624,-0.07474068525034841
Peve,1304,-0.3583205839052772,-0.3005683770536142,6.825144570595714
Peve,1305,-0.274965710949899,-0.23000653932279527,4.217892375915534
Peve,1306,-0.26815587764259824,-0.25910696958400603,2.691585214478037
Peve,1307,-0.3182034624326972,-0.31393236126475305,-104.74749694480606
Peve,1308,-0.1583647658815724,-0.25531898860030594,0.9559446617167019
Peve,1309,-0.3884920798162578,-0.27129670249346644,-0.20755544989607957
Peve,1310,-0.1742135749992532,-0.17264508684181074,2.6715875492647494
Peve,1311,-0.344844549537646,-0.2810766395201994,1.0490162626423856
Peve,1312,-0.3166862599319498,-0.25002650873391713,0.9541909265962106
Peve,1313,-0.36088963898915677,-0.3649486468095109,1.3075915084063705
Peve,1314,-0.19975940812191229,-0.29898794134918255,0.6752260963219034
Peve,1315,-0.3910939072163516,-0.22664167533970334,0.06952046864456804
Peve,1316,-0.33867438296317903,-0.15807621411285827,2.484930872396742
Peve,1317,-0.30321594889085,-0.27909533433114114,1.3702843289539195
Peve,1318,-0.3147517394320064,-0.19130847901512626,0.2890116078959031
Peve,1319,-0.2727423847534388,-0.20853677282278385,0.9469175662459206
Peve,1320,-0.23213144755315374,-0.20026170983323774,5.0736482138803485
Peve,1321,-0.37693524130017153,-0.23645991413223466,0.3892548790973736
Peve,1322,-0.3082968051281483,-0.3265711081902174,0.9123705959521743
Peve,1323,-0.2770672562002954,-0.20779343310301931,3.147078971932843
Peve,1324,-0.3820395423832516,-0.3954650030068449,1.5878840564804757
Peve,1325,-0.38349783775920965,-0.3109759280663747,4.7272049173005835
Peve,1326,-0.2688578871525196,-0.1807741981883772,0.954886351918225
Peve,1327,-0.3044077553351204,-0.28023983948472597,1.9904176590609535
Peve,1328,-0.321405756862351,-0.29530588282767634,1.1738075305076068
Peve,1329,-0.3186833482083325,-0.33409165077683795,1.1824471140546011
Peve,1330,-0.2540009439788648,-0.265509147135321,-5.2611113784079135
Peve,1331,-0.41066885149113214,-0.35960373676402263,-0.03904007550677323
Peve,1332,-0.343604825181975,-0.3186054536572527,0.24421498136982747
Peve,1333,-0.3692697385443499,-0.3517788604994352,-0.06488562599538833
Peve,1334,-0.35393507777495586,-0.34298441634256277,0.5326975795393222
Peve,1335,-0.3577819399638388,-0.3170182303905535,1.6166655859936208
Peve,1336,-0.3996485758561981,-0.38489177566692084,2.1855753067468267
Peve,1337,-0.420163592537594,-0.24351323062805064,0.1705947935223911
Peve,1338,-0.2716287500289025,-0.14056143756531386,0.6068716652048631
Peve,1339,-0.2720783282904894,-0.23615676919881767,0.7393698800575856
Peve,1340,-0.33443083894302494,-0.23504555437453328,10.587440887890642
Peve,1341,-0.37523195878322674,-0.28385190722996645,0.013349565885735357
Peve,1342,-0.28191672720270033,-0.28915679305645925,0.640023724237934
Peve,1343,-0.36624300928484516,-0.2829246031207805,1.6330328098495956
Peve,1344,-0.2813971070786789,-0.24192598034657484,7.603428764724715
Peve,1345,-0.36835939360894177,-0.3186731482207805,1.5622330689826043
Peve,1346,-0.2916226130373951,-0.30791399133826025,1.727298905145867
Peve,1347,-0.4122032056862459,-0.37445909951072986,0.6177406360632383
Peve,1348,-0.24791396312650513,-0.30976335092916063,1.5422585858251687
Peve,1349,0.12637614274981337,0.07850299681524367,0.46879909805553194
Peve,1350,-0.3415793943997149,-0.2557268992136966,0.4620192337208568
Peve,1351,-0.35478638167737686,-0.21070736849120397,37.44223900554259
Peve,1352,-0.21905168365975028,-0.17958385304363872,0.31302128838357707
Peve,1353,-0.327945908727445,-0.21367374056206193,-7.349613803236341
Peve,1354,-0.37691431465174335,-0.3974719104059902,0.021624651188142743
Peve,1355,-0.41181253257205724,-0.2614046698905547,0.28321565220518363
Peve,1356,-0.4447085477384217,-0.3883688361223131,0.19442628400504905
Peve,1357,-0.04982536626006297,0.10764316569646606,6.238604698425254
Peve,1358,-0.39944846689003105,-0.28784310082824877,0.03128666630033935
Peve,1359,-0.45061289787688874,-0.3897872333672184,-0.14831962689729541
Peve,1360,-0.2567053462891843,-0.28385089246780953,2.2293337754685645
Peve,1361,-0.29537660146397815,-0.1678291345261513,7.367135131611156
Peve,1362,-0.3924211105648617,-0.392376501832773,0.2058480417200947
Peve,1363,-0.3199007052133769,-0.23415251349367128,0.9950284049998548
Peve,1364,-0.392226670161789,-0.38586686419009053,-0.22065940557123306
Peve,1365,-0.34469362096682676,-0.2817089895156411,0.1438753934419407
Peve,1366,-0.42749547089882667,-0.32606655971074844,1.3442315343843816
Peve,1367,-0.25784735915704626,-0.32974940388548846,11.627449560604202
Peve,1368,-0.1844450774473248,-0.2822801526562206,-9.634496692692526
Peve,1369,-0.011269693419452739,0.021125542431990798,-1.5186515794166504
Peve,1370,-0.11163355592730573,-0.15733263277822396,-5.754002191957674
Peve,1371,-0.16214908555990176,-0.18381711910482573,-4.535366991838856
Peve,1372,-0.3925283043537827,-0.38583921420690487,1.8323220481117346
Peve,1373,-0.2787070572403244,-0.2603854196237307,0.885447610475815
Peve,1374,-0.31641834003708225,-0.2166720626135134,2.9025449899785976
Peve,1375,-0.22920241115858694,-0.12659078819227051,0.8454255968083816
Peve,1376,-0.26578559716213584,-0.28810871222378637,0.3173668128203825
Peve,1377,-0.3341238971931562,-0.2707599210362567,1.3301629104110244
Peve,1378,-0.34592474290002834,-0.27708559932071053,0.46678592568422056
Peve,1379,-0.2776992202813143,-0.2273949702905838,0.7848422272192869
Peve,1380,-0.2090355918304746,-0.08612506721281595,0.7212403330029696
Peve,1381,-0.23494189776113153,-0.27925402793322096,0.94960287671088
Peve,1382,-0.23308943854782538,-0.1550964259955284,1.3159401358850358
Peve,1383,-0.2582863392617382,-0.2619844545337523,19.52752018407422
Peve,1384,-0.35379542372917644,-0.31909182785518464,1.159752798711544
Peve,1385,-0.3284966934891339,-0.25233336691941116,1.3445374234305514
Peve,1386,-0.2906848439306969,-0.2711797795822096,1.1537884199851478
Peve,1387,-0.3307879811928481,-0.34872865275603965,1.27785082463064
Peve,1388,-0.35225301516404767,-0.31524987286995,0.3867865745130598
Peve,1389,-0.28833346241894287,-0.2159438932056257,1.4603009372391347
Peve,1390,-0.35926912113886406,-0.28494195265887906,0.8946049663927805
Peve,1391,-0.2763571319991939,-0.2640277796450571,0.40579534801679146
Peve,1392,-0.48105749966468964,-0.3926618161830609,-0.3509596032692904
Peve,1393,-0.38315208786364163,-0.38140357568972827,0.141737309504384
Peve,1394,-0.3313064352410087,-0.29736271604150355,2.1141028313685073
Peve,1395,-0.3058909493488154,-0.36032185446672366,1.7237147684142458
Peve,1396,-0.18736878854780717,-0.13494583787770273,0.3507411922171124
Peve,1397,-0.27183608310316026,-0.15830845164748236,1.305050040340913
Peve,1398,-0.4179308398395387,-0.33517659063437355,-0.15679135095018182
Peve,1399,-0.3567173540031309,-0.23949830469698907,1.4148501869808505
Peve,1400,-0.3705066439758924,-0.4055875135764462,-0.11464646746494106
Peve,1401,-0.4520026552703255,-0.3911094948047686,0.049012469702094316
Peve,1402,-0.2139188220722034,-0.1860364496311444,67.41822601072721
Peve,1403,-0.2797642827774706,-0.2625310633309859,2.220546238873643
Peve,1404,-0.3559014050645625,-0.34452449462118606,0.2758736485261086
Peve,1405,-0.15296513084770594,-0.14966061843627887,1.4380014849790619
Peve,1406,-0.4035145893654523,-0.3508797571033241,0.4717311483027359
Peve,1407,-0.46958504584092203,-0.34854081948673704,1.095688998208555
Peve,1408,-0.36781245186445327,-0.34766891717033993,1.6697280227197617
Peve,1409,-0.35884909922263275,-0.2945996080847156,7.513371871022118
Peve,1410,-0.36239320691778737,-0.3272490228298716,4.774911987454098
Peve,1411,-0.3418384973358663,-0.2844782040575876,0.8170742602118957
Peve,1412,-0.2635716897393463,-0.2601071240357495,1.3554297114230163
Peve,1413,-0.2762485126333853,-0.2388378454759192,2.334694577118485
Peve,1414,-0.31862953087774343,-0.18956908632946762,0.9526665915068753
Peve,1415,-0.34133902031826924,-0.32368506004072645,-0.07626286374416394
Peve,1416,-0.057446154078247956,-0.19168408419939106,6.368084512204242
Peve,1417,-0.4162096707500099,-0.36300145139583684,-0.09145685057371106
Peve,1418,-0.338635814096152,-0.289224130220312,0.6088140072476781
Peve,1419,-0.3606865890243424,-0.32731023128305536,1.119278884423451
Peve,1420,-0.32925090633992943,-0.22821111473108416,0.7729091746103329
Peve,1421,-0.31812320843550673,-0.3102657898459643,0.7917213953868311
Peve,1422,-0.10882303302216366,-0.017740577491193028,-7.814519620825469
Peve,1423,-0.4519428335318524,-0.2650815951496828,-0.0846036777037763
Peve,1424,-0.38849207981625616,-0.271296702493464,-0.2075554498960821
Peve,1425,-0.36859913884701095,-0.36349137636690615,1.0691516824137068
Peve,1426,-0.3249999894304136,-0.28234126867971526,2.8683528025939653
Peve,1427,-0.33409455787775627,-0.22385194116140816,1.1620338408939643
Peve,1428,-0.39115543560265265,-0.25207106011832175,-0.04152529414614761
Peve,1429,-0.38018686126779583,-0.34361539339479025,0.3100966877973714
Peve,1430,-0.31371383346512133,-0.2582569340827788,1.6720497688903597
Peve,1431,-0.441007483841251,-0.3593833915239456,0.6246717846359863
Peve,1432,-0.4302619987505358,-0.35951365455623063,0.9479889693615723
Peve,1433,-0.2808143501044236,-0.32426613309940977,-0.35497343981505625
Peve,1434,-0.4058746317200192,-0.2924712443518641,0.5668036729822814
Peve,1435,-0.33192740930370374,-0.14883676683912994,0.9641049270223199
Peve,1436,-0.12173192020667946,-0.03846179384527328,1.9990215575856858
Peve,1437,-0.3002448357680706,-0.2622561620444313,4.004897478948407
Peve,1438,-0.46114793229123013,-0.41401086331825865,0.4054655172220619
Peve,1439,-0.3498366858802038,-0.348910903395145,0.967545610729829
Peve,1440,-0.4196415061916857,-0.380418891156428,0.0928450096943225
Peve,1441,-0.2832774278056714,-0.18080952508226797,9.211524207648718
Peve,1442,-0.23937737657764446,-0.2157919433588785,3.1646572748268613
Peve,1443,-0.4541463354128168,-0.46903494384936284,0.8041267921453696
Peve,1444,-0.2236068121647766,-0.1565924376249145,0.3165453353414114
Peve,1445,-0.2685981186655052,-0.1732021492755326,8.890998940720799
Peve,1446,-0.19168636062514355,-0.22798448602976137,7.048070312677394
Peve,1447,-0.2955249418869571,-0.2609630364409188,2.783914586691527
Peve,1448,-0.3615101438260383,-0.24365479802567955,0.20038477035246677
Peve,1449,-0.26193739585190867,-0.22653475153063488,0.4652583131436756
Peve,1450,-0.2718777536744228,-0.31038072401470523,1.7872833215242352
Peve,1451,-0.22146744053787995,-0.22573948813905304,0.40219155181439764
Peve,1452,-0.40523244074746134,-0.3543517463475134,-0.1114925670288776
Peve,1453,-0.4055444921324501,-0.3532100577240881,-0.2244811077559076
Peve,1454,-0.2093622096381863,-0.2950035506942758,-7.41357371106542
Peve,1455,-0.3943529258721586,-0.32372536923247847,0.6153647290284863
Peve,1456,-0.31215577682831974,-0.298708356573977,0.5572820697855688
Peve,1457,-0.3243201727884073,-0.3748476688630857,4.720749470827714
Peve,1458,-0.33908170501555635,-0.259512949674816,1.6790469066339655
Peve,1459,-0.22360703629180262,-0.18909225123363654,3.679644995311288
Peve,1460,-0.46718647768439764,-0.3166194263041531,-0.09984099845824733
Peve,1461,-0.12684465729612868,-0.14278539846975374,25.373318538850206
Peve,1462,-0.3856019822098668,-0.3702737441393183,0.5349130293287182
Peve,1463,-0.3669329112098834,-0.36248692469655974,1.3779925399654345
Peve,1464,-0.35298454055763323,-0.36145477197664055,-0.21470716725993375
Peve,1465,-0.3152169202574094,-0.27377892925351527,8.217125309124372
Peve,1466,-0.19187724165503403,-0.25419266774455973,2.1139811974830933
Peve,1467,-0.2567053462891828,-0.2838508924678094,2.229333775468569
Peve,1468,-0.33464464605640604,-0.24620683845494784,0.7766227865350583
Peve,1469,-0.13233963195881712,-0.04529959417743479,0.8773620126004286
Peve,1470,-0.2824379647008401,-0.14740496809570827,-5.602206594627958
Peve,1471,-0.28933533147726337,-0.29892597806999754,0.7031328592334153
Peve,1472,-0.44814821378723607,-0.3714490704215357,0.7919590113371262
Peve,1473,-0.34278782810465,-0.23368888314654826,0.7656471511408265
Peve,1474,-0.3012236445095688,-0.1981638894168262,0.526224802089161
Peve,1475,-0.3684886763056821,-0.32067067007993516,1.2613637174539138
Peve,1476,-0.3451671124715403,-0.3183941191997717,0.6249532798400609
Peve,1477,-0.48977989598503197,-0.3420802312065912,0.919740068525199
Peve,1478,-0.3283472002220622,-0.14587658166054063,0.05918493937877951
Peve,1479,-0.30412168311644555,-0.3100546936019102,1.1155483711987042
Peve,1480,-0.3627698933755518,-0.33883259573650276,0.5452149747088366
Peve,1481,-0.3631213836057745,-0.3334444189073496,0.6544479770532461
Peve,1482,-0.30311004054341184,-0.3461095382220226,3.0059906353549732
Peve,1483,-0.39729841396452775,-0.27145135225039224,1.3506608999954892
Peve,1484,-0.21595156300155,-0.22905751765336982,1.1181296849575577
Peve,1485,-0.24532097099184175,-0.346952979864131,0.11767727022637235
Peve,1486,-0.33283626844988284,-0.2357974650085107,1.1624409387590822
Peve,1487,-0.18941916875215817,-0.19248690470513288,2.773779414193481
Peve,1488,-0.4448806339998819,-0.2681642711390549,0.14938477946809703
Peve,1489,-0.46557131223766635,-0.4212596828639565,-0.298051745243021
Peve,1490,-0.057288499793077444,-0.1318042309598241,1.261373282186951
Peve,1491,-0.2785045313348,-0.34541630455239797,0.518855122676558
Peve,1492,-0.36557236976653457,-0.22252843495369973,0.12561843606090511
Peve,1493,-0.46595095420222804,-0.3687841851685952,0.3197266027769544
Peve,1494,-0.2162423232805239,-0.1318360467803987,-3.656790252090951
Peve,1495,-0.39229882925329507,-0.26852898782207824,0.825881012811209
Peve,1496,-0.3002448357680629,-0.26225616204442487,4.004897478948423
Peve,1497,-0.28995617948212615,-0.20236040948639752,0.35976274734328056
Peve,1498,-0.35113975747040005,-0.33771115008567454,-0.18503934780213258
Peve,1499,-0.25816945110090705,-0.34905966904513913,2.0579926911135757
Peve,1500,-0.17993019062216756,0.11208740788044717,0.9290719782428588
Peve,1501,-0.3928027504693388,-0.298305396951235,-3.76603310256915
Peve,1502,-0.0041792428631612175,-0.059422458880819005,-496.45096878676065
Peve,1503,-0.30956900590524683,-0.2610983338835758,0.027320850363569363
Peve,1504,-0.16255130787963973,-0.13320834578471202,7.829402230299898
Peve,1505,-0.2943624755314964,-0.22040389741645142,1.4481051399855434
Peve,1506,-0.28657590922228343,-0.29818523613101694,1.2285511333994705
Peve,1507,-0.3512846727937293,-0.28513605073362464,0.14956347127505615
Peve,1508,-0.2395559141878725,-0.2546683914612982,2.4025456719957967
Peve,1509,-0.15958440459121553,-0.1271854030553814,1.1851834468908846
Peve,1510,-0.32991053750965127,-0.30107544862928004,0.8514528676150219
Peve,1511,-0.3218717093601488,-0.22208644468172162,-11.291681699741035
Peve,1512,-0.4740411174014197,-0.3350672933339236,0.2058973515281473
Peve,1513,-0.23534196670210383,-0.21943218207685816,33.029808027986284
Peve,1514,-0.19530804030252458,0.02947566876587324,-12849.388707824433
Peve,1515,-0.28907187497527054,-0.1590634633073374,5.533512344930863
Peve,1516,-0.36811064346856814,-0.2893854546202974,0.41519981061340355
Peve,1517,-0.3667965498465108,-0.2229073959833433,4.2331063654675365
Peve,1518,-0.4340969872271472,-0.3822593606308711,2.2381744228020075
Peve,1519,-0.42265889931406997,-0.3572960384662568,0.20206427842127694
Peve,1520,-0.3409548155101573,-0.32835661684331047,0.0019450240655900343
Peve,1521,-0.3424448747059624,-0.29626357849902835,1.799160959030685
Peve,1522,-0.3047360578375698,-0.27352477297933137,0.4748429874075477
Peve,1523,-0.3099048917634508,-0.2676288483444921,2.0994136535757164
Peve,1524,-0.3564694762292767,-0.3692711549362035,6.092244592267608
Peve,1525,-0.1799802911244557,-0.13094373892407152,2.4332583887095365
Peve,1526,-0.4640297272760594,-0.32894237961484796,-0.04346162688413585
Peve,1527,-0.4096515899811594,-0.3463550016530269,0.006639592864407443
Peve,1528,-0.3365075059763894,-0.30599827930088297,1.641170321479954
Peve,1529,-0.32385078043879667,-0.2624065452877648,0.8195618545557724
Peve,1530,-0.4731058805354794,-0.3525952435026606,-0.45563904702164454
Peve,1531,-0.14596241090442644,-0.029121198076708047,1.6754668391644323
Peve,1532,-0.2577648947569146,-0.21715289029148038,1.8573523006670107
Peve,1533,-0.3425096971867272,-0.2047689936790531,2.0796265725280394
Peve,1534,-0.2117560974514072,-0.1905087352750912,1.5541528529287032
Peve,1535,-0.3549170490554703,-0.30233107726433833,1.2644924269160385
Peve,1536,-0.2629034478271146,-0.31666763541871823,1.8167992320230002
Peve,1537,-0.25806158567241105,-0.11997553864033542,0.5733945354118324
Peve,1538,-0.11012549358409487,-0.09994499080742654,737.324496308229
Peve,1539,-0.3088245210314768,-0.3135138572153634,2.1887200556762947
Peve,1540,-0.2985915646089809,-0.183349287842688,-5.45522108964305
Peve,1541,-0.3775647213418023,-0.3131000888544176,0.14007748353630808
Peve,1542,-0.32632965603209263,-0.24957158930770235,2.3770096007981887
Peve,1543,-0.09494168690454036,-0.2292176577151745,3.525607314537909
Peve,1544,-0.3168968555189512,-0.17676573481476646,5.064330926053053
Peve,1545,-0.35411062300685037,-0.21569100713648637,0.5721933432620335
Peve,1546,-0.46914434604561456,-0.39227251233748284,-0.2121335815781331
Peve,1547,-0.34892598553526316,-0.28522808857848114,-0.030511177783347374
Peve,1548,-0.3273992629708821,-0.22010754540087912,0.8228066526719539
Peve,1549,-0.31839643932669603,-0.2565492034316752,1.310360209230215
Peve,1550,-0.3126334717905161,-0.29426147760041604,1.2131763987216355
Peve,1551,-0.333661886716611,-0.27968564747819424,0.8030456164620395
Peve,1552,-0.18983546484192695,-0.19875107727614316,2.2791650809825703
Peve,1553,-0.3533175243512215,-0.32594895647732247,0.7524032379126226
Peve,1554,-0.4137253594816942,-0.3420496515807524,-0.2187411782632522
Peve,1555,-0.27162875002890735,-0.14056143756532546,0.606871665204931
Peve,1556,-0.4336836775251669,-0.32877951429432406,2.642358571172251
Peve,1557,-0.5481061493656088,-0.43268628500040285,-0.02722062923917049
Peve,1558,-0.2654319772096791,-0.23136706768112966,1.7600112613387817
Peve,1559,-0.3972606312059748,-0.3189762537168019,0.12279147896017494
Peve,1560,-0.21962273924122322,-0.23500145145521054,1.1605487031098456
Peve,1561,-0.3060531302516353,-0.24070423313289124,1.1961962635948469
Peve,1562,-0.33791396323131073,-0.3252506541078754,1.0043928775108981
Peve,1563,-0.08097130634163993,-0.1954325537869276,1.5698022884126008
Peve,1564,-0.3005507064151401,-0.2720992410563772,1.18746407539836
Peve,1565,-0.42089414797610497,-0.3543700660386148,1.9033417179984429
Peve,1566,-0.06247700033222266,-0.029983231912629305,-4.176922814758953
Peve,1567,-0.09882004637813552,-0.12205735666927535,0.98073490819948
Peve,1568,-0.39044329674263484,-0.23318549425510124,0.9464301200237163
Peve,1569,-0.4096902406753058,-0.3428949709244658,-0.09043048884196116
Peve,1570,-0.39526725228973314,-0.3094981026093014,1.5922167509729752
Peve,1571,-0.36262454812922096,-0.19807620719903107,0.4576066844828246
Peve,1572,-0.3458684724169046,-0.30882918833296263,-20.11624872709386
Peve,1573,-0.298154776187132,-0.286510112679395,0.13454807791194537
Peve,1574,-0.30067583175783197,-0.2029789073721923,-4.76666855489352
Peve,1575,-0.380754134938498,-0.39003696188767667,2.5865715077874607
Peve,1576,-0.3850784506547036,-0.3069136083559056,-0.17223733866631438
Peve,1577,-0.3418384973358654,-0.284478204057595,0.8170742602118627
Peve,1578,-0.4138339339241844,-0.34302965816002107,0.2750105288336768
Peve,1579,-0.34405167728630076,-0.2278708742613913,1.6877869193345703
Peve,1580,-0.2751004578917162,-0.21940107478612234,0.9556265091226241
Peve,1581,-0.42704669877945545,-0.32010867193140957,0.07632570976941179
Peve,1582,-0.1282892682532103,-0.11780129073239617,0.29717875248378
Peve,1583,-0.38996243301598277,-0.3719264002259026,0.6228084857951504
Peve,1584,-0.2333828670707744,-0.19237400214877654,1.1049907010067894
Peve,1585,-0.3546896926374357,-0.28603802674870815,1.5158957421552175
Peve,1586,-0.3875941663714425,-0.3492719323040566,0.013890737146082667
Peve,1587,-0.21533824042475802,-0.15609129434822097,267.41927391182094
Peve,1588,-0.11163355592730738,-0.15733263277822182,-5.754002191957727
Peve,1589,-0.42593693935785637,-0.3763269701807926,-0.15060755140902046
Peve,1590,-0.279893976068592,-0.2284935670082152,0.5893437007325761
Peve,1591,-0.3785289735238124,-0.3138480021936693,0.9092010789528877
Peve,1592,-0.3164342550926257,-0.28740919007094823,1.9880016390194948
Peve,1593,-0.33631568338100143,-0.3832033630847768,0.3953542907480401
Peve,1594,-0.37624995184454435,-0.29473795530978386,0.10436887266599447
Peve,1595,-0.315490001022699,-0.24622498204740045,4.798834594621343
Peve,1596,-0.35841701998592285,-0.31126569715166624,2.5474317802157445
Peve,1597,-0.2894796792360205,-0.1968071688074251,1.4480128489397845
Peve,1598,-0.3480670461990808,-0.27596310034710275,0.1686082506172982
Peve,1599,-0.41395660628067216,-0.32129834948477726,-0.04641686191690373
Peve,1600,-0.19287122984161972,-0.27690634171014056,2.308979080836031
Peve,1601,-0.2964239665656151,-0.2174583986285409,10.284058410825539
Peve,1602,-0.43173648151227934,-0.30633064883601385,0.9981996557382355
Peve,1603,-0.3800658380458789,-0.25697626933994505,0.7842410583736223
Peve,1604,-0.2452067586448108,-0.10127407027305456,-6.614638052704344
Peve,1605,-0.4608881279786161,-0.4505352387952175,0.27731091442795286
Peve,1606,-0.09856631648237756,-0.08147644176308232,-2.153153884765381
Peve,1607,-0.13983606386666306,-0.21641647692218774,2.8822998531095574
Peve,1608,-0.24600224046248462,-0.17671666761555602,3.7225806027525588
Peve,1609,-0.3687106689334461,-0.28924840441900573,0.7016909984971532
Peve,1610,-0.21606089470729284,-0.12139916591293616,2.5389281027716355
Peve,1611,-0.3175515043304448,-0.3001963807732243,0.17463506705677928
Peve,1612,-0.2551901770004344,-0.22741422074975573,1.8889391975497751
Peve,1613,-0.2739409078347197,-0.2659832180638894,0.5039027444660701
Peve,1614,-0.36470446274981655,-0.3438243138104551,8.671781123919454
Peve,1615,-0.4017752235943191,-0.332895923056618,-0.17659944112614248
Peve,1616,-0.3146252193657912,-0.2562763734266484,0.4635097900399893
Peve,1617,-0.4139566062806895,-0.3212983494847731,-0.046416861916895646
Peve,1618,-0.3978600963475636,-0.4753660881736979,0.3881273495932911
Peve,1619,-0.2542453028571104,-0.21469989421119118,0.16382381880182284
Peve,1620,-0.1304470618331455,-0.14480158762785775,1.7635208471549375
Peve,1621,-0.4019721872603215,-0.3325840058659577,2.63028734016992
Peve,1622,-0.3210175508616151,-0.18750615382041042,2.6851819616107733
Peve,1623,-0.38257897706729427,-0.22685535757789504,0.42169910519912823
Peve,1624,-0.3236251655188828,-0.31345587523764434,0.9439835820856061
Peve,1625,-0.36834067735866954,-0.2497936124469573,0.4744462690407809
Peve,1626,-0.32363893336660027,-0.2685255316339851,1.1179430709661562
Peve,1627,-0.25148961025372246,-0.2542700034539692,3.018922179796495
Peve,1628,-0.3713248155681608,-0.21694593041785895,1.926586346421514
Peve,1629,-0.21465278999607576,0.07319934801445867,233.90615428307154
Peve,1630,-0.34861920545911185,-0.24742267696662545,1.2065563926862746
Peve,1631,-0.3403033475490577,-0.3618140731246095,1.3742928083696357
Peve,1632,-0.271745044843245,-0.20743488012333752,0.5619358427383447
Peve,1633,-0.3193872388196669,-0.18662967015875884,1.265740970757003
Peve,1634,-0.2936359724142208,-0.2668752702781577,0.5582071231035101
Peve,1635,-0.3513984937157275,-0.2694953122280384,0.6062263001368274
Peve,1636,-0.3258169494533669,-0.1623236195620167,4.12480671309025
Peve,1637,-0.39228604254640353,-0.3527460052898824,1.703529580783053
Peve,1638,-0.25162922661296844,-0.21225076945211827,0.46178585848660203
Peve,1639,-0.34789175478909545,-0.2778542642917251,1.1243466704791858
Peve,1640,-0.3283182011088556,-0.289741581017746,0.6617073067821168
Peve,1641,-0.33305597945802823,-0.3259423196645981,-0.26141165227646335
Peve,1642,-0.27129591393286767,-0.23119612589566435,3.280383058818084
Peve,1643,-0.29333892178884013,-0.23351228400883056,2.7821300582181236
Peve,1644,-0.37211529763274087,-0.34974198812507035,1.500887632141003
Peve,1645,-0.26659833520213894,-0.21176324210250552,0.5413808614665421
Peve,1646,-0.2560237252825497,-0.29375079475605065,2.776123146979136
Peve,1647,-0.2976792815801098,-0.3052658858392102,0.2662967323080944
Peve,1648,-0.11214225076228951,0.13645345531319317,-1.464467062347346
Peve,1649,-0.3511740199971767,-0.31619454194649477,0.11187390920987482
Peve,1650,-0.3718138743440601,-0.25448147561844725,-0.03477835927963522
Peve,1651,-0.30700791402010846,-0.321546939220986,1.9738122140283803
Peve,1652,-0.28515069713193264,-0.2434130428512123,0.7181282175178811
Peve,1653,-0.47153324795404855,-0.41992687654141586,-0.08494096650849217
Peve,1654,-0.2213311388229967,-0.13705099166645593,3.172722581360361
Peve,1655,-0.41287371970272724,-0.33298097384685676,-0.1787574931086912
Peve,1656,-0.366932911209883,-0.3624869246965548,1.3779925399654585
Peve,1657,-0.31329032175106636,-0.33901922424945957,2.2467035992146167
Peve,1658,-0.23478672108082177,-0.37337686620784827,0.545349292464702
Peve,1659,-0.22829518853509131,-0.24765825434578792,0.8494959379760167
Peve,1660,-0.19160972011650687,-0.12501794573733208,-2.8453593500078393
Peve,1661,-0.2999659390586616,-0.28736602730982524,2.460017217184982
Peve,1662,-0.3540630897915645,-0.23458052461993947,0.14474181296019292
Peve,1663,-0.2703507659389396,-0.2730209148090047,0.7933356341259767
Peve,1664,-0.2380015066903051,-0.22606716290428883,1.0475897944134465
Peve,1665,-0.316051029786176,-0.1967087925890795,0.6016891714794073
Peve,1666,-0.2310288690636826,-0.3957067699105178,0.6225021218219012
Peve,1667,-0.30742919042239103,-0.27552019965347546,0.4877122916498103
Peve,1668,-0.3509353787347581,-0.2891224462633437,0.4485695868210879
Peve,1669,-0.13912809817483188,-0.11723173017240776,2.2053650647587477
Peve,1670,-0.34806163634748555,-0.2502420361407149,2.2842414969810982
Peve,1671,-0.2833527558243823,-0.2667225281642879,1.0420354386309636
Peve,1672,-0.29843593823092374,-0.19929519897524395,2.749297173584351
Peve,1673,-0.31517545686182075,-0.26886392104595286,0.29916256870160546
Peve,1674,-0.2759111014953236,-0.2822491923813799,0.7455721061770765
Peve,1675,-0.38063465924143336,-0.34658829915219913,0.3691752563515011
Peve,1676,-0.37574015906280633,-0.31099917651430126,0.34556215177656663
Peve,1677,-0.3131992257964364,-0.28903260114482837,0.6096606900943251
Peve,1678,-0.41756565360847386,-0.3454085217708634,0.3955315222582498
Peve,1679,-0.15973374252860922,-0.14247447482762599,14.509063779757467
Peve,1680,-0.38116176910882565,-0.28507389674052336,0.6718690874366077
Peve,1681,-0.351072088873418,-0.3445488981866762,-0.29595493873418127
Peve,1682,-0.34093247771161245,-0.3415832977234831,-5.382671687007885
Peve,1683,-0.2766663481831495,-0.2275119694958521,0.6298096694215533
Peve,1684,-0.4139566062806817,-0.32129834948477726,-0.046416861916902356
Peve,1685,-0.44068005072331756,-0.32535677745572694,-0.1533016421964766
Peve,1686,-0.22845547965488144,-0.21701020289429795,1.6333467534202109
Peve,1687,-0.393277463668514,-0.39579075123162966,0.014737100681841813
Peve,1688,-0.24301515303413215,0.12803740664256869,0.992526224995871
Peve,1689,-0.19236599271555158,-0.14732447550816968,-0.12852253943492692
Peve,1690,-0.35670747096520855,-0.3544755331163418,0.3824217847783446
Peve,1691,-0.37340784917426023,-0.3446902289923299,-0.1320789283402436
Peve,1692,-0.1827206575918866,-0.20033101512806734,-0.1155628983207262
Peve,1693,-0.06037182526729682,-0.11481003493376384,-13.109424099871319
Peve,1694,-0.42862645292584534,-0.3761361537605861,2.5354436915476857
Peve,1695,-0.34306785678458207,-0.28717634906832573,1.3927649281831873
Peve,1696,-0.31215577682831713,-0.29870835657398304,0.5572820697855255
Peve,1697,-0.18842337341065402,-0.19681417360897138,19.2953702946814
Peve,1698,-0.4428306779481202,-0.49271320562621007,1.8216112946625265
Peve,1699,-0.340146155385684,-0.26491246671062024,1.63394236401709
Peve,1700,-0.47378615409396146,-0.2923005085242107,0.07127600715603695
Peve,1701,-0.15956293576750502,-0.18505244273179727,-6.72070310609654
Peve,1702,-0.4259116337859959,-0.3606854516790745,0.3629636946569235
Peve,1703,-0.4382497426687085,-0.2891294568466418,0.32057042287449533
Peve,1704,-0.37560035933592784,-0.3312702450371172,0.16757802570791228
Peve,1705,-0.29294572697020244,-0.2324256194273953,0.5931322478550103
Peve,1706,-0.35672323756506424,-0.2668628593545644,-0.07766952358943534
Peve,1707,-0.37144192306676266,-0.2940572831001964,0.2728125042059202
Peve,1708,-0.37753625698631904,-0.26679464052653157,1.1662765284294048
Peve,1709,-0.29122901157217046,-0.14265868988874197,0.005911874745768701
Peve,1710,-0.3778277658531103,-0.2917351971378062,0.08034320423956898
Peve,1711,-0.2711115974317121,-0.2292381514649089,2.9168046989791976
Peve,1712,-0.28807455524850273,-0.22000495868888978,5.540615683500412
Peve,1713,-0.3635782604848541,-0.29708121608505206,0.29443051801364895
Peve,1714,-0.21170457777378854,-0.2922187771106648,5.86367477604171
Peve,1715,-0.21402334980554455,-0.1854000285610224,2.350294457438082
Peve,1716,-0.26906513483153854,-0.21962555352290147,5.827558633869897
Peve,1717,-0.13576197415348978,-0.35142261865973734,2.745951807999459
Peve,1718,-0.40251463067113147,-0.3289102906545255,0.5696975894393023
Peve,1719,-0.2789664983818142,-0.26748684031109415,1.6296460755411168
Peve,1720,-0.20186247586055622,-0.2930961940421572,0.3820742589177778
Peve,1721,-0.25134774342624944,-0.3240033616273792,1.699483926535572
Peve,1722,-0.40621813782010624,-0.2711142071965717,0.3920422550417624
Peve,1723,-0.3899987886371916,-0.35555270512382453,0.5582011614649437
Peve,1724,-0.30239015091798316,-0.24066638595822093,6.463040005817771
Peve,1725,-0.2863960683397554,-0.2493739513549779,-7.334796351351879
Peve,1726,-0.32712052894916266,-0.36745575705768313,-0.05934604082778921
Peve,1727,-0.3173632289506476,-0.24329655479026582,0.5151702072484371
Peve,1728,-0.17065942688734256,-0.1084240786964131,1.9065994186552624
Peve,1729,-0.05778327234617392,-0.1679589550894523,2.473626142487096
Peve,1730,-0.4028394471670937,-0.3651434261281383,2.1927335400706336
Peve,1731,-0.3132522940602979,-0.19573610683052917,0.7220809565001881
Peve,1732,-0.4245617159246549,-0.30554914553746754,-0.28975512945643905
Peve,1733,-0.3233945072700506,-0.27545983243117866,0.2497044905284807
Peve,1734,-0.28693485749323966,-0.3206155172832987,1.6893316397680436
Peve,1735,-0.23353659231999244,-0.22547536016967631,1132.6900891564328
Peve,1736,-0.3344507349868616,-0.27610667655746296,0.030476869961613456
Peve,1737,-0.2561855560966004,-0.1651890078307904,17.2421343423432
Peve,1738,-0.3761863272711052,-0.3508274057827432,0.8791813122291476
Peve,1739,-0.27236127903609764,-0.2620159956266316,1.3565758619619637
Peve,1740,-0.3296973202983863,-0.2783836940060849,-10.14941064258664
Peve,1741,-0.35164041200199736,-0.34052351597885405,0.7048534412476215
Peve,1742,-0.2542706764855265,-0.10417885962123027,0.4959465840139169
Peve,1743,-0.3271205289491621,-0.3674557570576778,-0.05934604082778243
Peve,1744,-0.3988415898879749,-0.39939156493308736,0.07277503746259117
Peve,1745,-0.3005504092777502,-0.2723604828590252,4.7320420936930185
Peve,1746,-0.2474672508688187,-0.232607998321317,0.7403642784468103
Peve,1747,-0.20791935927042618,-0.23597567787016838,0.6179441837331092
Peve,1748,-0.2823639011353927,-0.2743024081972003,7.273733257365208
Peve,1749,-0.33861301191315124,-0.2914888954729088,0.3810481021941661
Peve,1750,-0.3701964784373328,-0.30179232981812626,1.1658240124636243
Peve,1751,-0.4030497568191169,-0.41744770816194193,0.042253078888927154
Peve,1752,-0.19363318118283254,-0.09058578954366735,1.1818028474137279
Peve,1753,-0.2719417837779358,-0.13215883786480612,0.4548731375406181
Peve,1754,-0.37563800919357615,-0.2858469376681235,0.11301684632738244
Peve,1755,-0.42866072771428954,-0.3969219721907129,1.071546505490363
Peve,1756,-0.4242144620629447,-0.21990023481410448,0.2182200754218119
Peve,1757,-0.26738393935084614,-0.18149121359237408,5.742133075351442
Peve,1758,-0.2859269105444035,-0.2967859347637329,0.9970089975852927
Peve,1759,-0.261390161769327,-0.13545974571425046,-10.351218243446082
Peve,1760,-0.08751634712816418,-0.1313775932926073,-4.120603087126064
Peve,1761,-0.24534129717441935,-0.25773114054266827,2.798440419311076
Peve,1762,-0.3640434188524752,-0.36145524718725414,1.726204503546207
Peve,1763,-0.08809216294602014,-0.10014919502755124,2.533842364372579
Peve,1764,-0.19820996727236737,-0.09791527210022005,15.369886457034578
Peve,1765,-0.30568144511661827,-0.2728989134746276,1.2947254854930612
Peve,1766,-0.34913348471056255,-0.2855028489423223,0.9263962286129532
Peve,1767,-0.22648709041811865,-0.1502759357899716,1.6508753076127392
Peve,1768,-0.3698790147532349,-0.3642777007619459,0.7231993610761106
Peve,1769,-0.3742484210074602,-0.3857762102787418,-5.283740472209359
Peve,1770,0.059542717889309545,-0.020719074711254788,-42.10022921721591
Peve,1771,-0.36834067735866133,-0.24979361244694495,0.47444626904078624
Peve,1772,-0.41231996841474283,-0.1973934571601669,0.16940045986494826
Peve,1773,-0.23757129780006483,-0.2035545071796492,5.774067642296403
Peve,1774,-0.4261574584789528,-0.32639329610263546,-0.20491260802706526
Peve,1775,-0.24849483414807608,-0.2402433457512916,0.8607917693799888
Peve,1776,-0.35069854003064344,-0.2517484102271044,-0.04428538468883112
Peve,1777,-0.3786410583150135,-0.19722673455945366,0.31880637086697633
Peve,1778,-0.23684524124803413,-0.25186914994966875,3.684262089797027
Peve,1779,-0.3691495481732369,-0.3102314908116371,0.7578491886736352
Peve,1780,-0.3403379087294777,-0.3092182582658726,1.4113086000166988
Peve,1781,-0.24923075469546227,-0.12010758784897516,0.5493473855444403
Peve,1782,-0.2763571319992035,-0.26402777964504964,0.40579534801676453
Peve,1783,-0.3182636671866507,-0.21200451494795503,0.3595147555720678
Peve,1784,-0.35786852532028623,-0.3230633877918862,16.70652844188726
Peve,1785,-0.37515764520584965,-0.3445600203142816,7.5405740982892056
Peve,1786,-0.33202068281118674,-0.3048704786985492,0.6361627551676143
Peve,1787,-0.34630110548278015,-0.22527082994534275,1.7093093199098148
Peve,1788,-0.29034958351087803,-0.25635008955742683,1.9748847999911574
Peve,1789,-0.25633042536826384,-0.1918414936210176,1.7133740052711466
Peve,1790,-0.3186295308777433,-0.18956908632947692,0.9526665915068754
Peve,1791,-0.1967208493266328,-0.12496691998786277,2.843942101552902
Peve,1792,-0.3071536314016017,-0.26956418538908594,1.1061000782201489
Peve,1793,-0.31223791724255984,-0.2618621178864223,1.2005403760403734
Peve,1794,-0.29728300335702607,-0.293931694463996,13.40550120475539
Peve,1795,-0.31143669498234267,-0.12371008498829933,1.0058608864587841
Peve,1796,-0.27243984053006304,-0.18266203206025095,-6.738995387433818
Peve,1797,-0.3270089545045198,-0.250355229979465,0.2537292902591267
Peve,1798,-0.28939412146617916,-0.22709592853526536,10.826392587162454
Peve,1799,-0.39499967425080734,-0.34855627172225045,0.19824652439240323
Peve,1800,-0.3710799286957699,-0.3443231709435303,0.7058425955446326
Peve,1801,-0.3612537041020437,-0.3930120956228786,0.5257222471828414
Peve,1802,-0.23020860613209324,-0.17398305947733056,0.7307265655306063
Peve,1803,-0.36659610530337383,-0.3129255197949681,1.5683778001344817
Peve,1804,-0.3307447028319568,-0.2971141488046956,1.0939589963382956
Peve,1805,-0.22670647644325018,-0.20088600468367623,0.45786362119414103
Peve,1806,-0.36861202650840524,-0.29602292705686106,0.043035377192126335
Peve,1807,-0.28497215220183486,-0.23475332239008836,0.5093910011029386
Peve,1808,-0.3545242547255439,-0.3833978091174947,0.21845042605078072
Peve,1809,-0.419265942207364,-0.3278986813132324,-0.11819527921892306
Peve,1810,-0.3249431990961748,-0.277592388422152,0.1612044849992181
Peve,1811,-0.36848867630568166,-0.32067067007993116,1.261363717453867
Peve,1812,-0.2663325884965775,-0.1769753512976362,0.6747826324957684
Peve,1813,-0.3074246758397658,-0.3055236887446143,1.0441875319788525
Peve,1814,-0.376572785648849,-0.295961347625604,0.36407856068360267
Peve,1815,-0.3160810927554709,-0.257980655305683,1.5852687874333247
Peve,1816,-0.32750223944594764,-0.23063261372837343,0.055013040082703114
Peve,1817,-0.33621007727696883,-0.27034956327046455,0.3573555798654834
Peve,1818,-0.3586734905727581,-0.3479589491150741,0.43840661872270037
Peve,1819,-0.31194112957104236,-0.41546210860083094,-0.0030117729469407682
Peve,1820,-0.2319575377959091,-0.24648537826036082,7.404664320668278
Peve,1821,-0.3120055167564403,-0.3097078329775677,1.6794176479442786
Peve,1822,-0.3282592605942142,-0.23784119760143202,1.4490173135788313
Peve,1823,-0.30434847661742775,-0.33458605392841645,0.25497065903296556
Peve,1824,-0.3031855490867873,-0.29365943895354213,3.8324731804966774
Peve,1825,-0.21228334931556533,-0.17073518775530244,2.791392330494092
Peve,1826,-0.014237308406854594,-0.04868012045229405,0.5684016589974541
Peve,1827,-0.5296324553718634,-0.3756007076464446,0.1373550499365662
Peve,1828,-0.20106469413401287,-0.07558146200082032,1.8846579868652518
Peve,1829,-0.19392051298438964,-0.1565115392907298,0.31483468476962817
Peve,1830,-0.2789259127681698,-0.2117633622363195,2.231612346469844
Peve,1831,-0.41782551504867277,-0.3641888806792261,1.0480907034441522
Peve,1832,-0.3119411295710435,-0.4154621086008391,-0.003011772946930908
Peve,1833,-0.40062523854192517,-0.32067133752200727,-0.30891973994606764
Peve,1834,-0.3039025045411733,-0.2710359072078944,1.5673786010939856
Peve,1835,-0.26011098537585947,-0.22438773440996657,7.362286704156908
Peve,1836,-0.42038998126627514,-0.344087868237164,0.2213932442877747
Peve,1837,-0.21230796566003118,-0.1028293557600739,3.83479813077637
Peve,1838,-0.2879480923936941,-0.06166791790742318,12.99047047348834
Peve,1839,-0.32118375539675026,-0.3593570144265047,-0.21511726797656094
Peve,1840,-0.42636212720383937,-0.2844247215319979,0.13839334005981102
Peve,1841,-0.48161292386138915,-0.4274025351793669,-0.047138314411328396
Peve,1842,-0.28395878429699384,-0.3192175038836477,2.0332384387817033
Peve,1843,-0.33192740930370734,-0.14883676683912542,0.9641049270223122
Peve,1844,-0.34742498257800547,-0.2881763262615586,7.341022158788174
Peve,1845,-0.23518933073382572,-0.20269360919871843,7.240009531698456
Peve,1846,-0.360238277143081,-0.24004826697105341,0.19433870125659414
Peve,1847,-0.3831520878636426,-0.3814035756897264,0.14173730950440333
Peve,1848,-0.2817051144651045,-0.24897871148810075,3.349436756936425
Peve,1849,-0.48977989598503757,-0.34208023120658704,0.919740068525224
Peve,1850,-0.2841034269468811,-0.2942089471744541,14.104566416874508
Peve,1851,-0.4096902406752986,-0.3428949709244661,-0.09043048884195766
Peve,1852,-0.21123835077979422,-0.2054352562502823,0.9010393262480464
Peve,1853,-0.3502560260013328,-0.29109211867427226,6.122583290482832
Peve,1854,-0.28799141059795846,-0.3236895165299515,1.1635637205168112
Peve,1855,-0.3628405773255379,-0.29560895388058933,3.407759103977264
Peve,1856,-0.18814522343533766,-0.12216987713246805,-11.208667698315612
Peve,1857,-0.44112909853244897,-0.3566658877728252,0.1360218260542986
Peve,1858,-0.27734474119049746,-0.20802145367249952,1.4218918275830992
Peve,1859,-0.2199330135199299,-0.21656971232453662,0.7615658408355596
Peve,1860,-0.1277307560260362,-0.1777160860669592,8.616469217914325
Peve,1861,-0.4404923862364807,-0.39089718417417996,-0.005538379337742756
Peve,1862,-0.33131338324658915,-0.24688336948725437,1.188125842937808
Peve,1863,-0.37702712991134424,-0.397138574584768,1.9804026374610495
Peve,1864,-0.3453999686687438,-0.2767529139275635,1.3080589856985334
Peve,1865,-0.3230126513859346,-0.3397291867109711,0.7124064047006666
Peve,1866,-0.2911236278817155,-0.3174105330449153,2.175232193634564
Peve,1867,-0.3031855490867904,-0.293659438953538,3.8324731804966556
Peve,1868,-0.3273580784603641,-0.29327184470329865,0.37868869829239904
Peve,1869,-0.30656477162842843,-0.3320508561675647,-0.15070788144660827
Peve,1870,-0.3335895656595755,-0.2873373442961309,2.1489009822356624
Peve,1871,-0.3012419152054779,-0.25821203127641335,0.27459399508088145
Peve,1872,-0.4172575222820931,-0.3805575175235209,0.6310683418436004
Peve,1873,-0.2893353314772602,-0.2989259780699956,0.7031328592334122
Peve,1874,-0.433073015218536,-0.42131769076057635,1.2115733814516036
Peve,1875,-0.18287563748076882,-0.062157697401241566,7.601469496171493
Peve,1876,-0.22643712634006197,-0.22487545603858294,1.483706405140302
Peve,1877,-0.32749173049225633,-0.29386878665271937,7.475594672837031
Peve,1878,-0.11518020542055042,-0.0643092207200234,7.092601819056325
Peve,1879,-0.34727430869921166,-0.3300927066664251,0.8002426465197099
Peve,1880,-0.16109775105415083,-0.09467997039961862,2.0878982013049474
Peve,1881,-0.43137524419722806,-0.31001769592007056,0.346054393513084
Peve,1882,-0.400342340969808,-0.3448155398953839,-0.12244958474311937
Peve,1883,-0.3045714063291153,-0.309051510054176,2.035092085874154
Peve,1884,-0.35136654070057205,-0.327473854035706,3.242679314114732
Peve,1885,-0.22225945075572018,-0.27932572889654966,0.27224068795125994
Peve,1886,-0.37921547419012513,-0.3985481061793291,0.4291063487553252
Peve,1887,-0.4561779826982566,-0.34288233687402825,-0.0065543732766579375
Peve,1888,-0.32469172762131954,-0.24527000230371285,0.6716212279750937
Peve,1889,-0.3579796061694985,-0.23088042275339482,0.7951296803208205
Peve,1890,-0.25133425410621557,-0.17241048976107612,1.0215639885143173
Peve,1891,-0.38269474374415724,-0.28907418561717557,0.8352395203152828
Peve,1892,-0.3404802477571595,-0.31193954077354447,1.1394667986165135
Peve,1893,-0.29552494188696066,-0.2609630364409241,2.7839145866915014
Peve,1894,-0.3035546497924653,-0.2391112803640638,0.8628974757974268
Peve,1895,-0.1920772686498789,-0.18417994233409155,4.685128045476463
Peve,1896,-0.1449737011638454,-0.06591813730033654,1.6568754017728473
Peve,1897,-0.37719734818427025,-0.4475042317634372,2.221223927587235
Peve,1898,-0.24280425210442125,-0.26684421358779453,2.9309707202518664
Peve,1899,-0.31770606657713035,-0.27293479562222056,0.5490211160145038
Peve,1900,-0.19672651538330674,-0.21688489301419436,3.0368664512812287
Peve,1901,-0.24986959165308917,-0.2436162859416299,1.1123693654733127
Peve,1902,-0.37668068190573134,-0.3389308778121917,0.21628299164317819
Peve,1903,-0.3833665613229016,-0.33891317936993587,-0.16312017934191883
Peve,1904,-0.3172593913610249,-0.2723814427609465,2.0140452009171987
Peve,1905,-0.2742966390706177,-0.3089137323796298,0.3041243014809121
Peve,1906,-0.270880421192361,-0.24939893531944157,1.2429639975453626
Peve,1907,-0.3242841342945892,-0.2992244201356619,-6.9795869221899425
Peve,1908,-0.30504271484629875,-0.28357190304312396,2.1910539556711606
Peve,1909,-0.29377595437267423,-0.24225912150548165,0.9333158922344603
Peve,1910,-0.26456821192874014,-0.23770751493225753,3.4258134389938375
Peve,1911,-0.34692877732779237,-0.271499118132273,2.701368003174682
Peve,1912,-0.2921314694930681,-0.24361911079904242,2.3669420703638617
Peve,1913,-0.16476507183276923,-0.2648784076513149,1.6665201744895075
Peve,1914,-0.3289456108089085,-0.28114900682959515,0.45037536556149926
Peve,1915,-0.317551504330452,-0.3001963807732226,0.17463506705672383
Peve,1916,-0.03238535529547804,0.05345139753894896,-2.542511363518043
Peve,1917,-0.35917117217551514,-0.3420259263154177,6.240495329008021
Peve,1918,-0.26645990272714876,-0.31315372142580367,1.5788576048678746
Peve,1919,-0.2877411577853276,-0.19156812091086803,1.4204222578665133
Peve,1920,-0.30267972903329293,-0.21741108883566523,0.7945175942324179
Peve,1921,-0.24681933025785466,-0.1454098879480957,0.7607346772347111
Peve,1922,-0.3488942755432503,-0.28480145427146075,-7.266785218070252
Peve,1923,-0.30412168311644866,-0.31005469360190724,1.1155483711987029
Peve,1924,-0.36553816979475023,-0.2450373364263843,0.13449132000025907
Peve,1925,-0.2979000522103299,-0.30735172727169535,1.0046046352262648
Peve,1926,-0.31348171816208065,-0.22957775863520166,0.11001309441193834
Peve,1927,-0.24710652923353904,-0.13285108339071602,2.1267536574076678
Peve,1928,-0.3758023480616935,-0.3817637652901025,-0.09204445551978976
Peve,1929,-0.35492335131944935,-0.338002778109422,2.3960848630112244
Peve,1930,-0.41395660628067293,-0.3212983494847775,-0.04641686191690692
Peve,1931,-0.31964614301506694,-0.2789672332763611,0.5008308834923381
Peve,1932,-0.3242745967290725,-0.3237521775983785,1.157272481722511
Peve,1933,-0.30158593170191983,-0.3290074281114967,0.04393038010514009
Peve,1934,-0.4064397054092765,-0.3329503908299451,-0.09063397145694142
Peve,1935,-0.31716692476849884,-0.2810560009735544,2.0940503143346296
Peve,1936,-0.47281083122424916,-0.37181965074490436,-0.24594708667234175
Peve,1937,-0.35944982705149947,-0.3385765659289982,1.5314990130905386
Peve,1938,-0.4795396868009125,-0.4195483184239669,0.5185546276917156
Peve,1939,-0.41674317016361967,-0.3392096749785211,0.40443141261079346
Peve,1940,-0.39769726936962213,-0.3160928273297839,0.9824222505064769
Peve,1941,-0.3421113879300046,-0.1888079565893765,0.8197999282270743
Peve,1942,-0.2944941180928682,-0.31279892760824873,0.692907985355362
Peve,1943,-0.4281188101066028,-0.37822795797120895,-0.21725240581921537
Peve,1944,-0.1786594823161255,-0.11139131695920455,2.993663453367738
Peve,1945,-0.42944356581460524,-0.33839498020528563,0.017468503278729685
Peve,1946,-0.18067034709408883,-0.18919577429460716,4.553280347905
Peve,1947,-0.20967040472763512,-0.1561163951924845,-27.424633075110837
Peve,1948,-0.28939412146617566,-0.22709592853526547,10.826392587162244
Peve,1949,-0.23724116370090725,-0.34383811959371885,0.7183415679853535
Peve,1950,-0.423771438318772,-0.30610021428687467,-0.16877172745403968
Peve,1951,-0.413666955036093,-0.34780189404934564,-0.08857746365519398
Peve,1952,-0.3856927655040948,-0.37500821202060003,0.5464371663170816
Peve,1953,-0.31399378123326516,-0.20213802309233309,0.8421464321862278
Peve,1954,-0.2660636990661903,-0.13441302707463856,-4.887870820077598
Peve,1955,-0.05267015820698149,-0.14819204279512802,-5.086665086129123
Peve,1956,-0.3624087642326935,-0.3574953230999677,1.935627680015179
Peve,1957,-0.3082968051281495,-0.32657110819022267,0.9123705959521512
Peve,1958,-0.0482987676771433,-0.16263268982591908,-2.282836332391086
Peve,1959,-0.4026295339366123,-0.32961117266887596,0.11746562684455246
Peve,1960,-0.2750550340035659,-0.22605374774002354,-0.25769550947781156
Peve,1961,-0.06005286290298342,-0.11845739544949903,-4.563557668206045
Peve,1962,-0.3059489361488899,-0.2247482859772052,1.9413614703987596
Peve,1963,-0.23418499216028943,-0.11153517442588472,0.017639174147466446
Peve,1964,-0.3625856273062046,-0.32502068244921417,1.7490281887297665
Peve,1965,-0.45681645489862976,-0.42410029196867155,0.5534905579962952
Peve,1966,-0.4582340756590037,-0.35082486536084706,-0.30480429045620244
Peve,1967,-0.37038531007813247,-0.3396566427400701,1.3322004632393274
Peve,1968,-0.2462979638542544,-0.1659415510096024,1.881901803769969
Peve,1969,-0.49451250764586563,-0.40534125966402507,0.5619352398205808
Peve,1970,-0.33299173019725364,-0.30326426732021,1.1814029711422225
Peve,1971,-0.24205030524966709,-0.19578576217164317,2.4465458571520333
Peve,1972,-0.11149811516286799,-0.089140432243085,-2.4556742965628224
Peve,1973,-0.16109775105413607,-0.09467997039962892,2.0878982013047924
Peve,1974,-0.39178887413880137,-0.39251215140355855,0.3991686928406131
Peve,1975,-0.34516711247153753,-0.31839411919976185,0.6249532798400413
Peve,1976,-0.2705805166570712,-0.13688849042306556,1.8338587417746242
Peve,1977,-0.3373750187780218,-0.3131446287429179,3.3900967657391052
Peve,1978,-0.20503415675567035,-0.07275242343522804,-3.0650701908092213
Peve,1979,-0.36270832884752513,-0.37389953106095497,-0.13492461734441813
Peve,1980,-0.25784735915704743,-0.32974940388548923,11.627449560607504
Peve,1981,-0.18756032409661222,-0.11425159853388708,10.458589987506967
Peve,1982,-0.28883907558211297,-0.2638346963914159,0.8500169688176722
Peve,1983,-0.37604406047923805,-0.2838861856463655,2.8408925497809445
Peve,1984,-0.11831412071982261,-0.08069546528797228,2.1564611752940355
Peve,1985,-0.34334401856849645,-0.2705669696467245,1.1735901967294862
Peve,1986,-0.1248115462725833,-0.0572626214210412,3.425376404479939
Peve,1987,-0.3421305503524377,-0.3177677760574493,0.5940501296787568
Peve,1988,-0.4236805055781593,-0.4056532571094136,1.7215852904476403
Peve,1989,-0.3452586291109392,-0.33354501065867065,-7.8588350841646495
Peve,1990,-0.3757300826257078,-0.32359820479821844,0.780319757571725
Peve,1991,-0.2632885093250411,-0.13972970156366546,2.0537702690463826
Peve,1992,-0.35978928124156395,-0.36104514909037205,1.6413842953151871
Peve,1993,-0.428996691300763,-0.36630365680403215,0.24051513781863768
Peve,1994,-0.2918779321083359,-0.28938825108307686,0.8359537910469595
Peve,1995,-0.2908911188299933,-0.2829508797247402,1.0814825381102886
Peve,1996,-0.2637839544010103,-0.12447209992862397,-5.921806264014482
Peve,1997,-0.15435331684654982,-0.08001198600934573,1.352291443459125
Peve,1998,-0.4275194030923109,-0.34582337571408583,0.0023029572326070283
Peve,1999,-0.18941916875214787,-0.19248690470514207,2.7737794141935455
Peve,2000,-0.4712373013294005,-0.4226691353954394,35.09689514558199
Ptuh,1,-0.2807285377463239,-0.2629018493674164,-0.27698413016149753
Ptuh,2,-0.3120326766093052,-0.25786141028493764,-0.3103982682007877
Ptuh,3,-0.1597436929222563,-0.015191508852757973,-0.1598114413304435
Ptuh,4,-0.33916257979063386,-0.3109550516331219,-0.33492341049981006
Ptuh,5,-0.2868179103343014,-0.27785658090820226,-0.28349702307318086
Ptuh,6,-0.3642508362911817,-0.33972823499716753,-0.3618537268127861
Ptuh,7,-0.35119580159887903,-0.31866661053234646,-0.3488921697737779
Ptuh,8,-0.3053389776480012,-0.2758366445520629,-0.30281341235079523
Ptuh,9,-0.3830569395672936,-0.342912028999826,-0.38110754594677315
Ptuh,10,-0.1472568943717782,-0.2012528361974717,-0.14068807968220837
Ptuh,11,-0.3922242791568512,-0.39384603741649943,-0.3883853186281961
Ptuh,12,-0.342095999711018,-0.34851879212306835,-0.34083997235860214
Ptuh,13,-0.3019862590150673,-0.27885587555883573,-0.3007034881783538
Ptuh,14,-0.3029714087196214,-0.30101757970791937,-0.30008889550214773
Ptuh,15,-0.3308887492173508,-0.31028339250110704,-0.33049797883162296
Ptuh,16,-0.38542443074730043,-0.3638691720981335,-0.385523547096946
Ptuh,17,-0.3259600723197643,-0.28395477967651245,-0.3247780037561586
Ptuh,18,-0.2857920434531164,-0.29140203914062396,-0.2813501559786334
Ptuh,19,-0.42638394910075084,-0.4023102109199044,-0.42467476242038815
Ptuh,20,-0.20884536128998124,-0.19203499964397278,-0.2052379763724846
Ptuh,21,-0.37159277581199085,-0.35999767949467393,-0.3694015985651165
Ptuh,22,-0.36459808991494175,-0.38541268782719385,-0.3667400657398831
Ptuh,23,-0.29312468863843,-0.24508570146363412,-0.2918085951392122
Ptuh,24,-0.3846972661985658,-0.4025222955716896,-0.3836275374994974
Ptuh,25,-0.30485469195844067,-0.23678358946167025,-0.30332499553737663
Ptuh,26,-0.33467920277583535,-0.3224212623707455,-0.33358720310851386
Ptuh,27,-0.39753760702064805,-0.38503218269571055,-0.3957090544499938
Ptuh,28,-0.41508005071834736,-0.3701468919670765,-0.41404284913380446
Ptuh,29,-0.285145147959334,-0.2513380687093591,-0.2816027507952852
Ptuh,30,-0.13311798815657247,-0.1516955908020139,-0.1275927898134272
Ptuh,31,-0.37646786817028804,-0.36646453823961356,-0.372646685577431
Ptuh,32,-0.4130043410312201,-0.40926330716207676,-0.4114278643031715
Ptuh,33,-0.3827992650038243,-0.32994767562472777,-0.38078713914464474
Ptuh,34,-0.38361466577989745,-0.34184360264487357,-0.3818177421393802
Ptuh,35,-0.13170313230983224,-0.125669457114216,-0.1286480350513052
Ptuh,36,-0.15380772980041502,-0.16872394310137795,-0.154585579931284
Ptuh,37,-0.369017058222498,-0.36417094827585644,-0.369645759484045
Ptuh,38,-0.18530098279282858,-0.21408590049941126,-0.18349693491210559
Ptuh,39,-0.39812273466462195,-0.3801588091778685,-0.3959875291302897
Ptuh,40,-0.27356679899116476,-0.27777097899574926,-0.2712791065699368
Ptuh,41,-0.2976226950515426,-0.19545178177391948,-0.2971110628752543
Ptuh,42,-0.3660440033628747,-0.34502337217761375,-0.3615249212155235
Ptuh,43,-0.3260278413966231,-0.3003933982912588,-0.325475243354425
Ptuh,44,-0.1429398601345985,-0.12968832660416568,-0.13768276423195883
Ptuh,45,-0.10897819193311681,-0.05367404218566157,-0.10358506795917241
Ptuh,46,-0.24363732842464472,-0.17662063492710056,-0.2417508328668256
Ptuh,47,-0.13228412953367674,-0.08613262932326989,-0.13194379202008438
Ptuh,48,-0.3581683405874548,-0.33970989014180997,-0.35417526501730623
Ptuh,49,-0.25474474741853415,-0.2145180569576375,-0.254196532221451
Ptuh,50,-0.2795703855882585,-0.2059278689629557,-0.2741204484826462
Ptuh,51,-0.3441837403545991,-0.2986094035658437,-0.342187765789127
Ptuh,52,-0.129999297317713,-0.12289280729414462,-0.12535533676984534
Ptuh,53,-0.29633574240333455,-0.2553356074758191,-0.29688656865219165
Ptuh,54,-0.18272426084272256,-0.21256828932256863,-0.1823087877518844
Ptuh,55,-0.2911322509792936,-0.2325498046746632,-0.2881947242843367
Ptuh,56,-0.35274883949064556,-0.3016426636290619,-0.35180791705309356
Ptuh,57,-0.32738219352952197,-0.2878751134901234,-0.321464011375212
Ptuh,58,-0.23530972169125056,-0.16430947721189215,-0.23512271075033633
Ptuh,59,-0.3448684232020978,-0.3490235639163096,-0.3398072356487166
Ptuh,60,-0.1573434856137992,-0.0852159265296807,-0.15424614136682271
Ptuh,61,-0.40189163939153605,-0.3912600908831377,-0.40088149281206975
Ptuh,62,-0.3837575418185798,-0.34491985522281043,-0.38122732218701105
Ptuh,63,-0.2647795399363826,-0.21853042396750083,-0.2604468018868404
Ptuh,64,-0.10618935179759315,-0.08200219941015031,-0.10526217478806764
Ptuh,65,-0.20739419824581548,-0.18561524117159192,-0.2002058090712281
Ptuh,66,-0.16993046472501486,-0.10347443368466051,-0.16937353877226832
Ptuh,67,-0.27036195749718783,-0.28997810624642373,-0.27010141974623975
Ptuh,68,-0.03134212700684757,0.011306426490556324,-0.03224941082522468
Ptuh,69,-0.24469231886039083,-0.27624884170870656,-0.23955637732675875
Ptuh,70,-0.34341922350075266,-0.32629454847055367,-0.3425952761577203
Ptuh,71,-0.35440574818023535,-0.3626986422352992,-0.3520035809314117
Ptuh,72,-0.1917251379721372,-0.215211792311923,-0.188954855197563
Ptuh,73,-0.07550926304490753,-0.003491784761585961,-0.07438540098217139
Ptuh,74,-0.24026264963068722,-0.20042171268598538,-0.23644657214828568
Ptuh,75,-0.33535234837449485,-0.29817713875209184,-0.33325324607971657
Ptuh,76,-0.11995996851154393,-0.0732127019674771,-0.11876368542300302
Ptuh,77,-0.3851160012092934,-0.3822927363017999,-0.3850450972918071
Ptuh,78,-0.37943714871852474,-0.4040936340968922,-0.3778326118175295
Ptuh,79,-0.2965567587651192,-0.27056308935504964,-0.2964665008141186
Ptuh,80,-0.2848242688694021,-0.21327407590294156,-0.2835896138593415
Ptuh,81,-0.13490543616681788,-0.17860144588909627,-0.13048482697944513
Ptuh,82,-0.35043934322956444,-0.37778910063543986,-0.34715164246665425
Ptuh,83,-0.2992487462355386,-0.28612104820691203,-0.2979055697894629
Ptuh,84,-0.09184200803535109,-0.10784442090065097,-0.09157830948709629
Ptuh,85,-0.3258357827698869,-0.29193720746992313,-0.3238278879295198
Ptuh,86,-0.369851587927878,-0.35553344029573214,-0.37090576074427006
Ptuh,87,-0.3374797632689052,-0.3393162739126984,-0.3360239324241125
Ptuh,88,-0.3272668730846553,-0.36407414525928683,-0.3267624202955307
Ptuh,89,-0.05393164272733369,0.0024257576295471667,-0.04519585361300278
Ptuh,90,-0.3652602477518253,-0.3299666065613398,-0.35922781381065344
Ptuh,91,-0.28006794030915605,-0.253051189377132,-0.2785007832483024
Ptuh,92,-0.14804049505624273,-0.16798394090218124,-0.14485813041608303
Ptuh,93,-0.2287501344918281,-0.20740188845813812,-0.226163911594438
Ptuh,94,-0.30261837940420705,-0.24123128675860903,-0.3026420905879502
Ptuh,95,-0.26586029638434144,-0.2448525955661002,-0.2639538548776748
Ptuh,96,-0.3448594258904737,-0.35981032211823766,-0.3419709035653414
Ptuh,97,-0.3013174240458666,-0.28535803445766034,-0.3005343662361006
Ptuh,98,-0.3612956058080124,-0.3532728678117699,-0.3606981917702645
Ptuh,99,-0.267820254634515,-0.25794613317835163,-0.26655836793163784
Ptuh,100,-0.32928114534279085,-0.3538376602745157,-0.3253012629167943
Ptuh,101,-0.14086654418741373,-0.15820219076477884,-0.13947015772100138
Ptuh,102,-0.31237752706921307,-0.27072310994640336,-0.3083919334158986
Ptuh,103,-0.3368063982364574,-0.32981111728997237,-0.33654274768051784
Ptuh,104,-0.1892405902583417,-0.16274768422378863,-0.18758189788587137
Ptuh,105,-0.18947190548471637,-0.13321597914238428,-0.19009298274363015
Ptuh,106,-0.34579160883769133,-0.29827935748471435,-0.3459335306920561
Ptuh,107,-0.24443886016329844,-0.28138088594002136,-0.24171113028888924
Ptuh,108,-0.40710778222505994,-0.3771959806546234,-0.40609140441065844
Ptuh,109,-0.15975595430056508,-0.14114324137637002,-0.15664106085133833
Ptuh,110,-0.27912331740167345,-0.24545172705230153,-0.27579587393428456
Ptuh,111,-0.32351744641158,-0.2574689411623326,-0.32321852095731196
Ptuh,112,-0.09874661166840036,-0.04811174404052388,-0.09721055182325308
Ptuh,113,-0.35493192598626905,-0.27347305417543066,-0.35466541382866057
Ptuh,114,-0.35292591216116415,-0.34236323425016923,-0.3490261512018715
Ptuh,115,-0.27528322868674054,-0.2434031332959412,-0.2756824301340826
Ptuh,116,-0.21568644895817726,-0.24539477498531656,-0.21059684737778936
Ptuh,117,-0.33992306782321435,-0.2872319156492126,-0.3361217717143651
Ptuh,118,-0.41228399587806486,-0.4057403385758498,-0.40819933052350615
Ptuh,119,-0.2658613681465563,-0.23788705717080114,-0.2649254900136606
Ptuh,120,-0.09271573643118132,-0.1432628168780185,-0.08974164507559994
Ptuh,121,-0.3622247636865572,-0.35327010183246893,-0.360898586045153
Ptuh,122,-0.233295108459678,-0.18327600586181522,-0.23224590346287072
Ptuh,123,-0.29577683868831833,-0.18117670229105481,-0.2912506019078915
Ptuh,124,-0.33884443992481267,-0.2808702204980475,-0.3365364158085565
Ptuh,125,-0.36803608586003445,-0.39141418210145396,-0.36788368663712545
Ptuh,126,-0.3697938731433363,-0.37617584582707003,-0.3647654044006243
Ptuh,127,-0.34012757005860783,-0.3408703021911371,-0.3362784802458425
Ptuh,128,-0.3403862009260224,-0.3484071074051049,-0.33757788197112215
Ptuh,129,-0.17355487737236308,-0.20137715346033536,-0.1677441039935607
Ptuh,130,-0.419423983620033,-0.37830207021805307,-0.4178288550623556
Ptuh,131,-0.2779131907211191,-0.2282501013050227,-0.27805494060779296
Ptuh,132,-0.19741481826792873,-0.3159477563601181,-0.19653389782799557
Ptuh,133,-0.37400496889112306,-0.32757587765734375,-0.3720471036196367
Ptuh,134,-0.26293163215659804,-0.17993527075094334,-0.26450525404931713
Ptuh,135,-0.3901151925002496,-0.3712921568924691,-0.3880226033049303
Ptuh,136,-0.3231163813240554,-0.3193676151243826,-0.32461067766840185
Ptuh,137,-0.2709166999050672,-0.1870904973184713,-0.27079529931474855
Ptuh,138,-0.36494051052350224,-0.3368025132474147,-0.36190774945866455
Ptuh,139,-0.4207558420826784,-0.35999993206235525,-0.4195968464386954
Ptuh,140,-0.33783260606456295,-0.30436646900599074,-0.33547539653946684
Ptuh,141,-0.3285065218764177,-0.33941885970820845,-0.3268519446571918
Ptuh,142,-0.32696287288572573,-0.2934469644077511,-0.3233735791646709
Ptuh,143,-0.3740738348236367,-0.29239640499230707,-0.37103453169011974
Ptuh,144,-0.275719890622596,-0.22553163775035967,-0.27389616765919494
Ptuh,145,-0.14378646512435247,-0.18673573797035814,-0.13999671982277773
Ptuh,146,-0.28614525735309665,-0.29246102898581056,-0.2845521677721048
Ptuh,147,-0.0758707127114373,-0.11404674620096132,-0.06712194739154477
Ptuh,148,-0.17361120741142452,-0.14386080499497547,-0.16973781147506406
Ptuh,149,-0.27045305315447993,-0.2303463579276398,-0.2684344936316168
Ptuh,150,-0.04783148975495098,0.032833522874531534,-0.043844393986919555
Ptuh,151,-0.12238794924908185,-0.1494861354567276,-0.11720181042237944
Ptuh,152,-0.25272962005302213,-0.29165571973423055,-0.2457906088637898
Ptuh,153,-0.3445193220558786,-0.30536716477176973,-0.34224985685153436
Ptuh,154,-0.3184801715251151,-0.3034501671246399,-0.31561084622900837
Ptuh,155,-0.29272181603689335,-0.2450296288316583,-0.29224715180658095
Ptuh,156,-0.09691724276226271,-0.0720245760254698,-0.09303943880801771
Ptuh,157,-0.096238772681115,-0.09646705758050446,-0.09703842546875618
Ptuh,158,-0.3399979302016319,-0.33659230185370426,-0.33821232027827725
Ptuh,159,-0.01012051813577904,0.10310080774252597,-0.008041957645639317
Ptuh,160,-0.39854229237320166,-0.35984170325374004,-0.39640661159992663
Ptuh,161,-0.3426630483951092,-0.32365245374495083,-0.3389980854479724
Ptuh,162,-0.32173093577452944,-0.3489901668540368,-0.32132103514669913
Ptuh,163,-0.07744091161319763,-0.15367761303229838,-0.07566691485323557
Ptuh,164,-0.3760978237922073,-0.3457120791411861,-0.37318983020006635
Ptuh,165,-0.39501069420120893,-0.40406115631750217,-0.3942980127520521
Ptuh,166,-0.29312468863842794,-0.2450857014636343,-0.29180859513920593
Ptuh,167,-0.1973188734359354,-0.14468932635336212,-0.19117550654560048
Ptuh,168,-0.15958959121645205,-0.1495590380816691,-0.15300621301199577
Ptuh,169,-0.3211532056985851,-0.30366821778664893,-0.32003390066858906
Ptuh,170,-0.4226195501196876,-0.39021308251152464,-0.4190812509691491
Ptuh,171,-0.3098040137256908,-0.328995824268974,-0.30837025406908003
Ptuh,172,-0.39751532889751595,-0.362802099648481,-0.3948022927448901
Ptuh,173,-0.16610058158552865,-0.19523363570303728,-0.16161663307125765
Ptuh,174,-0.16797084214957128,-0.15764083692914438,-0.1648539815426789
Ptuh,175,-0.32054498412917143,-0.287260262837467,-0.3187515351950803
Ptuh,176,-0.26320635651483504,-0.14963057563408086,-0.2636442329678574
Ptuh,177,-0.2178283810480573,-0.09273374699900798,-0.21216665643728116
Ptuh,178,-0.08373217315953224,0.020657624410494586,-0.08438547948377023
Ptuh,179,-0.29379393941445664,-0.24254504175223857,-0.28974042690095975
Ptuh,180,-0.3244451898819989,-0.333748376009112,-0.32250155935240227
Ptuh,181,-0.42154643663069774,-0.42173930319140374,-0.41927062844894536
Ptuh,182,-0.3183620699103024,-0.22009047278944743,-0.31802324995336706
Ptuh,183,-0.41597850573817424,-0.4510851921183639,-0.41260062872700637
Ptuh,184,-0.35151041099976227,-0.2889254182791767,-0.3480554939128983
Ptuh,185,-0.36917575577691064,-0.35594720558698983,-0.365383764227663
Ptuh,186,-0.04500674507063169,-0.08780925798559198,-0.045103326643830016
Ptuh,187,-0.2331055285764988,-0.295447336117859,-0.2307294957149794
Ptuh,188,-0.32987267787406815,-0.32137540487191474,-0.3274841091132275
Ptuh,189,-0.33042618867609896,-0.31498638818184466,-0.32741242113681424
Ptuh,190,-0.180059462556027,-0.23155882368428737,-0.17848288252943265
Ptuh,191,-0.08975231419390871,-0.06259081923897927,-0.08500464707132244
Ptuh,192,-0.05433373795114251,-0.11175440734010618,-0.0530346566893717
Ptuh,193,-0.3691757557769149,-0.35594720558698706,-0.36538376422766466
Ptuh,194,-0.28628403403388375,-0.2257604308233811,-0.2817115710461344
Ptuh,195,-0.04738806698414445,0.038193598536581996,-0.04448434990697321
Ptuh,196,-0.14254759023888025,-0.03317526078821415,-0.14070415633929764
Ptuh,197,-0.3799521262677691,-0.350890693891983,-0.3779766423359658
Ptuh,198,-0.28610558047269763,-0.257443501712118,-0.2835777277756695
Ptuh,199,-0.2583548709904081,-0.1770655367427971,-0.25641179519417995
Ptuh,200,-0.36263664711948657,-0.3317915828453489,-0.3623365946265534
Ptuh,201,-0.37638581447489633,-0.364300234747258,-0.37345736793200784
Ptuh,202,-0.2290201578873429,-0.17640994609371355,-0.22840953884551585
Ptuh,203,-0.3496049176899921,-0.3077329696664915,-0.34431170690645646
Ptuh,204,-0.2968763176787794,-0.2474505758373225,-0.29717785622476867
Ptuh,205,-0.3031434334607782,-0.2806483158012968,-0.3028351121799619
Ptuh,206,-0.34261938350146204,-0.3006637213102381,-0.3389606719301007
Ptuh,207,-0.2727087542336433,-0.1897696779513407,-0.27256390307770867
Ptuh,208,-0.3664715206945679,-0.3538653885015975,-0.3640429326243833
Ptuh,209,-0.07049251462328797,-0.1609113961737099,-0.06260829854304953
Ptuh,210,-0.12835813472928545,-0.10869022690790796,-0.1272409290116616
Ptuh,211,-0.15182123355200206,-0.16267826820889683,-0.14997015477911502
Ptuh,212,-0.18451615801260887,-0.2925941212117705,-0.18459837668884366
Ptuh,213,-0.21555403645112128,-0.26587766593059764,-0.21601848178407373
Ptuh,214,-0.16446146629589206,-0.1592204303227034,-0.16173838256882958
Ptuh,215,-0.28496281924741795,-0.2621317400723456,-0.28529844467006027
Ptuh,216,-0.11389958949394177,-0.1231365339476307,-0.11380703799462781
Ptuh,217,-0.2984652265195101,-0.2492172911118815,-0.2978060967854936
Ptuh,218,-0.15211143518167689,-0.1661259892406469,-0.1520869088344875
Ptuh,219,-0.36353591397874346,-0.3059007446711352,-0.36299719654389095
Ptuh,220,-0.37593097389675983,-0.32792380579086056,-0.3723650801968145
Ptuh,221,-0.3483399389396164,-0.2982572442082119,-0.3460198838350151
Ptuh,222,-0.22735138660997312,-0.30129062899189496,-0.22154524176514784
Ptuh,223,-0.38450122464201136,-0.4079662236999513,-0.3827124216785383
Ptuh,224,-0.3841097676242452,-0.3333556884623836,-0.38289570385468347
Ptuh,225,-0.3496049176899912,-0.3077329696664907,-0.3443117069064516
Ptuh,226,-0.3201779794436946,-0.2669700799889069,-0.31829783001817546
Ptuh,227,-0.1869495043364941,-0.2411593756585773,-0.18320623097251387
Ptuh,228,-0.335815316874232,-0.3278343343310296,-0.33299423694832253
Ptuh,229,-0.3412354747409762,-0.3533291275228504,-0.33741315248397163
Ptuh,230,-0.3582242217974314,-0.3152107616798318,-0.35415251700193034
Ptuh,231,-0.3209120534835529,-0.30044621137653404,-0.3161842733541475
Ptuh,232,-0.3064466618167002,-0.24632903446014254,-0.3038078100924206
Ptuh,233,-0.25618621461203106,-0.2123810014186737,-0.2550169650134109
Ptuh,234,-0.32027682764219856,-0.31469901394854216,-0.319223018653768
Ptuh,235,-0.242757877157948,-0.15708527597231894,-0.2411518872528252
Ptuh,236,-0.15683758371124848,-0.15084605443352525,-0.157314710501225
Ptuh,237,-0.29268103746296137,-0.2311855572656357,-0.292367234297772
Ptuh,238,-0.2655569792529061,-0.23034930842174314,-0.26438080001440295
Ptuh,239,-0.3067765230751159,-0.28498915699911964,-0.3072059293869984
Ptuh,240,-0.41965536307219564,-0.4049607590267634,-0.4191160365102196
Ptuh,241,-0.3168579109425196,-0.30798777131388994,-0.3128300723795462
Ptuh,242,0.05083576950307969,-0.04278947506501313,0.05279649900123959
Ptuh,243,-0.19088810621456737,-0.1571463710012366,-0.1860544792835294
Ptuh,244,-0.31184720299698443,-0.2584131569826038,-0.30541443059255
Ptuh,245,-0.3662233754346415,-0.3098357126374086,-0.3626222533013834
Ptuh,246,-0.42543702127553235,-0.3900649860124247,-0.4206936781167963
Ptuh,247,-0.2917811096225189,-0.269371584550803,-0.2915447841774643
Ptuh,248,-0.12352145108764243,-0.09737354488931103,-0.11987020286394227
Ptuh,249,-0.3079193687004428,-0.2720062800305634,-0.3052423460244129
Ptuh,250,-0.10469709152867625,5.123603521185985e-4,-0.10236779086482223
Ptuh,251,-0.3215122753004539,-0.28773177745811945,-0.31739330241524494
Ptuh,252,-0.38724565471225675,-0.33084104723853347,-0.3847059986469476
Ptuh,253,-0.3457916088376888,-0.29827935748471446,-0.345933530692055
Ptuh,254,-0.3296138370432008,-0.24414480861199475,-0.3293145748384919
Ptuh,255,-0.2805497493109587,-0.25581150547308884,-0.2798617869384195
Ptuh,256,-0.10682659201609404,-0.05097699875195839,-0.10620126446553131
Ptuh,257,-0.1048643456194659,-0.036448243164350906,-0.1012768689853409
Ptuh,258,-0.408474881106366,-0.4033910678087935,-0.4068425564621915
Ptuh,259,-0.29373026930086626,-0.23404466825119766,-0.2937162675371569
Ptuh,260,-0.2931780335820856,-0.2342844924753685,-0.29220872700950223
Ptuh,261,-0.302618379404209,-0.24123128675860828,-0.30264209058795244
Ptuh,262,-0.3947151158860935,-0.3974692918977508,-0.39138000597058864
Ptuh,263,-0.22550116708092627,-0.1676587229888694,-0.22476705421915072
Ptuh,264,-0.30763734614001015,-0.24815069630639647,-0.30461431457252824
Ptuh,265,-0.2928193087819219,-0.20142322831730536,-0.2878203671759783
Ptuh,266,-0.34814379116259064,-0.33348829845100986,-0.3467404201334718
Ptuh,267,-0.2762331595466607,-0.2975512965793049,-0.27340613820686216
Ptuh,268,-0.32774200203467974,-0.29310041039947043,-0.3276036473724483
Ptuh,269,-0.36978791050059184,-0.3428960283145097,-0.3688512471389209
Ptuh,270,-0.3524033853755297,-0.33347183179600987,-0.34976185637298
Ptuh,271,-0.2380368337760994,-0.20509033424094447,-0.23215513217565775
Ptuh,272,-0.1517303080688123,-0.09335207352144274,-0.14831842217235064
Ptuh,273,-0.35541995222759415,-0.31264676505150785,-0.35501018760230596
Ptuh,274,-0.36451911906952733,-0.3220696627891766,-0.3607819457002092
Ptuh,275,-0.14482569242950727,-0.25274448512573133,-0.1399571213726383
Ptuh,276,-0.30747722082784446,-0.26179819455152276,-0.306104366851161
Ptuh,277,-0.1528477500656343,-0.2042332361150206,-0.15484897828205696
Ptuh,278,-0.2052451590417189,-0.25024748602119296,-0.20505114406305766
Ptuh,279,-0.37897525039359364,-0.3803062432541252,-0.37678704679389935
Ptuh,280,-0.37646786817028366,-0.3664645382396153,-0.37264668557743125
Ptuh,281,-0.2641493002077773,-0.22607734814833813,-0.261587528845017
Ptuh,282,-0.15228922175212406,-0.11134418061893728,-0.15155764186390167
Ptuh,283,-0.4289574572778741,-0.41003576567551764,-0.42885713670302017
Ptuh,284,-0.24646985786072476,-0.20907458279736976,-0.24489705093821995
Ptuh,285,-0.15734348561378575,-0.08521592652968837,-0.15424614136682668
Ptuh,286,-0.3724038377735287,-0.3610739370518871,-0.3700665645247887
Ptuh,287,-0.3453565707723217,-0.3194901128443041,-0.3459742361011268
Ptuh,288,-0.20534030698942118,-0.3022886839237945,-0.20145971439381258
Ptuh,289,-0.3211532056985813,-0.3036682177866497,-0.32003390066858883
Ptuh,290,-0.2804924534720587,-0.2806128825791214,-0.2777058221243923
Ptuh,291,-0.45965965366183226,-0.4361072959464289,-0.4574262716127565
Ptuh,292,-0.39904500554206257,-0.3474286928495356,-0.3962935928737774
Ptuh,293,-0.23934129467962362,-0.14202748794208442,-0.23860517099879655
Ptuh,294,-0.12412595812623714,-0.18192208743994914,-0.12040393368089371
Ptuh,295,-0.0856131793293226,-0.08699874654821063,-0.08334051049608747
Ptuh,296,-0.17134260710026958,-0.1305005991882759,-0.16872433291894964
Ptuh,297,-0.22048825177204,-0.15840650347653715,-0.21384433234776706
Ptuh,298,-0.3800059720075057,-0.38385823621254667,-0.37377853504426584
Ptuh,299,-0.2813250551241865,-0.23310788445451605,-0.27953850734861396
Ptuh,300,-0.42702368721304573,-0.42307486644712045,-0.4249018858353036
Ptuh,301,-0.17047096285252084,-0.18344420936310185,-0.17186401723909592
Ptuh,302,-0.3506789914506732,-0.3241765481216329,-0.3494684256771791
Ptuh,303,-0.1541965894101743,-0.18913123253677086,-0.1524035591762054
Ptuh,304,-0.40920727056793316,-0.39021302607007163,-0.4082121924195405
Ptuh,305,-0.29898339548067526,-0.23242335125686478,-0.29932032626873417
Ptuh,306,-0.1397078417753285,-0.15348346339195876,-0.13739964229067833
Ptuh,307,-0.3567511917588415,-0.3311307276957343,-0.35448291921308767
Ptuh,308,-0.22493811817259535,-0.20751201401756095,-0.21991949567054836
Ptuh,309,-0.39583010860315515,-0.36621722510681365,-0.39350669561587087
Ptuh,310,-0.39376823570294767,-0.388006860224033,-0.3908462747359483
Ptuh,311,-0.3804266353203512,-0.3867184452567524,-0.3769354341832283
Ptuh,312,-0.2933898530768278,-0.2282391252383714,-0.2899978170530453
Ptuh,313,-0.352403385375519,-0.3334718317960056,-0.34976185637297974
Ptuh,314,-0.419100564659464,-0.3854857544207926,-0.41593804475216184
Ptuh,315,-0.35103624177328513,-0.3012698036205023,-0.3508929682532501
Ptuh,316,-0.3506634626169236,-0.32503634746912585,-0.3454888806725703
Ptuh,317,-0.2937939394144401,-0.24254504175223832,-0.28974042690095764
Ptuh,318,-0.361238810151365,-0.36915343552301794,-0.35809286688360586
Ptuh,319,-0.10414017972229646,-0.13130920678273972,-0.10282021619347778
Ptuh,320,-0.19541818224856516,-0.19595193264297414,-0.1932172472396591
Ptuh,321,-0.30357276805795536,-0.27860800811928393,-0.30196963244543495
Ptuh,322,-0.2446139326494031,-0.18369957447450352,-0.2445472180678126
Ptuh,323,-0.3096652165738912,-0.2900270189852132,-0.3095326850679098
Ptuh,324,-0.34454318125687056,-0.33193381926189336,-0.34163282763554725
Ptuh,325,-0.28356457937285123,-0.14559097372918145,-0.28175360419316564
Ptuh,326,-0.1402759196365631,-0.2144947196076624,-0.1339450107371384
Ptuh,327,-0.3351158040462567,-0.33455063147360875,-0.3326207719613996
Ptuh,328,-0.325170667217631,-0.27834932584928096,-0.32333596258901526
Ptuh,329,-0.38555717328761757,-0.3626641298984982,-0.3841490124580762
Ptuh,330,-0.2447822797253123,-0.17832924593314,-0.2434108012413383
Ptuh,331,-0.09258629843734294,-0.05095573884544499,-0.09341538728423895
Ptuh,332,-0.11954881028440997,-0.22271065930207587,-0.11730063438608375
Ptuh,333,-0.09293482659774181,-0.039780733040521835,-0.089264897164594
Ptuh,334,-0.19685131277164827,-0.24033234061461015,-0.19408463073820806
Ptuh,335,-0.24087042767204572,-0.3603497985108892,-0.23791020995945608
Ptuh,336,-0.2009660608902711,-0.2358515267618896,-0.19477326428101366
Ptuh,337,-0.23523040086898095,-0.22362890041147318,-0.23392544760672157
Ptuh,338,-0.27653478058658004,-0.2354090773692031,-0.27497122899940885
Ptuh,339,-0.3824115609245543,-0.37075282990764713,-0.3806762256978055
Ptuh,340,-0.2981172096090684,-0.26864320289504084,-0.2969867560504333
Ptuh,341,-0.2980667092896976,-0.2776473266556421,-0.2979420053330922
Ptuh,342,-0.33352895368876906,-0.3102786576714918,-0.3330929879379899
Ptuh,343,0.012586206340129226,0.019733826995057064,0.014098463731930142
Ptuh,344,-0.2860317619962816,-0.27856252247825286,-0.28456204430589727
Ptuh,345,-0.2464698578607221,-0.20907458279736973,-0.24489705093821695
Ptuh,346,-0.03585679784549344,0.015661612611600415,-0.03294239360648638
Ptuh,347,-0.3024605567768138,-0.23603708200573212,-0.29926982093019827
Ptuh,348,-0.3950476088858879,-0.3650887759191786,-0.39350968168884326
Ptuh,349,-0.11093313585951414,-0.06768755172912475,-0.10518952922777305
Ptuh,350,-0.06627096778834324,-0.13544298644295247,-0.0648724019574314
Ptuh,351,-0.27249050265414665,-0.25404571163441053,-0.26977286610102214
Ptuh,352,-0.33081377567434955,-0.298348599593576,-0.3261575069543266
Ptuh,353,-0.2231202043663219,-0.1868621255600673,-0.2225294290404643
Ptuh,354,-0.07510964430350865,-0.09062374723683915,-0.06937215370999354
Ptuh,355,-0.3539533085527124,-0.340175915097491,-0.3499757697048667
Ptuh,356,-0.2518717824660316,-0.1916331074681266,-0.2501788873367839
Ptuh,357,-0.36931960511143613,-0.3543215110012993,-0.36882614918780243
Ptuh,358,-0.24786797724905502,-0.1621172832204992,-0.246189979201642
Ptuh,359,-0.3733760114235565,-0.3259134355271208,-0.37233966232505594
Ptuh,360,-0.12294862363454309,-0.08339092083703792,-0.12136391565996006
Ptuh,361,-0.390115192500251,-0.37129215689246564,-0.38802260330492966
Ptuh,362,-0.03373447033830114,-0.0239047016875547,-0.03218382993985262
Ptuh,363,-0.3154842961097434,-0.29043426996325633,-0.31477652242909837
Ptuh,364,-0.296335742403338,-0.2553356074758202,-0.2968865686521901
Ptuh,365,-0.25457923620800205,-0.1741670273905679,-0.25351960642015725
Ptuh,366,-0.11509359998003887,-0.0546209451214391,-0.11175522668220941
Ptuh,367,-0.34523394857503126,-0.36341637081276956,-0.3456665123382001
Ptuh,368,-0.2857920434531189,-0.2914020391406236,-0.28135015597863894
Ptuh,369,-0.3061661393345583,-0.2838962946673922,-0.3056508533244456
Ptuh,370,-0.2813952850029618,-0.21100317217467265,-0.2786596044306822
Ptuh,371,-0.2864112803619117,-0.24395547266427753,-0.2854330850168811
Ptuh,372,-0.2968082512403654,-0.24437079728004213,-0.2926669176496123
Ptuh,373,-0.3830464607158597,-0.34143501207730065,-0.3812267949590194
Ptuh,374,-0.40443856697741193,-0.3732021947401507,-0.40424246746445386
Ptuh,375,-0.24462405494126097,-0.24651568048659067,-0.24519426901520844
Ptuh,376,-0.11690072254643459,-0.15208307048169975,-0.11739651203886964
Ptuh,377,-0.26922179813401964,-0.27179101866931193,-0.26610544596229635
Ptuh,378,-0.33717956737669397,-0.3010317868280854,-0.3368902205118825
Ptuh,379,-0.3106887972905122,-0.30183025715795503,-0.3098126098945418
Ptuh,380,-0.13743344499711618,-0.11103108408768259,-0.13718668128399772
Ptuh,381,-0.3573642147088684,-0.36459684113376867,-0.3549245687518442
Ptuh,382,-0.2480542162458438,-0.2760971296444563,-0.2450765591054727
Ptuh,383,-0.34853754519810987,-0.30338095737198867,-0.3491704089268694
Ptuh,384,-0.2916472060224343,-0.2576120855973581,-0.28788371020926334
Ptuh,385,-0.28896562007379695,-0.24606152962646866,-0.2841958593554314
Ptuh,386,-0.30853642614377996,-0.26620757976309894,-0.30672170421928724
Ptuh,387,-0.0014708314336465936,-0.08742020598775947,-3.5264635522659464e-4
Ptuh,388,-0.18887333052447802,-0.17655139819491417,-0.18888644290947423
Ptuh,389,-0.3202409634765569,-0.2881846669315643,-0.32074786085586404
Ptuh,390,-0.2725002072933819,-0.22452115794652225,-0.2721219349109351
Ptuh,391,-0.32959446477439147,-0.29904421197761993,-0.32309808614566626
Ptuh,392,-0.1471197045853095,-0.13082500544900716,-0.14422708908709714
Ptuh,393,-0.11780992905830093,-0.14015176930882806,-0.11586524061106375
Ptuh,394,-0.30858120886910095,-0.2164682875534875,-0.3058814297530737
Ptuh,395,-0.3163349288368001,-0.3153556702402158,-0.313796653223415
Ptuh,396,-0.38741361308491856,-0.38149971742257377,-0.38388139358712475
Ptuh,397,-0.26426840460944734,-0.2597511028271258,-0.2603648595721048
Ptuh,398,-0.0749742616839557,-0.03983220261612617,-0.07375010879518477
Ptuh,399,-0.3868369431721275,-0.3453100148845264,-0.38437892472972596
Ptuh,400,-0.3999989997141271,-0.39710228136105574,-0.39751176911820035
Ptuh,401,-0.2932016178286293,-0.26895741694265773,-0.2899970433616164
Ptuh,402,-0.33283532160503293,-0.3083297214420797,-0.33427558131354224
Ptuh,403,-0.42085930078362127,-0.37224389486192416,-0.4198003296132669
Ptuh,404,-0.05413559681924336,-0.028158646189110643,-0.053944222896839686
Ptuh,405,-0.10913971452958955,-0.07317132700282421,-0.10584221169712674
Ptuh,406,-0.09662486683726385,-0.09739523117962806,-0.09437811344719263
Ptuh,407,-0.30694725486537616,-0.2793674673332666,-0.3052121595688032
Ptuh,408,-0.27381489519401686,-0.22487425227633687,-0.273193554522389
Ptuh,409,-0.35013418870879814,-0.3252991550674461,-0.3456125455435753
Ptuh,410,-0.12030629653743077,-0.03693219846134114,-0.1183440668113299
Ptuh,411,-0.2810301385502119,-0.21330181286373381,-0.2789662502548749
Ptuh,412,-0.18907891344155314,-0.2074329070956519,-0.1879273347978281
Ptuh,413,-0.163649359983562,-0.13755877379214188,-0.16227550884525715
Ptuh,414,-0.26365937721121696,-0.21658504870238676,-0.25995426335437627
Ptuh,415,-0.3417817907406735,-0.2975853444749058,-0.33904144622173393
Ptuh,416,-0.37939093552712017,-0.39181702143598,-0.37780498693988723
Ptuh,417,-0.36123881015136017,-0.3691534355230143,-0.35809286688360753
Ptuh,418,-0.326309732714884,-0.35414283441673367,-0.3255079856340356
Ptuh,419,-0.3457916088376925,-0.2982793574847154,-0.3459335306920563
Ptuh,420,-0.0915931650982111,-0.15380635218487557,-0.09134039317069671
Ptuh,421,-0.11447054056804903,-0.15177159749346492,-0.11278861506462586
Ptuh,422,-0.41101966564025694,-0.36331844708453404,-0.4080187907988208
Ptuh,423,-0.031134518452869124,0.04461695480793131,-0.028773823604040086
Ptuh,424,-0.14348747100549317,-0.1843021152809356,-0.13679684135688694
Ptuh,425,-0.31944401677906326,-0.31605309340140825,-0.3183300794120547
Ptuh,426,-0.270049800806867,-0.2206760966895058,-0.26955837520205034
Ptuh,427,-0.2817526398314071,-0.23786157164206073,-0.2814980157236395
Ptuh,428,-0.42290884145523655,-0.40572830219384126,-0.41986387335817477
Ptuh,429,-0.20677129429829205,-0.1526492336270176,-0.20609140578534182
Ptuh,430,-0.046111157408594367,-0.04989447758665386,-0.04295050522822072
Ptuh,431,-0.285757849553239,-0.26434695344762715,-0.284266245144539
Ptuh,432,-0.09999741896469881,-0.16345123197742506,-0.09098628921803459
Ptuh,433,-0.26938525388941864,-0.2399854297718993,-0.26496756388645193
Ptuh,434,-0.1238934327698684,-0.16221005419625936,-0.11808995474946687
Ptuh,435,-0.00743272466316576,0.015023429980685595,-0.006697224364433257
Ptuh,436,-0.1678920971134914,-0.08477320001523177,-0.1630197046391633
Ptuh,437,-0.4207558420826829,-0.3599999320623493,-0.41959684643869877
Ptuh,438,-0.12127609677374585,-0.11307396144176175,-0.1173174920787735
Ptuh,439,-0.3826065490085842,-0.39182433212615264,-0.38086503531977567
Ptuh,440,-0.36759025624798264,-0.3551525542445997,-0.36768917669965867
Ptuh,441,-0.4014274848706461,-0.3343915783221214,-0.4017408195782967
Ptuh,442,-0.13083274885690882,-0.13594261104755404,-0.129622202574624
Ptuh,443,-0.40034304768625545,-0.4685663158878007,-0.3975467637220695
Ptuh,444,-0.03849747363448306,-0.14932962145831338,-0.03422070858940723
Ptuh,445,-0.30447376785268754,-0.28611313881956413,-0.3038149340083644
Ptuh,446,-0.26721095950351853,-0.2502474768981504,-0.2637052169052331
Ptuh,447,-0.2892873050965268,-0.2621232203995975,-0.28849232025944843
Ptuh,448,-0.27295912043806947,-0.19458900081312147,-0.2717723662383784
Ptuh,449,-0.2984494854256817,-0.25440741168222886,-0.29358577043390355
Ptuh,450,-0.3542724316182637,-0.3504576622481809,-0.3526014439346121
Ptuh,451,-0.20966326661654344,-0.17246170554478807,-0.20847424849807458
Ptuh,452,-0.4263098867170488,-0.3827660312200325,-0.4242779774872589
Ptuh,453,-0.33186471491345637,-0.2899646172843857,-0.3274243289758531
Ptuh,454,-0.3958886182564636,-0.4010698349396009,-0.3919466552572421
Ptuh,455,-0.11406654035295394,-0.15061122105118685,-0.10719354455552711
Ptuh,456,-0.11143520355601441,-0.14882309979234618,-0.10839669936057596
Ptuh,457,-0.26931205724419727,-0.25755217110972156,-0.2678124941335924
Ptuh,458,-0.2723078640642684,-0.2398338329805884,-0.27037088622500566
Ptuh,459,-0.2848927810517873,-0.2588898109953054,-0.2824516719727089
Ptuh,460,-0.4197736476258071,-0.40512654924738634,-0.4192496166246295
Ptuh,461,-0.22550116708093237,-0.16765872298887535,-0.22476705421915036
Ptuh,462,-0.20382130404526805,-0.17081061910568615,-0.20256469482093478
Ptuh,463,-0.060495218524135204,-0.07860411638373017,-0.05742952786210437
Ptuh,464,-0.3871766848029477,-0.359476530046197,-0.38536841698618074
Ptuh,465,-0.3572862616684157,-0.36936556240168444,-0.3558010222996894
Ptuh,466,-0.35755058240254317,-0.29272552221656445,-0.3540519738405811
Ptuh,467,-0.15546318802731635,-0.0930178307607097,-0.14910471649709528
Ptuh,468,-0.3238735207644005,-0.3417059018050514,-0.31998527256992976
Ptuh,469,-0.27791319072111553,-0.22825010130502307,-0.2780549406077881
Ptuh,470,-0.30871013538948544,-0.25904097335385196,-0.30803688767431636
Ptuh,471,-0.07061223598009006,-0.11422069413069795,-0.0667583199493805
Ptuh,472,-0.31721142447161443,-0.30192920834549347,-0.31184336766894544
Ptuh,473,-0.35292591216116875,-0.3423632342501692,-0.34902615120187264
Ptuh,474,-0.14664957117323643,-0.033615250737364974,-0.13694010829088876
Ptuh,475,-0.10804277004434776,-0.09064892652393723,-0.10892572539520834
Ptuh,476,-0.27299804092945645,-0.31654254089196276,-0.27212493832463897
Ptuh,477,-0.33987116862757355,-0.35381600220356374,-0.33734643757814076
Ptuh,478,-0.3691849086408891,-0.3705639396219574,-0.36905162743685743
Ptuh,479,-0.35323871100234805,-0.3240329024779633,-0.34954207277257526
Ptuh,480,-0.33499510530757437,-0.33044853983308736,-0.33432338797548716
Ptuh,481,-0.15466979861756144,-0.1913393836666511,-0.14955873695155508
Ptuh,482,-0.14186514362932226,-0.23312285447704914,-0.13594247791571631
Ptuh,483,-0.06846035899345497,-0.042728262472306856,-0.06518618176423398
Ptuh,484,-0.04697153183097779,-0.1015917162492749,-0.04563432347852715
Ptuh,485,-0.3313704100100828,-0.3659307350011295,-0.3316918601160922
Ptuh,486,-0.3637847609513067,-0.2857019461192248,-0.3606822352982914
Ptuh,487,-0.285118912824515,-0.28854456158817726,-0.2813019861711035
Ptuh,488,-0.2247665042574528,-0.1572661028708095,-0.2225506481473265
Ptuh,489,-0.3657397377707594,-0.29202743466066583,-0.36331941808697427
Ptuh,490,-0.20679811391641673,-0.16223604243292267,-0.2072396292838611
Ptuh,491,-0.17920638101742273,-0.24791507617016087,-0.17586709743815176
Ptuh,492,-0.318901702630371,-0.32124534179164926,-0.31792576440084525
Ptuh,493,-0.32923458960038454,-0.24814283355680414,-0.3287794045413538
Ptuh,494,-0.1553843442813139,-0.18615480040902407,-0.15402028773058377
Ptuh,495,-0.2980667092896986,-0.27764732665563907,-0.29794200533309056
Ptuh,496,-0.3364009871634443,-0.29253941885099183,-0.33410525474739744
Ptuh,497,-0.29127850801557104,-0.214055913393236,-0.28568672551580326
Ptuh,498,-0.35306480078548014,-0.3185203236889987,-0.3495301678801835
Ptuh,499,-0.45911173681681083,-0.42498478181956195,-0.4574943129368558
Ptuh,500,-0.36554478177857175,-0.347791226277513,-0.36124609545518105
Ptuh,501,-0.10431727604014998,-0.03400980594641037,-0.10234881684511615
Ptuh,502,-0.1704305385217911,-0.20605873339140895,-0.1668611159530936
Ptuh,503,-0.24266691822134423,-0.27827443651433686,-0.2392761279880954
Ptuh,504,-0.18548389091190587,-0.1677180350366813,-0.1804319131171775
Ptuh,505,-0.24409267464041035,-0.17412455959269538,-0.24319100323580145
Ptuh,506,-0.4070997644276625,-0.42356199281276524,-0.4057390884979871
Ptuh,507,-0.05118293673121111,-0.059023470069982625,-0.05000771637427236
Ptuh,508,-0.1432010528464833,-0.16731566260874803,-0.1398176336001452
Ptuh,509,-0.10898558206089536,-0.11294477981345426,-0.10659083962673338
Ptuh,510,-0.2666373449613968,-0.26527313639702405,-0.26483607480632243
Ptuh,511,-0.11444744469217938,-0.15477151350429824,-0.11329469285129437
Ptuh,512,-0.4268723736838407,-0.4189749435630313,-0.4247706894707037
Ptuh,513,-0.0852644098242308,-0.07616377736474671,-0.08250696802521733
Ptuh,514,-0.26302970444828017,-0.22946515000287446,-0.26072785831618356
Ptuh,515,-0.35579318185581343,-0.3534222060616156,-0.35553796436526913
Ptuh,516,0.017141788957713948,-0.05141174541591096,0.020988949890227822
Ptuh,517,-0.12791851701485552,-0.13175863833857288,-0.12735850476552368
Ptuh,518,-0.38811845340316337,-0.3753662188177703,-0.3852971954263682
Ptuh,519,-0.14054511179992057,-0.16810700454199448,-0.14077091599477115
Ptuh,520,-0.3325904465998654,-0.3267549450330411,-0.33200648659644055
Ptuh,521,-0.2632063565148307,-0.14963057563408844,-0.26364423296785516
Ptuh,522,-0.33380296528594744,-0.3054453859013943,-0.3309466276678253
Ptuh,523,-0.2560667970433739,-0.19213236676828205,-0.2545257601824114
Ptuh,524,-0.1916107980048238,-0.22720874413872705,-0.19194784300149767
Ptuh,525,-0.37602108503341686,-0.3701036906027028,-0.37245569895931635
Ptuh,526,-0.34727963429843706,-0.34905350777322797,-0.3467185982096641
Ptuh,527,-0.24547164659229864,-0.1762917686927665,-0.23993235078098543
Ptuh,528,-0.35852626328473874,-0.2522437949520379,-0.3569872330594656
Ptuh,529,-0.3103385525644209,-0.2801779794535776,-0.3100978052441548
Ptuh,530,-0.31647258251595684,-0.2570605041602894,-0.3150055792439617
Ptuh,531,-0.2637683745713643,-0.2418516061098883,-0.26222927808541113
Ptuh,532,-0.4262371563104459,-0.3985208082042395,-0.42397910287573476
Ptuh,533,-0.2137809770241965,-0.30731599925289443,-0.20914812659951182
Ptuh,534,-0.30871013538948205,-0.2590409733538436,-0.308036887674316
Ptuh,535,-0.32987267787407276,-0.32137540487191596,-0.3274841091132297
Ptuh,536,-0.43068376878357095,-0.4552965754534584,-0.4262315349034764
Ptuh,537,-0.0024748325379643976,-0.11689767797358706,8.802711567373799e-4
Ptuh,538,-0.2319878215770428,-0.26741547691747153,-0.23156929416530866
Ptuh,539,-0.33410397884006054,-0.328334119276037,-0.3320328584576054
Ptuh,540,-0.2570931055162935,-0.20154500300860084,-0.25187551405048175
Ptuh,541,-0.31549466174878454,-0.2870671876431678,-0.31120235808527097
Ptuh,542,-0.29351833312809295,-0.24350134799715675,-0.29423969219041596
Ptuh,543,-0.16300807836590378,-0.20077670249986473,-0.16281929276895188
Ptuh,544,-0.3463539401760339,-0.336037338818428,-0.34440465675057286
Ptuh,545,-0.3256801473960604,-0.3270786563136485,-0.32519314908670877
Ptuh,546,-0.378468186623719,-0.39034127329715007,-0.3769480558040046
Ptuh,547,-0.2974742351795362,-0.26027636791729536,-0.2949929373339538
Ptuh,548,-0.17468523096440086,-0.19938356155864267,-0.1713198957593544
Ptuh,549,-0.3290778396502923,-0.3638868841864117,-0.3251406738374981
Ptuh,550,-0.16821456583213315,-0.070972549870285645,-0.1662706298555259
Ptuh,551,-0.3824041205784507,-0.3656023157072285,-0.38153285923007046
Ptuh,552,-0.31098334246624343,-0.32834088765279307,-0.307940989309259
Ptuh,553,-0.33600672399798653,-0.3321478170320206,-0.33165814072571137
Ptuh,554,-0.20610226100759035,-0.11163369676726802,-0.20561389349096623
Ptuh,555,-0.34937254277797547,-0.3252763031045175,-0.3468893941311493
Ptuh,556,-0.05372089393697206,-0.055838945212889346,-0.048172494976767684
Ptuh,557,-0.30251139307187985,-0.317981680438387,-0.30126922149353824
Ptuh,558,-0.4175276843711934,-0.42369844829773623,-0.4172972583755425
Ptuh,559,-0.230471556498242,-0.20234183049822374,-0.22752740609330896
Ptuh,560,-0.31664522760671204,-0.3073971139071546,-0.3162821276232471
Ptuh,561,-0.2718635131216126,-0.22616275770406444,-0.27102764324594725
Ptuh,562,-0.3048465037115531,-0.27850821333953035,-0.3033207127641024
Ptuh,563,-0.34559216822213207,-0.3186915505156909,-0.3424542335102314
Ptuh,564,-0.34539362342119456,-0.34971785381944953,-0.345032737478507
Ptuh,565,-0.0364122931637188,-0.03590528089265196,-0.0322224108247097
Ptuh,566,-0.34113316350493317,-0.2735902006827977,-0.33897734104979205
Ptuh,567,-0.3968106644260249,-0.44171867379391555,-0.3968076230707835
Ptuh,568,-0.3585000084587329,-0.34434509914808853,-0.35940335789692035
Ptuh,569,-0.32162464880996,-0.30110280735785055,-0.3212468811305772
Ptuh,570,-0.37891589277921306,-0.377701109518858,-0.37510197429086195
Ptuh,571,-0.347385239145182,-0.3070747301761317,-0.3459529749421093
Ptuh,572,-0.11242010328735162,-0.1452256457682501,-0.11131109279268306
Ptuh,573,-0.3793909355271181,-0.39181702143598074,-0.3778049869398853
Ptuh,574,-0.40122254474752733,-0.36422157402439337,-0.3993330020312622
Ptuh,575,-0.3362139969237575,-0.29178172875730796,-0.3354596815715838
Ptuh,576,-0.2451244791517176,-0.2760288980729795,-0.2407331403453117
Ptuh,577,-0.0541320395039214,0.07394856057855786,-0.051961078503809405
Ptuh,578,-0.13506299918070963,-0.10536438818752518,-0.12723614877136669
Ptuh,579,-0.3294873894888194,-0.31060028236685044,-0.32764021779378855
Ptuh,580,-0.36232661265481514,-0.39649340505775843,-0.35916456401536745
Ptuh,581,-0.3145286680815411,-0.2786122188714498,-0.3124249171840079
Ptuh,582,-0.3924886441837693,-0.3904184707550541,-0.39223992168655747
Ptuh,583,-0.36592565826786616,-0.3686731125645907,-0.36315878123039064
Ptuh,584,-0.28681791033430326,-0.2778565809082032,-0.28349702307318153
Ptuh,585,-0.2540113709321697,-0.16444148983612966,-0.2541180364560692
Ptuh,586,-0.19071112773695367,-0.22856126360697954,-0.18858131155058536
Ptuh,587,-0.36218471543299807,-0.32206149813858936,-0.358958648482943
Ptuh,588,-0.15212800765073123,-0.17036952180796294,-0.15179245345566486
Ptuh,589,-0.4208814437562395,-0.40799585139831435,-0.41640735314965854
Ptuh,590,-0.23136640259339702,-0.25159625870116803,-0.22872411142984672
Ptuh,591,-0.2727114471263764,-0.19480443488397955,-0.27163070580090504
Ptuh,592,-0.07623080522549565,-0.15300409304661297,-0.07345161481607144
Ptuh,593,-0.08246885627543658,0.036973548718021255,-0.08080114995373275
Ptuh,594,-0.4263098867170526,-0.38276603122003067,-0.4242779774872617
Ptuh,595,-0.1875647446409983,-0.12400755718565871,-0.186302166416999
Ptuh,596,-0.2050595682236866,-0.30317126716153664,-0.20253013082666585
Ptuh,597,-0.25061092735915785,-0.2061858408876282,-0.24799496459909082
Ptuh,598,-0.36085782950607065,-0.33403241556585184,-0.3587621838632365
Ptuh,599,-0.31408538604240566,-0.283523012406046,-0.30979429143160614
Ptuh,600,-0.4182073210217154,-0.4293936707769308,-0.41532632963145455
Ptuh,601,-0.3560159143752294,-0.32377031305294673,-0.3559701006263192
Ptuh,602,-0.38774183822651387,-0.38130327588141766,-0.38303126320361647
Ptuh,603,-0.27256889166655157,-0.2559437336163959,-0.27164176067231577
Ptuh,604,-0.35117182258966356,-0.33412775599932676,-0.3491678831284035
Ptuh,605,-0.09269118111398257,-0.011145866356347496,-0.0917968781080123
Ptuh,606,-0.25543998949435676,-0.19376928327214396,-0.2526254575432574
Ptuh,607,-0.35518704861731115,-0.3710313973276329,-0.3508443554556177
Ptuh,608,-0.2849628192474139,-0.26213174007234025,-0.28529844467006454
Ptuh,609,-0.38396656305974,-0.3562826516472067,-0.38174457030541764
Ptuh,610,-0.14435263903241258,-0.05158650390631877,-0.14186019464959837
Ptuh,611,-0.3023598469222496,-0.28586403618392303,-0.3022388569322228
Ptuh,612,-0.08976561889478075,-0.057089236788709856,-0.08829141037592658
Ptuh,613,-0.15592460351746493,-0.05107019963705417,-0.15409864159021028
Ptuh,614,-0.22697840297772154,-0.1745538039531659,-0.22355983544725638
Ptuh,615,-0.26496622926195873,-0.25430987118630655,-0.26104265131857307
Ptuh,616,-0.30772810684885293,-0.2924943615845379,-0.30676214548746705
Ptuh,617,-0.3674491264407786,-0.3183436446985126,-0.366595642093552
Ptuh,618,-0.1651416095344516,-0.16925789489150625,-0.16141368877707996
Ptuh,619,-0.3304261886760989,-0.3149863881818453,-0.32741242113681057
Ptuh,620,-0.30579852973744076,-0.3174754752351744,-0.30241011760718584
Ptuh,621,-0.3513359146348698,-0.3006236996111082,-0.34626097096260905
Ptuh,622,-0.2965567587651174,-0.2705630893550499,-0.29646650081412607
Ptuh,623,-0.29769818485258437,-0.26118547467826664,-0.29432210081479554
Ptuh,624,-0.263502863432965,-0.2721552998890464,-0.2627904982576819
Ptuh,625,-0.32602784139662355,-0.30039339829125783,-0.3254752433544285
Ptuh,626,-0.17080209734868565,-0.07631662679886224,-0.16730228734094965
Ptuh,627,-0.2848540657106668,-0.22903231989490808,-0.27949124801350234
Ptuh,628,-0.42638394910075145,-0.40231021091990055,-0.42467476242039015
Ptuh,629,-0.12201182599008577,-0.1611288547914193,-0.11665791344442472
Ptuh,630,-0.37653997715955356,-0.37034999449461936,-0.3743009890530509
Ptuh,631,-0.3823433092800787,-0.36553033788787886,-0.381479062104712
Ptuh,632,-0.14066466397216054,-0.0851865651816754,-0.13109531671438962
Ptuh,633,-0.34401645071984877,-0.29816045284211856,-0.3435530320815202
Ptuh,634,-0.3870875842651073,-0.3493607018400599,-0.38481576385951094
Ptuh,635,-0.30426154011736994,-0.3185826925866689,-0.3017766006511369
Ptuh,636,-0.28619039804926916,-0.26436712271400775,-0.2859325496695613
Ptuh,637,-0.326735154836611,-0.25376371242489704,-0.3256621795628913
Ptuh,638,-0.04335222133257821,-0.07062731687466466,-0.041007506424248254
Ptuh,639,-0.2353704325352409,-0.15973492641581147,-0.23419379963379938
Ptuh,640,-0.35323871100234805,-0.32403290247795835,-0.34954207277257365
Ptuh,641,-0.3870466718777474,-0.37556209683768016,-0.3847312414309703
Ptuh,642,-0.2685809885393559,-0.269281572212724,-0.2683567248008807
Ptuh,643,-0.3048546919584301,-0.23678358946167033,-0.303324995537372
Ptuh,644,-0.26057059470698724,-0.2313210078884314,-0.259660372058274
Ptuh,645,-0.35880670537922243,-0.24047431983834022,-0.3583031265885586
Ptuh,646,-0.33416000365063314,-0.3225870291958479,-0.33451233174077194
Ptuh,647,-0.2930213756824045,-0.29544346856572185,-0.2882383202688984
Ptuh,648,-0.34983149127908636,-0.3645711869745276,-0.3481974061445352
Ptuh,649,-0.34899282399321935,-0.2870759836143102,-0.34655070424377094
Ptuh,650,-0.24858273418503354,-0.21756222668450084,-0.2466335700407856
Ptuh,651,-0.29009881429892465,-0.1928756645747241,-0.28775994858932236
Ptuh,652,-0.16601308063524864,-0.11380306675581132,-0.15772949853898371
Ptuh,653,-0.35718333693480736,-0.33050632609318337,-0.3565712073737185
Ptuh,654,-0.41499177226058,-0.4013649190949315,-0.4127023748131966
Ptuh,655,-0.08464761494174647,-0.03698504784985735,-0.07476037259792921
Ptuh,656,-0.2988222452229798,-0.2602632554107923,-0.2985904359876858
Ptuh,657,-0.11508557528649101,-0.02989350606371737,-0.1149201596104038
Ptuh,658,-0.35852220845373917,-0.2763282941260916,-0.35594657044633865
Ptuh,659,-0.11540405777921464,-0.10493832707753907,-0.11424127876904824
Ptuh,660,-0.33998588641414784,-0.3648103430685969,-0.339579460395152
Ptuh,661,-0.2934792101815722,-0.2540440736931451,-0.29156172164646627
Ptuh,662,-0.2561862146120324,-0.21238100141867375,-0.25501696501340837
Ptuh,663,-0.35442108372980924,-0.3421124326063936,-0.3540247230026012
Ptuh,664,-0.29687631767878286,-0.24745057583732127,-0.2971778562247716
Ptuh,665,-0.22915685178010226,-0.12442981315643384,-0.22817691959261113
Ptuh,666,-0.33819484089175084,-0.2726360306555212,-0.33544544664457615
Ptuh,667,-0.32538629478866066,-0.2419972815431997,-0.3213256154794559
Ptuh,668,-0.32596007231976565,-0.2839547796765141,-0.3247780037561579
Ptuh,669,-0.27565654486059793,-0.2569192393768524,-0.2739702249679767
Ptuh,670,-0.3407863813836459,-0.322225336566535,-0.33654381842735803
Ptuh,671,-0.07665492034803717,-0.19881984426902558,-0.07615499780066329
Ptuh,672,-0.32867777886385324,-0.3085223586984184,-0.3283884735608658
Ptuh,673,-0.30245172753976335,-0.2514673262126903,-0.3008763221023248
Ptuh,674,-0.07143656233736186,-0.12206565886082445,-0.07053231001331549
Ptuh,675,-0.10723430992295006,-0.08157071580052545,-0.10128855865561984
Ptuh,676,-0.2924072676789415,-0.24697055117240815,-0.2919845823604351
Ptuh,677,-0.3852483841370737,-0.3790905490514986,-0.3789004113964672
Ptuh,678,-0.09152785259722959,-0.06865448391843723,-0.08878524645378917
Ptuh,679,-0.23523040086898458,-0.22362890041147296,-0.23392544760672582
Ptuh,680,-0.13894378487390857,-0.11167038602446203,-0.14096165582679188
Ptuh,681,-0.32899855628529195,-0.30913640971487294,-0.32658036627597486
Ptuh,682,-0.2472864402818165,-0.13908819168052558,-0.2426536682329197
Ptuh,683,-0.3417849900097789,-0.35053102596802366,-0.33794016878577715
Ptuh,684,-0.2351769567232778,-0.2780945851565673,-0.22902691878746406
Ptuh,685,-0.32773264599003116,-0.3086552293686385,-0.3273142389585933
Ptuh,686,-0.14237194861176242,-0.17195673971102218,-0.13626872496850906
Ptuh,687,-0.1386913640817556,-0.11698887331523608,-0.13882431679227097
Ptuh,688,-0.2742825192368265,-0.2193120961416602,-0.27291417463922296
Ptuh,689,-0.38396656305973187,-0.356282651647203,-0.38174457030541864
Ptuh,690,-0.2804924534720687,-0.2806128825791213,-0.2777058221243959
Ptuh,691,-0.034047936173414714,0.04014024369057054,-0.027936369094004057
Ptuh,692,-0.2305526411837846,-0.20209693518360358,-0.22771684974583337
Ptuh,693,-0.3785553252062917,-0.38385687036189287,-0.37718175402555343
Ptuh,694,-0.0830112151410037,-0.15790198657819549,-0.07666757568940222
Ptuh,695,-0.2566863211154245,-0.19642593014530751,-0.25579146952010806
Ptuh,696,-0.2969724553133729,-0.31337595133605145,-0.29639825586633434
Ptuh,697,-0.13626911795494576,-0.20546394713697355,-0.13603457934551388
Ptuh,698,-0.09933786580823999,-0.011061309036364205,-0.09330090608374807
Ptuh,699,-0.32058774762989195,-0.32026046133084124,-0.3174119413547507
Ptuh,700,-0.35154088215994606,-0.3449766474128556,-0.3502675024379484
Ptuh,701,-0.20771049620551418,-0.26689156430519,-0.2041697204257984
Ptuh,702,-0.340196816875899,-0.34107359036090273,-0.3381632724837461
Ptuh,703,-0.3591364297890768,-0.3748553872317528,-0.359399508066651
Ptuh,704,-0.08949772681312004,-0.042253874142352384,-0.08701744812651303
Ptuh,705,-0.34444934409117756,-0.2740054339764387,-0.3406234488881479
Ptuh,706,-0.3435839833436076,-0.32647531880673597,-0.3408517802978503
Ptuh,707,-0.2838320598098993,-0.2592436628382957,-0.2828169445134022
Ptuh,708,-0.38038519315534114,-0.3536496558770975,-0.37858028877274486
Ptuh,709,-0.33616075001493273,-0.26825170816136246,-0.3354467282962159
Ptuh,710,-0.2786298621793439,-0.2068462296830261,-0.27783313557205663
Ptuh,711,-0.3048546919584351,-0.23678358946166925,-0.30332499553737224
Ptuh,712,-0.32168558767900857,-0.28652524434870086,-0.3213592447515723
Ptuh,713,-0.4110196656402543,-0.36331844708453814,-0.4080187907988161
Ptuh,714,-0.2018508396116164,-0.18251053780732115,-0.1985695309986292
Ptuh,715,-0.2673851929153433,-0.26894819127420716,-0.26594435055870097
Ptuh,716,-0.16496416902153246,-0.06303140386926057,-0.16352170564898333
Ptuh,717,-0.29240726767894165,-0.246970551172406,-0.2919845823604296
Ptuh,718,-0.20422526339179148,-0.15452065959732825,-0.19654214473446277
Ptuh,719,-0.2677124176064606,-0.21694637684599632,-0.26351174307372766
Ptuh,720,-0.1341137801960274,-0.1185709237596292,-0.1317495278411331
Ptuh,721,-0.3838981726030834,-0.39032565587292706,-0.3812948946197705
Ptuh,722,-0.2801468368751751,-0.2270096600558221,-0.2791653474206097
Ptuh,723,-0.31844404281078176,-0.259472855450707,-0.31653640868684935
Ptuh,724,-0.33487727032536424,-0.3595157177636353,-0.3332157012274703
Ptuh,725,-0.40788607760301415,-0.40884072708447394,-0.4046602738779781
Ptuh,726,-0.1399245155825193,-0.13003936274863848,-0.13185568985669358
Ptuh,727,-0.21310975847714358,-0.18428813672377525,-0.20649431406531962
Ptuh,728,-0.0528060541130694,-0.08694089402716967,-0.05241307362015023
Ptuh,729,-0.08253872604968712,-0.11630608455794968,-0.07966962833318678
Ptuh,730,-0.32205138866053523,-0.3129718573173897,-0.31591429739984156
Ptuh,731,-0.15678942438128596,-0.12530115788566626,-0.15568135555552667
Ptuh,732,-0.27357600957347494,-0.2269136081800693,-0.27139730409504914
Ptuh,733,-0.22875013449182355,-0.20740188845814372,-0.22616391159444685
Ptuh,734,-0.13295862293731456,-0.10128989001648238,-0.1278152729626798
Ptuh,735,-0.24048644142849185,-0.21527897966148454,-0.2376019486651858
Ptuh,736,-0.33399278071266136,-0.2784995764435185,-0.33429004507924887
Ptuh,737,-0.3218254660834268,-0.25345509880591116,-0.3214751409325618
Ptuh,738,-0.30488300073493996,-0.283580485911374,-0.30196550879463946
Ptuh,739,-0.3524033853755272,-0.3334718317960011,-0.34976185637298507
Ptuh,740,-0.3552131837260031,-0.32190917416828424,-0.3549229652049868
Ptuh,741,-0.15284594081691996,-0.04764650156750224,-0.15054565892958469
Ptuh,742,-0.3398694395194803,-0.3459267876264428,-0.33636273581978987
Ptuh,743,-0.10618935179759503,-0.08200219941014962,-0.10526217478807821
Ptuh,744,-0.12558432042012216,-0.1915594216780804,-0.12599212554338549
Ptuh,745,-0.393697346365336,-0.3473115757823364,-0.39171321866729886
Ptuh,746,-0.2286790564384835,-0.21681564648249407,-0.22353120809453675
Ptuh,747,-0.0830112151410052,-0.1579019865781944,-0.07666757568940523
Ptuh,748,-0.09151190750006552,-0.1027444836481201,-0.08564617809573472
Ptuh,749,-0.3596386174244834,-0.34917648911277044,-0.359207472520602
Ptuh,750,-0.3985669771344389,-0.39657739295359046,-0.3948619980093241
Ptuh,751,-0.4351212288089555,-0.42540342023878525,-0.43233556519539196
Ptuh,752,-0.20349802804409173,-0.2212632380406308,-0.200198685230682
Ptuh,753,-0.28885933862667434,-0.20700424886717897,-0.286567235517266
Ptuh,754,-0.34529099611419967,-0.28733727039482304,-0.3445773954502832
Ptuh,755,-0.3568556977546158,-0.2936186716863889,-0.3527979967756935
Ptuh,756,-0.3218254660834256,-0.25345509880591055,-0.32147514093256135
Ptuh,757,-0.35601591437522534,-0.3237703130529465,-0.35597010062632106
Ptuh,758,-0.12449712055232708,-0.18474138412468266,-0.11924315013867788
Ptuh,759,-0.19950908834414288,-0.1785810041530223,-0.19415736995199676
Ptuh,760,-0.35139147515028385,-0.3520444291211626,-0.3496477748372519
Ptuh,761,-0.3462470977096977,-0.3169805895108922,-0.34588909080450086
Ptuh,762,-0.3011624994536911,-0.26479535825005307,-0.3015437236012005
Ptuh,763,-0.2812216268837853,-0.21822236103478732,-0.27701698203680103
Ptuh,764,-0.3352727259149877,-0.2924045721875685,-0.333166122991636
Ptuh,765,-0.2280011533439433,-0.08643705314369905,-0.22642565031474965
Ptuh,766,-0.29412234608059445,-0.271335060287358,-0.29302421156824526
Ptuh,767,-0.22797970100654066,-0.22403783644217076,-0.22417316428523656
Ptuh,768,-0.2479685261729172,-0.2752037478920886,-0.24044572027628694
Ptuh,769,-0.34090149132090186,-0.330689946674458,-0.34037536062321405
Ptuh,770,-0.33540016537366396,-0.28764085674812256,-0.3319603620021098
Ptuh,771,-0.3089043417074952,-0.31556176347459297,-0.3053358577103142
Ptuh,772,-0.25835487099040894,-0.17706553674280143,-0.2564117951941857
Ptuh,773,-0.3048546919584348,-0.23678358946166933,-0.303324995537373
Ptuh,774,-0.2340674095942537,-0.15344110691313584,-0.22929194385062215
Ptuh,775,-0.2753093821295254,-0.2103661046618785,-0.27553885091041525
Ptuh,776,-0.35949635288179815,-0.3199355813561697,-0.35810935177265596
Ptuh,777,-0.3258357827698868,-0.2919372074699249,-0.32382788792951755
Ptuh,778,-0.32970365427221765,-0.32780054177535517,-0.3269481139424089
Ptuh,779,-0.23504942297763443,-0.16663514883052666,-0.23454841686816733
Ptuh,780,-0.39524715171326885,-0.3778924862531259,-0.39451771457605256
Ptuh,781,-0.216406566465323,-0.29762106577222597,-0.21788426520188617
Ptuh,782,-0.13432377613374516,-0.055427495405213724,-0.13393906494860794
Ptuh,783,-0.1752222132147244,-0.19894889954492173,-0.173170454707946
Ptuh,784,-0.25082912840171673,-0.20039733981063154,-0.24549896426959766
Ptuh,785,-0.3808703876727528,-0.34623858330154267,-0.3781666805523429
Ptuh,786,-0.3462878774806603,-0.3085031639385776,-0.3409971316378096
Ptuh,787,-0.16993046472501844,-0.10347443368466003,-0.16937353877226674
Ptuh,788,-0.06846035899345311,-0.04272826247230707,-0.06518618176423702
Ptuh,789,-0.08243263734088965,-0.07668301500313474,-0.07692596706917727
Ptuh,790,-0.2909723272276332,-0.2757307683907244,-0.29074760644493963
Ptuh,791,-0.3525431954202258,-0.3637532298677456,-0.35176709618824403
Ptuh,792,-0.3560159143752255,-0.3237703130529505,-0.3559701006263199
Ptuh,793,-0.3067981295824347,-0.3295994661413728,-0.3034642655671531
Ptuh,794,-0.3012924843727533,-0.2295969248106905,-0.3002655744970461
Ptuh,795,-0.1275822240973099,-0.1392587297234304,-0.1260248909230006
Ptuh,796,-0.3199967780957974,-0.3229518549248695,-0.3194888867613589
Ptuh,797,-0.15013588685876203,-0.10544738802799546,-0.14975347986439322
Ptuh,798,-0.34868276024847633,-0.32695711782224035,-0.34789829028761693
Ptuh,799,-0.2112173286672688,-0.2621233287936676,-0.2066251188085212
Ptuh,800,-0.12018630156588148,-0.11116495635237157,-0.11952199261288764
Ptuh,801,-0.3903317053244754,-0.3703306038888394,-0.3899551500355976
Ptuh,802,-0.4097303488190386,-0.3798199365798928,-0.4076320240528087
Ptuh,803,-0.3159906723091022,-0.31353977273571393,-0.3127627974749965
Ptuh,804,-0.169890607357663,-0.2126910768757289,-0.1624818209051515
Ptuh,805,-0.36565643948818716,-0.30374373539724,-0.3646766443722624
Ptuh,806,-0.26698315359547964,-0.1880692759717756,-0.26839031256910634
Ptuh,807,-0.19366418552775913,-0.17589793608712712,-0.19297347468529447
Ptuh,808,-0.4220529041805071,-0.41127589650810464,-0.41878177763818336
Ptuh,809,-0.13061146557718295,-0.22485087578957572,-0.12510141468796468
Ptuh,810,-0.3913235128987772,-0.4008896524694414,-0.38898235623534005
Ptuh,811,-0.14308352514091183,-0.12006255095738007,-0.13504375804055857
Ptuh,812,-0.13496134646155367,-0.17064152196021626,-0.13212833484219083
Ptuh,813,-0.3410232816148607,-0.3153998616720012,-0.3384668182728478
Ptuh,814,-0.3943049612591572,-0.41353200926820294,-0.39486313306472876
Ptuh,815,-0.4005256900116404,-0.4137791713615406,-0.39818731613266745
Ptuh,816,-0.3048465037115508,-0.27850821333953557,-0.3033207127640912
Ptuh,817,-0.3367164386799727,-0.3228491039630404,-0.3331268734870127
Ptuh,818,-0.3497163995590284,-0.34227276791473393,-0.3455510582353727
Ptuh,819,-0.36063098220830986,-0.3619116233509372,-0.3591753352151373
Ptuh,820,-0.3438416673921789,-0.335314175587272,-0.34058977129099127
Ptuh,821,-0.3057985297374376,-0.31747547523517483,-0.3024101176071879
Ptuh,822,-0.2723015473460126,-0.24680829902288234,-0.2705248343437205
Ptuh,823,-0.2603198322125131,-0.22754261794381594,-0.25923247860506593
Ptuh,824,-0.2946507341369366,-0.1974210542957295,-0.2938372667845651
Ptuh,825,-0.010984720639675998,-0.06479591130567883,-0.005013346444717085
Ptuh,826,-0.19762807154371498,-0.2418383531805614,-0.19149885195859043
Ptuh,827,-0.3140853860423964,-0.2835230124060485,-0.30979429143160625
Ptuh,828,-0.3771518072471255,-0.35421245441154164,-0.3746564500572674
Ptuh,829,-0.33621399692375714,-0.29178172875730596,-0.3354596815715844
Ptuh,830,-0.36148605032949527,-0.3127010658802967,-0.3550242641488281
Ptuh,831,-0.32805922529723575,-0.3478571254822177,-0.32768646258583145
Ptuh,832,-0.12524984532341366,-0.12899281104489144,-0.12032646310917561
Ptuh,833,-0.40848958082550646,-0.38995904424713057,-0.4069832354124722
Ptuh,834,-0.3184801715251131,-0.303450167124641,-0.31561084622900043
Ptuh,835,-0.2801468368751781,-0.22700966005582274,-0.2791653474206044
Ptuh,836,-0.2729591204380717,-0.19458900081312017,-0.27177236623837936
Ptuh,837,-0.07155582125502664,-0.10229302888818544,-0.06914157942574051
Ptuh,838,-0.36530946446670154,-0.34701109483008247,-0.362857052424729
Ptuh,839,-0.3331741286872858,-0.2967219327444476,-0.329176918429479
Ptuh,840,-0.25398824514319435,-0.1676046504912965,-0.2531361263925093
Ptuh,841,-0.11633986269279895,-0.21099027871597542,-0.11625211669678422
Ptuh,842,-0.36604400336287274,-0.34502337217761414,-0.3615249212155273
Ptuh,843,-0.41441857678768146,-0.3697893443308547,-0.41226872629808653
Ptuh,844,-0.4193625314430767,-0.39135518189421575,-0.4165757935376861
Ptuh,845,-0.34985183217264154,-0.34840006713296007,-0.34681791523135597
Ptuh,846,-0.32115124645656634,-0.27946489843970557,-0.31873253623307674
Ptuh,847,-0.26335837259336864,-0.22071514567487927,-0.262184965301242
Ptuh,848,-0.38613163907903414,-0.35387832838700206,-0.383606055332279
Ptuh,849,-0.42638394910075567,-0.40231021091990604,-0.42467476242038943
Ptuh,850,-0.3937741133902786,-0.36603794932960165,-0.39195673816306226
Ptuh,851,-0.3338171888033396,-0.3016444988960889,-0.33098380295056046
Ptuh,852,-0.3444341570733219,-0.28598091041104357,-0.3413410161145973
Ptuh,853,-0.06716108031010525,-0.2282640548239653,-0.06796801252274987
Ptuh,854,-0.3480940703309325,-0.33312729821995585,-0.34506411522602803
Ptuh,855,-0.3040768372495223,-0.31015396742780144,-0.3003580760065193
Ptuh,856,-0.20199401272621953,-0.09633544391177871,-0.19230972595085527
Ptuh,857,-0.2032297537668573,-0.19854726069410797,-0.20194619219254814
Ptuh,858,-0.1185639746052787,0.008619423995451948,-0.11798307726801109
Ptuh,859,-0.17447143012928887,-0.1830690677138804,-0.1703965155391452
Ptuh,860,-0.3191826634440403,-0.27543405193307396,-0.3176812792774298
Ptuh,861,-0.3092537197514299,-0.17923445893652695,-0.3046523646635004
Ptuh,862,-0.2603630996084766,-0.25370462808110245,-0.2613195776643204
Ptuh,863,-0.3131060151084546,-0.23650333462489068,-0.3121394939669265
Ptuh,864,-0.0765485777974848,-0.2024407239100696,-0.07678861788927978
Ptuh,865,-0.2383075082400836,-0.23537152822753696,-0.2385380479189908
Ptuh,866,-0.19741481826792293,-0.3159477563601198,-0.19653389782799563
Ptuh,867,-0.346426448674326,-0.3181190169384632,-0.34351083122729525
Ptuh,868,-0.3792599415523561,-0.3449224150378462,-0.3776636480720909
Ptuh,869,-0.31224707214924824,-0.29754578129721615,-0.3119313221706087
Ptuh,870,-0.3105242229472215,-0.248401820993699,-0.3090917216340273
Ptuh,871,-0.39269920601834485,-0.38636502789989224,-0.3883622379668736
Ptuh,872,-0.28996774525913216,-0.2776391576738561,-0.2891032277511892
Ptuh,873,-0.416243022515832,-0.37268646966174096,-0.4130042614483908
Ptuh,874,-0.1790957442537042,-0.10852101951376615,-0.17729313246701747
Ptuh,875,-0.34088041533685876,-0.33178742214482876,-0.33850405317119947
Ptuh,876,-0.2814841094509436,-0.19931925126053202,-0.2784428562211429
Ptuh,877,-0.14308352514090827,-0.12006255095738148,-0.13504375804056024
Ptuh,878,-0.10413645586337132,-0.13274601856894253,-0.09953170706185205
Ptuh,879,-0.32778763723654764,-0.3568584777875133,-0.3264021313591162
Ptuh,880,-0.3613374489545377,-0.373326409231341,-0.3596541161145465
Ptuh,881,-0.28485406571066846,-0.22903231989490558,-0.2794912480135098
Ptuh,882,-0.054666221674970226,-0.12011357926172443,-0.051792684956841556
Ptuh,883,-0.09000875948950034,-0.002201619921532666,-0.09192290036349894
Ptuh,884,-0.19213915350062966,-0.28127397500663887,-0.188315622287146
Ptuh,885,-0.36820707431361843,-0.2922064772183633,-0.36513470107544393
Ptuh,886,-0.12793544011865568,-0.16025674377855928,-0.12278349978679773
Ptuh,887,-0.26682166713720873,-0.2627739388276995,-0.26641928988840813
Ptuh,888,-0.12077721840285165,-0.09234788241507384,-0.12074534232469993
Ptuh,889,-0.33625283453701504,-0.3342274246843328,-0.3333484350532996
Ptuh,890,-0.14504185086053284,-0.1932298891527133,-0.14104775836593417
Ptuh,891,-0.2605705947069859,-0.23132100788843285,-0.25966037205827214
Ptuh,892,-0.3598394010187256,-0.31285288947887313,-0.3587158929076759
Ptuh,893,-0.45010670802666514,-0.41407339335830323,-0.4482734437861532
Ptuh,894,-0.3549576719823047,-0.3426134792111584,-0.35205791681995813
Ptuh,895,-0.38000597200750735,-0.3838582362125475,-0.3737785350442674
Ptuh,896,-0.3002682587540643,-0.23649081429319896,-0.2984328868712919
Ptuh,897,-0.34538992204608565,-0.2718630193975363,-0.3450149124538482
Ptuh,898,-0.3173992349743176,-0.303044955707514,-0.31577366578724253
Ptuh,899,-0.137559940128082,-0.08007309446344937,-0.1396614457918942
Ptuh,900,-0.09992504309291214,-0.06539730012225313,-0.09786613589186885
Ptuh,901,-0.3907724611789753,-0.3695974662280627,-0.39008578041709463
Ptuh,902,-0.29641308528998717,-0.2320425123902439,-0.2947432472393663
Ptuh,903,-0.20337589561804664,-0.19055837611986906,-0.20192440956917546
Ptuh,904,-0.26153647381821116,-0.2968624438291489,-0.25882201062568705
Ptuh,905,-0.29460854119676566,-0.25749747389350364,-0.2920131957884215
Ptuh,906,-0.257287084490433,-0.27324078540106467,-0.25546362320582816
Ptuh,907,-0.31573876879245616,-0.23668784663452197,-0.3120709604766413
Ptuh,908,-0.3466745272545109,-0.34798113231923833,-0.34600491128762306
Ptuh,909,-0.37569291540308714,-0.35331699735926736,-0.3712761901059751
Ptuh,910,-0.225753429307719,-0.23511098184026163,-0.22011776432388983
Ptuh,911,-0.17977174250798095,-0.10841848451946726,-0.17754056830840728
Ptuh,912,-0.216557414656417,-0.26417894066738773,-0.2108214075626423
Ptuh,913,-0.2878991738882765,-0.21650430125531372,-0.2873355950543901
Ptuh,914,-0.21666774802875208,-0.18025297330671686,-0.21278287136536633
Ptuh,915,-0.2614599322451606,-0.15880831552653707,-0.2608177309213832
Ptuh,916,-0.3205307175197466,-0.29282018074759775,-0.3167796582957672
Ptuh,917,-0.09000875948948524,-0.002201619921544444,-0.09192290036349501
Ptuh,918,-0.36890280770190287,-0.3394584324187772,-0.36977289085252263
Ptuh,919,-0.3625999109417518,-0.3447694190892245,-0.35957132056529834
Ptuh,920,-0.29113225097929296,-0.23254980467466604,-0.28819472428434423
Ptuh,921,-0.054160969744400364,0.048007807611824944,-0.052566665303031
Ptuh,922,-0.36815284663242037,-0.3125104385432116,-0.3639608469801757
Ptuh,923,-0.21046219079986503,-0.21271283304596314,-0.21014827564044553
Ptuh,924,-0.21981338758743554,-0.21409606899930556,-0.21099646253249726
Ptuh,925,-0.3606045095616227,-0.3509270815826618,-0.35757091158824833
Ptuh,926,-0.2468966600883165,-0.1806384374056956,-0.24593704910044292
Ptuh,927,-0.4483372287627263,-0.41747540825630036,-0.4458091356621235
Ptuh,928,-0.3287395938324044,-0.2979553407001004,-0.3273376175365348
Ptuh,929,-0.30674772178243065,-0.24016373200009963,-0.30621414602986174
Ptuh,930,-0.3346131143201055,-0.3531602938989311,-0.33330916152313994
Ptuh,931,-0.25392099566581205,-0.21214313842705806,-0.2504869759304573
Ptuh,932,-0.3124856649935084,-0.28395375583440013,-0.31166864660053145
Ptuh,933,-0.11725517955932724,-0.1230104479855153,-0.11400919884393886
Ptuh,934,-0.347425364144482,-0.3897460135764198,-0.3466946378174472
Ptuh,935,-0.3544502765521459,-0.29071609515860797,-0.35088048810601763
Ptuh,936,-0.38869993527077945,-0.35673932995101487,-0.38667799598423874
Ptuh,937,-0.20289700465003707,-0.21389617161861452,-0.19653628229902328
Ptuh,938,-0.3556399881936801,-0.380432176953312,-0.3547785731469126
Ptuh,939,-0.31664522760671093,-0.3073971139071565,-0.3162821276232502
Ptuh,940,-0.28466518741505503,-0.2218126203218546,-0.2838142805003205
Ptuh,941,-0.326027841396624,-0.3003933982912551,-0.3254752433544254
Ptuh,942,-0.09097283326759917,-0.08690550880641291,-0.08664312089482036
Ptuh,943,-0.3008095683215946,-0.19369511179883803,-0.301194835465328
Ptuh,944,-0.24701943737443163,-0.2257303684737516,-0.24684508880228073
Ptuh,945,-0.3882994055204101,-0.4083514175469348,-0.3854587688096971
Ptuh,946,-0.3676576779311597,-0.35054158106934097,-0.3658780340776276
Ptuh,947,-0.39963881435584003,-0.38096787779173485,-0.39672341993767185
Ptuh,948,-0.40779651581299015,-0.41097686194574423,-0.40665387175116147
Ptuh,949,-0.3982171470540364,-0.3830842616681282,-0.39749617060809683
Ptuh,950,-0.33650390834299165,-0.2976497856064131,-0.33204174856923874
Ptuh,951,-0.32053190339083876,-0.2531790169266944,-0.31479175777684576
Ptuh,952,-0.12295706354655653,-0.1796827859263274,-0.12013624236525566
Ptuh,953,-0.3744691650733529,-0.3689490788713898,-0.3730690095491288
Ptuh,954,-0.2734638136751413,-0.2301325137123964,-0.27278982229027315
Ptuh,955,-0.3509512384765053,-0.3260850244974227,-0.34767101642292164
Ptuh,956,-0.3999989997141264,-0.3971022813610557,-0.3975117691181999
Ptuh,957,-0.148040495056235,-0.16798394090216975,-0.14485813041608284
Ptuh,958,-0.44423353625009365,-0.4351138993639237,-0.4427646588487446
Ptuh,959,-0.36096913944095976,-0.3387501871214726,-0.3582185351380591
Ptuh,960,-0.3434179544964353,-0.34265648715682656,-0.34163111170533056
Ptuh,961,-0.38286530134344365,-0.3086728117469081,-0.38042046239085486
Ptuh,962,-0.08498100722337489,-0.13068516643363376,-0.07965994025969804
Ptuh,963,-0.16520914711543544,-0.17177639524906993,-0.16399522667548966
Ptuh,964,-0.28579204345311593,-0.2914020391406288,-0.28135015597863927
Ptuh,965,-0.33581531687422816,-0.3278343343310268,-0.332994236948322
Ptuh,966,-0.21401589405492244,-0.2624279673584662,-0.20977562446085907
Ptuh,967,-0.1941012032477536,-0.1348237031276897,-0.1917929300271669
Ptuh,968,-0.35182617721914555,-0.3199282209422666,-0.3498002583886962
Ptuh,969,-0.15201153795936154,-0.16458546148763764,-0.15022673451481522
Ptuh,970,-0.31647258251596305,-0.257060504160291,-0.31500557924396877
Ptuh,971,-0.2572870844904317,-0.27324078540106506,-0.2554636232058255
Ptuh,972,-0.3877418382265428,-0.3813032758814204,-0.3830312632036161
Ptuh,973,-0.09259619075797308,-0.13487558399857885,-0.0891923922106433
Ptuh,974,-0.312487635509753,-0.273474038520453,-0.3085000533710957
Ptuh,975,-0.3535432906908924,-0.25551930262266415,-0.35474993717823833
Ptuh,976,-0.38275705259730475,-0.3805910149016417,-0.380234227549338
Ptuh,977,-0.24639996631155647,-0.18509323381047685,-0.24572318517614292
Ptuh,978,-0.08246885627543543,0.03697354871803269,-0.08080114995372709
Ptuh,979,-0.33381718880333777,-0.3016444988960878,-0.3309838029505637
Ptuh,980,-0.4110196656402585,-0.3633184470845365,-0.40801879079882003
Ptuh,981,-0.10425760721213644,-0.13167083416254827,-0.10284108800570417
Ptuh,982,-0.3260278413966242,-0.30039339829126216,-0.3254752433544276
Ptuh,983,-0.2846680207309763,-0.24125273384507945,-0.28297707913877806
Ptuh,984,-0.15211143518167675,-0.1661259892406496,-0.15208690883446313
Ptuh,985,-0.07728565922301482,-0.032838488787117544,-0.06814037245352143
Ptuh,986,-0.37043770306579965,-0.37148103659539145,-0.3685360565258675
Ptuh,987,-0.2025619781338005,-0.26679636612568125,-0.20383277477621511
Ptuh,988,-0.35849030168842116,-0.37717636541569577,-0.3561268472913418
Ptuh,989,-0.29633574240333943,-0.25533560747581835,-0.2968865686521907
Ptuh,990,-0.38184827396578613,-0.34009144240437955,-0.38108190578565776
Ptuh,991,-0.29289840209877044,-0.24979658925505482,-0.2913735115068071
Ptuh,992,-0.396323401463481,-0.36821658251253947,-0.3937047354108823
Ptuh,993,-0.326174226458895,-0.31570347394546483,-0.32235049396958526
Ptuh,994,-0.33511580404626506,-0.3345506314736157,-0.33262077196139483
Ptuh,995,-0.38513346602400683,-0.3557210189189241,-0.38249224585733765
Ptuh,996,-0.10023216538402069,-0.0675446246525005,-0.09704486773025517
Ptuh,997,-0.3438977632662145,-0.252408841904373,-0.33969090320168466
Ptuh,998,-0.2605155950785208,-0.1869581945106144,-0.25653054096493016
Ptuh,999,-0.4182690212157861,-0.42224514173411276,-0.4154965124277332
Ptuh,1000,-0.3525284961551351,-0.33629798532619437,-0.3503969785423928
Ptuh,1001,-0.360099993300356,-0.3069991183036018,-0.35748526733560165
Ptuh,1002,-0.3771007142731367,-0.3704990728563344,-0.37599186416685465
Ptuh,1003,-0.26777338161245556,-0.2169829823914119,-0.2635869151771123
Ptuh,1004,-0.3681156416469598,-0.37546072870664293,-0.36489339834678053
Ptuh,1005,-0.02541239792896604,-0.12513139687637348,-0.016225221032311436
Ptuh,1006,-0.1363892831021379,-0.06512266237597063,-0.13511941890767853
Ptuh,1007,-0.240587723516565,-0.19518967407502694,-0.23946346054331177
Ptuh,1008,-0.08962337200639273,-0.1003057114638234,-0.08691950815268576
Ptuh,1009,-0.4080679176375638,-0.4454891858284548,-0.40510920389961497
Ptuh,1010,-0.34243775534730886,-0.33377355842956863,-0.34091085795542553
Ptuh,1011,-0.09167088945146261,-0.1367017819315712,-0.0907046199499783
Ptuh,1012,-0.31702762315514565,-0.3339483339271346,-0.31676968086728047
Ptuh,1013,-0.40297018202302015,-0.3461075723175537,-0.40088980443784966
Ptuh,1014,-0.31033855256442805,-0.28017797945358125,-0.31009780524415886
Ptuh,1015,-0.14293986013459695,-0.1296883266041628,-0.1376827642319455
Ptuh,1016,-0.13001424088273542,-0.2016834520717531,-0.12709413751238122
Ptuh,1017,-0.31315949003136007,-0.3295453920473858,-0.31070671961790935
Ptuh,1018,-0.36947129534676815,-0.3843048728351244,-0.3665634064638949
Ptuh,1019,-0.41614895573154875,-0.39654255603982036,-0.413945656192905
Ptuh,1020,-0.3332214950906726,-0.2914594715974579,-0.33022066254920013
Ptuh,1021,-0.22971792633865967,-0.18445364661288527,-0.2218485079653826
Ptuh,1022,-0.30036229920606955,-0.292588018268114,-0.3031178052029707
Ptuh,1023,-0.15199003688182045,-0.17200628651145838,-0.1548423047172704
Ptuh,1024,-0.27471905434562366,-0.2461996175836271,-0.27276767356421333
Ptuh,1025,-0.38825032071164284,-0.3497029583550947,-0.38598679988066925
Ptuh,1026,-0.2126908211562971,-0.1864504163502799,-0.2073527413698068
Ptuh,1027,-0.4211154746932923,-0.38511667739142036,-0.4174747467858006
Ptuh,1028,-0.3621007935594458,-0.330562896025232,-0.36018389940171786
Ptuh,1029,-0.35250054846557666,-0.3471835576374638,-0.3489776819768317
Ptuh,1030,-0.2794039162442351,-0.21910238080918923,-0.27997301034801103
Ptuh,1031,-0.4341796857258458,-0.40400380566644234,-0.43232099166343296
Ptuh,1032,-0.3423449481248812,-0.2961806110093398,-0.3399303600417592
Ptuh,1033,-0.08580848941978735,-0.019498857979529466,-0.08555803211935636
Ptuh,1034,-0.33778627983947634,-0.31011487439574675,-0.33486011440182095
Ptuh,1035,-0.07550926304489444,-0.003491784761597436,-0.07438540098217603
Ptuh,1036,-0.34688380755335024,-0.3627679808199399,-0.3438748971052646
Ptuh,1037,-0.18794563319521645,-0.2798207350072968,-0.18250264312099393
Ptuh,1038,-0.36508921010673256,-0.3324296254537206,-0.36170879169279135
Ptuh,1039,-0.3248212924649452,-0.317996141241571,-0.322142686158098
Ptuh,1040,-0.33281083164920866,-0.2977862138320356,-0.33160693543363373
Ptuh,1041,-0.3397003960928091,-0.31867840081552123,-0.33663179105341734
Ptuh,1042,0.09353076653320237,-0.038653702403223876,0.09905588550360746
Ptuh,1043,-0.049351237334358665,-0.17010974259168085,-0.047229165103911015
Ptuh,1044,-0.14108371520699275,-0.16727203016405792,-0.14062896792233595
Ptuh,1045,-0.0807726170442114,-0.14253868368711758,-0.07845243067767632
Ptuh,1046,-0.19463654151433052,-0.23017863290033877,-0.19568372921137234
Ptuh,1047,-0.1701195564396857,-0.18846972913471727,-0.16532646612465815
Ptuh,1048,-0.28494118076293495,-0.2848659851658205,-0.28470063638859505
Ptuh,1049,-0.2796823728628045,-0.2574851587321615,-0.27541411119361425
Ptuh,1050,-0.30173606720681073,-0.26356054089456743,-0.3000933778159549
Ptuh,1051,-0.37483312610788705,-0.4142504463715514,-0.3723665028497773
Ptuh,1052,-0.26525137239059904,-0.25408886775167633,-0.2648877118568925
Ptuh,1053,-0.2950411528202821,-0.2213184261970334,-0.29378439774352544
Ptuh,1054,-0.3883871715845821,-0.3565223451423009,-0.3834495682200583
Ptuh,1055,-0.2881904117409278,-0.22594421532414025,-0.2873857214912338
Ptuh,1056,-0.14320284033777944,-0.09615241933689035,-0.14272218644545576
Ptuh,1057,-0.36732572163526594,-0.3483408270275424,-0.3659257438251142
Ptuh,1058,-0.26922179813401953,-0.2717910186693096,-0.2661054459622941
Ptuh,1059,-0.18513917941450148,-0.10630070857474784,-0.18203218332706997
Ptuh,1060,-0.4164683373738539,-0.3612649069085166,-0.4144021712197797
Ptuh,1061,-0.056279872325473816,-0.13775574818311537,-0.056923650063132714
Ptuh,1062,-0.2529717808473315,-0.3133000784766089,-0.25123832949812785
Ptuh,1063,-0.2937916021684016,-0.26115072737999484,-0.29197458461375364
Ptuh,1064,-0.34911842586440706,-0.3418130003096794,-0.3461826716951482
Ptuh,1065,-0.26168273311939,-0.18749417424726467,-0.26097747282031764
Ptuh,1066,-0.2908902648922191,-0.22967928725233394,-0.29027373431190323
Ptuh,1067,-0.44124243435409494,-0.4332062541008722,-0.4394988777828751
Ptuh,1068,-0.3601362676327189,-0.38193022604598037,-0.35673841665553624
Ptuh,1069,-0.3619138621063207,-0.31484735589319524,-0.35843862205751553
Ptuh,1070,-0.16160951584937328,-0.10950273950592443,-0.15542060100669094
Ptuh,1071,-0.4292613665400521,-0.38345830963732186,-0.42702225014726736
Ptuh,1072,-0.32673515483660864,-0.2537637124248908,-0.32566217956289256
Ptuh,1073,-0.2386731871571152,-0.2224916092592112,-0.23684194786981283
Ptuh,1074,-0.25442038332378736,-0.15925890244765276,-0.25248859595421336
Ptuh,1075,-0.25371552050649554,-0.2822013075786174,-0.25076963697536037
Ptuh,1076,-0.25042883806521665,-0.2050780962620773,-0.250069978682731
Ptuh,1077,-0.3414925087297897,-0.34129456311832757,-0.3411034714726707
Ptuh,1078,-0.26777338161245773,-0.21698298239141076,-0.2635869151771135
Ptuh,1079,-0.33955580716041656,-0.32737351634815853,-0.3390474156574139
Ptuh,1080,-0.09143122950751002,-0.0818846612870625,-0.09113104955807963
Ptuh,1081,-0.3308448196103269,-0.261975463787261,-0.329011970326323
Ptuh,1082,-0.19947971601325404,-0.1053747409007377,-0.19113737684997095
Ptuh,1083,-0.35896116544393875,-0.3401265506564002,-0.35573161931969227
Ptuh,1084,-0.40635680761209686,-0.38995549958141357,-0.40414729916950964
Ptuh,1085,-0.2934127916440389,-0.2507800750963396,-0.29289871800202827
Ptuh,1086,-0.0881978400861837,-0.05806966462699151,-0.08483174106193671
Ptuh,1087,-0.30942136804539017,-0.278118488174836,-0.3057204295503232
Ptuh,1088,-0.40018955974663295,-0.43296905396650825,-0.4006780780519329
Ptuh,1089,-0.339869439519479,-0.3459267876264416,-0.3363627358197897
Ptuh,1090,-0.2640900107319138,-0.27654863197994933,-0.2607220702785974
Ptuh,1091,-0.13894378487391,-0.1116703860244704,-0.14096165582678288
Ptuh,1092,-0.2903090659011598,-0.21450337465992572,-0.2900537888696118
Ptuh,1093,-0.4001306359404883,-0.39867858094216924,-0.3975280860715366
Ptuh,1094,-0.326785111420347,-0.3247116271406385,-0.32562061732330977
Ptuh,1095,-0.2846680207309709,-0.24125273384507792,-0.28297707913877956
Ptuh,1096,-0.3870277703609821,-0.33296045585472334,-0.38342676352201915
Ptuh,1097,-0.25007122939438475,-0.33485139389835683,-0.24574754131089965
Ptuh,1098,-0.301292484372754,-0.22959692481069385,-0.30026557449704355
Ptuh,1099,-0.2976981848525812,-0.2611854746782663,-0.2943221008147965
Ptuh,1100,-0.3216144674375398,-0.278233669618894,-0.3220209559845443
Ptuh,1101,-0.29857777891841913,-0.20916782227874645,-0.2953931941443795
Ptuh,1102,-0.3873622895328272,-0.3744938010592464,-0.38713441309957536
Ptuh,1103,-0.2723015473460164,-0.24680829902288084,-0.27052483434372193
Ptuh,1104,-0.28464490322542735,-0.273535359775041,-0.2827477816324874
Ptuh,1105,-0.20540489670222015,-0.22929498071895899,-0.20230244856411897
Ptuh,1106,-0.3578836975361877,-0.30060996139836144,-0.3529110524747945
Ptuh,1107,-0.04340356992887602,-0.009901015011063205,-0.04153206194983207
Ptuh,1108,-0.2704530531544881,-0.23034635792764394,-0.26843449363161526
Ptuh,1109,-0.19229978439843243,-0.21358985938478667,-0.18833810431970444
Ptuh,1110,-0.30307692856532586,-0.2579106249815676,-0.3032756086296621
Ptuh,1111,-0.38764178433184265,-0.3837880189075595,-0.3862634928245416
Ptuh,1112,-0.12151390559051116,-0.16952862456911147,-0.12072953908044512
Ptuh,1113,-0.14673599222677083,-0.12916773213547597,-0.14768377740713273
Ptuh,1114,-0.33114081456966504,-0.3133206143214676,-0.32563627801143646
Ptuh,1115,-0.1603984003372012,-0.15364478643028714,-0.15775362087885278
Ptuh,1116,-0.02322714403508563,-0.03636905788269724,-0.022665169563454695
Ptuh,1117,-0.3697938731433398,-0.37617584582706776,-0.3647654044006236
Ptuh,1118,-0.26931205724419083,-0.2575521711097223,-0.2678124941335909
Ptuh,1119,-0.40194662891611116,-0.42102161648240044,-0.40147603279082394
Ptuh,1120,-0.3375687439714614,-0.32394751110192366,-0.33441241288932233
Ptuh,1121,-0.2631698697919632,-0.16666003790271114,-0.26213524721911824
Ptuh,1122,-0.20338149158847654,-0.17005493626057616,-0.20330020549811734
Ptuh,1123,-0.34331329196731075,-0.3077749504119146,-0.34299656954310653
Ptuh,1124,-0.31192161171859545,-0.2911814074888354,-0.30898194126540557
Ptuh,1125,-0.13317692637427814,-0.11986855141032635,-0.13260913456998585
Ptuh,1126,-0.3636229217735964,-0.31514525540788,-0.36046662540072116
Ptuh,1127,-0.10044145046798092,-0.09382578715447616,-0.09535163910888875
Ptuh,1128,-0.3880651402564125,-0.42735373040854674,-0.3853320774681951
Ptuh,1129,-0.043388581768712554,-0.17683351300807493,-0.03988009236373123
Ptuh,1130,-0.39056311095209084,-0.3617100605592232,-0.38879646134791906
Ptuh,1131,-0.1568436231722555,-0.14780860330462897,-0.1564482697607094
Ptuh,1132,-0.33356574518446547,-0.3104140582049051,-0.3331545521862516
Ptuh,1133,-0.29518581105224234,-0.31150775215937343,-0.2945435316698451
Ptuh,1134,-0.32563897341925546,-0.3101249097939971,-0.3244349538345753
Ptuh,1135,-0.3085364261437728,-0.2662075797631004,-0.30672170421929196
Ptuh,1136,-0.3629996366322092,-0.307181217797731,-0.3615404266581337
Ptuh,1137,-0.33994039087686395,-0.3679692087542858,-0.3400709744203787
Ptuh,1138,-0.3573039865206474,-0.34078768596757236,-0.35532536392130415
Ptuh,1139,-0.3901179503009398,-0.3727174523477572,-0.3881753868410449
Ptuh,1140,-0.10990399183702457,-0.1910617998647531,-0.1074901015828746
Ptuh,1141,-0.2756387804886182,-0.19533548689866675,-0.27550688236453136
Ptuh,1142,-0.10413490247585641,-0.0907683898034476,-0.09279095487637813
Ptuh,1143,-0.2655569792529049,-0.23034930842174134,-0.26438080001440134
Ptuh,1144,-0.19947340147002873,-0.16899220889466615,-0.19733392853700943
Ptuh,1145,-0.3537684262912494,-0.33307255128710317,-0.3530400759133297
Ptuh,1146,-0.06334836811335397,-0.019604002958748146,-0.06213165810422516
Ptuh,1147,-0.27098668171436924,-0.24875013233053175,-0.27077361078583956
Ptuh,1148,-0.33329324966019597,-0.28600953733569057,-0.33116549988078914
Ptuh,1149,-0.18334996684625796,-0.09392348654832668,-0.183022666440913
Ptuh,1150,-0.2570919786692786,-0.23360912952282917,-0.2560022387119577
Ptuh,1151,-0.1250781665086326,-0.11671770007374817,-0.12297150101450072
Ptuh,1152,-0.2215276688329903,-0.24260242450304792,-0.21370050535498833
Ptuh,1153,-0.06846035899344684,-0.04272826247229778,-0.06518618176423173
Ptuh,1154,-0.34341922350075166,-0.32629454847055367,-0.3425952761577244
Ptuh,1155,-0.14237194861176686,-0.171956739711027,-0.13626872496850925
Ptuh,1156,-0.3023493978530564,-0.3172654687766325,-0.3016133985205054
Ptuh,1157,-0.09146726487014119,-0.16674454423374147,-0.08854867380965081
Ptuh,1158,-0.2742989223960983,-0.24725301422699525,-0.27430708870127796
Ptuh,1159,-0.35849030168844165,-0.3771763654156978,-0.35612684729134597
Ptuh,1160,-0.3043144231615797,-0.31868565180015107,-0.3036904338610343
Ptuh,1161,-0.32095027930057857,-0.27047729613611976,-0.3186839660155061
Ptuh,1162,-0.3780879326228895,-0.37147847550551555,-0.3756398604094376
Ptuh,1163,-0.06666221500882187,-0.11668454835590315,-0.06567730868753206
Ptuh,1164,-0.3113915750137519,-0.3263041121869346,-0.310009753056274
Ptuh,1165,-0.32034650562940564,-0.2958974410116381,-0.3179927224324802
Ptuh,1166,-0.34677572236424486,-0.27120431890869123,-0.34295662528637294
Ptuh,1167,-0.10869965099093248,-0.1092104879992975,-0.10844578686108663
Ptuh,1168,-0.30210888910216327,-0.237301994252864,-0.30158508515345034
Ptuh,1169,-0.38755469533668513,-0.37856729036273773,-0.3834182076684752
Ptuh,1170,-0.33134928750981435,-0.31434655711568305,-0.32856882954552946
Ptuh,1171,-0.059328223034505606,-0.06254746060133051,-0.056265397413896086
Ptuh,1172,-0.04738806698414179,0.038193598536577916,-0.044484349906974814
Ptuh,1173,-0.21894585348795959,-0.3381054697337921,-0.21244118913886634
Ptuh,1174,-0.06232942868789978,0.004809982152368562,-0.06504258550856772
Ptuh,1175,-0.30496402417827273,-0.2716466091924012,-0.3054261392891622
Ptuh,1176,-0.278469986137084,-0.2423813051837113,-0.27684025654889294
Ptuh,1177,-0.21444944684451483,-0.2229025243359844,-0.21304641225919244
Ptuh,1178,-0.348537545198108,-0.30338095737198967,-0.34917040892686635
Ptuh,1179,-0.07155582125503775,-0.10229302888818761,-0.06914157942575468
Ptuh,1180,-0.2175814998747119,-0.16052726601638315,-0.21632462303244598
Ptuh,1181,-0.1480404950562325,-0.16798394090218108,-0.14485813041608148
Ptuh,1182,-0.3241547478996532,-0.32757842020919814,-0.32362168578532746
Ptuh,1183,-0.3135547184513892,-0.2994255163489685,-0.31003581054252954
Ptuh,1184,-0.36210079355944796,-0.3305628960252327,-0.36018389940171525
Ptuh,1185,-0.09659237415126459,-0.014704309981874397,-0.10172309258762852
Ptuh,1186,-0.3384214030115909,-0.31192680965900577,-0.33463915539270916
Ptuh,1187,-0.08268037368279035,-0.07360122469796337,-0.0824817638044841
Ptuh,1188,-0.3004329484619341,-0.23006364456565548,-0.2996826897896435
Ptuh,1189,-0.01639330477675716,-0.13094526736026063,-0.014279567270383023
Ptuh,1190,-0.30129248437275635,-0.22959692481069102,-0.300265574497046
Ptuh,1191,-0.15490676122700198,-0.20526790297965056,-0.15068741192841686
Ptuh,1192,-0.3898113759705944,-0.36333183498009375,-0.3863885952754143
Ptuh,1193,-0.2767728607484207,-0.2428770789117326,-0.2752959177861166
Ptuh,1194,-0.29891302246711826,-0.23772987678669366,-0.2975014496587654
Ptuh,1195,-0.39593302598813856,-0.3826737554590713,-0.3937836272763952
Ptuh,1196,-0.41499177226057826,-0.4013649190949345,-0.4127023748131963
Ptuh,1197,-0.16169612499906988,-0.1945665175755682,-0.15962095808865112
Ptuh,1198,-0.0972186980949729,-0.1251553161588767,-0.09630571223884525
Ptuh,1199,-0.21514237225895058,-0.10938733859747,-0.2108593787320391
Ptuh,1200,-0.2356484091767961,-0.1397202299637315,-0.23555771160759195
Ptuh,1201,-0.026761270491800087,-0.014719627509967682,-0.025561228346167527
Ptuh,1202,-0.3349951053075752,-0.33044853983308714,-0.33432338797548744
Ptuh,1203,-0.23716482521202925,-0.2522049806580377,-0.2329506050841917
Ptuh,1204,-0.22411271654982454,-0.29183105933334413,-0.22048520524902432
Ptuh,1205,-0.3529118138849455,-0.3442229180568986,-0.34987793765690883
Ptuh,1206,-0.39224559928606434,-0.3995412175917507,-0.39179960803442637
Ptuh,1207,-0.198620739872499,-0.13566842325083533,-0.19605175286629142
Ptuh,1208,-0.24070367817022698,-0.19326198561430297,-0.23706724316954794
Ptuh,1209,-0.3067477217824299,-0.2401637320001014,-0.30621414602985936
Ptuh,1210,-0.4047112339748378,-0.34015594340017336,-0.40216040480029097
Ptuh,1211,-0.3532176107215166,-0.3214826584216163,-0.3523904344500338
Ptuh,1212,-0.08077261704420731,-0.142538683687119,-0.07845243067767958
Ptuh,1213,-0.3412354747409742,-0.35332912752285073,-0.3374131524839678
Ptuh,1214,-0.2035445320112259,-0.21548368908477075,-0.20283049924151472
Ptuh,1215,-0.16715766823557948,-0.08863824499813508,-0.1634916759507961
Ptuh,1216,-0.313431494946305,-0.286839340766994,-0.3128843059611979
Ptuh,1217,-0.44365524512348675,-0.41429824366379214,-0.43999137609528927
Ptuh,1218,-0.31009421141863414,-0.3018088596732639,-0.30458898610985724
Ptuh,1219,-0.21187186574728414,-0.21467135010275729,-0.20820534090441775
Ptuh,1220,-0.36028275092260986,-0.33531230037575177,-0.35877086805549013
Ptuh,1221,-0.2638145645868123,-0.19613161970581605,-0.25982671249377653
Ptuh,1222,-0.34833558700251344,-0.26350806604460186,-0.3469787766616444
Ptuh,1223,-0.11725517955933502,-0.1230104479855163,-0.11400919884392302
Ptuh,1224,-0.22422568569251056,-0.10887681781025955,-0.2188253225366146
Ptuh,1225,-0.23523040086898317,-0.22362890041147337,-0.23392544760672399
Ptuh,1226,-0.39156427141371103,-0.36436406146342387,-0.3894228979256648
Ptuh,1227,-0.3516616532800075,-0.2872558759380522,-0.3508393742243859
Ptuh,1228,-0.3496135398859297,-0.1601040841789242,-0.3465043689643246
Ptuh,1229,-0.3807062341157638,-0.432239170739267,-0.3771008146988419
Ptuh,1230,-0.2602764718393836,-0.22669086664876573,-0.25844950163095864
Ptuh,1231,-0.35536147532360096,-0.38956495160731225,-0.3544784856873699
Ptuh,1232,-0.1282475491397301,-0.06755747933870665,-0.12925018711504596
Ptuh,1233,-0.06781712755109089,-0.09522520133231739,-0.06749493649177346
Ptuh,1234,-0.3560159143752283,-0.3237703130529483,-0.35597010062632145
Ptuh,1235,-0.29794372346546977,-0.2952420142645608,-0.2959054487411813
Ptuh,1236,-0.14840221241937027,-0.1506248539295441,-0.14682087211660078
Ptuh,1237,-0.3085812088690862,-0.21646828755348863,-0.3058814297530673
Ptuh,1238,-0.2730130535564924,-0.22782363006183212,-0.27166130026852403
Ptuh,1239,-0.134720774012694,-0.14517325533715628,-0.13243785240750655
Ptuh,1240,-0.18671901069416735,-0.22287685994251238,-0.18056358306636366
Ptuh,1241,-0.4179065104071111,-0.39907628652648913,-0.4168071695680461
Ptuh,1242,-0.06607627857614455,-0.018620322028394358,-0.06109505385782065
Ptuh,1243,-0.39343703472264285,-0.36118740507202973,-0.38966742101717455
Ptuh,1244,-0.32679645272628016,-0.27476373335010684,-0.3263906248248329
Ptuh,1245,-0.30251139307187397,-0.31798168043838093,-0.3012692214935504
Ptuh,1246,-0.329519481832559,-0.29677511767930453,-0.3273337199095575
Ptuh,1247,-0.05869635067957759,-0.10097168679134214,-0.052979057633015275
Ptuh,1248,-0.372486035326721,-0.3551960902356206,-0.367508732095169
Ptuh,1249,-0.3995933809245507,-0.35568606512679735,-0.39869416751682124
Ptuh,1250,-0.18233461820100783,-0.18868622640551094,-0.17574217150971333
Ptuh,1251,-0.40896880444327327,-0.40071622422960484,-0.40377249451399405
Ptuh,1252,-0.3541135322186454,-0.34287073766424425,-0.3530437849816832
Ptuh,1253,-0.07494762198348104,-0.005181596129218576,-0.07411841693218767
Ptuh,1254,-0.3079193687004413,-0.2720062800305644,-0.30524234602441525
Ptuh,1255,-0.3158228394282282,-0.2599733965940815,-0.3135020387907613
Ptuh,1256,-0.169890607357651,-0.21269107687572728,-0.16248182090514415
Ptuh,1257,-0.21709071464922522,-0.21008412162918677,-0.2156492503029631
Ptuh,1258,-0.32697974563301346,-0.29430221063553585,-0.3244649108149937
Ptuh,1259,0.04100753883932966,-0.01497159352875062,0.047196339311684134
Ptuh,1260,-0.36124061815462044,-0.32553112594379113,-0.35653447351291767
Ptuh,1261,-0.30449065162742517,-0.27246610670548804,-0.3018776451806277
Ptuh,1262,-0.0835482671792264,-0.10010898277981169,-0.08114136135940435
Ptuh,1263,-0.2629155063275444,-0.21062037235248193,-0.2592420107522422
Ptuh,1264,-0.42967709693615574,-0.3918755318681765,-0.427345014540374
Ptuh,1265,-0.3109903793719878,-0.25103090225501484,-0.30883431541552914
Ptuh,1266,-0.3736980170007007,-0.34563809983395283,-0.37032025525601886
Ptuh,1267,-0.06565585541716218,-0.05602615628570475,-0.058936938299597244
Ptuh,1268,-0.3369370506219369,-0.2730801400403956,-0.33511157129029756
Ptuh,1269,-0.22244314077669997,-0.26037760571116514,-0.21911583260758458
Ptuh,1270,-0.22389113212286363,-0.1351887285356787,-0.2221724021235194
Ptuh,1271,-0.3873078309662097,-0.4102966117729671,-0.3847051351021799
Ptuh,1272,-0.13707058932112473,-0.13311648248064667,-0.1356642640678613
Ptuh,1273,-0.3216108285229612,-0.27802900751088855,-0.3210300145171861
Ptuh,1274,-0.37832722597945534,-0.3794146739026028,-0.3751946191412159
Ptuh,1275,-0.3885832018757801,-0.4179234871348317,-0.38677676584654386
Ptuh,1276,-0.22495534084249608,-0.12138407206671763,-0.22208648766825195
Ptuh,1277,-0.2508671573484396,-0.24214488567771178,-0.2434924142996878
Ptuh,1278,-0.16610058158551624,-0.19523363570304222,-0.16161663307124613
Ptuh,1279,-0.3398694395194752,-0.34592678762644097,-0.3363627358197796
Ptuh,1280,-0.277913190721109,-0.2282501013050261,-0.2780549406077843
Ptuh,1281,-0.28576638844113644,-0.17963652847925216,-0.28477470280056794
Ptuh,1282,-0.23900490464750432,-0.25563192501977505,-0.23506041703998046
Ptuh,1283,-0.3676576779311618,-0.35054158106933986,-0.36587803407762626
Ptuh,1284,-0.3570447357080228,-0.3760720016895142,-0.35356219562160124
Ptuh,1285,-0.2806203082281897,-0.2273282687864528,-0.2780206811810901
Ptuh,1286,-0.10943037764360776,-0.19222737258135505,-0.10660297860217936
Ptuh,1287,-0.3812704557281526,-0.42925891754911544,-0.3791256395164897
Ptuh,1288,-0.30496402417827395,-0.2716466091924031,-0.30542613928916995
Ptuh,1289,-0.3081247555247801,-0.2983174265417696,-0.30553219229943135
Ptuh,1290,-0.4154352577969982,-0.3990212916312766,-0.4137151435593002
Ptuh,1291,-0.29030906590115846,-0.2145033746599197,-0.29005378886962024
Ptuh,1292,-0.3788400664006298,-0.3872993687520178,-0.3768372656246564
Ptuh,1293,-0.2644845434052344,-0.25938848826023997,-0.259703616034284
Ptuh,1294,-0.24476784122127368,-0.2222753941263544,-0.23856522240543526
Ptuh,1295,-0.32311638132405585,-0.31936761512438117,-0.32461067766839974
Ptuh,1296,-0.15767300670321452,-0.1078139434797007,-0.1559079332220001
Ptuh,1297,-0.34552853928196425,-0.34189052135625114,-0.3429176011147168
Ptuh,1298,-0.4436964788260837,-0.41750868148772974,-0.4434527687214257
Ptuh,1299,-0.2598290499676553,-0.19014765126451552,-0.25854265540930965
Ptuh,1300,-0.14260178755270422,-0.1676737493736923,-0.1401056764365021
Ptuh,1301,-0.38961824657022476,-0.3856498510446331,-0.39047608079311164
Ptuh,1302,-0.33296666174501777,-0.29936283573913286,-0.33237606757570953
Ptuh,1303,-0.11093040998083248,-0.08434358144661441,-0.10273006571823218
Ptuh,1304,-0.3500200193683486,-0.3123024731508409,-0.34459806885296596
Ptuh,1305,-0.2779410418957681,-0.32725618062307565,-0.2731303860243677
Ptuh,1306,-0.2558871045309442,-0.23588409023637263,-0.2553981843465205
Ptuh,1307,-0.351267911439441,-0.37934827874451094,-0.34924656424913886
Ptuh,1308,-0.16339108948845704,-0.16809047027709778,-0.15923324185964913
Ptuh,1309,-0.22002448609618874,-0.08347234782889776,-0.21198625799435733
Ptuh,1310,-0.17723605632955683,-0.12626168843235816,-0.16971588941193616
Ptuh,1311,-0.33134928750981596,-0.31434655711567766,-0.32856882954552774
Ptuh,1312,-0.35154088215995033,-0.34497664741285705,-0.3502675024379481
Ptuh,1313,-0.19846594670776344,-0.12650216141968387,-0.1872900310043105
Ptuh,1314,-0.3587115634561141,-0.34721139743790846,-0.35769269594424563
Ptuh,1315,-0.18672593945954405,-0.19653932157120993,-0.17963673241184064
Ptuh,1316,-0.13071459488885137,-0.0786510720198685,-0.13132038487399825
Ptuh,1317,-0.35315598268661863,-0.3264263922466215,-0.34987657364491676
Ptuh,1318,-0.056045515374556876,-0.12130435622479417,-0.052414621135365096
Ptuh,1319,-0.2703101912343031,-0.21633478849169993,-0.26752714220656465
Ptuh,1320,-0.06071822629508457,-0.044157033050268316,-0.059739998185649575
Ptuh,1321,-0.3797969574381732,-0.3763345412316274,-0.3782193610867512
Ptuh,1322,-0.3655082611489532,-0.38033728654993304,-0.3625065260804349
Ptuh,1323,-0.4341796857258472,-0.40400380566644234,-0.4323209916634335
Ptuh,1324,-0.4015136391113085,-0.4278939128015818,-0.3989755247063737
Ptuh,1325,-0.4232933224040514,-0.4450413530957558,-0.4218495809041
Ptuh,1326,-0.25187178246603015,-0.19163310746812695,-0.250178887336775
Ptuh,1327,-0.33703069175281164,-0.29541122232414674,-0.33688800469975005
Ptuh,1328,-0.3813957960893939,-0.3785069018065631,-0.37949688523151937
Ptuh,1329,-0.2787066428769303,-0.15459924783430526,-0.27548807178509305
Ptuh,1330,-0.1723526137209927,-0.1779511088628781,-0.1675311706155505
Ptuh,1331,-0.27188035569768726,-0.23483697855442653,-0.2716061384599822
Ptuh,1332,-0.3096246159919126,-0.23189934559361214,-0.3092981476783878
Ptuh,1333,-0.17868428290221416,-0.15869169488461668,-0.17801311041620754
Ptuh,1334,-0.2775668535492057,-0.23859766895090792,-0.2743155140490493
Ptuh,1335,-0.354074628177832,-0.3283438671733018,-0.35120376619096866
Ptuh,1336,-0.27203788137772694,-0.33479952662830453,-0.2682944131560886
Ptuh,1337,-0.3395285761581262,-0.3337316514624865,-0.33940855062787045
Ptuh,1338,-0.3259981968229401,-0.32890844335317415,-0.32477014213169536
Ptuh,1339,-0.16295810850580353,-0.20093090573462033,-0.16282663431628003
Ptuh,1340,-0.3194770888850826,-0.3096808529078812,-0.31757772093933456
Ptuh,1341,-0.004248351251022182,0.025192592621017345,-0.002147557989702868
Ptuh,1342,-0.17233470724913044,-0.16710848058359826,-0.16525072457331202
Ptuh,1343,-0.1099039918370308,-0.19106179986474975,-0.10749010158287857
Ptuh,1344,-0.3869473353873044,-0.39149373199392495,-0.3842231210129654
Ptuh,1345,-0.3838779662513767,-0.3701231490609021,-0.3804739517919261
Ptuh,1346,-0.16622782752240572,-0.21219471397126993,-0.16083665369848094
Ptuh,1347,-0.20325057514471234,-0.23540396162472432,-0.20215727278284046
Ptuh,1348,-0.3201779794436912,-0.2669700799889116,-0.31829783001818146
Ptuh,1349,-0.29338985307682214,-0.22823912523837236,-0.28999781705304223
Ptuh,1350,-0.4027346929572615,-0.37973735492708965,-0.4009111724518581
Ptuh,1351,-0.0846727366969048,-0.13772842428857718,-0.08549094688072024
Ptuh,1352,-0.4245576825583942,-0.39440554334531147,-0.4243217790246019
Ptuh,1353,-0.2711951088514949,-0.23326235367855117,-0.2696823902920427
Ptuh,1354,-0.269221798134018,-0.27179101866931005,-0.266105445962294
Ptuh,1355,-0.17668141847891647,-0.2177628445572117,-0.17588148649649263
Ptuh,1356,-0.313548527327205,-0.2771676606179865,-0.31229327031638643
Ptuh,1357,-0.09348721774244731,-0.1634467041096564,-0.09318959285033125
Ptuh,1358,-0.11098544245186796,-0.148856672809125,-0.10935240598248487
Ptuh,1359,-0.2634382642719419,-0.18944351711177077,-0.2611152975519141
Ptuh,1360,-0.0950058199978052,-0.023733612609270406,-0.09520811097573592
Ptuh,1361,-0.22660712398537117,-0.15167314314179173,-0.2209627183683811
Ptuh,1362,-0.35096845386376374,-0.32278635914452053,-0.3481341505388293
Ptuh,1363,-0.03425055850056977,0.04430191381890045,-0.03141504854710032
Ptuh,1364,-0.26448454340522126,-0.2593884882602392,-0.2597036160342871
Ptuh,1365,-0.3226272126341482,-0.2972197966528068,-0.320248398772704
Ptuh,1366,-0.41085302770849214,-0.38139699356328155,-0.4066033941665675
Ptuh,1367,-0.38684475103815397,-0.41935595679535664,-0.3848340026549294
Ptuh,1368,-0.27533783909344695,-0.21377840928612218,-0.2725395536800464
Ptuh,1369,-0.23042127247012925,-0.369873109423413,-0.22953464552211192
Ptuh,1370,-0.11389431450326754,-0.17118609143020022,-0.11092067279496164
Ptuh,1371,-0.34557678423891636,-0.3702439249124569,-0.3443839510493863
Ptuh,1372,-0.3575389827069124,-0.31573722310768954,-0.35455472763127205
Ptuh,1373,-0.30621725443736514,-0.26736633198144744,-0.3047643029916544
Ptuh,1374,-0.44887481863673506,-0.39174133647829795,-0.44625528740316356
Ptuh,1375,-0.35685569775461806,-0.2936186716863904,-0.3527979967756957
Ptuh,1376,-0.33846258178214905,-0.31123597487770177,-0.3358012862348262
Ptuh,1377,-0.38811845340315637,-0.3753662188177664,-0.3852971954263747
Ptuh,1378,-0.01737741249277108,-0.07293941268561543,-0.018001903671183296
Ptuh,1379,-0.3768728051630905,-0.3592172464195169,-0.37362074589013894
Ptuh,1380,-0.25187178246603176,-0.19163310746812756,-0.25017888733678373
Ptuh,1381,-0.351759008707203,-0.31246673540705466,-0.35083767795457493
Ptuh,1382,-0.13527459646674875,-0.17907717857745958,-0.12691027495665647
Ptuh,1383,-0.15538434428132492,-0.18615480040900848,-0.15402028773058546
Ptuh,1384,-0.3083071840681604,-0.26380699086369785,-0.30803087128828094
Ptuh,1385,-0.2550943068839714,-0.25331239350143697,-0.2519097259199816
Ptuh,1386,-0.3189142595857023,-0.23733457081738313,-0.3151738140007371
Ptuh,1387,-0.3145707316476099,-0.23682848739588638,-0.31258522154757246
Ptuh,1388,-0.38835799693372053,-0.366320226847222,-0.3853491835273725
Ptuh,1389,-0.14413217931084613,-0.2860739168086016,-0.14227037655202068
Ptuh,1390,-0.08246885627543549,0.036973548718023615,-0.08080114995373187
Ptuh,1391,-0.33552192382926543,-0.3003236577575083,-0.33553662980722343
Ptuh,1392,-0.36099020555578387,-0.3592083958661606,-0.3602248589065742
Ptuh,1393,-0.05845439476033435,0.03356010621739567,-0.056996036547137974
Ptuh,1394,-0.1620546931507557,-0.09670175375872055,-0.15815219546284398
Ptuh,1395,-0.024786007827583032,-0.06619648062288287,-0.02525065097781498
Ptuh,1396,-0.32017797944368964,-0.26697007998890876,-0.3182978300181772
Ptuh,1397,-0.2859259114174625,-0.2750497489884168,-0.2849388789449848
Ptuh,1398,-0.3667330913140486,-0.41556590744920635,-0.3660766798919362
Ptuh,1399,-0.3313380001724284,-0.31385709677519164,-0.33184854282904946
Ptuh,1400,-0.3473852391451775,-0.30707473017612935,-0.3459529749421076
Ptuh,1401,-0.24575153708121858,-0.25978361436175074,-0.24239662344253565
Ptuh,1402,-0.2825932094385399,-0.196029181109078,-0.2809167709114811
Ptuh,1403,-0.18928197023962579,-0.17371763359272543,-0.1837822273681556
Ptuh,1404,-0.09179763634191435,-0.08532473456602298,-0.09155867810689369
Ptuh,1405,-0.3058284401691696,-0.23918614519478307,-0.30427760329066905
Ptuh,1406,-0.26071812243572473,-0.21169039021708255,-0.26020765103073357
Ptuh,1407,-0.28217379527201814,-0.16824268163667971,-0.28039714684006134
Ptuh,1408,-0.19065660504526222,-0.22348048871858844,-0.18383331111481765
Ptuh,1409,-0.34246266699779554,-0.33336646617726606,-0.3415440548473336
Ptuh,1410,-0.3131060151084606,-0.23650333462489045,-0.31213949396692714
Ptuh,1411,-0.28184775796941514,-0.258981141021388,-0.28108098515359875
Ptuh,1412,-0.36582260391954846,-0.3354017214504758,-0.36464155776360685
Ptuh,1413,-0.2554399894943533,-0.1937692832721398,-0.25262545754325855
Ptuh,1414,-0.3438932769565729,-0.32048150036586026,-0.34339643452381224
Ptuh,1415,-0.17186087028984184,-0.09929979970404991,-0.17280538043541696
Ptuh,1416,-0.013372524505737216,0.005163507347578836,-0.01228951705202246
Ptuh,1417,-0.36123881015136394,-0.3691534355230119,-0.3580928668836082
Ptuh,1418,-0.25204929772334533,-0.23359036710182143,-0.25134025444984043
Ptuh,1419,-0.3676576779311598,-0.35054158106933875,-0.3658780340776274
Ptuh,1420,-0.14800012577399332,-0.13729443711353687,-0.14728772334945353
Ptuh,1421,-0.15552693516471153,-0.15240937879130853,-0.1525988256973781
Ptuh,1422,-0.017813958921700408,0.0010756361998659524,-0.016021732033702
Ptuh,1423,-0.23102919143377618,-0.16797305037744084,-0.22966378174794147
Ptuh,1424,-0.2784699861370838,-0.24238130518371373,-0.2768402565488932
Ptuh,1425,-0.35019849141698667,-0.34664410702814963,-0.3482634462213127
Ptuh,1426,-0.40219674132198063,-0.4071212282087448,-0.4007588284340011
Ptuh,1427,-0.4215710922041121,-0.39376038086170645,-0.42143548127620134
Ptuh,1428,-0.3660374046703929,-0.3345191076684578,-0.3654855465288902
Ptuh,1429,-0.20110837343911575,-0.1903884291725103,-0.19591929735030042
Ptuh,1430,-0.35805106764038147,-0.3511585912386424,-0.3575040431992314
Ptuh,1431,-0.2658715204700151,-0.268963205102826,-0.26441506800425213
Ptuh,1432,-0.28501965523948786,-0.244911133640999,-0.28454658090507107
Ptuh,1433,-0.14035305757896618,-0.1003064708573896,-0.13800590294984774
Ptuh,1434,-0.06262051102920667,-0.031471180939206034,-0.0559180333551365
Ptuh,1435,-0.1807887328099685,-0.28937963487940477,-0.1751685302445302
Ptuh,1436,-0.22312020436632135,-0.1868621255600667,-0.22252942904046516
Ptuh,1437,-0.17662292101281132,-0.15029765707424417,-0.17204497624070247
Ptuh,1438,-0.21728589150778707,-0.32609759849436526,-0.21698584615312988
Ptuh,1439,-0.34951627359675846,-0.3313527099275285,-0.34984829860478583
Ptuh,1440,-0.40058419210680013,-0.41588137924924523,-0.39817765765341806
Ptuh,1441,-0.2975928975676825,-0.258033689125858,-0.29734674762792734
Ptuh,1442,-0.2865494914195687,-0.274961264428897,-0.2849376733526184
Ptuh,1443,-0.2897089442330125,-0.2837572815947585,-0.2889381642791267
Ptuh,1444,-0.2854726883183689,-0.2225648869465471,-0.2846077631971273
Ptuh,1445,-0.35063490188267354,-0.35020914472444886,-0.3489844817751814
Ptuh,1446,-0.33149619477153064,-0.3272561770511842,-0.33080612602587683
Ptuh,1447,-0.2869874792074759,-0.251526872418323,-0.28646528717434266
Ptuh,1448,-0.2807884734971999,-0.2712057911516975,-0.27454761605449807
Ptuh,1449,-0.2609553733714201,-0.21777604295896544,-0.2601202643596254
Ptuh,1450,-0.33241903000517,-0.3610647010006637,-0.33240487683519376
Ptuh,1451,-0.38858744330980965,-0.3193242090491776,-0.38696575054609383
Ptuh,1452,-0.1322841295336767,-0.08613262932325544,-0.1319437920200958
Ptuh,1453,-0.35729412105604635,-0.3287322479297382,-0.3576469409270378
Ptuh,1454,-0.050155571937397586,-0.0397292246758944,-0.04840309295042553
Ptuh,1455,-0.2985015446533012,-0.28718444365794665,-0.29801941548992517
Ptuh,1456,-0.30031426686721585,-0.29349205200320644,-0.29671676670908415
Ptuh,1457,-0.2791233174016746,-0.24545172705229945,-0.275795873934284
Ptuh,1458,-0.35130768264703516,-0.33669878662094943,-0.35114641205371033
Ptuh,1459,-0.3616131135153024,-0.30633422364316004,-0.3596097301756584
Ptuh,1460,-0.3959206010410153,-0.42927488500763,-0.39165563732837294
Ptuh,1461,-0.22468272790273136,-0.2954682888310352,-0.2192705513849694
Ptuh,1462,-0.30942136804539927,-0.27811848817483675,-0.3057204295503203
Ptuh,1463,-0.1283581347292933,-0.10869022690790743,-0.12724092901166217
Ptuh,1464,-0.13926136824067187,-0.20951031468857578,-0.13373939447014702
Ptuh,1465,-0.38699488251324793,-0.3909021505315487,-0.38472745119225454
Ptuh,1466,-0.3452923386881207,-0.31626835780805274,-0.34471661619578636
Ptuh,1467,-0.34878226543877294,-0.3760864679410683,-0.3481820161294627
Ptuh,1468,-0.4185175506037831,-0.3628857782085925,-0.41858591166219
Ptuh,1469,-0.38387796625137777,-0.3701231490609022,-0.38047395179192445
Ptuh,1470,-0.28485406571066685,-0.22903231989490683,-0.27949124801351
Ptuh,1471,-0.4354996092196696,-0.4501907137416388,-0.43592782932245383
Ptuh,1472,-0.14308352514091843,-0.1200625509573805,-0.13504375804056967
Ptuh,1473,-0.28049362063370653,-0.2566490656574359,-0.277942513607292
Ptuh,1474,-0.2906394005184715,-0.26331607389897926,-0.29017910758539955
Ptuh,1475,0.10195081882353303,-0.010006703731320456,0.10410378160489328
Ptuh,1476,-0.04512391285726067,-0.0738079828372172,-0.04183184828076088
Ptuh,1477,-0.3620640143417657,-0.39635220494051754,-0.35876086608857266
Ptuh,1478,-0.3218161289505119,-0.261579877097161,-0.3185564594739467
Ptuh,1479,-0.162146727601854,-0.15715177220602047,-0.1567457951723295
Ptuh,1480,-0.36148605032949355,-0.3127010658802981,-0.3550242641488255
Ptuh,1481,-0.3321455344902844,-0.313306392469053,-0.3316737204920502
Ptuh,1482,-0.29927860970257575,-0.22928998340165319,-0.2964423279556317
Ptuh,1483,-0.08962337200639643,-0.10030571146382515,-0.08691950815268247
Ptuh,1484,-0.3741843921108538,-0.3983187201141779,-0.37155358330502036
Ptuh,1485,-0.4037286011101929,-0.3831981562353813,-0.40103477717913333
Ptuh,1486,-0.1434639814350144,-0.09599284939022841,-0.1429298276749528
Ptuh,1487,-0.23111146522778492,-0.23348863457187732,-0.2273770760223372
Ptuh,1488,-0.18345621793563685,-0.09391018241621198,-0.18296511391274464
Ptuh,1489,-0.3575389827069212,-0.31573722310769425,-0.35455472763127555
Ptuh,1490,-0.09152312266233026,-0.03027133612133145,-0.08805786882114117
Ptuh,1491,-0.17057998163891716,-0.15505777480626645,-0.17015362546165894
Ptuh,1492,-0.25096566007130106,-0.1627078929759378,-0.24881014014219074
Ptuh,1493,-0.3191994837969095,-0.3095607646717532,-0.31796054377763766
Ptuh,1494,-0.36890835474102124,-0.3624743105485034,-0.3659462453578837
Ptuh,1495,-0.38277654205624356,-0.42092535196383357,-0.38076414106940787
Ptuh,1496,-0.2200804209426976,-0.2098696888082487,-0.21673855046698864
Ptuh,1497,-0.18985263055732585,-0.2382254859719665,-0.18905807767884295
Ptuh,1498,-0.38142588624476764,-0.36222523170400006,-0.37966242625272895
Ptuh,1499,-0.41823818804869806,-0.42922230292297064,-0.4183394243680693
Ptuh,1500,-0.27653478058657743,-0.23540907736919217,-0.27497122899941123
Ptuh,1501,-0.09000875948948016,-0.0022016199215388423,-0.09192290036350463
Ptuh,1502,-0.20667388967280678,-0.1983077836042409,-0.20368846068013655
Ptuh,1503,-0.07813097072717162,-0.021966875214631854,-0.0758182069880784
Ptuh,1504,-0.273566798991162,-0.2777709789957489,-0.27127910656993587
Ptuh,1505,-0.12928718984747817,-0.1200503115780776,-0.12984691763148495
Ptuh,1506,-0.052806054113068435,-0.08694089402716569,-0.052413073620149346
Ptuh,1507,-0.336837380153522,-0.27918109478942305,-0.3346879921570532
Ptuh,1508,-0.38802497581375767,-0.3572024429754862,-0.3848132866864103
Ptuh,1509,-0.15527207374808744,-0.17133959546473415,-0.15500950044644704
Ptuh,1510,-0.29823712217407156,-0.2575170480249871,-0.2979776664176493
Ptuh,1511,-0.34073395770253556,-0.29223663994587096,-0.34023388706649105
Ptuh,1512,-0.41378808502259773,-0.4249603624502407,-0.41213548619060125
Ptuh,1513,-0.29379393941445847,-0.24254504175224018,-0.28974042690096263
Ptuh,1514,-0.3491204228359614,-0.3289058423184128,-0.346097294958775
Ptuh,1515,-0.4294276703475989,-0.4361431424203779,-0.4275055921795474
Ptuh,1516,-0.08887017232849075,-0.11041141860384714,-0.08868315476976367
Ptuh,1517,-0.35354329069089624,-0.25551930262266404,-0.35474993717824077
Ptuh,1518,-0.30353146233057704,-0.29145317636491547,-0.30251040240562377
Ptuh,1519,-0.06846035899345032,-0.04272826247230058,-0.06518618176423403
Ptuh,1520,-0.38707572359939374,-0.34145305178501134,-0.38633271808623754
Ptuh,1521,-0.21813959637430488,-0.2995473905592402,-0.21499287276123236
Ptuh,1522,-0.4018560083692521,-0.391436521930329,-0.39960558893472076
Ptuh,1523,-0.39132860700448574,-0.36837899999062684,-0.38764661617772556
Ptuh,1524,-0.3295959271950318,-0.29179386470271895,-0.3314974113890513
Ptuh,1525,-0.2880782467489445,-0.23210991304698536,-0.2879986288604981
Ptuh,1526,-0.35112588467542766,-0.3331007978537478,-0.34737447266445154
Ptuh,1527,-0.26555224052913523,-0.07061992713835248,-0.26248517933996113
Ptuh,1528,-0.05280605411304795,-0.08694089402715713,-0.05241307362014419
Ptuh,1529,-0.01902528193696159,-0.07525476533262192,-0.017660242535468322
Ptuh,1530,-0.3575743597346269,-0.3150666146921983,-0.35389682521664945
Ptuh,1531,-0.2548459407143085,-0.319453686010423,-0.2517234889403331
Ptuh,1532,-0.052109941287062624,-0.08113588256622005,-0.04648383735758101
Ptuh,1533,-0.3402543611835804,-0.31111890839235495,-0.33930110578906186
Ptuh,1534,-0.14041873331897822,-0.08344983955610837,-0.1349471357964356
Ptuh,1535,-0.16960596897445954,-0.16157685084439702,-0.16693963576037973
Ptuh,1536,-0.3950891636657708,-0.38255908753886864,-0.39256358327228696
Ptuh,1537,-0.31310601510845637,-0.23650333462489054,-0.3121394939669294
Ptuh,1538,-0.13363373445358923,-0.12698958374142377,-0.13185129654771785
Ptuh,1539,-0.11730735254698955,-0.1023793498971823,-0.11435001619222135
Ptuh,1540,-0.3725085613727811,-0.365496088327799,-0.370527731599519
Ptuh,1541,-0.404078705509323,-0.3969844341459019,-0.40222848128360267
Ptuh,1542,-0.3728106328679609,-0.3712524684349733,-0.371767203670178
Ptuh,1543,-0.28421717212418884,-0.3261258440041306,-0.2783640697581027
Ptuh,1544,-0.14207678121962278,-0.09978898094583367,-0.1395180204713597
Ptuh,1545,-0.27605581463033163,-0.25767862720841755,-0.2763635388364527
Ptuh,1546,-0.28260769555259474,-0.2701111273245666,-0.28135206965796117
Ptuh,1547,-0.3655208403186,-0.3219253303709265,-0.3617053185530746
Ptuh,1548,-0.13295862293731717,-0.10128989001647769,-0.12781527296267636
Ptuh,1549,-0.3367659355479081,-0.3395834136864246,-0.33623338645372747
Ptuh,1550,-0.349401597803354,-0.26753417195721524,-0.34632242442112937
Ptuh,1551,0.02143702005177227,0.08342772797560691,0.02413479487083676
Ptuh,1552,-0.28812272189788246,-0.2571552744336638,-0.2856083499957297
Ptuh,1553,-0.31083932685689364,-0.2578397407542952,-0.3109571066571949
Ptuh,1554,-0.18744888337037413,-0.15508565687954767,-0.17806205742721973
Ptuh,1555,-0.4193968075554195,-0.43620484360803796,-0.4199945243184253
Ptuh,1556,-0.38246383639867393,-0.4096695065560161,-0.3784629427468813
Ptuh,1557,-0.26365116282920475,-0.22959528375400187,-0.26270892930327555
Ptuh,1558,-0.37904237408651004,-0.35669045254747195,-0.37588511216715553
Ptuh,1559,-0.2968374829439406,-0.21461631754065819,-0.2957621853415273
Ptuh,1560,-0.34775989733424306,-0.29984817032296934,-0.3476562726650335
Ptuh,1561,-0.3333854317784403,-0.29330704842132893,-0.3335279734650359
Ptuh,1562,-0.09474605603611466,-0.08524601274536714,-0.09065919289076194
Ptuh,1563,-0.3009480550073045,-0.2570699418715496,-0.2947525825062253
Ptuh,1564,-0.2028141218880206,-0.16205807430274144,-0.1973776977466867
Ptuh,1565,-0.2084345163207019,-0.1450206171230257,-0.20740980425549627
Ptuh,1566,-0.2319242169472292,-0.2525909698833923,-0.22893883790864913
Ptuh,1567,-0.1284340736380602,-0.21732747056493104,-0.12744673510186874
Ptuh,1568,-0.3184194688767032,-0.2606537601147147,-0.315773103331364
Ptuh,1569,-0.1987063024544161,-0.29844444655451663,-0.18949310211292644
Ptuh,1570,-0.3473122920450496,-0.32389111755401523,-0.3470507351268513
Ptuh,1571,-0.19830240914086694,-0.1484579813880991,-0.19611904206599182
Ptuh,1572,-0.2658613681465567,-0.23788705717080105,-0.26492549001366095
Ptuh,1573,-0.389811375970595,-0.3633318349800974,-0.386388595275413
Ptuh,1574,-0.06211345294890539,0.0010813281717220466,-0.05966576609430991
Ptuh,1575,-0.03912874650033859,0.12782768786061274,-0.03550309327325075
Ptuh,1576,-0.1642042651318103,-0.08499377850758078,-0.1645864613519116
Ptuh,1577,-0.09519441453173683,-0.09082944037716174,-0.09388071287860852
Ptuh,1578,-0.3904930241363919,-0.39001032459164314,-0.3913287825627461
Ptuh,1579,-0.07143656233736004,-0.12206565886081305,-0.0705323100133163
Ptuh,1580,-0.29243975549653645,-0.2564027247999252,-0.29126585000264354
Ptuh,1581,-0.14804049505623235,-0.16798394090217394,-0.14485813041608464
Ptuh,1582,-0.3147416428289129,-0.3112724515343901,-0.3117637687520533
Ptuh,1583,-0.33835569403265614,-0.2709133503716173,-0.33502253395343295
Ptuh,1584,-0.15398185413979606,-0.13246935543750193,-0.1484871384915282
Ptuh,1585,-0.2802250347867038,-0.2815691437830029,-0.280514630069601
Ptuh,1586,-0.13427897931268765,-0.1279775401437912,-0.12911308183593379
Ptuh,1587,-0.25174040136059345,-0.26858620811846085,-0.24399086255795066
Ptuh,1588,-0.3563248655464561,-0.36578228839963356,-0.3547816315505325
Ptuh,1589,-0.330426188676101,-0.31498638818184616,-0.3274124211368156
Ptuh,1590,-0.22434463329274132,-0.2632281745773019,-0.21875072871563042
Ptuh,1591,-0.151990036881815,-0.1720062865114601,-0.15484230471726954
Ptuh,1592,-0.1732398223638405,-0.2017094084698241,-0.1728071327121562
Ptuh,1593,-0.23386856954662105,-0.23562787624140707,-0.22849582498001128
Ptuh,1594,-0.1521280076507311,-0.17036952180795478,-0.1517924534556692
Ptuh,1595,-0.3926445416191258,-0.3788854686394758,-0.39167689135935435
Ptuh,1596,-0.3543784212526735,-0.33889454042193856,-0.3535231159095016
Ptuh,1597,-0.10737367758768454,-0.18718781174396681,-0.10365453736401599
Ptuh,1598,-0.2911787811152673,-0.23890023513530242,-0.2868197852439401
Ptuh,1599,-0.4176844141445029,-0.3775438353477685,-0.4165635894793591
Ptuh,1600,-0.13155585462727437,-0.11976547630541738,-0.12287411023662834
Ptuh,1601,-0.34536611113939686,-0.3303203307645863,-0.3422112915620244
Ptuh,1602,-0.3742661492559615,-0.3826702954208727,-0.3720210169099607
Ptuh,1603,-0.100254608875652,-0.15890473625334312,-0.0996234405160191
Ptuh,1604,-0.3719392899247927,-0.30664304750545734,-0.37036230811435356
Ptuh,1605,-0.3767364125622475,-0.38477112835173966,-0.3766930518338881
Ptuh,1606,-0.3797587733949296,-0.3669603151862096,-0.3786317259876992
Ptuh,1607,-0.08423839638328705,0.007494516754785175,-0.0831517928199045
Ptuh,1608,-0.3351158040462549,-0.3345506314736089,-0.33262077196140233
Ptuh,1609,-0.3389559772006244,-0.32023750352780256,-0.33813501909810095
Ptuh,1610,-0.2175710294866719,-0.1654233286856545,-0.21597129266298196
Ptuh,1611,-0.33283532160503704,-0.3083297214420806,-0.33427558131354934
Ptuh,1612,-0.10402060656925811,-0.1327927584016671,-0.09939228669278968
Ptuh,1613,-0.33008524500097114,-0.27822384351367174,-0.3275562114344129
Ptuh,1614,-0.37733283970319537,-0.42001450460255796,-0.3757667828918407
Ptuh,1615,-0.36446946611116554,-0.35240910182323404,-0.36062875553349605
Ptuh,1616,-0.3582450951060383,-0.32308842491025547,-0.3578336403953277
Ptuh,1617,-0.36027266385654777,-0.32211129394257504,-0.3603808910479421
Ptuh,1618,-0.11523632727653182,-0.10644091011936727,-0.11379002624306667
Ptuh,1619,-0.09293482659773143,-0.03978073304052037,-0.08926489716457807
Ptuh,1620,-0.26145993224516856,-0.15880831552653213,-0.2608177309213738
Ptuh,1621,-0.34467807916301524,-0.27700858048636123,-0.3408230812274204
Ptuh,1622,-0.25868479451920295,-0.1941231593040053,-0.2577571819902546
Ptuh,1623,-0.3971077591456283,-0.36558794307484,-0.39479541663124124
Ptuh,1624,-0.38958948995514675,-0.36409532611593964,-0.38772470293082684
Ptuh,1625,-0.26002909722901707,-0.19172141845272833,-0.25771861441161514
Ptuh,1626,-0.09662486683726733,-0.09739523117963056,-0.09437811344718335
Ptuh,1627,-0.14218704447236596,-0.15848009509091682,-0.1381280167537354
Ptuh,1628,-0.30462647082698513,-0.2866874354594581,-0.3019263682844218
Ptuh,1629,-0.04612493865006458,-0.1255422973765323,-0.045362908966026017
Ptuh,1630,-0.03242457603784163,-0.029875226697076023,-0.03037386456058977
Ptuh,1631,-0.4044208891730312,-0.3663634656800374,-0.40130265428142287
Ptuh,1632,-0.3359204768912969,-0.31700572800123966,-0.33334577620693123
Ptuh,1633,-0.3920132411532181,-0.35857918429212504,-0.39019024025508287
Ptuh,1634,-0.12032408662941323,-0.14039599524588306,-0.1194582288793274
Ptuh,1635,-0.2106027140688416,-0.22766215257431685,-0.20692894063724268
Ptuh,1636,-0.08917533881615915,-0.016898289185409567,-0.08758879023207923
Ptuh,1637,-0.29205828558185687,-0.40886240514482947,-0.29201895266479877
Ptuh,1638,-0.24001591960976598,-0.20836754844631084,-0.2389015841503347
Ptuh,1639,-0.3135372366732409,-0.27379642178242314,-0.3124884677737792
Ptuh,1640,-0.17864048054085913,-0.16997568271967636,-0.17717767117606079
Ptuh,1641,-0.3881578536449218,-0.37705160305904295,-0.3858230992442087
Ptuh,1642,-0.33650390834298666,-0.29764978560641076,-0.33204174856923346
Ptuh,1643,-0.1350562477353248,-0.1808537860692775,-0.1348379601905932
Ptuh,1644,-0.32899855628529284,-0.30913640971487155,-0.32658036627596826
Ptuh,1645,-0.2662084623615596,-0.2340339042352271,-0.2662434022196833
Ptuh,1646,-0.27035257820056796,-0.2424812087872102,-0.26796361980552236
Ptuh,1647,-0.1620819823773815,-0.1442196449745506,-0.1563401731150282
Ptuh,1648,-0.36774947977573796,-0.37977788468608614,-0.3657230568888341
Ptuh,1649,-0.2879735559022242,-0.30186828679492034,-0.2867328508726099
Ptuh,1650,-0.15769166256916486,-0.03497589019154896,-0.15683173646975937
Ptuh,1651,-0.1347207740126854,-0.14517325533715658,-0.13243785240749717
Ptuh,1652,-0.1443526390324184,-0.051586503906316875,-0.14186019464960634
Ptuh,1653,-0.39026077336243165,-0.3331674441926913,-0.3879110439880771
Ptuh,1654,-0.35669640964204213,-0.33603830840059074,-0.3559336667123481
Ptuh,1655,-0.06717347654592064,-0.05572231031306243,-0.06808682574637326
Ptuh,1656,-0.324254414396981,-0.2763832539673763,-0.3214589951519978
Ptuh,1657,-0.13904488115986918,-0.13015202210304902,-0.1355745621364646
Ptuh,1658,-0.06386912042853587,-0.16186808199491615,-0.060093594658634994
Ptuh,1659,-0.22382603216638816,-0.24776002218617998,-0.2192220709626778
Ptuh,1660,-0.27946645949839427,-0.24991884920791055,-0.2773169764273448
Ptuh,1661,-0.37128469903088857,-0.36462748639834813,-0.36943168271202764
Ptuh,1662,-0.10046741628352596,-0.13815044415275307,-0.10086783839829261
Ptuh,1663,-0.3352557327903086,-0.2726125591619334,-0.3327592861428871
Ptuh,1664,-0.3762336994899778,-0.3783284106162273,-0.3736271141988733
Ptuh,1665,-0.38000597200750524,-0.38385823621254755,-0.3737785350442682
Ptuh,1666,-0.29379393941445886,-0.24254504175223995,-0.2897404269009684
Ptuh,1667,-0.3445431812568676,-0.3319338192618883,-0.34163282763554376
Ptuh,1668,-0.3275462831647761,-0.30932993844378137,-0.32603284209801514
Ptuh,1669,-0.11389431450328986,-0.1711860914302023,-0.11092067279496859
Ptuh,1670,-0.3652671631479863,-0.3486761644633102,-0.3607570891993835
Ptuh,1671,-0.304804674337703,-0.2930885660538219,-0.3041708097177817
Ptuh,1672,-0.28388391983362005,-0.20803925674393212,-0.28416581017541137
Ptuh,1673,-0.3074772208278489,-0.2617981945515241,-0.3061043668511643
Ptuh,1674,-0.3639773068682432,-0.34685526018171214,-0.36375939477429003
Ptuh,1675,-0.4183623034920564,-0.39617264400292573,-0.4163038919761
Ptuh,1676,-0.3195868989153405,-0.25211183369107204,-0.31944117816211937
Ptuh,1677,-0.272500207293375,-0.22452115794651728,-0.2721219349109433
Ptuh,1678,-0.12482148213931575,-0.08135413795639097,-0.12145650610381714
Ptuh,1679,-0.42361480363175635,-0.43536399871331943,-0.42088411841507684
Ptuh,1680,-0.3343021023285047,-0.2550968196615719,-0.3320516646755958
Ptuh,1681,-0.3912582438585424,-0.3796655873273852,-0.38827554025083194
Ptuh,1682,-0.3881578536449213,-0.3770516030590416,-0.38582309924421077
Ptuh,1683,-0.3629302106710759,-0.35872713824710617,-0.3626437855580694
Ptuh,1684,-0.2902848315638282,-0.24251880183973823,-0.289160251447946
Ptuh,1685,-0.09578384170400966,-0.1111844053491462,-0.09452887687019403
Ptuh,1686,-0.30170215352313456,-0.3282636893518895,-0.29584194233463157
Ptuh,1687,-0.3491184258644023,-0.34181300030967937,-0.3461826716951481
Ptuh,1688,-0.1674151452881503,-0.21568811914909047,-0.1670219991266596
Ptuh,1689,-0.33715304166786936,-0.35859830801157266,-0.33401694978422214
Ptuh,1690,-0.3346131143201054,-0.35316029389892833,-0.33330916152314033
Ptuh,1691,-0.30932635430716743,-0.26528618122256126,-0.3057970830526136
Ptuh,1692,-0.3956652449611391,-0.42182604065184276,-0.39511453345593245
Ptuh,1693,-0.33324249265507905,-0.26523317189430773,-0.330726720476418
Ptuh,1694,-0.2435656570623965,-0.2338167920846136,-0.23937999818921366
Ptuh,1695,-0.2713577829923192,-0.23967033455192288,-0.26975963348290105
Ptuh,1696,-0.4103667815266928,-0.42291331610700317,-0.40941853594939454
Ptuh,1697,-0.22312020436632277,-0.18686212556006745,-0.22252942904046819
Ptuh,1698,-0.2668740060207007,-0.24083996873410948,-0.26333910795284554
Ptuh,1699,-0.34080874696312874,-0.3195753207404406,-0.337628247896895
Ptuh,1700,-0.2434499751884066,-0.26036363009911956,-0.23148280293987838
Ptuh,1701,-0.3351792703995058,-0.31346579847946243,-0.3352904598117247
Ptuh,1702,-0.2752832286867454,-0.24340313329594332,-0.2756824301340861
Ptuh,1703,-0.31883775976297934,-0.3167415466410397,-0.3152680499579855
Ptuh,1704,-0.09167088945146927,-0.13670178193156637,-0.0907046199499732
Ptuh,1705,-0.16989048173650567,-0.15158365474952554,-0.1674050321044385
Ptuh,1706,-0.38673108950788787,-0.34735974202249986,-0.38555636630362683
Ptuh,1707,-0.20559286752656808,-0.27750873486145533,-0.20347012782639518
Ptuh,1708,-0.16048412911498197,-0.1732102153075583,-0.15586310969717948
Ptuh,1709,-0.13148230777409284,-0.13646579593702343,-0.13044998841487776
Ptuh,1710,-0.40754489470255373,-0.41480576307172495,-0.40290352227384707
Ptuh,1711,-0.33987749151506647,-0.32977170056333216,-0.3372551604306215
Ptuh,1712,-0.35849030168843277,-0.37717636541569605,-0.35612684729134864
Ptuh,1713,-0.14308352514091846,-0.1200625509573862,-0.1350437580405688
Ptuh,1714,-0.41713196678262426,-0.42273528654640063,-0.41285923016536025
Ptuh,1715,-0.1072343099229458,-0.08157071580053218,-0.10128855865562335
Ptuh,1716,-0.2949499809007612,-0.2082435701112041,-0.29139981130822173
Ptuh,1717,-0.271195108851493,-0.233262353678554,-0.2696823902920413
Ptuh,1718,-0.24058772351656058,-0.19518967407502363,-0.23946346054330708
Ptuh,1719,-0.03914668921585331,-0.032204269982478155,-0.035856205919118506
Ptuh,1720,-0.35224513360532006,-0.3378164014012633,-0.34876518535164946
Ptuh,1721,-0.28680851065127894,-0.26033831271182645,-0.2864346169515712
Ptuh,1722,-0.2761840039892773,-0.21462449138100365,-0.27253552039496104
Ptuh,1723,-0.4086647168036809,-0.37920763973331445,-0.4070303993222472
Ptuh,1724,-0.1895147380714049,-0.18761238925233975,-0.1860703271278208
Ptuh,1725,-0.38650004203769084,-0.3459557274548389,-0.3832135290319952
Ptuh,1726,-0.28072853774632783,-0.26290184936741234,-0.2769841301614985
Ptuh,1727,-0.3509512384765058,-0.3260850244974221,-0.34767101642292175
Ptuh,1728,-0.363622921773599,-0.31514525540787963,-0.3604666254007148
Ptuh,1729,-0.38134464921372313,-0.32187158194884097,-0.376135706329705
Ptuh,1730,-0.2544945478041263,-0.2699248231973057,-0.2538145201310813
Ptuh,1731,-0.2851328785078575,-0.224041013256324,-0.2843568089788254
Ptuh,1732,-0.09347712102589875,-0.15533633895144489,-0.09305790738875869
Ptuh,1733,-0.34266304839511097,-0.323652453744949,-0.33899808544797205
Ptuh,1734,-0.36965457047414485,-0.3764257213882016,-0.36622388133168116
Ptuh,1735,-0.22395954748584126,-0.2148103555308329,-0.21992972864876914
Ptuh,1736,-0.3601121187116253,-0.3204301136163984,-0.35970845135699386
Ptuh,1737,-0.22068375162290407,-0.263411709253446,-0.21142812469982672
Ptuh,1738,-0.3381948544980953,-0.34775543827300254,-0.33454891869400355
Ptuh,1739,-0.32631011552174966,-0.31224722827121815,-0.32514976130241374
Ptuh,1740,-0.3258357827698847,-0.2919372074699201,-0.3238278879295241
Ptuh,1741,-0.30876440126886723,-0.27053930285119276,-0.30629994861442555
Ptuh,1742,-0.3553614753235915,-0.3895649516073116,-0.3544784856873646
Ptuh,1743,-0.1358163388561694,-0.19190468903042815,-0.13412408301134057
Ptuh,1744,-0.3379772310119849,-0.3253858852940428,-0.3353500846761898
Ptuh,1745,-0.2926130100790356,-0.26438218612782644,-0.2903944844727679
Ptuh,1746,-0.43002140773068737,-0.43732460202075796,-0.42892423760813175
Ptuh,1747,0.005650843661732501,-0.026833298500971436,0.00795205111902497
Ptuh,1748,-0.27691282502092046,-0.20677358289373665,-0.27642369439130066
Ptuh,1749,-0.31184720299698443,-0.258413156982602,-0.30541443059255136
Ptuh,1750,-0.30553518087346826,-0.3053853226686092,-0.30458769516154305
Ptuh,1751,-0.26031917719476017,-0.2404628382704313,-0.2597030301711156
Ptuh,1752,-0.2716199326738717,-0.2124237118602328,-0.26914744546312047
Ptuh,1753,-0.34451932205587543,-0.30536716477177256,-0.3422498568515393
Ptuh,1754,-0.24454009968758758,-0.2709970223914429,-0.23680330627539609
Ptuh,1755,-0.40516818699568496,-0.37001111141454307,-0.4037431384397597
Ptuh,1756,-0.40662530148015924,-0.40715737633859694,-0.40493357658246165
Ptuh,1757,-0.40858430199777623,-0.37473240702365024,-0.4054832035763989
Ptuh,1758,-0.3377150451834577,-0.3024237881608188,-0.33455668654096243
Ptuh,1759,-0.30868165802084596,-0.22711407192996574,-0.3081795173250783
Ptuh,1760,-0.4026878785477874,-0.41170943927348974,-0.4006873453927748
Ptuh,1761,-0.33829613412804965,-0.3118973025915189,-0.3344671464497384
Ptuh,1762,-0.10234827430606011,-0.09691394516561264,-0.09565114048122286
Ptuh,1763,-0.35294388828641987,-0.3415906083439823,-0.3519706370768859
Ptuh,1764,-0.10826735777330568,-0.16129384592602983,-0.10438915831709035
Ptuh,1765,-0.33638996629692425,-0.2956498386354705,-0.33347795287980847
Ptuh,1766,-0.33084481961032935,-0.26197546378726266,-0.3290119703263216
Ptuh,1767,-0.34559278415228895,-0.30730313148570537,-0.3452093290712877
Ptuh,1768,-0.41989306086733896,-0.38967212624018793,-0.4204242861303498
Ptuh,1769,-0.28783281234086644,-0.213094860802166,-0.28683941118462547
Ptuh,1770,-0.09669390315829524,-0.10045203884883303,-0.08996125130758625
Ptuh,1771,-0.31844875761655056,-0.2590637592751925,-0.3151610298802627
Ptuh,1772,-0.15098177830211587,-0.012268948104910995,-0.1519165769897572
Ptuh,1773,-0.1292871898474825,-0.12005031157808213,-0.12984691763147402
Ptuh,1774,-0.1666465851422082,-0.1141503298145549,-0.1617875764202282
Ptuh,1775,-0.3524930611400076,-0.2963313714976292,-0.3493153958473601
Ptuh,1776,-0.3209159288922905,-0.3149546596527348,-0.31602287075204233
Ptuh,1777,-0.22577878826306644,-0.1865176574146024,-0.21852484345902415
Ptuh,1778,-0.3906614641609169,-0.3510152538755195,-0.3879614352073796
Ptuh,1779,-0.12077721840286622,-0.09234788241508074,-0.12074534232471852
Ptuh,1780,-0.10220982955270184,-0.06410503810484629,-0.09979186240355188
Ptuh,1781,-0.1823635434195269,-0.2034457662289548,-0.18179615675231867
Ptuh,1782,-0.2605155950785202,-0.18695819451061793,-0.256530540964931
Ptuh,1783,-0.3447083060024279,-0.2951346864435855,-0.3413101810447054
Ptuh,1784,-0.2850787016460721,-0.2560359123129476,-0.2809842864705065
Ptuh,1785,-0.3564557514987712,-0.360274125721759,-0.3530085435738043
Ptuh,1786,-0.40937336146344633,-0.3889866701196983,-0.4083027109120968
Ptuh,1787,-0.3867690364493781,-0.34539592936906477,-0.38438512500961153
Ptuh,1788,-0.2854726883183722,-0.2225648869465434,-0.2846077631971312
Ptuh,1789,-0.259176390150097,-0.1982423164982363,-0.25823710309803444
Ptuh,1790,-0.3562083394435091,-0.3007965286778499,-0.35244454556254246
Ptuh,1791,-0.3480942317081358,-0.3707625874451888,-0.3425466506822337
Ptuh,1792,-0.2067981139164085,-0.16223604243292328,-0.20723962928386402
Ptuh,1793,-0.3589248648237389,-0.36105658740760893,-0.35507110846373563
Ptuh,1794,-0.32563897341924947,-0.3101249097939854,-0.324434953834578
Ptuh,1795,-0.26409001073190763,-0.27654863197995894,-0.26072207027859645
Ptuh,1796,-0.07907089804971779,-0.026455285415693454,-0.07813664178131009
Ptuh,1797,-0.28815987771484836,-0.24298809726611714,-0.2880707917360455
Ptuh,1798,-0.32701092496685114,-0.3419306068577065,-0.3221370715162378
Ptuh,1799,-0.24876768281927275,-0.2015594993312516,-0.2401075743832712
Ptuh,1800,-0.3098555094433431,-0.31740271504375117,-0.3051171543433239
Ptuh,1801,-0.2713587510981376,-0.2535141759076025,-0.2684217802940584
Ptuh,1802,-0.168214565832139,-0.0709725498702684,-0.16627062985553767
Ptuh,1803,-0.3199350710578945,-0.23149272017276754,-0.319032446690398
Ptuh,1804,-0.3780879326228869,-0.3714784755055117,-0.3756398604094278
Ptuh,1805,-0.28146032876082333,-0.2267418871894445,-0.27885893183239874
Ptuh,1806,-0.15039910436963552,-0.042822962890823435,-0.147235122165421
Ptuh,1807,-0.28536507824952445,-0.21023235076177396,-0.2841927422113202
Ptuh,1808,-0.1130431322714446,-0.18049933264811438,-0.11385606793129362
Ptuh,1809,-0.32180185818613555,-0.2758816158006249,-0.3208706162267702
Ptuh,1810,-0.33042618867610174,-0.3149863881818458,-0.32741242113681307
Ptuh,1811,-0.019663155587627098,0.017455313700242128,-0.015524117371717319
Ptuh,1812,-0.09888162175677559,-0.0545019342446501,-0.09603025150692938
Ptuh,1813,-0.14981361054754533,-0.15469565767784965,-0.14760078849220862
Ptuh,1814,-0.18697561263257179,-0.29536276136758227,-0.18317432348608348
Ptuh,1815,-0.426992630476594,-0.4424962265116269,-0.4223855279690712
Ptuh,1816,-0.3140853860423962,-0.28352301240604605,-0.30979429143160747
Ptuh,1817,-0.14090148218670814,-0.17994829453606254,-0.14090350177257505
Ptuh,1818,-0.28514514795933693,-0.2513380687093601,-0.2816027507952841
Ptuh,1819,-0.19229978439843082,-0.21358985938478292,-0.18833810431970222
Ptuh,1820,-0.30959758119273817,-0.2497813565076833,-0.30843303458763754
Ptuh,1821,-0.13557268889390342,-0.11457721693973003,-0.134092868265885
Ptuh,1822,-0.018563141697280783,-0.13410519947828453,-0.0190136538273931
Ptuh,1823,-0.364535785676785,-0.2886756951873073,-0.36099470232624886
Ptuh,1824,-0.09928412697464567,-0.04976299171817892,-0.09761043170800071
Ptuh,1825,-0.1468669939985739,-0.16388457499695736,-0.1434289923399538
Ptuh,1826,-0.33821046719874753,-0.2872575425555745,-0.33825638070500763
Ptuh,1827,-0.36456925677290053,-0.3846116601164038,-0.36048278578830356
Ptuh,1828,-0.35133591463486824,-0.30062369961110996,-0.34626097096261027
Ptuh,1829,-0.355793181855811,-0.35342220606161645,-0.3555379643652681
Ptuh,1830,-0.33207054305770645,-0.3436648387039351,-0.3296246631948731
Ptuh,1831,-0.33022831456502955,-0.32737099656993635,-0.3259151632925744
Ptuh,1832,-0.3107097749488162,-0.31543136171588576,-0.3103209637445831
Ptuh,1833,-0.32795779604550906,-0.30230247094260776,-0.326964832880845
Ptuh,1834,-0.24927233951151415,-0.21300715795440428,-0.2497998362786362
Ptuh,1835,-0.38513346602400766,-0.35572101891892666,-0.3824922458573388
Ptuh,1836,-0.42157109220410566,-0.39376038086170695,-0.42143548127620195
Ptuh,1837,-0.28314582422910095,-0.18179923843205226,-0.2813923683929215
Ptuh,1838,-0.37398857233569527,-0.35515575552097833,-0.37474413823770275
Ptuh,1839,-0.38531691054326833,-0.3766834205361285,-0.3825562394638146
Ptuh,1840,-0.3033967010148542,-0.28512337267938914,-0.30026294178627805
Ptuh,1841,-0.3079756856491201,-0.24421209837044747,-0.30631724502121976
Ptuh,1842,-0.1575431102141032,-0.156746498148964,-0.15252247391856483
Ptuh,1843,-0.35360795406698775,-0.34135151991826024,-0.3530382189062521
Ptuh,1844,-0.4233726649168328,-0.3694741553501458,-0.4202883574094701
Ptuh,1845,-0.11780992905830201,-0.14015176930882606,-0.11586524061106383
Ptuh,1846,-0.34716589105789303,-0.2613172106947636,-0.3443950893826363
Ptuh,1847,-0.33408846803858283,-0.32860151804635346,-0.33287987693540316
Ptuh,1848,-0.23280564658360736,-0.2391395695622868,-0.23224362720194308
Ptuh,1849,-0.22177209200827136,-0.15627354665847815,-0.2211563881498575
Ptuh,1850,-0.23634517049430334,-0.20007855905000183,-0.23352366941718192
Ptuh,1851,-0.2738148951940215,-0.2248742522763279,-0.27319355452239236
Ptuh,1852,-0.41592433646501653,-0.4296114910594317,-0.4127182863147994
Ptuh,1853,-0.21539672903145324,-0.2392591688934795,-0.2092862715322493
Ptuh,1854,-0.08301121514098783,-0.15790198657820304,-0.07666757568940696
Ptuh,1855,-0.3053947370328318,-0.31103550621496795,-0.3049834561342973
Ptuh,1856,-0.0860668162769528,-0.021551590438457273,-0.08433581336948247
Ptuh,1857,-0.3092397503285735,-0.30116543289239367,-0.30729319773287855
Ptuh,1858,-0.3554454758018522,-0.3945381129221768,-0.35567022165674417
Ptuh,1859,-0.11183640542300047,-0.10849355914457538,-0.11121699652820388
Ptuh,1860,-0.1298735478868253,-0.10029397625279798,-0.1256390932754009
Ptuh,1861,-0.30787592591151447,-0.2542554908039812,-0.3068450977849355
Ptuh,1862,-0.3229168292259244,-0.29991451712288103,-0.3202523357167912
Ptuh,1863,-0.291132250979289,-0.23254980467467035,-0.28819472428433823
Ptuh,1864,-0.08651079762089296,-0.1457220218774782,-0.0838012519286428
Ptuh,1865,-0.11011093041508284,-0.15624833647233194,-0.10763039077600463
Ptuh,1866,-0.3261170369527379,-0.28673899969415984,-0.3248294456116447
Ptuh,1867,-0.12835813472929264,-0.10869022690791158,-0.12724092901165923
Ptuh,1868,-0.41069409887762337,-0.3799283936723522,-0.4082585002505435
Ptuh,1869,-0.42420790763292904,-0.3890558713907043,-0.42066389218227557
Ptuh,1870,-0.14482569242951673,-0.25274448512573433,-0.13995712137263294
Ptuh,1871,-0.23102919143377879,-0.1679730503774419,-0.22966378174794186
Ptuh,1872,-0.2906394005184634,-0.2633160738989712,-0.2901791075853974
Ptuh,1873,-0.11595823657638503,-0.12377053013432612,-0.1124019498410051
Ptuh,1874,-0.0665727370992339,-0.1500590984401862,-0.06872113474590136
Ptuh,1875,-0.2463195279633224,-0.21588872182509583,-0.24537055620061082
Ptuh,1876,-0.3093263543071655,-0.26528618122256326,-0.3057970830526185
Ptuh,1877,-0.3843025437131291,-0.4236968478089988,-0.3815121199713262
Ptuh,1878,-0.3589248648237408,-0.3610565874076092,-0.35507110846373724
Ptuh,1879,-0.14504185086052576,-0.1932298891527146,-0.14104775836593367
Ptuh,1880,-0.4208593007836173,-0.3722438948619276,-0.41980032961326164
Ptuh,1881,-0.32654216989861484,-0.2832990290580561,-0.32335405913062887
Ptuh,1882,-0.3958241702799181,-0.39518122517719706,-0.39259151299260175
Ptuh,1883,-0.3247684186344638,-0.2907712811385102,-0.3243422260004358
Ptuh,1884,-0.20843451632069826,-0.14502061712302672,-0.20740980425549158
Ptuh,1885,-0.3116407111188103,-0.31063851463320463,-0.3091700993618704
Ptuh,1886,-0.14737122208900008,-0.20521642234197993,-0.14316641653795828
Ptuh,1887,-0.3385827347764915,-0.3179301769345658,-0.33579309311678196
Ptuh,1888,-0.324081944019224,-0.27608920518487157,-0.3215684728655452
Ptuh,1889,-0.30251139307186986,-0.3179816804383797,-0.30126922149354446
Ptuh,1890,-0.3909528566874446,-0.3718948157320185,-0.38661451648201267
Ptuh,1891,-0.1386612107372863,-0.22046556305814588,-0.13545826067726538
Ptuh,1892,-0.3995933809245491,-0.3556860651267972,-0.3986941675168208
Ptuh,1893,-0.31052422294722465,-0.24840182099370126,-0.3090917216340301
Ptuh,1894,-0.24512447915171934,-0.27602889807298986,-0.24073314034531348
Ptuh,1895,-0.13017235824630571,-0.17531667314464514,-0.12696016105032237
Ptuh,1896,-0.32614168719399916,-0.3331014601751007,-0.32625808268250456
Ptuh,1897,-0.1292871898474876,-0.1200503115780821,-0.12984691763146566
Ptuh,1898,-0.07926326528605965,-0.0191654276427837,-0.07576036687990531
Ptuh,1899,-0.3245781828772534,-0.35001995506567346,-0.3246756817939739
Ptuh,1900,-0.1782557869385429,-0.1833399890528105,-0.1779356217863751
Ptuh,1901,-0.3048546919584339,-0.23678358946166986,-0.30332499553737213
Ptuh,1902,-0.24898109929205547,-0.2095819967890409,-0.2481306240642917
Ptuh,1903,-0.44365524512348786,-0.41429824366379314,-0.43999137609529076
Ptuh,1904,-0.2901184475354429,-0.24112211135514894,-0.2889967150939116
Ptuh,1905,-0.358419001974102,-0.3825008742666181,-0.35613103367827764
Ptuh,1906,-0.12547564730671698,-0.21563904568196746,-0.12496318388144458
Ptuh,1907,-0.28681791033430126,-0.2778565809082077,-0.2834970230731775
Ptuh,1908,-0.06616110840526843,-0.0829047723972224,-0.06042644169607885
Ptuh,1909,-0.09870111238354591,-0.06756170813300229,-0.09388783802637601
Ptuh,1910,-0.30812475552477947,-0.29831742654177273,-0.30553219229942663
Ptuh,1911,-0.3265421698986151,-0.2832990290580528,-0.3233540591306314
Ptuh,1912,-0.3636443429385213,-0.3311137216954322,-0.36134018321161804
Ptuh,1913,-0.23538117539814,-0.1721484363732596,-0.23010708354493745
Ptuh,1914,-0.33017298391223737,-0.26879256081544206,-0.32809490135211744
Ptuh,1915,-0.16453431746478422,-0.24461125735111156,-0.15873892927088795
Ptuh,1916,-0.23613902763459252,-0.21558723798813778,-0.23293399508093904
Ptuh,1917,-0.22457337194134278,-0.20052281914756726,-0.21998320481381822
Ptuh,1918,-0.32795779604551384,-0.3023024709426069,-0.32696483288085354
Ptuh,1919,-0.3425787515180971,-0.33788177577723055,-0.3397319132624507
Ptuh,1920,-0.28247728270896805,-0.23584603803675921,-0.27869584421998017
Ptuh,1921,-0.2898731783989002,-0.2762249836976557,-0.28592027463917874
Ptuh,1922,-0.29697485965630366,-0.25199491148901326,-0.29575887578855625
Ptuh,1923,-0.27997227538834635,-0.24530288441288586,-0.27918188214386797
Ptuh,1924,-0.3887007127886243,-0.27306416122315247,-0.38822057535583143
Ptuh,1925,-0.0795456387224454,-0.08666821392961033,-0.07606377466466195
Ptuh,1926,-0.2446461604174897,-0.2692181860163063,-0.24769368035742173
Ptuh,1927,-0.36827014999204366,-0.35595600603937416,-0.36492899928607336
Ptuh,1928,-0.33998588641414534,-0.36481034306860183,-0.33957946039514936
Ptuh,1929,-0.43637415212986785,-0.4236272261265857,-0.43306118670264826
Ptuh,1930,-0.4207790272758443,-0.41650984989474693,-0.42090572908615415
Ptuh,1931,-0.04888714972376696,-0.09785991782478738,-0.04594217665133205
Ptuh,1932,-0.3261742264588984,-0.31570347394546483,-0.32235049396958826
Ptuh,1933,-0.3313492875098168,-0.3143465571156755,-0.32856882954553107
Ptuh,1934,-0.12832974136802733,-0.15768734338510956,-0.1236036655519295
Ptuh,1935,-0.08530704867040029,-0.08424790619953618,-0.08389325320837904
Ptuh,1936,-0.14293986013460172,-0.12968832660415952,-0.13768276423195566
Ptuh,1937,-0.033141689263947186,-0.024068247497605312,-0.03218382993986467
Ptuh,1938,-0.32665162832567596,-0.2421627369689523,-0.3239046409446828
Ptuh,1939,-0.2801765832732353,-0.28285152872177305,-0.2798252490381845
Ptuh,1940,-0.2724510184899652,-0.3075831194378761,-0.27422750535480456
Ptuh,1941,-0.06168826498316789,-0.02646451752068427,-0.06271525236423552
Ptuh,1942,-0.1956065461441927,-0.2305922524844257,-0.19219370707874064
Ptuh,1943,-0.40268787854778487,-0.41170943927348574,-0.40068734539277073
Ptuh,1944,-0.39424875115360736,-0.40103091078856,-0.3940858037567535
Ptuh,1945,-0.21040678597182258,-0.2033950178761893,-0.2064023829542349
Ptuh,1946,-0.31032132911306115,-0.2519252331722117,-0.30987105244930735
Ptuh,1947,-0.37579244146085544,-0.343505745284374,-0.37337010792681535
Ptuh,1948,-0.29240082819192337,-0.2427475927897446,-0.29025251120815426
Ptuh,1949,-0.3010312120214447,-0.2480862817103854,-0.30029652092747205
Ptuh,1950,-0.1069314674272434,-0.11794441495175048,-0.101368133532025
Ptuh,1951,-0.26752037839013004,-0.27920635351755296,-0.2633282410938621
Ptuh,1952,-0.12484652876536159,-0.11812158985644163,-0.11801434592978657
Ptuh,1953,-0.060241210675661065,0.013965929347907946,-0.059166652849962344
Ptuh,1954,-0.38483272935473994,-0.3848674650025,-0.3836511238844777
Ptuh,1955,-0.2815655791184546,-0.18385456033294323,-0.28105740634647036
Ptuh,1956,-0.3996550597047575,-0.4119544716150263,-0.39532438759466015
Ptuh,1957,-0.28067966592104016,-0.25129738521785194,-0.2798503476445492
Ptuh,1958,-0.35139709496313865,-0.3254806817775812,-0.34718653532557303
Ptuh,1959,-0.3932398457846901,-0.39197757670069816,-0.38777788426119175
Ptuh,1960,-0.3409214736255744,-0.29638326175596563,-0.3404868453171112
Ptuh,1961,-0.2252225780106483,-0.2781368515292878,-0.2228859779387662
Ptuh,1962,-0.37233418968857646,-0.36926888314881023,-0.3695045646405443
Ptuh,1963,-0.3372030763953468,-0.3112920177973401,-0.33406452013932836
Ptuh,1964,-0.20843486806902478,-0.2089550633744943,-0.20361117375780202
Ptuh,1965,-0.31487078631489746,-0.3073929924682041,-0.313103742393275
Ptuh,1966,-0.4010802718552175,-0.39432907145824886,-0.3992672115061052
Ptuh,1967,-0.1014133493337476,-0.00876791479433986,-0.10037264124114408
Ptuh,1968,-0.36530946446670665,-0.34701109483008497,-0.3628570524247259
Ptuh,1969,-0.14119059324309802,-0.16796663515945312,-0.13598913563310358
Ptuh,1970,-0.2655569792529053,-0.23034930842174045,-0.264380800014398
Ptuh,1971,-0.10489058070526149,-0.13319838082157937,-0.1022418961073645
Ptuh,1972,-0.33133800017242565,-0.31385709677519186,-0.33184854282904885
Ptuh,1973,-0.36257072933683854,-0.3535897165204695,-0.359737190790852
Ptuh,1974,-0.08324155663561279,-0.036034481675519855,-0.0822951714848737
Ptuh,1975,-0.3397139813011917,-0.3026449228756274,-0.3385698053886903
Ptuh,1976,-0.12412595812623162,-0.18192208743994853,-0.12040393368090034
Ptuh,1977,-0.11663438352887757,-0.20892944919818576,-0.11451383758651695
Ptuh,1978,-0.39507352418719477,-0.3773807956959105,-0.3915400142699213
Ptuh,1979,-0.3841097676242436,-0.3333556884623773,-0.3828957038546817
Ptuh,1980,-0.1019360011950682,-0.15538733254285095,-0.09921879384088264
Ptuh,1981,-0.08948857213431904,-0.17383490619288278,-0.08702272284753962
Ptuh,1982,-0.14378646512435247,-0.18673573797035814,-0.13999671982277773
Ptuh,1983,-0.17080209734867646,-0.07631662679886797,-0.167302287340954
Ptuh,1984,-0.27649853172000455,-0.23780605735108273,-0.27417774642427517
Ptuh,1985,-0.038748313272596445,-0.07368607148709466,-0.035000475659388394
Ptuh,1986,-0.17405100385582262,-0.1494338460363015,-0.17137101348759326
Ptuh,1987,0.03754001395631922,-0.10111358043506603,0.038704478895427094
Ptuh,1988,-0.34716589105789375,-0.2613172106947685,-0.344395089382636
Ptuh,1989,-0.30129248437275447,-0.22959692481069843,-0.30026557449704483
Ptuh,1990,-0.22049454876033278,-0.2758398997192648,-0.213903141215761
Ptuh,1991,-0.4018885461343297,-0.37675943957278835,-0.3991165585492932
Ptuh,1992,-0.3596211737574218,-0.3440724431206061,-0.35545715095359004
Ptuh,1993,-0.4016916285621079,-0.39676932448554475,-0.3990446934082052
Ptuh,1994,-0.269208887146947,-0.258800735418775,-0.2684634991174957
Ptuh,1995,-0.40849112115673103,-0.4042966355954617,-0.4069214843096422
Ptuh,1996,-0.3585750866011547,-0.3330205721564393,-0.3551666388668492
Ptuh,1997,-0.2861380854916246,-0.27974333510393584,-0.2847148847249703
Ptuh,1998,-0.40172926759555483,-0.4136756254199688,-0.39953275971371294
Ptuh,1999,-0.2596705985113328,-0.11002619013795552,-0.2543260488216771
Ptuh,2000,-0.2873000709052183,-0.31258085106808675,-0.28705083119449504
