a,b,pair,r,shared,homologous
Cluster_1819,Cluster_27,Apul-Peve,0.5478778986772733,,FALSE
Cluster_1819,Cluster_491,Apul-Peve,-0.6572952972067951,,FALSE
Cluster_1819,Cluster_661,Apul-Peve,0.11898776918941463,,FALSE
Cluster_1819,Cluster_670,Apul-Peve,-0.3113642748895336,,FALSE
Cluster_1819,Cluster_981,Apul-Peve,0.24532806729492568,,FALSE
Cluster_1819,Cluster_1004,Apul-Peve,-0.28213782693127565,,FALSE
Cluster_1819,Cluster_2392,Apul-Peve,-0.6113176969038474,,FALSE
Cluster_1819,Cluster_2454,Apul-Peve,-0.865396515886759,,FALSE
Cluster_1819,Cluster_2478,Apul-Peve,-0.17546640254288276,,FALSE
Cluster_1819,Cluster_3165,Apul-Peve,-0.050235374653847246,,FALSE
Cluster_1819,Cluster_3380,Apul-Peve,-0.42621492118295534,,FALSE
Cluster_1819,Cluster_3652,Apul-Peve,0.46703670266053715,,FALSE
Cluster_1819,Cluster_3653,Apul-Peve,-0.816955762534311,,FALSE
Cluster_1819,Cluster_3672,Apul-Peve,-0.5460079530227269,,FALSE
Cluster_1819,Cluster_3676,Apul-Peve,0.6757383420231264,,FALSE
Cluster_1819,Cluster_4160,Apul-Peve,-0.2927622357493927,,FALSE
Cluster_1819,Cluster_4161,Apul-Peve,0.5197543465540274,,FALSE
Cluster_1819,Cluster_4229,Apul-Peve,-0.2227924737732617,,FALSE
Cluster_1819,Cluster_4247,Apul-Peve,-0.7845104804970886,,FALSE
Cluster_1819,Cluster_4968,Apul-Peve,-0.9421035210137955,,FALSE
Cluster_1819,Cluster_5058,Apul-Peve,-0.35791739985924786,,FALSE
Cluster_1819,Cluster_5257,Apul-Peve,-0.6647380926475732,,FALSE
Cluster_1819,Cluster_5613,Apul-Peve,-0.033573939638242074,,FALSE
Cluster_1819,Cluster_6099,Apul-Peve,0.60240570427642115,,FALSE
Cluster_1819,Cluster_6234,Apul-Peve,0.09996727343691095,,FALSE
Cluster_1819,Cluster_6235,Apul-Peve,-0.4236269717613098,,FALSE
Cluster_1819,Cluster_6236,Apul-Peve,-0.7738824309727368,,FALSE
Cluster_1819,Cluster_6242,Apul-Peve,-0.5207916734843758,,FALSE
Cluster_1819,Cluster_6356,Apul-Peve,0.007947993221929999,,FALSE
Cluster_1819,Cluster_6918,Apul-Peve,-0.621653062593812,,FALSE
Cluster_1819,Cluster_6919,Apul-Peve,0.2520527643805775,,FALSE
Cluster_1819,Cluster_7882,Apul-Peve,0.7814605294089703,,FALSE
Cluster_1819,Cluster_8071,Apul-Peve,0.9257181880348705,,FALSE
Cluster_1819,Cluster_8074,Apul-Peve,-0.2634896717811851,,FALSE
Cluster_1819,Cluster_8075,Apul-Peve,0.9965411870174774,,FALSE
Cluster_1819,Cluster_8147,Apul-Peve,-0.10455881027707524,,FALSE
Cluster_1819,Cluster_9149,Apul-Peve,-0.5230268592168955,,FALSE
Cluster_1819,Cluster_9196,Apul-Peve,-0.21336915801804632,,FALSE
Cluster_1819,Cluster_9197,Apul-Peve,0.46789551367794097,,FALSE
Cluster_1819,Cluster_9535,Apul-Peve,0.7452751975244032,,FALSE
Cluster_1819,Cluster_10059,Apul-Peve,0.3282881715701479,,FALSE
Cluster_1819,Cluster_10229,Apul-Peve,-0.24261649975160224,,FALSE
Cluster_1819,Cluster_11004,Apul-Peve,-0.4466098690376799,,FALSE
Cluster_1819,Cluster_11615,Apul-Peve,0.6229709388745238,,FALSE
Cluster_1819,Cluster_13926,Apul-Peve,0.33872806980787834,,FALSE
Cluster_1819,Cluster_14602,Apul-Peve,0.07735705662856504,,FALSE
Cluster_1819,Cluster_14747,Apul-Peve,-0.3275794332999822,,FALSE
Cluster_1819,Cluster_15329,Apul-Peve,0.6330489427652132,,FALSE
Cluster_1832,Cluster_27,Apul-Peve,0.5067528435862121,,FALSE
Cluster_1832,Cluster_491,Apul-Peve,-0.6554702229638227,,FALSE
Cluster_1832,Cluster_661,Apul-Peve,0.6094659656389706,,FALSE
Cluster_1832,Cluster_670,Apul-Peve,-0.17958283781270262,,FALSE
Cluster_1832,Cluster_981,Apul-Peve,0.0059495463102860295,,FALSE
Cluster_1832,Cluster_1004,Apul-Peve,-0.2521234276323026,,FALSE
Cluster_1832,Cluster_2392,Apul-Peve,-0.34113648884543923,,FALSE
Cluster_1832,Cluster_2454,Apul-Peve,-0.5456548326436844,,FALSE
Cluster_1832,Cluster_2478,Apul-Peve,0.05868295515959713,,FALSE
Cluster_1832,Cluster_3165,Apul-Peve,0.019694124778201677,,FALSE
Cluster_1832,Cluster_3380,Apul-Peve,0.1572218397157599,,FALSE
Cluster_1832,Cluster_3652,Apul-Peve,0.9218199379507048,,FALSE
Cluster_1832,Cluster_3653,Apul-Peve,-0.5621608358224863,,FALSE
Cluster_1832,Cluster_3672,Apul-Peve,-0.19904403053635375,,FALSE
Cluster_1832,Cluster_3676,Apul-Peve,0.8048695798378189,,FALSE
Cluster_1832,Cluster_4160,Apul-Peve,-0.3286942740262897,,FALSE
Cluster_1832,Cluster_4161,Apul-Peve,-0.14915591448762308,,FALSE
Cluster_1832,Cluster_4229,Apul-Peve,-0.23980604328299368,,FALSE
Cluster_1832,Cluster_4247,Apul-Peve,-0.48714453407210695,,FALSE
Cluster_1832,Cluster_4968,Apul-Peve,-0.7784569717838998,,FALSE
Cluster_1832,Cluster_5058,Apul-Peve,-0.32540201523708684,,FALSE
Cluster_1832,Cluster_5257,Apul-Peve,-0.6500339204766415,,FALSE
Cluster_1832,Cluster_5613,Apul-Peve,-0.048547735629462525,,FALSE
Cluster_1832,Cluster_6099,Apul-Peve,0.760155026861081,,FALSE
Cluster_1832,Cluster_6234,Apul-Peve,-0.496848662087328,,FALSE
Cluster_1832,Cluster_6235,Apul-Peve,-0.11570334973607832,,FALSE
Cluster_1832,Cluster_6236,Apul-Peve,-0.38542916829216595,,FALSE
Cluster_1832,Cluster_6242,Apul-Peve,-0.5606568397281426,,FALSE
Cluster_1832,Cluster_6356,Apul-Peve,-0.13400402826774546,,FALSE
Cluster_1832,Cluster_6918,Apul-Peve,0.05427452714450413,,FALSE
Cluster_1832,Cluster_6919,Apul-Peve,0.5708903205852013,,FALSE
Cluster_1832,Cluster_7882,Apul-Peve,0.8832130891260789,,FALSE
Cluster_1832,Cluster_8071,Apul-Peve,0.8092097825716229,,FALSE
Cluster_1832,Cluster_8074,Apul-Peve,-0.5228984003755452,,FALSE
Cluster_1832,Cluster_8075,Apul-Peve,0.7943819286677515,,FALSE
Cluster_1832,Cluster_8147,Apul-Peve,-0.06368671998674678,,FALSE
Cluster_1832,Cluster_9149,Apul-Peve,0.006628217619847579,,FALSE
Cluster_1832,Cluster_9196,Apul-Peve,0.4889821170617867,,FALSE
Cluster_1832,Cluster_9197,Apul-Peve,-0.2226373283161407,,FALSE
Cluster_1832,Cluster_9535,Apul-Peve,0.1307973615899615,,FALSE
Cluster_1832,Cluster_10059,Apul-Peve,0.7608645818071548,,FALSE
Cluster_1832,Cluster_10229,Apul-Peve,-0.2080307347089928,,FALSE
Cluster_1832,Cluster_11004,Apul-Peve,-0.10541683301070033,,FALSE
Cluster_1832,Cluster_11615,Apul-Peve,-0.04588955861146929,,FALSE
Cluster_1832,Cluster_13926,Apul-Peve,0.1961647708430533,,FALSE
Cluster_1832,Cluster_14602,Apul-Peve,-0.5115734970442369,,FALSE
Cluster_1832,Cluster_14747,Apul-Peve,-0.43319309262759637,,FALSE
Cluster_1832,Cluster_15329,Apul-Peve,0.8804449914057088,,FALSE
Cluster_1833,Cluster_27,Apul-Peve,-0.7543403869136741,,FALSE
Cluster_1833,Cluster_491,Apul-Peve,0.3991684138229545,,FALSE
Cluster_1833,Cluster_661,Apul-Peve,-0.2371453380355851,,FALSE
Cluster_1833,Cluster_670,Apul-Peve,0.023558074457540733,,FALSE
Cluster_1833,Cluster_981,Apul-Peve,0.021647151994525424,,FALSE
Cluster_1833,Cluster_1004,Apul-Peve,-0.017477619771523917,,FALSE
Cluster_1833,Cluster_2392,Apul-Peve,0.3676858025639901,,FALSE
Cluster_1833,Cluster_2454,Apul-Peve,0.6950552594986346,,FALSE
Cluster_1833,Cluster_2478,Apul-Peve,-0.08989817987122946,,FALSE
Cluster_1833,Cluster_3165,Apul-Peve,-0.239041123011312,,FALSE
Cluster_1833,Cluster_3380,Apul-Peve,0.6195610249403862,,FALSE
Cluster_1833,Cluster_3652,Apul-Peve,-0.3263828759313186,,FALSE
Cluster_1833,Cluster_3653,Apul-Peve,0.6153243971146406,,FALSE
Cluster_1833,Cluster_3672,Apul-Peve,0.31413630807857756,,FALSE
Cluster_1833,Cluster_3676,Apul-Peve,-0.44025998406141525,,FALSE
Cluster_1833,Cluster_4160,Apul-Peve,-0.010102817005178975,,FALSE
Cluster_1833,Cluster_4161,Apul-Peve,-0.4730489571098824,,FALSE
Cluster_1833,Cluster_4229,Apul-Peve,-0.08077430622863525,,FALSE
Cluster_1833,Cluster_4247,Apul-Peve,0.5810816643743542,,FALSE
Cluster_1833,Cluster_4968,Apul-Peve,0.7967692813775454,,FALSE
Cluster_1833,Cluster_5058,Apul-Peve,0.061115545769425475,,FALSE
Cluster_1833,Cluster_5257,Apul-Peve,0.826447985578584,,FALSE
Cluster_1833,Cluster_5613,Apul-Peve,-0.2646733393121102,,FALSE
Cluster_1833,Cluster_6099,Apul-Peve,-0.35020976514161617,,FALSE
Cluster_1833,Cluster_6234,Apul-Peve,-0.3032637887923663,,FALSE
Cluster_1833,Cluster_6235,Apul-Peve,0.6766502694702909,,FALSE
Cluster_1833,Cluster_6236,Apul-Peve,0.5925577556742833,,FALSE
Cluster_1833,Cluster_6242,Apul-Peve,0.23832965676176354,,FALSE
Cluster_1833,Cluster_6356,Apul-Peve,0.2653394366639477,,FALSE
Cluster_1833,Cluster_6918,Apul-Peve,0.6609094230300875,,FALSE
Cluster_1833,Cluster_6919,Apul-Peve,0.02971259254957271,,FALSE
Cluster_1833,Cluster_7882,Apul-Peve,-0.5855047815452818,,FALSE
Cluster_1833,Cluster_8071,Apul-Peve,-0.7711317172890859,,FALSE
Cluster_1833,Cluster_8074,Apul-Peve,0.4608305809710653,,FALSE
Cluster_1833,Cluster_8075,Apul-Peve,-0.9556018315785059,,FALSE
Cluster_1833,Cluster_8147,Apul-Peve,0.3940240104331895,,FALSE
Cluster_1833,Cluster_9149,Apul-Peve,0.36247818780572433,,FALSE
Cluster_1833,Cluster_9196,Apul-Peve,0.2751713820807111,,FALSE
Cluster_1833,Cluster_9197,Apul-Peve,-0.45032203782257024,,FALSE
Cluster_1833,Cluster_9535,Apul-Peve,-0.7034409916332457,,FALSE
Cluster_1833,Cluster_10059,Apul-Peve,-0.099245316367171793,,FALSE
Cluster_1833,Cluster_10229,Apul-Peve,-0.05709831056229353,,FALSE
Cluster_1833,Cluster_11004,Apul-Peve,0.6932874570370346,,FALSE
Cluster_1833,Cluster_11615,Apul-Peve,-0.6875086722180136,,FALSE
Cluster_1833,Cluster_13926,Apul-Peve,-0.6048627552367698,,FALSE
Cluster_1833,Cluster_14602,Apul-Peve,-0.2843094934808548,,FALSE
Cluster_1833,Cluster_14747,Apul-Peve,0.55749146146682,,FALSE
Cluster_1833,Cluster_15329,Apul-Peve,-0.42057403762002404,,FALSE
Cluster_1836,Cluster_27,Apul-Peve,-0.07289900338782702,,FALSE
Cluster_1836,Cluster_491,Apul-Peve,-0.48630257566454144,,FALSE
Cluster_1836,Cluster_661,Apul-Peve,0.5730505609154943,,FALSE
Cluster_1836,Cluster_670,Apul-Peve,-0.22371141633497665,,FALSE
Cluster_1836,Cluster_981,Apul-Peve,0.03693984898991876,,FALSE
Cluster_1836,Cluster_1004,Apul-Peve,-0.3605749843376818,,FALSE
Cluster_1836,Cluster_2392,Apul-Peve,-0.09950084295502001,,FALSE
Cluster_1836,Cluster_2454,Apul-Peve,-0.04789648265564107,,FALSE
Cluster_1836,Cluster_2478,Apul-Peve,-0.01800944562539264,,FALSE
Cluster_1836,Cluster_3165,Apul-Peve,-0.21667268047031704,,FALSE
Cluster_1836,Cluster_3380,Apul-Peve,0.8217333146689253,,FALSE
Cluster_1836,Cluster_3652,Apul-Peve,0.9077626793620769,,FALSE
Cluster_1836,Cluster_3653,Apul-Peve,-0.1488856594447268,,FALSE
Cluster_1836,Cluster_3672,Apul-Peve,0.03695814227545985,,FALSE
Cluster_1836,Cluster_3676,Apul-Peve,0.6436654916404181,,FALSE
Cluster_1836,Cluster_4160,Apul-Peve,-0.4550790856381149,,FALSE
Cluster_1836,Cluster_4161,Apul-Peve,-0.6603638020813639,,FALSE
Cluster_1836,Cluster_4229,Apul-Peve,-0.4063926943338537,,FALSE
Cluster_1836,Cluster_4247,Apul-Peve,-0.08293239665105526,,FALSE
Cluster_1836,Cluster_4968,Apul-Peve,-0.2564673763979565,,FALSE
Cluster_1836,Cluster_5058,Apul-Peve,-0.38071369040134384,,FALSE
Cluster_1836,Cluster_5257,Apul-Peve,-0.04791113586126531,,FALSE
Cluster_1836,Cluster_5613,Apul-Peve,-0.33264651090853503,,FALSE
Cluster_1836,Cluster_6099,Apul-Peve,0.6730811798619614,,FALSE
Cluster_1836,Cluster_6234,Apul-Peve,-0.9627623744312155,,FALSE
Cluster_1836,Cluster_6235,Apul-Peve,0.5171724031400816,,FALSE
Cluster_1836,Cluster_6236,Apul-Peve,0.063980552181943,,FALSE
Cluster_1836,Cluster_6242,Apul-Peve,-0.5188375222418417,,FALSE
Cluster_1836,Cluster_6356,Apul-Peve,0.09025261347740658,,FALSE
Cluster_1836,Cluster_6918,Apul-Peve,0.7211041181044892,,FALSE
Cluster_1836,Cluster_6919,Apul-Peve,0.7951714250135969,,FALSE
Cluster_1836,Cluster_7882,Apul-Peve,0.6041110990617647,,FALSE
Cluster_1836,Cluster_8071,Apul-Peve,0.32269245378150474,,FALSE
Cluster_1836,Cluster_8074,Apul-Peve,-0.23653678231705702,,FALSE
Cluster_1836,Cluster_8075,Apul-Peve,0.11883882956613556,,FALSE
Cluster_1836,Cluster_8147,Apul-Peve,0.3102180820636382,,FALSE
Cluster_1836,Cluster_9149,Apul-Peve,0.35944407018643626,,FALSE
Cluster_1836,Cluster_9196,Apul-Peve,0.9206354483281255,,FALSE
Cluster_1836,Cluster_9197,Apul-Peve,-0.7364750986238146,,FALSE
Cluster_1836,Cluster_9535,Apul-Peve,-0.5147627794392576,,FALSE
Cluster_1836,Cluster_10059,Apul-Peve,0.9193734124548627,,FALSE
Cluster_1836,Cluster_10229,Apul-Peve,-0.3408915652188133,,FALSE
Cluster_1836,Cluster_11004,Apul-Peve,0.546950606582282,,FALSE
Cluster_1836,Cluster_11615,Apul-Peve,-0.7367908128986308,,FALSE
Cluster_1836,Cluster_13926,Apul-Peve,-0.34037791927391847,,FALSE
Cluster_1836,Cluster_14602,Apul-Peve,-0.9638334216864735,,FALSE
Cluster_1836,Cluster_14747,Apul-Peve,-0.021749683319737922,,FALSE
Cluster_1836,Cluster_15329,Apul-Peve,0.7626077179933592,,FALSE
Cluster_1865,Cluster_27,Apul-Peve,0.5665091353617221,,FALSE
Cluster_1865,Cluster_491,Apul-Peve,0.3812516874147504,,FALSE
Cluster_1865,Cluster_661,Apul-Peve,0.9622184006790024,,FALSE
Cluster_1865,Cluster_670,Apul-Peve,0.7260601968431177,,FALSE
Cluster_1865,Cluster_981,Apul-Peve,-0.8450168465072834,,FALSE
Cluster_1865,Cluster_1004,Apul-Peve,0.6232511170979388,,FALSE
Cluster_1865,Cluster_2392,Apul-Peve,0.7259695827528155,,FALSE
Cluster_1865,Cluster_2454,Apul-Peve,0.5544805138338448,,FALSE
Cluster_1865,Cluster_2478,Apul-Peve,0.8551266555749636,,FALSE
Cluster_1865,Cluster_3165,Apul-Peve,0.7232385728232557,,FALSE
Cluster_1865,Cluster_3380,Apul-Peve,0.23300715058830454,,FALSE
Cluster_1865,Cluster_3652,Apul-Peve,0.44164448005615925,,FALSE
Cluster_1865,Cluster_3653,Apul-Peve,0.5505664444424604,,FALSE
Cluster_1865,Cluster_3672,Apul-Peve,0.823172893535141,,FALSE
Cluster_1865,Cluster_3676,Apul-Peve,-0.14810099593066342,,FALSE
Cluster_1865,Cluster_4160,Apul-Peve,0.5380448349660476,,FALSE
Cluster_1865,Cluster_4161,Apul-Peve,-0.8549103150802887,,FALSE
Cluster_1865,Cluster_4229,Apul-Peve,0.5860210347796961,,FALSE
Cluster_1865,Cluster_4247,Apul-Peve,0.6218431377948311,,FALSE
Cluster_1865,Cluster_4968,Apul-Peve,0.26472762769236413,,FALSE
Cluster_1865,Cluster_5058,Apul-Peve,0.5978465611201468,,FALSE
Cluster_1865,Cluster_5257,Apul-Peve,-0.5374688241337197,,FALSE
Cluster_1865,Cluster_5613,Apul-Peve,0.6332088996336313,,FALSE
Cluster_1865,Cluster_6099,Apul-Peve,-0.16835144998078588,,FALSE
Cluster_1865,Cluster_6234,Apul-Peve,-0.3259868593007346,,FALSE
Cluster_1865,Cluster_6235,Apul-Peve,-0.2719586328990327,,FALSE
Cluster_1865,Cluster_6236,Apul-Peve,0.6991428071577072,,FALSE
Cluster_1865,Cluster_6242,Apul-Peve,0.4195334861813471,,FALSE
Cluster_1865,Cluster_6356,Apul-Peve,-0.7977453301908457,,FALSE
Cluster_1865,Cluster_6918,Apul-Peve,0.6428876588211122,,FALSE
Cluster_1865,Cluster_6919,Apul-Peve,-0.12022317766330838,,FALSE
Cluster_1865,Cluster_7882,Apul-Peve,-0.06581170642546096,,FALSE
Cluster_1865,Cluster_8071,Apul-Peve,-0.22636723786739588,,FALSE
Cluster_1865,Cluster_8074,Apul-Peve,-0.8685145620078855,,FALSE
Cluster_1865,Cluster_8075,Apul-Peve,-0.06844870900697018,,FALSE
Cluster_1865,Cluster_8147,Apul-Peve,-0.619683226911426,,FALSE
Cluster_1865,Cluster_9149,Apul-Peve,0.9186667084339075,,FALSE
Cluster_1865,Cluster_9196,Apul-Peve,0.7498992090198141,,FALSE
Cluster_1865,Cluster_9197,Apul-Peve,-0.8347963069609707,,FALSE
Cluster_1865,Cluster_9535,Apul-Peve,-0.7033316675352581,,FALSE
Cluster_1865,Cluster_10059,Apul-Peve,0.1737030339732182,,FALSE
Cluster_1865,Cluster_10229,Apul-Peve,0.6414115132912631,,FALSE
Cluster_1865,Cluster_11004,Apul-Peve,-0.21963672133848178,,FALSE
Cluster_1865,Cluster_11615,Apul-Peve,-0.5766892334936164,,FALSE
Cluster_1865,Cluster_13926,Apul-Peve,0.49974224635849795,,FALSE
Cluster_1865,Cluster_14602,Apul-Peve,-0.3139017839567651,,FALSE
Cluster_1865,Cluster_14747,Apul-Peve,-0.751822966987954,,FALSE
Cluster_1865,Cluster_15329,Apul-Peve,0.05048151754783246,,FALSE
Cluster_1950,Cluster_27,Apul-Peve,-0.7847443874203909,,FALSE
Cluster_1950,Cluster_491,Apul-Peve,0.14380663763437398,,FALSE
Cluster_1950,Cluster_661,Apul-Peve,-0.9220885143823773,,FALSE
Cluster_1950,Cluster_670,Apul-Peve,-0.3769102749444295,,FALSE
Cluster_1950,Cluster_981,Apul-Peve,0.5354058748965889,,FALSE
Cluster_1950,Cluster_1004,Apul-Peve,-0.295031193959206,,FALSE
Cluster_1950,Cluster_2392,Apul-Peve,-0.20957276894441085,,FALSE
Cluster_1950,Cluster_2454,Apul-Peve,0.0779885502636534,,FALSE
Cluster_1950,Cluster_2478,Apul-Peve,-0.5881370974373771,,FALSE
Cluster_1950,Cluster_3165,Apul-Peve,-0.5335575092702373,,FALSE
Cluster_1950,Cluster_3380,Apul-Peve,-0.026794992746227066,,FALSE
Cluster_1950,Cluster_3652,Apul-Peve,-0.7476049785978374,,FALSE
Cluster_1950,Cluster_3653,Apul-Peve,0.06353217863129308,,FALSE
Cluster_1950,Cluster_3672,Apul-Peve,-0.34408711182124857,,FALSE
Cluster_1950,Cluster_3676,Apul-Peve,-0.3630853731938171,,FALSE
Cluster_1950,Cluster_4160,Apul-Peve,-0.20826004911973797,,FALSE
Cluster_1950,Cluster_4161,Apul-Peve,0.457995538164903,,FALSE
Cluster_1950,Cluster_4229,Apul-Peve,-0.2953422430540211,,FALSE
Cluster_1950,Cluster_4247,Apul-Peve,-0.021802813394474443,,FALSE
Cluster_1950,Cluster_4968,Apul-Peve,0.3845783772871003,,FALSE
Cluster_1950,Cluster_5058,Apul-Peve,-0.22611925876733446,,FALSE
Cluster_1950,Cluster_5257,Apul-Peve,0.8458424006793029,,FALSE
Cluster_1950,Cluster_5613,Apul-Peve,-0.4568960237501267,,FALSE
Cluster_1950,Cluster_6099,Apul-Peve,-0.305589149898996,,FALSE
Cluster_1950,Cluster_6234,Apul-Peve,0.3164132809047773,,FALSE
Cluster_1950,Cluster_6235,Apul-Peve,0.41817288549470105,,FALSE
Cluster_1950,Cluster_6236,Apul-Peve,-0.10820289834172625,,FALSE
Cluster_1950,Cluster_6242,Apul-Peve,0.033731260070191116,,FALSE
Cluster_1950,Cluster_6356,Apul-Peve,0.6344825308114245,,FALSE
Cluster_1950,Cluster_6918,Apul-Peve,-0.2306331928846623,,FALSE
Cluster_1950,Cluster_6919,Apul-Peve,-0.14675901907866384,,FALSE
Cluster_1950,Cluster_7882,Apul-Peve,-0.48955100022657466,,FALSE
Cluster_1950,Cluster_8071,Apul-Peve,-0.41356524146946805,,FALSE
Cluster_1950,Cluster_8074,Apul-Peve,0.8943221948189612,,FALSE
Cluster_1950,Cluster_8075,Apul-Peve,-0.5614770782284195,,FALSE
Cluster_1950,Cluster_8147,Apul-Peve,0.5321242805047004,,FALSE
Cluster_1950,Cluster_9149,Apul-Peve,-0.473109462414342,,FALSE
Cluster_1950,Cluster_9196,Apul-Peve,-0.5881301555510378,,FALSE
Cluster_1950,Cluster_9197,Apul-Peve,0.4818272068051321,,FALSE
Cluster_1950,Cluster_9535,Apul-Peve,0.181117402855127,,FALSE
Cluster_1950,Cluster_10059,Apul-Peve,-0.44669640168861724,,FALSE
Cluster_1950,Cluster_10229,Apul-Peve,-0.3360335131423678,,FALSE
Cluster_1950,Cluster_11004,Apul-Peve,0.38602880874134676,,FALSE
Cluster_1950,Cluster_11615,Apul-Peve,0.17773403698881052,,FALSE
Cluster_1950,Cluster_13926,Apul-Peve,-0.5727492282750395,,FALSE
Cluster_1950,Cluster_14602,Apul-Peve,0.3203862466259781,,FALSE
Cluster_1950,Cluster_14747,Apul-Peve,0.8132283313483262,,FALSE
Cluster_1950,Cluster_15329,Apul-Peve,-0.51274225101055,,FALSE
Cluster_1951,Cluster_27,Apul-Peve,0.09348460641329155,,FALSE
Cluster_1951,Cluster_491,Apul-Peve,0.9948317170021567,,FALSE
Cluster_1951,Cluster_661,Apul-Peve,0.11688425193742973,,FALSE
Cluster_1951,Cluster_670,Apul-Peve,0.8150396865263703,,FALSE
Cluster_1951,Cluster_981,Apul-Peve,-0.7126002274046633,,FALSE
Cluster_1951,Cluster_1004,Apul-Peve,0.8343204278147315,,FALSE
Cluster_1951,Cluster_2392,Apul-Peve,0.8991222849015825,,FALSE
Cluster_1951,Cluster_2454,Apul-Peve,0.9008019414010254,,FALSE
Cluster_1951,Cluster_2478,Apul-Peve,0.6637094241201907,,FALSE
Cluster_1951,Cluster_3165,Apul-Peve,0.6539372426866413,,FALSE
Cluster_1951,Cluster_3380,Apul-Peve,-0.21353952528227663,,FALSE
Cluster_1951,Cluster_3652,Apul-Peve,-0.6713448552744006,,FALSE
Cluster_1951,Cluster_3653,Apul-Peve,0.9451763502518621,,FALSE
Cluster_1951,Cluster_3672,Apul-Peve,0.8207928848159814,,FALSE
Cluster_1951,Cluster_3676,Apul-Peve,-0.974211123311569,,FALSE
Cluster_1951,Cluster_4160,Apul-Peve,0.8567158675124498,,FALSE
Cluster_1951,Cluster_4161,Apul-Peve,-0.35983269117885763,,FALSE
Cluster_1951,Cluster_4229,Apul-Peve,0.8097405198199902,,FALSE
Cluster_1951,Cluster_4247,Apul-Peve,0.9223337817549907,,FALSE
Cluster_1951,Cluster_4968,Apul-Peve,0.9166201699114738,,FALSE
Cluster_1951,Cluster_5058,Apul-Peve,0.8778258752335765,,FALSE
Cluster_1951,Cluster_5257,Apul-Peve,0.08427961692011121,,FALSE
Cluster_1951,Cluster_5613,Apul-Peve,0.6731935397723117,,FALSE
Cluster_1951,Cluster_6099,Apul-Peve,-0.96587731148268,,FALSE
Cluster_1951,Cluster_6234,Apul-Peve,0.45191067853679706,,FALSE
Cluster_1951,Cluster_6235,Apul-Peve,-0.3103819598541719,,FALSE
Cluster_1951,Cluster_6236,Apul-Peve,0.8557246574771417,,FALSE
Cluster_1951,Cluster_6242,Apul-Peve,0.9630927285616521,,FALSE
Cluster_1951,Cluster_6356,Apul-Peve,-0.5821774676414422,,FALSE
Cluster_1951,Cluster_6918,Apul-Peve,0.23899963594967577,,FALSE
Cluster_1951,Cluster_6919,Apul-Peve,-0.8196500033144062,,FALSE
Cluster_1951,Cluster_7882,Apul-Peve,-0.9544104577604942,,FALSE
Cluster_1951,Cluster_8071,Apul-Peve,-0.9319065831026301,,FALSE
Cluster_1951,Cluster_8074,Apul-Peve,-0.2231506055155349,,FALSE
Cluster_1951,Cluster_8075,Apul-Peve,-0.7204105334819917,,FALSE
Cluster_1951,Cluster_8147,Apul-Peve,-0.5663043149107513,,FALSE
Cluster_1951,Cluster_9149,Apul-Peve,0.6273536844181323,,FALSE
Cluster_1951,Cluster_9196,Apul-Peve,-0.08250178969727295,,FALSE
Cluster_1951,Cluster_9197,Apul-Peve,-0.2595157872786693,,FALSE
Cluster_1951,Cluster_9535,Apul-Peve,-0.5047344222256087,,FALSE
Cluster_1951,Cluster_10059,Apul-Peve,-0.7694871378367202,,FALSE
Cluster_1951,Cluster_10229,Apul-Peve,0.8079120841400957,,FALSE
Cluster_1951,Cluster_11004,Apul-Peve,-0.2856192622437606,,FALSE
Cluster_1951,Cluster_11615,Apul-Peve,-0.18573141826326714,,FALSE
Cluster_1951,Cluster_13926,Apul-Peve,0.3740143080252145,,FALSE
Cluster_1951,Cluster_14602,Apul-Peve,0.47377551670978085,,FALSE
Cluster_1951,Cluster_14747,Apul-Peve,-0.2712084431557609,,FALSE
Cluster_1951,Cluster_15329,Apul-Peve,-0.9109253646921452,,FALSE
Cluster_2372,Cluster_27,Apul-Peve,0.8246160102260021,,FALSE
Cluster_2372,Cluster_491,Apul-Peve,-0.26633332859866726,,FALSE
Cluster_2372,Cluster_661,Apul-Peve,0.8155783886237629,,FALSE
Cluster_2372,Cluster_670,Apul-Peve,0.264240577765254,,FALSE
Cluster_2372,Cluster_981,Apul-Peve,-0.4119813205411431,,FALSE
Cluster_2372,Cluster_1004,Apul-Peve,0.20487665494189003,,FALSE
Cluster_2372,Cluster_2392,Apul-Peve,0.039690089783435814,,FALSE
Cluster_2372,Cluster_2454,Apul-Peve,-0.27639592180718814,,FALSE
Cluster_2372,Cluster_2478,Apul-Peve,0.47445983952706555,,FALSE
Cluster_2372,Cluster_3165,Apul-Peve,0.46478909437152244,,FALSE
Cluster_2372,Cluster_3380,Apul-Peve,-0.11240310500280584,,FALSE
Cluster_2372,Cluster_3652,Apul-Peve,0.733530423740114,,FALSE
Cluster_2372,Cluster_3653,Apul-Peve,-0.24795601500307327,,FALSE
Cluster_2372,Cluster_3672,Apul-Peve,0.1681977408465116,,FALSE
Cluster_2372,Cluster_3676,Apul-Peve,0.4570580921265106,,FALSE
Cluster_2372,Cluster_4160,Apul-Peve,0.12987613267297096,,FALSE
Cluster_2372,Cluster_4161,Apul-Peve,-0.2498401445519932,,FALSE
Cluster_2372,Cluster_4229,Apul-Peve,0.2213558065038757,,FALSE
Cluster_2372,Cluster_4247,Apul-Peve,-0.16779329590957115,,FALSE
Cluster_2372,Cluster_4968,Apul-Peve,-0.5558630043476983,,FALSE
Cluster_2372,Cluster_5058,Apul-Peve,0.12680701921489526,,FALSE
Cluster_2372,Cluster_5257,Apul-Peve,-0.9017956697771168,,FALSE
Cluster_2372,Cluster_5613,Apul-Peve,0.4061305066113075,,FALSE
Cluster_2372,Cluster_6099,Apul-Peve,0.38763821339706794,,FALSE
Cluster_2372,Cluster_6234,Apul-Peve,-0.21534986607214682,,FALSE
Cluster_2372,Cluster_6235,Apul-Peve,-0.49031167595506736,,FALSE
Cluster_2372,Cluster_6236,Apul-Peve,-0.09519553759997046,,FALSE
Cluster_2372,Cluster_6242,Apul-Peve,-0.13531648781863478,,FALSE
Cluster_2372,Cluster_6356,Apul-Peve,-0.5586264143257247,,FALSE
Cluster_2372,Cluster_6918,Apul-Peve,0.023136299545696626,,FALSE
Cluster_2372,Cluster_6919,Apul-Peve,0.15841951307192947,,FALSE
Cluster_2372,Cluster_7882,Apul-Peve,0.5952776879666584,,FALSE
Cluster_2372,Cluster_8071,Apul-Peve,0.5747102154570765,,FALSE
Cluster_2372,Cluster_8074,Apul-Peve,-0.839583593468853,,FALSE
Cluster_2372,Cluster_8075,Apul-Peve,0.7298083203322294,,FALSE
Cluster_2372,Cluster_8147,Apul-Peve,-0.504772910046205,,FALSE
Cluster_2372,Cluster_9149,Apul-Peve,0.27424520544923625,,FALSE
Cluster_2372,Cluster_9196,Apul-Peve,0.42804788466821925,,FALSE
Cluster_2372,Cluster_9197,Apul-Peve,-0.2803171525896339,,FALSE
Cluster_2372,Cluster_9535,Apul-Peve,0.04212441883697332,,FALSE
Cluster_2372,Cluster_10059,Apul-Peve,0.4352775265596554,,FALSE
Cluster_2372,Cluster_10229,Apul-Peve,0.249672553918699,,FALSE
Cluster_2372,Cluster_11004,Apul-Peve,-0.4688475964338854,,FALSE
Cluster_2372,Cluster_11615,Apul-Peve,0.024242280200551046,,FALSE
Cluster_2372,Cluster_13926,Apul-Peve,0.5984101576344418,,FALSE
Cluster_2372,Cluster_14602,Apul-Peve,-0.2242773518366633,,FALSE
Cluster_2372,Cluster_14747,Apul-Peve,-0.7924518259364532,,FALSE
Cluster_2372,Cluster_15329,Apul-Peve,0.5733663675881644,,FALSE
Cluster_2500,Cluster_27,Apul-Peve,0.6881149670952081,,FALSE
Cluster_2500,Cluster_491,Apul-Peve,-0.5206607108746831,,FALSE
Cluster_2500,Cluster_661,Apul-Peve,0.6614752360033743,,FALSE
Cluster_2500,Cluster_670,Apul-Peve,-0.011528107753594623,,FALSE
Cluster_2500,Cluster_981,Apul-Peve,-0.1438926145205956,,FALSE
Cluster_2500,Cluster_1004,Apul-Peve,-0.06628198913846957,,FALSE
Cluster_2500,Cluster_2392,Apul-Peve,-0.23369508830150965,,FALSE
Cluster_2500,Cluster_2454,Apul-Peve,-0.5091515649140721,,FALSE
Cluster_2500,Cluster_2478,Apul-Peve,0.21238625929106392,,FALSE
Cluster_2500,Cluster_3165,Apul-Peve,0.2105595531222142,,FALSE
Cluster_2500,Cluster_3380,Apul-Peve,-0.04832271384493358,,FALSE
Cluster_2500,Cluster_3652,Apul-Peve,0.8208709743155308,,FALSE
Cluster_2500,Cluster_3653,Apul-Peve,-0.4959767613064221,,FALSE
Cluster_2500,Cluster_3672,Apul-Peve,-0.10126756120312952,,FALSE
Cluster_2500,Cluster_3676,Apul-Peve,0.6769374587735891,,FALSE
Cluster_2500,Cluster_4160,Apul-Peve,-0.13629861429214546,,FALSE
Cluster_2500,Cluster_4161,Apul-Peve,-0.09651813120485574,,FALSE
Cluster_2500,Cluster_4229,Apul-Peve,-0.043781919281869204,,FALSE
Cluster_2500,Cluster_4247,Apul-Peve,-0.42083016466569795,,FALSE
Cluster_2500,Cluster_4968,Apul-Peve,-0.7523629747632833,,FALSE
Cluster_2500,Cluster_5058,Apul-Peve,-0.14665266185339054,,FALSE
Cluster_2500,Cluster_5257,Apul-Peve,-0.8061826253059295,,FALSE
Cluster_2500,Cluster_5613,Apul-Peve,0.1560434781628156,,FALSE
Cluster_2500,Cluster_6099,Apul-Peve,0.6137199313986148,,FALSE
Cluster_2500,Cluster_6234,Apul-Peve,-0.3047893518544496,,FALSE
Cluster_2500,Cluster_6235,Apul-Peve,-0.3413004817247726,,FALSE
Cluster_2500,Cluster_6236,Apul-Peve,-0.3405793240030217,,FALSE
Cluster_2500,Cluster_6242,Apul-Peve,-0.39696240497202434,,FALSE
Cluster_2500,Cluster_6356,Apul-Peve,-0.3111426767829322,,FALSE
Cluster_2500,Cluster_6918,Apul-Peve,-0.06484232597808082,,FALSE
Cluster_2500,Cluster_6919,Apul-Peve,0.3688889563289531,,FALSE
Cluster_2500,Cluster_7882,Apul-Peve,0.7915355536843506,,FALSE
Cluster_2500,Cluster_8071,Apul-Peve,0.7720825901513719,,FALSE
Cluster_2500,Cluster_8074,Apul-Peve,-0.6565210796286557,,FALSE
Cluster_2500,Cluster_8075,Apul-Peve,0.8467619047818652,,FALSE
Cluster_2500,Cluster_8147,Apul-Peve,-0.2732344891991221,,FALSE
Cluster_2500,Cluster_9149,Apul-Peve,0.0428527978477723,,FALSE
Cluster_2500,Cluster_9196,Apul-Peve,0.3790463768805206,,FALSE
Cluster_2500,Cluster_9197,Apul-Peve,-0.1516653364606467,,FALSE
Cluster_2500,Cluster_9535,Apul-Peve,0.19742648965955026,,FALSE
Cluster_2500,Cluster_10059,Apul-Peve,0.5915697492647785,,FALSE
Cluster_2500,Cluster_10229,Apul-Peve,-0.01988016153937801,,FALSE
Cluster_2500,Cluster_11004,Apul-Peve,-0.3306703794956766,,FALSE
Cluster_2500,Cluster_11615,Apul-Peve,0.0902092016099306,,FALSE
Cluster_2500,Cluster_13926,Apul-Peve,0.41268299696866034,,FALSE
Cluster_2500,Cluster_14602,Apul-Peve,-0.31907277351843116,,FALSE
Cluster_2500,Cluster_14747,Apul-Peve,-0.6051533532408303,,FALSE
Cluster_2500,Cluster_15329,Apul-Peve,0.7565960749426781,,FALSE
Cluster_2746,Cluster_27,Apul-Peve,0.7337118478971093,,FALSE
Cluster_2746,Cluster_491,Apul-Peve,0.14076364054942256,,FALSE
Cluster_2746,Cluster_661,Apul-Peve,0.9968095883306906,,FALSE
Cluster_2746,Cluster_670,Apul-Peve,0.6002594392794687,,FALSE
Cluster_2746,Cluster_981,Apul-Peve,-0.7438429800056344,,FALSE
Cluster_2746,Cluster_1004,Apul-Peve,0.5055090078704548,,FALSE
Cluster_2746,Cluster_2392,Apul-Peve,0.5041787617051485,,FALSE
Cluster_2746,Cluster_2454,Apul-Peve,0.25363965156461593,,FALSE
Cluster_2746,Cluster_2478,Apul-Peve,0.7774557685252994,,FALSE
Cluster_2746,Cluster_3165,Apul-Peve,0.6843628133644855,,FALSE
Cluster_2746,Cluster_3380,Apul-Peve,0.10991336011048247,,FALSE
Cluster_2746,Cluster_3652,Apul-Peve,0.6128396280987838,,FALSE
Cluster_2746,Cluster_3653,Apul-Peve,0.26299884530371553,,FALSE
Cluster_2746,Cluster_3672,Apul-Peve,0.6248097424716474,,FALSE
Cluster_2746,Cluster_3676,Apul-Peve,0.09785068192964504,,FALSE
Cluster_2746,Cluster_4160,Apul-Peve,0.4159584484932197,,FALSE
Cluster_2746,Cluster_4161,Apul-Peve,-0.682394181730042,,FALSE
Cluster_2746,Cluster_4229,Apul-Peve,0.48748690653686877,,FALSE
Cluster_2746,Cluster_4247,Apul-Peve,0.34535290772041916,,FALSE
Cluster_2746,Cluster_4968,Apul-Peve,-0.061125563919259336,,FALSE
Cluster_2746,Cluster_5058,Apul-Peve,0.4549413798573136,,FALSE
Cluster_2746,Cluster_5257,Apul-Peve,-0.7475532658959402,,FALSE
Cluster_2746,Cluster_5613,Apul-Peve,0.5985367080956298,,FALSE
Cluster_2746,Cluster_6099,Apul-Peve,0.05455298867467257,,FALSE
Cluster_2746,Cluster_6234,Apul-Peve,-0.31314274358010236,,FALSE
Cluster_2746,Cluster_6235,Apul-Peve,-0.39173293817715665,,FALSE
Cluster_2746,Cluster_6236,Apul-Peve,0.4286725225751182,,FALSE
Cluster_2746,Cluster_6242,Apul-Peve,0.22256904370511713,,FALSE
Cluster_2746,Cluster_6356,Apul-Peve,-0.7748718121597055,,FALSE
Cluster_2746,Cluster_6918,Apul-Peve,0.4429840551047316,,FALSE
Cluster_2746,Cluster_6919,Apul-Peve,-0.011162668628663405,,FALSE
Cluster_2746,Cluster_7882,Apul-Peve,0.21227341102851355,,FALSE
Cluster_2746,Cluster_8071,Apul-Peve,0.09509403854920978,,FALSE
Cluster_2746,Cluster_8074,Apul-Peve,-0.9435072339155306,,FALSE
Cluster_2746,Cluster_8075,Apul-Peve,0.2671895116052842,,FALSE
Cluster_2746,Cluster_8147,Apul-Peve,-0.6317943441544168,,FALSE
Cluster_2746,Cluster_9149,Apul-Peve,0.735043893251736,,FALSE
Cluster_2746,Cluster_9196,Apul-Peve,0.6888340722524549,,FALSE
Cluster_2746,Cluster_9197,Apul-Peve,-0.6821133904354542,,FALSE
Cluster_2746,Cluster_9535,Apul-Peve,-0.45516012883453005,,FALSE
Cluster_2746,Cluster_10059,Apul-Peve,0.3051130945969287,,FALSE
Cluster_2746,Cluster_10229,Apul-Peve,0.5369466893229016,,FALSE
Cluster_2746,Cluster_11004,Apul-Peve,-0.3473442396171029,,FALSE
Cluster_2746,Cluster_11615,Apul-Peve,-0.3782620086208721,,FALSE
Cluster_2746,Cluster_13926,Apul-Peve,0.591358698371263,,FALSE
Cluster_2746,Cluster_14602,Apul-Peve,-0.30885942722756643,,FALSE
Cluster_2746,Cluster_14747,Apul-Peve,-0.8445221246618991,,FALSE
Cluster_2746,Cluster_15329,Apul-Peve,0.2812744259195632,,FALSE
Cluster_3109,Cluster_27,Apul-Peve,-0.02670449334636023,,FALSE
Cluster_3109,Cluster_491,Apul-Peve,-0.63076395177697,,FALSE
Cluster_3109,Cluster_661,Apul-Peve,-0.6021328450077797,,FALSE
Cluster_3109,Cluster_670,Apul-Peve,-0.6604173093576615,,FALSE
Cluster_3109,Cluster_981,Apul-Peve,0.710701312494833,,FALSE
Cluster_3109,Cluster_1004,Apul-Peve,-0.564571914866782,,FALSE
Cluster_3109,Cluster_2392,Apul-Peve,-0.8569219109485774,,FALSE
Cluster_3109,Cluster_2454,Apul-Peve,-0.9061729407136442,,FALSE
Cluster_3109,Cluster_2478,Apul-Peve,-0.6749206590314295,,FALSE
Cluster_3109,Cluster_3165,Apul-Peve,-0.49538476249481295,,FALSE
Cluster_3109,Cluster_3380,Apul-Peve,-0.4781688633861145,,FALSE
Cluster_3109,Cluster_3652,Apul-Peve,-0.06245211278105262,,FALSE
Cluster_3109,Cluster_3653,Apul-Peve,-0.8662453500607626,,FALSE
Cluster_3109,Cluster_3672,Apul-Peve,-0.8897813908186599,,FALSE
Cluster_3109,Cluster_3676,Apul-Peve,0.4770745660081615,,FALSE
Cluster_3109,Cluster_4160,Apul-Peve,-0.5082833288349102,,FALSE
Cluster_3109,Cluster_4161,Apul-Peve,0.9374171416794587,,FALSE
Cluster_3109,Cluster_4229,Apul-Peve,-0.49956318154456947,,FALSE
Cluster_3109,Cluster_4247,Apul-Peve,-0.8976628383020187,,FALSE
Cluster_3109,Cluster_4968,Apul-Peve,-0.7479819188239754,,FALSE
Cluster_3109,Cluster_5058,Apul-Peve,-0.5938508467309804,,FALSE
Cluster_3109,Cluster_5257,Apul-Peve,-0.05741306726163481,,FALSE
Cluster_3109,Cluster_5613,Apul-Peve,-0.41731886236226384,,FALSE
Cluster_3109,Cluster_6099,Apul-Peve,0.4424924710153602,,FALSE
Cluster_3109,Cluster_6234,Apul-Peve,0.345016637110414,,FALSE
Cluster_3109,Cluster_6235,Apul-Peve,-0.12115328502037111,,FALSE
Cluster_3109,Cluster_6236,Apul-Peve,-0.9523352360720888,,FALSE
Cluster_3109,Cluster_6242,Apul-Peve,-0.5683157703542238,,FALSE
Cluster_3109,Cluster_6356,Apul-Peve,0.5269508862179388,,FALSE
Cluster_3109,Cluster_6918,Apul-Peve,-0.8650892476793546,,FALSE
Cluster_3109,Cluster_6919,Apul-Peve,0.1826219169525034,,FALSE
Cluster_3109,Cluster_7882,Apul-Peve,0.4915785072530499,,FALSE
Cluster_3109,Cluster_8071,Apul-Peve,0.7077379464977887,,FALSE
Cluster_3109,Cluster_8074,Apul-Peve,0.4262775557495347,,FALSE
Cluster_3109,Cluster_8075,Apul-Peve,0.6616469525454619,,FALSE
Cluster_3109,Cluster_8147,Apul-Peve,0.3233445104602368,,FALSE
Cluster_3109,Cluster_9149,Apul-Peve,-0.9608902635715236,,FALSE
Cluster_3109,Cluster_9196,Apul-Peve,-0.6938576295861335,,FALSE
Cluster_3109,Cluster_9197,Apul-Peve,0.8968580194625043,,FALSE
Cluster_3109,Cluster_9535,Apul-Peve,0.9683277998278245,,FALSE
Cluster_3109,Cluster_10059,Apul-Peve,0.02720164911998489,,FALSE
Cluster_3109,Cluster_10229,Apul-Peve,-0.5531881982376917,,FALSE
Cluster_3109,Cluster_11004,Apul-Peve,-0.1722578945812274,,FALSE
Cluster_3109,Cluster_11615,Apul-Peve,0.8231675215877098,,FALSE
Cluster_3109,Cluster_13926,Apul-Peve,-0.09508993140905837,,FALSE
Cluster_3109,Cluster_14602,Apul-Peve,0.32291890713545685,,FALSE
Cluster_3109,Cluster_14747,Apul-Peve,0.2940070159312891,,FALSE
Cluster_3109,Cluster_15329,Apul-Peve,0.3106163322923066,,FALSE
Cluster_3226,Cluster_27,Apul-Peve,0.331165823463805,,FALSE
Cluster_3226,Cluster_491,Apul-Peve,0.8951481983338829,,FALSE
Cluster_3226,Cluster_661,Apul-Peve,0.5566627258455582,,FALSE
Cluster_3226,Cluster_670,Apul-Peve,0.9330253548271673,,FALSE
Cluster_3226,Cluster_981,Apul-Peve,-0.9197219583538417,,FALSE
Cluster_3226,Cluster_1004,Apul-Peve,0.8942781013179653,,FALSE
Cluster_3226,Cluster_2392,Apul-Peve,0.9995368361631461,,FALSE
Cluster_3226,Cluster_2454,Apul-Peve,0.9224864537812683,,FALSE
Cluster_3226,Cluster_2478,Apul-Peve,0.8890331400744033,,FALSE
Cluster_3226,Cluster_3165,Apul-Peve,0.8130184473131672,,FALSE
Cluster_3226,Cluster_3380,Apul-Peve,-0.019144102711781748,,FALSE
Cluster_3226,Cluster_3652,Apul-Peve,-0.2565292222011245,,FALSE
Cluster_3226,Cluster_3653,Apul-Peve,0.9497797068148938,,FALSE
Cluster_3226,Cluster_3672,Apul-Peve,0.9920539397469792,,FALSE
Cluster_3226,Cluster_3676,Apul-Peve,-0.7652845663202216,,FALSE
Cluster_3226,Cluster_4160,Apul-Peve,0.8675839163009055,,FALSE
Cluster_3226,Cluster_4161,Apul-Peve,-0.6890242432436413,,FALSE
Cluster_3226,Cluster_4229,Apul-Peve,0.8570793465306963,,FALSE
Cluster_3226,Cluster_4247,Apul-Peve,0.9686046308315682,,FALSE
Cluster_3226,Cluster_4968,Apul-Peve,0.7912258368074458,,FALSE
Cluster_3226,Cluster_5058,Apul-Peve,0.9137989727790033,,FALSE
Cluster_3226,Cluster_5257,Apul-Peve,-0.19070311651000108,,FALSE
Cluster_3226,Cluster_5613,Apul-Peve,0.7809786691388243,,FALSE
Cluster_3226,Cluster_6099,Apul-Peve,-0.7675363586652769,,FALSE
Cluster_3226,Cluster_6234,Apul-Peve,0.14659500560485467,,FALSE
Cluster_3226,Cluster_6235,Apul-Peve,-0.33762626664954576,,FALSE
Cluster_3226,Cluster_6236,Apul-Peve,0.960849001325532,,FALSE
Cluster_3226,Cluster_6242,Apul-Peve,0.8884350000835246,,FALSE
Cluster_3226,Cluster_6356,Apul-Peve,-0.7994163274025756,,FALSE
Cluster_3226,Cluster_6918,Apul-Peve,0.5029076011343325,,FALSE
Cluster_3226,Cluster_6919,Apul-Peve,-0.6326835294583465,,FALSE
Cluster_3226,Cluster_7882,Apul-Peve,-0.7136309581756636,,FALSE
Cluster_3226,Cluster_8071,Apul-Peve,-0.7821967215234628,,FALSE
Cluster_3226,Cluster_8074,Apul-Peve,-0.5791983595604535,,FALSE
Cluster_3226,Cluster_8075,Apul-Peve,-0.5595875369396734,,FALSE
Cluster_3226,Cluster_8147,Apul-Peve,-0.6965490511380399,,FALSE
Cluster_3226,Cluster_9149,Apul-Peve,0.9054897997959774,,FALSE
Cluster_3226,Cluster_9196,Apul-Peve,0.3227478888546454,,FALSE
Cluster_3226,Cluster_9197,Apul-Peve,-0.6083021080226328,,FALSE
Cluster_3226,Cluster_9535,Apul-Peve,-0.7199142554967018,,FALSE
Cluster_3226,Cluster_10059,Apul-Peve,-0.45379872178006037,,FALSE
Cluster_3226,Cluster_10229,Apul-Peve,0.883977849563178,,FALSE
Cluster_3226,Cluster_11004,Apul-Peve,-0.29381695116146733,,FALSE
Cluster_3226,Cluster_11615,Apul-Peve,-0.4332053881852239,,FALSE
Cluster_3226,Cluster_13926,Apul-Peve,0.49743717491647177,,FALSE
Cluster_3226,Cluster_14602,Apul-Peve,0.1683474803889466,,FALSE
Cluster_3226,Cluster_14747,Apul-Peve,-0.552400995816253,,FALSE
Cluster_3226,Cluster_15329,Apul-Peve,-0.6214620661984386,,FALSE
Cluster_3227,Cluster_27,Apul-Peve,-0.4639308696039296,,FALSE
Cluster_3227,Cluster_491,Apul-Peve,0.668429839877783,,FALSE
Cluster_3227,Cluster_661,Apul-Peve,0.028314058877771567,,FALSE
Cluster_3227,Cluster_670,Apul-Peve,0.38588910079184974,,FALSE
Cluster_3227,Cluster_981,Apul-Peve,-0.34399451962208266,,FALSE
Cluster_3227,Cluster_1004,Apul-Peve,0.33913755705629556,,FALSE
Cluster_3227,Cluster_2392,Apul-Peve,0.6823828668106224,,FALSE
Cluster_3227,Cluster_2454,Apul-Peve,0.9097631548940317,,FALSE
Cluster_3227,Cluster_2478,Apul-Peve,0.2780780853498881,,FALSE
Cluster_3227,Cluster_3165,Apul-Peve,0.13188933312560047,,FALSE
Cluster_3227,Cluster_3380,Apul-Peve,0.4759085697329494,,FALSE
Cluster_3227,Cluster_3652,Apul-Peve,-0.36293427645848353,,FALSE
Cluster_3227,Cluster_3653,Apul-Peve,0.8582332550267543,,FALSE
Cluster_3227,Cluster_3672,Apul-Peve,0.6364843739376874,,FALSE
Cluster_3227,Cluster_3676,Apul-Peve,-0.6507471080246694,,FALSE
Cluster_3227,Cluster_4160,Apul-Peve,0.3350119416654463,,FALSE
Cluster_3227,Cluster_4161,Apul-Peve,-0.6392419472657338,,FALSE
Cluster_3227,Cluster_4229,Apul-Peve,0.27493837797830917,,FALSE
Cluster_3227,Cluster_4247,Apul-Peve,0.838267193147756,,FALSE
Cluster_3227,Cluster_4968,Apul-Peve,0.939582263228435,,FALSE
Cluster_3227,Cluster_5058,Apul-Peve,0.4088268864318299,,FALSE
Cluster_3227,Cluster_5257,Apul-Peve,0.5765330169885781,,FALSE
Cluster_3227,Cluster_5613,Apul-Peve,0.09978548081343513,,FALSE
Cluster_3227,Cluster_6099,Apul-Peve,-0.5808558622854643,,FALSE
Cluster_3227,Cluster_6234,Apul-Peve,-0.17592258861062188,,FALSE
Cluster_3227,Cluster_6235,Apul-Peve,0.3976646531468702,,FALSE
Cluster_3227,Cluster_6236,Apul-Peve,0.8434297172625659,,FALSE
Cluster_3227,Cluster_6242,Apul-Peve,0.5392715042967244,,FALSE
Cluster_3227,Cluster_6356,Apul-Peve,-0.10511577505644393,,FALSE
Cluster_3227,Cluster_6918,Apul-Peve,0.7138740014787361,,FALSE
Cluster_3227,Cluster_6919,Apul-Peve,-0.22933821883885047,,FALSE
Cluster_3227,Cluster_7882,Apul-Peve,-0.7446812405379438,,FALSE
Cluster_3227,Cluster_8071,Apul-Peve,-0.9162191048658951,,FALSE
Cluster_3227,Cluster_8074,Apul-Peve,0.13715079136899005,,FALSE
Cluster_3227,Cluster_8075,Apul-Peve,-0.973048970501625,,FALSE
Cluster_3227,Cluster_8147,Apul-Peve,0.035369791278770275,,FALSE
Cluster_3227,Cluster_9149,Apul-Peve,0.6387720834770851,,FALSE
Cluster_3227,Cluster_9196,Apul-Peve,0.33817000985161394,,FALSE
Cluster_3227,Cluster_9197,Apul-Peve,-0.5892346331410236,,FALSE
Cluster_3227,Cluster_9535,Apul-Peve,-0.8336932731973167,,FALSE
Cluster_3227,Cluster_10059,Apul-Peve,-0.2614557422145624,,FALSE
Cluster_3227,Cluster_10229,Apul-Peve,0.3037710881290114,,FALSE
Cluster_3227,Cluster_11004,Apul-Peve,0.427790023497279,,FALSE
Cluster_3227,Cluster_11615,Apul-Peve,-0.7073932555925129,,FALSE
Cluster_3227,Cluster_13926,Apul-Peve,-0.2794164073989458,,FALSE
Cluster_3227,Cluster_14602,Apul-Peve,-0.15244997463902238,,FALSE
Cluster_3227,Cluster_14747,Apul-Peve,0.2225925772870498,,FALSE
Cluster_3227,Cluster_15329,Apul-Peve,-0.5794884830785255,,FALSE
Cluster_3301,Cluster_27,Apul-Peve,0.7340862736824939,,FALSE
Cluster_3301,Cluster_491,Apul-Peve,-0.5269402210998398,,FALSE
Cluster_3301,Cluster_661,Apul-Peve,0.4803982454910039,,FALSE
Cluster_3301,Cluster_670,Apul-Peve,-0.05583012613762481,,FALSE
Cluster_3301,Cluster_981,Apul-Peve,-0.05834576490593099,,FALSE
Cluster_3301,Cluster_1004,Apul-Peve,-0.06911492311572905,,FALSE
Cluster_3301,Cluster_2392,Apul-Peve,-0.34439643111575596,,FALSE
Cluster_3301,Cluster_2454,Apul-Peve,-0.6517600197769899,,FALSE
Cluster_3301,Cluster_2478,Apul-Peve,0.1310232579816159,,FALSE
Cluster_3301,Cluster_3165,Apul-Peve,0.19890138426901305,,FALSE
Cluster_3301,Cluster_3380,Apul-Peve,-0.3018587684563261,,FALSE
Cluster_3301,Cluster_3652,Apul-Peve,0.6494000081647812,,FALSE
Cluster_3301,Cluster_3653,Apul-Peve,-0.6097457098053053,,FALSE
Cluster_3301,Cluster_3672,Apul-Peve,-0.24063443970202494,,FALSE
Cluster_3301,Cluster_3676,Apul-Peve,0.6339111207609178,,FALSE
Cluster_3301,Cluster_4160,Apul-Peve,-0.1134678366917672,,FALSE
Cluster_3301,Cluster_4161,Apul-Peve,0.1790905816489848,,FALSE
Cluster_3301,Cluster_4229,Apul-Peve,-0.026075876075702654,,FALSE
Cluster_3301,Cluster_4247,Apul-Peve,-0.5501147702239662,,FALSE
Cluster_3301,Cluster_4968,Apul-Peve,-0.8378313292537242,,FALSE
Cluster_3301,Cluster_5058,Apul-Peve,-0.15305578977358472,,FALSE
Cluster_3301,Cluster_5257,Apul-Peve,-0.8428714748457239,,FALSE
Cluster_3301,Cluster_5613,Apul-Peve,0.17868291060267646,miR-2030,TRUE
Cluster_3301,Cluster_6099,Apul-Peve,0.5561481317784303,,FALSE
Cluster_3301,Cluster_6234,Apul-Peve,-0.055853066101934225,,FALSE
Cluster_3301,Cluster_6235,Apul-Peve,-0.4905007532784036,,FALSE
Cluster_3301,Cluster_6236,Apul-Peve,-0.5064953101272245,,FALSE
Cluster_3301,Cluster_6242,Apul-Peve,-0.3811046987635955,,FALSE
Cluster_3301,Cluster_6356,Apul-Peve,-0.2716926759874105,,FALSE
Cluster_3301,Cluster_6918,Apul-Peve,-0.3516010521831923,,FALSE
Cluster_3301,Cluster_6919,Apul-Peve,0.2353011926890227,,FALSE
Cluster_3301,Cluster_7882,Apul-Peve,0.7649703333462995,,FALSE
Cluster_3301,Cluster_8071,Apul-Peve,0.8380251523814529,,FALSE
Cluster_3301,Cluster_8074,Apul-Peve,-0.5752359458305901,,FALSE
Cluster_3301,Cluster_8075,Apul-Peve,0.9552922153519049,,FALSE
Cluster_3301,Cluster_8147,Apul-Peve,-0.3099005066991249,,FALSE
Cluster_3301,Cluster_9149,Apul-Peve,-0.17154688971232598,,FALSE
Cluster_3301,Cluster_9196,Apul-Peve,0.09365138723699025,,FALSE
Cluster_3301,Cluster_9197,Apul-Peve,0.1324912872090354,,FALSE
Cluster_3301,Cluster_9535,Apul-Peve,0.45923486093583304,,FALSE
Cluster_3301,Cluster_10059,Apul-Peve,0.41906244477696136,,FALSE
Cluster_3301,Cluster_10229,Apul-Peve,-0.023232544484753165,,FALSE
Cluster_3301,Cluster_11004,Apul-Peve,-0.49324603114463345,,FALSE
Cluster_3301,Cluster_11615,Apul-Peve,0.3757575934422353,,FALSE
Cluster_3301,Cluster_13926,Apul-Peve,0.4952378617591817,,FALSE
Cluster_3301,Cluster_14602,Apul-Peve,-0.07372662545794391,,FALSE
Cluster_3301,Cluster_14747,Apul-Peve,-0.58805658225662,,FALSE
Cluster_3301,Cluster_15329,Apul-Peve,0.6672974431884675,,FALSE
Cluster_4026,Cluster_27,Apul-Peve,-0.606880478575555,,FALSE
Cluster_4026,Cluster_491,Apul-Peve,-0.28814074279426366,,FALSE
Cluster_4026,Cluster_661,Apul-Peve,-0.986018278450774,,FALSE
Cluster_4026,Cluster_670,Apul-Peve,-0.67355450377447,,FALSE
Cluster_4026,Cluster_981,Apul-Peve,0.8060140072198927,,FALSE
Cluster_4026,Cluster_1004,Apul-Peve,-0.5686019774702525,,FALSE
Cluster_4026,Cluster_2392,Apul-Peve,-0.6504768328357198,,FALSE
Cluster_4026,Cluster_2454,Apul-Peve,-0.45966683420995247,,FALSE
Cluster_4026,Cluster_2478,Apul-Peve,-0.8236284238155589,,FALSE
Cluster_4026,Cluster_3165,Apul-Peve,-0.6963546720606614,,FALSE
Cluster_4026,Cluster_3380,Apul-Peve,-0.22778695845377947,,FALSE
Cluster_4026,Cluster_3652,Apul-Peve,-0.5235726273467401,,FALSE
Cluster_4026,Cluster_3653,Apul-Peve,-0.45561831054943713,,FALSE
Cluster_4026,Cluster_3672,Apul-Peve,-0.7590300601505614,,FALSE
Cluster_4026,Cluster_3676,Apul-Peve,0.04933302705460308,,FALSE
Cluster_4026,Cluster_4160,Apul-Peve,-0.4791657684452875,,FALSE
Cluster_4026,Cluster_4161,Apul-Peve,0.8229126821329721,,FALSE
Cluster_4026,Cluster_4229,Apul-Peve,-0.5354891198771858,,FALSE
Cluster_4026,Cluster_4247,Apul-Peve,-0.5320772551673261,,FALSE
Cluster_4026,Cluster_4968,Apul-Peve,-0.15705715936709538,,FALSE
Cluster_4026,Cluster_5058,Apul-Peve,-0.5353070183138329,,FALSE
Cluster_4026,Cluster_5257,Apul-Peve,0.595434367831123,,FALSE
Cluster_4026,Cluster_5613,Apul-Peve,-0.6037720524746816,,FALSE
Cluster_4026,Cluster_6099,Apul-Peve,0.07492593757159577,,FALSE
Cluster_4026,Cluster_6234,Apul-Peve,0.35762307444052666,,FALSE
Cluster_4026,Cluster_6235,Apul-Peve,0.28356877869042274,,FALSE
Cluster_4026,Cluster_6236,Apul-Peve,-0.6162653529749588,,FALSE
Cluster_4026,Cluster_6242,Apul-Peve,-0.3374311831405989,,FALSE
Cluster_4026,Cluster_6356,Apul-Peve,0.7798642409714193,,FALSE
Cluster_4026,Cluster_6918,Apul-Peve,-0.6073657814289405,,FALSE
Cluster_4026,Cluster_6919,Apul-Peve,0.0555288296946146,,FALSE
Cluster_4026,Cluster_7882,Apul-Peve,-0.03994743499191001,,FALSE
Cluster_4026,Cluster_8071,Apul-Peve,0.11769438293637274,,FALSE
Cluster_4026,Cluster_8074,Apul-Peve,0.8915215214691786,,FALSE
Cluster_4026,Cluster_8075,Apul-Peve,-0.03469654742686121,,FALSE
Cluster_4026,Cluster_8147,Apul-Peve,0.6048958363822133,,FALSE
Cluster_4026,Cluster_9149,Apul-Peve,-0.870796827168277,,FALSE
Cluster_4026,Cluster_9196,Apul-Peve,-0.7617638804917263,,FALSE
Cluster_4026,Cluster_9197,Apul-Peve,0.8118088554042391,,FALSE
Cluster_4026,Cluster_9535,Apul-Peve,0.6449282374214218,,FALSE
Cluster_4026,Cluster_10059,Apul-Peve,-0.2470662080402575,,FALSE
Cluster_4026,Cluster_10229,Apul-Peve,-0.5912424325869832,,FALSE
Cluster_4026,Cluster_11004,Apul-Peve,0.23286595786645278,,FALSE
Cluster_4026,Cluster_11615,Apul-Peve,0.5428560524031463,,FALSE
Cluster_4026,Cluster_13926,Apul-Peve,-0.5080464853392828,,FALSE
Cluster_4026,Cluster_14602,Apul-Peve,0.34796808760077375,,FALSE
Cluster_4026,Cluster_14747,Apul-Peve,0.7725134493783813,,FALSE
Cluster_4026,Cluster_15329,Apul-Peve,-0.14769500360489696,,FALSE
Cluster_4034,Cluster_27,Apul-Peve,0.1356524600050514,,FALSE
Cluster_4034,Cluster_491,Apul-Peve,-0.8890647659841723,,FALSE
Cluster_4034,Cluster_661,Apul-Peve,-0.18408515578476192,,FALSE
Cluster_4034,Cluster_670,Apul-Peve,-0.6901632637602666,,FALSE
Cluster_4034,Cluster_981,Apul-Peve,0.6313185982910579,,FALSE
Cluster_4034,Cluster_1004,Apul-Peve,-0.662792394622694,,FALSE
Cluster_4034,Cluster_2392,Apul-Peve,-0.8894724864203859,,FALSE
Cluster_4034,Cluster_2454,Apul-Peve,-0.9915980090137274,,FALSE
Cluster_4034,Cluster_2478,Apul-Peve,-0.573347315034663,,FALSE
Cluster_4034,Cluster_3165,Apul-Peve,-0.4753376720525691,,FALSE
Cluster_4034,Cluster_3380,Apul-Peve,-0.17579367103528856,,FALSE
Cluster_4034,Cluster_3652,Apul-Peve,0.4719365939384665,,FALSE
Cluster_4034,Cluster_3653,Apul-Peve,-0.9854735880778334,,FALSE
Cluster_4034,Cluster_3672,Apul-Peve,-0.8378123128076781,,FALSE
Cluster_4034,Cluster_3676,Apul-Peve,0.8424742841498337,,FALSE
Cluster_4034,Cluster_4160,Apul-Peve,-0.6617112547862433,,FALSE
Cluster_4034,Cluster_4161,Apul-Peve,0.6165702889884906,,FALSE
Cluster_4034,Cluster_4229,Apul-Peve,-0.612186202914923,,FALSE
Cluster_4034,Cluster_4247,Apul-Peve,-0.9718794225358625,,FALSE
Cluster_4034,Cluster_4968,Apul-Peve,-0.9816569661127649,,FALSE
Cluster_4034,Cluster_5058,Apul-Peve,-0.7183558817922397,,FALSE
Cluster_4034,Cluster_5257,Apul-Peve,-0.28634023600563,,FALSE
Cluster_4034,Cluster_5613,Apul-Peve,-0.45724369855885333,,FALSE
Cluster_4034,Cluster_6099,Apul-Peve,0.8034793762743023,,FALSE
Cluster_4034,Cluster_6234,Apul-Peve,-0.09038049595018156,,FALSE
Cluster_4034,Cluster_6235,Apul-Peve,-0.027968037836370935,,FALSE
Cluster_4034,Cluster_6236,Apul-Peve,-0.9508815174821925,,FALSE
Cluster_4034,Cluster_6242,Apul-Peve,-0.8090779887055435,,FALSE
Cluster_4034,Cluster_6356,Apul-Peve,0.43446505592596535,,FALSE
Cluster_4034,Cluster_6918,Apul-Peve,-0.5724140450074279,,FALSE
Cluster_4034,Cluster_6919,Apul-Peve,0.5387305221448125,,FALSE
Cluster_4034,Cluster_7882,Apul-Peve,0.8732710620991195,,FALSE
Cluster_4034,Cluster_8071,Apul-Peve,0.9722639419801525,,FALSE
Cluster_4034,Cluster_8074,Apul-Peve,0.13722030470479005,,FALSE
Cluster_4034,Cluster_8075,Apul-Peve,0.8803665282590721,,FALSE
Cluster_4034,Cluster_8147,Apul-Peve,0.3311438727555769,,FALSE
Cluster_4034,Cluster_9149,Apul-Peve,-0.7551018616261104,,FALSE
Cluster_4034,Cluster_9196,Apul-Peve,-0.22668332706645236,,FALSE
Cluster_4034,Cluster_9197,Apul-Peve,0.5383161092836622,,FALSE
Cluster_4034,Cluster_9535,Apul-Peve,0.7737954407664719,,FALSE
Cluster_4034,Cluster_10059,Apul-Peve,0.4971250643574446,,FALSE
Cluster_4034,Cluster_10229,Apul-Peve,-0.6330789975505876,,FALSE
Cluster_4034,Cluster_11004,Apul-Peve,-0.06225368546330542,,FALSE
Cluster_4034,Cluster_11615,Apul-Peve,0.5351211749774142,,FALSE
Cluster_4034,Cluster_13926,Apul-Peve,-0.09272348272595599,,FALSE
Cluster_4034,Cluster_14602,Apul-Peve,-0.11503087096125027,,FALSE
Cluster_4034,Cluster_14747,Apul-Peve,0.10175185912808975,,FALSE
Cluster_4034,Cluster_15329,Apul-Peve,0.7503837887818222,,FALSE
Cluster_4036,Cluster_27,Apul-Peve,0.7343622744935039,,FALSE
Cluster_4036,Cluster_491,Apul-Peve,-0.3489069970279186,,FALSE
Cluster_4036,Cluster_661,Apul-Peve,0.1468230723065063,,FALSE
Cluster_4036,Cluster_670,Apul-Peve,-0.01712096008706395,,FALSE
Cluster_4036,Cluster_981,Apul-Peve,-0.00409941049949858,,FALSE
Cluster_4036,Cluster_1004,Apul-Peve,0.04053699101100242,,FALSE
Cluster_4036,Cluster_2392,Apul-Peve,-0.3684315244563854,,FALSE
Cluster_4036,Cluster_2454,Apul-Peve,-0.6911502497034356,,FALSE
Cluster_4036,Cluster_2478,Apul-Peve,0.06881352988242306,,FALSE
Cluster_4036,Cluster_3165,Apul-Peve,0.2400258429601021,,FALSE
Cluster_4036,Cluster_3380,Apul-Peve,-0.7029772027942021,,FALSE
Cluster_4036,Cluster_3652,Apul-Peve,0.21129179936756093,,FALSE
Cluster_4036,Cluster_3653,Apul-Peve,-0.601851507527099,,FALSE
Cluster_4036,Cluster_3672,Apul-Peve,-0.33303555113446137,,FALSE
Cluster_4036,Cluster_3676,Apul-Peve,0.3664091691611351,,FALSE
Cluster_4036,Cluster_4160,Apul-Peve,0.045643225397357365,,FALSE
Cluster_4036,Cluster_4161,Apul-Peve,0.5572439953368357,,FALSE
Cluster_4036,Cluster_4229,Apul-Peve,0.10856994256389399,,FALSE
Cluster_4036,Cluster_4247,Apul-Peve,-0.5771424115522216,,FALSE
Cluster_4036,Cluster_4968,Apul-Peve,-0.7612239031889816,,FALSE
Cluster_4036,Cluster_5058,Apul-Peve,-0.03381833165107052,,FALSE
Cluster_4036,Cluster_5257,Apul-Peve,-0.7928307326262161,,FALSE
Cluster_4036,Cluster_5613,Apul-Peve,0.2799818764487383,,FALSE
Cluster_4036,Cluster_6099,Apul-Peve,0.2753192840534634,,FALSE
Cluster_4036,Cluster_6234,Apul-Peve,0.4099866537587166,,FALSE
Cluster_4036,Cluster_6235,Apul-Peve,-0.7134738010045222,,FALSE
Cluster_4036,Cluster_6236,Apul-Peve,-0.6062246317841588,,FALSE
Cluster_4036,Cluster_6242,Apul-Peve,-0.18842642082436978,,FALSE
Cluster_4036,Cluster_6356,Apul-Peve,-0.25031794911777044,,FALSE
Cluster_4036,Cluster_6918,Apul-Peve,-0.7429567816826022,,FALSE
Cluster_4036,Cluster_6919,Apul-Peve,-0.11211435372456001,,FALSE
Cluster_4036,Cluster_7882,Apul-Peve,0.5112359442660587,,FALSE
Cluster_4036,Cluster_8071,Apul-Peve,0.7279330288147796,,FALSE
Cluster_4036,Cluster_8074,Apul-Peve,-0.4051703904930856,,FALSE
Cluster_4036,Cluster_8075,Apul-Peve,0.9271399859959999,,FALSE
Cluster_4036,Cluster_8147,Apul-Peve,-0.4049010248554137,,FALSE
Cluster_4036,Cluster_9149,Apul-Peve,-0.41774787243521816,,FALSE
Cluster_4036,Cluster_9196,Apul-Peve,-0.38845935666839776,,FALSE
Cluster_4036,Cluster_9197,Apul-Peve,0.542652641942407,,FALSE
Cluster_4036,Cluster_9535,Apul-Peve,0.763926504933595,,FALSE
Cluster_4036,Cluster_10059,Apul-Peve,-0.006275960632649088,,FALSE
Cluster_4036,Cluster_10229,Apul-Peve,0.0768571081351767,,FALSE
Cluster_4036,Cluster_11004,Apul-Peve,-0.7343374193521739,,FALSE
Cluster_4036,Cluster_11615,Apul-Peve,0.7691124912644436,,FALSE
Cluster_4036,Cluster_13926,Apul-Peve,0.61817791401556,,FALSE
Cluster_4036,Cluster_14602,Apul-Peve,0.3911894111285621,,FALSE
Cluster_4036,Cluster_14747,Apul-Peve,-0.5262148924041086,,FALSE
Cluster_4036,Cluster_15329,Apul-Peve,0.32925400185361253,,FALSE
Cluster_4752,Cluster_27,Apul-Peve,-0.8432575142858344,,FALSE
Cluster_4752,Cluster_491,Apul-Peve,0.1312021241853749,,FALSE
Cluster_4752,Cluster_661,Apul-Peve,-0.892416331431002,,FALSE
Cluster_4752,Cluster_670,Apul-Peve,-0.3942463376395834,,FALSE
Cluster_4752,Cluster_981,Apul-Peve,0.5406824564264059,,FALSE
Cluster_4752,Cluster_1004,Apul-Peve,-0.32630617561181074,,FALSE
Cluster_4752,Cluster_2392,Apul-Peve,-0.19300425941740895,,FALSE
Cluster_4752,Cluster_2454,Apul-Peve,0.12151784817092635,,FALSE
Cluster_4752,Cluster_2478,Apul-Peve,-0.5965817995600515,,FALSE
Cluster_4752,Cluster_3165,Apul-Peve,-0.5684302058345626,,FALSE
Cluster_4752,Cluster_3380,Apul-Peve,0.08298405573627655,,FALSE
Cluster_4752,Cluster_3652,Apul-Peve,-0.6962284051185316,,FALSE
Cluster_4752,Cluster_3653,Apul-Peve,0.09330010815147603,,FALSE
Cluster_4752,Cluster_3672,Apul-Peve,-0.3201326376323926,,FALSE
Cluster_4752,Cluster_3676,Apul-Peve,-0.3406470678863207,,FALSE
Cluster_4752,Cluster_4160,Apul-Peve,-0.24668362522798895,,FALSE
Cluster_4752,Cluster_4161,Apul-Peve,0.37208909464639256,,FALSE
Cluster_4752,Cluster_4229,Apul-Peve,-0.33469981895145207,,FALSE
Cluster_4752,Cluster_4247,Apul-Peve,0.010936244817014435,,FALSE
Cluster_4752,Cluster_4968,Apul-Peve,0.4183160573736033,,FALSE
Cluster_4752,Cluster_5058,Apul-Peve,-0.2535978004319529,,FALSE
Cluster_4752,Cluster_5257,Apul-Peve,0.8994168723250041,,FALSE
Cluster_4752,Cluster_5613,Apul-Peve,-0.5029469717587497,,FALSE
Cluster_4752,Cluster_6099,Apul-Peve,-0.27451327017980076,,FALSE
Cluster_4752,Cluster_6234,Apul-Peve,0.216995917019443,,FALSE
Cluster_4752,Cluster_6235,Apul-Peve,0.5074199236057864,,FALSE
Cluster_4752,Cluster_6236,Apul-Peve,-0.06271870128157135,,FALSE
Cluster_4752,Cluster_6242,Apul-Peve,0.00733438453078152,miR-2023,TRUE
Cluster_4752,Cluster_6356,Apul-Peve,0.6608905037900542,,FALSE
Cluster_4752,Cluster_6918,Apul-Peve,-0.12660575241347052,,FALSE
Cluster_4752,Cluster_6919,Apul-Peve,-0.07952620347040945,,FALSE
Cluster_4752,Cluster_7882,Apul-Peve,-0.4804433647911488,,FALSE
Cluster_4752,Cluster_8071,Apul-Peve,-0.4401491391236052,,FALSE
Cluster_4752,Cluster_8074,Apul-Peve,0.9075359659508875,,FALSE
Cluster_4752,Cluster_8075,Apul-Peve,-0.6176114750802938,,FALSE
Cluster_4752,Cluster_8147,Apul-Peve,0.5852507282488705,,FALSE
Cluster_4752,Cluster_9149,Apul-Peve,-0.41951457927386243,,FALSE
Cluster_4752,Cluster_9196,Apul-Peve,-0.49447965595797205,,FALSE
Cluster_4752,Cluster_9197,Apul-Peve,0.39124169795253777,,FALSE
Cluster_4752,Cluster_9535,Apul-Peve,0.09109682129845853,,FALSE
Cluster_4752,Cluster_10059,Apul-Peve,-0.3784596743652018,,FALSE
Cluster_4752,Cluster_10229,Apul-Peve,-0.36844719084151084,,FALSE
Cluster_4752,Cluster_11004,Apul-Peve,0.4788134585747576,,FALSE
Cluster_4752,Cluster_11615,Apul-Peve,0.07052835153785927,,FALSE
Cluster_4752,Cluster_13926,Apul-Peve,-0.6427805345854264,,FALSE
Cluster_4752,Cluster_14602,Apul-Peve,0.22217790635061205,,FALSE
Cluster_4752,Cluster_14747,Apul-Peve,0.8505828720257597,,FALSE
Cluster_4752,Cluster_15329,Apul-Peve,-0.4793906235448039,,FALSE
Cluster_4754,Cluster_27,Apul-Peve,-0.354423438219177,,FALSE
Cluster_4754,Cluster_491,Apul-Peve,0.7725398122271775,,FALSE
Cluster_4754,Cluster_661,Apul-Peve,0.06232512501177553,,FALSE
Cluster_4754,Cluster_670,Apul-Peve,0.5053541689479396,,FALSE
Cluster_4754,Cluster_981,Apul-Peve,-0.4502637643248914,,FALSE
Cluster_4754,Cluster_1004,Apul-Peve,0.4695125505604006,,FALSE
Cluster_4754,Cluster_2392,Apul-Peve,0.768175693989385,,FALSE
Cluster_4754,Cluster_2454,Apul-Peve,0.9536873800258987,,FALSE
Cluster_4754,Cluster_2478,Apul-Peve,0.3854278591922139,,FALSE
Cluster_4754,Cluster_3165,Apul-Peve,0.260844755762359,,FALSE
Cluster_4754,Cluster_3380,Apul-Peve,0.34958879194990045,,FALSE
Cluster_4754,Cluster_3652,Apul-Peve,-0.4387273110089672,,FALSE
Cluster_4754,Cluster_3653,Apul-Peve,0.9207454300116847,,FALSE
Cluster_4754,Cluster_3672,Apul-Peve,0.7147025924024015,,FALSE
Cluster_4754,Cluster_3676,Apul-Peve,-0.7501805013297654,,FALSE
Cluster_4754,Cluster_4160,Apul-Peve,0.4697593795478243,,FALSE
Cluster_4754,Cluster_4161,Apul-Peve,-0.6174680276017963,,FALSE
Cluster_4754,Cluster_4229,Apul-Peve,0.4106949071058308,,FALSE
Cluster_4754,Cluster_4247,Apul-Peve,0.9003302590218049,,FALSE
Cluster_4754,Cluster_4968,Apul-Peve,0.9776146768503072,,FALSE
Cluster_4754,Cluster_5058,Apul-Peve,0.5360765420236072,,FALSE
Cluster_4754,Cluster_5257,Apul-Peve,0.4862725346234978,,FALSE
Cluster_4754,Cluster_5613,Apul-Peve,0.23726221440074263,,FALSE
Cluster_4754,Cluster_6099,Apul-Peve,-0.6910039060767871,,FALSE
Cluster_4754,Cluster_6234,Apul-Peve,-0.05174407559144637,,FALSE
Cluster_4754,Cluster_6235,Apul-Peve,0.2568936022881709,,FALSE
Cluster_4754,Cluster_6236,Apul-Peve,0.8912392024965461,,FALSE
Cluster_4754,Cluster_6242,Apul-Peve,0.6596512913378223,,FALSE
Cluster_4754,Cluster_6356,Apul-Peve,-0.22425189463994713,,FALSE
Cluster_4754,Cluster_6918,Apul-Peve,0.6498310244111578,,FALSE
Cluster_4754,Cluster_6919,Apul-Peve,-0.3686323665526493,,FALSE
Cluster_4754,Cluster_7882,Apul-Peve,-0.8222118649558047,,FALSE
Cluster_4754,Cluster_8071,Apul-Peve,-0.9611132684849646,,FALSE
Cluster_4754,Cluster_8074,Apul-Peve,0.05245623274329954,,FALSE
Cluster_4754,Cluster_8075,Apul-Peve,-0.9598962783737732,,FALSE
Cluster_4754,Cluster_8147,Apul-Peve,-0.10239693336421565,,FALSE
Cluster_4754,Cluster_9149,Apul-Peve,0.6759945938703986,,FALSE
Cluster_4754,Cluster_9196,Apul-Peve,0.27169542224006804,,FALSE
Cluster_4754,Cluster_9197,Apul-Peve,-0.5541766439531233,,FALSE
Cluster_4754,Cluster_9535,Apul-Peve,-0.8071546926362677,,FALSE
Cluster_4754,Cluster_10059,Apul-Peve,-0.3800887152154292,,FALSE
Cluster_4754,Cluster_10229,Apul-Peve,0.4348677988731135,,FALSE
Cluster_4754,Cluster_11004,Apul-Peve,0.28785567798717293,,FALSE
Cluster_4754,Cluster_11615,Apul-Peve,-0.631996517429022,,FALSE
Cluster_4754,Cluster_13926,Apul-Peve,-0.1423226965477965,,FALSE
Cluster_4754,Cluster_14602,Apul-Peve,-0.02746812985232887,,FALSE
Cluster_4754,Cluster_14747,Apul-Peve,0.11417122882174512,,FALSE
Cluster_4754,Cluster_15329,Apul-Peve,-0.6748617563309773,,FALSE
Cluster_5516,Cluster_27,Apul-Peve,0.7753813012332931,,FALSE
Cluster_5516,Cluster_491,Apul-Peve,0.25756472915554185,,FALSE
Cluster_5516,Cluster_661,Apul-Peve,0.9864708203686275,,FALSE
Cluster_5516,Cluster_670,Apul-Peve,0.697568700583622,,FALSE
Cluster_5516,Cluster_981,Apul-Peve,-0.8217847242836778,,FALSE
Cluster_5516,Cluster_1004,Apul-Peve,0.6138648965304935,,FALSE
Cluster_5516,Cluster_2392,Apul-Peve,0.5908530939360623,,FALSE
Cluster_5516,Cluster_2454,Apul-Peve,0.32558972749537485,,FALSE
Cluster_5516,Cluster_2478,Apul-Peve,0.8517232494655022,,FALSE
Cluster_5516,Cluster_3165,Apul-Peve,0.7739881352694098,,FALSE
Cluster_5516,Cluster_3380,Apul-Peve,0.019519164452311173,,FALSE
Cluster_5516,Cluster_3652,Apul-Peve,0.5043566871397549,,FALSE
Cluster_5516,Cluster_3653,Apul-Peve,0.34810176653555613,,FALSE
Cluster_5516,Cluster_3672,Apul-Peve,0.6977232256364734,,FALSE
Cluster_5516,Cluster_3676,Apul-Peve,-0.02388549160089621,,FALSE
Cluster_5516,Cluster_4160,Apul-Peve,0.5315824558307419,,FALSE
Cluster_5516,Cluster_4161,Apul-Peve,-0.6666892424195715,,FALSE
Cluster_5516,Cluster_4229,Apul-Peve,0.598097063686185,,FALSE
Cluster_5516,Cluster_4247,Apul-Peve,0.4256961682765676,,FALSE
Cluster_5516,Cluster_4968,Apul-Peve,0.020171532947318487,,FALSE
Cluster_5516,Cluster_5058,Apul-Peve,0.5660886432715263,,FALSE
Cluster_5516,Cluster_5257,Apul-Peve,-0.7665219642066149,,FALSE
Cluster_5516,Cluster_5613,Apul-Peve,0.6974931540570579,,FALSE
Cluster_5516,Cluster_6099,Apul-Peve,-0.07123778195004478,,FALSE
Cluster_5516,Cluster_6234,Apul-Peve,-0.20155634504427125,,FALSE
Cluster_5516,Cluster_6235,Apul-Peve,-0.47774982455214926,,FALSE
Cluster_5516,Cluster_6236,Apul-Peve,0.49351940549675116,,FALSE
Cluster_5516,Cluster_6242,Apul-Peve,0.34373904797995203,,FALSE
Cluster_5516,Cluster_6356,Apul-Peve,-0.8509740000821912,,FALSE
Cluster_5516,Cluster_6918,Apul-Peve,0.4042844495172249,,FALSE
Cluster_5516,Cluster_6919,Apul-Peve,-0.14224124444484385,,FALSE
Cluster_5516,Cluster_7882,Apul-Peve,0.10014882376580372,,FALSE
Cluster_5516,Cluster_8071,Apul-Peve,0.007610575524053413,,FALSE
Cluster_5516,Cluster_8074,Apul-Peve,-0.9710624722930544,,FALSE
Cluster_5516,Cluster_8075,Apul-Peve,0.21997623502005884,,FALSE
Cluster_5516,Cluster_8147,Apul-Peve,-0.723024211448634,,FALSE
Cluster_5516,Cluster_9149,Apul-Peve,0.7681093540552298,,FALSE
Cluster_5516,Cluster_9196,Apul-Peve,0.6195337893489605,,FALSE
Cluster_5516,Cluster_9197,Apul-Peve,-0.6525004101394039,,FALSE
Cluster_5516,Cluster_9535,Apul-Peve,-0.45421297776873065,,FALSE
Cluster_5516,Cluster_10059,Apul-Peve,0.1772714649396942,,FALSE
Cluster_5516,Cluster_10229,Apul-Peve,0.6429011734755835,,FALSE
Cluster_5516,Cluster_11004,Apul-Peve,-0.4329963151121146,,FALSE
Cluster_5516,Cluster_11615,Apul-Peve,-0.3321064533710933,,FALSE
Cluster_5516,Cluster_13926,Apul-Peve,0.671746751865845,,FALSE
Cluster_5516,Cluster_14602,Apul-Peve,-0.1956084636930175,,FALSE
Cluster_5516,Cluster_14747,Apul-Peve,-0.8924795335292967,,FALSE
Cluster_5516,Cluster_15329,Apul-Peve,0.15896493193424863,,FALSE
Cluster_5517,Cluster_27,Apul-Peve,-0.4384401892771073,,FALSE
Cluster_5517,Cluster_491,Apul-Peve,0.7385417686754389,,FALSE
Cluster_5517,Cluster_661,Apul-Peve,-0.0324691923471287,,FALSE
Cluster_5517,Cluster_670,Apul-Peve,0.4286457253751586,,FALSE
Cluster_5517,Cluster_981,Apul-Peve,-0.3634212091919504,,FALSE
Cluster_5517,Cluster_1004,Apul-Peve,0.399313865950586,,FALSE
Cluster_5517,Cluster_2392,Apul-Peve,0.7053377055686366,,FALSE
Cluster_5517,Cluster_2454,Apul-Peve,0.9201573390227182,,FALSE
Cluster_5517,Cluster_2478,Apul-Peve,0.2956107501888785,,FALSE
Cluster_5517,Cluster_3165,Apul-Peve,0.17570642083279917,,FALSE
Cluster_5517,Cluster_3380,Apul-Peve,0.3619240628134508,,FALSE
Cluster_5517,Cluster_3652,Apul-Peve,-0.47777141301531906,,FALSE
Cluster_5517,Cluster_3653,Apul-Peve,0.8830789773761493,,FALSE
Cluster_5517,Cluster_3672,Apul-Peve,0.642728760224795,,FALSE
Cluster_5517,Cluster_3676,Apul-Peve,-0.7382617988887771,,FALSE
Cluster_5517,Cluster_4160,Apul-Peve,0.40669575214973963,,FALSE
Cluster_5517,Cluster_4161,Apul-Peve,-0.5590384247607741,,FALSE
Cluster_5517,Cluster_4229,Apul-Peve,0.3412908103276988,,FALSE
Cluster_5517,Cluster_4247,Apul-Peve,0.8555101189680772,,FALSE
Cluster_5517,Cluster_4968,Apul-Peve,0.9729920518112293,,FALSE
Cluster_5517,Cluster_5058,Apul-Peve,0.4707250400700143,,FALSE
Cluster_5517,Cluster_5257,Apul-Peve,0.5675720952641323,,FALSE
Cluster_5517,Cluster_5613,Apul-Peve,0.15824234651629007,,FALSE
Cluster_5517,Cluster_6099,Apul-Peve,-0.6734670063718007,,FALSE
Cluster_5517,Cluster_6234,Apul-Peve,-0.04660521140045141,,FALSE
Cluster_5517,Cluster_6235,Apul-Peve,0.3166376154469987,,FALSE
Cluster_5517,Cluster_6236,Apul-Peve,0.8416767785119491,,FALSE
Cluster_5517,Cluster_6242,Apul-Peve,0.6157708495815218,,FALSE
Cluster_5517,Cluster_6356,Apul-Peve,-0.13300669546512697,,FALSE
Cluster_5517,Cluster_6918,Apul-Peve,0.6202762883636358,,FALSE
Cluster_5517,Cluster_6919,Apul-Peve,-0.3409335989717342,,FALSE
Cluster_5517,Cluster_7882,Apul-Peve,-0.8242282656716698,,FALSE
Cluster_5517,Cluster_8071,Apul-Peve,-0.9582945893629106,,FALSE
Cluster_5517,Cluster_8074,Apul-Peve,0.15146406328947745,,FALSE
Cluster_5517,Cluster_8075,Apul-Peve,-0.9829852687860438,,FALSE
Cluster_5517,Cluster_8147,Apul-Peve,-0.020798485749941437,,FALSE
Cluster_5517,Cluster_9149,Apul-Peve,0.6018914683944164,,FALSE
Cluster_5517,Cluster_9196,Apul-Peve,0.2219790930098898,,FALSE
Cluster_5517,Cluster_9197,Apul-Peve,-0.49840729172455295,,FALSE
Cluster_5517,Cluster_9535,Apul-Peve,-0.7691472839011869,,FALSE
Cluster_5517,Cluster_10059,Apul-Peve,-0.38417983882797047,,FALSE
Cluster_5517,Cluster_10229,Apul-Peve,0.36185857611458366,,FALSE
Cluster_5517,Cluster_11004,Apul-Peve,0.34341444383106445,,FALSE
Cluster_5517,Cluster_11615,Apul-Peve,-0.6103176763341103,,FALSE
Cluster_5517,Cluster_13926,Apul-Peve,-0.21944643847317666,,FALSE
Cluster_5517,Cluster_14602,Apul-Peve,-0.022932401570021115,,FALSE
Cluster_5517,Cluster_14747,Apul-Peve,0.20856414478166704,,FALSE
Cluster_5517,Cluster_15329,Apul-Peve,-0.6801830508198867,,FALSE
Cluster_5603,Cluster_27,Apul-Peve,-0.831675105484004,,FALSE
Cluster_5603,Cluster_491,Apul-Peve,-0.019535688251034432,,FALSE
Cluster_5603,Cluster_661,Apul-Peve,-0.9547390649532506,,FALSE
Cluster_5603,Cluster_670,Apul-Peve,-0.5234520742283278,,FALSE
Cluster_5603,Cluster_981,Apul-Peve,0.665747248738733,,FALSE
Cluster_5603,Cluster_1004,Apul-Peve,-0.4462651643349434,,FALSE
Cluster_5603,Cluster_2392,Apul-Peve,-0.3580557645837337,,FALSE
Cluster_5603,Cluster_2454,Apul-Peve,-0.0578778054230224,,FALSE
Cluster_5603,Cluster_2478,Apul-Peve,-0.7123797351095493,,FALSE
Cluster_5603,Cluster_3165,Apul-Peve,-0.661326796991795,,FALSE
Cluster_5603,Cluster_3380,Apul-Peve,0.03408572107265733,,FALSE
Cluster_5603,Cluster_3652,Apul-Peve,-0.641586273394986,,FALSE
Cluster_5603,Cluster_3653,Apul-Peve,-0.08325720954164717,,FALSE
Cluster_5603,Cluster_3672,Apul-Peve,-0.48092074345841995,,FALSE
Cluster_5603,Cluster_3676,Apul-Peve,-0.2056607455936876,,FALSE
Cluster_5603,Cluster_4160,Apul-Peve,-0.3629573918489842,,FALSE
Cluster_5603,Cluster_4161,Apul-Peve,0.5067151925448043,,FALSE
Cluster_5603,Cluster_4229,Apul-Peve,-0.4444850917012858,,FALSE
Cluster_5603,Cluster_4247,Apul-Peve,-0.1660270996490477,,FALSE
Cluster_5603,Cluster_4968,Apul-Peve,0.2505979331939562,,FALSE
Cluster_5603,Cluster_5058,Apul-Peve,-0.3820548645953431,,FALSE
Cluster_5603,Cluster_5257,Apul-Peve,0.8637300059297164,,FALSE
Cluster_5603,Cluster_5613,Apul-Peve,-0.5888064894837701,,FALSE
Cluster_5603,Cluster_6099,Apul-Peve,-0.14617633180623746,,FALSE
Cluster_5603,Cluster_6234,Apul-Peve,0.22530131831053257,,FALSE
Cluster_5603,Cluster_6235,Apul-Peve,0.4999634987240678,,FALSE
Cluster_5603,Cluster_6236,Apul-Peve,-0.2403433044631864,,FALSE
Cluster_5603,Cluster_6242,Apul-Peve,-0.1301635972664741,,FALSE
Cluster_5603,Cluster_6356,Apul-Peve,0.7506738523626928,,FALSE
Cluster_5603,Cluster_6918,Apul-Peve,-0.2500655918793638,,FALSE
Cluster_5603,Cluster_6919,Apul-Peve,8.492766690553584e-4,,FALSE
Cluster_5603,Cluster_7882,Apul-Peve,-0.3414051823247884,,FALSE
Cluster_5603,Cluster_8071,Apul-Peve,-0.27599975991302994,,FALSE
Cluster_5603,Cluster_8074,Apul-Peve,0.9541255166968653,,FALSE
Cluster_5603,Cluster_8075,Apul-Peve,-0.469075371310713,,FALSE
Cluster_5603,Cluster_8147,Apul-Peve,0.6498434793861194,,FALSE
Cluster_5603,Cluster_9149,Apul-Peve,-0.5739030247399047,,FALSE
Cluster_5603,Cluster_9196,Apul-Peve,-0.5651848779868521,,FALSE
Cluster_5603,Cluster_9197,Apul-Peve,0.5134649450431632,,FALSE
Cluster_5603,Cluster_9535,Apul-Peve,0.2464900566965057,,FALSE
Cluster_5603,Cluster_10059,Apul-Peve,-0.31378258885255245,,FALSE
Cluster_5603,Cluster_10229,Apul-Peve,-0.48411493490076896,,FALSE
Cluster_5603,Cluster_11004,Apul-Peve,0.46388220088916776,,FALSE
Cluster_5603,Cluster_11615,Apul-Peve,0.18646702727611225,,FALSE
Cluster_5603,Cluster_13926,Apul-Peve,-0.6638297888126606,,FALSE
Cluster_5603,Cluster_14602,Apul-Peve,0.22605947807830074,,FALSE
Cluster_5603,Cluster_14747,Apul-Peve,0.8849228506492379,,FALSE
Cluster_5603,Cluster_15329,Apul-Peve,-0.3664358479060363,,FALSE
Cluster_5685,Cluster_27,Apul-Peve,0.4845562960296832,,FALSE
Cluster_5685,Cluster_491,Apul-Peve,0.9454647642625678,,FALSE
Cluster_5685,Cluster_661,Apul-Peve,0.28646559088917334,,FALSE
Cluster_5685,Cluster_670,Apul-Peve,0.9359202732016891,,FALSE
Cluster_5685,Cluster_981,Apul-Peve,-0.8477637800207637,,FALSE
Cluster_5685,Cluster_1004,Apul-Peve,0.9720460160575155,,FALSE
Cluster_5685,Cluster_2392,Apul-Peve,0.8687996474457994,,FALSE
Cluster_5685,Cluster_2454,Apul-Peve,0.7092894913543173,,FALSE
Cluster_5685,Cluster_2478,Apul-Peve,0.8254305951247577,,FALSE
Cluster_5685,Cluster_3165,Apul-Peve,0.8783461090628705,,FALSE
Cluster_5685,Cluster_3380,Apul-Peve,-0.5191581163044243,,FALSE
Cluster_5685,Cluster_3652,Apul-Peve,-0.5791551269325158,,FALSE
Cluster_5685,Cluster_3653,Apul-Peve,0.7962351925737061,,FALSE
Cluster_5685,Cluster_3672,Apul-Peve,0.8105803834686758,,FALSE
Cluster_5685,Cluster_3676,Apul-Peve,-0.8923607953525804,,FALSE
Cluster_5685,Cluster_4160,Apul-Peve,0.98977243427781,,FALSE
Cluster_5685,Cluster_4161,Apul-Peve,-0.2208348682598519,,FALSE
Cluster_5685,Cluster_4229,Apul-Peve,0.9724626633088127,,FALSE
Cluster_5685,Cluster_4247,Apul-Peve,0.789965599326502,,FALSE
Cluster_5685,Cluster_4968,Apul-Peve,0.6660003068966993,,FALSE
Cluster_5685,Cluster_5058,Apul-Peve,0.9827898674480899,,FALSE
Cluster_5685,Cluster_5257,Apul-Peve,-0.31777704085074304,,FALSE
Cluster_5685,Cluster_5613,Apul-Peve,0.9078093287030895,,FALSE
Cluster_5685,Cluster_6099,Apul-Peve,-0.9261760577137339,,FALSE
Cluster_5685,Cluster_6234,Apul-Peve,0.6337574387583059,,FALSE
Cluster_5685,Cluster_6235,Apul-Peve,-0.6777007601926371,,FALSE
Cluster_5685,Cluster_6236,Apul-Peve,0.7134771738988303,,FALSE
Cluster_5685,Cluster_6242,Apul-Peve,0.9870677970944834,,FALSE
Cluster_5685,Cluster_6356,Apul-Peve,-0.8136686359322832,,FALSE
Cluster_5685,Cluster_6918,Apul-Peve,-0.01244666566395373,,FALSE
Cluster_5685,Cluster_6919,Apul-Peve,-0.9382056949158367,,FALSE
Cluster_5685,Cluster_7882,Apul-Peve,-0.798275367140287,,FALSE
Cluster_5685,Cluster_8071,Apul-Peve,-0.6933923753900945,,FALSE
Cluster_5685,Cluster_8074,Apul-Peve,-0.5061580716115498,,FALSE
Cluster_5685,Cluster_8075,Apul-Peve,-0.3625647562217528,,FALSE
Cluster_5685,Cluster_8147,Apul-Peve,-0.8480290121641794,,FALSE
Cluster_5685,Cluster_9149,Apul-Peve,0.5754783575782639,,FALSE
Cluster_5685,Cluster_9196,Apul-Peve,-0.18701987403782314,,FALSE
Cluster_5685,Cluster_9197,Apul-Peve,-0.11812165868450868,,FALSE
Cluster_5685,Cluster_9535,Apul-Peve,-0.2682513092764011,,FALSE
Cluster_5685,Cluster_10059,Apul-Peve,-0.8079915888110762,,FALSE
Cluster_5685,Cluster_10229,Apul-Peve,0.9618585996868355,,FALSE
Cluster_5685,Cluster_11004,Apul-Peve,-0.6553394249960413,,FALSE
Cluster_5685,Cluster_11615,Apul-Peve,0.08767189169017439,,FALSE
Cluster_5685,Cluster_13926,Apul-Peve,0.7258397208334842,,FALSE
Cluster_5685,Cluster_14602,Apul-Peve,0.6499336360362022,,FALSE
Cluster_5685,Cluster_14747,Apul-Peve,-0.5999847199355065,,FALSE
Cluster_5685,Cluster_15329,Apul-Peve,-0.8215223510558601,,FALSE
Cluster_9366,Cluster_27,Apul-Peve,-0.8525531863155953,,FALSE
Cluster_9366,Cluster_491,Apul-Peve,0.34116390455325263,,FALSE
Cluster_9366,Cluster_661,Apul-Peve,-0.63808721560879,,FALSE
Cluster_9366,Cluster_670,Apul-Peve,-0.1639040292290496,,FALSE
Cluster_9366,Cluster_981,Apul-Peve,0.2807767941411235,,FALSE
Cluster_9366,Cluster_1004,Apul-Peve,-0.14086189655777728,,FALSE
Cluster_9366,Cluster_2392,Apul-Peve,0.1244778465177594,,FALSE
Cluster_9366,Cluster_2454,Apul-Peve,0.4667868430659837,,FALSE
Cluster_9366,Cluster_2478,Apul-Peve,-0.35001468538285546,,FALSE
Cluster_9366,Cluster_3165,Apul-Peve,-0.40369698959387074,,FALSE
Cluster_9366,Cluster_3380,Apul-Peve,0.3237891908699648,,FALSE
Cluster_9366,Cluster_3652,Apul-Peve,-0.6218419889604246,,FALSE
Cluster_9366,Cluster_3653,Apul-Peve,0.4158679353603057,,FALSE
Cluster_9366,Cluster_3672,Apul-Peve,0.01711984576341084,,FALSE
Cluster_9366,Cluster_3676,Apul-Peve,-0.4846147407219111,,FALSE
Cluster_9366,Cluster_4160,Apul-Peve,-0.08789690074141744,,FALSE
Cluster_9366,Cluster_4161,Apul-Peve,-0.025386044807042984,,FALSE
Cluster_9366,Cluster_4229,Apul-Peve,-0.17740909378034042,,FALSE
Cluster_9366,Cluster_4247,Apul-Peve,0.34864018353912196,,FALSE
Cluster_9366,Cluster_4968,Apul-Peve,0.6938466445988354,,FALSE
Cluster_9366,Cluster_5058,Apul-Peve,-0.057095250091427775,,FALSE
Cluster_9366,Cluster_5257,Apul-Peve,0.9335260800936629,,FALSE
Cluster_9366,Cluster_5613,Apul-Peve,-0.37491837571148423,,FALSE
Cluster_9366,Cluster_6099,Apul-Peve,-0.4020977109610034,,FALSE
Cluster_9366,Cluster_6234,Apul-Peve,0.022550877542414877,,FALSE
Cluster_9366,Cluster_6235,Apul-Peve,0.598052932928718,,FALSE
Cluster_9366,Cluster_6236,Apul-Peve,0.30473407084322107,,FALSE
Cluster_9366,Cluster_6242,Apul-Peve,0.18905159077911257,,FALSE
Cluster_9366,Cluster_6356,Apul-Peve,0.4769766002418856,,FALSE
Cluster_9366,Cluster_6918,Apul-Peve,0.25161276815644085,,FALSE
Cluster_9366,Cluster_6919,Apul-Peve,-0.09599613502273448,,FALSE
Cluster_9366,Cluster_7882,Apul-Peve,-0.6350807911711313,,FALSE
Cluster_9366,Cluster_8071,Apul-Peve,-0.6961100046818427,,FALSE
Cluster_9366,Cluster_8074,Apul-Peve,0.7438636271695959,,FALSE
Cluster_9366,Cluster_8075,Apul-Peve,-0.8730275028711366,,FALSE
Cluster_9366,Cluster_8147,Apul-Peve,0.49302413426103353,,FALSE
Cluster_9366,Cluster_9149,Apul-Peve,-0.03458814918541736,,FALSE
Cluster_9366,Cluster_9196,Apul-Peve,-0.1743215332279715,,FALSE
Cluster_9366,Cluster_9197,Apul-Peve,0.00436566079810959,,FALSE
Cluster_9366,Cluster_9535,Apul-Peve,-0.3130052382055375,,FALSE
Cluster_9366,Cluster_10059,Apul-Peve,-0.332093423864117,,FALSE
Cluster_9366,Cluster_10229,Apul-Peve,-0.1867250132220303,,FALSE
Cluster_9366,Cluster_11004,Apul-Peve,0.5905441774261083,,FALSE
Cluster_9366,Cluster_11615,Apul-Peve,-0.2937043992534407,,FALSE
Cluster_9366,Cluster_13926,Apul-Peve,-0.640891631412776,,FALSE
Cluster_9366,Cluster_14602,Apul-Peve,0.03619731358713422,,FALSE
Cluster_9366,Cluster_14747,Apul-Peve,0.7512871535792822,,FALSE
Cluster_9366,Cluster_15329,Apul-Peve,-0.553911205397017,,FALSE
Cluster_9380,Cluster_27,Apul-Peve,-0.8360694018925736,,FALSE
Cluster_9380,Cluster_491,Apul-Peve,0.10996050110011708,,FALSE
Cluster_9380,Cluster_661,Apul-Peve,-0.21342385991514568,,FALSE
Cluster_9380,Cluster_670,Apul-Peve,-0.21193598773483568,,FALSE
Cluster_9380,Cluster_981,Apul-Peve,0.2111213776372696,,FALSE
Cluster_9380,Cluster_1004,Apul-Peve,-0.27712191053262053,,FALSE
Cluster_9380,Cluster_2392,Apul-Peve,0.14780448988577444,,FALSE
Cluster_9380,Cluster_2454,Apul-Peve,0.5021673357257053,,FALSE
Cluster_9380,Cluster_2478,Apul-Peve,-0.26890806532127204,,FALSE
Cluster_9380,Cluster_3165,Apul-Peve,-0.4491765459586543,,FALSE
Cluster_9380,Cluster_3380,Apul-Peve,0.8139149484654006,,FALSE
Cluster_9380,Cluster_3652,Apul-Peve,-0.06492521427172741,,FALSE
Cluster_9380,Cluster_3653,Apul-Peve,0.39364679639158767,,FALSE
Cluster_9380,Cluster_3672,Apul-Peve,0.12744732884410676,,FALSE
Cluster_9380,Cluster_3676,Apul-Peve,-0.14002513217652568,,FALSE
Cluster_9380,Cluster_4160,Apul-Peve,-0.286450945380798,,FALSE
Cluster_9380,Cluster_4161,Apul-Peve,-0.49069451259873303,,FALSE
Cluster_9380,Cluster_4229,Apul-Peve,-0.34371550133890644,,FALSE
Cluster_9380,Cluster_4247,Apul-Peve,0.37103623207291414,,FALSE
Cluster_9380,Cluster_4968,Apul-Peve,0.5812073007454791,,FALSE
Cluster_9380,Cluster_5058,Apul-Peve,-0.20708176681482712,,FALSE
Cluster_9380,Cluster_5257,Apul-Peve,0.8524547814710588,,FALSE
Cluster_9380,Cluster_5613,Apul-Peve,-0.49543310063470747,,FALSE
Cluster_9380,Cluster_6099,Apul-Peve,-0.04274025782127153,,FALSE
Cluster_9380,Cluster_6234,Apul-Peve,-0.5555876888076318,,FALSE
Cluster_9380,Cluster_6235,Apul-Peve,0.8628795005192943,,FALSE
Cluster_9380,Cluster_6236,Apul-Peve,0.41815702741280497,,FALSE
Cluster_9380,Cluster_6242,Apul-Peve,-0.057041984707937754,,FALSE
Cluster_9380,Cluster_6356,Apul-Peve,0.44342307255812297,,FALSE
Cluster_9380,Cluster_6918,Apul-Peve,0.7291863697385169,,FALSE
Cluster_9380,Cluster_6919,Apul-Peve,0.33884378436599,,FALSE
Cluster_9380,Cluster_7882,Apul-Peve,-0.30455158138112937,,FALSE
Cluster_9380,Cluster_8071,Apul-Peve,-0.5419748065589272,,FALSE
Cluster_9380,Cluster_8074,Apul-Peve,0.5196045364919292,,FALSE
Cluster_9380,Cluster_8075,Apul-Peve,-0.8174975678959852,,FALSE
Cluster_9380,Cluster_8147,Apul-Peve,0.6029087260714164,,FALSE
Cluster_9380,Cluster_9149,Apul-Peve,0.2676998299006661,,FALSE
Cluster_9380,Cluster_9196,Apul-Peve,0.42540599867954115,,FALSE
Cluster_9380,Cluster_9197,Apul-Peve,-0.501534320880153,,FALSE
Cluster_9380,Cluster_9535,Apul-Peve,-0.6810865097175798,,FALSE
Cluster_9380,Cluster_10059,Apul-Peve,0.20360798104809402,,FALSE
Cluster_9380,Cluster_10229,Apul-Peve,-0.31012664350593305,,FALSE
Cluster_9380,Cluster_11004,Apul-Peve,0.8778088913731189,,FALSE
Cluster_9380,Cluster_11615,Apul-Peve,-0.7731272148329792,,FALSE
Cluster_9380,Cluster_13926,Apul-Peve,-0.781493182449632,,FALSE
Cluster_9380,Cluster_14602,Apul-Peve,-0.5411693480047328,,FALSE
Cluster_9380,Cluster_14747,Apul-Peve,0.6608406983461275,,FALSE
Cluster_9380,Cluster_15329,Apul-Peve,-0.12100965240183195,,FALSE
Cluster_9420,Cluster_27,Apul-Peve,-0.062467277717214685,,FALSE
Cluster_9420,Cluster_491,Apul-Peve,0.6963044936924955,,FALSE
Cluster_9420,Cluster_661,Apul-Peve,0.4853422354927824,,FALSE
Cluster_9420,Cluster_670,Apul-Peve,0.6514570012735201,,FALSE
Cluster_9420,Cluster_981,Apul-Peve,-0.6751908372782383,,FALSE
Cluster_9420,Cluster_1004,Apul-Peve,0.5687551808836396,,FALSE
Cluster_9420,Cluster_2392,Apul-Peve,0.8690479431779079,,FALSE
Cluster_9420,Cluster_2454,Apul-Peve,0.9519267276941089,,FALSE
Cluster_9420,Cluster_2478,Apul-Peve,0.6307995476302922,,FALSE
Cluster_9420,Cluster_3165,Apul-Peve,0.46113781451445135,,FALSE
Cluster_9420,Cluster_3380,Apul-Peve,0.451206037669894,,FALSE
Cluster_9420,Cluster_3652,Apul-Peve,-0.07069580887983333,,FALSE
Cluster_9420,Cluster_3653,Apul-Peve,0.9138962932851321,,FALSE
Cluster_9420,Cluster_3672,Apul-Peve,0.8801251876523196,,FALSE
Cluster_9420,Cluster_3676,Apul-Peve,-0.5710648678058579,,FALSE
Cluster_9420,Cluster_4160,Apul-Peve,0.525529940712953,,FALSE
Cluster_9420,Cluster_4161,Apul-Peve,-0.8842897180093531,,FALSE
Cluster_9420,Cluster_4229,Apul-Peve,0.5035953321766374,,FALSE
Cluster_9420,Cluster_4247,Apul-Peve,0.9329379137054191,,FALSE
Cluster_9420,Cluster_4968,Apul-Peve,0.8350592518532042,,FALSE
Cluster_9420,Cluster_5058,Apul-Peve,0.6083977189898603,,FALSE
Cluster_9420,Cluster_5257,Apul-Peve,0.16317913692886143,,FALSE
Cluster_9420,Cluster_5613,Apul-Peve,0.39519836461713664,,FALSE
Cluster_9420,Cluster_6099,Apul-Peve,-0.529800236594931,,FALSE
Cluster_9420,Cluster_6234,Apul-Peve,-0.2712580774298034,,FALSE
Cluster_9420,Cluster_6235,Apul-Peve,0.14947894003578774,,FALSE
Cluster_9420,Cluster_6236,Apul-Peve,0.9718714386357953,,FALSE
Cluster_9420,Cluster_6242,Apul-Peve,0.6199970636648714,,FALSE
Cluster_9420,Cluster_6356,Apul-Peve,-0.47540058513199,,FALSE
Cluster_9420,Cluster_6918,Apul-Peve,0.8333639662419614,,FALSE
Cluster_9420,Cluster_6919,Apul-Peve,-0.24737630033217714,,FALSE
Cluster_9420,Cluster_7882,Apul-Peve,-0.5992339256059552,,FALSE
Cluster_9420,Cluster_8071,Apul-Peve,-0.8001333560641616,,FALSE
Cluster_9420,Cluster_8074,Apul-Peve,-0.3232864244463033,,FALSE
Cluster_9420,Cluster_8075,Apul-Peve,-0.7596630161177904,,FALSE
Cluster_9420,Cluster_8147,Apul-Peve,-0.2875616579667931,,FALSE
Cluster_9420,Cluster_9149,Apul-Peve,0.9221044653831317,,FALSE
Cluster_9420,Cluster_9196,Apul-Peve,0.602819856029074,,FALSE
Cluster_9420,Cluster_9197,Apul-Peve,-0.8354962934588192,,FALSE
Cluster_9420,Cluster_9535,Apul-Peve,-0.9568685880041913,,FALSE
Cluster_9420,Cluster_10059,Apul-Peve,-0.12830677047512606,,FALSE
Cluster_9420,Cluster_10229,Apul-Peve,0.5510408829318366,,FALSE
Cluster_9420,Cluster_11004,Apul-Peve,0.1971445848294662,,FALSE
Cluster_9420,Cluster_11615,Apul-Peve,-0.7954015133642705,,FALSE
Cluster_9420,Cluster_13926,Apul-Peve,0.04741500997265102,,FALSE
Cluster_9420,Cluster_14602,Apul-Peve,-0.2478017697565099,,FALSE
Cluster_9420,Cluster_14747,Apul-Peve,-0.20665299775633525,,FALSE
Cluster_9420,Cluster_15329,Apul-Peve,-0.4222995793467487,,FALSE
Cluster_9512,Cluster_27,Apul-Peve,-0.7362433542357291,,FALSE
Cluster_9512,Cluster_491,Apul-Peve,0.4833848896931913,,FALSE
Cluster_9512,Cluster_661,Apul-Peve,-0.6517167946961714,,FALSE
Cluster_9512,Cluster_670,Apul-Peve,-0.02739261296986906,,FALSE
Cluster_9512,Cluster_981,Apul-Peve,0.17276022480635714,,FALSE
Cluster_9512,Cluster_1004,Apul-Peve,0.017965947718809733,,FALSE
Cluster_9512,Cluster_2392,Apul-Peve,0.21640127108729257,,FALSE
Cluster_9512,Cluster_2454,Apul-Peve,0.5121470226980152,,FALSE
Cluster_9512,Cluster_2478,Apul-Peve,-0.2423181437064188,,FALSE
Cluster_9512,Cluster_3165,Apul-Peve,-0.25765781151689143,,FALSE
Cluster_9512,Cluster_3380,Apul-Peve,0.12871932070554293,,FALSE
Cluster_9512,Cluster_3652,Apul-Peve,-0.7715341461910284,,FALSE
Cluster_9512,Cluster_3653,Apul-Peve,0.4882351820252893,,FALSE
Cluster_9512,Cluster_3672,Apul-Peve,0.09032230910025947,,FALSE
Cluster_9512,Cluster_3676,Apul-Peve,-0.6352487625835751,,FALSE
Cluster_9512,Cluster_4160,Apul-Peve,0.08311916226668045,,FALSE
Cluster_9512,Cluster_4161,Apul-Peve,0.052616777687416884,,FALSE
Cluster_9512,Cluster_4229,Apul-Peve,-0.009262325224078959,,FALSE
Cluster_9512,Cluster_4247,Apul-Peve,0.4151526449543054,,FALSE
Cluster_9512,Cluster_4968,Apul-Peve,0.7505250909519182,,FALSE
Cluster_9512,Cluster_5058,Apul-Peve,0.10010613889112567,,FALSE
Cluster_9512,Cluster_5257,Apul-Peve,0.8460954681667016,,FALSE
Cluster_9512,Cluster_5613,Apul-Peve,-0.2107089673065007,,FALSE
Cluster_9512,Cluster_6099,Apul-Peve,-0.566019797453273,,FALSE
Cluster_9512,Cluster_6234,Apul-Peve,0.2263847539728908,,FALSE
Cluster_9512,Cluster_6235,Apul-Peve,0.41400077921172307,,FALSE
Cluster_9512,Cluster_6236,Apul-Peve,0.34487550169112763,,FALSE
Cluster_9512,Cluster_6242,Apul-Peve,0.3505054703006403,,FALSE
Cluster_9512,Cluster_6356,Apul-Peve,0.35111276855336654,,FALSE
Cluster_9512,Cluster_6918,Apul-Peve,0.12628702921532034,,FALSE
Cluster_9512,Cluster_6919,Apul-Peve,-0.2999648880244873,,FALSE
Cluster_9512,Cluster_7882,Apul-Peve,-0.7603813808752992,,FALSE
Cluster_9512,Cluster_8071,Apul-Peve,-0.7651652070199444,,FALSE
Cluster_9512,Cluster_8074,Apul-Peve,0.6787274242549737,,FALSE
Cluster_9512,Cluster_8075,Apul-Peve,-0.8672445160784245,,FALSE
Cluster_9512,Cluster_8147,Apul-Peve,0.3300324754219684,,FALSE
Cluster_9512,Cluster_9149,Apul-Peve,-0.02891842317065184,,FALSE
Cluster_9512,Cluster_9196,Apul-Peve,-0.31761247797113273,,FALSE
Cluster_9512,Cluster_9197,Apul-Peve,0.10177056783244949,,FALSE
Cluster_9512,Cluster_9535,Apul-Peve,-0.24180501489837977,,FALSE
Cluster_9512,Cluster_10059,Apul-Peve,-0.5256800268139072,,FALSE
Cluster_9512,Cluster_10229,Apul-Peve,-0.028716003146792457,,FALSE
Cluster_9512,Cluster_11004,Apul-Peve,0.4047826150664766,,FALSE
Cluster_9512,Cluster_11615,Apul-Peve,-0.15578809656339698,,FALSE
Cluster_9512,Cluster_13926,Apul-Peve,-0.47544216478352214,,FALSE
Cluster_9512,Cluster_14602,Apul-Peve,0.2408592396531607,,FALSE
Cluster_9512,Cluster_14747,Apul-Peve,0.6445181876254046,,FALSE
Cluster_9512,Cluster_15329,Apul-Peve,-0.710530788936691,,FALSE
Cluster_9532,Cluster_27,Apul-Peve,-0.9354304267098666,,FALSE
Cluster_9532,Cluster_491,Apul-Peve,0.1147164508510122,,FALSE
Cluster_9532,Cluster_661,Apul-Peve,-0.7665753992345902,,FALSE
Cluster_9532,Cluster_670,Apul-Peve,-0.3961147785377564,miR-2022,TRUE
Cluster_9532,Cluster_981,Apul-Peve,0.5070495229528713,,FALSE
Cluster_9532,Cluster_1004,Apul-Peve,-0.36557549554809454,,FALSE
Cluster_9532,Cluster_2392,Apul-Peve,-0.12200834834952189,,FALSE
Cluster_9532,Cluster_2454,Apul-Peve,0.24019480884719277,,FALSE
Cluster_9532,Cluster_2478,Apul-Peve,-0.5685307168970224,,FALSE
Cluster_9532,Cluster_3165,Apul-Peve,-0.6065429374808234,,FALSE
Cluster_9532,Cluster_3380,Apul-Peve,0.3408395544928867,,FALSE
Cluster_9532,Cluster_3652,Apul-Peve,-0.5459688529133403,,FALSE
Cluster_9532,Cluster_3653,Apul-Peve,0.18105686023954176,,FALSE
Cluster_9532,Cluster_3672,Apul-Peve,-0.2255917147920025,,FALSE
Cluster_9532,Cluster_3676,Apul-Peve,-0.2877889709178237,,FALSE
Cluster_9532,Cluster_4160,Apul-Peve,-0.30742283057853104,,FALSE
Cluster_9532,Cluster_4161,Apul-Peve,0.13380877106986913,,FALSE
Cluster_9532,Cluster_4229,Apul-Peve,-0.3937027093361038,,FALSE
Cluster_9532,Cluster_4247,Apul-Peve,0.11013972204841148,,FALSE
Cluster_9532,Cluster_4968,Apul-Peve,0.49652111745750516,,FALSE
Cluster_9532,Cluster_5058,Apul-Peve,-0.2868346939748606,,FALSE
Cluster_9532,Cluster_5257,Apul-Peve,0.9802323448120334,,FALSE
Cluster_9532,Cluster_5613,Apul-Peve,-0.5715995945452959,,FALSE
Cluster_9532,Cluster_6099,Apul-Peve,-0.204228088534991,,FALSE
Cluster_9532,Cluster_6234,Apul-Peve,-0.027593504358623,,FALSE
Cluster_9532,Cluster_6235,Apul-Peve,0.6888956572643201,,FALSE
Cluster_9532,Cluster_6236,Apul-Peve,0.07027361079384847,,FALSE
Cluster_9532,Cluster_6242,Apul-Peve,-0.03633583086520868,,FALSE
Cluster_9532,Cluster_6356,Apul-Peve,0.6746718481350211,,FALSE
Cluster_9532,Cluster_6918,Apul-Peve,0.13911114330760535,,FALSE
Cluster_9532,Cluster_6919,Apul-Peve,0.07082057578762678,,FALSE
Cluster_9532,Cluster_7882,Apul-Peve,-0.4516100317594009,,FALSE
Cluster_9532,Cluster_8071,Apul-Peve,-0.5000225285680878,,FALSE
Cluster_9532,Cluster_8074,Apul-Peve,0.8829192241846026,,FALSE
Cluster_9532,Cluster_8075,Apul-Peve,-0.73466016365983,,FALSE
Cluster_9532,Cluster_8147,Apul-Peve,0.6687528435985388,,FALSE
Cluster_9532,Cluster_9149,Apul-Peve,-0.25134807909742685,,FALSE
Cluster_9532,Cluster_9196,Apul-Peve,-0.2399957979054316,,FALSE
Cluster_9532,Cluster_9197,Apul-Peve,0.14266313582189497,,FALSE
Cluster_9532,Cluster_9535,Apul-Peve,-0.14428646666699188,,FALSE
Cluster_9532,Cluster_10059,Apul-Peve,-0.20747326236434263,,FALSE
Cluster_9532,Cluster_10229,Apul-Peve,-0.40865416358787093,,FALSE
Cluster_9532,Cluster_11004,Apul-Peve,0.6710784506004566,,FALSE
Cluster_9532,Cluster_11615,Apul-Peve,-0.19855584831517775,,FALSE
Cluster_9532,Cluster_13926,Apul-Peve,-0.7683427560479207,,FALSE
Cluster_9532,Cluster_14602,Apul-Peve,-0.0192874696768209,,FALSE
Cluster_9532,Cluster_14747,Apul-Peve,0.8869474447824424,,FALSE
Cluster_9532,Cluster_15329,Apul-Peve,-0.3906456347557922,,FALSE
Cluster_9706,Cluster_27,Apul-Peve,-0.8271340784004492,,FALSE
Cluster_9706,Cluster_491,Apul-Peve,0.3138316801886042,,FALSE
Cluster_9706,Cluster_661,Apul-Peve,-0.7616417683447644,,FALSE
Cluster_9706,Cluster_670,Apul-Peve,-0.21328874717011906,,FALSE
Cluster_9706,Cluster_981,Apul-Peve,0.3550813558163321,,FALSE
Cluster_9706,Cluster_1004,Apul-Peve,-0.1634294450388243,,FALSE
Cluster_9706,Cluster_2392,Apul-Peve,0.030303898862080365,,FALSE
Cluster_9706,Cluster_2454,Apul-Peve,0.352625138310435,,FALSE
Cluster_9706,Cluster_2478,Apul-Peve,-0.42058509089224766,,FALSE
Cluster_9706,Cluster_3165,Apul-Peve,-0.42843346533183463,,FALSE
Cluster_9706,Cluster_3380,Apul-Peve,0.16351228846562624,,FALSE
Cluster_9706,Cluster_3652,Apul-Peve,-0.7198672955541423,,FALSE
Cluster_9706,Cluster_3653,Apul-Peve,0.31940795873525163,,FALSE
Cluster_9706,Cluster_3672,Apul-Peve,-0.09427611858890601,,FALSE
Cluster_9706,Cluster_3676,Apul-Peve,-0.49056466567549073,,FALSE
Cluster_9706,Cluster_4160,Apul-Peve,-0.09401020984806137,,FALSE
Cluster_9706,Cluster_4161,Apul-Peve,0.16419666438107047,,FALSE
Cluster_9706,Cluster_4229,Apul-Peve,-0.18600374934910005,,FALSE
Cluster_9706,Cluster_4247,Apul-Peve,0.2423562548071649,,FALSE
Cluster_9706,Cluster_4968,Apul-Peve,0.6174660562503729,,FALSE
Cluster_9706,Cluster_5058,Apul-Peve,-0.0828208707959814,,FALSE
Cluster_9706,Cluster_5257,Apul-Peve,0.9101105241322188,,FALSE
Cluster_9706,Cluster_5613,Apul-Peve,-0.3775275648888417,,FALSE
Cluster_9706,Cluster_6099,Apul-Peve,-0.4175575260937808,,FALSE
Cluster_9706,Cluster_6234,Apul-Peve,0.1750170938922013,,FALSE
Cluster_9706,Cluster_6235,Apul-Peve,0.5094134152404677,,FALSE
Cluster_9706,Cluster_6236,Apul-Peve,0.1758990531611748,,FALSE
Cluster_9706,Cluster_6242,Apul-Peve,0.17657919156052382,,FALSE
Cluster_9706,Cluster_6356,Apul-Peve,0.5184222846953986,,FALSE
Cluster_9706,Cluster_6918,Apul-Peve,0.058309533387012266,,FALSE
Cluster_9706,Cluster_6919,Apul-Peve,-0.1640176424422561,,FALSE
Cluster_9706,Cluster_7882,Apul-Peve,-0.6311456492106187,,FALSE
Cluster_9706,Cluster_8071,Apul-Peve,-0.6321803082256342,,FALSE
Cluster_9706,Cluster_8074,Apul-Peve,0.8048106217003185,,FALSE
Cluster_9706,Cluster_8075,Apul-Peve,-0.7868046466808504,,FALSE
Cluster_9706,Cluster_8147,Apul-Peve,0.4841698136492975,,FALSE
Cluster_9706,Cluster_9149,Apul-Peve,-0.1906779277252216,,FALSE
Cluster_9706,Cluster_9196,Apul-Peve,-0.3601472608570113,,FALSE
Cluster_9706,Cluster_9197,Apul-Peve,0.1972049537765464,,FALSE
Cluster_9706,Cluster_9535,Apul-Peve,-0.12979233153905334,,FALSE
Cluster_9706,Cluster_10059,Apul-Peve,-0.4275681115992849,,FALSE
Cluster_9706,Cluster_10229,Apul-Peve,-0.20912448221622862,,FALSE
Cluster_9706,Cluster_11004,Apul-Peve,0.49250111539798186,,FALSE
Cluster_9706,Cluster_11615,Apul-Peve,-0.10261404119058569,,FALSE
Cluster_9706,Cluster_13926,Apul-Peve,-0.5976691490817936,,FALSE
Cluster_9706,Cluster_14602,Apul-Peve,0.1858148191525437,,FALSE
Cluster_9706,Cluster_14747,Apul-Peve,0.7712934207731051,,FALSE
Cluster_9706,Cluster_15329,Apul-Peve,-0.5919743551045863,,FALSE
Cluster_9786,Cluster_27,Apul-Peve,0.17423727947904258,,FALSE
Cluster_9786,Cluster_491,Apul-Peve,0.5229776087806599,,FALSE
Cluster_9786,Cluster_661,Apul-Peve,0.755748023519083,,FALSE
Cluster_9786,Cluster_670,Apul-Peve,0.6642752276636092,,FALSE
Cluster_9786,Cluster_981,Apul-Peve,-0.7499369507706183,,FALSE
Cluster_9786,Cluster_1004,Apul-Peve,0.5544882919234998,,FALSE
Cluster_9786,Cluster_2392,Apul-Peve,0.8163857427462239,,FALSE
Cluster_9786,Cluster_2454,Apul-Peve,0.8074726736670067,,FALSE
Cluster_9786,Cluster_2478,Apul-Peve,0.7285712036030781,,FALSE
Cluster_9786,Cluster_3165,Apul-Peve,0.5449821214681161,,FALSE
Cluster_9786,Cluster_3380,Apul-Peve,0.4797302366930773,,FALSE
Cluster_9786,Cluster_3652,Apul-Peve,0.2462529784490199,,FALSE
Cluster_9786,Cluster_3653,Apul-Peve,0.7691352846570082,,FALSE
Cluster_9786,Cluster_3672,Apul-Peve,0.8790985574575212,,FALSE
Cluster_9786,Cluster_3676,Apul-Peve,-0.3326930637078863,,FALSE
Cluster_9786,Cluster_4160,Apul-Peve,0.481776967458526,,FALSE
Cluster_9786,Cluster_4161,Apul-Peve,-0.9744398621719994,,FALSE
Cluster_9786,Cluster_4229,Apul-Peve,0.4931804154668639,,FALSE
Cluster_9786,Cluster_4247,Apul-Peve,0.8175621834220285,,FALSE
Cluster_9786,Cluster_4968,Apul-Peve,0.5935823745466043,,FALSE
Cluster_9786,Cluster_5058,Apul-Peve,0.5667142096096124,,FALSE
Cluster_9786,Cluster_5257,Apul-Peve,-0.11535478490930942,,FALSE
Cluster_9786,Cluster_5613,Apul-Peve,0.4533973758284238,,FALSE
Cluster_9786,Cluster_6099,Apul-Peve,-0.31104618335079515,,FALSE
Cluster_9786,Cluster_6234,Apul-Peve,-0.4218391852285175,,FALSE
Cluster_9786,Cluster_6235,Apul-Peve,0.05320199321153804,,FALSE
Cluster_9786,Cluster_6236,Apul-Peve,0.8912269285258032,,FALSE
Cluster_9786,Cluster_6242,Apul-Peve,0.48609015008380363,,FALSE
Cluster_9786,Cluster_6356,Apul-Peve,-0.5994731598464547,,FALSE
Cluster_9786,Cluster_6918,Apul-Peve,0.8670414456023976,,FALSE
Cluster_9786,Cluster_6919,Apul-Peve,-0.09968395189701754,,FALSE
Cluster_9786,Cluster_7882,Apul-Peve,-0.3230616127901229,,FALSE
Cluster_9786,Cluster_8071,Apul-Peve,-0.5481214020949312,,FALSE
Cluster_9786,Cluster_8074,Apul-Peve,-0.5741823931566234,,FALSE
Cluster_9786,Cluster_8075,Apul-Peve,-0.48695988961636216,,FALSE
Cluster_9786,Cluster_8147,Apul-Peve,-0.38361511357260697,,FALSE
Cluster_9786,Cluster_9149,Apul-Peve,0.9844254025338155,,FALSE
Cluster_9786,Cluster_9196,Apul-Peve,0.7905384519716836,,FALSE
Cluster_9786,Cluster_9197,Apul-Peve,-0.9457992860788877,,FALSE
Cluster_9786,Cluster_9535,Apul-Peve,-0.9415204587047492,,FALSE
Cluster_9786,Cluster_10059,Apul-Peve,0.10636308161937473,,FALSE
Cluster_9786,Cluster_10229,Apul-Peve,0.5530772197995653,,FALSE
Cluster_9786,Cluster_11004,Apul-Peve,0.10743113616100992,,FALSE
Cluster_9786,Cluster_11615,Apul-Peve,-0.8192819606694893,,FALSE
Cluster_9786,Cluster_13926,Apul-Peve,0.18231112694185747,,FALSE
Cluster_9786,Cluster_14602,Apul-Peve,-0.40254857913179,,FALSE
Cluster_9786,Cluster_14747,Apul-Peve,-0.4276735058259893,,FALSE
Cluster_9786,Cluster_15329,Apul-Peve,-0.14622368616630801,,FALSE
Cluster_10452,Cluster_27,Apul-Peve,-0.7640868452094994,,FALSE
Cluster_10452,Cluster_491,Apul-Peve,-0.6419718375417538,,FALSE
Cluster_10452,Cluster_661,Apul-Peve,-0.24473317829820893,,FALSE
Cluster_10452,Cluster_670,Apul-Peve,-0.7716102913552827,,FALSE
Cluster_10452,Cluster_981,Apul-Peve,0.6913739895817527,,FALSE
Cluster_10452,Cluster_1004,Apul-Peve,-0.8437371520736792,,FALSE
Cluster_10452,Cluster_2392,Apul-Peve,-0.5299171830166934,,FALSE
Cluster_10452,Cluster_2454,Apul-Peve,-0.23529605753108884,,FALSE
Cluster_10452,Cluster_2478,Apul-Peve,-0.7034765678133332,,FALSE
Cluster_10452,Cluster_3165,Apul-Peve,-0.8520190866604042,,FALSE
Cluster_10452,Cluster_3380,Apul-Peve,0.8546330176343523,,FALSE
Cluster_10452,Cluster_3652,Apul-Peve,0.4581068002642207,,FALSE
Cluster_10452,Cluster_3653,Apul-Peve,-0.3604832217996473,,FALSE
Cluster_10452,Cluster_3672,Apul-Peve,-0.48617788866611866,,FALSE
Cluster_10452,Cluster_3676,Apul-Peve,0.6067652008988584,,FALSE
Cluster_10452,Cluster_4160,Apul-Peve,-0.8704691357090647,,FALSE
Cluster_10452,Cluster_4161,Apul-Peve,-0.1670798131562195,,FALSE
Cluster_10452,Cluster_4229,Apul-Peve,-0.882640391586324,,FALSE
Cluster_10452,Cluster_4247,Apul-Peve,-0.3608007341614722,,FALSE
Cluster_10452,Cluster_4968,Apul-Peve,-0.1872633643880375,,FALSE
Cluster_10452,Cluster_5058,Apul-Peve,-0.8176020751766842,,FALSE
Cluster_10452,Cluster_5257,Apul-Peve,0.6456591432525669,,FALSE
Cluster_10452,Cluster_5613,Apul-Peve,-0.907787984524252,,FALSE
Cluster_10452,Cluster_6099,Apul-Peve,0.682411841230678,,FALSE
Cluster_10452,Cluster_6234,Apul-Peve,-0.8165179835662381,,FALSE
Cluster_10452,Cluster_6235,Apul-Peve,0.9562535444408168,,FALSE
Cluster_10452,Cluster_6236,Apul-Peve,-0.2691791124047602,,FALSE
Cluster_10452,Cluster_6242,Apul-Peve,-0.75869978405716465,,FALSE
Cluster_10452,Cluster_6356,Apul-Peve,0.7916392216289637,,FALSE
Cluster_10452,Cluster_6918,Apul-Peve,0.45426851305408317,,FALSE
Cluster_10452,Cluster_6919,Apul-Peve,0.8972766738175803,,FALSE
Cluster_10452,Cluster_7882,Apul-Peve,0.4546420828395904,,FALSE
Cluster_10452,Cluster_8071,Apul-Peve,0.23285560494812169,,FALSE
Cluster_10452,Cluster_8074,Apul-Peve,0.5857852618180573,,FALSE
Cluster_10452,Cluster_8075,Apul-Peve,-0.15484404318507042,,FALSE
Cluster_10452,Cluster_8147,Apul-Peve,0.9191437965710038,,FALSE
Cluster_10452,Cluster_9149,Apul-Peve,-0.2203554779960523,,FALSE
Cluster_10452,Cluster_9196,Apul-Peve,0.4402090102014456,,FALSE
Cluster_10452,Cluster_9197,Apul-Peve,-0.25082900123337437,,FALSE
Cluster_10452,Cluster_9535,Apul-Peve,-0.2161805411298985,,FALSE
Cluster_10452,Cluster_10059,Apul-Peve,0.7523926864495938,,FALSE
Cluster_10452,Cluster_10229,Apul-Peve,-0.8514817544198506,,FALSE
Cluster_10452,Cluster_11004,Apul-Peve,0.9516411902020668,,FALSE
Cluster_10452,Cluster_11615,Apul-Peve,-0.5297198009116997,,FALSE
Cluster_10452,Cluster_13926,Apul-Peve,-0.9294031585147333,,FALSE
Cluster_10452,Cluster_14602,Apul-Peve,-0.8203749517752759,,FALSE
Cluster_10452,Cluster_14747,Apul-Peve,0.7441775653117567,,FALSE
Cluster_10452,Cluster_15329,Apul-Peve,0.5803513194642733,,FALSE
Cluster_11565,Cluster_27,Apul-Peve,-0.43645238666032743,,FALSE
Cluster_11565,Cluster_491,Apul-Peve,0.03815843111042586,,FALSE
Cluster_11565,Cluster_661,Apul-Peve,-0.9448931185769759,,FALSE
Cluster_11565,Cluster_670,Apul-Peve,-0.36635910142527794,,FALSE
Cluster_11565,Cluster_981,Apul-Peve,0.54181826070408,,FALSE
Cluster_11565,Cluster_1004,Apul-Peve,-0.23716927347511815,,FALSE
Cluster_11565,Cluster_2392,Apul-Peve,-0.38193038792635653,,FALSE
Cluster_11565,Cluster_2454,Apul-Peve,-0.2512813978887162,,FALSE
Cluster_11565,Cluster_2478,Apul-Peve,-0.5666404126854804,,FALSE
Cluster_11565,Cluster_3165,Apul-Peve,-0.4022566437131598,,FALSE
Cluster_11565,Cluster_3380,Apul-Peve,-0.47358760028574937,,FALSE
Cluster_11565,Cluster_3652,Apul-Peve,-0.7767341481955233,,FALSE
Cluster_11565,Cluster_3653,Apul-Peve,-0.2098436594110651,,FALSE
Cluster_11565,Cluster_3672,Apul-Peve,-0.5195903054258811,,FALSE
Cluster_11565,Cluster_3676,Apul-Peve,-0.2740034980388693,,FALSE
Cluster_11565,Cluster_4160,Apul-Peve,-0.13392510810069969,,FALSE
Cluster_11565,Cluster_4161,Apul-Peve,0.8239383392200784,,FALSE
Cluster_11565,Cluster_4229,Apul-Peve,-0.19854399155094785,,FALSE
Cluster_11565,Cluster_4247,Apul-Peve,-0.29348582505127757,,FALSE
Cluster_11565,Cluster_4968,Apul-Peve,0.054785578880329866,,FALSE
Cluster_11565,Cluster_5058,Apul-Peve,-0.20032383658440364,,FALSE
Cluster_11565,Cluster_5257,Apul-Peve,0.48568523147949977,,FALSE
Cluster_11565,Cluster_5613,Apul-Peve,-0.2896707736720571,,FALSE
Cluster_11565,Cluster_6099,Apul-Peve,-0.26323867708145127,,FALSE
Cluster_11565,Cluster_6234,Apul-Peve,0.6450357141548162,,FALSE
Cluster_11565,Cluster_6235,Apul-Peve,0.01534917318589322,,FALSE
Cluster_11565,Cluster_6236,Apul-Peve,-0.41462776448617955,,FALSE
Cluster_11565,Cluster_6242,Apul-Peve,0.007777505474256384,,FALSE
Cluster_11565,Cluster_6356,Apul-Peve,0.5164951019096581,,FALSE
Cluster_11565,Cluster_6918,Apul-Peve,-0.6892630414889048,,FALSE
Cluster_11565,Cluster_6919,Apul-Peve,-0.3048815035911955,,FALSE
Cluster_11565,Cluster_7882,Apul-Peve,-0.3279296495484944,,FALSE
Cluster_11565,Cluster_8071,Apul-Peve,-0.10903615563946006,,FALSE
Cluster_11565,Cluster_8074,Apul-Peve,0.7481566707559432,,FALSE
Cluster_11565,Cluster_8075,Apul-Peve,-0.13777040962369477,,FALSE
Cluster_11565,Cluster_8147,Apul-Peve,0.3086058937887992,,FALSE
Cluster_11565,Cluster_9149,Apul-Peve,-0.7335797447621767,,FALSE
Cluster_11565,Cluster_9196,Apul-Peve,-0.9075836782475443,,FALSE
Cluster_11565,Cluster_9197,Apul-Peve,0.8507895892177002,,FALSE
Cluster_11565,Cluster_9535,Apul-Peve,0.6228604998161494,,FALSE
Cluster_11565,Cluster_10059,Apul-Peve,-0.5760915319956929,,FALSE
Cluster_11565,Cluster_10229,Apul-Peve,-0.2639235062241215,,FALSE
Cluster_11565,Cluster_11004,Apul-Peve,-0.0314962015439423,,FALSE
Cluster_11565,Cluster_11615,Apul-Peve,0.6498045529451487,,FALSE
Cluster_11565,Cluster_13926,Apul-Peve,-0.24238447093750934,,FALSE
Cluster_11565,Cluster_14602,Apul-Peve,0.6400695712585485,,FALSE
Cluster_11565,Cluster_14747,Apul-Peve,0.5790625878093252,,FALSE
Cluster_11565,Cluster_15329,Apul-Peve,-0.4603703707890291,,FALSE
Cluster_12081,Cluster_27,Apul-Peve,0.5482509529278247,,FALSE
Cluster_12081,Cluster_491,Apul-Peve,-0.5783296438974155,,FALSE
Cluster_12081,Cluster_661,Apul-Peve,0.011159240493018427,,FALSE
Cluster_12081,Cluster_670,Apul-Peve,-0.2825167636561774,,FALSE
Cluster_12081,Cluster_981,Apul-Peve,0.2491481911388094,,FALSE
Cluster_12081,Cluster_1004,Apul-Peve,-0.22967676947584512,,FALSE
Cluster_12081,Cluster_2392,Apul-Peve,-0.6007228740232536,,FALSE
Cluster_12081,Cluster_2454,Apul-Peve,-0.8591379882853933,,FALSE
Cluster_12081,Cluster_2478,Apul-Peve,-0.18300958948992993,,FALSE
Cluster_12081,Cluster_3165,Apul-Peve,-0.024315066213341674,,FALSE
Cluster_12081,Cluster_3380,Apul-Peve,-0.5609879762763271,,FALSE
Cluster_12081,Cluster_3652,Apul-Peve,0.30911782072034794,,FALSE
Cluster_12081,Cluster_3653,Apul-Peve,-0.7944451185432012,,FALSE
Cluster_12081,Cluster_3672,Apul-Peve,-0.5595401679824575,,FALSE
Cluster_12081,Cluster_3676,Apul-Peve,0.567686815875142,,FALSE
Cluster_12081,Cluster_4160,Apul-Peve,-0.22358744386297774,,FALSE
Cluster_12081,Cluster_4161,Apul-Peve,0.635973412274318,,FALSE
Cluster_12081,Cluster_4229,Apul-Peve,-0.16273198399049305,,FALSE
Cluster_12081,Cluster_4247,Apul-Peve,-0.7739997332190468,,FALSE
Cluster_12081,Cluster_4968,Apul-Peve,-0.8971951234028648,,FALSE
Cluster_12081,Cluster_5058,Apul-Peve,-0.30128489670360825,,FALSE
Cluster_12081,Cluster_5257,Apul-Peve,-0.6449171190913819,,FALSE
Cluster_12081,Cluster_5613,Apul-Peve,0.012451899908010359,,FALSE
Cluster_12081,Cluster_6099,Apul-Peve,0.4903245319298223,,FALSE
Cluster_12081,Cluster_6234,Apul-Peve,0.26136985091601356,,FALSE
Cluster_12081,Cluster_6235,Apul-Peve,-0.5016372210745792,,FALSE
Cluster_12081,Cluster_6236,Apul-Peve,-0.7885580433309166,,FALSE
Cluster_12081,Cluster_6242,Apul-Peve,-0.437971273521191,,FALSE
Cluster_12081,Cluster_6356,Apul-Peve,0.00404036395075776,,FALSE
Cluster_12081,Cluster_6918,Apul-Peve,-0.7442059749158001,,FALSE
Cluster_12081,Cluster_6919,Apul-Peve,0.12175573545183829,,FALSE
Cluster_12081,Cluster_7882,Apul-Peve,0.6780241475146669,,FALSE
Cluster_12081,Cluster_8071,Apul-Peve,0.8695552574502622,,FALSE
Cluster_12081,Cluster_8074,Apul-Peve,-0.2110381094860212,,FALSE
Cluster_12081,Cluster_8075,Apul-Peve,0.9711006996814439,,FALSE
Cluster_12081,Cluster_8147,Apul-Peve,-0.1461384241045268,,FALSE
Cluster_12081,Cluster_9149,Apul-Peve,-0.5908268555140775,,FALSE
Cluster_12081,Cluster_9196,Apul-Peve,-0.372891994085693,,FALSE
Cluster_12081,Cluster_9197,Apul-Peve,0.5966609285723785,,FALSE
Cluster_12081,Cluster_9535,Apul-Peve,0.8340131940034544,,FALSE
Cluster_12081,Cluster_10059,Apul-Peve,0.17310107757498186,,FALSE
Cluster_12081,Cluster_10229,Apul-Peve,-0.19390134697896577,,FALSE
Cluster_12081,Cluster_11004,Apul-Peve,-0.5300525992198337,,FALSE
Cluster_12081,Cluster_11615,Apul-Peve,0.7471765317058021,,FALSE
Cluster_12081,Cluster_13926,Apul-Peve,0.3852620754508398,,FALSE
Cluster_12081,Cluster_14602,Apul-Peve,0.2389265145442442,,FALSE
Cluster_12081,Cluster_14747,Apul-Peve,-0.3114478052674427,,FALSE
Cluster_12081,Cluster_15329,Apul-Peve,0.5031000634215721,,FALSE
Cluster_12083,Cluster_27,Apul-Peve,0.11775092196177436,,FALSE
Cluster_12083,Cluster_491,Apul-Peve,-0.9331641167719471,,FALSE
Cluster_12083,Cluster_661,Apul-Peve,0.19204470932827522,,FALSE
Cluster_12083,Cluster_670,Apul-Peve,-0.6198288092183245,,FALSE
Cluster_12083,Cluster_981,Apul-Peve,0.4739247351725288,,FALSE
Cluster_12083,Cluster_1004,Apul-Peve,-0.6700658941343882,,FALSE
Cluster_12083,Cluster_2392,Apul-Peve,-0.7241315331747737,,FALSE
Cluster_12083,Cluster_2454,Apul-Peve,-0.7957869506449037,,FALSE
Cluster_12083,Cluster_2478,Apul-Peve,-0.41662182896415434,,FALSE
Cluster_12083,Cluster_3165,Apul-Peve,-0.44047994763621273,,FALSE
Cluster_12083,Cluster_3380,Apul-Peve,0.2642678489568017,,FALSE
Cluster_12083,Cluster_3652,Apul-Peve,0.8517062803415281,,FALSE
Cluster_12083,Cluster_3653,Apul-Peve,-0.8391630125278486,,FALSE
Cluster_12083,Cluster_3672,Apul-Peve,-0.6096735556015092,,FALSE
Cluster_12083,Cluster_3676,Apul-Peve,0.9868875560204516,,FALSE
Cluster_12083,Cluster_4160,Apul-Peve,-0.720403674249702,,FALSE
Cluster_12083,Cluster_4161,Apul-Peve,0.128890036285534,,FALSE
Cluster_12083,Cluster_4229,Apul-Peve,-0.6530964747232889,,FALSE
Cluster_12083,Cluster_4247,Apul-Peve,-0.791404579566698,,FALSE
Cluster_12083,Cluster_4968,Apul-Peve,-0.9080859700497204,,FALSE
Cluster_12083,Cluster_5058,Apul-Peve,-0.7270824538964951,,FALSE
Cluster_12083,Cluster_5257,Apul-Peve,-0.29679044164362106,,FALSE
Cluster_12083,Cluster_5613,Apul-Peve,-0.48744357838984564,,FALSE
Cluster_12083,Cluster_6099,Apul-Peve,0.9674449505164956,,FALSE
Cluster_12083,Cluster_6234,Apul-Peve,-0.5565409538941718,,FALSE
Cluster_12083,Cluster_6235,Apul-Peve,0.20367035368087655,,FALSE
Cluster_12083,Cluster_6236,Apul-Peve,-0.6985634986188668,,FALSE
Cluster_12083,Cluster_6242,Apul-Peve,-0.8802739779789968,,FALSE
Cluster_12083,Cluster_6356,Apul-Peve,0.34130425406347126,,FALSE
Cluster_12083,Cluster_6918,Apul-Peve,-0.07916124763901866,,FALSE
Cluster_12083,Cluster_6919,Apul-Peve,0.8119666792129265,,FALSE
Cluster_12083,Cluster_7882,Apul-Peve,0.9992896260369288,,FALSE
Cluster_12083,Cluster_8071,Apul-Peve,0.9347247095423519,,FALSE
Cluster_12083,Cluster_8074,Apul-Peve,-0.06333928238753353,,FALSE
Cluster_12083,Cluster_8075,Apul-Peve,0.773717927087283,,FALSE
Cluster_12083,Cluster_8147,Apul-Peve,0.37431457747768826,,FALSE
Cluster_12083,Cluster_9149,Apul-Peve,-0.38124310989250243,,FALSE
Cluster_12083,Cluster_9196,Apul-Peve,0.3072577741775412,,FALSE
Cluster_12083,Cluster_9197,Apul-Peve,0.029907300320330902,,FALSE
Cluster_12083,Cluster_9535,Apul-Peve,0.3382447381995123,,FALSE
Cluster_12083,Cluster_10059,Apul-Peve,0.8584019913964911,,FALSE
Cluster_12083,Cluster_10229,Apul-Peve,-0.6349956722962171,,FALSE
Cluster_12083,Cluster_11004,Apul-Peve,0.1935434522655562,,FALSE
Cluster_12083,Cluster_11615,Apul-Peve,0.045916519371477144,,FALSE
Cluster_12083,Cluster_13926,Apul-Peve,-0.20185751948812525,,FALSE
Cluster_12083,Cluster_14602,Apul-Peve,-0.5763902350414785,,FALSE
Cluster_12083,Cluster_14747,Apul-Peve,0.018391562989349967,,FALSE
Cluster_12083,Cluster_15329,Apul-Peve,0.9824716425836696,,FALSE
Cluster_12087,Cluster_27,Apul-Peve,0.14516237106566035,,FALSE
Cluster_12087,Cluster_491,Apul-Peve,-0.8924226591302906,,FALSE
Cluster_12087,Cluster_661,Apul-Peve,-0.16378596969076517,,FALSE
Cluster_12087,Cluster_670,Apul-Peve,-0.684181922260446,,FALSE
Cluster_12087,Cluster_981,Apul-Peve,0.6212693504785369,,FALSE
Cluster_12087,Cluster_1004,Apul-Peve,-0.6596450922954337,,FALSE
Cluster_12087,Cluster_2392,Apul-Peve,-0.8834771901254943,,FALSE
Cluster_12087,Cluster_2454,Apul-Peve,-0.988556644975717,,FALSE
Cluster_12087,Cluster_2478,Apul-Peve,-0.5626180714753609,,FALSE
Cluster_12087,Cluster_3165,Apul-Peve,-0.46809780721898625,,FALSE
Cluster_12087,Cluster_3380,Apul-Peve,-0.1652277260373997,,FALSE
Cluster_12087,Cluster_3652,Apul-Peve,0.49051252112312965,,FALSE
Cluster_12087,Cluster_3653,Apul-Peve,-0.9834093646898886,,FALSE
Cluster_12087,Cluster_3672,Apul-Peve,-0.8286239572359061,,FALSE
Cluster_12087,Cluster_3676,Apul-Peve,0.8509129759632632,,FALSE
Cluster_12087,Cluster_4160,Apul-Peve,-0.6608598279655942,,FALSE
Cluster_12087,Cluster_4161,Apul-Peve,0.5997297045292916,,FALSE
Cluster_12087,Cluster_4229,Apul-Peve,-0.6097952844856673,,FALSE
Cluster_12087,Cluster_4247,Apul-Peve,-0.9679339225350654,,FALSE
Cluster_12087,Cluster_4968,Apul-Peve,-0.985328568454491,,FALSE
Cluster_12087,Cluster_5058,Apul-Peve,-0.7161401067195159,,FALSE
Cluster_12087,Cluster_5257,Apul-Peve,-0.2973704562227488,,FALSE
Cluster_12087,Cluster_5613,Apul-Peve,-0.45248311147974274,,FALSE
Cluster_12087,Cluster_6099,Apul-Peve,0.8116326554714408,,FALSE
Cluster_12087,Cluster_6234,Apul-Peve,-0.10534977506236738,,FALSE
Cluster_12087,Cluster_6235,Apul-Peve,-0.027795391000018044,,FALSE
Cluster_12087,Cluster_6236,Apul-Peve,-0.9441524302607451,,FALSE
Cluster_12087,Cluster_6242,Apul-Peve,-0.8116436959111674,,FALSE
Cluster_12087,Cluster_6356,Apul-Peve,0.4245655993367705,,FALSE
Cluster_12087,Cluster_6918,Apul-Peve,-0.558271130384477,,FALSE
Cluster_12087,Cluster_6919,Apul-Peve,0.5473013765724459,,FALSE
Cluster_12087,Cluster_7882,Apul-Peve,0.8828833824088301,,FALSE
Cluster_12087,Cluster_8071,Apul-Peve,0.9771399267255545,,FALSE
Cluster_12087,Cluster_8074,Apul-Peve,0.12136449019543886,,FALSE
Cluster_12087,Cluster_8075,Apul-Peve,0.8854232964024678,,FALSE
Cluster_12087,Cluster_8147,Apul-Peve,0.3256700765689679,,FALSE
Cluster_12087,Cluster_9149,Apul-Peve,-0.7408244629413402,,FALSE
Cluster_12087,Cluster_9196,Apul-Peve,-0.20689614692371683,,FALSE
Cluster_12087,Cluster_9197,Apul-Peve,0.5206441579936839,,FALSE
Cluster_12087,Cluster_9535,Apul-Peve,0.7617460237839916,,FALSE
Cluster_12087,Cluster_10059,Apul-Peve,0.5115040143649929,,FALSE
Cluster_12087,Cluster_10229,Apul-Peve,-0.6292739173910853,,FALSE
Cluster_12087,Cluster_11004,Apul-Peve,-0.061130261267920205,,FALSE
Cluster_12087,Cluster_11615,Apul-Peve,0.5217156763815645,,FALSE
Cluster_12087,Cluster_13926,Apul-Peve,-0.08814969178804298,,FALSE
Cluster_12087,Cluster_14602,Apul-Peve,-0.12995164489413547,,FALSE
Cluster_12087,Cluster_14747,Apul-Peve,0.08964504846768136,,FALSE
Cluster_12087,Cluster_15329,Apul-Peve,0.7627060614732294,,FALSE
Cluster_13327,Cluster_27,Apul-Peve,0.594852711958492,,FALSE
Cluster_13327,Cluster_491,Apul-Peve,-0.3355893927804468,,FALSE
Cluster_13327,Cluster_661,Apul-Peve,-0.09292278302593598,,FALSE
Cluster_13327,Cluster_670,Apul-Peve,-0.11535713432965927,,FALSE
Cluster_13327,Cluster_981,Apul-Peve,0.13703933400647897,,FALSE
Cluster_13327,Cluster_1004,Apul-Peve,-0.02861087135062131,,FALSE
Cluster_13327,Cluster_2392,Apul-Peve,-0.4564800141470298,,FALSE
Cluster_13327,Cluster_2454,Apul-Peve,-0.7333880593315865,,FALSE
Cluster_13327,Cluster_2478,Apul-Peve,-0.08064152966043119,,FALSE
Cluster_13327,Cluster_3165,Apul-Peve,0.1237992032816239,,FALSE
Cluster_13327,Cluster_3380,Apul-Peve,-0.7871455536113185,,FALSE
Cluster_13327,Cluster_3652,Apul-Peve,0.01876447937259747,,FALSE
Cluster_13327,Cluster_3653,Apul-Peve,-0.6381875498353288,,FALSE
Cluster_13327,Cluster_3672,Apul-Peve,-0.45556344602883914,,FALSE
Cluster_13327,Cluster_3676,Apul-Peve,0.2941586363320394,,FALSE
Cluster_13327,Cluster_4160,Apul-Peve,0.0014071072460144498,,FALSE
Cluster_13327,Cluster_4161,Apul-Peve,0.7399913161681128,,FALSE
Cluster_13327,Cluster_4229,Apul-Peve,0.046291779114718976,,FALSE
Cluster_13327,Cluster_4247,Apul-Peve,-0.6348353113368264,,FALSE
Cluster_13327,Cluster_4968,Apul-Peve,-0.7254345535371151,,FALSE
Cluster_13327,Cluster_5058,Apul-Peve,-0.09122609714743898,,FALSE
Cluster_13327,Cluster_5257,Apul-Peve,-0.6406822167640657,,FALSE
Cluster_13327,Cluster_5613,Apul-Peve,0.18951566748289694,,FALSE
Cluster_13327,Cluster_6099,Apul-Peve,0.2094956568930685,,FALSE
Cluster_13327,Cluster_6234,Apul-Peve,0.5461371175615858,,FALSE
Cluster_13327,Cluster_6235,Apul-Peve,-0.6759706861888275,,FALSE
Cluster_13327,Cluster_6236,Apul-Peve,-0.691724521879015,,FALSE
Cluster_13327,Cluster_6242,Apul-Peve,-0.18905044944445526,,FALSE
Cluster_13327,Cluster_6356,Apul-Peve,-0.10636344402074933,,FALSE
Cluster_13327,Cluster_6918,Apul-Peve,-0.8833869004431029,,FALSE
Cluster_13327,Cluster_6919,Apul-Peve,-0.1733026267061818,,FALSE
Cluster_13327,Cluster_7882,Apul-Peve,0.4193582483689468,,FALSE
Cluster_13327,Cluster_8071,Apul-Peve,0.6803933401921674,,FALSE
Cluster_13327,Cluster_8074,Apul-Peve,-0.20162915819404406,,FALSE
Cluster_13327,Cluster_8075,Apul-Peve,0.8617535011426837,,FALSE
Cluster_13327,Cluster_8147,Apul-Peve,-0.30564093181374113,,FALSE
Cluster_13327,Cluster_9149,Apul-Peve,-0.5871478258832158,,FALSE
Cluster_13327,Cluster_9196,Apul-Peve,-0.5940958879811618,,FALSE
Cluster_13327,Cluster_9197,Apul-Peve,0.7315209587689578,,FALSE
Cluster_13327,Cluster_9535,Apul-Peve,0.890055404956193,,FALSE
Cluster_13327,Cluster_10059,Apul-Peve,-0.13916766820798288,,FALSE
Cluster_13327,Cluster_10229,Apul-Peve,-1.2098115640039413e-4,,FALSE
Cluster_13327,Cluster_11004,Apul-Peve,-0.707731554587616,,FALSE
Cluster_13327,Cluster_11615,Apul-Peve,0.8981497339111735,,FALSE
Cluster_13327,Cluster_13926,Apul-Peve,0.5282314397309704,,FALSE
Cluster_13327,Cluster_14602,Apul-Peve,0.5266790635807763,,FALSE
Cluster_13327,Cluster_14747,Apul-Peve,-0.35855926245368136,,FALSE
Cluster_13327,Cluster_15329,Apul-Peve,0.21208713626458628,,FALSE
Cluster_13647,Cluster_27,Apul-Peve,0.5385455512222954,,FALSE
Cluster_13647,Cluster_491,Apul-Peve,0.26597276627116445,,FALSE
Cluster_13647,Cluster_661,Apul-Peve,0.976330936199114,,FALSE
Cluster_13647,Cluster_670,Apul-Peve,0.6348284013617935,,FALSE
Cluster_13647,Cluster_981,Apul-Peve,-0.7727944900642219,,FALSE
Cluster_13647,Cluster_1004,Apul-Peve,0.5220871826088521,,FALSE
Cluster_13647,Cluster_2392,Apul-Peve,0.6398780410360826,,FALSE
Cluster_13647,Cluster_2454,Apul-Peve,0.47743836873224504,,FALSE
Cluster_13647,Cluster_2478,Apul-Peve,0.7873433061352862,,FALSE
Cluster_13647,Cluster_3165,Apul-Peve,0.6429636904564691,,FALSE
Cluster_13647,Cluster_3380,Apul-Peve,0.3096194705090442,,FALSE
Cluster_13647,Cluster_3652,Apul-Peve,0.5489224158285995,,FALSE
Cluster_13647,Cluster_3653,Apul-Peve,0.46226068811321935,,FALSE
Cluster_13647,Cluster_3672,Apul-Peve,0.7509048713022309,,FALSE
Cluster_13647,Cluster_3676,Apul-Peve,-0.027345620684011574,,FALSE
Cluster_13647,Cluster_4160,Apul-Peve,0.4298403819984221,,FALSE
Cluster_13647,Cluster_4161,Apul-Peve,-0.8638989388197564,,FALSE
Cluster_13647,Cluster_4229,Apul-Peve,0.4835915911868895,,FALSE
Cluster_13647,Cluster_4247,Apul-Peve,0.5385811625693481,,FALSE
Cluster_13647,Cluster_4968,Apul-Peve,0.177134350755731,,FALSE
Cluster_13647,Cluster_5058,Apul-Peve,0.4929125929774712,,FALSE
Cluster_13647,Cluster_5257,Apul-Peve,-0.531880014107209,,FALSE
Cluster_13647,Cluster_5613,Apul-Peve,0.544412956779554,,FALSE
Cluster_13647,Cluster_6099,Apul-Peve,-0.04507439413347703,,FALSE
Cluster_13647,Cluster_6234,Apul-Peve,-0.42714231464670865,,FALSE
Cluster_13647,Cluster_6235,Apul-Peve,-0.20081016314744274,,FALSE
Cluster_13647,Cluster_6236,Apul-Peve,0.6303965924364697,,FALSE
Cluster_13647,Cluster_6242,Apul-Peve,0.30245908406945093,,FALSE
Cluster_13647,Cluster_6356,Apul-Peve,-0.7306599248773753,,FALSE
Cluster_13647,Cluster_6918,Apul-Peve,0.6706507560311507,,FALSE
Cluster_13647,Cluster_6919,Apul-Peve,0.0027007445466050535,,FALSE
Cluster_13647,Cluster_7882,Apul-Peve,0.04803506799961155,,FALSE
Cluster_13647,Cluster_8071,Apul-Peve,-0.13326960921028577,,FALSE
Cluster_13647,Cluster_8074,Apul-Peve,-0.8500039508120665,,FALSE
Cluster_13647,Cluster_8075,Apul-Peve,-0.010503499928724234,,FALSE
Cluster_13647,Cluster_8147,Apul-Peve,-0.5399845379668408,,FALSE
Cluster_13647,Cluster_9149,Apul-Peve,0.8833495110939801,,FALSE
Cluster_13647,Cluster_9196,Apul-Peve,0.8120668714934273,,FALSE
Cluster_13647,Cluster_9197,Apul-Peve,-0.8571867782571863,,FALSE
Cluster_13647,Cluster_9535,Apul-Peve,-0.6949940375281898,,FALSE
Cluster_13647,Cluster_10059,Apul-Peve,0.29571494337708054,,FALSE
Cluster_13647,Cluster_10229,Apul-Peve,0.5430902849142468,,FALSE
Cluster_13647,Cluster_11004,Apul-Peve,-0.14901262874899127,,FALSE
Cluster_13647,Cluster_11615,Apul-Peve,-0.6110289171195689,,FALSE
Cluster_13647,Cluster_13926,Apul-Peve,0.43311821081787416,,FALSE
Cluster_13647,Cluster_14602,Apul-Peve,-0.4168811276056286,,FALSE
Cluster_13647,Cluster_14747,Apul-Peve,-0.7153413896354702,,FALSE
Cluster_13647,Cluster_15329,Apul-Peve,0.17170692031178994,,FALSE
Cluster_14146,Cluster_27,Apul-Peve,-0.9122112881510214,,FALSE
Cluster_14146,Cluster_491,Apul-Peve,-0.2051097773527209,,FALSE
Cluster_14146,Cluster_661,Apul-Peve,-0.921391028725549,,FALSE
Cluster_14146,Cluster_670,Apul-Peve,-0.6771674665204723,,FALSE
Cluster_14146,Cluster_981,Apul-Peve,0.7840481123880773,,FALSE
Cluster_14146,Cluster_1004,Apul-Peve,-0.6227499969812091,,FALSE
Cluster_14146,Cluster_2392,Apul-Peve,-0.48392493032691475,,FALSE
Cluster_14146,Cluster_2454,Apul-Peve,-0.15301968869420834,,FALSE
Cluster_14146,Cluster_2478,Apul-Peve,-0.8258368395600308,,FALSE
Cluster_14146,Cluster_3165,Apul-Peve,-0.8086546447413461,,FALSE
Cluster_14146,Cluster_3380,Apul-Peve,0.21436449433370475,,FALSE
Cluster_14146,Cluster_3652,Apul-Peve,-0.4502105532338807,,FALSE
Cluster_14146,Cluster_3653,Apul-Peve,-0.20368002049671352,,FALSE
Cluster_14146,Cluster_3672,Apul-Peve,-0.581916297365251,,FALSE
Cluster_14146,Cluster_3676,Apul-Peve,-0.007308029421858173,,FALSE
Cluster_14146,Cluster_4160,Apul-Peve,-0.5538977803829549,,FALSE
Cluster_14146,Cluster_4161,Apul-Peve,0.4473730333062006,,FALSE
Cluster_14146,Cluster_4229,Apul-Peve,-0.6274491764135292,,FALSE
Cluster_14146,Cluster_4247,Apul-Peve,-0.27742307826020735,,FALSE
Cluster_14146,Cluster_4968,Apul-Peve,0.13529447383333712,,FALSE
Cluster_14146,Cluster_5058,Apul-Peve,-0.5619016526292848,,FALSE
Cluster_14146,Cluster_5257,Apul-Peve,0.9070431314870874,,FALSE
Cluster_14146,Cluster_5613,Apul-Peve,-0.7551976898924729,,FALSE
Cluster_14146,Cluster_6099,Apul-Peve,0.06123952402377915,,FALSE
Cluster_14146,Cluster_6234,Apul-Peve,0.014239642669507948,,FALSE
Cluster_14146,Cluster_6235,Apul-Peve,0.662778411178293,,FALSE
Cluster_14146,Cluster_6236,Apul-Peve,-0.3225299920095367,,FALSE
Cluster_14146,Cluster_6242,Apul-Peve,-0.3268407078254689,,FALSE
Cluster_14146,Cluster_6356,Apul-Peve,0.8733248002987124,,FALSE
Cluster_14146,Cluster_6918,Apul-Peve,-0.1501340567927062,,FALSE
Cluster_14146,Cluster_6919,Apul-Peve,0.2287737213803157,,FALSE
Cluster_14146,Cluster_7882,Apul-Peve,-0.16194450609198252,,FALSE
Cluster_14146,Cluster_8071,Apul-Peve,-0.1483044329265489,,FALSE
Cluster_14146,Cluster_8074,Apul-Peve,0.9952991083276255,,FALSE
Cluster_14146,Cluster_8075,Apul-Peve,-0.41338084027157274,,FALSE
Cluster_14146,Cluster_8147,Apul-Peve,0.8064492697080705,,FALSE
Cluster_14146,Cluster_9149,Apul-Peve,-0.6015993565815512,,FALSE
Cluster_14146,Cluster_9196,Apul-Peve,-0.4195166451438548,,FALSE
Cluster_14146,Cluster_9197,Apul-Peve,0.4307958286096534,,FALSE
Cluster_14146,Cluster_9535,Apul-Peve,0.2102593035291214,,FALSE
Cluster_14146,Cluster_10059,Apul-Peve,-0.08839537573872377,,FALSE
Cluster_14146,Cluster_10229,Apul-Peve,-0.6570417943019033,,FALSE
Cluster_14146,Cluster_11004,Apul-Peve,0.6276748003105009,,FALSE
Cluster_14146,Cluster_11615,Apul-Peve,0.07423491583664267,,FALSE
Cluster_14146,Cluster_13926,Apul-Peve,-0.8097516706762127,miR-2025,TRUE
Cluster_14146,Cluster_14602,Apul-Peve,0.012856903007404129,,FALSE
Cluster_14146,Cluster_14747,Apul-Peve,0.9670676972596524,,FALSE
Cluster_14146,Cluster_15329,Apul-Peve,-0.1621015911802954,,FALSE
Cluster_14165,Cluster_27,Apul-Peve,0.07682315787267087,,FALSE
Cluster_14165,Cluster_491,Apul-Peve,0.9916819218944783,,FALSE
Cluster_14165,Cluster_661,Apul-Peve,0.12881815157994655,,FALSE
Cluster_14165,Cluster_670,Apul-Peve,0.8114448528460056,,FALSE
Cluster_14165,Cluster_981,Apul-Peve,-0.7131311262745823,,FALSE
Cluster_14165,Cluster_1004,Apul-Peve,0.8260848848722072,,FALSE
Cluster_14165,Cluster_2392,Apul-Peve,0.9060682508438529,,FALSE
Cluster_14165,Cluster_2454,Apul-Peve,0.9156646916246178,,FALSE
Cluster_14165,Cluster_2478,Apul-Peve,0.6632963138420102,,FALSE
Cluster_14165,Cluster_3165,Apul-Peve,0.6449176909077262,,FALSE
Cluster_14165,Cluster_3380,Apul-Peve,-0.1786032290671583,,FALSE
Cluster_14165,Cluster_3652,Apul-Peve,-0.6538815649313571,,FALSE
Cluster_14165,Cluster_3653,Apul-Peve,0.9557258958959625,,FALSE
Cluster_14165,Cluster_3672,Apul-Peve,0.8303392718095218,,FALSE
Cluster_14165,Cluster_3676,Apul-Peve,-0.9673433317193699,,FALSE
Cluster_14165,Cluster_4160,Apul-Peve,0.8460046829905911,,FALSE
Cluster_14165,Cluster_4161,Apul-Peve,-0.3889152851966016,,FALSE
Cluster_14165,Cluster_4229,Apul-Peve,0.7988881259481427,,FALSE
Cluster_14165,Cluster_4247,Apul-Peve,0.9340177884651498,,FALSE
Cluster_14165,Cluster_4968,Apul-Peve,0.9276069717312648,,FALSE
Cluster_14165,Cluster_5058,Apul-Peve,0.8706885188725332,,FALSE
Cluster_14165,Cluster_5257,Apul-Peve,0.09943046387357811,,FALSE
Cluster_14165,Cluster_5613,Apul-Peve,0.6604298006584689,,FALSE
Cluster_14165,Cluster_6099,Apul-Peve,-0.9563774009035568,,FALSE
Cluster_14165,Cluster_6234,Apul-Peve,0.41986872818673476,,FALSE
Cluster_14165,Cluster_6235,Apul-Peve,-0.2832436569113021,,FALSE
Cluster_14165,Cluster_6236,Apul-Peve,0.8716194455552913,,FALSE
Cluster_14165,Cluster_6242,Apul-Peve,0.9557623791722927,,FALSE
Cluster_14165,Cluster_6356,Apul-Peve,-0.5760283523520108,,FALSE
Cluster_14165,Cluster_6918,Apul-Peve,0.2731663698701466,,FALSE
Cluster_14165,Cluster_6919,Apul-Peve,-0.7987896871932695,,FALSE
Cluster_14165,Cluster_7882,Apul-Peve,-0.9514703944770805,,FALSE
Cluster_14165,Cluster_8071,Apul-Peve,-0.940550780296538,,FALSE
Cluster_14165,Cluster_8074,Apul-Peve,-0.22142193205955352,,FALSE
Cluster_14165,Cluster_8075,Apul-Peve,-0.7378812737166592,,FALSE
Cluster_14165,Cluster_8147,Apul-Peve,-0.5513294597775481,,FALSE
Cluster_14165,Cluster_9149,Apul-Peve,0.6464660011155275,,FALSE
Cluster_14165,Cluster_9196,Apul-Peve,-0.05116939653317654,,FALSE
Cluster_14165,Cluster_9197,Apul-Peve,-0.2900299755409303,,FALSE
Cluster_14165,Cluster_9535,Apul-Peve,-0.5346267362076537,,FALSE
Cluster_14165,Cluster_10059,Apul-Peve,-0.7474976678336764,,FALSE
Cluster_14165,Cluster_10229,Apul-Peve,0.7993809976901494,,FALSE
Cluster_14165,Cluster_11004,Apul-Peve,-0.25723792496507847,,FALSE
Cluster_14165,Cluster_11615,Apul-Peve,-0.22071746939805753,,FALSE
Cluster_14165,Cluster_13926,Apul-Peve,0.35348974538671446,,FALSE
Cluster_14165,Cluster_14602,Apul-Peve,0.4421379511414001,,FALSE
Cluster_14165,Cluster_14747,Apul-Peve,-0.2616116914541539,,FALSE
Cluster_14165,Cluster_15329,Apul-Peve,-0.9001137862612179,,FALSE
Cluster_14532,Cluster_27,Apul-Peve,0.7514064472398078,,FALSE
Cluster_14532,Cluster_491,Apul-Peve,-0.4886433929836615,,FALSE
Cluster_14532,Cluster_661,Apul-Peve,0.5979902033382977,,FALSE
Cluster_14532,Cluster_670,Apul-Peve,0.012096483510939098,,FALSE
Cluster_14532,Cluster_981,Apul-Peve,-0.14552968263225127,,FALSE
Cluster_14532,Cluster_1004,Apul-Peve,-0.02085883140205343,,FALSE
Cluster_14532,Cluster_2392,Apul-Peve,-0.25247083332076753,,FALSE
Cluster_14532,Cluster_2454,Apul-Peve,-0.558466245438695,,FALSE
Cluster_14532,Cluster_2478,Apul-Peve,0.21661033097387902,,FALSE
Cluster_14532,Cluster_3165,Apul-Peve,0.25308424466017937,,FALSE
Cluster_14532,Cluster_3380,Apul-Peve,-0.20514049652284866,,FALSE
Cluster_14532,Cluster_3652,Apul-Peve,0.7228436409803342,,FALSE
Cluster_14532,Cluster_3653,Apul-Peve,-0.525891012169494,,FALSE
Cluster_14532,Cluster_3672,Apul-Peve,-0.13461878922254675,,FALSE
Cluster_14532,Cluster_3676,Apul-Peve,0.6258531853413626,,FALSE
Cluster_14532,Cluster_4160,Apul-Peve,-0.07843598870934562,,FALSE
Cluster_14532,Cluster_4161,Apul-Peve,0.03148826734307671,,FALSE
Cluster_14532,Cluster_4229,Apul-Peve,0.012694594143732458,,FALSE
Cluster_14532,Cluster_4247,Apul-Peve,-0.4572985317862169,,FALSE
Cluster_14532,Cluster_4968,Apul-Peve,-0.7800828370346808,,FALSE
Cluster_14532,Cluster_5058,Apul-Peve,-0.10434863707987532,,FALSE
Cluster_14532,Cluster_5257,Apul-Peve,-0.8590990346193775,,FALSE
Cluster_14532,Cluster_5613,Apul-Peve,0.21636672346398086,,FALSE
Cluster_14532,Cluster_6099,Apul-Peve,0.5520658500290302,,FALSE
Cluster_14532,Cluster_6234,Apul-Peve,-0.15264211777899336,,FALSE
Cluster_14532,Cluster_6235,Apul-Peve,-0.4592122570995838,,FALSE
Cluster_14532,Cluster_6236,Apul-Peve,-0.39779793282795173,,FALSE
Cluster_14532,Cluster_6242,Apul-Peve,-0.3487252708956778,,FALSE
Cluster_14532,Cluster_6356,Apul-Peve,-0.33849496894842696,,FALSE
Cluster_14532,Cluster_6918,Apul-Peve,-0.21383515208195314,,FALSE
Cluster_14532,Cluster_6919,Apul-Peve,0.26213542099364423,,FALSE
Cluster_14532,Cluster_7882,Apul-Peve,0.7561687942256442,,FALSE
Cluster_14532,Cluster_8071,Apul-Peve,0.7888841983261217,,FALSE
Cluster_14532,Cluster_8074,Apul-Peve,-0.6549792721955595,,FALSE
Cluster_14532,Cluster_8075,Apul-Peve,0.9035416234527339,,FALSE
Cluster_14532,Cluster_8147,Apul-Peve,-0.34042894991926215,,FALSE
Cluster_14532,Cluster_9149,Apul-Peve,-0.037365063851127624,,FALSE
Cluster_14532,Cluster_9196,Apul-Peve,0.23214259907355073,,FALSE
Cluster_14532,Cluster_9197,Apul-Peve,-0.015420084298860862,,FALSE
Cluster_14532,Cluster_9535,Apul-Peve,0.3226776790121774,,FALSE
Cluster_14532,Cluster_10059,Apul-Peve,0.4764155823402717,,FALSE
Cluster_14532,Cluster_10229,Apul-Peve,0.025823470831954316,,FALSE
Cluster_14532,Cluster_11004,Apul-Peve,-0.4540797965307736,,FALSE
Cluster_14532,Cluster_11615,Apul-Peve,0.2429019982156052,,FALSE
Cluster_14532,Cluster_13926,Apul-Peve,0.5004703467937182,,FALSE
Cluster_14532,Cluster_14602,Apul-Peve,-0.16828392091403335,,FALSE
Cluster_14532,Cluster_14747,Apul-Peve,-0.6399974674853298,,FALSE
Cluster_14532,Cluster_15329,Apul-Peve,0.6871418218984167,,FALSE
Cluster_14605,Cluster_27,Apul-Peve,0.7592152471349253,,FALSE
Cluster_14605,Cluster_491,Apul-Peve,-0.4923709172507776,,FALSE
Cluster_14605,Cluster_661,Apul-Peve,0.45764124310114296,,FALSE
Cluster_14605,Cluster_670,Apul-Peve,-0.029151722916461363,,FALSE
Cluster_14605,Cluster_981,Apul-Peve,-0.07416506276476277,,FALSE
Cluster_14605,Cluster_1004,Apul-Peve,-0.03360596487412093,,FALSE
Cluster_14605,Cluster_2392,Apul-Peve,-0.33175076806256265,,FALSE
Cluster_14605,Cluster_2454,Apul-Peve,-0.6503153418869544,,FALSE
Cluster_14605,Cluster_2478,Apul-Peve,0.1466661848819574,,FALSE
Cluster_14605,Cluster_3165,Apul-Peve,0.22896813283279246,,FALSE
Cluster_14605,Cluster_3380,Apul-Peve,-0.36631451671050963,,FALSE
Cluster_14605,Cluster_3652,Apul-Peve,0.5961429633619757,,FALSE
Cluster_14605,Cluster_3653,Apul-Peve,-0.5999497074917,,FALSE
Cluster_14605,Cluster_3672,Apul-Peve,-0.2354586368953757,,FALSE
Cluster_14605,Cluster_3676,Apul-Peve,0.5922597785259613,,FALSE
Cluster_14605,Cluster_4160,Apul-Peve,-0.07261267669481787,,FALSE
Cluster_14605,Cluster_4161,Apul-Peve,0.22035925529439382,,FALSE
Cluster_14605,Cluster_4229,Apul-Peve,0.01308898021831673,,FALSE
Cluster_14605,Cluster_4247,Apul-Peve,-0.5434342024261654,,FALSE
Cluster_14605,Cluster_4968,Apul-Peve,-0.8274148001228023,,FALSE
Cluster_14605,Cluster_5058,Apul-Peve,-0.11767174576490645,,FALSE
Cluster_14605,Cluster_5257,Apul-Peve,-0.8600062725849931,,FALSE
Cluster_14605,Cluster_5613,Apul-Peve,0.2160511450646397,,FALSE
Cluster_14605,Cluster_6099,Apul-Peve,0.5107376453258635,,FALSE
Cluster_14605,Cluster_6234,Apul-Peve,0.012526897804781334,,FALSE
Cluster_14605,Cluster_6235,Apul-Peve,-0.5417310298017012,,FALSE
Cluster_14605,Cluster_6236,Apul-Peve,-0.5093086124414503,,FALSE
Cluster_14605,Cluster_6242,Apul-Peve,-0.34121849797670095,,FALSE
Cluster_14605,Cluster_6356,Apul-Peve,-0.2942533508669611,,FALSE
Cluster_14605,Cluster_6918,Apul-Peve,-0.40325007001511964,,FALSE
Cluster_14605,Cluster_6919,Apul-Peve,0.17620676803174862,,FALSE
Cluster_14605,Cluster_7882,Apul-Peve,0.7295733404397876,,FALSE
Cluster_14605,Cluster_8071,Apul-Peve,0.8230758836745832,,FALSE
Cluster_14605,Cluster_8074,Apul-Peve,-0.5784507940767335,,FALSE
Cluster_14605,Cluster_8075,Apul-Peve,0.9600758013810742,,FALSE
Cluster_14605,Cluster_8147,Apul-Peve,-0.34739823133924497,,FALSE
Cluster_14605,Cluster_9149,Apul-Peve,-0.1886863456007221,,FALSE
Cluster_14605,Cluster_9196,Apul-Peve,0.03515160081535621,,FALSE
Cluster_14605,Cluster_9197,Apul-Peve,0.1791641255531952,,FALSE
Cluster_14605,Cluster_9535,Apul-Peve,0.495857073836141,,FALSE
Cluster_14605,Cluster_10059,Apul-Peve,0.3574965443212848,,FALSE
Cluster_14605,Cluster_10229,Apul-Peve,0.01173977280408848,,FALSE
Cluster_14605,Cluster_11004,Apul-Peve,-0.5460574334325253,,FALSE
Cluster_14605,Cluster_11615,Apul-Peve,0.4299331253621962,,FALSE
Cluster_14605,Cluster_13926,Apul-Peve,0.5362247910750302,,FALSE
Cluster_14605,Cluster_14602,Apul-Peve,-0.005370247214345906,,FALSE
Cluster_14605,Cluster_14747,Apul-Peve,-0.6062923152692977,,FALSE
Cluster_14605,Cluster_15329,Apul-Peve,0.619873022505016,,FALSE
Cluster_14610,Cluster_27,Apul-Peve,0.6894488944813624,,FALSE
Cluster_14610,Cluster_491,Apul-Peve,-0.4367930883496111,,FALSE
Cluster_14610,Cluster_661,Apul-Peve,0.13231899922851187,,FALSE
Cluster_14610,Cluster_670,Apul-Peve,-0.10057639262757757,,FALSE
Cluster_14610,Cluster_981,Apul-Peve,0.06857807337108207,,FALSE
Cluster_14610,Cluster_1004,Apul-Peve,-0.04864224298426726,,FALSE
Cluster_14610,Cluster_2392,Apul-Peve,-0.4427793408720407,,FALSE
Cluster_14610,Cluster_2454,Apul-Peve,-0.7499461896917787,,FALSE
Cluster_14610,Cluster_2478,Apul-Peve,-0.0018423047260858194,,FALSE
Cluster_14610,Cluster_3165,Apul-Peve,0.1607292730884038,,FALSE
Cluster_14610,Cluster_3380,Apul-Peve,-0.6417513442670535,,FALSE
Cluster_14610,Cluster_3652,Apul-Peve,0.2761127988778902,,FALSE
Cluster_14610,Cluster_3653,Apul-Peve,-0.6701470865016308,,FALSE
Cluster_14610,Cluster_3672,Apul-Peve,-0.40010078957173417,,FALSE
Cluster_14610,Cluster_3676,Apul-Peve,0.4525592983343544,,FALSE
Cluster_14610,Cluster_4160,Apul-Peve,-0.04675951100446933,,FALSE
Cluster_14610,Cluster_4161,Apul-Peve,0.5622547975646747,,FALSE
Cluster_14610,Cluster_4229,Apul-Peve,0.0183037730882929,,FALSE
Cluster_14610,Cluster_4247,Apul-Peve,-0.6438008114273174,,FALSE
Cluster_14610,Cluster_4968,Apul-Peve,-0.8198638310290972,,FALSE
Cluster_14610,Cluster_5058,Apul-Peve,-0.12402455409785498,,FALSE
Cluster_14610,Cluster_5257,Apul-Peve,-0.764061112664475,,FALSE
Cluster_14610,Cluster_5613,Apul-Peve,0.19596236969394218,,FALSE
Cluster_14610,Cluster_6099,Apul-Peve,0.36517448995818036,,FALSE
Cluster_14610,Cluster_6234,Apul-Peve,0.3374666949094028,,FALSE
Cluster_14610,Cluster_6235,Apul-Peve,-0.6442300969690551,,FALSE
Cluster_14610,Cluster_6236,Apul-Peve,-0.6636457144611492,,FALSE
Cluster_14610,Cluster_6242,Apul-Peve,-0.28096652606075107,,FALSE
Cluster_14610,Cluster_6356,Apul-Peve,-0.1787554593677614,,FALSE
Cluster_14610,Cluster_6918,Apul-Peve,-0.7264428726485369,,FALSE
Cluster_14610,Cluster_6919,Apul-Peve,-0.01774800892688104,,FALSE
Cluster_14610,Cluster_7882,Apul-Peve,0.5882006869137224,,FALSE
Cluster_14610,Cluster_8071,Apul-Peve,0.7902023275810477,,FALSE
Cluster_14610,Cluster_8074,Apul-Peve,-0.36508976712980584,,FALSE
Cluster_14610,Cluster_8075,Apul-Peve,0.9569792415676864,,FALSE
Cluster_14610,Cluster_8147,Apul-Peve,-0.3259456792594632,,FALSE
Cluster_14610,Cluster_9149,Apul-Peve,-0.4587593584827938,,FALSE
Cluster_14610,Cluster_9196,Apul-Peve,-0.3547099870429003,,FALSE
Cluster_14610,Cluster_9197,Apul-Peve,0.5376189207581769,,FALSE
Cluster_14610,Cluster_9535,Apul-Peve,0.7748957943100319,,FALSE
Cluster_14610,Cluster_10059,Apul-Peve,0.07891416692472698,,FALSE
Cluster_14610,Cluster_10229,Apul-Peve,-0.011223755636296776,,FALSE
Cluster_14610,Cluster_11004,Apul-Peve,-0.6663872613828052,,FALSE
Cluster_14610,Cluster_11615,Apul-Peve,0.7458402817618577,,FALSE
Cluster_14610,Cluster_13926,Apul-Peve,0.5483458107477863,,FALSE
Cluster_14610,Cluster_14602,Apul-Peve,0.31733904329374035,,FALSE
Cluster_14610,Cluster_14747,Apul-Peve,-0.4738961045412817,,FALSE
Cluster_14610,Cluster_15329,Apul-Peve,0.4116527324143043,,FALSE
Cluster_14633,Cluster_27,Apul-Peve,-0.3808055546925407,,FALSE
Cluster_14633,Cluster_491,Apul-Peve,-0.005683438433213988,,FALSE
Cluster_14633,Cluster_661,Apul-Peve,-0.9314022611993463,,FALSE
Cluster_14633,Cluster_670,Apul-Peve,-0.380181643040669,,FALSE
Cluster_14633,Cluster_981,Apul-Peve,0.5514147759896065,,FALSE
Cluster_14633,Cluster_1004,Apul-Peve,-0.24761067414588883,,FALSE
Cluster_14633,Cluster_2392,Apul-Peve,-0.42356173289757065,,FALSE
Cluster_14633,Cluster_2454,Apul-Peve,-0.31782491754510295,,FALSE
Cluster_14633,Cluster_2478,Apul-Peve,-0.5703971554624326,,FALSE
Cluster_14633,Cluster_3165,Apul-Peve,-0.39375442168869973,,FALSE
Cluster_14633,Cluster_3380,Apul-Peve,-0.5204360954533159,,FALSE
Cluster_14633,Cluster_3652,Apul-Peve,-0.7453869301051872,,FALSE
Cluster_14633,Cluster_3653,Apul-Peve,-0.2706490781009427,,FALSE
Cluster_14633,Cluster_3672,Apul-Peve,-0.556532496935557,,FALSE
Cluster_14633,Cluster_3676,Apul-Peve,-0.22808364956065164,,FALSE
Cluster_14633,Cluster_4160,Apul-Peve,-0.14486690564856516,,FALSE
Cluster_14633,Cluster_4161,Apul-Peve,0.8682086982204439,,FALSE
Cluster_14633,Cluster_4229,Apul-Peve,-0.20362435527314524,,FALSE
Cluster_14633,Cluster_4247,Apul-Peve,-0.3516350327185502,,FALSE
Cluster_14633,Cluster_4968,Apul-Peve,-0.018760976002964024,,FALSE
Cluster_14633,Cluster_5058,Apul-Peve,-0.21729270449707516,,FALSE
Cluster_14633,Cluster_5257,Apul-Peve,0.4222937824197039,,FALSE
Cluster_14633,Cluster_5613,Apul-Peve,-0.2790386206374712,,FALSE
Cluster_14633,Cluster_6099,Apul-Peve,-0.22436380315085222,,FALSE
Cluster_14633,Cluster_6234,Apul-Peve,0.664865264861335,,FALSE
Cluster_14633,Cluster_6235,Apul-Peve,-0.03292085302442824,,FALSE
Cluster_14633,Cluster_6236,Apul-Peve,-0.4732190072656001,,FALSE
Cluster_14633,Cluster_6242,Apul-Peve,-0.02329940699395921,,FALSE
Cluster_14633,Cluster_6356,Apul-Peve,0.5054175959007812,,FALSE
Cluster_14633,Cluster_6918,Apul-Peve,-0.7460187347358269,,FALSE
Cluster_14633,Cluster_6919,Apul-Peve,-0.29749565076160317,,FALSE
Cluster_14633,Cluster_7882,Apul-Peve,-0.2712125047661774,,FALSE
Cluster_14633,Cluster_8071,Apul-Peve,-0.0374659463488699,,FALSE
Cluster_14633,Cluster_8074,Apul-Peve,0.718043795725829,,FALSE
Cluster_14633,Cluster_8075,Apul-Peve,-0.05479370604533642,,FALSE
Cluster_14633,Cluster_8147,Apul-Peve,0.28661988385943293,,FALSE
Cluster_14633,Cluster_9149,Apul-Peve,-0.7724813661549988,,FALSE
Cluster_14633,Cluster_9196,Apul-Peve,-0.9310167805779452,,FALSE
Cluster_14633,Cluster_9197,Apul-Peve,0.8920774132097382,,FALSE
Cluster_14633,Cluster_9535,Apul-Peve,0.6861650296064311,,FALSE
Cluster_14633,Cluster_10059,Apul-Peve,-0.5603361871815173,,FALSE
Cluster_14633,Cluster_10229,Apul-Peve,-0.27104437392537273,,FALSE
Cluster_14633,Cluster_11004,Apul-Peve,-0.08154535907184209,,FALSE
Cluster_14633,Cluster_11615,Apul-Peve,0.7077811328169109,,FALSE
Cluster_14633,Cluster_13926,Apul-Peve,-0.20131164868342027,,FALSE
Cluster_14633,Cluster_14602,Apul-Peve,0.6581265934239795,,FALSE
Cluster_14633,Cluster_14747,Apul-Peve,0.5414978207902702,,FALSE
Cluster_14633,Cluster_15329,Apul-Peve,-0.4174646766047968,,FALSE
Cluster_14692,Cluster_27,Apul-Peve,0.3865070312806602,,FALSE
Cluster_14692,Cluster_491,Apul-Peve,-0.8283515851649393,,FALSE
Cluster_14692,Cluster_661,Apul-Peve,0.1737613519373826,,FALSE
Cluster_14692,Cluster_670,Apul-Peve,-0.4704531606633905,,FALSE
Cluster_14692,Cluster_981,Apul-Peve,0.36040176374442945,,FALSE
Cluster_14692,Cluster_1004,Apul-Peve,-0.47844755458447924,,FALSE
Cluster_14692,Cluster_2392,Apul-Peve,-0.697221833444458,,FALSE
Cluster_14692,Cluster_2454,Apul-Peve,-0.8834677546269823,,FALSE
Cluster_14692,Cluster_2478,Apul-Peve,-0.29171191852701905,,FALSE
Cluster_14692,Cluster_3165,Apul-Peve,-0.23082812943033093,,FALSE
Cluster_14692,Cluster_3380,Apul-Peve,-0.12254963251781033,,FALSE
Cluster_14692,Cluster_3652,Apul-Peve,0.6874125344402165,,FALSE
Cluster_14692,Cluster_3653,Apul-Peve,-0.8756247591806056,,FALSE
Cluster_14692,Cluster_3672,Apul-Peve,-0.6028711218133688,,FALSE
Cluster_14692,Cluster_3676,Apul-Peve,0.8677548261968014,,FALSE
Cluster_14692,Cluster_4160,Apul-Peve,-0.5097883642086265,,FALSE
Cluster_14692,Cluster_4161,Apul-Peve,0.3576111884894466,,FALSE
Cluster_14692,Cluster_4229,Apul-Peve,-0.43579260679672976,,FALSE
Cluster_14692,Cluster_4247,Apul-Peve,-0.8328103479521116,,FALSE
Cluster_14692,Cluster_4968,Apul-Peve,-0.9859001853935453,,FALSE
Cluster_14692,Cluster_5058,Apul-Peve,-0.5506825535962507,,FALSE
Cluster_14692,Cluster_5257,Apul-Peve,-0.5405247469484294,,FALSE
Cluster_14692,Cluster_5613,Apul-Peve,-0.2445172274387699,,FALSE
Cluster_14692,Cluster_6099,Apul-Peve,0.8149535912169271,,FALSE
Cluster_14692,Cluster_6234,Apul-Peve,-0.21056430793646985,,FALSE
Cluster_14692,Cluster_6235,Apul-Peve,-0.1561900126442278,,FALSE
Cluster_14692,Cluster_6236,Apul-Peve,-0.7812877292335535,,FALSE
Cluster_14692,Cluster_6242,Apul-Peve,-0.7220916117558488,,FALSE
Cluster_14692,Cluster_6356,Apul-Peve,0.15763539638851828,,FALSE
Cluster_14692,Cluster_6918,Apul-Peve,-0.3966455000237656,,FALSE
Cluster_14692,Cluster_6919,Apul-Peve,0.5346260047565065,,FALSE
Cluster_14692,Cluster_7882,Apul-Peve,0.9370794066108209,,FALSE
Cluster_14692,Cluster_8071,Apul-Peve,0.9894152577439025,,FALSE
Cluster_14692,Cluster_8074,Apul-Peve,-0.1964693510821325,,FALSE
Cluster_14692,Cluster_8075,Apul-Peve,0.9563519997568489,,FALSE
Cluster_14692,Cluster_8147,Apul-Peve,0.10919888921749647,,FALSE
Cluster_14692,Cluster_9149,Apul-Peve,-0.4791458553496848,,FALSE
Cluster_14692,Cluster_9196,Apul-Peve,0.029968477136559157,,FALSE
Cluster_14692,Cluster_9197,Apul-Peve,0.2800348040918176,,FALSE
Cluster_14692,Cluster_9535,Apul-Peve,0.5924520597919404,,FALSE
Cluster_14692,Cluster_10059,Apul-Peve,0.6054093436838739,,FALSE
Cluster_14692,Cluster_10229,Apul-Peve,-0.43816902884322384,,FALSE
Cluster_14692,Cluster_11004,Apul-Peve,-0.17393553260791536,,FALSE
Cluster_14692,Cluster_11615,Apul-Peve,0.3823829959424583,,FALSE
Cluster_14692,Cluster_13926,Apul-Peve,0.10977761097993612,,FALSE
Cluster_14692,Cluster_14602,Apul-Peve,-0.23322690480308372,,FALSE
Cluster_14692,Cluster_14747,Apul-Peve,-0.19385105562227745,,FALSE
Cluster_14692,Cluster_15329,Apul-Peve,0.8429173080291743,,FALSE
Cluster_15097,Cluster_27,Apul-Peve,0.7860545509560642,,FALSE
Cluster_15097,Cluster_491,Apul-Peve,-0.45266118322284443,,FALSE
Cluster_15097,Cluster_661,Apul-Peve,0.5711775931020214,,FALSE
Cluster_15097,Cluster_670,Apul-Peve,0.04133440206400367,,FALSE
Cluster_15097,Cluster_981,Apul-Peve,-0.1621889907150779,,FALSE
Cluster_15097,Cluster_1004,Apul-Peve,0.019306479246132862,,FALSE
Cluster_15097,Cluster_2392,Apul-Peve,-0.24265938542445176,,FALSE
Cluster_15097,Cluster_2454,Apul-Peve,-0.5642145427697646,,FALSE
Cluster_15097,Cluster_2478,Apul-Peve,0.2336394346062358,,FALSE
Cluster_15097,Cluster_3165,Apul-Peve,0.28859798811321036,,FALSE
Cluster_15097,Cluster_3380,Apul-Peve,-0.2864784476860526,,FALSE
Cluster_15097,Cluster_3652,Apul-Peve,0.6624127961133582,,FALSE
Cluster_15097,Cluster_3653,Apul-Peve,-0.5211682053364369,,FALSE
Cluster_15097,Cluster_3672,Apul-Peve,-0.1332993615909247,,FALSE
Cluster_15097,Cluster_3676,Apul-Peve,0.5813977065663614,,FALSE
Cluster_15097,Cluster_4160,Apul-Peve,-0.03188339637748487,,FALSE
Cluster_15097,Cluster_4161,Apul-Peve,0.08592449827531863,,FALSE
Cluster_15097,Cluster_4229,Apul-Peve,0.05777831668190663,,FALSE
Cluster_15097,Cluster_4247,Apul-Peve,-0.4560862345335578,,FALSE
Cluster_15097,Cluster_4968,Apul-Peve,-0.7755468398661832,,FALSE
Cluster_15097,Cluster_5058,Apul-Peve,-0.06495962395907519,,FALSE
Cluster_15097,Cluster_5257,Apul-Peve,-0.885107277304446,,FALSE
Cluster_15097,Cluster_5613,Apul-Peve,0.26085475611650843,,FALSE
Cluster_15097,Cluster_6099,Apul-Peve,0.5024734658867399,,FALSE
Cluster_15097,Cluster_6234,Apul-Peve,-0.06927647418543252,,FALSE
Cluster_15097,Cluster_6235,Apul-Peve,-0.5243876099243379,,FALSE
Cluster_15097,Cluster_6236,Apul-Peve,-0.40796740118914493,,FALSE
Cluster_15097,Cluster_6242,Apul-Peve,-0.30520620747869887,,FALSE
Cluster_15097,Cluster_6356,Apul-Peve,-0.3652890169087786,,FALSE
Cluster_15097,Cluster_6918,Apul-Peve,-0.2815484618848702,,FALSE
Cluster_15097,Cluster_6919,Apul-Peve,0.19309423980082047,,FALSE
Cluster_15097,Cluster_7882,Apul-Peve,0.7201035173352522,,FALSE
Cluster_15097,Cluster_8071,Apul-Peve,0.7787333868331388,,FALSE
Cluster_15097,Cluster_8074,Apul-Peve,-0.6607123362197197,,FALSE
Cluster_15097,Cluster_8075,Apul-Peve,0.9176982779792362,,FALSE
Cluster_15097,Cluster_8147,Apul-Peve,-0.38623797804368776,,FALSE
Cluster_15097,Cluster_9149,Apul-Peve,-0.06278019227562433,,FALSE
Cluster_15097,Cluster_9196,Apul-Peve,0.159558169249556,,FALSE
Cluster_15097,Cluster_9197,Apul-Peve,0.04508442007494673,,FALSE
Cluster_15097,Cluster_9535,Apul-Peve,0.3733466797779705,,FALSE
Cluster_15097,Cluster_10059,Apul-Peve,0.40491706564988594,,FALSE
Cluster_15097,Cluster_10229,Apul-Peve,0.0656665291301467,,FALSE
Cluster_15097,Cluster_11004,Apul-Peve,-0.5213744682851182,,FALSE
Cluster_15097,Cluster_11615,Apul-Peve,0.3136438285962761,,FALSE
Cluster_15097,Cluster_13926,Apul-Peve,0.5524979503888846,,FALSE
Cluster_15097,Cluster_14602,Apul-Peve,-0.08514138896398933,,FALSE
Cluster_15097,Cluster_14747,Apul-Peve,-0.6644152188866559,,FALSE
Cluster_15097,Cluster_15329,Apul-Peve,0.6352911847216045,,FALSE
Cluster_16354,Cluster_27,Apul-Peve,0.7684273056210115,,FALSE
Cluster_16354,Cluster_491,Apul-Peve,-0.4779872548412077,,FALSE
Cluster_16354,Cluster_661,Apul-Peve,0.5556730708959806,,FALSE
Cluster_16354,Cluster_670,Apul-Peve,0.012699745351836121,,FALSE
Cluster_16354,Cluster_981,Apul-Peve,-0.13457369103228495,,FALSE
Cluster_16354,Cluster_1004,Apul-Peve,-0.009370780875010162,,FALSE
Cluster_16354,Cluster_2392,Apul-Peve,-0.26916394499948343,,FALSE
Cluster_16354,Cluster_2454,Apul-Peve,-0.5849257615260991,,FALSE
Cluster_16354,Cluster_2478,Apul-Peve,0.20636870001393678,,FALSE
Cluster_16354,Cluster_3165,Apul-Peve,0.26096895516226887,,FALSE
Cluster_16354,Cluster_3380,Apul-Peve,-0.2751087585580352,,FALSE
Cluster_16354,Cluster_3652,Apul-Peve,0.6719905275746655,,FALSE
Cluster_16354,Cluster_3653,Apul-Peve,-0.5440493628896893,,FALSE
Cluster_16354,Cluster_3672,Apul-Peve,-0.1593271146546171,,FALSE
Cluster_16354,Cluster_3676,Apul-Peve,0.6033824227050137,,FALSE
Cluster_16354,Cluster_4160,Apul-Peve,-0.06024067049534573,,FALSE
Cluster_16354,Cluster_4161,Apul-Peve,0.09785703378918838,,FALSE
Cluster_16354,Cluster_4229,Apul-Peve,0.02931564761554318,,FALSE
Cluster_16354,Cluster_4247,Apul-Peve,-0.4794826350829778,,FALSE
Cluster_16354,Cluster_4968,Apul-Peve,-0.7925727355099291,,FALSE
Cluster_16354,Cluster_5058,Apul-Peve,-0.0935564937410645,,FALSE
Cluster_16354,Cluster_5257,Apul-Peve,-0.871616032840751,,FALSE
Cluster_16354,Cluster_5613,Apul-Peve,0.2332560572047381,,FALSE
Cluster_16354,Cluster_6099,Apul-Peve,0.5255789999155502,,FALSE
Cluster_16354,Cluster_6234,Apul-Peve,-0.08211183139177285,,FALSE
Cluster_16354,Cluster_6235,Apul-Peve,-0.5047867048009401,,FALSE
Cluster_16354,Cluster_6236,Apul-Peve,-0.4301794934241347,,FALSE
Cluster_16354,Cluster_6242,Apul-Peve,-0.3321021271531756,,FALSE
Cluster_16354,Cluster_6356,Apul-Peve,-0.33852816221915755,,FALSE
Cluster_16354,Cluster_6918,Apul-Peve,-0.2857828937233892,,FALSE
Cluster_16354,Cluster_6919,Apul-Peve,0.2166493061231348,,FALSE
Cluster_16354,Cluster_7882,Apul-Peve,0.7389059550474587,,FALSE
Cluster_16354,Cluster_8071,Apul-Peve,0.7961241109669215,,FALSE
Cluster_16354,Cluster_8074,Apul-Peve,-0.6404126595987053,,FALSE
Cluster_16354,Cluster_8075,Apul-Peve,0.9255250014652582,,FALSE
Cluster_16354,Cluster_8147,Apul-Peve,-0.3599917865246162,,FALSE
Cluster_16354,Cluster_9149,Apul-Peve,-0.0839247303430929,,FALSE
Cluster_16354,Cluster_9196,Apul-Peve,0.15800010788395358,,FALSE
Cluster_16354,Cluster_9197,Apul-Peve,0.05441770515893877,,FALSE
Cluster_16354,Cluster_9535,Apul-Peve,0.38476122567979987,,FALSE
Cluster_16354,Cluster_10059,Apul-Peve,0.4226272779226412,,FALSE
Cluster_16354,Cluster_10229,Apul-Peve,0.037016956584432124,,FALSE
Cluster_16354,Cluster_11004,Apul-Peve,-0.5027344191667933,,FALSE
Cluster_16354,Cluster_11615,Apul-Peve,0.3154660651747896,,FALSE
Cluster_16354,Cluster_13926,Apul-Peve,0.529891859330488,,FALSE
Cluster_16354,Cluster_14602,Apul-Peve,-0.09843956425851112,,FALSE
Cluster_16354,Cluster_14747,Apul-Peve,-0.6427259056723663,,FALSE
Cluster_16354,Cluster_15329,Apul-Peve,0.6538993589036162,,FALSE
Cluster_17173,Cluster_27,Apul-Peve,-0.8490631618434162,,FALSE
Cluster_17173,Cluster_491,Apul-Peve,0.19331111436748163,,FALSE
Cluster_17173,Cluster_661,Apul-Peve,-0.8484277887877537,,FALSE
Cluster_17173,Cluster_670,Apul-Peve,-0.33600133979708713,,FALSE
Cluster_17173,Cluster_981,Apul-Peve,0.48015470254494513,,FALSE
Cluster_17173,Cluster_1004,Apul-Peve,-0.27560585476724264,,FALSE
Cluster_17173,Cluster_2392,Apul-Peve,-0.11507028697094532,,FALSE
Cluster_17173,Cluster_2454,Apul-Peve,0.2069911307084835,,FALSE
Cluster_17173,Cluster_2478,Apul-Peve,-0.5400320382407979,,FALSE
Cluster_17173,Cluster_3165,Apul-Peve,-0.5272989259485525,,FALSE
Cluster_17173,Cluster_3380,Apul-Peve,0.12428455662084935,,FALSE
Cluster_17173,Cluster_3652,Apul-Peve,-0.7018416089351961,,FALSE
Cluster_17173,Cluster_3653,Apul-Peve,0.1752597029032024,,FALSE
Cluster_17173,Cluster_3672,Apul-Peve,-0.2410964212546193,,FALSE
Cluster_17173,Cluster_3676,Apul-Peve,-0.3913931322366364,,FALSE
Cluster_17173,Cluster_4160,Apul-Peve,-0.19994126620547073,,FALSE
Cluster_17173,Cluster_4161,Apul-Peve,0.2921086485245556,,FALSE
Cluster_17173,Cluster_4229,Apul-Peve,-0.28989572046427586,,FALSE
Cluster_17173,Cluster_4247,Apul-Peve,0.09465481080644518,,FALSE
Cluster_17173,Cluster_4968,Apul-Peve,0.4931440952163888,,FALSE
Cluster_17173,Cluster_5058,Apul-Peve,-0.19934458667970173,,FALSE
Cluster_17173,Cluster_5257,Apul-Peve,0.9141646389192806,,FALSE
Cluster_17173,Cluster_5613,Apul-Peve,-0.4678358226506423,,FALSE
Cluster_17173,Cluster_6099,Apul-Peve,-0.3215157954796305,,FALSE
Cluster_17173,Cluster_6234,Apul-Peve,0.19177239034723406,,FALSE
Cluster_17173,Cluster_6235,Apul-Peve,0.5214019013230835,,FALSE
Cluster_17173,Cluster_6236,Apul-Peve,0.024621853274006133,,FALSE
Cluster_17173,Cluster_6242,Apul-Peve,0.06254077563761812,,FALSE
Cluster_17173,Cluster_6356,Apul-Peve,0.6183749348402956,,FALSE
Cluster_17173,Cluster_6918,Apul-Peve,-0.051105897434930915,,FALSE
Cluster_17173,Cluster_6919,Apul-Peve,-0.10101955158114102,,FALSE
Cluster_17173,Cluster_7882,Apul-Peve,-0.5337772930572969,,FALSE
Cluster_17173,Cluster_8071,Apul-Peve,-0.511782126967157,,FALSE
Cluster_17173,Cluster_8074,Apul-Peve,0.8784171190661482,,FALSE
Cluster_17173,Cluster_8075,Apul-Peve,-0.6858253660549202,,FALSE
Cluster_17173,Cluster_8147,Apul-Peve,0.5597988402817375,,FALSE
Cluster_17173,Cluster_9149,Apul-Peve,-0.33642390619547563,,FALSE
Cluster_17173,Cluster_9196,Apul-Peve,-0.43955719114676334,,FALSE
Cluster_17173,Cluster_9197,Apul-Peve,0.3155760595409259,,FALSE
Cluster_17173,Cluster_9535,Apul-Peve,0.00469009337791045,,FALSE
Cluster_17173,Cluster_10059,Apul-Peve,-0.3891885468381385,,FALSE
Cluster_17173,Cluster_10229,Apul-Peve,-0.3193260344150432,,FALSE
Cluster_17173,Cluster_11004,Apul-Peve,0.4970999162433218,,FALSE
Cluster_17173,Cluster_11615,Apul-Peve,-0.001584843425749309,,FALSE
Cluster_17173,Cluster_13926,Apul-Peve,-0.6389345883843339,,FALSE
Cluster_17173,Cluster_14602,Apul-Peve,0.19906094795786713,,FALSE
Cluster_17173,Cluster_14747,Apul-Peve,0.8321302543107203,,FALSE
Cluster_17173,Cluster_15329,Apul-Peve,-0.5166856954343553,,FALSE
Cluster_17186,Cluster_27,Apul-Peve,-0.5769079945554545,,FALSE
Cluster_17186,Cluster_491,Apul-Peve,-0.8365481747950945,,FALSE
Cluster_17186,Cluster_661,Apul-Peve,-0.6698950031157809,,FALSE
Cluster_17186,Cluster_670,Apul-Peve,-0.9899812608613052,,FALSE
Cluster_17186,Cluster_981,Apul-Peve,0.9904266809399285,,FALSE
Cluster_17186,Cluster_1004,Apul-Peve,-0.959679216009199,,FALSE
Cluster_17186,Cluster_2392,Apul-Peve,-0.9603030667605369,,FALSE
Cluster_17186,Cluster_2454,Apul-Peve,-0.7814264830136043,,FALSE
Cluster_17186,Cluster_2478,Apul-Peve,-0.9778944100679198,,FALSE
Cluster_17186,Cluster_3165,Apul-Peve,-0.9392325605450892,,FALSE
Cluster_17186,Cluster_3380,Apul-Peve,0.19785002809830737,,FALSE
Cluster_17186,Cluster_3652,Apul-Peve,0.17163967056721122,,FALSE
Cluster_17186,Cluster_3653,Apul-Peve,-0.8334939470237978,,FALSE
Cluster_17186,Cluster_3672,Apul-Peve,-0.9690892519563931,,FALSE
Cluster_17186,Cluster_3676,Apul-Peve,0.684308934430479,,FALSE
Cluster_17186,Cluster_4160,Apul-Peve,-0.9282636507330546,,FALSE
Cluster_17186,Cluster_4161,Apul-Peve,0.6022075060768834,,FALSE
Cluster_17186,Cluster_4229,Apul-Peve,-0.9382582306362711,,FALSE
Cluster_17186,Cluster_4247,Apul-Peve,-0.8642293244847681,,FALSE
Cluster_17186,Cluster_4968,Apul-Peve,-0.609408633826396,,FALSE
Cluster_17186,Cluster_5058,Apul-Peve,-0.9571935181901547,,FALSE
Cluster_17186,Cluster_5257,Apul-Peve,0.44875491085560687,,FALSE
Cluster_17186,Cluster_5613,Apul-Peve,-0.9117025527530096,,FALSE
Cluster_17186,Cluster_6099,Apul-Peve,0.7131330241461291,,FALSE
Cluster_17186,Cluster_6234,Apul-Peve,-0.23974442451970338,,FALSE
Cluster_17186,Cluster_6235,Apul-Peve,0.5577177285894622,,FALSE
Cluster_17186,Cluster_6236,Apul-Peve,-0.8535736746370494,,FALSE
Cluster_17186,Cluster_6242,Apul-Peve,-0.8766833773846113,,FALSE
Cluster_17186,Cluster_6356,Apul-Peve,0.933342703526581,,FALSE
Cluster_17186,Cluster_6918,Apul-Peve,-0.34791610735950157,,FALSE
Cluster_17186,Cluster_6919,Apul-Peve,0.6802692731078178,,FALSE
Cluster_17186,Cluster_7882,Apul-Peve,0.5863691426216349,,FALSE
Cluster_17186,Cluster_8071,Apul-Peve,0.6068574629666756,,FALSE
Cluster_17186,Cluster_8074,Apul-Peve,0.7577659026041402,,FALSE
Cluster_17186,Cluster_8075,Apul-Peve,0.3155243244772124,,FALSE
Cluster_17186,Cluster_8147,Apul-Peve,0.8597446074589677,,FALSE
Cluster_17186,Cluster_9149,Apul-Peve,-0.8644333303783993,,FALSE
Cluster_17186,Cluster_9196,Apul-Peve,-0.2705547145559513,,FALSE
Cluster_17186,Cluster_9197,Apul-Peve,0.52307471900817,,FALSE
Cluster_17186,Cluster_9535,Apul-Peve,0.5661264903894737,,FALSE
Cluster_17186,Cluster_10059,Apul-Peve,0.4498253468630314,,FALSE
Cluster_17186,Cluster_10229,Apul-Peve,-0.9605080423568811,,FALSE
Cluster_17186,Cluster_11004,Apul-Peve,0.5155412224894727,,FALSE
Cluster_17186,Cluster_11615,Apul-Peve,0.26556780058751406,,FALSE
Cluster_17186,Cluster_13926,Apul-Peve,-0.7087729038308542,,FALSE
Cluster_17186,Cluster_14602,Apul-Peve,-0.25741286557768234,,FALSE
Cluster_17186,Cluster_14747,Apul-Peve,0.7561472156710877,,FALSE
Cluster_17186,Cluster_15329,Apul-Peve,0.535370014101872,,FALSE
Cluster_17192,Cluster_27,Apul-Peve,-0.7717736841305253,,FALSE
Cluster_17192,Cluster_491,Apul-Peve,0.1666797206518128,,FALSE
Cluster_17192,Cluster_661,Apul-Peve,-0.917475896294131,,FALSE
Cluster_17192,Cluster_670,Apul-Peve,-0.3545897608758287,,FALSE
Cluster_17192,Cluster_981,Apul-Peve,0.5158029276983063,,FALSE
Cluster_17192,Cluster_1004,Apul-Peve,-0.27121637641383317,miR-100,TRUE
Cluster_17192,Cluster_2392,Apul-Peve,-0.19003359149961227,,FALSE
Cluster_17192,Cluster_2454,Apul-Peve,0.09297580341119258,,FALSE
Cluster_17192,Cluster_2478,Apul-Peve,-0.5689835348156477,,FALSE
Cluster_17192,Cluster_3165,Apul-Peve,-0.5120373255907853,,FALSE
Cluster_17192,Cluster_3380,Apul-Peve,-0.043461476049098495,,FALSE
Cluster_17192,Cluster_3652,Apul-Peve,-0.7640393255192516,,FALSE
Cluster_17192,Cluster_3653,Apul-Peve,0.08110478488498954,,FALSE
Cluster_17192,Cluster_3672,Apul-Peve,-0.32634903542740257,,FALSE
Cluster_17192,Cluster_3676,Apul-Peve,-0.3853268309209658,,FALSE
Cluster_17192,Cluster_4160,Apul-Peve,-0.18365301356697328,,FALSE
Cluster_17192,Cluster_4161,Apul-Peve,0.4567359955202248,,FALSE
Cluster_17192,Cluster_4229,Apul-Peve,-0.27119114096620905,,FALSE
Cluster_17192,Cluster_4247,Apul-Peve,-0.004582830978681413,,FALSE
Cluster_17192,Cluster_4968,Apul-Peve,0.39925008179118865,,FALSE
Cluster_17192,Cluster_5058,Apul-Peve,-0.20213668456361486,,FALSE
Cluster_17192,Cluster_5257,Apul-Peve,0.8370519280849786,,FALSE
Cluster_17192,Cluster_5613,Apul-Peve,-0.4341549446810111,,FALSE
Cluster_17192,Cluster_6099,Apul-Peve,-0.32891719425549804,,FALSE
Cluster_17192,Cluster_6234,Apul-Peve,0.3356430603703145,,FALSE
Cluster_17192,Cluster_6235,Apul-Peve,0.39905454867485846,,FALSE
Cluster_17192,Cluster_6236,Apul-Peve,-0.0933820509329853,,FALSE
Cluster_17192,Cluster_6242,Apul-Peve,0.05802991498310414,,FALSE
Cluster_17192,Cluster_6356,Apul-Peve,0.6149253287358301,,FALSE
Cluster_17192,Cluster_6918,Apul-Peve,-0.23536196908576448,,FALSE
Cluster_17192,Cluster_6919,Apul-Peve,-0.17167323072342697,,FALSE
Cluster_17192,Cluster_7882,Apul-Peve,-0.5091684862770496,,FALSE
Cluster_17192,Cluster_8071,Apul-Peve,-0.4291988753870296,,FALSE
Cluster_17192,Cluster_8074,Apul-Peve,0.8827847368287662,,FALSE
Cluster_17192,Cluster_8075,Apul-Peve,-0.5682884984175665,,FALSE
Cluster_17192,Cluster_8147,Apul-Peve,0.5105771149676124,,FALSE
Cluster_17192,Cluster_9149,Apul-Peve,-0.46222385164145574,,FALSE
Cluster_17192,Cluster_9196,Apul-Peve,-0.5968988236448343,,FALSE
Cluster_17192,Cluster_9197,Apul-Peve,0.48319455870316746,,FALSE
Cluster_17192,Cluster_9535,Apul-Peve,0.17863357617257053,,FALSE
Cluster_17192,Cluster_10059,Apul-Peve,-0.4688902374524043,,FALSE
Cluster_17192,Cluster_10229,Apul-Peve,-0.31245298746629685,,FALSE
Cluster_17192,Cluster_11004,Apul-Peve,0.3672608903771813,,FALSE
Cluster_17192,Cluster_11615,Apul-Peve,0.1843064513657771,,FALSE
Cluster_17192,Cluster_13926,Apul-Peve,-0.5534307316196966,,FALSE
Cluster_17192,Cluster_14602,Apul-Peve,0.33995127280304094,,FALSE
Cluster_17192,Cluster_14747,Apul-Peve,0.7984287976859887,,FALSE
Cluster_17192,Cluster_15329,Apul-Peve,-0.5339094747887841,,FALSE
Cluster_17245,Cluster_27,Apul-Peve,0.34782271419665595,,FALSE
Cluster_17245,Cluster_491,Apul-Peve,-0.8373258787112459,,FALSE
Cluster_17245,Cluster_661,Apul-Peve,0.3375561885064647,,FALSE
Cluster_17245,Cluster_670,Apul-Peve,-0.4406921441074362,,FALSE
Cluster_17245,Cluster_981,Apul-Peve,0.29176106496399634,,FALSE
Cluster_17245,Cluster_1004,Apul-Peve,-0.4862552863723036,,FALSE
Cluster_17245,Cluster_2392,Apul-Peve,-0.6102682412264542,,FALSE
Cluster_17245,Cluster_2454,Apul-Peve,-0.7694293271201211,,FALSE
Cluster_17245,Cluster_2478,Apul-Peve,-0.2258738772039642,,FALSE
Cluster_17245,Cluster_3165,Apul-Peve,-0.22717220081483283,,FALSE
Cluster_17245,Cluster_3380,Apul-Peve,0.10632883484913494,,FALSE
Cluster_17245,Cluster_3652,Apul-Peve,0.8528859867982598,,FALSE
Cluster_17245,Cluster_3653,Apul-Peve,-0.7878225529960656,,FALSE
Cluster_17245,Cluster_3672,Apul-Peve,-0.4886855298936412,,FALSE
Cluster_17245,Cluster_3676,Apul-Peve,0.9213416467873762,,FALSE
Cluster_17245,Cluster_4160,Apul-Peve,-0.5411561337179596,,FALSE
Cluster_17245,Cluster_4161,Apul-Peve,0.11514038962488493,,FALSE
Cluster_17245,Cluster_4229,Apul-Peve,-0.4615448271360535,,FALSE
Cluster_17245,Cluster_4247,Apul-Peve,-0.7304850675433381,,FALSE
Cluster_17245,Cluster_4968,Apul-Peve,-0.9243562964578141,miR-2036,TRUE
Cluster_17245,Cluster_5058,Apul-Peve,-0.5562321623206327,,FALSE
Cluster_17245,Cluster_5257,Apul-Peve,-0.5128697126328651,,FALSE
Cluster_17245,Cluster_5613,Apul-Peve,-0.27201992943122905,,FALSE
Cluster_17245,Cluster_6099,Apul-Peve,0.8811155569420241,,FALSE
Cluster_17245,Cluster_6234,Apul-Peve,-0.4399944540542296,,FALSE
Cluster_17245,Cluster_6235,Apul-Peve,-0.020885259714403165,,FALSE
Cluster_17245,Cluster_6236,Apul-Peve,-0.6450191636563265,,FALSE
Cluster_17245,Cluster_6242,Apul-Peve,-0.7498355337609436,,FALSE
Cluster_17245,Cluster_6356,Apul-Peve,0.12776974912001934,,FALSE
Cluster_17245,Cluster_6918,Apul-Peve,-0.14358721855751755,,FALSE
Cluster_17245,Cluster_6919,Apul-Peve,0.6657134668736209,,FALSE
Cluster_17245,Cluster_7882,Apul-Peve,0.9763046054101695,,FALSE
Cluster_17245,Cluster_8071,Apul-Peve,0.9456041105584498,,FALSE
Cluster_17245,Cluster_8074,Apul-Peve,-0.2697887171143956,,FALSE
Cluster_17245,Cluster_8075,Apul-Peve,0.8723300629288016,,FALSE
Cluster_17245,Cluster_8147,Apul-Peve,0.1473558451750036,,FALSE
Cluster_17245,Cluster_9149,Apul-Peve,-0.2948538354648487,,FALSE
Cluster_17245,Cluster_9196,Apul-Peve,0.2879306706787634,,FALSE
Cluster_17245,Cluster_9197,Apul-Peve,0.028441063179560366,,FALSE
Cluster_17245,Cluster_9535,Apul-Peve,0.36555292265551015,,FALSE
Cluster_17245,Cluster_10059,Apul-Peve,0.7718131970224525,,FALSE
Cluster_17245,Cluster_10229,Apul-Peve,-0.4449588449850776,,FALSE
Cluster_17245,Cluster_11004,Apul-Peve,-0.02692069978480943,,FALSE
Cluster_17245,Cluster_11615,Apul-Peve,0.1298974657793398,,FALSE
Cluster_17245,Cluster_13926,Apul-Peve,0.03363093786493023,,FALSE
Cluster_17245,Cluster_14602,Apul-Peve,-0.45978390833440974,,FALSE
Cluster_17245,Cluster_14747,Apul-Peve,-0.20897155569016723,,FALSE
Cluster_17245,Cluster_15329,Apul-Peve,0.9375027638780477,,FALSE
Cluster_17623,Cluster_27,Apul-Peve,0.21897516468730702,,FALSE
Cluster_17623,Cluster_491,Apul-Peve,-0.10585007380220733,,FALSE
Cluster_17623,Cluster_661,Apul-Peve,0.8490534640476337,,FALSE
Cluster_17623,Cluster_670,Apul-Peve,0.22647563599870232,,FALSE
Cluster_17623,Cluster_981,Apul-Peve,-0.4052119170189181,,FALSE
Cluster_17623,Cluster_1004,Apul-Peve,0.08535986831005302,,FALSE
Cluster_17623,Cluster_2392,Apul-Peve,0.31614129404612235,,FALSE
Cluster_17623,Cluster_2454,Apul-Peve,0.27169597810627344,,FALSE
Cluster_17623,Cluster_2478,Apul-Peve,0.4204570514012411,,FALSE
Cluster_17623,Cluster_3165,Apul-Peve,0.2217904135244144,,FALSE
Cluster_17623,Cluster_3380,Apul-Peve,0.6629756994779982,,FALSE
Cluster_17623,Cluster_3652,Apul-Peve,0.7961671721506888,,FALSE
Cluster_17623,Cluster_3653,Apul-Peve,0.2026775054475502,,FALSE
Cluster_17623,Cluster_3672,Apul-Peve,0.45135407969985203,,FALSE
Cluster_17623,Cluster_3676,Apul-Peve,0.32391752951708613,,FALSE
Cluster_17623,Cluster_4160,Apul-Peve,-0.018251439153923212,,FALSE
Cluster_17623,Cluster_4161,Apul-Peve,-0.8714089364603423,,FALSE
Cluster_17623,Cluster_4229,Apul-Peve,0.035224717753539324,,FALSE
Cluster_17623,Cluster_4247,Apul-Peve,0.280130895181236,,FALSE
Cluster_17623,Cluster_4968,Apul-Peve,-0.006143805950543083,,FALSE
Cluster_17623,Cluster_5058,Apul-Peve,0.06187244237673332,,FALSE
Cluster_17623,Cluster_5257,Apul-Peve,-0.2794506518668637,,FALSE
Cluster_17623,Cluster_5613,Apul-Peve,0.10100306380360545,,FALSE
Cluster_17623,Cluster_6099,Apul-Peve,0.33512291505117064,,FALSE
Cluster_17623,Cluster_6234,Apul-Peve,-0.7912053449611658,,FALSE
Cluster_17623,Cluster_6235,Apul-Peve,0.21295651744478328,,FALSE
Cluster_17623,Cluster_6236,Apul-Peve,0.41384291735756434,,FALSE
Cluster_17623,Cluster_6242,Apul-Peve,-0.11197948716263179,,FALSE
Cluster_17623,Cluster_6356,Apul-Peve,-0.3398431681227166,,FALSE
Cluster_17623,Cluster_6918,Apul-Peve,0.8080898705483455,,FALSE
Cluster_17623,Cluster_6919,Apul-Peve,0.4489971311569654,,FALSE
Cluster_17623,Cluster_7882,Apul-Peve,0.3361218654480956,,FALSE
Cluster_17623,Cluster_8071,Apul-Peve,0.06880966272642106,,FALSE
Cluster_17623,Cluster_8074,Apul-Peve,-0.5793135432912553,,FALSE
Cluster_17623,Cluster_8075,Apul-Peve,0.013079128352849842,,FALSE
Cluster_17623,Cluster_8147,Apul-Peve,-0.10466959250354912,,FALSE
Cluster_17623,Cluster_9149,Apul-Peve,0.7078397846863254,,FALSE
Cluster_17623,Cluster_9196,Apul-Peve,0.9788647681076779,,FALSE
Cluster_17623,Cluster_9197,Apul-Peve,-0.9092554151759096,,FALSE
Cluster_17623,Cluster_9535,Apul-Peve,-0.7079284507109886,,FALSE
Cluster_17623,Cluster_10059,Apul-Peve,0.6741234819396209,,FALSE
Cluster_17623,Cluster_10229,Apul-Peve,0.10602510851506568,,FALSE
Cluster_17623,Cluster_11004,Apul-Peve,0.2591123311776623,,FALSE
Cluster_17623,Cluster_11615,Apul-Peve,-0.7852739609092794,,FALSE
Cluster_17623,Cluster_13926,Apul-Peve,0.018161965858023033,,FALSE
Cluster_17623,Cluster_14602,Apul-Peve,-0.7851885885172007,,FALSE
Cluster_17623,Cluster_14747,Apul-Peve,-0.37959593331799585,,FALSE
Cluster_17623,Cluster_15329,Apul-Peve,0.5016057163225413,,FALSE
Cluster_1819,Cluster_4,Apul-Ptuh,0.9658178585447835,,FALSE
Cluster_1819,Cluster_20,Apul-Ptuh,0.8673966426299925,,FALSE
Cluster_1819,Cluster_321,Apul-Ptuh,0.1038940188721884,,FALSE
Cluster_1819,Cluster_372,Apul-Ptuh,0.9071304932455895,,FALSE
Cluster_1819,Cluster_425,Apul-Ptuh,0.8206273247784729,,FALSE
Cluster_1819,Cluster_789,Apul-Ptuh,-0.9469238738904195,,FALSE
Cluster_1819,Cluster_958,Apul-Ptuh,0.7519270948586934,,FALSE
Cluster_1819,Cluster_1047,Apul-Ptuh,-0.7091198021537317,,FALSE
Cluster_1819,Cluster_1094,Apul-Ptuh,-0.6887996830367842,,FALSE
Cluster_1819,Cluster_1104,Apul-Ptuh,0.850742027359468,,FALSE
Cluster_1819,Cluster_1126,Apul-Ptuh,0.17536030202347797,,FALSE
Cluster_1819,Cluster_1159,Apul-Ptuh,0.7745954902840136,,FALSE
Cluster_1819,Cluster_1338,Apul-Ptuh,-0.686268777458354,,FALSE
Cluster_1819,Cluster_1345,Apul-Ptuh,0.7024238456414641,,FALSE
Cluster_1819,Cluster_1827,Apul-Ptuh,-0.2948024682936098,,FALSE
Cluster_1819,Cluster_1970,Apul-Ptuh,-0.4678747004581996,,FALSE
Cluster_1819,Cluster_1990,Apul-Ptuh,0.6129816711795013,,FALSE
Cluster_1819,Cluster_1991,Apul-Ptuh,-0.9144974028778183,,FALSE
Cluster_1819,Cluster_2871,Apul-Ptuh,0.3254930362167755,,FALSE
Cluster_1819,Cluster_2873,Apul-Ptuh,0.3250860954598811,,FALSE
Cluster_1819,Cluster_2897,Apul-Ptuh,-0.537067040160037,,FALSE
Cluster_1819,Cluster_3017,Apul-Ptuh,0.7846590520934454,,FALSE
Cluster_1819,Cluster_3415,Apul-Ptuh,0.9875661535645397,,FALSE
Cluster_1819,Cluster_3713,Apul-Ptuh,-0.5010928274946913,,FALSE
Cluster_1819,Cluster_4092,Apul-Ptuh,-0.3530205791405312,,FALSE
Cluster_1819,Cluster_4094,Apul-Ptuh,-0.9780629549397274,,FALSE
Cluster_1819,Cluster_4485,Apul-Ptuh,0.05383612881142645,,FALSE
Cluster_1819,Cluster_4487,Apul-Ptuh,-0.3859889852229271,,FALSE
Cluster_1819,Cluster_4489,Apul-Ptuh,-0.6990964086611092,,FALSE
Cluster_1819,Cluster_4490,Apul-Ptuh,-0.03943952617483762,,FALSE
Cluster_1819,Cluster_4609,Apul-Ptuh,0.8283610052512588,,FALSE
Cluster_1819,Cluster_4826,Apul-Ptuh,-0.8125438341656375,,FALSE
Cluster_1819,Cluster_4827,Apul-Ptuh,0.5606836451436814,,FALSE
Cluster_1819,Cluster_5123,Apul-Ptuh,-0.878775301443236,,FALSE
Cluster_1819,Cluster_5226,Apul-Ptuh,0.8863509812827132,,FALSE
Cluster_1819,Cluster_5267,Apul-Ptuh,-0.4634951288173811,,FALSE
Cluster_1819,Cluster_5627,Apul-Ptuh,-0.9581997319162168,,FALSE
Cluster_1819,Cluster_5749,Apul-Ptuh,-0.4863010036135972,,FALSE
Cluster_1819,Cluster_6456,Apul-Ptuh,0.35176928162055177,,FALSE
Cluster_1819,Cluster_6807,Apul-Ptuh,0.7495390888371216,,FALSE
Cluster_1832,Cluster_4,Apul-Ptuh,0.8756908410745735,,FALSE
Cluster_1832,Cluster_20,Apul-Ptuh,0.9716721886009999,,FALSE
Cluster_1832,Cluster_321,Apul-Ptuh,0.7258553542913733,,FALSE
Cluster_1832,Cluster_372,Apul-Ptuh,0.8293673705255492,,FALSE
Cluster_1832,Cluster_425,Apul-Ptuh,0.2601522994561249,,FALSE
Cluster_1832,Cluster_789,Apul-Ptuh,-0.670872682254706,,FALSE
Cluster_1832,Cluster_958,Apul-Ptuh,0.9724446698325194,,FALSE
Cluster_1832,Cluster_1047,Apul-Ptuh,-0.8516221336830959,,FALSE
Cluster_1832,Cluster_1094,Apul-Ptuh,-0.9887235934618839,,FALSE
Cluster_1832,Cluster_1104,Apul-Ptuh,0.9730731052605827,,FALSE
Cluster_1832,Cluster_1126,Apul-Ptuh,0.6958737145689703,,FALSE
Cluster_1832,Cluster_1159,Apul-Ptuh,0.9765216806235183,,FALSE
Cluster_1832,Cluster_1338,Apul-Ptuh,-0.03051200311886315,,FALSE
Cluster_1832,Cluster_1345,Apul-Ptuh,0.18313254232902723,,FALSE
Cluster_1832,Cluster_1827,Apul-Ptuh,-0.8065642569131241,,FALSE
Cluster_1832,Cluster_1970,Apul-Ptuh,-0.9344174613746259,,FALSE
Cluster_1832,Cluster_1990,Apul-Ptuh,0.047119550631721074,,FALSE
Cluster_1832,Cluster_1991,Apul-Ptuh,-0.9163532157525184,,FALSE
Cluster_1832,Cluster_2871,Apul-Ptuh,0.3052050761743889,,FALSE
Cluster_1832,Cluster_2873,Apul-Ptuh,0.8699755588599029,,FALSE
Cluster_1832,Cluster_2897,Apul-Ptuh,-0.04217192104962534,,FALSE
Cluster_1832,Cluster_3017,Apul-Ptuh,0.18004487201926167,,FALSE
Cluster_1832,Cluster_3415,Apul-Ptuh,0.8392552120337967,,FALSE
Cluster_1832,Cluster_3713,Apul-Ptuh,-0.122747251561085,,FALSE
Cluster_1832,Cluster_4092,Apul-Ptuh,-0.8397119514730562,,FALSE
Cluster_1832,Cluster_4094,Apul-Ptuh,-0.616866923542512,,FALSE
Cluster_1832,Cluster_4485,Apul-Ptuh,-0.5954559005849144,,FALSE
Cluster_1832,Cluster_4487,Apul-Ptuh,-0.8651771647653258,,FALSE
Cluster_1832,Cluster_4489,Apul-Ptuh,-0.946153909327964,,FALSE
Cluster_1832,Cluster_4490,Apul-Ptuh,-0.6334124153634221,,FALSE
Cluster_1832,Cluster_4609,Apul-Ptuh,0.4438497683183218,,FALSE
Cluster_1832,Cluster_4826,Apul-Ptuh,-0.34619932668913056,,FALSE
Cluster_1832,Cluster_4827,Apul-Ptuh,0.6561632921700776,,FALSE
Cluster_1832,Cluster_5123,Apul-Ptuh,-0.3650195289894531,,FALSE
Cluster_1832,Cluster_5226,Apul-Ptuh,0.4647042347722907,,FALSE
Cluster_1832,Cluster_5267,Apul-Ptuh,-0.037490851955440364,,FALSE
Cluster_1832,Cluster_5627,Apul-Ptuh,-0.7542994570744826,,FALSE
Cluster_1832,Cluster_5749,Apul-Ptuh,-0.4184846507811069,,FALSE
Cluster_1832,Cluster_6456,Apul-Ptuh,0.8666183092310743,,FALSE
Cluster_1832,Cluster_6807,Apul-Ptuh,0.9686510374610061,,FALSE
Cluster_1833,Cluster_4,Apul-Ptuh,-0.9386207928347753,,FALSE
Cluster_1833,Cluster_20,Apul-Ptuh,-0.8228560129001411,,FALSE
Cluster_1833,Cluster_321,Apul-Ptuh,-0.0855273017961467,,FALSE
Cluster_1833,Cluster_372,Apul-Ptuh,-0.7440592119171568,,FALSE
Cluster_1833,Cluster_425,Apul-Ptuh,-0.7588585754628715,,FALSE
Cluster_1833,Cluster_789,Apul-Ptuh,0.9996293324859035,,FALSE
Cluster_1833,Cluster_958,Apul-Ptuh,-0.7405036422503063,,FALSE
Cluster_1833,Cluster_1047,Apul-Ptuh,0.490417840274759,,FALSE
Cluster_1833,Cluster_1094,Apul-Ptuh,0.6437272377549887,,FALSE
Cluster_1833,Cluster_1104,Apul-Ptuh,-0.8150973373534908,,FALSE
Cluster_1833,Cluster_1126,Apul-Ptuh,-0.2526666404124267,,FALSE
Cluster_1833,Cluster_1159,Apul-Ptuh,-0.6353790192370735,,FALSE
Cluster_1833,Cluster_1338,Apul-Ptuh,0.7004630708145236,,FALSE
Cluster_1833,Cluster_1345,Apul-Ptuh,-0.8505755307723056,,FALSE
Cluster_1833,Cluster_1827,Apul-Ptuh,0.3259255773644949,,FALSE
Cluster_1833,Cluster_1970,Apul-Ptuh,0.3608273030248044,,FALSE
Cluster_1833,Cluster_1990,Apul-Ptuh,-0.483770302684917,,FALSE
Cluster_1833,Cluster_1991,Apul-Ptuh,0.9063635300741061,,FALSE
Cluster_1833,Cluster_2871,Apul-Ptuh,-0.026465816464314524,,FALSE
Cluster_1833,Cluster_2873,Apul-Ptuh,-0.2580385323859019,,FALSE
Cluster_1833,Cluster_2897,Apul-Ptuh,0.7407700110031629,,FALSE
Cluster_1833,Cluster_3017,Apul-Ptuh,-0.7635482763940895,,FALSE
Cluster_1833,Cluster_3415,Apul-Ptuh,-0.9425424118603555,,FALSE
Cluster_1833,Cluster_3713,Apul-Ptuh,0.27545860541599954,,FALSE
Cluster_1833,Cluster_4092,Apul-Ptuh,0.37827794766023165,,FALSE
Cluster_1833,Cluster_4094,Apul-Ptuh,0.9787050800984654,,FALSE
Cluster_1833,Cluster_4485,Apul-Ptuh,-0.03595766706422321,,FALSE
Cluster_1833,Cluster_4487,Apul-Ptuh,0.3978368060627122,,FALSE
Cluster_1833,Cluster_4489,Apul-Ptuh,0.5256954103553049,,FALSE
Cluster_1833,Cluster_4490,Apul-Ptuh,0.09473207836453908,,FALSE
Cluster_1833,Cluster_4609,Apul-Ptuh,-0.6627978311749281,,FALSE
Cluster_1833,Cluster_4826,Apul-Ptuh,0.6757727335623027,,FALSE
Cluster_1833,Cluster_4827,Apul-Ptuh,-0.28893281778684193,,FALSE
Cluster_1833,Cluster_5123,Apul-Ptuh,0.8143851446045405,,FALSE
Cluster_1833,Cluster_5226,Apul-Ptuh,-0.9701384284007973,,FALSE
Cluster_1833,Cluster_5267,Apul-Ptuh,0.25275569280459226,,FALSE
Cluster_1833,Cluster_5627,Apul-Ptuh,0.8265536674288162,,FALSE
Cluster_1833,Cluster_5749,Apul-Ptuh,0.20139448243293426,,FALSE
Cluster_1833,Cluster_6456,Apul-Ptuh,-0.33634583646990546,,FALSE
Cluster_1833,Cluster_6807,Apul-Ptuh,-0.7429704642014503,,FALSE
Cluster_1836,Cluster_4,Apul-Ptuh,0.24301119349154146,,FALSE
Cluster_1836,Cluster_20,Apul-Ptuh,0.4844110680909069,,FALSE
Cluster_1836,Cluster_321,Apul-Ptuh,0.8801792330548123,,FALSE
Cluster_1836,Cluster_372,Apul-Ptuh,0.3762378749483521,,FALSE
Cluster_1836,Cluster_425,Apul-Ptuh,-0.3968032135141262,,FALSE
Cluster_1836,Cluster_789,Apul-Ptuh,0.09100991455910437,,FALSE
Cluster_1836,Cluster_958,Apul-Ptuh,0.5651989897524864,,FALSE
Cluster_1836,Cluster_1047,Apul-Ptuh,-0.6560610717731242,,FALSE
Cluster_1836,Cluster_1094,Apul-Ptuh,-0.6826661524043053,,FALSE
Cluster_1836,Cluster_1104,Apul-Ptuh,0.49361609189798367,,FALSE
Cluster_1836,Cluster_1126,Apul-Ptuh,0.6737272483152937,,FALSE
Cluster_1836,Cluster_1159,Apul-Ptuh,0.6774115800220638,,FALSE
Cluster_1836,Cluster_1338,Apul-Ptuh,0.6466016481593202,,FALSE
Cluster_1836,Cluster_1345,Apul-Ptuh,-0.5951005709736695,,FALSE
Cluster_1836,Cluster_1827,Apul-Ptuh,-0.7501905573808116,,FALSE
Cluster_1836,Cluster_1970,Apul-Ptuh,-0.889732878842616,,FALSE
Cluster_1836,Cluster_1990,Apul-Ptuh,-0.40792498502404445,,FALSE
Cluster_1836,Cluster_1991,Apul-Ptuh,-0.32805003245867137,,FALSE
Cluster_1836,Cluster_2871,Apul-Ptuh,0.38793811943670065,,FALSE
Cluster_1836,Cluster_2873,Apul-Ptuh,0.9037893282136309,,FALSE
Cluster_1836,Cluster_2897,Apul-Ptuh,0.6761904278938243,,FALSE
Cluster_1836,Cluster_3017,Apul-Ptuh,-0.508924822052974,,FALSE
Cluster_1836,Cluster_3415,Apul-Ptuh,0.1913249895627418,,FALSE
Cluster_1836,Cluster_3713,Apul-Ptuh,0.10049872390414717,,FALSE
Cluster_1836,Cluster_4092,Apul-Ptuh,-0.7430392646116153,,FALSE
Cluster_1836,Cluster_4094,Apul-Ptuh,0.1406581749561183,,FALSE
Cluster_1836,Cluster_4485,Apul-Ptuh,-0.8251233907763305,,FALSE
Cluster_1836,Cluster_4487,Apul-Ptuh,-0.7580599453827546,,FALSE
Cluster_1836,Cluster_4489,Apul-Ptuh,-0.7456298636435104,,FALSE
Cluster_1836,Cluster_4490,Apul-Ptuh,-0.74629064475531,,FALSE
Cluster_1836,Cluster_4609,Apul-Ptuh,-0.05575455771041736,,FALSE
Cluster_1836,Cluster_4826,Apul-Ptuh,0.1989370633688353,,FALSE
Cluster_1836,Cluster_4827,Apul-Ptuh,0.5956892215947671,,FALSE
Cluster_1836,Cluster_5123,Apul-Ptuh,0.3119621946920574,,FALSE
Cluster_1836,Cluster_5226,Apul-Ptuh,-0.3366735908395467,,FALSE
Cluster_1836,Cluster_5267,Apul-Ptuh,0.19184636258970525,,FALSE
Cluster_1836,Cluster_5627,Apul-Ptuh,-0.19480155007420583,,FALSE
Cluster_1836,Cluster_5749,Apul-Ptuh,-0.3664012752943395,,FALSE
Cluster_1836,Cluster_6456,Apul-Ptuh,0.8210534225429201,,FALSE
Cluster_1836,Cluster_6807,Apul-Ptuh,0.5576028653591748,,FALSE
Cluster_1865,Cluster_4,Apul-Ptuh,0.10465238128782274,,FALSE
Cluster_1865,Cluster_20,Apul-Ptuh,0.2999837131606489,,FALSE
Cluster_1865,Cluster_321,Apul-Ptuh,0.8320249003928644,,FALSE
Cluster_1865,Cluster_372,Apul-Ptuh,-0.19831650767213557,,FALSE
Cluster_1865,Cluster_425,Apul-Ptuh,-0.6521652266440463,,FALSE
Cluster_1865,Cluster_789,Apul-Ptuh,-0.025082553314305582,,FALSE
Cluster_1865,Cluster_958,Apul-Ptuh,0.4966866566264705,,FALSE
Cluster_1865,Cluster_1047,Apul-Ptuh,0.08275466289643135,,FALSE
Cluster_1865,Cluster_1094,Apul-Ptuh,-0.5105614742758912,,FALSE
Cluster_1865,Cluster_1104,Apul-Ptuh,0.3392642047140631,,FALSE
Cluster_1865,Cluster_1126,Apul-Ptuh,0.9287651365991664,,FALSE
Cluster_1865,Cluster_1159,Apul-Ptuh,0.19397773291134238,,FALSE
Cluster_1865,Cluster_1338,Apul-Ptuh,0.65212051864488,,FALSE
Cluster_1865,Cluster_1345,Apul-Ptuh,-0.16458117105721984,,FALSE
Cluster_1865,Cluster_1827,Apul-Ptuh,-0.8496945786096807,,FALSE
Cluster_1865,Cluster_1970,Apul-Ptuh,-0.532572098309117,,FALSE
Cluster_1865,Cluster_1990,Apul-Ptuh,-0.8712255890407493,,FALSE
Cluster_1865,Cluster_1991,Apul-Ptuh,-0.25632366176045324,,FALSE
Cluster_1865,Cluster_2871,Apul-Ptuh,-0.5958845291984937,,FALSE
Cluster_1865,Cluster_2873,Apul-Ptuh,0.685161554626118,,FALSE
Cluster_1865,Cluster_2897,Apul-Ptuh,0.0571435942581369,,FALSE
Cluster_1865,Cluster_3017,Apul-Ptuh,-0.6321685882806245,,FALSE
Cluster_1865,Cluster_3415,Apul-Ptuh,-0.0073049419742059335,,FALSE
Cluster_1865,Cluster_3713,Apul-Ptuh,0.8651355212686292,,FALSE
Cluster_1865,Cluster_4092,Apul-Ptuh,-0.8200163289880599,,FALSE
Cluster_1865,Cluster_4094,Apul-Ptuh,0.19674221979204173,,FALSE
Cluster_1865,Cluster_4485,Apul-Ptuh,-0.9027555721862967,,FALSE
Cluster_1865,Cluster_4487,Apul-Ptuh,-0.7898311135319532,,FALSE
Cluster_1865,Cluster_4489,Apul-Ptuh,-0.15658233684855533,,FALSE
Cluster_1865,Cluster_4490,Apul-Ptuh,-0.9388287572643782,,FALSE
Cluster_1865,Cluster_4609,Apul-Ptuh,-0.642546166551635,,FALSE
Cluster_1865,Cluster_4826,Apul-Ptuh,0.6939833075412954,,FALSE
Cluster_1865,Cluster_4827,Apul-Ptuh,-0.30855590542957134,,FALSE
Cluster_1865,Cluster_5123,Apul-Ptuh,0.5774605796703132,,FALSE
Cluster_1865,Cluster_5226,Apul-Ptuh,-0.12088708611871708,,FALSE
Cluster_1865,Cluster_5267,Apul-Ptuh,0.9076991987595164,,FALSE
Cluster_1865,Cluster_5627,Apul-Ptuh,0.28398614541812517,,FALSE
Cluster_1865,Cluster_5749,Apul-Ptuh,0.5810022818981586,,FALSE
Cluster_1865,Cluster_6456,Apul-Ptuh,0.767267218232401,,FALSE
Cluster_1865,Cluster_6807,Apul-Ptuh,0.5048734928064921,,FALSE
Cluster_1950,Cluster_4,Apul-Ptuh,-0.6982316490890564,,FALSE
Cluster_1950,Cluster_20,Apul-Ptuh,-0.8256660642564807,,FALSE
Cluster_1950,Cluster_321,Apul-Ptuh,-0.8424600464590447,,FALSE
Cluster_1950,Cluster_372,Apul-Ptuh,-0.43135378180347334,,FALSE
Cluster_1950,Cluster_425,Apul-Ptuh,0.08015891397270825,,FALSE
Cluster_1950,Cluster_789,Apul-Ptuh,0.583318750122582,,FALSE
Cluster_1950,Cluster_958,Apul-Ptuh,-0.9253024819934904,,FALSE
Cluster_1950,Cluster_1047,Apul-Ptuh,0.43795771634236513,,FALSE
Cluster_1950,Cluster_1094,Apul-Ptuh,0.9119725159274886,,FALSE
Cluster_1950,Cluster_1104,Apul-Ptuh,-0.8486390366081796,,FALSE
Cluster_1950,Cluster_1126,Apul-Ptuh,-0.9406325602574829,,FALSE
Cluster_1950,Cluster_1159,Apul-Ptuh,-0.7054701445097779,,FALSE
Cluster_1950,Cluster_1338,Apul-Ptuh,-0.19040021575016136,,FALSE
Cluster_1950,Cluster_1345,Apul-Ptuh,-0.2224320655113178,,FALSE
Cluster_1950,Cluster_1827,Apul-Ptuh,0.9574125463669465,,FALSE
Cluster_1950,Cluster_1970,Apul-Ptuh,0.8200835916752726,,FALSE
Cluster_1950,Cluster_1990,Apul-Ptuh,0.3856081964289977,,FALSE
Cluster_1950,Cluster_1991,Apul-Ptuh,0.8005294884931886,,FALSE
Cluster_1950,Cluster_2871,Apul-Ptuh,0.24332006060071917,,FALSE
Cluster_1950,Cluster_2873,Apul-Ptuh,-0.8595229171429593,,FALSE
Cluster_1950,Cluster_2897,Apul-Ptuh,0.20041641746443592,,FALSE
Cluster_1950,Cluster_3017,Apul-Ptuh,0.09863169324634682,,FALSE
Cluster_1950,Cluster_3415,Apul-Ptuh,-0.6142325602092547,,FALSE
Cluster_1950,Cluster_3713,Apul-Ptuh,-0.412818601443808,,FALSE
Cluster_1950,Cluster_4092,Apul-Ptuh,0.9676674855075503,,FALSE
Cluster_1950,Cluster_4094,Apul-Ptuh,0.4157581521265712,,FALSE
Cluster_1950,Cluster_4485,Apul-Ptuh,0.7981795381444129,,FALSE
Cluster_1950,Cluster_4487,Apul-Ptuh,0.9647856321403561,,FALSE
Cluster_1950,Cluster_4489,Apul-Ptuh,0.6371893978665456,,FALSE
Cluster_1950,Cluster_4490,Apul-Ptuh,0.8749196039434405,,FALSE
Cluster_1950,Cluster_4609,Apul-Ptuh,0.028163907757490184,,FALSE
Cluster_1950,Cluster_4826,Apul-Ptuh,-0.09621018884016704,,FALSE
Cluster_1950,Cluster_4827,Apul-Ptuh,-0.15717255852936857,,FALSE
Cluster_1950,Cluster_5123,Apul-Ptuh,0.025719025654218613,,FALSE
Cluster_1950,Cluster_5226,Apul-Ptuh,-0.39931325879296303,,FALSE
Cluster_1950,Cluster_5267,Apul-Ptuh,-0.4808271905028021,,FALSE
Cluster_1950,Cluster_5627,Apul-Ptuh,0.37150214740773996,,FALSE
Cluster_1950,Cluster_5749,Apul-Ptuh,-0.13631207229052744,,FALSE
Cluster_1950,Cluster_6456,Apul-Ptuh,-0.9329773286732178,,FALSE
Cluster_1950,Cluster_6807,Apul-Ptuh,-0.9296450789214136,,FALSE
Cluster_1951,Cluster_4,Apul-Ptuh,-0.684383322571859,,FALSE
Cluster_1951,Cluster_20,Apul-Ptuh,-0.6817920180441236,,FALSE
Cluster_1951,Cluster_321,Apul-Ptuh,-0.18691963144230425,,FALSE
Cluster_1951,Cluster_372,Apul-Ptuh,-0.9430122088473092,,FALSE
Cluster_1951,Cluster_425,Apul-Ptuh,-0.6046011558361751,,FALSE
Cluster_1951,Cluster_789,Apul-Ptuh,0.4745554165046281,,FALSE
Cluster_1951,Cluster_958,Apul-Ptuh,-0.548268875541846,,FALSE
Cluster_1951,Cluster_1047,Apul-Ptuh,0.9613830908710708,,FALSE
Cluster_1951,Cluster_1094,Apul-Ptuh,0.5899221991916399,,FALSE
Cluster_1951,Cluster_1104,Apul-Ptuh,-0.6537298737262093,,FALSE
Cluster_1951,Cluster_1126,Apul-Ptuh,-0.0129776155613137,,FALSE
Cluster_1951,Cluster_1159,Apul-Ptuh,-0.8390229101785018,,FALSE
Cluster_1951,Cluster_1338,Apul-Ptuh,0.3386826654111262,,FALSE
Cluster_1951,Cluster_1345,Apul-Ptuh,-0.07497002774624788,,FALSE
Cluster_1951,Cluster_1827,Apul-Ptuh,0.19112016602082452,,FALSE
Cluster_1951,Cluster_1970,Apul-Ptuh,0.6002317227309909,,FALSE
Cluster_1951,Cluster_1990,Apul-Ptuh,-0.6138636446789368,,FALSE
Cluster_1951,Cluster_1991,Apul-Ptuh,0.6206697381010305,,FALSE
Cluster_1951,Cluster_2871,Apul-Ptuh,-0.8628419124059693,,FALSE
Cluster_1951,Cluster_2873,Apul-Ptuh,-0.4289410622851598,,FALSE
Cluster_1951,Cluster_2897,Apul-Ptuh,-0.1518512934409457,,FALSE
Cluster_1951,Cluster_3017,Apul-Ptuh,-0.4868287103092832,,FALSE
Cluster_1951,Cluster_3415,Apul-Ptuh,-0.7301789921727435,,FALSE
Cluster_1951,Cluster_3713,Apul-Ptuh,0.7736542804403364,,FALSE
Cluster_1951,Cluster_4092,Apul-Ptuh,0.2390955196270342,,FALSE
Cluster_1951,Cluster_4094,Apul-Ptuh,0.5976598146461409,,FALSE
Cluster_1951,Cluster_4485,Apul-Ptuh,0.007517548632738814,,FALSE
Cluster_1951,Cluster_4487,Apul-Ptuh,0.2890656112853027,,FALSE
Cluster_1951,Cluster_4489,Apul-Ptuh,0.8693637657946504,,FALSE
Cluster_1951,Cluster_4490,Apul-Ptuh,-0.01942193454697846,,FALSE
Cluster_1951,Cluster_4609,Apul-Ptuh,-0.8578208892711695,,FALSE
Cluster_1951,Cluster_4826,Apul-Ptuh,0.774401982170052,,FALSE
Cluster_1951,Cluster_4827,Apul-Ptuh,-0.973086882930219,,FALSE
Cluster_1951,Cluster_5123,Apul-Ptuh,0.6545255716388121,,FALSE
Cluster_1951,Cluster_5226,Apul-Ptuh,-0.3486101027235438,,FALSE
Cluster_1951,Cluster_5267,Apul-Ptuh,0.7104410114953916,,FALSE
Cluster_1951,Cluster_5627,Apul-Ptuh,0.8923562983783376,,FALSE
Cluster_1951,Cluster_5749,Apul-Ptuh,0.9320961009621899,,FALSE
Cluster_1951,Cluster_6456,Apul-Ptuh,-0.3303706009383358,,FALSE
Cluster_1951,Cluster_6807,Apul-Ptuh,-0.5359504398131443,,FALSE
Cluster_2372,Cluster_4,Apul-Ptuh,0.8374844693975393,,FALSE
Cluster_2372,Cluster_20,Apul-Ptuh,0.9159163844948575,,FALSE
Cluster_2372,Cluster_321,Apul-Ptuh,0.7298403170852007,,FALSE
Cluster_2372,Cluster_372,Apul-Ptuh,0.5836957878744392,,FALSE
Cluster_2372,Cluster_425,Apul-Ptuh,0.14434379439950876,,FALSE
Cluster_2372,Cluster_789,Apul-Ptuh,-0.7452712228372993,,FALSE
Cluster_2372,Cluster_958,Apul-Ptuh,0.9721803068804035,,FALSE
Cluster_2372,Cluster_1047,Apul-Ptuh,-0.5303867216942421,,FALSE
Cluster_2372,Cluster_1094,Apul-Ptuh,-0.9405147990028415,,FALSE
Cluster_2372,Cluster_1104,Apul-Ptuh,0.9316797983016412,,FALSE
Cluster_2372,Cluster_1126,Apul-Ptuh,0.841534168298454,,FALSE
Cluster_2372,Cluster_1159,Apul-Ptuh,0.7802497141908732,,FALSE
Cluster_2372,Cluster_1338,Apul-Ptuh,-0.024895418484050268,,FALSE
Cluster_2372,Cluster_1345,Apul-Ptuh,0.38917201506644644,,FALSE
Cluster_2372,Cluster_1827,Apul-Ptuh,-0.8821939392256075,,FALSE
Cluster_2372,Cluster_1970,Apul-Ptuh,-0.7980732106955445,,FALSE
Cluster_2372,Cluster_1990,Apul-Ptuh,-0.17369935711248774,,FALSE
Cluster_2372,Cluster_1991,Apul-Ptuh,-0.9114704350620931,,FALSE
Cluster_2372,Cluster_2871,Apul-Ptuh,-0.15005499487029636,,FALSE
Cluster_2372,Cluster_2873,Apul-Ptuh,0.7975153245490297,,FALSE
Cluster_2372,Cluster_2897,Apul-Ptuh,-0.3329666396689912,,FALSE
Cluster_2372,Cluster_3017,Apul-Ptuh,0.12385178163542149,,FALSE
Cluster_2372,Cluster_3415,Apul-Ptuh,0.7710691554360981,,FALSE
Cluster_2372,Cluster_3713,Apul-Ptuh,0.236904443777583,,FALSE
Cluster_2372,Cluster_4092,Apul-Ptuh,-0.9055958761200132,,FALSE
Cluster_2372,Cluster_4094,Apul-Ptuh,-0.6076983222813318,,FALSE
Cluster_2372,Cluster_4485,Apul-Ptuh,-0.6549069593381204,,FALSE
Cluster_2372,Cluster_4487,Apul-Ptuh,-0.9104643962120814,,FALSE
Cluster_2372,Cluster_4489,Apul-Ptuh,-0.6992989801009328,,FALSE
Cluster_2372,Cluster_4490,Apul-Ptuh,-0.7480147792820454,,FALSE
Cluster_2372,Cluster_4609,Apul-Ptuh,0.17834041489957525,,FALSE
Cluster_2372,Cluster_4826,Apul-Ptuh,-0.12044827549155539,,FALSE
Cluster_2372,Cluster_4827,Apul-Ptuh,0.25030401271147873,,FALSE
Cluster_2372,Cluster_5123,Apul-Ptuh,-0.24802325568205233,,FALSE
Cluster_2372,Cluster_5226,Apul-Ptuh,0.5787964921463823,,FALSE
Cluster_2372,Cluster_5267,Apul-Ptuh,0.302099793675623,,FALSE
Cluster_2372,Cluster_5627,Apul-Ptuh,-0.5507319417926956,,FALSE
Cluster_2372,Cluster_5749,Apul-Ptuh,0.01627379884083489,,FALSE
Cluster_2372,Cluster_6456,Apul-Ptuh,0.8717468885076552,,FALSE
Cluster_2372,Cluster_6807,Apul-Ptuh,0.9757145703757747,,FALSE
Cluster_2500,Cluster_4,Apul-Ptuh,0.9270250695767351,,FALSE
Cluster_2500,Cluster_20,Apul-Ptuh,0.9898362820935703,,FALSE
Cluster_2500,Cluster_321,Apul-Ptuh,0.6727506221744582,,FALSE
Cluster_2500,Cluster_372,Apul-Ptuh,0.7822294446707011,,FALSE
Cluster_2500,Cluster_425,Apul-Ptuh,0.3138679256761551,,FALSE
Cluster_2500,Cluster_789,Apul-Ptuh,-0.7901879079433358,,FALSE
Cluster_2500,Cluster_958,Apul-Ptuh,0.9970537539351073,,FALSE
Cluster_2500,Cluster_1047,Apul-Ptuh,-0.7364281108568353,,FALSE
Cluster_2500,Cluster_1094,Apul-Ptuh,-0.9799653276426525,,FALSE
Cluster_2500,Cluster_1104,Apul-Ptuh,0.9949092574128654,,FALSE
Cluster_2500,Cluster_1126,Apul-Ptuh,0.7211244314178127,,FALSE
Cluster_2500,Cluster_1159,Apul-Ptuh,0.9159093698299885,,FALSE
Cluster_2500,Cluster_1338,Apul-Ptuh,-0.13504654697895113,,FALSE
Cluster_2500,Cluster_1345,Apul-Ptuh,0.3707276684810275,,FALSE
Cluster_2500,Cluster_1827,Apul-Ptuh,-0.8084557962642066,,FALSE
Cluster_2500,Cluster_1970,Apul-Ptuh,-0.855802979075143,,FALSE
Cluster_2500,Cluster_1990,Apul-Ptuh,0.04114363375583876,,FALSE
Cluster_2500,Cluster_1991,Apul-Ptuh,-0.9704848740531626,,FALSE
Cluster_2500,Cluster_2871,Apul-Ptuh,0.12186933239467296,,FALSE
Cluster_2500,Cluster_2873,Apul-Ptuh,0.8036415261381645,,FALSE
Cluster_2500,Cluster_2897,Apul-Ptuh,-0.25539101420826454,,FALSE
Cluster_2500,Cluster_3017,Apul-Ptuh,0.2627931763139297,,FALSE
Cluster_2500,Cluster_3415,Apul-Ptuh,0.8841409398199026,,FALSE
Cluster_2500,Cluster_3713,Apul-Ptuh,-0.028714371389865764,,FALSE
Cluster_2500,Cluster_4092,Apul-Ptuh,-0.8432752776995743,,FALSE
Cluster_2500,Cluster_4094,Apul-Ptuh,-0.7087890555093651,,FALSE
Cluster_2500,Cluster_4485,Apul-Ptuh,-0.5549393713114081,,FALSE
Cluster_2500,Cluster_4487,Apul-Ptuh,-0.8622228239258997,,FALSE
Cluster_2500,Cluster_4489,Apul-Ptuh,-0.853598358464257,,FALSE
Cluster_2500,Cluster_4490,Apul-Ptuh,-0.6290038863668201,,FALSE
Cluster_2500,Cluster_4609,Apul-Ptuh,0.4131358701054331,,FALSE
Cluster_2500,Cluster_4826,Apul-Ptuh,-0.34051881832923026,,FALSE
Cluster_2500,Cluster_4827,Apul-Ptuh,0.49824234452063726,,FALSE
Cluster_2500,Cluster_5123,Apul-Ptuh,-0.417186405443789,,FALSE
Cluster_2500,Cluster_5226,Apul-Ptuh,0.6125445094299725,,FALSE
Cluster_2500,Cluster_5267,Apul-Ptuh,0.045113351995429395,,FALSE
Cluster_2500,Cluster_5627,Apul-Ptuh,-0.7417555376146604,,FALSE
Cluster_2500,Cluster_5749,Apul-Ptuh,-0.25902551212558855,,FALSE
Cluster_2500,Cluster_6456,Apul-Ptuh,0.8399100028966378,,FALSE
Cluster_2500,Cluster_6807,Apul-Ptuh,0.9965581030919354,,FALSE
Cluster_2746,Cluster_4,Apul-Ptuh,0.42981655499435456,,FALSE
Cluster_2746,Cluster_20,Apul-Ptuh,0.5950689658386503,,FALSE
Cluster_2746,Cluster_321,Apul-Ptuh,0.8732753893984747,,FALSE
Cluster_2746,Cluster_372,Apul-Ptuh,0.11788731553758255,,FALSE
Cluster_2746,Cluster_425,Apul-Ptuh,-0.37674377067900167,,FALSE
Cluster_2746,Cluster_789,Apul-Ptuh,-0.3361803602704372,,FALSE
Cluster_2746,Cluster_958,Apul-Ptuh,0.7514094467510773,,FALSE
Cluster_2746,Cluster_1047,Apul-Ptuh,-0.17318394741009796,,FALSE
Cluster_2746,Cluster_1094,Apul-Ptuh,-0.7473879561688699,,FALSE
Cluster_2746,Cluster_1104,Apul-Ptuh,0.6282163885936353,,FALSE
Cluster_2746,Cluster_1126,Apul-Ptuh,0.9856855477132027,,FALSE
Cluster_2746,Cluster_1159,Apul-Ptuh,0.46613281281164726,,FALSE
Cluster_2746,Cluster_1338,Apul-Ptuh,0.42843687909450506,,FALSE
Cluster_2746,Cluster_1345,Apul-Ptuh,0.055148482481943435,,FALSE
Cluster_2746,Cluster_1827,Apul-Ptuh,-0.9501919096767838,,FALSE
Cluster_2746,Cluster_1970,Apul-Ptuh,-0.7015173301359465,,FALSE
Cluster_2746,Cluster_1990,Apul-Ptuh,-0.660186307258968,,FALSE
Cluster_2746,Cluster_1991,Apul-Ptuh,-0.5635327553122398,,FALSE
Cluster_2746,Cluster_2871,Apul-Ptuh,-0.4635767785194663,,FALSE
Cluster_2746,Cluster_2873,Apul-Ptuh,0.8037448327503213,,FALSE
Cluster_2746,Cluster_2897,Apul-Ptuh,-0.10301127693167335,,FALSE
Cluster_2746,Cluster_3017,Apul-Ptuh,-0.3723344386459473,,FALSE
Cluster_2746,Cluster_3415,Apul-Ptuh,0.32607558684544413,,FALSE
Cluster_2746,Cluster_3713,Apul-Ptuh,0.6825677912574482,,FALSE
Cluster_2746,Cluster_4092,Apul-Ptuh,-0.9402867264633855,,FALSE
Cluster_2746,Cluster_4094,Apul-Ptuh,-0.12817807298941872,,FALSE
Cluster_2746,Cluster_4485,Apul-Ptuh,-0.8885195159337337,,FALSE
Cluster_2746,Cluster_4487,Apul-Ptuh,-0.9221405175473982,,FALSE
Cluster_2746,Cluster_4489,Apul-Ptuh,-0.40646080062758,,FALSE
Cluster_2746,Cluster_4490,Apul-Ptuh,-0.952494415045037,,FALSE
Cluster_2746,Cluster_4609,Apul-Ptuh,-0.3550130974928476,,FALSE
Cluster_2746,Cluster_4826,Apul-Ptuh,0.41465789063853004,,FALSE
Cluster_2746,Cluster_4827,Apul-Ptuh,-0.09860948510316465,,FALSE
Cluster_2746,Cluster_5123,Apul-Ptuh,0.2819672222743843,,FALSE
Cluster_2746,Cluster_5226,Apul-Ptuh,0.16630973805301905,,FALSE
Cluster_2746,Cluster_5267,Apul-Ptuh,0.739280745241508,,FALSE
Cluster_2746,Cluster_5627,Apul-Ptuh,-0.04587074559640321,,FALSE
Cluster_2746,Cluster_5749,Apul-Ptuh,0.3962725270999467,,FALSE
Cluster_2746,Cluster_6456,Apul-Ptuh,0.8905217440443166,,FALSE
Cluster_2746,Cluster_6807,Apul-Ptuh,0.7584052674342934,,FALSE
Cluster_3109,Cluster_4,Apul-Ptuh,0.5191983756381768,,FALSE
Cluster_3109,Cluster_20,Apul-Ptuh,0.3115041030565219,,FALSE
Cluster_3109,Cluster_321,Apul-Ptuh,-0.5466093833859893,,FALSE
Cluster_3109,Cluster_372,Apul-Ptuh,0.6738161274449842,,FALSE
Cluster_3109,Cluster_425,Apul-Ptuh,0.9735222583439646,,FALSE
Cluster_3109,Cluster_789,Apul-Ptuh,-0.5831220474987298,,FALSE
Cluster_3109,Cluster_958,Apul-Ptuh,0.10331505123456602,,FALSE
Cluster_3109,Cluster_1047,Apul-Ptuh,-0.4538710435026891,,FALSE
Cluster_3109,Cluster_1094,Apul-Ptuh,-0.046449456482082284,,FALSE
Cluster_3109,Cluster_1104,Apul-Ptuh,0.2744220134389235,,FALSE
Cluster_3109,Cluster_1126,Apul-Ptuh,-0.5516101050220484,,FALSE
Cluster_3109,Cluster_1159,Apul-Ptuh,0.3101986797359004,,FALSE
Cluster_3109,Cluster_1338,Apul-Ptuh,-0.9065496634744601,,FALSE
Cluster_3109,Cluster_1345,Apul-Ptuh,0.5903043210627471,,FALSE
Cluster_3109,Cluster_1827,Apul-Ptuh,0.4296840141196551,,FALSE
Cluster_3109,Cluster_1970,Apul-Ptuh,0.12088646168011141,,FALSE
Cluster_3109,Cluster_1990,Apul-Ptuh,0.9892033023255856,,FALSE
Cluster_3109,Cluster_1991,Apul-Ptuh,-0.3807346440233399,,FALSE
Cluster_3109,Cluster_2871,Apul-Ptuh,0.5717320676899192,,FALSE
Cluster_3109,Cluster_2873,Apul-Ptuh,-0.31237702412446894,,FALSE
Cluster_3109,Cluster_2897,Apul-Ptuh,-0.42114052946851155,,FALSE
Cluster_3109,Cluster_3017,Apul-Ptuh,0.9454877061138709,,FALSE
Cluster_3109,Cluster_3415,Apul-Ptuh,0.6105290211233012,,FALSE
Cluster_3109,Cluster_3713,Apul-Ptuh,-0.8938077338916436,,FALSE
Cluster_3109,Cluster_4092,Apul-Ptuh,0.3730536737548498,,FALSE
Cluster_3109,Cluster_4094,Apul-Ptuh,-0.7529429489754879,,FALSE
Cluster_3109,Cluster_4485,Apul-Ptuh,0.6884878588951703,,FALSE
Cluster_3109,Cluster_4487,Apul-Ptuh,0.3334437578366323,,FALSE
Cluster_3109,Cluster_4489,Apul-Ptuh,-0.2829298256862477,,FALSE
Cluster_3109,Cluster_4490,Apul-Ptuh,0.6484694628843949,,FALSE
Cluster_3109,Cluster_4609,Apul-Ptuh,0.9484348473166386,,FALSE
Cluster_3109,Cluster_4826,Apul-Ptuh,-0.9824732522044103,,FALSE
Cluster_3109,Cluster_4827,Apul-Ptuh,0.5145252242622844,,FALSE
Cluster_3109,Cluster_5123,Apul-Ptuh,-0.9546379628247289,,FALSE
Cluster_3109,Cluster_5226,Apul-Ptuh,0.6587850860287735,,FALSE
Cluster_3109,Cluster_5267,Apul-Ptuh,-0.9047392693776994,,FALSE
Cluster_3109,Cluster_5627,Apul-Ptuh,-0.7750818716860218,,FALSE
Cluster_3109,Cluster_5749,Apul-Ptuh,-0.6641453557206068,,FALSE
Cluster_3109,Cluster_6456,Apul-Ptuh,-0.34430191549018496,,FALSE
Cluster_3109,Cluster_6807,Apul-Ptuh,0.09692264319641568,,FALSE
Cluster_3226,Cluster_4,Apul-Ptuh,-0.4476109533591879,,FALSE
Cluster_3226,Cluster_20,Apul-Ptuh,-0.34570606678929017,,FALSE
Cluster_3226,Cluster_321,Apul-Ptuh,0.28258213694871126,,FALSE
Cluster_3226,Cluster_372,Apul-Ptuh,-0.7753563185311673,,FALSE
Cluster_3226,Cluster_425,Apul-Ptuh,-0.7654812905667268,,FALSE
Cluster_3226,Cluster_789,Apul-Ptuh,0.34192020353823366,,FALSE
Cluster_3226,Cluster_958,Apul-Ptuh,-0.1522806718476172,,FALSE
Cluster_3226,Cluster_1047,Apul-Ptuh,0.7248256499468126,,FALSE
Cluster_3226,Cluster_1094,Apul-Ptuh,0.1723157729087742,,FALSE
Cluster_3226,Cluster_1104,Apul-Ptuh,-0.3062973477437152,,FALSE
Cluster_3226,Cluster_1126,Apul-Ptuh,0.4487782938865873,,FALSE
Cluster_3226,Cluster_1159,Apul-Ptuh,-0.5043797106194693,,FALSE
Cluster_3226,Cluster_1338,Apul-Ptuh,0.5781341265045916,,FALSE
Cluster_3226,Cluster_1345,Apul-Ptuh,-0.15371517278561342,,FALSE
Cluster_3226,Cluster_1827,Apul-Ptuh,-0.28305534098784535,,FALSE
Cluster_3226,Cluster_1970,Apul-Ptuh,0.16217871370412792,,FALSE
Cluster_3226,Cluster_1990,Apul-Ptuh,-0.8751041878290458,,FALSE
Cluster_3226,Cluster_1991,Apul-Ptuh,0.32661945064807596,,FALSE
Cluster_3226,Cluster_2871,Apul-Ptuh,-0.9015589992577879,,FALSE
Cluster_3226,Cluster_2873,Apul-Ptuh,0.03610823422562094,,FALSE
Cluster_3226,Cluster_2897,Apul-Ptuh,-0.061038635201143096,,FALSE
Cluster_3226,Cluster_3017,Apul-Ptuh,-0.6732241767091318,,FALSE
Cluster_3226,Cluster_3415,Apul-Ptuh,-0.5356104989676946,,FALSE
Cluster_3226,Cluster_3713,Apul-Ptuh,0.9791534830577735,,FALSE
Cluster_3226,Cluster_4092,Apul-Ptuh,-0.23350658375226396,,FALSE
Cluster_3226,Cluster_4094,Apul-Ptuh,0.5382727327750377,,FALSE
Cluster_3226,Cluster_4485,Apul-Ptuh,-0.44610851922050976,,FALSE
Cluster_3226,Cluster_4487,Apul-Ptuh,-0.18304710157216622,,FALSE
Cluster_3226,Cluster_4489,Apul-Ptuh,0.541799923955397,,FALSE
Cluster_3226,Cluster_4490,Apul-Ptuh,-0.4800170569206834,,FALSE
Cluster_3226,Cluster_4609,Apul-Ptuh,-0.9356482992932629,,FALSE
Cluster_3226,Cluster_4826,Apul-Ptuh,0.9032600661479093,,FALSE
Cluster_3226,Cluster_4827,Apul-Ptuh,-0.8411761365545407,,FALSE
Cluster_3226,Cluster_5123,Apul-Ptuh,0.7643681326044982,,FALSE
Cluster_3226,Cluster_5226,Apul-Ptuh,-0.3260097772059335,,FALSE
Cluster_3226,Cluster_5267,Apul-Ptuh,0.9556680172008144,,FALSE
Cluster_3226,Cluster_5627,Apul-Ptuh,0.7845348527206926,,FALSE
Cluster_3226,Cluster_5749,Apul-Ptuh,0.9465097331460106,,FALSE
Cluster_3226,Cluster_6456,Apul-Ptuh,0.14427570537432152,,FALSE
Cluster_3226,Cluster_6807,Apul-Ptuh,-0.13963336270664295,,FALSE
Cluster_3227,Cluster_4,Apul-Ptuh,-0.916445267088502,,FALSE
Cluster_3227,Cluster_20,Apul-Ptuh,-0.7866374695594112,,FALSE
Cluster_3227,Cluster_321,Apul-Ptuh,0.03848151495945991,,FALSE
Cluster_3227,Cluster_372,Apul-Ptuh,-0.8925120803687954,,FALSE
Cluster_3227,Cluster_425,Apul-Ptuh,-0.8958999370472145,,FALSE
Cluster_3227,Cluster_789,Apul-Ptuh,0.9211422067206271,,FALSE
Cluster_3227,Cluster_958,Apul-Ptuh,-0.6463320141142962,,FALSE
Cluster_3227,Cluster_1047,Apul-Ptuh,0.6744588118872393,,FALSE
Cluster_3227,Cluster_1094,Apul-Ptuh,0.5786196545434223,,FALSE
Cluster_3227,Cluster_1104,Apul-Ptuh,-0.7651161237396984,,FALSE
Cluster_3227,Cluster_1126,Apul-Ptuh,-0.02681304695789051,,FALSE
Cluster_3227,Cluster_1159,Apul-Ptuh,-0.7022929566199707,,FALSE
Cluster_3227,Cluster_1338,Apul-Ptuh,0.7749722308108631,,FALSE
Cluster_3227,Cluster_1345,Apul-Ptuh,-0.7270105298661595,,FALSE
Cluster_3227,Cluster_1827,Apul-Ptuh,0.14998044378288417,,FALSE
Cluster_3227,Cluster_1970,Apul-Ptuh,0.3529503104887444,,FALSE
Cluster_3227,Cluster_1990,Apul-Ptuh,-0.7221295592765247,,FALSE
Cluster_3227,Cluster_1991,Apul-Ptuh,0.8440474390536745,,FALSE
Cluster_3227,Cluster_2871,Apul-Ptuh,-0.3767685913830623,,FALSE
Cluster_3227,Cluster_2873,Apul-Ptuh,-0.19425805518121708,,FALSE
Cluster_3227,Cluster_2897,Apul-Ptuh,0.5557887703614433,,FALSE
Cluster_3227,Cluster_3017,Apul-Ptuh,-0.8627611916415906,,FALSE
Cluster_3227,Cluster_3415,Apul-Ptuh,-0.9537659703717206,,FALSE
Cluster_3227,Cluster_3713,Apul-Ptuh,0.6005911994970714,,FALSE
Cluster_3227,Cluster_4092,Apul-Ptuh,0.21062288562235226,,FALSE
Cluster_3227,Cluster_4094,Apul-Ptuh,0.9814113547800588,,FALSE
Cluster_3227,Cluster_4485,Apul-Ptuh,-0.19865806965947047,,FALSE
Cluster_3227,Cluster_4487,Apul-Ptuh,0.24591385272222357,,FALSE
Cluster_3227,Cluster_4489,Apul-Ptuh,0.6309528930817545,,FALSE
Cluster_3227,Cluster_4490,Apul-Ptuh,-0.10945189023656957,,FALSE
Cluster_3227,Cluster_4609,Apul-Ptuh,-0.8889248930496321,,FALSE
Cluster_3227,Cluster_4826,Apul-Ptuh,0.885625199006504,,FALSE
Cluster_3227,Cluster_4827,Apul-Ptuh,-0.5610327801624234,,FALSE
Cluster_3227,Cluster_5123,Apul-Ptuh,0.9396898662655933,,FALSE
Cluster_3227,Cluster_5226,Apul-Ptuh,-0.890269658035209,,FALSE
Cluster_3227,Cluster_5267,Apul-Ptuh,0.5729720264155372,,FALSE
Cluster_3227,Cluster_5627,Apul-Ptuh,0.9600707115665279,,FALSE
Cluster_3227,Cluster_5749,Apul-Ptuh,0.5320914646505631,,FALSE
Cluster_3227,Cluster_6456,Apul-Ptuh,-0.21304058688153127,,FALSE
Cluster_3227,Cluster_6807,Apul-Ptuh,-0.6432702152307166,,FALSE
Cluster_3301,Cluster_4,Apul-Ptuh,0.9915505160324911,,FALSE
Cluster_3301,Cluster_20,Apul-Ptuh,0.9740949407226326,,FALSE
Cluster_3301,Cluster_321,Apul-Ptuh,0.43156138021366086,,FALSE
Cluster_3301,Cluster_372,Apul-Ptuh,0.8319063760874972,,FALSE
Cluster_3301,Cluster_425,Apul-Ptuh,0.5557577316717318,,FALSE
Cluster_3301,Cluster_789,Apul-Ptuh,-0.9316556875514118,,FALSE
Cluster_3301,Cluster_958,Apul-Ptuh,0.9341100726858801,,FALSE
Cluster_3301,Cluster_1047,Apul-Ptuh,-0.6902404010801027,,FALSE
Cluster_3301,Cluster_1094,Apul-Ptuh,-0.8819124234950451,,FALSE
Cluster_3301,Cluster_1104,Apul-Ptuh,0.9721016597127181,,FALSE
Cluster_3301,Cluster_1126,Apul-Ptuh,0.5276499640781532,,FALSE
Cluster_3301,Cluster_1159,Apul-Ptuh,0.8533168909434501,,FALSE
Cluster_3301,Cluster_1338,Apul-Ptuh,-0.4144770344122434,,FALSE
Cluster_3301,Cluster_1345,Apul-Ptuh,0.6052859078825737,,FALSE
Cluster_3301,Cluster_1827,Apul-Ptuh,-0.619460958685435,,FALSE
Cluster_3301,Cluster_1970,Apul-Ptuh,-0.6817682258064254,,FALSE
Cluster_3301,Cluster_1990,Apul-Ptuh,0.27446541002634733,,FALSE
Cluster_3301,Cluster_1991,Apul-Ptuh,-0.998511953083206,,FALSE
Cluster_3301,Cluster_2871,Apul-Ptuh,0.12231716773099492,,FALSE
Cluster_3301,Cluster_2873,Apul-Ptuh,0.596773692041514,,FALSE
Cluster_3301,Cluster_2897,Apul-Ptuh,-0.4784396257409469,,FALSE
Cluster_3301,Cluster_3017,Apul-Ptuh,0.5232410386899086,miR-2030,TRUE
Cluster_3301,Cluster_3415,Apul-Ptuh,0.97106563393543055,,FALSE
Cluster_3301,Cluster_3713,Apul-Ptuh,-0.17930006577495594,,FALSE
Cluster_3301,Cluster_4092,Apul-Ptuh,-0.6656023934769257,,FALSE
Cluster_3301,Cluster_4094,Apul-Ptuh,-0.8814584411103942,,FALSE
Cluster_3301,Cluster_4485,Apul-Ptuh,-0.3001802601009405,,FALSE
Cluster_3301,Cluster_4487,Apul-Ptuh,-0.6877378557780868,,FALSE
Cluster_3301,Cluster_4489,Apul-Ptuh,-0.7688829536646699,,FALSE
Cluster_3301,Cluster_4490,Apul-Ptuh,-0.4011165345683289,,FALSE
Cluster_3301,Cluster_4609,Apul-Ptuh,0.5801944704245879,,FALSE
Cluster_3301,Cluster_4826,Apul-Ptuh,-0.54082153639114106,,FALSE
Cluster_3301,Cluster_4827,Apul-Ptuh,0.462535940383567,,FALSE
Cluster_3301,Cluster_5123,Apul-Ptuh,-0.642494408591019,,FALSE
Cluster_3301,Cluster_5226,Apul-Ptuh,0.8109165597038189,,FALSE
Cluster_3301,Cluster_5267,Apul-Ptuh,-0.12381355758282038,,FALSE
Cluster_3301,Cluster_5627,Apul-Ptuh,-0.8443116742440924,,FALSE
Cluster_3301,Cluster_5749,Apul-Ptuh,-0.2840610773304906,,FALSE
Cluster_3301,Cluster_6456,Apul-Ptuh,0.6487421761477394,,FALSE
Cluster_3301,Cluster_6807,Apul-Ptuh,0.9343787803248201,,FALSE
Cluster_4026,Cluster_4,Apul-Ptuh,-0.208059621034424,,FALSE
Cluster_4026,Cluster_20,Apul-Ptuh,-0.4024179227400548,,FALSE
Cluster_4026,Cluster_321,Apul-Ptuh,-0.8712840578018238,,FALSE
Cluster_4026,Cluster_372,Apul-Ptuh,0.08930182320946901,,FALSE
Cluster_4026,Cluster_425,Apul-Ptuh,0.5815990409566321,,FALSE
Cluster_4026,Cluster_789,Apul-Ptuh,0.11180003224226841,,FALSE
Cluster_4026,Cluster_958,Apul-Ptuh,-0.588719486135285,,FALSE
Cluster_4026,Cluster_1047,Apul-Ptuh,0.018793589521182905,,FALSE
Cluster_4026,Cluster_1094,Apul-Ptuh,0.6019461514637577,,FALSE
Cluster_4026,Cluster_1104,Apul-Ptuh,-0.43990555878635323,,FALSE
Cluster_4026,Cluster_1126,Apul-Ptuh,-0.9634113641242937,,FALSE
Cluster_4026,Cluster_1159,Apul-Ptuh,-0.2984612914766736,,FALSE
Cluster_4026,Cluster_1338,Apul-Ptuh,-0.6066072469288442,,FALSE
Cluster_4026,Cluster_1345,Apul-Ptuh,0.12281269314624593,,FALSE
Cluster_4026,Cluster_1827,Apul-Ptuh,0.9008420486680512,,FALSE
Cluster_4026,Cluster_1970,Apul-Ptuh,0.6122566512754599,,FALSE
Cluster_4026,Cluster_1990,Apul-Ptuh,0.8177624882715989,,FALSE
Cluster_4026,Cluster_1991,Apul-Ptuh,0.3564544208079674,,FALSE
Cluster_4026,Cluster_2871,Apul-Ptuh,0.5361609914043798,,FALSE
Cluster_4026,Cluster_2873,Apul-Ptuh,-0.7492860625044767,,FALSE
Cluster_4026,Cluster_2897,Apul-Ptuh,-0.03699073800840591,,FALSE
Cluster_4026,Cluster_3017,Apul-Ptuh,0.5708145489927703,,FALSE
Cluster_4026,Cluster_3415,Apul-Ptuh,-0.09749710018911051,,FALSE
Cluster_4026,Cluster_3713,Apul-Ptuh,-0.8077321551156912,,FALSE
Cluster_4026,Cluster_4092,Apul-Ptuh,0.8769192417458566,,FALSE
Cluster_4026,Cluster_4094,Apul-Ptuh,-0.10586753954595145,,FALSE
Cluster_4026,Cluster_4485,Apul-Ptuh,0.9229806364467947,,FALSE
Cluster_4026,Cluster_4487,Apul-Ptuh,0.8511284069854449,,FALSE
Cluster_4026,Cluster_4489,Apul-Ptuh,0.25766261441223065,,FALSE
Cluster_4026,Cluster_4490,Apul-Ptuh,0.9636834866906172,,FALSE
Cluster_4026,Cluster_4609,Apul-Ptuh,0.554911056999835,,FALSE
Cluster_4026,Cluster_4826,Apul-Ptuh,-0.6139713653526759,,FALSE
Cluster_4026,Cluster_4827,Apul-Ptuh,0.2206598649342257,,FALSE
Cluster_4026,Cluster_5123,Apul-Ptuh,-0.4983704961606323,,FALSE
Cluster_4026,Cluster_5226,Apul-Ptuh,0.04955756497328217,,FALSE
Cluster_4026,Cluster_5267,Apul-Ptuh,-0.8576617978445681,,FALSE
Cluster_4026,Cluster_5627,Apul-Ptuh,-0.17743112859686827,,FALSE
Cluster_4026,Cluster_5749,Apul-Ptuh,-0.5070158551767457,,FALSE
Cluster_4026,Cluster_6456,Apul-Ptuh,-0.8286611530567556,,FALSE
Cluster_4026,Cluster_6807,Apul-Ptuh,-0.5961777054863796,,FALSE
Cluster_4034,Cluster_4,Apul-Ptuh,0.812429392656118,,FALSE
Cluster_4034,Cluster_20,Apul-Ptuh,0.7193196271633324,,FALSE
Cluster_4034,Cluster_321,Apul-Ptuh,-0.02519773896540868,,FALSE
Cluster_4034,Cluster_372,Apul-Ptuh,0.9618299416972355,,FALSE
Cluster_4034,Cluster_425,Apul-Ptuh,0.8500640675292148,,FALSE
Cluster_4034,Cluster_789,Apul-Ptuh,-0.7211072731984789,,FALSE
Cluster_4034,Cluster_958,Apul-Ptuh,0.5561509676225821,,FALSE
Cluster_4034,Cluster_1047,Apul-Ptuh,-0.8412335562743039,,FALSE
Cluster_4034,Cluster_1094,Apul-Ptuh,-0.538910119616406,,FALSE
Cluster_4034,Cluster_1104,Apul-Ptuh,0.6895116725900622,,FALSE
Cluster_4034,Cluster_1126,Apul-Ptuh,-0.08704481142449923,,FALSE
Cluster_4034,Cluster_1159,Apul-Ptuh,0.7638807151282001,,FALSE
Cluster_4034,Cluster_1338,Apul-Ptuh,-0.6550062096176943,,FALSE
Cluster_4034,Cluster_1345,Apul-Ptuh,0.4433859094480175,,FALSE
Cluster_4034,Cluster_1827,Apul-Ptuh,-0.07526182455387369,,FALSE
Cluster_4034,Cluster_1970,Apul-Ptuh,-0.4211445272883683,,FALSE
Cluster_4034,Cluster_1990,Apul-Ptuh,0.7874022415405814,,FALSE
Cluster_4034,Cluster_1991,Apul-Ptuh,-0.724961923880579,,FALSE
Cluster_4034,Cluster_2871,Apul-Ptuh,0.6936829365279046,,FALSE
Cluster_4034,Cluster_2873,Apul-Ptuh,0.23474316196897768,,FALSE
Cluster_4034,Cluster_2897,Apul-Ptuh,-0.22827000974635195,,FALSE
Cluster_4034,Cluster_3017,Apul-Ptuh,0.7722410652186464,,FALSE
Cluster_4034,Cluster_3415,Apul-Ptuh,0.8677958891719948,,FALSE
Cluster_4034,Cluster_3713,Apul-Ptuh,-0.8003972518222168,,FALSE
Cluster_4034,Cluster_4092,Apul-Ptuh,-0.13458682587183013,,FALSE
Cluster_4034,Cluster_4094,Apul-Ptuh,-0.8394149082419794,,FALSE
Cluster_4034,Cluster_4485,Apul-Ptuh,0.20688078575275856,,FALSE
Cluster_4034,Cluster_4487,Apul-Ptuh,-0.18143857187317824,,FALSE
Cluster_4034,Cluster_4489,Apul-Ptuh,-0.7450962979532486,,FALSE
Cluster_4034,Cluster_4490,Apul-Ptuh,0.17675029668839673,,FALSE
Cluster_4034,Cluster_4609,Apul-Ptuh,0.9695953481683455,,FALSE
Cluster_4034,Cluster_4826,Apul-Ptuh,-0.9328321726373817,,FALSE
Cluster_4034,Cluster_4827,Apul-Ptuh,0.812714564716126,,FALSE
Cluster_4034,Cluster_5123,Apul-Ptuh,-0.8892590064567022,,FALSE
Cluster_4034,Cluster_5226,Apul-Ptuh,0.6597253138581854,,FALSE
Cluster_4034,Cluster_5267,Apul-Ptuh,-0.7595669554844111,,FALSE
Cluster_4034,Cluster_5627,Apul-Ptuh,-0.982893469440311,,FALSE
Cluster_4034,Cluster_5749,Apul-Ptuh,-0.8087533587474174,,FALSE
Cluster_4034,Cluster_6456,Apul-Ptuh,0.18682085892193276,,FALSE
Cluster_4034,Cluster_6807,Apul-Ptuh,0.5475196925878376,,FALSE
Cluster_4036,Cluster_4,Apul-Ptuh,0.8927130677978569,miR-2050,TRUE
Cluster_4036,Cluster_20,Apul-Ptuh,0.7480664695714129,,FALSE
Cluster_4036,Cluster_321,Apul-Ptuh,-0.031984349563526894,,FALSE
Cluster_4036,Cluster_372,Apul-Ptuh,0.6948617851318871,,FALSE
Cluster_4036,Cluster_425,Apul-Ptuh,0.804308426259794,,FALSE
Cluster_4036,Cluster_789,Apul-Ptuh,-0.9907106438517693,,FALSE
Cluster_4036,Cluster_958,Apul-Ptuh,0.6535524296006042,,FALSE
Cluster_4036,Cluster_1047,Apul-Ptuh,-0.41268219030603986,,FALSE
Cluster_4036,Cluster_1094,Apul-Ptuh,-0.5454868882787332,,FALSE
Cluster_4036,Cluster_1104,Apul-Ptuh,0.7384704731230118,,FALSE
Cluster_4036,Cluster_1126,Apul-Ptuh,0.15201806741525517,,FALSE
Cluster_4036,Cluster_1159,Apul-Ptuh,0.5457810668105907,,FALSE
Cluster_4036,Cluster_1338,Apul-Ptuh,-0.7739712908187648,,FALSE
Cluster_4036,Cluster_1345,Apul-Ptuh,0.9035932830922425,,FALSE
Cluster_4036,Cluster_1827,Apul-Ptuh,-0.2176624856393035,,FALSE
Cluster_4036,Cluster_1970,Apul-Ptuh,-0.24478479021127778,,FALSE
Cluster_4036,Cluster_1990,Apul-Ptuh,0.5408933375636299,,FALSE
Cluster_4036,Cluster_1991,Apul-Ptuh,-0.8480531832388137,,FALSE
Cluster_4036,Cluster_2871,Apul-Ptuh,-0.0010330150389324573,,FALSE
Cluster_4036,Cluster_2873,Apul-Ptuh,0.138521922126153,,FALSE
Cluster_4036,Cluster_2897,Apul-Ptuh,-0.8018551962869457,,FALSE
Cluster_4036,Cluster_3017,Apul-Ptuh,0.8205317569648409,,FALSE
Cluster_4036,Cluster_3415,Apul-Ptuh,0.9049522058062575,,FALSE
Cluster_4036,Cluster_3713,Apul-Ptuh,-0.3029774943529893,,FALSE
Cluster_4036,Cluster_4092,Apul-Ptuh,-0.2705811781932948,,FALSE
Cluster_4036,Cluster_4094,Apul-Ptuh,-0.9810838252174597,,FALSE
Cluster_4036,Cluster_4485,Apul-Ptuh,0.14708542201384892,,FALSE
Cluster_4036,Cluster_4487,Apul-Ptuh,-0.2889172030703308,,FALSE
Cluster_4036,Cluster_4489,Apul-Ptuh,-0.4316487830246713,,FALSE
Cluster_4036,Cluster_4490,Apul-Ptuh,0.011147546521190007,,FALSE
Cluster_4036,Cluster_4609,Apul-Ptuh,0.6728853466371986,,FALSE
Cluster_4036,Cluster_4826,Apul-Ptuh,-0.7023887235783789,,FALSE
Cluster_4036,Cluster_4827,Apul-Ptuh,0.22702766701167465,,FALSE
Cluster_4036,Cluster_5123,Apul-Ptuh,-0.8477880279518836,,FALSE
Cluster_4036,Cluster_5226,Apul-Ptuh,0.9919612605876588,,FALSE
Cluster_4036,Cluster_5267,Apul-Ptuh,-0.2916252097557155,,FALSE
Cluster_4036,Cluster_5627,Apul-Ptuh,-0.7976155355312206,,FALSE
Cluster_4036,Cluster_5749,Apul-Ptuh,-0.17267878947668566,,FALSE
Cluster_4036,Cluster_6456,Apul-Ptuh,0.22229715330804653,,FALSE
Cluster_4036,Cluster_6807,Apul-Ptuh,0.65659068515008,,FALSE
Cluster_4752,Cluster_4,Apul-Ptuh,-0.7431883738821187,,FALSE
Cluster_4752,Cluster_20,Apul-Ptuh,-0.8430569709006724,,FALSE
Cluster_4752,Cluster_321,Apul-Ptuh,-0.7770767950533433,,FALSE
Cluster_4752,Cluster_372,Apul-Ptuh,-0.4517133070996891,,FALSE
Cluster_4752,Cluster_425,Apul-Ptuh,-0.004077104658478474,,FALSE
Cluster_4752,Cluster_789,Apul-Ptuh,0.6597480214050457,,FALSE
Cluster_4752,Cluster_958,Apul-Ptuh,-0.930577838525953,,FALSE
Cluster_4752,Cluster_1047,Apul-Ptuh,0.41802387470403773,,FALSE
Cluster_4752,Cluster_1094,Apul-Ptuh,0.9009710716565552,,FALSE
Cluster_4752,Cluster_1104,Apul-Ptuh,-0.8647767371635391,,FALSE
Cluster_4752,Cluster_1126,Apul-Ptuh,-0.9037618638246584,,FALSE
Cluster_4752,Cluster_1159,Apul-Ptuh,-0.6940380197148018,,FALSE
Cluster_4752,Cluster_1338,Apul-Ptuh,-0.08974961000356671,,FALSE
Cluster_4752,Cluster_1345,Apul-Ptuh,-0.32966194100364593,,FALSE
Cluster_4752,Cluster_1827,Apul-Ptuh,0.9192668506923604,miR-2023,TRUE
Cluster_4752,Cluster_1970,Apul-Ptuh,0.7726404580838965,,FALSE
Cluster_4752,Cluster_1990,Apul-Ptuh,0.3196358257263949,,FALSE
Cluster_4752,Cluster_1991,Apul-Ptuh,0.8364380393672035,,FALSE
Cluster_4752,Cluster_2871,Apul-Ptuh,0.27377835266720113,,FALSE
Cluster_4752,Cluster_2873,Apul-Ptuh,-0.8039759050455617,,FALSE
Cluster_4752,Cluster_2897,Apul-Ptuh,0.30680429947945986,,FALSE
Cluster_4752,Cluster_3017,Apul-Ptuh,0.004878400945131035,,FALSE
Cluster_4752,Cluster_3415,Apul-Ptuh,-0.6635889725857429,,FALSE
Cluster_4752,Cluster_3713,Apul-Ptuh,-0.386370018055249,,FALSE
Cluster_4752,Cluster_4092,Apul-Ptuh,0.9336918239347488,,FALSE
Cluster_4752,Cluster_4094,Apul-Ptuh,0.49460751736952613,,FALSE
Cluster_4752,Cluster_4485,Apul-Ptuh,0.7289850103510039,,FALSE
Cluster_4752,Cluster_4487,Apul-Ptuh,0.93090281095447025,,FALSE
Cluster_4752,Cluster_4489,Apul-Ptuh,0.6125743670167316,,FALSE
Cluster_4752,Cluster_4490,Apul-Ptuh,0.821224547696231,,FALSE
Cluster_4752,Cluster_4609,Apul-Ptuh,-0.021543467227095357,,FALSE
Cluster_4752,Cluster_4826,Apul-Ptuh,-0.033936304764756293,,FALSE
Cluster_4752,Cluster_4827,Apul-Ptuh,-0.1280769795210065,,FALSE
Cluster_4752,Cluster_5123,Apul-Ptuh,0.10690951920267762,,FALSE
Cluster_4752,Cluster_5226,Apul-Ptuh,-0.49368134191429086,,FALSE
Cluster_4752,Cluster_5267,Apul-Ptuh,-0.44850736574911426,,FALSE
Cluster_4752,Cluster_5627,Apul-Ptuh,0.4123237414365222,,FALSE
Cluster_4752,Cluster_5749,Apul-Ptuh,-0.1529271302926087,,FALSE
Cluster_4752,Cluster_6456,Apul-Ptuh,-0.889677062661758,,FALSE
Cluster_4752,Cluster_6807,Apul-Ptuh,-0.935719621331672,,FALSE
Cluster_4754,Cluster_4,Apul-Ptuh,-0.9029386742870141,,FALSE
Cluster_4754,Cluster_20,Apul-Ptuh,-0.7925279165733418,,FALSE
Cluster_4754,Cluster_321,Apul-Ptuh,0.002990081236700064,,FALSE
Cluster_4754,Cluster_372,Apul-Ptuh,-0.9435675394788884,,FALSE
Cluster_4754,Cluster_425,Apul-Ptuh,-0.8794031184745409,,FALSE
Cluster_4754,Cluster_789,Apul-Ptuh,0.8624388487475018,,FALSE
Cluster_4754,Cluster_958,Apul-Ptuh,-0.6450453856198788,,FALSE
Cluster_4754,Cluster_1047,Apul-Ptuh,0.7660344263724641,,FALSE
Cluster_4754,Cluster_1094,Apul-Ptuh,0.5980228037637413,,FALSE
Cluster_4754,Cluster_1104,Apul-Ptuh,-0.768132783452686,,FALSE
Cluster_4754,Cluster_1126,Apul-Ptuh,-0.011785406473679445,,FALSE
Cluster_4754,Cluster_1159,Apul-Ptuh,-0.7585447419364578,,FALSE
Cluster_4754,Cluster_1338,Apul-Ptuh,0.7219802562715288,,FALSE
Cluster_4754,Cluster_1345,Apul-Ptuh,-0.618327164952981,,FALSE
Cluster_4754,Cluster_1827,Apul-Ptuh,0.15314048657620233,,FALSE
Cluster_4754,Cluster_1970,Apul-Ptuh,0.41378313292033514,,FALSE
Cluster_4754,Cluster_1990,Apul-Ptuh,-0.7411626244311007,,FALSE
Cluster_4754,Cluster_1991,Apul-Ptuh,0.8272514736591836,,FALSE
Cluster_4754,Cluster_2871,Apul-Ptuh,-0.5063533390439521,,FALSE
Cluster_4754,Cluster_2873,Apul-Ptuh,-0.24356723745988812,,FALSE
Cluster_4754,Cluster_2897,Apul-Ptuh,0.42637260591387627,,FALSE
Cluster_4754,Cluster_3017,Apul-Ptuh,-0.8262437409606612,,FALSE
Cluster_4754,Cluster_3415,Apul-Ptuh,-0.9452416644204951,,FALSE
Cluster_4754,Cluster_3713,Apul-Ptuh,0.6754649601194123,,FALSE
Cluster_4754,Cluster_4092,Apul-Ptuh,0.21399040372214423,,FALSE
Cluster_4754,Cluster_4094,Apul-Ptuh,0.9419925621218862,,FALSE
Cluster_4754,Cluster_4485,Apul-Ptuh,-0.17503056505223138,,FALSE
Cluster_4754,Cluster_4487,Apul-Ptuh,0.25436660646139164,,FALSE
Cluster_4754,Cluster_4489,Apul-Ptuh,0.7068022255604698,,FALSE
Cluster_4754,Cluster_4490,Apul-Ptuh,-0.10779327208166303,,FALSE
Cluster_4754,Cluster_4609,Apul-Ptuh,-0.9284233599960907,,FALSE
Cluster_4754,Cluster_4826,Apul-Ptuh,0.9083401793305088,,FALSE
Cluster_4754,Cluster_4827,Apul-Ptuh,-0.6781992226223439,,FALSE
Cluster_4754,Cluster_5123,Apul-Ptuh,0.9252956925820156,,FALSE
Cluster_4754,Cluster_5226,Apul-Ptuh,-0.811726148791248,,FALSE
Cluster_4754,Cluster_5267,Apul-Ptuh,0.6395756195441834,,FALSE
Cluster_4754,Cluster_5627,Apul-Ptuh,0.9895274572923357,,FALSE
Cluster_4754,Cluster_5749,Apul-Ptuh,0.6492924160899829,,FALSE
Cluster_4754,Cluster_6456,Apul-Ptuh,-0.2365244933350836,,FALSE
Cluster_4754,Cluster_6807,Apul-Ptuh,-0.6397324506772728,,FALSE
Cluster_5516,Cluster_4,Apul-Ptuh,0.3789696098677446,,FALSE
Cluster_5516,Cluster_20,Apul-Ptuh,0.5269959971459488,,FALSE
Cluster_5516,Cluster_321,Apul-Ptuh,0.8084873777587686,,FALSE
Cluster_5516,Cluster_372,Apul-Ptuh,0.025300191105430726,,FALSE
Cluster_5516,Cluster_425,Apul-Ptuh,-0.39074508196408,,FALSE
Cluster_5516,Cluster_789,Apul-Ptuh,-0.32800837731925814,,FALSE
Cluster_5516,Cluster_958,Apul-Ptuh,0.6899471937655269,,FALSE
Cluster_5516,Cluster_1047,Apul-Ptuh,-0.05397049335098784,,FALSE
Cluster_5516,Cluster_1094,Apul-Ptuh,-0.6715280021217375,,FALSE
Cluster_5516,Cluster_1104,Apul-Ptuh,0.5623109843098768,,FALSE
Cluster_5516,Cluster_1126,Apul-Ptuh,0.9567122104239567,,FALSE
Cluster_5516,Cluster_1159,Apul-Ptuh,0.36399394367106885,,FALSE
Cluster_5516,Cluster_1338,Apul-Ptuh,0.40286976531040775,,FALSE
Cluster_5516,Cluster_1345,Apul-Ptuh,0.11122846680872019,,FALSE
Cluster_5516,Cluster_1827,Apul-Ptuh,-0.9009508141342957,,FALSE
Cluster_5516,Cluster_1970,Apul-Ptuh,-0.6027892029898654,,FALSE
Cluster_5516,Cluster_1990,Apul-Ptuh,-0.6846995599397367,,FALSE
Cluster_5516,Cluster_1991,Apul-Ptuh,-0.5135520351322405,,FALSE
Cluster_5516,Cluster_2871,Apul-Ptuh,-0.5748182942349819,,FALSE
Cluster_5516,Cluster_2873,Apul-Ptuh,0.7185122166257957,,FALSE
Cluster_5516,Cluster_2897,Apul-Ptuh,-0.18339624930839799,,FALSE
Cluster_5516,Cluster_3017,Apul-Ptuh,-0.367602986409676,,FALSE
Cluster_5516,Cluster_3415,Apul-Ptuh,0.273378356516564,,FALSE
Cluster_5516,Cluster_3713,Apul-Ptuh,0.7484562259554628,,FALSE
Cluster_5516,Cluster_4092,Apul-Ptuh,-0.8883109400288717,,FALSE
Cluster_5516,Cluster_4094,Apul-Ptuh,-0.10897829860691212,,FALSE
Cluster_5516,Cluster_4485,Apul-Ptuh,-0.841180263479924,,FALSE
Cluster_5516,Cluster_4487,Apul-Ptuh,-0.864795233167435,,FALSE
Cluster_5516,Cluster_4489,Apul-Ptuh,-0.29333980190795045,,FALSE
Cluster_5516,Cluster_4490,Apul-Ptuh,-0.9171351501508138,,FALSE
Cluster_5516,Cluster_4609,Apul-Ptuh,-0.41794137488880295,,FALSE
Cluster_5516,Cluster_4826,Apul-Ptuh,0.4604669538802665,,FALSE
Cluster_5516,Cluster_4827,Apul-Ptuh,-0.2231786565463413,,FALSE
Cluster_5516,Cluster_5123,Apul-Ptuh,0.3038332403185858,,FALSE
Cluster_5516,Cluster_5226,Apul-Ptuh,0.1837902490604047,,FALSE
Cluster_5516,Cluster_5267,Apul-Ptuh,0.794336518474654,,FALSE
Cluster_5516,Cluster_5627,Apul-Ptuh,0.028390560919393956,,FALSE
Cluster_5516,Cluster_5749,Apul-Ptuh,0.5071829240565104,,FALSE
Cluster_5516,Cluster_6456,Apul-Ptuh,0.8231021976948404,,FALSE
Cluster_5516,Cluster_6807,Apul-Ptuh,0.6987488439264335,,FALSE
Cluster_5517,Cluster_4,Apul-Ptuh,-0.9406867316292934,,FALSE
Cluster_5517,Cluster_20,Apul-Ptuh,-0.8417118941194902,,FALSE
Cluster_5517,Cluster_321,Apul-Ptuh,-0.06791743536709917,,FALSE
Cluster_5517,Cluster_372,Apul-Ptuh,-0.9416939842848983,,FALSE
Cluster_5517,Cluster_425,Apul-Ptuh,-0.8462781018446766,,FALSE
Cluster_5517,Cluster_789,Apul-Ptuh,0.9003052093485727,,FALSE
Cluster_5517,Cluster_958,Apul-Ptuh,-0.7098666075472742,,FALSE
Cluster_5517,Cluster_1047,Apul-Ptuh,0.7621852950657532,,FALSE
Cluster_5517,Cluster_1094,Apul-Ptuh,0.6588392999236662,,FALSE
Cluster_5517,Cluster_1104,Apul-Ptuh,-0.8208586852352444,,FALSE
Cluster_5517,Cluster_1126,Apul-Ptuh,-0.10187882813640792,,FALSE
Cluster_5517,Cluster_1159,Apul-Ptuh,-0.7871670437845966,,FALSE
Cluster_5517,Cluster_1338,Apul-Ptuh,0.6914615601150219,,FALSE
Cluster_5517,Cluster_1345,Apul-Ptuh,-0.6412162393773843,,FALSE
Cluster_5517,Cluster_1827,Apul-Ptuh,0.23630807800991419,,FALSE
Cluster_5517,Cluster_1970,Apul-Ptuh,0.4635105131400931,,FALSE
Cluster_5517,Cluster_1990,Apul-Ptuh,-0.6768277411470347,,FALSE
Cluster_5517,Cluster_1991,Apul-Ptuh,0.8776930928585082,,FALSE
Cluster_5517,Cluster_2871,Apul-Ptuh,-0.43990114358844323,,FALSE
Cluster_5517,Cluster_2873,Apul-Ptuh,-0.3050037981553804,,FALSE
Cluster_5517,Cluster_2897,Apul-Ptuh,0.4579094265568302,,FALSE
Cluster_5517,Cluster_3017,Apul-Ptuh,-0.7973490328907018,,FALSE
Cluster_5517,Cluster_3415,Apul-Ptuh,-0.9727472864643963,,FALSE
Cluster_5517,Cluster_3713,Apul-Ptuh,0.599107839081276,,FALSE
Cluster_5517,Cluster_4092,Apul-Ptuh,0.2960512164468403,,FALSE
Cluster_5517,Cluster_4094,Apul-Ptuh,0.9576339736121987,,FALSE
Cluster_5517,Cluster_4485,Apul-Ptuh,-0.10005613321121398,,FALSE
Cluster_5517,Cluster_4487,Apul-Ptuh,0.3337594562558985,,FALSE
Cluster_5517,Cluster_4489,Apul-Ptuh,0.7267019743455772,,FALSE
Cluster_5517,Cluster_4490,Apul-Ptuh,-0.023328397447667237,,FALSE
Cluster_5517,Cluster_4609,Apul-Ptuh,-0.8867984355086496,,FALSE
Cluster_5517,Cluster_4826,Apul-Ptuh,0.8645701315007673,,FALSE
Cluster_5517,Cluster_4827,Apul-Ptuh,-0.6458382194477228,,FALSE
Cluster_5517,Cluster_5123,Apul-Ptuh,0.9000423306816382,,FALSE
Cluster_5517,Cluster_5226,Apul-Ptuh,-0.838333456278647,,FALSE
Cluster_5517,Cluster_5267,Apul-Ptuh,0.5598209956067105,,FALSE
Cluster_5517,Cluster_5627,Apul-Ptuh,0.9850885136134674,,FALSE
Cluster_5517,Cluster_5749,Apul-Ptuh,0.5906301227330836,,FALSE
Cluster_5517,Cluster_6456,Apul-Ptuh,-0.3104129761456546,,FALSE
Cluster_5517,Cluster_6807,Apul-Ptuh,-0.7056034279886075,,FALSE
Cluster_5603,Cluster_4,Apul-Ptuh,-0.6121163366168434,,FALSE
Cluster_5603,Cluster_20,Apul-Ptuh,-0.7361954666746248,,FALSE
Cluster_5603,Cluster_321,Apul-Ptuh,-0.8148169134673204,,FALSE
Cluster_5603,Cluster_372,Apul-Ptuh,-0.29086400003456037,,FALSE
Cluster_5603,Cluster_425,Apul-Ptuh,0.16108473858688752,,FALSE
Cluster_5603,Cluster_789,Apul-Ptuh,0.5366923008154053,,FALSE
Cluster_5603,Cluster_958,Apul-Ptuh,-0.8570904500241399,,FALSE
Cluster_5603,Cluster_1047,Apul-Ptuh,0.28491354057383644,,FALSE
Cluster_5603,Cluster_1094,Apul-Ptuh,0.8327054127634673,,FALSE
Cluster_5603,Cluster_1104,Apul-Ptuh,-0.7639923406384855,,FALSE
Cluster_5603,Cluster_1126,Apul-Ptuh,-0.95062152161753,,FALSE
Cluster_5603,Cluster_1159,Apul-Ptuh,-0.580548416439699,,FALSE
Cluster_5603,Cluster_1338,Apul-Ptuh,-0.22613158102059935,,FALSE
Cluster_5603,Cluster_1345,Apul-Ptuh,-0.240836931977306,,FALSE
Cluster_5603,Cluster_1827,Apul-Ptuh,0.9381879889162652,,FALSE
Cluster_5603,Cluster_1970,Apul-Ptuh,0.7283156834979332,,FALSE
Cluster_5603,Cluster_1990,Apul-Ptuh,0.47925840998224156,,FALSE
Cluster_5603,Cluster_1991,Apul-Ptuh,0.7249945077208727,,FALSE
Cluster_5603,Cluster_2871,Apul-Ptuh,0.39789242243208256,,FALSE
Cluster_5603,Cluster_2873,Apul-Ptuh,-0.7948426601875468,,FALSE
Cluster_5603,Cluster_2897,Apul-Ptuh,0.2554106969459603,,FALSE
Cluster_5603,Cluster_3017,Apul-Ptuh,0.15832431448493078,,FALSE
Cluster_5603,Cluster_3415,Apul-Ptuh,-0.5197732894050306,,FALSE
Cluster_5603,Cluster_3713,Apul-Ptuh,-0.5428378360282509,,FALSE
Cluster_5603,Cluster_4092,Apul-Ptuh,0.9417879388592647,,FALSE
Cluster_5603,Cluster_4094,Apul-Ptuh,0.3457408453896106,,FALSE
Cluster_5603,Cluster_4485,Apul-Ptuh,0.7981213507039087,,FALSE
Cluster_5603,Cluster_4487,Apul-Ptuh,0.9306504845012189,,FALSE
Cluster_5603,Cluster_4489,Apul-Ptuh,0.5025897371172875,,FALSE
Cluster_5603,Cluster_4490,Apul-Ptuh,0.8847256019368005,,FALSE
Cluster_5603,Cluster_4609,Apul-Ptuh,0.15784874045303074,,FALSE
Cluster_5603,Cluster_4826,Apul-Ptuh,-0.21068162607593421,,FALSE
Cluster_5603,Cluster_4827,Apul-Ptuh,0.006260036283305109,,FALSE
Cluster_5603,Cluster_5123,Apul-Ptuh,-0.06178301339482553,,FALSE
Cluster_5603,Cluster_5226,Apul-Ptuh,-0.37359462928230985,,FALSE
Cluster_5603,Cluster_5267,Apul-Ptuh,-0.6005622079687121,,FALSE
Cluster_5603,Cluster_5627,Apul-Ptuh,0.24292048705205904,,FALSE
Cluster_5603,Cluster_5749,Apul-Ptuh,-0.29655450554202123,,FALSE
Cluster_5603,Cluster_6456,Apul-Ptuh,-0.8890804178965858,,FALSE
Cluster_5603,Cluster_6807,Apul-Ptuh,-0.8637467405221015,,FALSE
Cluster_5685,Cluster_4,Apul-Ptuh,-0.3221838636014956,,FALSE
Cluster_5685,Cluster_20,Apul-Ptuh,-0.36457945649638185,,FALSE
Cluster_5685,Cluster_321,Apul-Ptuh,-0.13115007712467885,,FALSE
Cluster_5685,Cluster_372,Apul-Ptuh,-0.7172451853339519,,FALSE
Cluster_5685,Cluster_425,Apul-Ptuh,-0.3518529248411691,,FALSE
Cluster_5685,Cluster_789,Apul-Ptuh,0.06203994089018174,,FALSE
Cluster_5685,Cluster_958,Apul-Ptuh,-0.24448331642853083,,FALSE
Cluster_5685,Cluster_1047,Apul-Ptuh,0.8514572560183996,,FALSE
Cluster_5685,Cluster_1094,Apul-Ptuh,0.3359136847478072,,FALSE
Cluster_5685,Cluster_1104,Apul-Ptuh,-0.3349563163136615,,FALSE
Cluster_5685,Cluster_1126,Apul-Ptuh,0.14664325447945606,,FALSE
Cluster_5685,Cluster_1159,Apul-Ptuh,-0.633603936279373,,FALSE
Cluster_5685,Cluster_1338,Apul-Ptuh,0.08116543022609636,,FALSE
Cluster_5685,Cluster_1345,Apul-Ptuh,0.30723974213880006,,FALSE
Cluster_5685,Cluster_1827,Apul-Ptuh,0.022320995609799305,,FALSE
Cluster_5685,Cluster_1970,Apul-Ptuh,0.47911164111109295,,FALSE
Cluster_5685,Cluster_1990,Apul-Ptuh,-0.5013007270240345,,FALSE
Cluster_5685,Cluster_1991,Apul-Ptuh,0.25891803375541306,,FALSE
Cluster_5685,Cluster_2871,Apul-Ptuh,-0.982151699198309,,FALSE
Cluster_5685,Cluster_2873,Apul-Ptuh,-0.32829345884296385,,FALSE
Cluster_5685,Cluster_2897,Apul-Ptuh,-0.5149354824271178,,FALSE
Cluster_5685,Cluster_3017,Apul-Ptuh,-0.2167233313864465,,FALSE
Cluster_5685,Cluster_3415,Apul-Ptuh,-0.37682598981887744,,FALSE
Cluster_5685,Cluster_3713,Apul-Ptuh,0.7778088982076241,,FALSE
Cluster_5685,Cluster_4092,Apul-Ptuh,0.05291285566347159,,FALSE
Cluster_5685,Cluster_4094,Apul-Ptuh,0.2200403484074478,,FALSE
Cluster_5685,Cluster_4485,Apul-Ptuh,-0.016228835545061233,,FALSE
Cluster_5685,Cluster_4487,Apul-Ptuh,0.1011410937630464,,FALSE
Cluster_5685,Cluster_4489,Apul-Ptuh,0.7207643039368247,,FALSE
Cluster_5685,Cluster_4490,Apul-Ptuh,-0.1093657656975129,,FALSE
Cluster_5685,Cluster_4609,Apul-Ptuh,-0.6802878721291253,,FALSE
Cluster_5685,Cluster_4826,Apul-Ptuh,0.5830652116406726,,FALSE
Cluster_5685,Cluster_4827,Apul-Ptuh,-0.9694383032160333,,FALSE
Cluster_5685,Cluster_5123,Apul-Ptuh,0.37834069381151947,,FALSE
Cluster_5685,Cluster_5226,Apul-Ptuh,0.05859053092132841,,FALSE
Cluster_5685,Cluster_5267,Apul-Ptuh,0.7195562698692445,,FALSE
Cluster_5685,Cluster_5627,Apul-Ptuh,0.6257224780338834,,FALSE
Cluster_5685,Cluster_5749,Apul-Ptuh,0.9770686146628482,,FALSE
Cluster_5685,Cluster_6456,Apul-Ptuh,-0.17731111659147214,,FALSE
Cluster_5685,Cluster_6807,Apul-Ptuh,-0.22914238958901945,,FALSE
Cluster_9366,Cluster_4,Apul-Ptuh,-0.9377512864070888,,FALSE
Cluster_9366,Cluster_20,Apul-Ptuh,-0.9433107918444493,,FALSE
Cluster_9366,Cluster_321,Apul-Ptuh,-0.5208592528135783,,FALSE
Cluster_9366,Cluster_372,Apul-Ptuh,-0.6912178861517071,,FALSE
Cluster_9366,Cluster_425,Apul-Ptuh,-0.40368282921327525,,FALSE
Cluster_9366,Cluster_789,Apul-Ptuh,0.9003053550618753,,FALSE
Cluster_9366,Cluster_958,Apul-Ptuh,-0.9471742775521607,,FALSE
Cluster_9366,Cluster_1047,Apul-Ptuh,0.5535961260607062,,FALSE
Cluster_9366,Cluster_1094,Apul-Ptuh,0.8872322053836724,,FALSE
Cluster_9366,Cluster_1104,Apul-Ptuh,-0.9505918703533028,,FALSE
Cluster_9366,Cluster_1126,Apul-Ptuh,-0.6620167639212293,,FALSE
Cluster_9366,Cluster_1159,Apul-Ptuh,-0.7779501837708582,,FALSE
Cluster_9366,Cluster_1338,Apul-Ptuh,0.29982753498330716,,FALSE
Cluster_9366,Cluster_1345,Apul-Ptuh,-0.601984386499058,,FALSE
Cluster_9366,Cluster_1827,Apul-Ptuh,0.7191447863058037,,FALSE
Cluster_9366,Cluster_1970,Apul-Ptuh,0.67846528763055,,FALSE
Cluster_9366,Cluster_1990,Apul-Ptuh,-0.08116871544529008,,FALSE
Cluster_9366,Cluster_1991,Apul-Ptuh,0.9738090893882779,,FALSE
Cluster_9366,Cluster_2871,Apul-Ptuh,0.08657689360815508,,FALSE
Cluster_9366,Cluster_2873,Apul-Ptuh,-0.6361549937825559,,FALSE
Cluster_9366,Cluster_2897,Apul-Ptuh,0.5196343274136744,,FALSE
Cluster_9366,Cluster_3017,Apul-Ptuh,-0.39157040226570233,,FALSE
Cluster_9366,Cluster_3415,Apul-Ptuh,-0.895261584716542,,FALSE
Cluster_9366,Cluster_3713,Apul-Ptuh,-0.04434342697878798,,FALSE
Cluster_9366,Cluster_4092,Apul-Ptuh,0.7559624906211111,,FALSE
Cluster_9366,Cluster_4094,Apul-Ptuh,0.8006753963440767,,FALSE
Cluster_9366,Cluster_4485,Apul-Ptuh,0.42148244080235725,,FALSE
Cluster_9366,Cluster_4487,Apul-Ptuh,0.7672367916729655,,FALSE
Cluster_9366,Cluster_4489,Apul-Ptuh,0.6799657925164628,,FALSE
Cluster_9366,Cluster_4490,Apul-Ptuh,0.5360331597419038,,FALSE
Cluster_9366,Cluster_4609,Apul-Ptuh,-0.3883866651464936,,FALSE
Cluster_9366,Cluster_4826,Apul-Ptuh,0.3548218499853752,,FALSE
Cluster_9366,Cluster_4827,Apul-Ptuh,-0.2860131233947648,,FALSE
Cluster_9366,Cluster_5123,Apul-Ptuh,0.49522310417525467,,FALSE
Cluster_9366,Cluster_5226,Apul-Ptuh,-0.7772213128544087,,FALSE
Cluster_9366,Cluster_5267,Apul-Ptuh,-0.0970823655803724,,FALSE
Cluster_9366,Cluster_5627,Apul-Ptuh,0.7023568325054891,,FALSE
Cluster_9366,Cluster_5749,Apul-Ptuh,0.07316742176919606,,FALSE
Cluster_9366,Cluster_6456,Apul-Ptuh,-0.7168159262200552,,FALSE
Cluster_9366,Cluster_6807,Apul-Ptuh,-0.9504830120466389,,FALSE
Cluster_9380,Cluster_4,Apul-Ptuh,-0.7937070309919569,,FALSE
Cluster_9380,Cluster_20,Apul-Ptuh,-0.641967308627511,,FALSE
Cluster_9380,Cluster_321,Apul-Ptuh,0.06337419932823822,,FALSE
Cluster_9380,Cluster_372,Apul-Ptuh,-0.5038227010164726,,FALSE
Cluster_9380,Cluster_425,Apul-Ptuh,-0.7001169717223671,,FALSE
Cluster_9380,Cluster_789,Apul-Ptuh,0.9530618888202766,,FALSE
Cluster_9380,Cluster_958,Apul-Ptuh,-0.5789327578847981,,FALSE
Cluster_9380,Cluster_1047,Apul-Ptuh,0.1952390697003603,,FALSE
Cluster_9380,Cluster_1094,Apul-Ptuh,0.4509745917163517,,FALSE
Cluster_9380,Cluster_1104,Apul-Ptuh,-0.639825498822371,,FALSE
Cluster_9380,Cluster_1126,Apul-Ptuh,-0.184333078970394,,FALSE
Cluster_9380,Cluster_1159,Apul-Ptuh,-0.3785356906818052,,FALSE
Cluster_9380,Cluster_1338,Apul-Ptuh,0.7366203063155898,,FALSE
Cluster_9380,Cluster_1345,Apul-Ptuh,-0.9581828710763692,,FALSE
Cluster_9380,Cluster_1827,Apul-Ptuh,0.20720146157191763,,FALSE
Cluster_9380,Cluster_1970,Apul-Ptuh,0.12210010005147877,,FALSE
Cluster_9380,Cluster_1990,Apul-Ptuh,-0.4061745912898514,,FALSE
Cluster_9380,Cluster_1991,Apul-Ptuh,0.7655101743311586,,FALSE
Cluster_9380,Cluster_2871,Apul-Ptuh,0.24098632075324655,,FALSE
Cluster_9380,Cluster_2873,Apul-Ptuh,-0.05509480508123018,,FALSE
Cluster_9380,Cluster_2897,Apul-Ptuh,0.9095031895856532,,FALSE
Cluster_9380,Cluster_3017,Apul-Ptuh,-0.7489941781783652,,FALSE
Cluster_9380,Cluster_3415,Apul-Ptuh,-0.7923233792250981,,FALSE
Cluster_9380,Cluster_3713,Apul-Ptuh,0.10608358821402498,,FALSE
Cluster_9380,Cluster_4092,Apul-Ptuh,0.2514452282725152,,FALSE
Cluster_9380,Cluster_4094,Apul-Ptuh,0.9050578841776603,,FALSE
Cluster_9380,Cluster_4485,Apul-Ptuh,-0.13985125014958508,,FALSE
Cluster_9380,Cluster_4487,Apul-Ptuh,0.2575811904758327,,FALSE
Cluster_9380,Cluster_4489,Apul-Ptuh,0.24569598144752744,,FALSE
Cluster_9380,Cluster_4490,Apul-Ptuh,0.01575983535022105,,FALSE
Cluster_9380,Cluster_4609,Apul-Ptuh,-0.49141137603521484,,FALSE
Cluster_9380,Cluster_4826,Apul-Ptuh,0.5440088938068682,,FALSE
Cluster_9380,Cluster_4827,Apul-Ptuh,0.015017075686248993,,FALSE
Cluster_9380,Cluster_5123,Apul-Ptuh,0.7361307424861437,,FALSE
Cluster_9380,Cluster_5226,Apul-Ptuh,-0.9837757345946311,,FALSE
Cluster_9380,Cluster_5267,Apul-Ptuh,0.10922832716863744,,FALSE
Cluster_9380,Cluster_5627,Apul-Ptuh,0.6266177789539021,,FALSE
Cluster_9380,Cluster_5749,Apul-Ptuh,-0.06997600871759035,,FALSE
Cluster_9380,Cluster_6456,Apul-Ptuh,-0.17386009889544898,,FALSE
Cluster_9380,Cluster_6807,Apul-Ptuh,-0.5856505120321168,,FALSE
Cluster_9420,Cluster_4,Apul-Ptuh,-0.6345300727543429,,FALSE
Cluster_9420,Cluster_20,Apul-Ptuh,-0.44653715681675465,,FALSE
Cluster_9420,Cluster_321,Apul-Ptuh,0.42167710421558907,,FALSE
Cluster_9420,Cluster_372,Apul-Ptuh,-0.7697838401321676,,FALSE
Cluster_9420,Cluster_425,Apul-Ptuh,-0.9803201507732545,,FALSE
Cluster_9420,Cluster_789,Apul-Ptuh,0.670157092839071,,FALSE
Cluster_9420,Cluster_958,Apul-Ptuh,-0.24655602247193,,FALSE
Cluster_9420,Cluster_1047,Apul-Ptuh,0.5565762152388444,,FALSE
Cluster_9420,Cluster_1094,Apul-Ptuh,0.19192302285365773,,FALSE
Cluster_9420,Cluster_1104,Apul-Ptuh,-0.41127910489231456,,FALSE
Cluster_9420,Cluster_1126,Apul-Ptuh,0.4255974556929685,,FALSE
Cluster_9420,Cluster_1159,Apul-Ptuh,-0.4405977709029287,,FALSE
Cluster_9420,Cluster_1338,Apul-Ptuh,0.8849728162305328,,FALSE
Cluster_9420,Cluster_1345,Apul-Ptuh,-0.6088607575677506,,FALSE
Cluster_9420,Cluster_1827,Apul-Ptuh,-0.29321032096142946,,FALSE
Cluster_9420,Cluster_1970,Apul-Ptuh,0.017824514034772986,,FALSE
Cluster_9420,Cluster_1990,Apul-Ptuh,-0.9594867283966351,,FALSE
Cluster_9420,Cluster_1991,Apul-Ptuh,0.5074240071653934,,FALSE
Cluster_9420,Cluster_2871,Apul-Ptuh,-0.5837581566823955,,FALSE
Cluster_9420,Cluster_2873,Apul-Ptuh,0.17541861601635095,,FALSE
Cluster_9420,Cluster_2897,Apul-Ptuh,0.4266027829767734,,FALSE
Cluster_9420,Cluster_3017,Apul-Ptuh,-0.943334981500732,,FALSE
Cluster_9420,Cluster_3415,Apul-Ptuh,-0.7166161730884738,,FALSE
Cluster_9420,Cluster_3713,Apul-Ptuh,0.8728566697811737,,FALSE
Cluster_9420,Cluster_4092,Apul-Ptuh,-0.23359169010687073,,FALSE
Cluster_9420,Cluster_4094,Apul-Ptuh,0.8237855750853228,,FALSE
Cluster_9420,Cluster_4485,Apul-Ptuh,-0.5769685442413376,,FALSE
Cluster_9420,Cluster_4487,Apul-Ptuh,-0.19207840700158374,,FALSE
Cluster_9420,Cluster_4489,Apul-Ptuh,0.4075995539653806,,FALSE
Cluster_9420,Cluster_4490,Apul-Ptuh,-0.5302691674159962,,FALSE
Cluster_9420,Cluster_4609,Apul-Ptuh,-0.9778165352964012,,FALSE
Cluster_9420,Cluster_4826,Apul-Ptuh,0.9977268022002658,,FALSE
Cluster_9420,Cluster_4827,Apul-Ptuh,-0.5828544228499365,,FALSE
Cluster_9420,Cluster_5123,Apul-Ptuh,0.9776976661076642,,FALSE
Cluster_9420,Cluster_5226,Apul-Ptuh,-0.7141822466474336,,FALSE
Cluster_9420,Cluster_5267,Apul-Ptuh,0.8714279002774221,,FALSE
Cluster_9420,Cluster_5627,Apul-Ptuh,0.8584826415113133,,FALSE
Cluster_9420,Cluster_5749,Apul-Ptuh,0.6913459391150111,,FALSE
Cluster_9420,Cluster_6456,Apul-Ptuh,0.20395250655405062,,FALSE
Cluster_9420,Cluster_6807,Apul-Ptuh,-0.2400578419141688,,FALSE
Cluster_9512,Cluster_4,Apul-Ptuh,-0.9420404161653569,,FALSE
Cluster_9512,Cluster_20,Apul-Ptuh,-0.9872377003327174,,FALSE
Cluster_9512,Cluster_321,Apul-Ptuh,-0.629164981389747,,FALSE
Cluster_9512,Cluster_372,Apul-Ptuh,-0.7709035167564767,,FALSE
Cluster_9512,Cluster_425,Apul-Ptuh,-0.35208750957635626,,FALSE
Cluster_9512,Cluster_789,Apul-Ptuh,0.8319162508307313,,FALSE
Cluster_9512,Cluster_958,Apul-Ptuh,-0.9910027050181708,,FALSE
Cluster_9512,Cluster_1047,Apul-Ptuh,0.6973680464579064,,FALSE
Cluster_9512,Cluster_1094,Apul-Ptuh,0.9615670439576394,,FALSE
Cluster_9512,Cluster_1104,Apul-Ptuh,-0.9924739807960362,,FALSE
Cluster_9512,Cluster_1126,Apul-Ptuh,-0.7027453611923283,,FALSE
Cluster_9512,Cluster_1159,Apul-Ptuh,-0.888233008398812,,FALSE
Cluster_9512,Cluster_1338,Apul-Ptuh,0.19151775774293903,,FALSE
Cluster_9512,Cluster_1345,Apul-Ptuh,-0.4425902681206489,,FALSE
Cluster_9512,Cluster_1827,Apul-Ptuh,0.7839994622477119,,FALSE
Cluster_9512,Cluster_1970,Apul-Ptuh,0.8117898003800338,,FALSE
Cluster_9512,Cluster_1990,Apul-Ptuh,-0.06449216971211223,,FALSE
Cluster_9512,Cluster_1991,Apul-Ptuh,0.9820481546530663,,FALSE
Cluster_9512,Cluster_2871,Apul-Ptuh,-0.07363133632355127,,FALSE
Cluster_9512,Cluster_2873,Apul-Ptuh,-0.7595756787129939,,FALSE
Cluster_9512,Cluster_2897,Apul-Ptuh,0.33332051170818433,,FALSE
Cluster_9512,Cluster_3017,Apul-Ptuh,-0.3108387074354104,,FALSE
Cluster_9512,Cluster_3415,Apul-Ptuh,-0.9001384980611015,,FALSE
Cluster_9512,Cluster_3713,Apul-Ptuh,0.020361274224255228,,FALSE
Cluster_9512,Cluster_4092,Apul-Ptuh,0.820274908299655,,FALSE
Cluster_9512,Cluster_4094,Apul-Ptuh,0.747229134722323,,FALSE
Cluster_9512,Cluster_4485,Apul-Ptuh,0.5138286222985485,,FALSE
Cluster_9512,Cluster_4487,Apul-Ptuh,0.8377663039686087,,FALSE
Cluster_9512,Cluster_4489,Apul-Ptuh,0.8156000364109538,,FALSE
Cluster_9512,Cluster_4490,Apul-Ptuh,0.5997411129488341,,FALSE
Cluster_9512,Cluster_4609,Apul-Ptuh,-0.420813027747326,,FALSE
Cluster_9512,Cluster_4826,Apul-Ptuh,0.35868795512039053,,FALSE
Cluster_9512,Cluster_4827,Apul-Ptuh,-0.45057124959843486,,FALSE
Cluster_9512,Cluster_5123,Apul-Ptuh,0.4526312940967121,,FALSE
Cluster_9512,Cluster_5226,Apul-Ptuh,-0.6688160859519968,,FALSE
Cluster_9512,Cluster_5267,Apul-Ptuh,-0.04810476339781369,,FALSE
Cluster_9512,Cluster_5627,Apul-Ptuh,0.7453361992232455,,FALSE
Cluster_9512,Cluster_5749,Apul-Ptuh,0.21885603724950023,,FALSE
Cluster_9512,Cluster_6456,Apul-Ptuh,-0.8076164541163284,,FALSE
Cluster_9512,Cluster_6807,Apul-Ptuh,-0.9914483699724345,,FALSE
Cluster_9532,Cluster_4,Apul-Ptuh,-0.8250545773774506,,FALSE
Cluster_9532,Cluster_20,Apul-Ptuh,-0.8520432489236819,,FALSE
Cluster_9532,Cluster_321,Apul-Ptuh,-0.577522595661897,,FALSE
Cluster_9532,Cluster_372,Apul-Ptuh,-0.49601394831637674,,FALSE
Cluster_9532,Cluster_425,Apul-Ptuh,-0.22211200355144617,,FALSE
Cluster_9532,Cluster_789,Apul-Ptuh,0.8184306682066907,,FALSE
Cluster_9532,Cluster_958,Apul-Ptuh,-0.9021481288054669,,FALSE
Cluster_9532,Cluster_1047,Apul-Ptuh,0.36655662286994084,,FALSE
Cluster_9532,Cluster_1094,Apul-Ptuh,0.8355173116752567,,FALSE
Cluster_9532,Cluster_1104,Apul-Ptuh,-0.8688572201592469,,FALSE
Cluster_9532,Cluster_1126,Apul-Ptuh,-0.76258024468712,,FALSE
Cluster_9532,Cluster_1159,Apul-Ptuh,-0.644808880959654,,FALSE
Cluster_9532,Cluster_1338,Apul-Ptuh,0.16781279024403664,,FALSE
Cluster_9532,Cluster_1345,Apul-Ptuh,-0.5734946776107608,,FALSE
Cluster_9532,Cluster_1827,Apul-Ptuh,0.7779810909966114,,FALSE
Cluster_9532,Cluster_1970,Apul-Ptuh,0.626034124586464,,FALSE
Cluster_9532,Cluster_1990,Apul-Ptuh,0.12734387537222086,,FALSE
Cluster_9532,Cluster_1991,Apul-Ptuh,0.8895513677273688,,FALSE
Cluster_9532,Cluster_2871,Apul-Ptuh,0.3134420494119681,,FALSE
Cluster_9532,Cluster_2873,Apul-Ptuh,-0.6321103214931049,,FALSE
Cluster_9532,Cluster_2897,Apul-Ptuh,0.5449457636371731,,FALSE
Cluster_9532,Cluster_3017,Apul-Ptuh,-0.23426936299449935,,FALSE
Cluster_9532,Cluster_3415,Apul-Ptuh,-0.761719263600017,,FALSE
Cluster_9532,Cluster_3713,Apul-Ptuh,-0.28299635703475334,,FALSE
Cluster_9532,Cluster_4092,Apul-Ptuh,0.8027797645330198,,FALSE
Cluster_9532,Cluster_4094,Apul-Ptuh,0.6713151852406456,,FALSE
Cluster_9532,Cluster_4485,Apul-Ptuh,0.5189888953578494,,FALSE
Cluster_9532,Cluster_4487,Apul-Ptuh,0.801466624415596,,FALSE
Cluster_9532,Cluster_4489,Apul-Ptuh,0.5365731479806747,,FALSE
Cluster_9532,Cluster_4490,Apul-Ptuh,0.6430980543169658,,FALSE
Cluster_9532,Cluster_4609,Apul-Ptuh,-0.16004265322517344,,FALSE
Cluster_9532,Cluster_4826,Apul-Ptuh,0.13651031554851148,,FALSE
Cluster_9532,Cluster_4827,Apul-Ptuh,-0.07114740188905994,,FALSE
Cluster_9532,Cluster_5123,Apul-Ptuh,0.31273652813872893,,FALSE
Cluster_9532,Cluster_5226,Apul-Ptuh,-0.7027889846597992,,FALSE
Cluster_9532,Cluster_5267,Apul-Ptuh,-0.32866447141698163,,FALSE
Cluster_9532,Cluster_5627,Apul-Ptuh,0.5075882936456987,,FALSE
Cluster_9532,Cluster_5749,Apul-Ptuh,-0.16429132468155216,,FALSE
Cluster_9532,Cluster_6456,Apul-Ptuh,-0.7405733191627136,,FALSE
Cluster_9532,Cluster_6807,Apul-Ptuh,-0.9086726436115472,,FALSE
Cluster_9706,Cluster_4,Apul-Ptuh,-0.8814768950643844,,FALSE
Cluster_9706,Cluster_20,Apul-Ptuh,-0.9398005999742297,,FALSE
Cluster_9706,Cluster_321,Apul-Ptuh,-0.6761375135662212,,FALSE
Cluster_9706,Cluster_372,Apul-Ptuh,-0.6376800913125669,,FALSE
Cluster_9706,Cluster_425,Apul-Ptuh,-0.2313781408819175,,FALSE
Cluster_9706,Cluster_789,Apul-Ptuh,0.7985240110494576,,FALSE
Cluster_9706,Cluster_958,Apul-Ptuh,-0.9779061708118288,,FALSE
Cluster_9706,Cluster_1047,Apul-Ptuh,0.5621339132720131,,FALSE
Cluster_9706,Cluster_1094,Apul-Ptuh,0.9398210462562305,,FALSE
Cluster_9706,Cluster_1104,Apul-Ptuh,-0.9524236920759991,,FALSE
Cluster_9706,Cluster_1126,Apul-Ptuh,-0.7906189111857256,,FALSE
Cluster_9706,Cluster_1159,Apul-Ptuh,-0.8008853736300442,,FALSE
Cluster_9706,Cluster_1338,Apul-Ptuh,0.10904947098426142,,FALSE
Cluster_9706,Cluster_1345,Apul-Ptuh,-0.4479543827504063,,FALSE
Cluster_9706,Cluster_1827,Apul-Ptuh,0.840638828443333,,FALSE
Cluster_9706,Cluster_1970,Apul-Ptuh,0.7800682760392713,,FALSE
Cluster_9706,Cluster_1990,Apul-Ptuh,0.08667597723247669,,FALSE
Cluster_9706,Cluster_1991,Apul-Ptuh,0.9431462657936444,,FALSE
Cluster_9706,Cluster_2871,Apul-Ptuh,0.10811486270717786,,FALSE
Cluster_9706,Cluster_2873,Apul-Ptuh,-0.7633529544850647,,FALSE
Cluster_9706,Cluster_2897,Apul-Ptuh,0.37843764486725234,,FALSE
Cluster_9706,Cluster_3017,Apul-Ptuh,-0.20991474227060938,,FALSE
Cluster_9706,Cluster_3415,Apul-Ptuh,-0.8230471206834934,,FALSE
Cluster_9706,Cluster_3713,Apul-Ptuh,-0.16213513891563167,,FALSE
Cluster_9706,Cluster_4092,Apul-Ptuh,0.8689650474256222,,FALSE
Cluster_9706,Cluster_4094,Apul-Ptuh,0.6751292290960155,,FALSE
Cluster_9706,Cluster_4485,Apul-Ptuh,0.5897431008533656,,FALSE
Cluster_9706,Cluster_4487,Apul-Ptuh,0.8769639694863832,,FALSE
Cluster_9706,Cluster_4489,Apul-Ptuh,0.7163985930272627,,FALSE
Cluster_9706,Cluster_4490,Apul-Ptuh,0.6876446558263669,,FALSE
Cluster_9706,Cluster_4609,Apul-Ptuh,-0.25899408727846923,,FALSE
Cluster_9706,Cluster_4826,Apul-Ptuh,0.20554054965751417,,FALSE
Cluster_9706,Cluster_4827,Apul-Ptuh,-0.2866078802121697,,FALSE
Cluster_9706,Cluster_5123,Apul-Ptuh,0.33285402995857283,,FALSE
Cluster_9706,Cluster_5226,Apul-Ptuh,-0.6407954869148849,,FALSE
Cluster_9706,Cluster_5267,Apul-Ptuh,-0.22552831033431067,,FALSE
Cluster_9706,Cluster_5627,Apul-Ptuh,0.6153753596896137,,FALSE
Cluster_9706,Cluster_5749,Apul-Ptuh,0.03427067644752381,,FALSE
Cluster_9706,Cluster_6456,Apul-Ptuh,-0.8363416581054548,,FALSE
Cluster_9706,Cluster_6807,Apul-Ptuh,-0.9810225242538022,,FALSE
Cluster_9786,Cluster_4,Apul-Ptuh,-0.3246223016037624,,FALSE
Cluster_9786,Cluster_20,Apul-Ptuh,-0.0991193711847293,,FALSE
Cluster_9786,Cluster_321,Apul-Ptuh,0.7042679671186585,,FALSE
Cluster_9786,Cluster_372,Apul-Ptuh,-0.5112094676366805,,FALSE
Cluster_9786,Cluster_425,Apul-Ptuh,-0.9208936829467331,,FALSE
Cluster_9786,Cluster_789,Apul-Ptuh,0.4211991921372311,,FALSE
Cluster_9786,Cluster_958,Apul-Ptuh,0.11374675366981632,,FALSE
Cluster_9786,Cluster_1047,Apul-Ptuh,0.2963416490824462,,FALSE
Cluster_9786,Cluster_1094,Apul-Ptuh,-0.16851026488101398,,FALSE
Cluster_9786,Cluster_1104,Apul-Ptuh,-0.060429717161463475,,FALSE
Cluster_9786,Cluster_1126,Apul-Ptuh,0.7181733271504857,,FALSE
Cluster_9786,Cluster_1159,Apul-Ptuh,-0.11222950872380871,,FALSE
Cluster_9786,Cluster_1338,Apul-Ptuh,0.8933731807732558,,FALSE
Cluster_9786,Cluster_1345,Apul-Ptuh,-0.522303515897957,,FALSE
Cluster_9786,Cluster_1827,Apul-Ptuh,-0.6140928007882592,,FALSE
Cluster_9786,Cluster_1970,Apul-Ptuh,-0.31276158142872035,,FALSE
Cluster_9786,Cluster_1990,Apul-Ptuh,-0.9954080196166335,,FALSE
Cluster_9786,Cluster_1991,Apul-Ptuh,0.17451284478045176,,FALSE
Cluster_9786,Cluster_2871,Apul-Ptuh,-0.549594871097446,,FALSE
Cluster_9786,Cluster_2873,Apul-Ptuh,0.4954780824712526,,FALSE
Cluster_9786,Cluster_2897,Apul-Ptuh,0.376460649716969,,FALSE
Cluster_9786,Cluster_3017,Apul-Ptuh,-0.9043241689376835,,FALSE
Cluster_9786,Cluster_3415,Apul-Ptuh,-0.42665447946020074,,FALSE
Cluster_9786,Cluster_3713,Apul-Ptuh,0.8992273971929904,,FALSE
Cluster_9786,Cluster_4092,Apul-Ptuh,-0.5641991085536382,,FALSE
Cluster_9786,Cluster_4094,Apul-Ptuh,0.6109277929368049,,FALSE
Cluster_9786,Cluster_4485,Apul-Ptuh,-0.8221579956531551,,FALSE
Cluster_9786,Cluster_4487,Apul-Ptuh,-0.5282897911216273,,FALSE
Cluster_9786,Cluster_4489,Apul-Ptuh,0.09749987276673702,,FALSE
Cluster_9786,Cluster_4490,Apul-Ptuh,-0.79696869155234,,FALSE
Cluster_9786,Cluster_4609,Apul-Ptuh,-0.8716382463757012,,FALSE
Cluster_9786,Cluster_4826,Apul-Ptuh,0.9227518580860987,,FALSE
Cluster_9786,Cluster_4827,Apul-Ptuh,-0.4093261283339938,,FALSE
Cluster_9786,Cluster_5123,Apul-Ptuh,0.8789615950555347,,FALSE
Cluster_9786,Cluster_5226,Apul-Ptuh,-0.5377594273890735,,FALSE
Cluster_9786,Cluster_5267,Apul-Ptuh,0.9268266191446874,,FALSE
Cluster_9786,Cluster_5627,Apul-Ptuh,0.6237493381281785,,FALSE
Cluster_9786,Cluster_5749,Apul-Ptuh,0.6138387495592507,,FALSE
Cluster_9786,Cluster_6456,Apul-Ptuh,0.5349592815633346,,FALSE
Cluster_9786,Cluster_6807,Apul-Ptuh,0.12005344906202875,,FALSE
Cluster_10452,Cluster_4,Apul-Ptuh,-0.1574395938807181,,FALSE
Cluster_10452,Cluster_20,Apul-Ptuh,-0.02613523900600927,,FALSE
Cluster_10452,Cluster_321,Apul-Ptuh,0.21378963340994508,,FALSE
Cluster_10452,Cluster_372,Apul-Ptuh,0.27415367821459374,,FALSE
Cluster_10452,Cluster_425,Apul-Ptuh,-0.15632433897306575,,FALSE
Cluster_10452,Cluster_789,Apul-Ptuh,0.45131154399755197,,FALSE
Cluster_10452,Cluster_958,Apul-Ptuh,-0.06787598449317706,,FALSE
Cluster_10452,Cluster_1047,Apul-Ptuh,-0.5520064627172006,,FALSE
Cluster_10452,Cluster_1094,Apul-Ptuh,-0.07197654598265692,,FALSE
Cluster_10452,Cluster_1104,Apul-Ptuh,-0.04436187535680348,,FALSE
Cluster_10452,Cluster_1126,Apul-Ptuh,-0.12374842340780663,,FALSE
Cluster_10452,Cluster_1159,Apul-Ptuh,0.31198778451730164,,FALSE
Cluster_10452,Cluster_1338,Apul-Ptuh,0.3862017705687361,,FALSE
Cluster_10452,Cluster_1345,Apul-Ptuh,-0.7592515851432163,,FALSE
Cluster_10452,Cluster_1827,Apul-Ptuh,0.011745831019223,,FALSE
Cluster_10452,Cluster_1970,Apul-Ptuh,-0.3586998538156226,,FALSE
Cluster_10452,Cluster_1990,Apul-Ptuh,0.09416445789933671,,FALSE
Cluster_10452,Cluster_1991,Apul-Ptuh,0.17754204550545685,,FALSE
Cluster_10452,Cluster_2871,Apul-Ptuh,0.8351468960445507,,FALSE
Cluster_10452,Cluster_2873,Apul-Ptuh,0.2909877514675534,,FALSE
Cluster_10452,Cluster_2897,Apul-Ptuh,0.8851306943915086,,FALSE
Cluster_10452,Cluster_3017,Apul-Ptuh,-0.28534524759147323,,FALSE
Cluster_10452,Cluster_3415,Apul-Ptuh,-0.12472934346927896,,FALSE
Cluster_10452,Cluster_3713,Apul-Ptuh,-0.46797460516980244,,FALSE
Cluster_10452,Cluster_4092,Apul-Ptuh,0.014035196657170563,,FALSE
Cluster_10452,Cluster_4094,Apul-Ptuh,0.32395696768442617,,FALSE
Cluster_10452,Cluster_4485,Apul-Ptuh,-0.1460343865629134,,FALSE
Cluster_10452,Cluster_4487,Apul-Ptuh,-0.01742325472864057,,FALSE
Cluster_10452,Cluster_4489,Apul-Ptuh,-0.4462604252807005,,FALSE
Cluster_10452,Cluster_4490,Apul-Ptuh,0.0050070115764233045,,FALSE
Cluster_10452,Cluster_4609,Apul-Ptuh,0.21009843918092347,,FALSE
Cluster_10452,Cluster_4826,Apul-Ptuh,-0.10189176737502777,,FALSE
Cluster_10452,Cluster_4827,Apul-Ptuh,0.7332967288741357,,FALSE
Cluster_10452,Cluster_5123,Apul-Ptuh,0.14764387919751698,,FALSE
Cluster_10452,Cluster_5226,Apul-Ptuh,-0.575110837227443,,FALSE
Cluster_10452,Cluster_5267,Apul-Ptuh,-0.4169765978476085,,FALSE
Cluster_10452,Cluster_5627,Apul-Ptuh,-0.13018801229278393,,FALSE
Cluster_10452,Cluster_5749,Apul-Ptuh,-0.7425255064034939,,FALSE
Cluster_10452,Cluster_6456,Apul-Ptuh,0.11866993806462055,,FALSE
Cluster_10452,Cluster_6807,Apul-Ptuh,-0.08258186848691587,,FALSE
Cluster_11565,Cluster_4,Apul-Ptuh,-0.3102462111329086,,FALSE
Cluster_11565,Cluster_20,Apul-Ptuh,-0.5416667080433483,,FALSE
Cluster_11565,Cluster_321,Apul-Ptuh,-0.9891226917411142,,FALSE
Cluster_11565,Cluster_372,Apul-Ptuh,-0.15011612120158144,,FALSE
Cluster_11565,Cluster_425,Apul-Ptuh,0.5243297841555192,,FALSE
Cluster_11565,Cluster_789,Apul-Ptuh,0.10278032967272263,,FALSE
Cluster_11565,Cluster_958,Apul-Ptuh,-0.6999860022876261,,FALSE
Cluster_11565,Cluster_1047,Apul-Ptuh,0.3296825951762498,,FALSE
Cluster_11565,Cluster_1094,Apul-Ptuh,0.7538023183701433,,FALSE
Cluster_11565,Cluster_1104,Apul-Ptuh,-0.5710370389266713,,FALSE
Cluster_11565,Cluster_1126,Apul-Ptuh,-0.9739966269167982,,FALSE
Cluster_11565,Cluster_1159,Apul-Ptuh,-0.5414630013442433,,FALSE
Cluster_11565,Cluster_1338,Apul-Ptuh,-0.6538249282335106,,FALSE
Cluster_11565,Cluster_1345,Apul-Ptuh,0.28770019809665665,,FALSE
Cluster_11565,Cluster_1827,Apul-Ptuh,0.9687617060232697,,FALSE
Cluster_11565,Cluster_1970,Apul-Ptuh,0.8323755593613164,,FALSE
Cluster_11565,Cluster_1990,Apul-Ptuh,0.7101111617979506,,FALSE
Cluster_11565,Cluster_1991,Apul-Ptuh,0.4475036842379654,,FALSE
Cluster_11565,Cluster_2871,Apul-Ptuh,0.20003413899499967,,FALSE
Cluster_11565,Cluster_2873,Apul-Ptuh,-0.9263828098803248,,FALSE
Cluster_11565,Cluster_2897,Apul-Ptuh,-0.27080081794693395,,FALSE
Cluster_11565,Cluster_3017,Apul-Ptuh,0.565246583367179,,FALSE
Cluster_11565,Cluster_3415,Apul-Ptuh,-0.21173840921867856,,FALSE
Cluster_11565,Cluster_3713,Apul-Ptuh,-0.5833117409356111,,FALSE
Cluster_11565,Cluster_4092,Apul-Ptuh,0.9525516657745482,,FALSE
Cluster_11565,Cluster_4094,Apul-Ptuh,-0.07040239084172467,,FALSE
Cluster_11565,Cluster_4485,Apul-Ptuh,0.9930028393201785,,FALSE
Cluster_11565,Cluster_4487,Apul-Ptuh,0.9425402660169188,,FALSE
Cluster_11565,Cluster_4489,Apul-Ptuh,0.5357646717509318,,FALSE
Cluster_11565,Cluster_4490,Apul-Ptuh,0.9953957422423417,,FALSE
Cluster_11565,Cluster_4609,Apul-Ptuh,0.3641260122723884,,FALSE
Cluster_11565,Cluster_4826,Apul-Ptuh,-0.46620380090923,,FALSE
Cluster_11565,Cluster_4827,Apul-Ptuh,-0.12504590846797006,,FALSE
Cluster_11565,Cluster_5123,Apul-Ptuh,-0.42642960542368025,,FALSE
Cluster_11565,Cluster_5226,Apul-Ptuh,0.11716828505691447,,FALSE
Cluster_11565,Cluster_5267,Apul-Ptuh,-0.6589101780654382,,FALSE
Cluster_11565,Cluster_5627,Apul-Ptuh,0.0158932292360511,,FALSE
Cluster_11565,Cluster_5749,Apul-Ptuh,-0.1778693515319165,,FALSE
Cluster_11565,Cluster_6456,Apul-Ptuh,-0.9503679747038657,,FALSE
Cluster_11565,Cluster_6807,Apul-Ptuh,-0.7019983678875534,,FALSE
Cluster_12081,Cluster_4,Apul-Ptuh,0.9178895432601157,,FALSE
Cluster_12081,Cluster_20,Apul-Ptuh,0.7779525907781949,,FALSE
Cluster_12081,Cluster_321,Apul-Ptuh,-0.05233281142715032,,FALSE
Cluster_12081,Cluster_372,Apul-Ptuh,0.8419455417414231,,FALSE
Cluster_12081,Cluster_425,Apul-Ptuh,0.8888278895717684,,FALSE
Cluster_12081,Cluster_789,Apul-Ptuh,-0.9549055385782304,,FALSE
Cluster_12081,Cluster_958,Apul-Ptuh,0.6473638328012316,,FALSE
Cluster_12081,Cluster_1047,Apul-Ptuh,-0.5979120641937271,,FALSE
Cluster_12081,Cluster_1094,Apul-Ptuh,-0.5652519567368417,,FALSE
Cluster_12081,Cluster_1104,Apul-Ptuh,0.7593685785810749,,FALSE
Cluster_12081,Cluster_1126,Apul-Ptuh,0.05111467137565675,,FALSE
Cluster_12081,Cluster_1159,Apul-Ptuh,0.655647688842449,,FALSE
Cluster_12081,Cluster_1338,Apul-Ptuh,-0.7963011536451644,,FALSE
Cluster_12081,Cluster_1345,Apul-Ptuh,0.7972352656196217,,FALSE
Cluster_12081,Cluster_1827,Apul-Ptuh,-0.15829089523692422,,FALSE
Cluster_12081,Cluster_1970,Apul-Ptuh,-0.31165681753498004,,FALSE
Cluster_12081,Cluster_1990,Apul-Ptuh,0.6874450646790337,,FALSE
Cluster_12081,Cluster_1991,Apul-Ptuh,-0.8509250753119955,,FALSE
Cluster_12081,Cluster_2871,Apul-Ptuh,0.26787598110760297,,FALSE
Cluster_12081,Cluster_2873,Apul-Ptuh,0.16546873442134918,,FALSE
Cluster_12081,Cluster_2897,Apul-Ptuh,-0.6448322893829167,,FALSE
Cluster_12081,Cluster_3017,Apul-Ptuh,0.8711931735325182,,FALSE
Cluster_12081,Cluster_3415,Apul-Ptuh,0.949482545862182,,FALSE
Cluster_12081,Cluster_3713,Apul-Ptuh,-0.5259150718251908,,FALSE
Cluster_12081,Cluster_4092,Apul-Ptuh,-0.21768201517123106,,FALSE
Cluster_12081,Cluster_4094,Apul-Ptuh,-0.9969950023129964,,FALSE
Cluster_12081,Cluster_4485,Apul-Ptuh,0.20092195332499976,,FALSE
Cluster_12081,Cluster_4487,Apul-Ptuh,-0.248375511308679,,FALSE
Cluster_12081,Cluster_4489,Apul-Ptuh,-0.570015663685614,,FALSE
Cluster_12081,Cluster_4490,Apul-Ptuh,0.09588079550808716,,FALSE
Cluster_12081,Cluster_4609,Apul-Ptuh,0.8405364035306917,,FALSE
Cluster_12081,Cluster_4826,Apul-Ptuh,-0.8489766741186445,,FALSE
Cluster_12081,Cluster_4827,Apul-Ptuh,0.4634835627592316,,FALSE
Cluster_12081,Cluster_5123,Apul-Ptuh,-0.9316580518854739,,FALSE
Cluster_12081,Cluster_5226,Apul-Ptuh,0.9369746429319793,,FALSE
Cluster_12081,Cluster_5267,Apul-Ptuh,-0.5041176542539604,,FALSE
Cluster_12081,Cluster_5627,Apul-Ptuh,-0.9235398038534983,,FALSE
Cluster_12081,Cluster_5749,Apul-Ptuh,-0.43088964203815605,,FALSE
Cluster_12081,Cluster_6456,Apul-Ptuh,0.20438854968600284,,FALSE
Cluster_12081,Cluster_6807,Apul-Ptuh,0.6461240067914599,,FALSE
Cluster_12083,Cluster_4,Apul-Ptuh,0.7897504358084346,,FALSE
Cluster_12083,Cluster_20,Apul-Ptuh,0.8426047761905542,,FALSE
Cluster_12083,Cluster_321,Apul-Ptuh,0.4592178264643051,,FALSE
Cluster_12083,Cluster_372,Apul-Ptuh,0.9537184933742424,,FALSE
Cluster_12083,Cluster_425,Apul-Ptuh,0.46072323631432677,,FALSE
Cluster_12083,Cluster_789,Apul-Ptuh,-0.5499195793836118,,FALSE
Cluster_12083,Cluster_958,Apul-Ptuh,0.7615755944198358,,FALSE
Cluster_12083,Cluster_1047,Apul-Ptuh,-0.9965302311495942,,FALSE
Cluster_12083,Cluster_1094,Apul-Ptuh,-0.8044093295384399,,FALSE
Cluster_12083,Cluster_1104,Apul-Ptuh,0.8253998524673599,,FALSE
Cluster_12083,Cluster_1126,Apul-Ptuh,0.3171690980687249,,FALSE
Cluster_12083,Cluster_1159,Apul-Ptuh,0.9633925754652743,,FALSE
Cluster_12083,Cluster_1338,Apul-Ptuh,-0.1817272394353483,,FALSE
Cluster_12083,Cluster_1345,Apul-Ptuh,0.06816619884977035,,FALSE
Cluster_12083,Cluster_1827,Apul-Ptuh,-0.4809699171094487,,FALSE
Cluster_12083,Cluster_1970,Apul-Ptuh,-0.8080724540259887,,FALSE
Cluster_12083,Cluster_1990,Apul-Ptuh,0.38808996461227985,,FALSE
Cluster_12083,Cluster_1991,Apul-Ptuh,-0.7695603550789296,,FALSE
Cluster_12083,Cluster_2871,Apul-Ptuh,0.7104303334305359,,FALSE
Cluster_12083,Cluster_2873,Apul-Ptuh,0.6729849336896229,,FALSE
Cluster_12083,Cluster_2897,Apul-Ptuh,0.139089183699859,,FALSE
Cluster_12083,Cluster_3017,Apul-Ptuh,0.34492912519065994,,FALSE
Cluster_12083,Cluster_3415,Apul-Ptuh,0.8023911017140587,,FALSE
Cluster_12083,Cluster_3713,Apul-Ptuh,-0.5456595441776777,,FALSE
Cluster_12083,Cluster_4092,Apul-Ptuh,-0.5240619564887765,,FALSE
Cluster_12083,Cluster_4094,Apul-Ptuh,-0.6071616576442584,,FALSE
Cluster_12083,Cluster_4485,Apul-Ptuh,-0.28911680685008434,,FALSE
Cluster_12083,Cluster_4487,Apul-Ptuh,-0.5674499541322701,,FALSE
Cluster_12083,Cluster_4489,Apul-Ptuh,-0.9777660233399028,,FALSE
Cluster_12083,Cluster_4490,Apul-Ptuh,-0.2788961639333382,,FALSE
Cluster_12083,Cluster_4609,Apul-Ptuh,0.7219498074487571,,FALSE
Cluster_12083,Cluster_4826,Apul-Ptuh,-0.6198370865873588,,FALSE
Cluster_12083,Cluster_4827,Apul-Ptuh,0.9279462098057004,,FALSE
Cluster_12083,Cluster_5123,Apul-Ptuh,-0.5387276758616807,,FALSE
Cluster_12083,Cluster_5226,Apul-Ptuh,0.3719107922670277,,FALSE
Cluster_12083,Cluster_5267,Apul-Ptuh,-0.4655524222024431,,FALSE
Cluster_12083,Cluster_5627,Apul-Ptuh,-0.8783192719982532,,FALSE
Cluster_12083,Cluster_5749,Apul-Ptuh,-0.7956334773991134,,FALSE
Cluster_12083,Cluster_6456,Apul-Ptuh,0.6002349017476885,,FALSE
Cluster_12083,Cluster_6807,Apul-Ptuh,0.75147283403143,,FALSE
Cluster_12087,Cluster_4,Apul-Ptuh,0.821134839423224,,FALSE
Cluster_12087,Cluster_20,Apul-Ptuh,0.7329976247363139,,FALSE
Cluster_12087,Cluster_321,Apul-Ptuh,-0.0032633780953388544,,FALSE
Cluster_12087,Cluster_372,Apul-Ptuh,0.9676140756097613,,FALSE
Cluster_12087,Cluster_425,Apul-Ptuh,0.8404113286857836,,FALSE
Cluster_12087,Cluster_789,Apul-Ptuh,-0.7248303150508172,,FALSE
Cluster_12087,Cluster_958,Apul-Ptuh,0.5729133079834957,,FALSE
Cluster_12087,Cluster_1047,Apul-Ptuh,-0.8508669585929041,,FALSE
Cluster_12087,Cluster_1094,Apul-Ptuh,-0.5569055343327461,,FALSE
Cluster_12087,Cluster_1104,Apul-Ptuh,0.7037566158572233,,FALSE
Cluster_12087,Cluster_1126,Apul-Ptuh,-0.06579701360829883,,FALSE
Cluster_12087,Cluster_1159,Apul-Ptuh,0.7778654237723813,,FALSE
Cluster_12087,Cluster_1338,Apul-Ptuh,-0.6418853597011273,,FALSE
Cluster_12087,Cluster_1345,Apul-Ptuh,0.4376266849058342,,FALSE
Cluster_12087,Cluster_1827,Apul-Ptuh,-0.0968497780563683,,FALSE
Cluster_12087,Cluster_1970,Apul-Ptuh,-0.4407688270212475,,FALSE
Cluster_12087,Cluster_1990,Apul-Ptuh,0.773644478879981,,FALSE
Cluster_12087,Cluster_1991,Apul-Ptuh,-0.7364802303832785,,FALSE
Cluster_12087,Cluster_2871,Apul-Ptuh,0.6914251913587027,,FALSE
Cluster_12087,Cluster_2873,Apul-Ptuh,0.2559588739728577,,FALSE
Cluster_12087,Cluster_2897,Apul-Ptuh,-0.22229381147906335,,FALSE
Cluster_12087,Cluster_3017,Apul-Ptuh,0.7614196592664912,,FALSE
Cluster_12087,Cluster_3415,Apul-Ptuh,0.8744759398083025,,FALSE
Cluster_12087,Cluster_3713,Apul-Ptuh,-0.7896998129821937,,FALSE
Cluster_12087,Cluster_4092,Apul-Ptuh,-0.1559569085104156,,FALSE
Cluster_12087,Cluster_4094,Apul-Ptuh,-0.8396695994003539,,FALSE
Cluster_12087,Cluster_4485,Apul-Ptuh,0.18533607543115757,,FALSE
Cluster_12087,Cluster_4487,Apul-Ptuh,-0.20271841224520995,,FALSE
Cluster_12087,Cluster_4489,Apul-Ptuh,-0.7589914026388082,,FALSE
Cluster_12087,Cluster_4490,Apul-Ptuh,0.15517207229378682,,FALSE
Cluster_12087,Cluster_4609,Apul-Ptuh,0.9639916189192884,,FALSE
Cluster_12087,Cluster_4826,Apul-Ptuh,-0.9248185472954846,,FALSE
Cluster_12087,Cluster_4827,Apul-Ptuh,0.8178658851033255,,FALSE
Cluster_12087,Cluster_5123,Apul-Ptuh,-0.881869385856538,,FALSE
Cluster_12087,Cluster_5226,Apul-Ptuh,0.6583645453981665,,FALSE
Cluster_12087,Cluster_5267,Apul-Ptuh,-0.7470698678078679,,FALSE
Cluster_12087,Cluster_5627,Apul-Ptuh,-0.9856737396833438,,FALSE
Cluster_12087,Cluster_5749,Apul-Ptuh,-0.8072046545659822,,FALSE
Cluster_12087,Cluster_6456,Apul-Ptuh,0.20834789006515797,,FALSE
Cluster_12087,Cluster_6807,Apul-Ptuh,0.5642969783717987,,FALSE
Cluster_13327,Cluster_4,Apul-Ptuh,0.7860067251785376,,FALSE
Cluster_13327,Cluster_20,Apul-Ptuh,0.5906054967915381,,FALSE
Cluster_13327,Cluster_321,Apul-Ptuh,-0.27167200345538517,,FALSE
Cluster_13327,Cluster_372,Apul-Ptuh,0.6387535480944938,,FALSE
Cluster_13327,Cluster_425,Apul-Ptuh,0.9055984780861009,,FALSE
Cluster_13327,Cluster_789,Apul-Ptuh,-0.9285288227616305,,FALSE
Cluster_13327,Cluster_958,Apul-Ptuh,0.4597376992566213,,FALSE
Cluster_13327,Cluster_1047,Apul-Ptuh,-0.32463986158658303,,FALSE
Cluster_13327,Cluster_1094,Apul-Ptuh,-0.3434961779516561,,FALSE
Cluster_13327,Cluster_1104,Apul-Ptuh,0.5738918963347297,,FALSE
Cluster_13327,Cluster_1126,Apul-Ptuh,-0.09367932261549965,,FALSE
Cluster_13327,Cluster_1159,Apul-Ptuh,0.39869166691460745,,FALSE
Cluster_13327,Cluster_1338,Apul-Ptuh,-0.9054649001070422,,FALSE
Cluster_13327,Cluster_1345,Apul-Ptuh,0.9367069714743818,,FALSE
Cluster_13327,Cluster_1827,Apul-Ptuh,0.027588380446445113,,FALSE
Cluster_13327,Cluster_1970,Apul-Ptuh,-0.036380020395515224,,FALSE
Cluster_13327,Cluster_1990,Apul-Ptuh,0.6991424528099287,,FALSE
Cluster_13327,Cluster_1991,Apul-Ptuh,-0.7088143673698281,,FALSE
Cluster_13327,Cluster_2871,Apul-Ptuh,0.05762111545700699,,FALSE
Cluster_13327,Cluster_2873,Apul-Ptuh,-0.09034487749538625,,FALSE
Cluster_13327,Cluster_2897,Apul-Ptuh,-0.832657027845246,,FALSE
Cluster_13327,Cluster_3017,Apul-Ptuh,0.9298984877207925,,FALSE
Cluster_13327,Cluster_3415,Apul-Ptuh,0.8224370294139204,,FALSE
Cluster_13327,Cluster_3713,Apul-Ptuh,-0.44192773241730615,,FALSE
Cluster_13327,Cluster_4092,Apul-Ptuh,-0.027589813467477606,,FALSE
Cluster_13327,Cluster_4094,Apul-Ptuh,-0.9632219791226294,,FALSE
Cluster_13327,Cluster_4485,Apul-Ptuh,0.3847978737072765,,FALSE
Cluster_13327,Cluster_4487,Apul-Ptuh,-0.04815397685877553,,FALSE
Cluster_13327,Cluster_4489,Apul-Ptuh,-0.2911442118470918,,FALSE
Cluster_13327,Cluster_4490,Apul-Ptuh,0.25552223940083013,,FALSE
Cluster_13327,Cluster_4609,Apul-Ptuh,0.7431625427656787,,FALSE
Cluster_13327,Cluster_4826,Apul-Ptuh,-0.7955855853310628,,FALSE
Cluster_13327,Cluster_4827,Apul-Ptuh,0.19729930898250284,,FALSE
Cluster_13327,Cluster_5123,Apul-Ptuh,-0.9237156247950571,,FALSE
Cluster_13327,Cluster_5226,Apul-Ptuh,0.9824033650944756,,FALSE
Cluster_13327,Cluster_5267,Apul-Ptuh,-0.4489455091595431,,FALSE
Cluster_13327,Cluster_5627,Apul-Ptuh,-0.7695718432581863,,FALSE
Cluster_13327,Cluster_5749,Apul-Ptuh,-0.21925884574050994,,FALSE
Cluster_13327,Cluster_6456,Apul-Ptuh,-0.017105340721433784,,FALSE
Cluster_13327,Cluster_6807,Apul-Ptuh,0.46201732509396104,,FALSE
Cluster_13647,Cluster_4,Apul-Ptuh,0.16596188199532938,,FALSE
Cluster_13647,Cluster_20,Apul-Ptuh,0.37608435588878586,,FALSE
Cluster_13647,Cluster_321,Apul-Ptuh,0.8951408438481795,,FALSE
Cluster_13647,Cluster_372,Apul-Ptuh,-0.1007655862310163,,FALSE
Cluster_13647,Cluster_425,Apul-Ptuh,-0.6289073590193328,,FALSE
Cluster_13647,Cluster_789,Apul-Ptuh,-0.04697463365081924,,FALSE
Cluster_13647,Cluster_958,Apul-Ptuh,0.5656000463773251,,FALSE
Cluster_13647,Cluster_1047,Apul-Ptuh,-0.036404065588409855,,FALSE
Cluster_13647,Cluster_1094,Apul-Ptuh,-0.5916799800409794,,FALSE
Cluster_13647,Cluster_1104,Apul-Ptuh,0.41325444957094226,,FALSE
Cluster_13647,Cluster_1126,Apul-Ptuh,0.9606155837899194,,FALSE
Cluster_13647,Cluster_1159,Apul-Ptuh,0.2993985850138438,,FALSE
Cluster_13647,Cluster_1338,Apul-Ptuh,0.666962369089904,,FALSE
Cluster_13647,Cluster_1345,Apul-Ptuh,-0.2055244394179283,,FALSE
Cluster_13647,Cluster_1827,Apul-Ptuh,-0.9015916648761061,,FALSE
Cluster_13647,Cluster_1970,Apul-Ptuh,-0.6312452124533144,,FALSE
Cluster_13647,Cluster_1990,Apul-Ptuh,-0.8421952554517921,,FALSE
Cluster_13647,Cluster_1991,Apul-Ptuh,-0.3165196409264291,,FALSE
Cluster_13647,Cluster_2871,Apul-Ptuh,-0.4913508114542544,,FALSE
Cluster_13647,Cluster_2873,Apul-Ptuh,0.7698260970591944,,FALSE
Cluster_13647,Cluster_2897,Apul-Ptuh,0.12242456339867842,,FALSE
Cluster_13647,Cluster_3017,Apul-Ptuh,-0.6264688352268055,,FALSE
Cluster_13647,Cluster_3415,Apul-Ptuh,0.05568522046378993,,FALSE
Cluster_13647,Cluster_3713,Apul-Ptuh,0.800077205612196,,FALSE
Cluster_13647,Cluster_4092,Apul-Ptuh,-0.8752001682295422,,FALSE
Cluster_13647,Cluster_4094,Apul-Ptuh,0.16499235058813952,,FALSE
Cluster_13647,Cluster_4485,Apul-Ptuh,-0.9477879834832444,,FALSE
Cluster_13647,Cluster_4487,Apul-Ptuh,-0.8503182818401696,,FALSE
Cluster_13647,Cluster_4489,Apul-Ptuh,-0.27075405831065946,,FALSE
Cluster_13647,Cluster_4490,Apul-Ptuh,-0.9744666836258085,,FALSE
Cluster_13647,Cluster_4609,Apul-Ptuh,-0.5745521226732053,,FALSE
Cluster_13647,Cluster_4826,Apul-Ptuh,0.641985219912453,,FALSE
Cluster_13647,Cluster_4827,Apul-Ptuh,-0.18744559922727014,,FALSE
Cluster_13647,Cluster_5123,Apul-Ptuh,0.5459288150644964,,FALSE
Cluster_13647,Cluster_5226,Apul-Ptuh,-0.12373038646835455,,FALSE
Cluster_13647,Cluster_5267,Apul-Ptuh,0.8532114504751891,,FALSE
Cluster_13647,Cluster_5627,Apul-Ptuh,0.20261847202357453,,FALSE
Cluster_13647,Cluster_5749,Apul-Ptuh,0.4742855044213996,,FALSE
Cluster_13647,Cluster_6456,Apul-Ptuh,0.8363487285797184,,FALSE
Cluster_13647,Cluster_6807,Apul-Ptuh,0.5721294312326718,,FALSE
Cluster_14146,Cluster_4,Apul-Ptuh,-0.5457177928609485,,FALSE
Cluster_14146,Cluster_20,Apul-Ptuh,-0.6321214795782721,,FALSE
Cluster_14146,Cluster_321,Apul-Ptuh,-0.6848646821216413,,FALSE
Cluster_14146,Cluster_372,Apul-Ptuh,-0.1528677984998715,,FALSE
Cluster_14146,Cluster_425,Apul-Ptuh,0.15072830719915353,,FALSE
Cluster_14146,Cluster_789,Apul-Ptuh,0.5485314015432338,,FALSE
Cluster_14146,Cluster_958,Apul-Ptuh,-0.7579973717669737,,FALSE
Cluster_14146,Cluster_1047,Apul-Ptuh,0.09086085502141059,,FALSE
Cluster_14146,Cluster_1094,Apul-Ptuh,0.7054697737637421,,FALSE
Cluster_14146,Cluster_1104,Apul-Ptuh,-0.662631131291967,,FALSE
Cluster_14146,Cluster_1126,Apul-Ptuh,-0.8857656049484943,,FALSE
Cluster_14146,Cluster_1159,Apul-Ptuh,-0.4141081095724538,,FALSE
Cluster_14146,Cluster_1338,Apul-Ptuh,-0.14796110550202338,,FALSE
Cluster_14146,Cluster_1345,Apul-Ptuh,-0.365595409747155,,FALSE
Cluster_14146,Cluster_1827,Apul-Ptuh,0.8415267487863392,,FALSE
Cluster_14146,Cluster_1970,Apul-Ptuh,0.5529268371575218,,FALSE
Cluster_14146,Cluster_1990,Apul-Ptuh,0.4897797233551635,,FALSE
Cluster_14146,Cluster_1991,Apul-Ptuh,0.6558534832445853,,FALSE
Cluster_14146,Cluster_2871,Apul-Ptuh,0.5788749399508017,,FALSE
Cluster_14146,Cluster_2873,Apul-Ptuh,-0.6369481016620654,,FALSE
Cluster_14146,Cluster_2897,Apul-Ptuh,0.41744020312626373,,FALSE
Cluster_14146,Cluster_3017,Apul-Ptuh,0.11544586608555739,,FALSE
Cluster_14146,Cluster_3415,Apul-Ptuh,-0.45274424060682256,,FALSE
Cluster_14146,Cluster_3713,Apul-Ptuh,-0.6316100572774046,,FALSE
Cluster_14146,Cluster_4092,Apul-Ptuh,0.8423967917200665,miR-2025,TRUE
Cluster_14146,Cluster_4094,Apul-Ptuh,0.3426558489901541,,FALSE
Cluster_14146,Cluster_4485,Apul-Ptuh,0.6939291638213656,,FALSE
Cluster_14146,Cluster_4487,Apul-Ptuh,0.8230442309163533,,FALSE
Cluster_14146,Cluster_4489,Apul-Ptuh,0.3147992514825437,,FALSE
Cluster_14146,Cluster_4490,Apul-Ptuh,0.804224485132468,,FALSE
Cluster_14146,Cluster_4609,Apul-Ptuh,0.23606155742106152,,FALSE
Cluster_14146,Cluster_4826,Apul-Ptuh,-0.2573792473450075,,FALSE
Cluster_14146,Cluster_4827,Apul-Ptuh,0.21003075644835334,,FALSE
Cluster_14146,Cluster_5123,Apul-Ptuh,-0.0654052854488505,,FALSE
Cluster_14146,Cluster_5226,Apul-Ptuh,-0.43289340535441123,,FALSE
Cluster_14146,Cluster_5267,Apul-Ptuh,-0.6699944726732237,,FALSE
Cluster_14146,Cluster_5627,Apul-Ptuh,0.14118105498055483,,FALSE
Cluster_14146,Cluster_5749,Apul-Ptuh,-0.4726124890395198,,FALSE
Cluster_14146,Cluster_6456,Apul-Ptuh,-0.7626720606931463,,FALSE
Cluster_14146,Cluster_6807,Apul-Ptuh,-0.7677023832672645,,FALSE
Cluster_14165,Cluster_4,Apul-Ptuh,-0.6978917485060867,,FALSE
Cluster_14165,Cluster_20,Apul-Ptuh,-0.6861577746264872,,FALSE
Cluster_14165,Cluster_321,Apul-Ptuh,-0.16413297752280517,,FALSE
Cluster_14165,Cluster_372,Apul-Ptuh,-0.9496338765265467,,FALSE
Cluster_14165,Cluster_425,Apul-Ptuh,-0.6325158548368286,,FALSE
Cluster_14165,Cluster_789,Apul-Ptuh,0.498160659625467,,FALSE
Cluster_14165,Cluster_958,Apul-Ptuh,-0.5483426665150519,,FALSE
Cluster_14165,Cluster_1047,Apul-Ptuh,0.955114846627393,,FALSE
Cluster_14165,Cluster_1094,Apul-Ptuh,0.5848714924534871,,FALSE
Cluster_14165,Cluster_1104,Apul-Ptuh,-0.6576024189061977,,FALSE
Cluster_14165,Cluster_1126,Apul-Ptuh,0.0011442458800547163,,FALSE
Cluster_14165,Cluster_1159,Apul-Ptuh,-0.8346583626453438,,FALSE
Cluster_14165,Cluster_1338,Apul-Ptuh,0.37179305959158926,,FALSE
Cluster_14165,Cluster_1345,Apul-Ptuh,-0.10883131510224121,,FALSE
Cluster_14165,Cluster_1827,Apul-Ptuh,0.17677089028073945,,FALSE
Cluster_14165,Cluster_1970,Apul-Ptuh,0.5837585386725251,,FALSE
Cluster_14165,Cluster_1990,Apul-Ptuh,-0.6367032987262634,,FALSE
Cluster_14165,Cluster_1991,Apul-Ptuh,0.630948477339577,,FALSE
Cluster_14165,Cluster_2871,Apul-Ptuh,-0.8547748809561205,,FALSE
Cluster_14165,Cluster_2873,Apul-Ptuh,-0.40956232641368856,,FALSE
Cluster_14165,Cluster_2897,Apul-Ptuh,-0.11848791621740122,,FALSE
Cluster_14165,Cluster_3017,Apul-Ptuh,-0.5176884344889124,,FALSE
Cluster_14165,Cluster_3415,Apul-Ptuh,-0.7453614638960194,,FALSE
Cluster_14165,Cluster_3713,Apul-Ptuh,0.7841108725270995,,FALSE
Cluster_14165,Cluster_4092,Apul-Ptuh,0.22611532292926026,,FALSE
Cluster_14165,Cluster_4094,Apul-Ptuh,0.622609622006518,,FALSE
Cluster_14165,Cluster_4485,Apul-Ptuh,-0.016602866252918486,,FALSE
Cluster_14165,Cluster_4487,Apul-Ptuh,0.276184662448467,,FALSE
Cluster_14165,Cluster_4489,Apul-Ptuh,0.8609873737713919,,FALSE
Cluster_14165,Cluster_4490,Apul-Ptuh,-0.03880582942095647,,FALSE
Cluster_14165,Cluster_4609,Apul-Ptuh,-0.8748711137650905,,FALSE
Cluster_14165,Cluster_4826,Apul-Ptuh,0.7955392312654599,,FALSE
Cluster_14165,Cluster_4827,Apul-Ptuh,-0.9645985494074996,,FALSE
Cluster_14165,Cluster_5123,Apul-Ptuh,0.6812647605846264,,FALSE
Cluster_14165,Cluster_5226,Apul-Ptuh,-0.37825687916373507,,FALSE
Cluster_14165,Cluster_5267,Apul-Ptuh,0.7228668447194558,,FALSE
Cluster_14165,Cluster_5627,Apul-Ptuh,0.9056126051949324,,FALSE
Cluster_14165,Cluster_5749,Apul-Ptuh,0.9282803538572377,,FALSE
Cluster_14165,Cluster_6456,Apul-Ptuh,-0.31460606010619113,,FALSE
Cluster_14165,Cluster_6807,Apul-Ptuh,-0.5362538554562117,,FALSE
Cluster_14532,Cluster_4,Apul-Ptuh,0.9650942021805111,,FALSE
Cluster_14532,Cluster_20,Apul-Ptuh,0.9861024230386436,,FALSE
Cluster_14532,Cluster_321,Apul-Ptuh,0.5579422194509194,,FALSE
Cluster_14532,Cluster_372,Apul-Ptuh,0.7897417067258843,,FALSE
Cluster_14532,Cluster_425,Apul-Ptuh,0.42739825499069467,,FALSE
Cluster_14532,Cluster_789,Apul-Ptuh,-0.8775136146939772,,FALSE
Cluster_14532,Cluster_958,Apul-Ptuh,0.9752801917095696,,FALSE
Cluster_14532,Cluster_1047,Apul-Ptuh,-0.6871109380211807,,FALSE
Cluster_14532,Cluster_1094,Apul-Ptuh,-0.9352674107482972,,FALSE
Cluster_14532,Cluster_1104,Apul-Ptuh,0.9891450438221824,,FALSE
Cluster_14532,Cluster_1126,Apul-Ptuh,0.6456837614062768,,FALSE
Cluster_14532,Cluster_1159,Apul-Ptuh,0.8731064187066653,,FALSE
Cluster_14532,Cluster_1338,Apul-Ptuh,-0.2772201921915883,,FALSE
Cluster_14532,Cluster_1345,Apul-Ptuh,0.5145967694970454,,FALSE
Cluster_14532,Cluster_1827,Apul-Ptuh,-0.7288834535346272,,FALSE
Cluster_14532,Cluster_1970,Apul-Ptuh,-0.7622346796404361,,FALSE
Cluster_14532,Cluster_1990,Apul-Ptuh,0.13665404203434486,,FALSE
Cluster_14532,Cluster_1991,Apul-Ptuh,-0.9939921874524115,,FALSE
Cluster_14532,Cluster_2871,Apul-Ptuh,0.075983549538711,,FALSE
Cluster_14532,Cluster_2873,Apul-Ptuh,0.6995754034591377,,FALSE
Cluster_14532,Cluster_2897,Apul-Ptuh,-0.4010822521943371,,FALSE
Cluster_14532,Cluster_3017,Apul-Ptuh,0.3913962228709761,,FALSE
Cluster_14532,Cluster_3415,Apul-Ptuh,0.9299914613105892,,FALSE
Cluster_14532,Cluster_3713,Apul-Ptuh,-0.0677964310224886,,FALSE
Cluster_14532,Cluster_4092,Apul-Ptuh,-0.7687709977329978,,FALSE
Cluster_14532,Cluster_4094,Apul-Ptuh,-0.8023866880939091,,FALSE
Cluster_14532,Cluster_4485,Apul-Ptuh,-0.43783948215788343,,FALSE
Cluster_14532,Cluster_4487,Apul-Ptuh,-0.7873815266821077,,FALSE
Cluster_14532,Cluster_4489,Apul-Ptuh,-0.7937093682929844,,FALSE
Cluster_14532,Cluster_4490,Apul-Ptuh,-0.5319871092933774,,FALSE
Cluster_14532,Cluster_4609,Apul-Ptuh,0.47423916415060907,,FALSE
Cluster_14532,Cluster_4826,Apul-Ptuh,-0.4218424169792245,,FALSE
Cluster_14532,Cluster_4827,Apul-Ptuh,0.4430142263389651,,FALSE
Cluster_14532,Cluster_5123,Apul-Ptuh,-0.5232498581763918,,FALSE
Cluster_14532,Cluster_5226,Apul-Ptuh,0.7309914298472006,,FALSE
Cluster_14532,Cluster_5267,Apul-Ptuh,-0.004587483367090768,,FALSE
Cluster_14532,Cluster_5627,Apul-Ptuh,-0.7799929453838498,,FALSE
Cluster_14532,Cluster_5749,Apul-Ptuh,-0.2291028508402142,,FALSE
Cluster_14532,Cluster_6456,Apul-Ptuh,0.7522247172311557,,FALSE
Cluster_14532,Cluster_6807,Apul-Ptuh,0.9759283817579991,,FALSE
Cluster_14605,Cluster_4,Apul-Ptuh,0.9898401668994108,,FALSE
Cluster_14605,Cluster_20,Apul-Ptuh,0.9563721934541966,,FALSE
Cluster_14605,Cluster_321,Apul-Ptuh,0.38260580480084344,,FALSE
Cluster_14605,Cluster_372,Apul-Ptuh,0.8131520730051419,,FALSE
Cluster_14605,Cluster_425,Apul-Ptuh,0.5855596119915203,,FALSE
Cluster_14605,Cluster_789,Apul-Ptuh,-0.9535168875885914,,FALSE
Cluster_14605,Cluster_958,Apul-Ptuh,0.9123731698085527,,FALSE
Cluster_14605,Cluster_1047,Apul-Ptuh,-0.6494488969745776,,FALSE
Cluster_14605,Cluster_1094,Apul-Ptuh,-0.8505428941632368,,FALSE
Cluster_14605,Cluster_1104,Apul-Ptuh,0.9542024931651819,,FALSE
Cluster_14605,Cluster_1126,Apul-Ptuh,0.49742254988139956,,FALSE
Cluster_14605,Cluster_1159,Apul-Ptuh,0.8173815217338315,,FALSE
Cluster_14605,Cluster_1338,Apul-Ptuh,-0.46125448209256936,,FALSE
Cluster_14605,Cluster_1345,Apul-Ptuh,0.6580492490934434,,FALSE
Cluster_14605,Cluster_1827,Apul-Ptuh,-0.5836643760052552,,FALSE
Cluster_14605,Cluster_1970,Apul-Ptuh,-0.6316988706945156,,FALSE
Cluster_14605,Cluster_1990,Apul-Ptuh,0.2976080668844498,,FALSE
Cluster_14605,Cluster_1991,Apul-Ptuh,-0.9925491377388478,,FALSE
Cluster_14605,Cluster_2871,Apul-Ptuh,0.08592761994849045,,FALSE
Cluster_14605,Cluster_2873,Apul-Ptuh,0.5464813076742249,,FALSE
Cluster_14605,Cluster_2897,Apul-Ptuh,-0.5369867479911431,,FALSE
Cluster_14605,Cluster_3017,Apul-Ptuh,0.5614292280882303,,FALSE
Cluster_14605,Cluster_3415,Apul-Ptuh,0.9714041362123371,,FALSE
Cluster_14605,Cluster_3713,Apul-Ptuh,-0.17744681087259087,,FALSE
Cluster_14605,Cluster_4092,Apul-Ptuh,-0.6306496562537681,,FALSE
Cluster_14605,Cluster_4094,Apul-Ptuh,-0.9031791974088547,,FALSE
Cluster_14605,Cluster_4485,Apul-Ptuh,-0.25441475315176837,,FALSE
Cluster_14605,Cluster_4487,Apul-Ptuh,-0.6515456069509525,,FALSE
Cluster_14605,Cluster_4489,Apul-Ptuh,-0.7258607617386672,,FALSE
Cluster_14605,Cluster_4490,Apul-Ptuh,-0.3634909213041311,,FALSE
Cluster_14605,Cluster_4609,Apul-Ptuh,0.5843333148721815,,FALSE
Cluster_14605,Cluster_4826,Apul-Ptuh,-0.5546035919754323,,FALSE
Cluster_14605,Cluster_4827,Apul-Ptuh,0.4196046258078117,,FALSE
Cluster_14605,Cluster_5123,Apul-Ptuh,-0.6682022207588028,,FALSE
Cluster_14605,Cluster_5226,Apul-Ptuh,0.8476695760756824,,FALSE
Cluster_14605,Cluster_5267,Apul-Ptuh,-0.1275000390277746,,FALSE
Cluster_14605,Cluster_5627,Apul-Ptuh,-0.8384548231043216,,FALSE
Cluster_14605,Cluster_5749,Apul-Ptuh,-0.252057651092955,,FALSE
Cluster_14605,Cluster_6456,Apul-Ptuh,0.6067841034326541,,FALSE
Cluster_14605,Cluster_6807,Apul-Ptuh,0.9133461765705402,,FALSE
Cluster_14610,Cluster_4,Apul-Ptuh,0.9214726661295968,,FALSE
Cluster_14610,Cluster_20,Apul-Ptuh,0.7852540081585063,,FALSE
Cluster_14610,Cluster_321,Apul-Ptuh,-0.004896789323784474,,FALSE
Cluster_14610,Cluster_372,Apul-Ptuh,0.7602309155537809,,FALSE
Cluster_14610,Cluster_425,Apul-Ptuh,0.8243663648351469,,FALSE
Cluster_14610,Cluster_789,Apul-Ptuh,-0.9910378040562481,,FALSE
Cluster_14610,Cluster_958,Apul-Ptuh,0.6823097308815077,,FALSE
Cluster_14610,Cluster_1047,Apul-Ptuh,-0.495427269443508,,FALSE
Cluster_14610,Cluster_1094,Apul-Ptuh,-0.5844838747276185,,FALSE
Cluster_14610,Cluster_1104,Apul-Ptuh,0.7733398590834738,,FALSE
Cluster_14610,Cluster_1126,Apul-Ptuh,0.15118361601712504,,FALSE
Cluster_14610,Cluster_1159,Apul-Ptuh,0.60996474595924,,FALSE
Cluster_14610,Cluster_1338,Apul-Ptuh,-0.7666452424289499,,FALSE
Cluster_14610,Cluster_1345,Apul-Ptuh,0.8637754810696316,,FALSE
Cluster_14610,Cluster_1827,Apul-Ptuh,-0.2323352218488758,,FALSE
Cluster_14610,Cluster_1970,Apul-Ptuh,-0.3006730815275302,,FALSE
Cluster_14610,Cluster_1990,Apul-Ptuh,0.5743217958703458,,FALSE
Cluster_14610,Cluster_1991,Apul-Ptuh,-0.8731192995871052,,FALSE
Cluster_14610,Cluster_2871,Apul-Ptuh,0.0893652600118926,,FALSE
Cluster_14610,Cluster_2873,Apul-Ptuh,0.18220887329192142,,FALSE
Cluster_14610,Cluster_2897,Apul-Ptuh,-0.7432779015169259,,FALSE
Cluster_14610,Cluster_3017,Apul-Ptuh,0.8270411968233702,,FALSE
Cluster_14610,Cluster_3415,Apul-Ptuh,0.9373813262669315,,FALSE
Cluster_14610,Cluster_3713,Apul-Ptuh,-0.366216063053136,,FALSE
Cluster_14610,Cluster_4092,Apul-Ptuh,-0.2875468387788544,,FALSE
Cluster_14610,Cluster_4094,Apul-Ptuh,-0.9939681211784626,,FALSE
Cluster_14610,Cluster_4485,Apul-Ptuh,0.13312161010103862,,FALSE
Cluster_14610,Cluster_4487,Apul-Ptuh,-0.3101880111396952,,FALSE
Cluster_14610,Cluster_4489,Apul-Ptuh,-0.5048432910042122,,FALSE
Cluster_14610,Cluster_4490,Apul-Ptuh,0.006965907507125922,,FALSE
Cluster_14610,Cluster_4609,Apul-Ptuh,0.7274134993950023,,FALSE
Cluster_14610,Cluster_4826,Apul-Ptuh,-0.7459843818664781,,FALSE
Cluster_14610,Cluster_4827,Apul-Ptuh,0.31932508716398106,,FALSE
Cluster_14610,Cluster_5123,Apul-Ptuh,-0.8714776088697582,,FALSE
Cluster_14610,Cluster_5226,Apul-Ptuh,0.9776175729456881,,FALSE
Cluster_14610,Cluster_5267,Apul-Ptuh,-0.34831016129236786,,FALSE
Cluster_14610,Cluster_5627,Apul-Ptuh,-0.8516034532573186,,FALSE
Cluster_14610,Cluster_5749,Apul-Ptuh,-0.2616784550520457,,FALSE
Cluster_14610,Cluster_6456,Apul-Ptuh,0.2513929229837986,,FALSE
Cluster_14610,Cluster_6807,Apul-Ptuh,0.6838982552796683,,FALSE
Cluster_14633,Cluster_4,Apul-Ptuh,-0.22966712939107797,,FALSE
Cluster_14633,Cluster_20,Apul-Ptuh,-0.47090433499069156,,FALSE
Cluster_14633,Cluster_321,Apul-Ptuh,-0.9835398166889434,,FALSE
Cluster_14633,Cluster_372,Apul-Ptuh,-0.08064174545087735,,FALSE
Cluster_14633,Cluster_425,Apul-Ptuh,0.5928892432233328,,FALSE
Cluster_14633,Cluster_789,Apul-Ptuh,0.019499179204291894,,FALSE
Cluster_14633,Cluster_958,Apul-Ptuh,-0.6379140186267529,,FALSE
Cluster_14633,Cluster_1047,Apul-Ptuh,0.28024369234482216,,FALSE
Cluster_14633,Cluster_1094,Apul-Ptuh,0.6988679336465504,,FALSE
Cluster_14633,Cluster_1104,Apul-Ptuh,-0.5013478176762972,,FALSE
Cluster_14633,Cluster_1126,Apul-Ptuh,-0.9577011995416524,,FALSE
Cluster_14633,Cluster_1159,Apul-Ptuh,-0.4831534379760115,,FALSE
Cluster_14633,Cluster_1338,Apul-Ptuh,-0.714827566084322,,FALSE
Cluster_14633,Cluster_1345,Apul-Ptuh,0.3555706937062677,,FALSE
Cluster_14633,Cluster_1827,Apul-Ptuh,0.94443506427991,,FALSE
Cluster_14633,Cluster_1970,Apul-Ptuh,0.7994914519678067,,FALSE
Cluster_14633,Cluster_1990,Apul-Ptuh,0.758145663055407,,FALSE
Cluster_14633,Cluster_1991,Apul-Ptuh,0.37074437531935006,,FALSE
Cluster_14633,Cluster_2871,Apul-Ptuh,0.21412189882242336,,FALSE
Cluster_14633,Cluster_2873,Apul-Ptuh,-0.9040404373110391,,FALSE
Cluster_14633,Cluster_2897,Apul-Ptuh,-0.3271294017535147,,FALSE
Cluster_14633,Cluster_3017,Apul-Ptuh,0.6327671398702636,,FALSE
Cluster_14633,Cluster_3415,Apul-Ptuh,-0.12990612766674417,,FALSE
Cluster_14633,Cluster_3713,Apul-Ptuh,-0.6168648104753586,,FALSE
Cluster_14633,Cluster_4092,Apul-Ptuh,0.9234834878314364,,FALSE
Cluster_14633,Cluster_4094,Apul-Ptuh,-0.1542917940018008,,FALSE
Cluster_14633,Cluster_4485,Apul-Ptuh,0.9991975988476318,,FALSE
Cluster_14633,Cluster_4487,Apul-Ptuh,0.9112658178617272,,FALSE
Cluster_14633,Cluster_4489,Apul-Ptuh,0.4855305130984375,,FALSE
Cluster_14633,Cluster_4490,Apul-Ptuh,0.9918320142311295,,FALSE
Cluster_14633,Cluster_4609,Apul-Ptuh,0.4280057837233994,,FALSE
Cluster_14633,Cluster_4826,Apul-Ptuh,-0.5303535547465523,,FALSE
Cluster_14633,Cluster_4827,Apul-Ptuh,-0.09033337460196153,,FALSE
Cluster_14633,Cluster_5123,Apul-Ptuh,-0.49959878800704904,,FALSE
Cluster_14633,Cluster_5226,Apul-Ptuh,0.19728885528147175,,FALSE
Cluster_14633,Cluster_5267,Apul-Ptuh,-0.69014209370111,,FALSE
Cluster_14633,Cluster_5627,Apul-Ptuh,-0.05977863711165744,,FALSE
Cluster_14633,Cluster_5749,Apul-Ptuh,-0.20633490917672367,,FALSE
Cluster_14633,Cluster_6456,Apul-Ptuh,-0.923340658689712,,FALSE
Cluster_14633,Cluster_6807,Apul-Ptuh,-0.6399042356880298,,FALSE
Cluster_14692,Cluster_4,Apul-Ptuh,0.9480156643825325,,FALSE
Cluster_14692,Cluster_20,Apul-Ptuh,0.917572503415177,,FALSE
Cluster_14692,Cluster_321,Apul-Ptuh,0.29070497149956975,,FALSE
Cluster_14692,Cluster_372,Apul-Ptuh,0.9878556468515277,,FALSE
Cluster_14692,Cluster_425,Apul-Ptuh,0.6959848894906057,,FALSE
Cluster_14692,Cluster_789,Apul-Ptuh,-0.8214606303410058,,FALSE
Cluster_14692,Cluster_958,Apul-Ptuh,0.8132122311161626,,FALSE
Cluster_14692,Cluster_1047,Apul-Ptuh,-0.8928637873763741,,FALSE
Cluster_14692,Cluster_1094,Apul-Ptuh,-0.7965671450981867,,FALSE
Cluster_14692,Cluster_1104,Apul-Ptuh,0.9000229668602527,,FALSE
Cluster_14692,Cluster_1126,Apul-Ptuh,0.2663077911393993,,FALSE
Cluster_14692,Cluster_1159,Apul-Ptuh,0.9191216347982804,,FALSE
Cluster_14692,Cluster_1338,Apul-Ptuh,-0.48359423732929857,,FALSE
Cluster_14692,Cluster_1345,Apul-Ptuh,0.4449909437902803,,FALSE
Cluster_14692,Cluster_1827,Apul-Ptuh,-0.4139590552569861,,FALSE
Cluster_14692,Cluster_1970,Apul-Ptuh,-0.6682168181589324,,FALSE
Cluster_14692,Cluster_1990,Apul-Ptuh,0.5360837651215582,,FALSE
Cluster_14692,Cluster_1991,Apul-Ptuh,-0.9099779289516728,,FALSE
Cluster_14692,Cluster_2871,Apul-Ptuh,0.5236283715747827,,FALSE
Cluster_14692,Cluster_2873,Apul-Ptuh,0.5213982063796591,,FALSE
Cluster_14692,Cluster_2897,Apul-Ptuh,-0.24986490578058904,,FALSE
Cluster_14692,Cluster_3017,Apul-Ptuh,0.6197638407089245,,FALSE
Cluster_14692,Cluster_3415,Apul-Ptuh,0.9654929110283318,,FALSE
Cluster_14692,Cluster_3713,Apul-Ptuh,-0.5453060766555892,,FALSE
Cluster_14692,Cluster_4092,Apul-Ptuh,-0.46850506430719174,,FALSE
Cluster_14692,Cluster_4094,Apul-Ptuh,-0.8643966507921691,,FALSE
Cluster_14692,Cluster_4485,Apul-Ptuh,-0.11735040213166727,,FALSE
Cluster_14692,Cluster_4487,Apul-Ptuh,-0.5082858097456153,,FALSE
Cluster_14692,Cluster_4489,Apul-Ptuh,-0.8809625880967774,,FALSE
Cluster_14692,Cluster_4490,Apul-Ptuh,-0.16796448683289364,,FALSE
Cluster_14692,Cluster_4609,Apul-Ptuh,0.8252948116440453,,FALSE
Cluster_14692,Cluster_4826,Apul-Ptuh,-0.7666071606977637,,FALSE
Cluster_14692,Cluster_4827,Apul-Ptuh,0.7697512546366997,,FALSE
Cluster_14692,Cluster_5123,Apul-Ptuh,-0.7684391542913424,,FALSE
Cluster_14692,Cluster_5226,Apul-Ptuh,0.6989818245096767,,FALSE
Cluster_14692,Cluster_5267,Apul-Ptuh,-0.48437392867966206,,FALSE
Cluster_14692,Cluster_5627,Apul-Ptuh,-0.9809589079754497,,FALSE
Cluster_14692,Cluster_5749,Apul-Ptuh,-0.6593567019053225,,FALSE
Cluster_14692,Cluster_6456,Apul-Ptuh,0.5034538788054609,,FALSE
Cluster_14692,Cluster_6807,Apul-Ptuh,0.8070846242558517,,FALSE
Cluster_15097,Cluster_4,Apul-Ptuh,0.9710978848376394,,FALSE
Cluster_15097,Cluster_20,Apul-Ptuh,0.9719066143789137,,FALSE
Cluster_15097,Cluster_321,Apul-Ptuh,0.4994878320765383,,FALSE
Cluster_15097,Cluster_372,Apul-Ptuh,0.7748386238024857,,FALSE
Cluster_15097,Cluster_425,Apul-Ptuh,0.4704608556960077,,FALSE
Cluster_15097,Cluster_789,Apul-Ptuh,-0.9117934636358785,,FALSE
Cluster_15097,Cluster_958,Apul-Ptuh,0.9551984841422879,,FALSE
Cluster_15097,Cluster_1047,Apul-Ptuh,-0.6439452086074006,,FALSE
Cluster_15097,Cluster_1094,Apul-Ptuh,-0.9030433770640007,,FALSE
Cluster_15097,Cluster_1104,Apul-Ptuh,0.9745809242059761,,FALSE
Cluster_15097,Cluster_1126,Apul-Ptuh,0.6103564583673958,,FALSE
Cluster_15097,Cluster_1159,Apul-Ptuh,0.8362293990291221,,FALSE
Cluster_15097,Cluster_1338,Apul-Ptuh,-0.33960964283270856,,FALSE
Cluster_15097,Cluster_1345,Apul-Ptuh,0.5841367055252072,,FALSE
Cluster_15097,Cluster_1827,Apul-Ptuh,-0.6878802671528023,,FALSE
Cluster_15097,Cluster_1970,Apul-Ptuh,-0.7056149758988896,,FALSE
Cluster_15097,Cluster_1990,Apul-Ptuh,0.17003854000959115,,FALSE
Cluster_15097,Cluster_1991,Apul-Ptuh,-0.9943795539363132,,FALSE
Cluster_15097,Cluster_2871,Apul-Ptuh,0.035109992794274104,,FALSE
Cluster_15097,Cluster_2873,Apul-Ptuh,0.6414264920315103,,FALSE
Cluster_15097,Cluster_2897,Apul-Ptuh,-0.47615975420301265,,FALSE
Cluster_15097,Cluster_3017,Apul-Ptuh,0.44425385640525294,,FALSE
Cluster_15097,Cluster_3415,Apul-Ptuh,0.9386918800640057,,FALSE
Cluster_15097,Cluster_3713,Apul-Ptuh,-0.07012050909403729,,FALSE
Cluster_15097,Cluster_4092,Apul-Ptuh,-0.7292853216746013,,FALSE
Cluster_15097,Cluster_4094,Apul-Ptuh,-0.8368486891734865,,FALSE
Cluster_15097,Cluster_4485,Apul-Ptuh,-0.3818762840574679,,FALSE
Cluster_15097,Cluster_4487,Apul-Ptuh,-0.7466912861929872,,FALSE
Cluster_15097,Cluster_4489,Apul-Ptuh,-0.7476745366430203,,FALSE
Cluster_15097,Cluster_4490,Apul-Ptuh,-0.4866003703993564,,FALSE
Cluster_15097,Cluster_4609,Apul-Ptuh,0.4864401687338052,,FALSE
Cluster_15097,Cluster_4826,Apul-Ptuh,-0.4455510849997418,,FALSE
Cluster_15097,Cluster_4827,Apul-Ptuh,0.3961157856255621,,FALSE
Cluster_15097,Cluster_5123,Apul-Ptuh,-0.5618371034416864,,FALSE
Cluster_15097,Cluster_5226,Apul-Ptuh,0.7827659126447474,miR-2037,TRUE
Cluster_15097,Cluster_5267,Apul-Ptuh,-0.01328832864439459,,FALSE
Cluster_15097,Cluster_5627,Apul-Ptuh,-0.7810940449472862,,FALSE
Cluster_15097,Cluster_5749,Apul-Ptuh,-0.19485811544546394,,FALSE
Cluster_15097,Cluster_6456,Apul-Ptuh,0.7043088783282677,,FALSE
Cluster_15097,Cluster_6807,Apul-Ptuh,0.9566719512279084,,FALSE
Cluster_16354,Cluster_4,Apul-Ptuh,0.9764929375476245,,FALSE
Cluster_16354,Cluster_20,Apul-Ptuh,0.9768112619936219,,FALSE
Cluster_16354,Cluster_321,Apul-Ptuh,0.4953379258174943,,FALSE
Cluster_16354,Cluster_372,Apul-Ptuh,0.7926003116555916,,FALSE
Cluster_16354,Cluster_425,Apul-Ptuh,0.4833537099161511,,FALSE
Cluster_16354,Cluster_789,Apul-Ptuh,-0.9115491448169759,,FALSE
Cluster_16354,Cluster_958,Apul-Ptuh,0.9556577276287533,,FALSE
Cluster_16354,Cluster_1047,Apul-Ptuh,-0.6643115614594602,,FALSE
Cluster_16354,Cluster_1094,Apul-Ptuh,-0.9057200762606613,,FALSE
Cluster_16354,Cluster_1104,Apul-Ptuh,0.9784495641077723,,FALSE
Cluster_16354,Cluster_1126,Apul-Ptuh,0.5984658955829923,,FALSE
Cluster_16354,Cluster_1159,Apul-Ptuh,0.8487752157089655,,FALSE
Cluster_16354,Cluster_1338,Apul-Ptuh,-0.34610614324381556,,FALSE
Cluster_16354,Cluster_1345,Apul-Ptuh,0.5769045849906244,,FALSE
Cluster_16354,Cluster_1827,Apul-Ptuh,-0.6806069643557171,,FALSE
Cluster_16354,Cluster_1970,Apul-Ptuh,-0.711961222920261,,FALSE
Cluster_16354,Cluster_1990,Apul-Ptuh,0.18881396619487534,,FALSE
Cluster_16354,Cluster_1991,Apul-Ptuh,-0.9970023303852688,,FALSE
Cluster_16354,Cluster_2871,Apul-Ptuh,0.06372718584265857,,FALSE
Cluster_16354,Cluster_2873,Apul-Ptuh,0.643002067758846,,FALSE
Cluster_16354,Cluster_2897,Apul-Ptuh,-0.46319373286981175,,FALSE
Cluster_16354,Cluster_3017,Apul-Ptuh,0.45373037987694637,,FALSE
Cluster_16354,Cluster_3415,Apul-Ptuh,0.946353699066154,,FALSE
Cluster_16354,Cluster_3713,Apul-Ptuh,-0.09578302358129381,,FALSE
Cluster_16354,Cluster_4092,Apul-Ptuh,-0.7229210096746225,,FALSE
Cluster_16354,Cluster_4094,Apul-Ptuh,-0.8423305194948271,,FALSE
Cluster_16354,Cluster_4485,Apul-Ptuh,-0.3737710651287934,,FALSE
Cluster_16354,Cluster_4487,Apul-Ptuh,-0.7417125044018181,,FALSE
Cluster_16354,Cluster_4489,Apul-Ptuh,-0.762796410330811,,FALSE
Cluster_16354,Cluster_4490,Apul-Ptuh,-0.47575547689038444,,FALSE
Cluster_16354,Cluster_4609,Apul-Ptuh,0.5072635854860468,,FALSE
Cluster_16354,Cluster_4826,Apul-Ptuh,-0.4644685990474155,,FALSE
Cluster_16354,Cluster_4827,Apul-Ptuh,0.4215574137929186,,FALSE
Cluster_16354,Cluster_5123,Apul-Ptuh,-0.5746372942835719,,FALSE
Cluster_16354,Cluster_5226,Apul-Ptuh,0.7809330255240922,,FALSE
Cluster_16354,Cluster_5267,Apul-Ptuh,-0.03795616102632161,,FALSE
Cluster_16354,Cluster_5627,Apul-Ptuh,-0.7972757152978359,,FALSE
Cluster_16354,Cluster_5749,Apul-Ptuh,-0.222960388273601,,FALSE
Cluster_16354,Cluster_6456,Apul-Ptuh,0.701442185016074,,FALSE
Cluster_16354,Cluster_6807,Apul-Ptuh,0.9566894854738076,,FALSE
Cluster_17173,Cluster_4,Apul-Ptuh,-0.8000670228470299,,FALSE
Cluster_17173,Cluster_20,Apul-Ptuh,-0.882841894778036,,FALSE
Cluster_17173,Cluster_321,Apul-Ptuh,-0.7385042674202321,,FALSE
Cluster_17173,Cluster_372,Apul-Ptuh,-0.5205724874011649,,FALSE
Cluster_17173,Cluster_425,Apul-Ptuh,-0.09249519166853593,,FALSE
Cluster_17173,Cluster_789,Apul-Ptuh,0.7201236900352426,,FALSE
Cluster_17173,Cluster_958,Apul-Ptuh,-0.9523393467675435,,FALSE
Cluster_17173,Cluster_1047,Apul-Ptuh,0.4674688085479861,,FALSE
Cluster_17173,Cluster_1094,Apul-Ptuh,0.9177122086606707,,FALSE
Cluster_17173,Cluster_1104,Apul-Ptuh,-0.901389630773226,,FALSE
Cluster_17173,Cluster_1126,Apul-Ptuh,-0.865047790999178,,FALSE
Cluster_17173,Cluster_1159,Apul-Ptuh,-0.7330880130987532,,FALSE
Cluster_17173,Cluster_1338,Apul-Ptuh,-0.009677907001581259,,FALSE
Cluster_17173,Cluster_1345,Apul-Ptuh,-0.38494967331264984,,FALSE
Cluster_17173,Cluster_1827,Apul-Ptuh,0.8923748555131348,,FALSE
Cluster_17173,Cluster_1970,Apul-Ptuh,0.7735331777081346,,FALSE
Cluster_17173,Cluster_1990,Apul-Ptuh,0.23312754001052616,,FALSE
Cluster_17173,Cluster_1991,Apul-Ptuh,0.8818356266721888,,FALSE
Cluster_17173,Cluster_2871,Apul-Ptuh,0.22174794186099853,,FALSE
Cluster_17173,Cluster_2873,Apul-Ptuh,-0.787503782048378,,FALSE
Cluster_17173,Cluster_2897,Apul-Ptuh,0.34579387700310704,,FALSE
Cluster_17173,Cluster_3017,Apul-Ptuh,-0.08032039236328677,,FALSE
Cluster_17173,Cluster_3415,Apul-Ptuh,-0.7278762563392789,,FALSE
Cluster_17173,Cluster_3713,Apul-Ptuh,-0.3079377319303791,,FALSE
Cluster_17173,Cluster_4092,Apul-Ptuh,0.912163413883273,,FALSE
Cluster_17173,Cluster_4094,Apul-Ptuh,0.5688027370333159,,FALSE
Cluster_17173,Cluster_4485,Apul-Ptuh,0.6765084324616758,,FALSE
Cluster_17173,Cluster_4487,Apul-Ptuh,0.9130886561109882,,FALSE
Cluster_17173,Cluster_4489,Apul-Ptuh,0.6485849919778112,,FALSE
Cluster_17173,Cluster_4490,Apul-Ptuh,0.7730294074109528,,FALSE
Cluster_17173,Cluster_4609,Apul-Ptuh,-0.10942309863168295,,FALSE
Cluster_17173,Cluster_4826,Apul-Ptuh,0.05585598813595294,,FALSE
Cluster_17173,Cluster_4827,Apul-Ptuh,-0.17989431165209116,,FALSE
Cluster_17173,Cluster_5123,Apul-Ptuh,0.1950289345273567,,FALSE
Cluster_17173,Cluster_5226,Apul-Ptuh,-0.5582139142609516,,FALSE
Cluster_17173,Cluster_5267,Apul-Ptuh,-0.3701280975931576,,FALSE
Cluster_17173,Cluster_5627,Apul-Ptuh,0.48931187335956716,,FALSE
Cluster_17173,Cluster_5749,Apul-Ptuh,-0.09119526227625012,,FALSE
Cluster_17173,Cluster_6456,Apul-Ptuh,-0.8707317718696755,,FALSE
Cluster_17173,Cluster_6807,Apul-Ptuh,-0.9569053018589532,,FALSE
Cluster_17186,Cluster_4,Apul-Ptuh,0.19983036734659368,,FALSE
Cluster_17186,Cluster_20,Apul-Ptuh,0.12329137545143366,,FALSE
Cluster_17186,Cluster_321,Apul-Ptuh,-0.33391835974683876,,FALSE
Cluster_17186,Cluster_372,Apul-Ptuh,0.6071623865260092,,FALSE
Cluster_17186,Cluster_425,Apul-Ptuh,0.5976763376596861,,FALSE
Cluster_17186,Cluster_789,Apul-Ptuh,-0.0710418613304658,,FALSE
Cluster_17186,Cluster_958,Apul-Ptuh,-0.05993697210500254,,FALSE
Cluster_17186,Cluster_1047,Apul-Ptuh,-0.6260938774104569,,FALSE
Cluster_17186,Cluster_1094,Apul-Ptuh,0.010714285055380584,,FALSE
Cluster_17186,Cluster_1104,Apul-Ptuh,0.08334484640698502,,FALSE
Cluster_17186,Cluster_1126,Apul-Ptuh,-0.5597362848457478,,FALSE
Cluster_17186,Cluster_1159,Apul-Ptuh,0.34716615555978986,,FALSE
Cluster_17186,Cluster_1338,Apul-Ptuh,-0.4162042935150103,,FALSE
Cluster_17186,Cluster_1345,Apul-Ptuh,-0.08275140328075385,,FALSE
Cluster_17186,Cluster_1827,Apul-Ptuh,0.40457694821997103,,FALSE
Cluster_17186,Cluster_1970,Apul-Ptuh,-0.060609962751627194,,FALSE
Cluster_17186,Cluster_1990,Apul-Ptuh,0.7963988197816994,,FALSE
Cluster_17186,Cluster_1991,Apul-Ptuh,-0.07928106696838394,,FALSE
Cluster_17186,Cluster_2871,Apul-Ptuh,0.9542869069872785,,FALSE
Cluster_17186,Cluster_2873,Apul-Ptuh,-0.12130843487501845,,FALSE
Cluster_17186,Cluster_2897,Apul-Ptuh,0.2795465705456092,,FALSE
Cluster_17186,Cluster_3017,Apul-Ptuh,0.4983477417476795,,FALSE
Cluster_17186,Cluster_3415,Apul-Ptuh,0.29321313904709984,,FALSE
Cluster_17186,Cluster_3713,Apul-Ptuh,-0.9671661728694444,,FALSE
Cluster_17186,Cluster_4092,Apul-Ptuh,0.366976434368719,,FALSE
Cluster_17186,Cluster_4094,Apul-Ptuh,-0.2877150512341599,,FALSE
Cluster_17186,Cluster_4485,Apul-Ptuh,0.47262081051316135,,FALSE
Cluster_17186,Cluster_4487,Apul-Ptuh,0.31886291944318274,,FALSE
Cluster_17186,Cluster_4489,Apul-Ptuh,-0.4191579019223097,,FALSE
Cluster_17186,Cluster_4490,Apul-Ptuh,0.5469895444444143,,FALSE
Cluster_17186,Cluster_4609,Apul-Ptuh,0.8057804360306455,,FALSE
Cluster_17186,Cluster_4826,Apul-Ptuh,-0.7682935015770838,,FALSE
Cluster_17186,Cluster_4827,Apul-Ptuh,0.8106043207694045,,FALSE
Cluster_17186,Cluster_5123,Apul-Ptuh,-0.579470557674517,,FALSE
Cluster_17186,Cluster_5226,Apul-Ptuh,0.06446730883942413,,FALSE
Cluster_17186,Cluster_5267,Apul-Ptuh,-0.9493886225163518,,FALSE
Cluster_17186,Cluster_5627,Apul-Ptuh,-0.5938780032044947,,FALSE
Cluster_17186,Cluster_5749,Apul-Ptuh,-0.9508304776468753,,FALSE
Cluster_17186,Cluster_6456,Apul-Ptuh,-0.2596356199724467,,FALSE
Cluster_17186,Cluster_6807,Apul-Ptuh,-0.07414779123552423,,FALSE
Cluster_17192,Cluster_4,Apul-Ptuh,-0.704682451809411,,FALSE
Cluster_17192,Cluster_20,Apul-Ptuh,-0.834354952502719,,FALSE
Cluster_17192,Cluster_321,Apul-Ptuh,-0.8490265247299293,,FALSE
Cluster_17192,Cluster_372,Apul-Ptuh,-0.44781741441394207,,FALSE
Cluster_17192,Cluster_425,Apul-Ptuh,0.07537569100441695,,FALSE
Cluster_17192,Cluster_789,Apul-Ptuh,0.5822685616427211,,FALSE
Cluster_17192,Cluster_958,Apul-Ptuh,-0.9317581999917208,,FALSE
Cluster_17192,Cluster_1047,Apul-Ptuh,0.4592113188990874,,FALSE
Cluster_17192,Cluster_1094,Apul-Ptuh,0.9212218142255282,,FALSE
Cluster_17192,Cluster_1104,Apul-Ptuh,-0.8567053260953436,,FALSE
Cluster_17192,Cluster_1126,Apul-Ptuh,-0.9396155541334679,,FALSE
Cluster_17192,Cluster_1159,Apul-Ptuh,-0.7215270135515818,,FALSE
Cluster_17192,Cluster_1338,Apul-Ptuh,-0.19275227622354926,,FALSE
Cluster_17192,Cluster_1345,Apul-Ptuh,-0.2110977557437861,miR-100,TRUE
Cluster_17192,Cluster_1827,Apul-Ptuh,0.9604347692216205,,FALSE
Cluster_17192,Cluster_1970,Apul-Ptuh,0.8340800325675867,,FALSE
Cluster_17192,Cluster_1990,Apul-Ptuh,0.3768790302415497,,FALSE
Cluster_17192,Cluster_1991,Apul-Ptuh,0.8059613579944089,,FALSE
Cluster_17192,Cluster_2871,Apul-Ptuh,0.2192491671894166,,FALSE
Cluster_17192,Cluster_2873,Apul-Ptuh,-0.8703419019688516,,FALSE
Cluster_17192,Cluster_2897,Apul-Ptuh,0.18421299797061164,,FALSE
Cluster_17192,Cluster_3017,Apul-Ptuh,0.0974274783421226,,FALSE
Cluster_17192,Cluster_3415,Apul-Ptuh,-0.6217058354612381,,FALSE
Cluster_17192,Cluster_3713,Apul-Ptuh,-0.3960201321743091,,FALSE
Cluster_17192,Cluster_4092,Apul-Ptuh,0.9712502923082995,,FALSE
Cluster_17192,Cluster_4094,Apul-Ptuh,0.41815618708791746,,FALSE
Cluster_17192,Cluster_4485,Apul-Ptuh,0.8013922910862381,,FALSE
Cluster_17192,Cluster_4487,Apul-Ptuh,0.9694952514861975,,FALSE
Cluster_17192,Cluster_4489,Apul-Ptuh,0.6557595704404774,,FALSE
Cluster_17192,Cluster_4490,Apul-Ptuh,0.8753933695518513,,FALSE
Cluster_17192,Cluster_4609,Apul-Ptuh,0.01421395583210599,,FALSE
Cluster_17192,Cluster_4826,Apul-Ptuh,-0.08512112424353636,,FALSE
Cluster_17192,Cluster_4827,Apul-Ptuh,-0.18128917725616828,,FALSE
Cluster_17192,Cluster_5123,Apul-Ptuh,0.03135353809623774,,FALSE
Cluster_17192,Cluster_5226,Apul-Ptuh,-0.3945191400255301,,FALSE
Cluster_17192,Cluster_5267,Apul-Ptuh,-0.46570300263010855,,FALSE
Cluster_17192,Cluster_5627,Apul-Ptuh,0.384927786748964,,FALSE
Cluster_17192,Cluster_5749,Apul-Ptuh,-0.11281359025853141,,FALSE
Cluster_17192,Cluster_6456,Apul-Ptuh,-0.9398261039550171,,FALSE
Cluster_17192,Cluster_6807,Apul-Ptuh,-0.9357122798330266,,FALSE
Cluster_17245,Cluster_4,Apul-Ptuh,0.9032959557330842,,FALSE
Cluster_17245,Cluster_20,Apul-Ptuh,0.9448711183047451,,FALSE
Cluster_17245,Cluster_321,Apul-Ptuh,0.511916709806973,,FALSE
Cluster_17245,Cluster_372,Apul-Ptuh,0.9587648393338712,,FALSE
Cluster_17245,Cluster_425,Apul-Ptuh,0.488677692387278,,FALSE
Cluster_17245,Cluster_789,Apul-Ptuh,-0.7047688833765788,,FALSE
Cluster_17245,Cluster_958,Apul-Ptuh,0.8811284165790746,,FALSE
Cluster_17245,Cluster_1047,Apul-Ptuh,-0.9494260090280311,,FALSE
Cluster_17245,Cluster_1094,Apul-Ptuh,-0.8962697003699701,,FALSE
Cluster_17245,Cluster_1104,Apul-Ptuh,0.9333257237248223,,FALSE
Cluster_17245,Cluster_1126,Apul-Ptuh,0.4430427842311317,,FALSE
Cluster_17245,Cluster_1159,Apul-Ptuh,0.9897943073296096,miR-2036,TRUE
Cluster_17245,Cluster_1338,Apul-Ptuh,-0.2386383355719688,,FALSE
Cluster_17245,Cluster_1345,Apul-Ptuh,0.23817767006867196,,FALSE
Cluster_17245,Cluster_1827,Apul-Ptuh,-0.5892726271769521,,FALSE
Cluster_17245,Cluster_1970,Apul-Ptuh,-0.8353074951108007,,FALSE
Cluster_17245,Cluster_1990,Apul-Ptuh,0.33515016256771896,,FALSE
Cluster_17245,Cluster_1991,Apul-Ptuh,-0.8973324829577987,,FALSE
Cluster_17245,Cluster_2871,Apul-Ptuh,0.5341934888809715,,FALSE
Cluster_17245,Cluster_2873,Apul-Ptuh,0.7155095280165421,,FALSE
Cluster_17245,Cluster_2897,Apul-Ptuh,-0.05002859550809139,,FALSE
Cluster_17245,Cluster_3017,Apul-Ptuh,0.3941999825117225,,FALSE
Cluster_17245,Cluster_3415,Apul-Ptuh,0.9010864220745329,,FALSE
Cluster_17245,Cluster_3713,Apul-Ptuh,-0.42015920458431566,,FALSE
Cluster_17245,Cluster_4092,Apul-Ptuh,-0.6344540990653739,,FALSE
Cluster_17245,Cluster_4094,Apul-Ptuh,-0.7208819121372411,,FALSE
Cluster_17245,Cluster_4485,Apul-Ptuh,-0.34793592272513996,,FALSE
Cluster_17245,Cluster_4487,Apul-Ptuh,-0.6720818586032505,,FALSE
Cluster_17245,Cluster_4489,Apul-Ptuh,-0.9714500136990412,,FALSE
Cluster_17245,Cluster_4490,Apul-Ptuh,-0.37459243104173895,,FALSE
Cluster_17245,Cluster_4609,Apul-Ptuh,0.6884011766534763,,FALSE
Cluster_17245,Cluster_4826,Apul-Ptuh,-0.5986347107646273,,FALSE
Cluster_17245,Cluster_4827,Apul-Ptuh,0.8158699338245908,,FALSE
Cluster_17245,Cluster_5123,Apul-Ptuh,-0.5770763792415212,,FALSE
Cluster_17245,Cluster_5226,Apul-Ptuh,0.5290214031350898,,FALSE
Cluster_17245,Cluster_5267,Apul-Ptuh,-0.34170183738509574,,FALSE
Cluster_17245,Cluster_5627,Apul-Ptuh,-0.9037999107990959,,FALSE
Cluster_17245,Cluster_5749,Apul-Ptuh,-0.6494808156587398,,FALSE
Cluster_17245,Cluster_6456,Apul-Ptuh,0.682539177008567,,FALSE
Cluster_17245,Cluster_6807,Apul-Ptuh,0.8741675732765498,,FALSE
Cluster_17623,Cluster_4,Apul-Ptuh,0.18108499499131298,,FALSE
Cluster_17623,Cluster_20,Apul-Ptuh,0.4383810674315489,,FALSE
Cluster_17623,Cluster_321,Apul-Ptuh,0.9840427222514169,,FALSE
Cluster_17623,Cluster_372,Apul-Ptuh,0.11815765668230276,,FALSE
Cluster_17623,Cluster_425,Apul-Ptuh,-0.6080176203569624,,FALSE
Cluster_17623,Cluster_789,Apul-Ptuh,0.07506817409948943,,FALSE
Cluster_17623,Cluster_958,Apul-Ptuh,0.5925314512885395,,FALSE
Cluster_17623,Cluster_1047,Apul-Ptuh,-0.36358813250507327,,FALSE
Cluster_17623,Cluster_1094,Apul-Ptuh,-0.6776689018599161,,FALSE
Cluster_17623,Cluster_1104,Apul-Ptuh,0.4644707931053207,,FALSE
Cluster_17623,Cluster_1126,Apul-Ptuh,0.8960643608123456,,FALSE
Cluster_17623,Cluster_1159,Apul-Ptuh,0.5136363912766627,,FALSE
Cluster_17623,Cluster_1338,Apul-Ptuh,0.7662401339138926,,FALSE
Cluster_17623,Cluster_1345,Apul-Ptuh,-0.489886095125872,,FALSE
Cluster_17623,Cluster_1827,Apul-Ptuh,-0.9026766583930431,,FALSE
Cluster_17623,Cluster_1970,Apul-Ptuh,-0.8298201992124777,,FALSE
Cluster_17623,Cluster_1990,Apul-Ptuh,-0.7183570194351606,,FALSE
Cluster_17623,Cluster_1991,Apul-Ptuh,-0.3135887432218942,,FALSE
Cluster_17623,Cluster_2871,Apul-Ptuh,-0.0552249157024684,,FALSE
Cluster_17623,Cluster_2873,Apul-Ptuh,0.9194175101847301,,FALSE
Cluster_17623,Cluster_2897,Apul-Ptuh,0.4839629646535505,,FALSE
Cluster_17623,Cluster_3017,Apul-Ptuh,-0.6697947479373182,,FALSE
Cluster_17623,Cluster_3415,Apul-Ptuh,0.09096334944929615,,FALSE
Cluster_17623,Cluster_3713,Apul-Ptuh,0.5122315162196635,,FALSE
Cluster_17623,Cluster_4092,Apul-Ptuh,-0.8814652509329037,,FALSE
Cluster_17623,Cluster_4094,Apul-Ptuh,0.2189943987874463,,FALSE
Cluster_17623,Cluster_4485,Apul-Ptuh,-0.9883255777623134,,FALSE
Cluster_17623,Cluster_4487,Apul-Ptuh,-0.875163963929656,,FALSE
Cluster_17623,Cluster_4489,Apul-Ptuh,-0.5415565001874805,,FALSE
Cluster_17623,Cluster_4490,Apul-Ptuh,-0.9523152870531848,,FALSE
Cluster_17623,Cluster_4609,Apul-Ptuh,-0.3818831713279735,,FALSE
Cluster_17623,Cluster_4826,Apul-Ptuh,0.5001050219321447,,FALSE
Cluster_17623,Cluster_4827,Apul-Ptuh,0.21610812980426358,,FALSE
Cluster_17623,Cluster_5123,Apul-Ptuh,0.5173550101639771,,FALSE
Cluster_17623,Cluster_5226,Apul-Ptuh,-0.3057134108610022,,FALSE
Cluster_17623,Cluster_5267,Apul-Ptuh,0.591694040001824,,FALSE
Cluster_17623,Cluster_5627,Apul-Ptuh,0.04401567560662785,,FALSE
Cluster_17623,Cluster_5749,Apul-Ptuh,0.06662104864223874,,FALSE
Cluster_17623,Cluster_6456,Apul-Ptuh,0.905852836668151,,FALSE
Cluster_17623,Cluster_6807,Apul-Ptuh,0.5917552502471951,,FALSE
Cluster_27,Cluster_4,Peve-Ptuh,0.6596891393218415,,FALSE
Cluster_27,Cluster_20,Peve-Ptuh,0.6323922797699791,,FALSE
Cluster_27,Cluster_321,Peve-Ptuh,0.3558058129717196,,FALSE
Cluster_27,Cluster_372,Peve-Ptuh,0.23854389697417358,,FALSE
Cluster_27,Cluster_425,Peve-Ptuh,0.20109898606389,,FALSE
Cluster_27,Cluster_789,Peve-Ptuh,-0.771299249179297,,FALSE
Cluster_27,Cluster_958,Peve-Ptuh,0.691821121712776,,FALSE
Cluster_27,Cluster_1047,Peve-Ptuh,-0.036903406013405214,,FALSE
Cluster_27,Cluster_1094,Peve-Ptuh,-0.5877988703192685,,FALSE
Cluster_27,Cluster_1104,Peve-Ptuh,0.6531545439134628,,FALSE
Cluster_27,Cluster_1126,Peve-Ptuh,0.6286076423865196,,FALSE
Cluster_27,Cluster_1159,Peve-Ptuh,0.34312081060576105,,FALSE
Cluster_27,Cluster_1338,Peve-Ptuh,-0.25520732641508703,,FALSE
Cluster_27,Cluster_1345,Peve-Ptuh,0.7138188034179141,,FALSE
Cluster_27,Cluster_1827,Peve-Ptuh,-0.5916756791074614,,FALSE
Cluster_27,Cluster_1970,Peve-Ptuh,-0.32198880227794174,,FALSE
Cluster_27,Cluster_1990,Peve-Ptuh,-0.15856861206876338,,FALSE
Cluster_27,Cluster_1991,Peve-Ptuh,-0.7191906171124322,,FALSE
Cluster_27,Cluster_2871,Peve-Ptuh,-0.5831257177081658,,FALSE
Cluster_27,Cluster_2873,Peve-Ptuh,0.3588521471995069,,FALSE
Cluster_27,Cluster_2897,Peve-Ptuh,-0.74787332914168,,FALSE
Cluster_27,Cluster_3017,Peve-Ptuh,0.2627460343524373,,FALSE
Cluster_27,Cluster_3415,Peve-Ptuh,0.5972372384265779,,FALSE
Cluster_27,Cluster_3713,Peve-Ptuh,0.4215233857168852,,FALSE
Cluster_27,Cluster_4092,Peve-Ptuh,-0.6094223896313316,,FALSE
Cluster_27,Cluster_4094,Peve-Ptuh,-0.6067016829393231,,FALSE
Cluster_27,Cluster_4485,Peve-Ptuh,-0.3435683056656422,,FALSE
Cluster_27,Cluster_4487,Peve-Ptuh,-0.5947347295612653,,FALSE
Cluster_27,Cluster_4489,Peve-Ptuh,-0.20977705794402254,,FALSE
Cluster_27,Cluster_4490,Peve-Ptuh,-0.4950573962210884,,FALSE
Cluster_27,Cluster_4609,Peve-Ptuh,0.008452526213348282,,FALSE
Cluster_27,Cluster_4826,Peve-Ptuh,-0.03366534423896209,,FALSE
Cluster_27,Cluster_4827,Peve-Ptuh,-0.2561547943226004,,FALSE
Cluster_27,Cluster_5123,Peve-Ptuh,-0.26514405211866393,,FALSE
Cluster_27,Cluster_5226,Peve-Ptuh,0.7335403269049126,,FALSE
Cluster_27,Cluster_5267,Peve-Ptuh,0.4350790624460698,,FALSE
Cluster_27,Cluster_5627,Peve-Ptuh,-0.3023084997275189,,FALSE
Cluster_27,Cluster_5749,Peve-Ptuh,0.43801958832557614,,FALSE
Cluster_27,Cluster_6456,Peve-Ptuh,0.5092547117735892,,FALSE
Cluster_27,Cluster_6807,Peve-Ptuh,0.7027342952986367,,FALSE
Cluster_491,Cluster_4,Peve-Ptuh,-0.6082274964537111,,FALSE
Cluster_491,Cluster_20,Peve-Ptuh,-0.6158634845918336,,FALSE
Cluster_491,Cluster_321,Peve-Ptuh,-0.17432537387460667,,FALSE
Cluster_491,Cluster_372,Peve-Ptuh,-0.9045475516370428,,FALSE
Cluster_491,Cluster_425,Peve-Ptuh,-0.5554370351666317,,FALSE
Cluster_491,Cluster_789,Peve-Ptuh,0.38317039416753224,,FALSE
Cluster_491,Cluster_958,Peve-Ptuh,-0.4828893437849145,,FALSE
Cluster_491,Cluster_1047,Peve-Ptuh,0.9506908654087365,,FALSE
Cluster_491,Cluster_1094,Peve-Ptuh,0.5371147209877254,,FALSE
Cluster_491,Cluster_1104,Peve-Ptuh,-0.5868709364365166,,FALSE
Cluster_491,Cluster_1126,Peve-Ptuh,0.02758084928557569,,FALSE
Cluster_491,Cluster_1159,Peve-Ptuh,-0.802719745801307,,FALSE
Cluster_491,Cluster_1338,Peve-Ptuh,0.2841000483348539,,FALSE
Cluster_491,Cluster_1345,Peve-Ptuh,0.015062439234971081,,FALSE
Cluster_491,Cluster_1827,Peve-Ptuh,0.15143488406963582,,FALSE
Cluster_491,Cluster_1970,Peve-Ptuh,0.5794058903292932,,FALSE
Cluster_491,Cluster_1990,Peve-Ptuh,-0.5990583639288918,,FALSE
Cluster_491,Cluster_1991,Peve-Ptuh,0.5431921085542094,,FALSE
Cluster_491,Cluster_2871,Peve-Ptuh,-0.9069206375666243,,FALSE
Cluster_491,Cluster_2873,Peve-Ptuh,-0.4098648806604052,,FALSE
Cluster_491,Cluster_2897,Peve-Ptuh,-0.2412292194782919,,FALSE
Cluster_491,Cluster_3017,Peve-Ptuh,-0.4315547693476061,,FALSE
Cluster_491,Cluster_3415,Peve-Ptuh,-0.6571802075701699,,FALSE
Cluster_491,Cluster_3713,Peve-Ptuh,0.789397219328372,,FALSE
Cluster_491,Cluster_4092,Peve-Ptuh,0.196091053589577,,FALSE
Cluster_491,Cluster_4094,Peve-Ptuh,0.5172161937287575,,FALSE
Cluster_491,Cluster_4485,Peve-Ptuh,-4.6828060084198414e-4,,FALSE
Cluster_491,Cluster_4487,Peve-Ptuh,0.24652719328367514,,FALSE
Cluster_491,Cluster_4489,Peve-Ptuh,0.847276943885728,,FALSE
Cluster_491,Cluster_4490,Peve-Ptuh,-0.043815297828136195,,FALSE
Cluster_491,Cluster_4609,Peve-Ptuh,-0.8307426066582793,,FALSE
Cluster_491,Cluster_4826,Peve-Ptuh,0.7428091782326617,,FALSE
Cluster_491,Cluster_4827,Peve-Ptuh,-0.9886775325920567,,FALSE
Cluster_491,Cluster_5123,Peve-Ptuh,0.6003429247380853,,FALSE
Cluster_491,Cluster_5226,Peve-Ptuh,-0.2568652242979354,,FALSE
Cluster_491,Cluster_5267,Peve-Ptuh,0.7264713654968832,,FALSE
Cluster_491,Cluster_5627,Peve-Ptuh,0.8435038253449441,,FALSE
Cluster_491,Cluster_5749,Peve-Ptuh,0.9594177150036517,,FALSE
Cluster_491,Cluster_6456,Peve-Ptuh,-0.2969191434588943,,FALSE
Cluster_491,Cluster_6807,Peve-Ptuh,-0.46962605659185136,,FALSE
Cluster_661,Cluster_4,Peve-Ptuh,0.3676576293411958,,FALSE
Cluster_661,Cluster_20,Peve-Ptuh,0.5483077617150445,,FALSE
Cluster_661,Cluster_321,Peve-Ptuh,0.8933611736675622,,FALSE
Cluster_661,Cluster_372,Peve-Ptuh,0.07048750743351817,,FALSE
Cluster_661,Cluster_425,Peve-Ptuh,-0.44613859198314904,,FALSE
Cluster_661,Cluster_789,Peve-Ptuh,-0.26146238110341913,,FALSE
Cluster_661,Cluster_958,Peve-Ptuh,0.7140248698203697,,FALSE
Cluster_661,Cluster_1047,Peve-Ptuh,-0.15146010343755975,,FALSE
Cluster_661,Cluster_1094,Peve-Ptuh,-0.7197993588735988,,FALSE
Cluster_661,Cluster_1104,Peve-Ptuh,0.5825392194133363,,FALSE
Cluster_661,Cluster_1126,Peve-Ptuh,0.9897324907885715,,FALSE
Cluster_661,Cluster_1159,Peve-Ptuh,0.43651836886821177,,FALSE
Cluster_661,Cluster_1338,Peve-Ptuh,0.499166760541885,,FALSE
Cluster_661,Cluster_1345,Peve-Ptuh,-0.021496592704409862,,FALSE
Cluster_661,Cluster_1827,Peve-Ptuh,-0.9499811397775604,,FALSE
Cluster_661,Cluster_1970,Peve-Ptuh,-0.6993651361896984,,FALSE
Cluster_661,Cluster_1990,Peve-Ptuh,-0.7115158767828248,,FALSE
Cluster_661,Cluster_1991,Peve-Ptuh,-0.5068353590931701,,FALSE
Cluster_661,Cluster_2871,Peve-Ptuh,-0.46155788878556536,,FALSE
Cluster_661,Cluster_2873,Peve-Ptuh,0.8106144362530517,,FALSE
Cluster_661,Cluster_2897,Peve-Ptuh,-0.03341033944106112,,FALSE
Cluster_661,Cluster_3017,Peve-Ptuh,-0.44442253527528514,,FALSE
Cluster_661,Cluster_3415,Peve-Ptuh,0.2615834636483832,,FALSE
Cluster_661,Cluster_3713,Peve-Ptuh,0.7117785201310266,,FALSE
Cluster_661,Cluster_4092,Peve-Ptuh,-0.9358630599320055,,FALSE
Cluster_661,Cluster_4094,Peve-Ptuh,-0.05211050997863339,,FALSE
Cluster_661,Cluster_4485,Peve-Ptuh,-0.9167920151063466,,FALSE
Cluster_661,Cluster_4487,Peve-Ptuh,-0.9163872100203448,,FALSE
Cluster_661,Cluster_4489,Peve-Ptuh,-0.3860731065241781,,FALSE
Cluster_661,Cluster_4490,Peve-Ptuh,-0.9697605119859333,,FALSE
Cluster_661,Cluster_4609,Peve-Ptuh,-0.40969208895669607,,FALSE
Cluster_661,Cluster_4826,Peve-Ptuh,0.47389753868511547,,FALSE
Cluster_661,Cluster_4827,Peve-Ptuh,-0.10879052180192073,,FALSE
Cluster_661,Cluster_5123,Peve-Ptuh,0.35291686202384326,,FALSE
Cluster_661,Cluster_5226,Peve-Ptuh,0.08708111876251716,,FALSE
Cluster_661,Cluster_5267,Peve-Ptuh,0.769219880486458,,FALSE
Cluster_661,Cluster_5627,Peve-Ptuh,0.012286793036600532,,FALSE
Cluster_661,Cluster_5749,Peve-Ptuh,0.40737100152273964,,FALSE
Cluster_661,Cluster_6456,Peve-Ptuh,0.890482547701121,,FALSE
Cluster_661,Cluster_6807,Peve-Ptuh,0.7207358550741612,,FALSE
Cluster_670,Cluster_4,Peve-Ptuh,-0.17093542572718637,,FALSE
Cluster_670,Cluster_20,Peve-Ptuh,-0.13210010006699963,,FALSE
Cluster_670,Cluster_321,Peve-Ptuh,0.22555926229966644,,FALSE
Cluster_670,Cluster_372,Peve-Ptuh,-0.5995150179586333,,FALSE
Cluster_670,Cluster_425,Peve-Ptuh,-0.49445059817077147,,FALSE
Cluster_670,Cluster_789,Peve-Ptuh,-3.5893821011730626e-4,,FALSE
Cluster_670,Cluster_958,Peve-Ptuh,0.03337897199129509,,FALSE
Cluster_670,Cluster_1047,Peve-Ptuh,0.6674672317583803,,FALSE
Cluster_670,Cluster_1094,Peve-Ptuh,0.03518010481560685,,FALSE
Cluster_670,Cluster_1104,Peve-Ptuh,-0.09438887744236149,,FALSE
Cluster_670,Cluster_1126,Peve-Ptuh,0.4829301420473686,,FALSE
Cluster_670,Cluster_1159,Peve-Ptuh,-0.38711077111702674,,FALSE
Cluster_670,Cluster_1338,Peve-Ptuh,0.28871824550569036,,FALSE
Cluster_670,Cluster_1345,Peve-Ptuh,0.20470605700537725,,FALSE
Cluster_670,Cluster_1827,Peve-Ptuh,-0.32523205637897284,,FALSE
Cluster_670,Cluster_1970,Peve-Ptuh,0.14747779478609863,,FALSE
Cluster_670,Cluster_1990,Peve-Ptuh,-0.7048474991133842,,FALSE
Cluster_670,Cluster_1991,Peve-Ptuh,0.064680655775574,,FALSE
Cluster_670,Cluster_2871,Peve-Ptuh,-0.9848638355735928,,FALSE
Cluster_670,Cluster_2873,Peve-Ptuh,0.023693077487592484,,FALSE
Cluster_670,Cluster_2897,Peve-Ptuh,-0.4017730391298847,,FALSE
Cluster_670,Cluster_3017,Peve-Ptuh,-0.3826960755946255,,FALSE
Cluster_670,Cluster_3415,Peve-Ptuh,-0.2562311696185676,,FALSE
Cluster_670,Cluster_3713,Peve-Ptuh,0.92288342479801,,FALSE
Cluster_670,Cluster_4092,Peve-Ptuh,-0.29221250425830525,,FALSE
Cluster_670,Cluster_4094,Peve-Ptuh,0.20794822286006767,,FALSE
Cluster_670,Cluster_4485,Peve-Ptuh,-0.3615898990543714,,FALSE
Cluster_670,Cluster_4487,Peve-Ptuh,-0.2441914003694591,,FALSE
Cluster_670,Cluster_4489,Peve-Ptuh,0.47278969984653924,,FALSE
Cluster_670,Cluster_4490,Peve-Ptuh,-0.4521513191688117,,FALSE
Cluster_670,Cluster_4609,Peve-Ptuh,-0.7467095330313809,,FALSE
Cluster_670,Cluster_4826,Peve-Ptuh,0.6914936351265554,,FALSE
Cluster_670,Cluster_4827,Peve-Ptuh,-0.8534887842719421,,FALSE
Cluster_670,Cluster_5123,Peve-Ptuh,0.4836685054351806,,FALSE
Cluster_670,Cluster_5226,Peve-Ptuh,0.03522852611603656,,FALSE
Cluster_670,Cluster_5267,Peve-Ptuh,0.8955267724939342,,FALSE
Cluster_670,Cluster_5627,Peve-Ptuh,0.5593066429541926,,FALSE
Cluster_670,Cluster_5749,Peve-Ptuh,0.9684816815956643,,FALSE
Cluster_670,Cluster_6456,Peve-Ptuh,0.17455961154742083,,FALSE
Cluster_670,Cluster_6807,Peve-Ptuh,0.048437441074639584,,FALSE
Cluster_981,Cluster_4,Peve-Ptuh,0.06567938418202646,,FALSE
Cluster_981,Cluster_20,Peve-Ptuh,-0.014662855930201522,,FALSE
Cluster_981,Cluster_321,Peve-Ptuh,-0.41229452400839733,,FALSE
Cluster_981,Cluster_372,Peve-Ptuh,0.49171565132160017,,FALSE
Cluster_981,Cluster_425,Peve-Ptuh,0.5368143351852421,,FALSE
Cluster_981,Cluster_789,Peve-Ptuh,0.04760914177542811,,FALSE
Cluster_981,Cluster_958,Peve-Ptuh,-0.1951866895138904,,FALSE
Cluster_981,Cluster_1047,Peve-Ptuh,-0.5223316378824335,,FALSE
Cluster_981,Cluster_1094,Peve-Ptuh,0.14188366786400836,,FALSE
Cluster_981,Cluster_1104,Peve-Ptuh,-0.05468980520647203,,FALSE
Cluster_981,Cluster_1126,Peve-Ptuh,-0.6462549824565533,,FALSE
Cluster_981,Cluster_1159,Peve-Ptuh,0.22088292972507562,,FALSE
Cluster_981,Cluster_1338,Peve-Ptuh,-0.379223849552713,,FALSE
Cluster_981,Cluster_1345,Peve-Ptuh,-0.14722821791091273,,FALSE
Cluster_981,Cluster_1827,Peve-Ptuh,0.5044261978761767,,FALSE
Cluster_981,Cluster_1970,Peve-Ptuh,0.04936065961232015,,FALSE
Cluster_981,Cluster_1990,Peve-Ptuh,0.7729376581147094,,FALSE
Cluster_981,Cluster_1991,Peve-Ptuh,0.05818609751554668,,FALSE
Cluster_981,Cluster_2871,Peve-Ptuh,0.9317751796116689,,FALSE
Cluster_981,Cluster_2873,Peve-Ptuh,-0.22110528379711203,,FALSE
Cluster_981,Cluster_2897,Peve-Ptuh,0.32614947105230246,,FALSE
Cluster_981,Cluster_3017,Peve-Ptuh,0.4441379750251547,,FALSE
Cluster_981,Cluster_3415,Peve-Ptuh,0.16324841165706455,,FALSE
Cluster_981,Cluster_3713,Peve-Ptuh,-0.949120815916612,,FALSE
Cluster_981,Cluster_4092,Peve-Ptuh,0.47253863989662964,,FALSE
Cluster_981,Cluster_4094,Peve-Ptuh,-0.17742119930932626,,FALSE
Cluster_981,Cluster_4485,Peve-Ptuh,0.5329952044344131,,FALSE
Cluster_981,Cluster_4487,Peve-Ptuh,0.4275251742713183,,FALSE
Cluster_981,Cluster_4489,Peve-Ptuh,-0.302403437483102,,FALSE
Cluster_981,Cluster_4490,Peve-Ptuh,0.6187868475554243,,FALSE
Cluster_981,Cluster_4609,Peve-Ptuh,0.7340869228797906,,FALSE
Cluster_981,Cluster_4826,Peve-Ptuh,-0.7050759035118679,,FALSE
Cluster_981,Cluster_4827,Peve-Ptuh,0.7384312733358538,,FALSE
Cluster_981,Cluster_5123,Peve-Ptuh,-0.5052291409960744,,FALSE
Cluster_981,Cluster_5226,Peve-Ptuh,-0.032561823252112404,,FALSE
Cluster_981,Cluster_5267,Peve-Ptuh,-0.9407146748939528,,FALSE
Cluster_981,Cluster_5627,Peve-Ptuh,-0.4811762359451125,,FALSE
Cluster_981,Cluster_5749,Peve-Ptuh,-0.9078128197593232,,FALSE
Cluster_981,Cluster_6456,Peve-Ptuh,-0.36458415711275066,,FALSE
Cluster_981,Cluster_6807,Peve-Ptuh,-0.20928981071813973,,FALSE
Cluster_1004,Cluster_4,Peve-Ptuh,-0.17433443182526276,,FALSE
Cluster_1004,Cluster_20,Peve-Ptuh,-0.17483593402334863,,FALSE
Cluster_1004,Cluster_321,Peve-Ptuh,0.09175130572458658,,FALSE
Cluster_1004,Cluster_372,Peve-Ptuh,-0.609048106676085,,FALSE
Cluster_1004,Cluster_425,Peve-Ptuh,-0.39690750880419134,,FALSE
Cluster_1004,Cluster_789,Peve-Ptuh,-0.03933670996326273,,FALSE
Cluster_1004,Cluster_958,Peve-Ptuh,-0.030077196540747808,,FALSE
Cluster_1004,Cluster_1047,Peve-Ptuh,0.7209342520164742,,FALSE
Cluster_1004,Cluster_1094,Peve-Ptuh,0.11514097246019235,,FALSE
Cluster_1004,Cluster_1104,Peve-Ptuh,-0.14023806272042547,,FALSE
Cluster_1004,Cluster_1126,Peve-Ptuh,0.3722855578873965,,FALSE
Cluster_1004,Cluster_1159,Peve-Ptuh,-0.45170302790834166,,FALSE
Cluster_1004,Cluster_1338,Peve-Ptuh,0.1654510092838909,,FALSE
Cluster_1004,Cluster_1345,Peve-Ptuh,0.3036693523292451,miR-100,TRUE
Cluster_1004,Cluster_1827,Peve-Ptuh,-0.2121403514461078,,FALSE
Cluster_1004,Cluster_1970,Peve-Ptuh,0.25980406941148265,,FALSE
Cluster_1004,Cluster_1990,Peve-Ptuh,-0.6039703990267244,,FALSE
Cluster_1004,Cluster_1991,Peve-Ptuh,0.08561695431782945,,FALSE
Cluster_1004,Cluster_2871,Peve-Ptuh,-0.9984412048198763,,FALSE
Cluster_1004,Cluster_2873,Peve-Ptuh,-0.10053086423837439,,FALSE
Cluster_1004,Cluster_2897,Peve-Ptuh,-0.501242259843262,,FALSE
Cluster_1004,Cluster_3017,Peve-Ptuh,-0.27362377513960406,,FALSE
Cluster_1004,Cluster_3415,Peve-Ptuh,-0.24850475923449922,,FALSE
Cluster_1004,Cluster_3713,Peve-Ptuh,0.8624088175448704,,FALSE
Cluster_1004,Cluster_4092,Peve-Ptuh,-0.18289712820391793,,FALSE
Cluster_1004,Cluster_4094,Peve-Ptuh,0.15359852420127004,,FALSE
Cluster_1004,Cluster_4485,Peve-Ptuh,-0.22681486163039702,,FALSE
Cluster_1004,Cluster_4487,Peve-Ptuh,-0.13524738745670106,,FALSE
Cluster_1004,Cluster_4489,Peve-Ptuh,0.5464206015589915,,FALSE
Cluster_1004,Cluster_4490,Peve-Ptuh,-0.3282794374017977,,FALSE
Cluster_1004,Cluster_4609,Peve-Ptuh,-0.6900502615997437,,FALSE
Cluster_1004,Cluster_4826,Peve-Ptuh,0.616243158514073,,FALSE
Cluster_1004,Cluster_4827,Peve-Ptuh,-0.8956617101172025,,FALSE
Cluster_1004,Cluster_5123,Peve-Ptuh,0.39733584396798954,,FALSE
Cluster_1004,Cluster_5226,Peve-Ptuh,0.10728514979592645,,FALSE
Cluster_1004,Cluster_5267,Peve-Ptuh,0.8236627434437102,,FALSE
Cluster_1004,Cluster_5627,Peve-Ptuh,0.5423154176763446,,FALSE
Cluster_1004,Cluster_5749,Peve-Ptuh,0.9751193564862265,,FALSE
Cluster_1004,Cluster_6456,Peve-Ptuh,0.05790096341675074,,FALSE
Cluster_1004,Cluster_6807,Peve-Ptuh,-0.014497426626221574,,FALSE
Cluster_2392,Cluster_4,Peve-Ptuh,-0.4593540715954608,,FALSE
Cluster_2392,Cluster_20,Peve-Ptuh,-0.36456837674587494,,FALSE
Cluster_2392,Cluster_321,Peve-Ptuh,0.2535127293821841,,FALSE
Cluster_2392,Cluster_372,Peve-Ptuh,-0.7881198564324738,,FALSE
Cluster_2392,Cluster_425,Peve-Ptuh,-0.7546833473751673,,FALSE
Cluster_2392,Cluster_789,Peve-Ptuh,0.344392429421489,,FALSE
Cluster_2392,Cluster_958,Peve-Ptuh,-0.17404382862647663,,FALSE
Cluster_2392,Cluster_1047,Peve-Ptuh,0.7446507164607499,,FALSE
Cluster_2392,Cluster_1094,Peve-Ptuh,0.1968979125070699,,FALSE
Cluster_2392,Cluster_1104,Peve-Ptuh,-0.3255915858093487,,FALSE
Cluster_2392,Cluster_1126,Peve-Ptuh,0.42400562286002313,,FALSE
Cluster_2392,Cluster_1159,Peve-Ptuh,-0.5270218947953471,,FALSE
Cluster_2392,Cluster_1338,Peve-Ptuh,0.560231814476096,,FALSE
Cluster_2392,Cluster_1345,Peve-Ptuh,-0.14064776700460727,,FALSE
Cluster_2392,Cluster_1827,Peve-Ptuh,-0.25627958140828444,,FALSE
Cluster_2392,Cluster_1970,Peve-Ptuh,0.19117507399520375,,FALSE
Cluster_2392,Cluster_1990,Peve-Ptuh,-0.8614611321184619,,FALSE
Cluster_2392,Cluster_1991,Peve-Ptuh,0.3413712194135564,,FALSE
Cluster_2392,Cluster_2871,Peve-Ptuh,-0.9089773498327909,,FALSE
Cluster_2392,Cluster_2873,Peve-Ptuh,0.006376990092972895,,FALSE
Cluster_2392,Cluster_2897,Peve-Ptuh,-0.07625432300215587,,FALSE
Cluster_2392,Cluster_3017,Peve-Ptuh,-0.6594972289767607,,FALSE
Cluster_2392,Cluster_3415,Peve-Ptuh,-0.5453396814281299,,FALSE
Cluster_2392,Cluster_3713,Peve-Ptuh,0.9729371690265087,,FALSE
Cluster_2392,Cluster_4092,Peve-Ptuh,-0.2068384138323163,,FALSE
Cluster_2392,Cluster_4094,Peve-Ptuh,0.5380574445661168,,FALSE
Cluster_2392,Cluster_4485,Peve-Ptuh,-0.4187362169497446,,FALSE
Cluster_2392,Cluster_4487,Peve-Ptuh,-0.15604180797452785,,FALSE
Cluster_2392,Cluster_4489,Peve-Ptuh,0.5655692512685792,,FALSE
Cluster_2392,Cluster_4490,Peve-Ptuh,-0.4539678951668441,,FALSE
Cluster_2392,Cluster_4609,Peve-Ptuh,-0.933756185963924,,FALSE
Cluster_2392,Cluster_4826,Peve-Ptuh,0.897234213387551,,FALSE
Cluster_2392,Cluster_4827,Peve-Ptuh,-0.8571282816213655,,FALSE
Cluster_2392,Cluster_5123,Peve-Ptuh,0.7565696641993372,,FALSE
Cluster_2392,Cluster_5226,Peve-Ptuh,-0.3208199296067179,,FALSE
Cluster_2392,Cluster_5267,Peve-Ptuh,0.9466110341517648,,FALSE
Cluster_2392,Cluster_5627,Peve-Ptuh,0.7922650082596535,,FALSE
Cluster_2392,Cluster_5749,Peve-Ptuh,0.9542656617531933,,FALSE
Cluster_2392,Cluster_6456,Peve-Ptuh,0.1159713815141771,,FALSE
Cluster_2392,Cluster_6807,Peve-Ptuh,-0.16124634233016932,,FALSE
Cluster_2454,Cluster_4,Peve-Ptuh,-0.744414275374227,,FALSE
Cluster_2454,Cluster_20,Peve-Ptuh,-0.6263727352888274,,FALSE
Cluster_2454,Cluster_321,Peve-Ptuh,0.14990647434612364,,FALSE
Cluster_2454,Cluster_372,Peve-Ptuh,-0.9192240058704099,,FALSE
Cluster_2454,Cluster_425,Peve-Ptuh,-0.890496075676152,,FALSE
Cluster_2454,Cluster_789,Peve-Ptuh,0.6770237108021284,,FALSE
Cluster_2454,Cluster_958,Peve-Ptuh,-0.44640713518180536,,FALSE
Cluster_2454,Cluster_1047,Peve-Ptuh,0.7843110679017552,,FALSE
Cluster_2454,Cluster_1094,Peve-Ptuh,0.42547159904054305,,FALSE
Cluster_2454,Cluster_1104,Peve-Ptuh,-0.5932208124076016,,FALSE
Cluster_2454,Cluster_1126,Peve-Ptuh,0.21483279907288796,,FALSE
Cluster_2454,Cluster_1159,Peve-Ptuh,-0.6765493850816262,,FALSE
Cluster_2454,Cluster_1338,Peve-Ptuh,0.7135180284487305,,FALSE
Cluster_2454,Cluster_1345,Peve-Ptuh,-0.45249164621323507,,FALSE
Cluster_2454,Cluster_1827,Peve-Ptuh,-0.0543605089936899,,FALSE
Cluster_2454,Cluster_1970,Peve-Ptuh,0.30674238095932244,,FALSE
Cluster_2454,Cluster_1990,Peve-Ptuh,-0.8591941525638046,,FALSE
Cluster_2454,Cluster_1991,Peve-Ptuh,0.6411129330946767,,FALSE
Cluster_2454,Cluster_2871,Peve-Ptuh,-0.7164455475496629,,FALSE
Cluster_2454,Cluster_2873,Peve-Ptuh,-0.11214296918438389,,FALSE
Cluster_2454,Cluster_2897,Peve-Ptuh,0.2389606228232938,,FALSE
Cluster_2454,Cluster_3017,Peve-Ptuh,-0.8177133659117117,,FALSE
Cluster_2454,Cluster_3415,Peve-Ptuh,-0.8117376710825962,,FALSE
Cluster_2454,Cluster_3713,Peve-Ptuh,0.8628000834329177,,FALSE
Cluster_2454,Cluster_4092,Peve-Ptuh,0.005287129612713801,,FALSE
Cluster_2454,Cluster_4094,Peve-Ptuh,0.8171581542696479,,FALSE
Cluster_2454,Cluster_4485,Peve-Ptuh,-0.32809892897878057,,FALSE
Cluster_2454,Cluster_4487,Peve-Ptuh,0.052707219491942174,,FALSE
Cluster_2454,Cluster_4489,Peve-Ptuh,0.6618134127869888,,FALSE
Cluster_2454,Cluster_4490,Peve-Ptuh,-0.3022619629704918,,FALSE
Cluster_2454,Cluster_4609,Peve-Ptuh,-0.9929455827934666,,FALSE
Cluster_2454,Cluster_4826,Peve-Ptuh,0.9684586647591616,,FALSE
Cluster_2454,Cluster_4827,Peve-Ptuh,-0.787200850470208,,FALSE
Cluster_2454,Cluster_5123,Peve-Ptuh,0.9158572158320653,,FALSE
Cluster_2454,Cluster_5226,Peve-Ptuh,-0.6437997604858434,,FALSE
Cluster_2454,Cluster_5267,Peve-Ptuh,0.8320601579211668,,FALSE
Cluster_2454,Cluster_5627,Peve-Ptuh,0.9543383969502485,,FALSE
Cluster_2454,Cluster_5749,Peve-Ptuh,0.8233038336714366,,FALSE
Cluster_2454,Cluster_6456,Peve-Ptuh,-0.058971542523663524,,FALSE
Cluster_2454,Cluster_6807,Peve-Ptuh,-0.4374670222948687,,FALSE
Cluster_2478,Cluster_4,Peve-Ptuh,0.007301180067342668,,FALSE
Cluster_2478,Cluster_20,Peve-Ptuh,0.08540142455714446,,FALSE
Cluster_2478,Cluster_321,Peve-Ptuh,0.43969899118929884,,FALSE
Cluster_2478,Cluster_372,Peve-Ptuh,-0.42770321496661445,,FALSE
Cluster_2478,Cluster_425,Peve-Ptuh,-0.49152938793343615,,FALSE
Cluster_2478,Cluster_789,Peve-Ptuh,-0.11593613321117084,,FALSE
Cluster_2478,Cluster_958,Peve-Ptuh,0.26158602335263775,,FALSE
Cluster_2478,Cluster_1047,Peve-Ptuh,0.46897959849877985,,FALSE
Cluster_2478,Cluster_1094,Peve-Ptuh,-0.20462651692900433,,FALSE
Cluster_2478,Cluster_1104,Peve-Ptuh,0.12498586905143573,,FALSE
Cluster_2478,Cluster_1126,Peve-Ptuh,0.6794213332294649,,FALSE
Cluster_2478,Cluster_1159,Peve-Ptuh,-0.15768875366646878,,FALSE
Cluster_2478,Cluster_1338,Peve-Ptuh,0.3450259853809439,,FALSE
Cluster_2478,Cluster_1345,Peve-Ptuh,0.1916794363466996,,FALSE
Cluster_2478,Cluster_1827,Peve-Ptuh,-0.5452144289315941,,FALSE
Cluster_2478,Cluster_1970,Peve-Ptuh,-0.09769605964151802,,FALSE
Cluster_2478,Cluster_1990,Peve-Ptuh,-0.7466633513645377,,FALSE
Cluster_2478,Cluster_1991,Peve-Ptuh,-0.1306704101483101,,FALSE
Cluster_2478,Cluster_2871,Peve-Ptuh,-0.916875825268788,,FALSE
Cluster_2478,Cluster_2873,Peve-Ptuh,0.26196219496550455,,FALSE
Cluster_2478,Cluster_2897,Peve-Ptuh,-0.3601496528567094,,FALSE
Cluster_2478,Cluster_3017,Peve-Ptuh,-0.4017113141939955,,FALSE
Cluster_2478,Cluster_3415,Peve-Ptuh,-0.0910051280782956,,FALSE
Cluster_2478,Cluster_3713,Peve-Ptuh,0.9291109755552198,,FALSE
Cluster_2478,Cluster_4092,Peve-Ptuh,-0.5169554807415067,,FALSE
Cluster_2478,Cluster_4094,Peve-Ptuh,0.11112539375840243,,FALSE
Cluster_2478,Cluster_4485,Peve-Ptuh,-0.5499811436308487,,FALSE
Cluster_2478,Cluster_4487,Peve-Ptuh,-0.4738611350693267,,FALSE
Cluster_2478,Cluster_4489,Peve-Ptuh,0.24495784157773418,,FALSE
Cluster_2478,Cluster_4490,Peve-Ptuh,-0.6427222976016106,,FALSE
Cluster_2478,Cluster_4609,Peve-Ptuh,-0.6861780823342017,,FALSE
Cluster_2478,Cluster_4826,Peve-Ptuh,0.6600320244406973,,FALSE
Cluster_2478,Cluster_4827,Peve-Ptuh,-0.700209128722329,,FALSE
Cluster_2478,Cluster_5123,Peve-Ptuh,0.45392604266695463,,FALSE
Cluster_2478,Cluster_5226,Peve-Ptuh,0.09251699717099382,,FALSE
Cluster_2478,Cluster_5267,Peve-Ptuh,0.924694895152759,,FALSE
Cluster_2478,Cluster_5627,Peve-Ptuh,0.4160289366246283,,FALSE
Cluster_2478,Cluster_5749,Peve-Ptuh,0.8811520497857801,,FALSE
Cluster_2478,Cluster_6456,Peve-Ptuh,0.40839115124544306,,FALSE
Cluster_2478,Cluster_6807,Peve-Ptuh,0.2756223563154457,,FALSE
Cluster_3165,Cluster_4,Peve-Ptuh,0.08830846008253246,,FALSE
Cluster_3165,Cluster_20,Peve-Ptuh,0.10235333190797379,,FALSE
Cluster_3165,Cluster_321,Peve-Ptuh,0.2676807837861149,,FALSE
Cluster_3165,Cluster_372,Peve-Ptuh,-0.3783065249209793,,FALSE
Cluster_3165,Cluster_425,Peve-Ptuh,-0.29333076189540935,,FALSE
Cluster_3165,Cluster_789,Peve-Ptuh,-0.26251764170793546,,FALSE
Cluster_3165,Cluster_958,Peve-Ptuh,0.2445146364075753,,FALSE
Cluster_3165,Cluster_1047,Peve-Ptuh,0.5040537282339778,,FALSE
Cluster_3165,Cluster_1094,Peve-Ptuh,-0.15517418150250448,,FALSE
Cluster_3165,Cluster_1104,Peve-Ptuh,0.13740845169590246,,FALSE
Cluster_3165,Cluster_1126,Peve-Ptuh,0.5576773917610852,,FALSE
Cluster_3165,Cluster_1159,Peve-Ptuh,-0.19109854423412165,,FALSE
Cluster_3165,Cluster_1338,Peve-Ptuh,0.11473238125780444,,FALSE
Cluster_3165,Cluster_1345,Peve-Ptuh,0.40864496332604433,,FALSE
Cluster_3165,Cluster_1827,Peve-Ptuh,-0.4251086712990506,,FALSE
Cluster_3165,Cluster_1970,Peve-Ptuh,0.023690758577821897,,FALSE
Cluster_3165,Cluster_1990,Peve-Ptuh,-0.5720926994804717,,FALSE
Cluster_3165,Cluster_1991,Peve-Ptuh,-0.18597888203391458,,FALSE
Cluster_3165,Cluster_2871,Peve-Ptuh,-0.9445772292993961,,FALSE
Cluster_3165,Cluster_2873,Peve-Ptuh,0.11675509709899826,,FALSE
Cluster_3165,Cluster_2897,Peve-Ptuh,-0.5698786646011332,,FALSE
Cluster_3165,Cluster_3017,Peve-Ptuh,-0.18601466811957973,,FALSE
Cluster_3165,Cluster_3415,Peve-Ptuh,0.004548709850196138,,FALSE
Cluster_3165,Cluster_3713,Peve-Ptuh,0.8317297787169279,,FALSE
Cluster_3165,Cluster_4092,Peve-Ptuh,-0.4065046327984898,,FALSE
Cluster_3165,Cluster_4094,Peve-Ptuh,-0.05202572850083894,,FALSE
Cluster_3165,Cluster_4485,Peve-Ptuh,-0.366903395959427,,FALSE
Cluster_3165,Cluster_4487,Peve-Ptuh,-0.36517661867499784,,FALSE
Cluster_3165,Cluster_4489,Peve-Ptuh,0.3019639143666659,,FALSE
Cluster_3165,Cluster_4490,Peve-Ptuh,-0.48780589625855725,,FALSE
Cluster_3165,Cluster_4609,Peve-Ptuh,-0.555746140419843,,FALSE
Cluster_3165,Cluster_4826,Peve-Ptuh,0.5023554319646617,,FALSE
Cluster_3165,Cluster_4827,Peve-Ptuh,-0.7408816961162169,,FALSE
Cluster_3165,Cluster_5123,Peve-Ptuh,0.2657180555361868,,FALSE
Cluster_3165,Cluster_5226,Peve-Ptuh,0.2819146475086555,,FALSE
Cluster_3165,Cluster_5267,Peve-Ptuh,0.8135622914130689,,FALSE
Cluster_3165,Cluster_5627,Peve-Ptuh,0.32224167640976337,,FALSE
Cluster_3165,Cluster_5749,Peve-Ptuh,0.8828475653739002,,FALSE
Cluster_3165,Cluster_6456,Peve-Ptuh,0.28260869065288946,,FALSE
Cluster_3165,Cluster_6807,Peve-Ptuh,0.25967098060160065,,FALSE
Cluster_3380,Cluster_4,Peve-Ptuh,-0.3107818540502916,,FALSE
Cluster_3380,Cluster_20,Peve-Ptuh,-0.07851032602279859,,FALSE
Cluster_3380,Cluster_321,Peve-Ptuh,0.5511204587095974,,FALSE
Cluster_3380,Cluster_372,Peve-Ptuh,-0.02824655674916009,,FALSE
Cluster_3380,Cluster_425,Peve-Ptuh,-0.6173050876314508,,FALSE
Cluster_3380,Cluster_789,Peve-Ptuh,0.6184628707926713,,FALSE
Cluster_3380,Cluster_958,Peve-Ptuh,-0.004520952363984015,,FALSE
Cluster_3380,Cluster_1047,Peve-Ptuh,-0.32761198354930043,,FALSE
Cluster_3380,Cluster_1094,Peve-Ptuh,-0.14681466366110923,,FALSE
Cluster_3380,Cluster_1104,Peve-Ptuh,-0.07441989151102814,,FALSE
Cluster_3380,Cluster_1126,Peve-Ptuh,0.26178440575306733,,FALSE
Cluster_3380,Cluster_1159,Peve-Ptuh,0.21185684039370692,,FALSE
Cluster_3380,Cluster_1338,Peve-Ptuh,0.8041082336308192,,FALSE
Cluster_3380,Cluster_1345,Peve-Ptuh,-0.939698937028923,,FALSE
Cluster_3380,Cluster_1827,Peve-Ptuh,-0.30565923859089844,,FALSE
Cluster_3380,Cluster_1970,Peve-Ptuh,-0.4740676219129963,,FALSE
Cluster_3380,Cluster_1990,Peve-Ptuh,-0.4349976231344598,,FALSE
Cluster_3380,Cluster_1991,Peve-Ptuh,0.2505679891029776,,FALSE
Cluster_3380,Cluster_2871,Peve-Ptuh,0.44705489066657794,,FALSE
Cluster_3380,Cluster_2873,Peve-Ptuh,0.5098205017262799,,FALSE
Cluster_3380,Cluster_2897,Peve-Ptuh,0.9739316155406945,,FALSE
Cluster_3380,Cluster_3017,Peve-Ptuh,-0.7217668349862895,,FALSE
Cluster_3380,Cluster_3415,Peve-Ptuh,-0.33493282857659823,,FALSE
Cluster_3380,Cluster_3713,Peve-Ptuh,0.05672665199794335,,FALSE
Cluster_3380,Cluster_4092,Peve-Ptuh,-0.27756774837302023,,FALSE
Cluster_3380,Cluster_4094,Peve-Ptuh,0.6049495516680212,,FALSE
Cluster_3380,Cluster_4485,Peve-Ptuh,-0.5533997440612706,,FALSE
Cluster_3380,Cluster_4487,Peve-Ptuh,-0.2864429060756124,,FALSE
Cluster_3380,Cluster_4489,Peve-Ptuh,-0.3376638356178592,,FALSE
Cluster_3380,Cluster_4490,Peve-Ptuh,-0.4073834727624098,,FALSE
Cluster_3380,Cluster_4609,Peve-Ptuh,-0.2703715634591474,,FALSE
Cluster_3380,Cluster_4826,Peve-Ptuh,0.391658293759828,,FALSE
Cluster_3380,Cluster_4827,Peve-Ptuh,0.4290199390469253,,FALSE
Cluster_3380,Cluster_5123,Peve-Ptuh,0.5883037886742044,,FALSE
Cluster_3380,Cluster_5226,Peve-Ptuh,-0.787038154825067,,FALSE
Cluster_3380,Cluster_5267,Peve-Ptuh,0.1155524995646937,,FALSE
Cluster_3380,Cluster_5627,Peve-Ptuh,0.2129969450374031,,FALSE
Cluster_3380,Cluster_5749,Peve-Ptuh,-0.3317718424050001,,FALSE
Cluster_3380,Cluster_6456,Peve-Ptuh,0.3788988029459287,,FALSE
Cluster_3380,Cluster_6807,Peve-Ptuh,-0.01415230583290317,,FALSE
Cluster_3652,Cluster_4,Peve-Ptuh,0.6274368177645696,,FALSE
Cluster_3652,Cluster_20,Peve-Ptuh,0.8043212296935228,,FALSE
Cluster_3652,Cluster_321,Peve-Ptuh,0.8535657782046316,,FALSE
Cluster_3652,Cluster_372,Peve-Ptuh,0.6888786375424325,,FALSE
Cluster_3652,Cluster_425,Peve-Ptuh,-0.03562792643777668,,FALSE
Cluster_3652,Cluster_789,Peve-Ptuh,-0.33205146679025566,,FALSE
Cluster_3652,Cluster_958,Peve-Ptuh,0.8390633451776628,,FALSE
Cluster_3652,Cluster_1047,Peve-Ptuh,-0.8486393453889088,,FALSE
Cluster_3652,Cluster_1094,Peve-Ptuh,-0.911818947556204,,FALSE
Cluster_3652,Cluster_1104,Peve-Ptuh,0.8081871171650398,,FALSE
Cluster_3652,Cluster_1126,Peve-Ptuh,0.7188653367336206,,FALSE
Cluster_3652,Cluster_1159,Peve-Ptuh,0.9177895683143517,,FALSE
Cluster_3652,Cluster_1338,Peve-Ptuh,0.3031614628211201,,FALSE
Cluster_3652,Cluster_1345,Peve-Ptuh,-0.21224363359080803,,FALSE
Cluster_3652,Cluster_1827,Peve-Ptuh,-0.8277680325169247,,FALSE
Cluster_3652,Cluster_1970,Peve-Ptuh,-0.9928052205022083,,FALSE
Cluster_3652,Cluster_1990,Peve-Ptuh,-0.15238746156400804,,FALSE
Cluster_3652,Cluster_1991,Peve-Ptuh,-0.6895225255458839,,FALSE
Cluster_3652,Cluster_2871,Peve-Ptuh,0.41586861560209437,,FALSE
Cluster_3652,Cluster_2873,Peve-Ptuh,0.9560729359027589,,FALSE
Cluster_3652,Cluster_2897,Peve-Ptuh,0.3423709680125149,,FALSE
Cluster_3652,Cluster_3017,Peve-Ptuh,-0.14359562823247143,,FALSE
Cluster_3652,Cluster_3415,Peve-Ptuh,0.5839968380774287,,FALSE
Cluster_3652,Cluster_3713,Peve-Ptuh,-0.058385613427351296,,FALSE
Cluster_3652,Cluster_4092,Peve-Ptuh,-0.8442685503891291,,FALSE
Cluster_3652,Cluster_4094,Peve-Ptuh,-0.2851790593436953,,FALSE
Cluster_3652,Cluster_4485,Peve-Ptuh,-0.7455191023562033,,FALSE
Cluster_3652,Cluster_4487,Peve-Ptuh,-0.868517559180165,,FALSE
Cluster_3652,Cluster_4489,Peve-Ptuh,-0.9395766934316429,,FALSE
Cluster_3652,Cluster_4490,Peve-Ptuh,-0.7223334179562122,,FALSE
Cluster_3652,Cluster_4609,Peve-Ptuh,0.25503002055486756,,FALSE
Cluster_3652,Cluster_4826,Peve-Ptuh,-0.12364954176173859,,FALSE
Cluster_3652,Cluster_4827,Peve-Ptuh,0.7153516501137124,,FALSE
Cluster_3652,Cluster_5123,Peve-Ptuh,-0.06684785701624772,,FALSE
Cluster_3652,Cluster_5226,Peve-Ptuh,0.08746676849255257,,FALSE
Cluster_3652,Cluster_5267,Peve-Ptuh,0.03805246479764288,,FALSE
Cluster_3652,Cluster_5627,Peve-Ptuh,-0.5512076889116426,,FALSE
Cluster_3652,Cluster_5749,Peve-Ptuh,-0.4680358274192102,,FALSE
Cluster_3652,Cluster_6456,Peve-Ptuh,0.9048707132651742,,FALSE
Cluster_3652,Cluster_6807,Peve-Ptuh,0.8323401468003727,,FALSE
Cluster_3653,Cluster_4,Peve-Ptuh,-0.7048443232387588,,FALSE
Cluster_3653,Cluster_20,Peve-Ptuh,-0.6130944252213207,,FALSE
Cluster_3653,Cluster_321,Peve-Ptuh,0.09536608059241314,,FALSE
Cluster_3653,Cluster_372,Peve-Ptuh,-0.9269232949349756,,FALSE
Cluster_3653,Cluster_425,Peve-Ptuh,-0.8280871264916115,,FALSE
Cluster_3653,Cluster_789,Peve-Ptuh,0.5966804005708939,,FALSE
Cluster_3653,Cluster_958,Peve-Ptuh,-0.4372313658579829,,FALSE
Cluster_3653,Cluster_1047,Peve-Ptuh,0.8370239194820243,,FALSE
Cluster_3653,Cluster_1094,Peve-Ptuh,0.43655258811675496,,FALSE
Cluster_3653,Cluster_1104,Peve-Ptuh,-0.5793178601971216,,FALSE
Cluster_3653,Cluster_1126,Peve-Ptuh,0.20274750125717245,,FALSE
Cluster_3653,Cluster_1159,Peve-Ptuh,-0.7059794041553111,,FALSE
Cluster_3653,Cluster_1338,Peve-Ptuh,0.6241873204478521,,FALSE
Cluster_3653,Cluster_1345,Peve-Ptuh,-0.3309810523447541,,FALSE
Cluster_3653,Cluster_1827,Peve-Ptuh,-0.033178593183565475,,FALSE
Cluster_3653,Cluster_1970,Peve-Ptuh,0.3612724572680996,,FALSE
Cluster_3653,Cluster_1990,Peve-Ptuh,-0.826778583177108,,FALSE
Cluster_3653,Cluster_1991,Peve-Ptuh,0.6054034082393616,,FALSE
Cluster_3653,Cluster_2871,Peve-Ptuh,-0.7972927189076038,,FALSE
Cluster_3653,Cluster_2873,Peve-Ptuh,-0.1664801853611676,,FALSE
Cluster_3653,Cluster_2897,Peve-Ptuh,0.10860272188685179,,FALSE
Cluster_3653,Cluster_3017,Peve-Ptuh,-0.7399667163486947,,FALSE
Cluster_3653,Cluster_3415,Peve-Ptuh,-0.7720338425232401,,FALSE
Cluster_3653,Cluster_3713,Peve-Ptuh,0.8821163879856829,,FALSE
Cluster_3653,Cluster_4092,Peve-Ptuh,0.023771136767231752,,FALSE
Cluster_3653,Cluster_4094,Peve-Ptuh,0.7450111019542183,,FALSE
Cluster_3653,Cluster_4485,Peve-Ptuh,-0.2762609884509423,,FALSE
Cluster_3653,Cluster_4487,Peve-Ptuh,0.07348170029555932,,FALSE
Cluster_3653,Cluster_4489,Peve-Ptuh,0.7092725780100096,,FALSE
Cluster_3653,Cluster_4490,Peve-Ptuh,-0.271109216072721,,FALSE
Cluster_3653,Cluster_4609,Peve-Ptuh,-0.9786231072491165,,FALSE
Cluster_3653,Cluster_4826,Peve-Ptuh,0.9385587150142777,,FALSE
Cluster_3653,Cluster_4827,Peve-Ptuh,-0.8592331647886402,,FALSE
Cluster_3653,Cluster_5123,Peve-Ptuh,0.8558262110286945,,FALSE
Cluster_3653,Cluster_5226,Peve-Ptuh,-0.543591853613851,,FALSE
Cluster_3653,Cluster_5267,Peve-Ptuh,0.8441020947532833,,FALSE
Cluster_3653,Cluster_5627,Peve-Ptuh,0.9390222648823213,,FALSE
Cluster_3653,Cluster_5749,Peve-Ptuh,0.8887871040848873,,FALSE
Cluster_3653,Cluster_6456,Peve-Ptuh,-0.09300514366001329,,FALSE
Cluster_3653,Cluster_6807,Peve-Ptuh,-0.42670892154207957,,FALSE
Cluster_3672,Cluster_4,Peve-Ptuh,-0.3633069455038753,,FALSE
Cluster_3672,Cluster_20,Peve-Ptuh,-0.23912316476928072,,FALSE
Cluster_3672,Cluster_321,Peve-Ptuh,0.3982679136094868,,FALSE
Cluster_3672,Cluster_372,Peve-Ptuh,-0.6984763379562997,,FALSE
Cluster_3672,Cluster_425,Peve-Ptuh,-0.7768006444617294,,FALSE
Cluster_3672,Cluster_789,Peve-Ptuh,0.28905925742007527,,FALSE
Cluster_3672,Cluster_958,Peve-Ptuh,-0.03715697391117199,,FALSE
Cluster_3672,Cluster_1047,Peve-Ptuh,0.6325889636369496,,FALSE
Cluster_3672,Cluster_1094,Peve-Ptuh,0.05114172023085362,,FALSE
Cluster_3672,Cluster_1104,Peve-Ptuh,-0.1981602452050604,,FALSE
Cluster_3672,Cluster_1126,Peve-Ptuh,0.55710946447306,,FALSE
Cluster_3672,Cluster_1159,Peve-Ptuh,-0.3932750302783076,,FALSE
Cluster_3672,Cluster_1338,Peve-Ptuh,0.6176264427448974,,FALSE
Cluster_3672,Cluster_1345,Peve-Ptuh,-0.16503430337765332,,FALSE
Cluster_3672,Cluster_1827,Peve-Ptuh,-0.4011381417523596,,FALSE
Cluster_3672,Cluster_1970,Peve-Ptuh,0.03727465596744493,,FALSE
Cluster_3672,Cluster_1990,Peve-Ptuh,-0.9105918115098591,,FALSE
Cluster_3672,Cluster_1991,Peve-Ptuh,0.2315796373287705,,FALSE
Cluster_3672,Cluster_2871,Peve-Ptuh,-0.8787484663289509,,FALSE
Cluster_3672,Cluster_2873,Peve-Ptuh,0.16047106114756596,,FALSE
Cluster_3672,Cluster_2897,Peve-Ptuh,-0.03808817382414753,,FALSE
Cluster_3672,Cluster_3017,Peve-Ptuh,-0.6947294079759379,,FALSE
Cluster_3672,Cluster_3415,Peve-Ptuh,-0.4593551459226508,,FALSE
Cluster_3672,Cluster_3713,Peve-Ptuh,0.9969209667145158,,FALSE
Cluster_3672,Cluster_4092,Peve-Ptuh,-0.3532377843646623,,FALSE
Cluster_3672,Cluster_4094,Peve-Ptuh,0.49791633396466056,,FALSE
Cluster_3672,Cluster_4485,Peve-Ptuh,-0.5509649287314317,,FALSE
Cluster_3672,Cluster_4487,Peve-Ptuh,-0.30459138384346723,,FALSE
Cluster_3672,Cluster_4489,Peve-Ptuh,0.43174905153486354,,FALSE
Cluster_3672,Cluster_4490,Peve-Ptuh,-0.586128154478779,,FALSE
Cluster_3672,Cluster_4609,Peve-Ptuh,-0.9189729499280649,,FALSE
Cluster_3672,Cluster_4826,Peve-Ptuh,0.9013636305348718,,FALSE
Cluster_3672,Cluster_4827,Peve-Ptuh,-0.773651753427758,,FALSE
Cluster_3672,Cluster_5123,Peve-Ptuh,0.7618029388156256,,FALSE
Cluster_3672,Cluster_5226,Peve-Ptuh,-0.3033176470961805,,FALSE
Cluster_3672,Cluster_5267,Peve-Ptuh,0.9850364434774342,,FALSE
Cluster_3672,Cluster_5627,Peve-Ptuh,0.7229295082347114,,FALSE
Cluster_3672,Cluster_5749,Peve-Ptuh,0.9147018406722,,FALSE
Cluster_3672,Cluster_6456,Peve-Ptuh,0.26762121865088984,,FALSE
Cluster_3672,Cluster_6807,Peve-Ptuh,-0.02487324901797029,,FALSE
Cluster_3676,Cluster_4,Peve-Ptuh,0.6884075165767394,,FALSE
Cluster_3676,Cluster_20,Peve-Ptuh,0.7447314833495504,,FALSE
Cluster_3676,Cluster_321,Peve-Ptuh,0.40015926984528616,,FALSE
Cluster_3676,Cluster_372,Peve-Ptuh,0.9220133437904746,,FALSE
Cluster_3676,Cluster_425,Peve-Ptuh,0.4350334541123955,,FALSE
Cluster_3676,Cluster_789,Peve-Ptuh,-0.4300220463280489,,FALSE
Cluster_3676,Cluster_958,Peve-Ptuh,0.6526599727045698,,FALSE
Cluster_3676,Cluster_1047,Peve-Ptuh,-0.9964399899139168,,FALSE
Cluster_3676,Cluster_1094,Peve-Ptuh,-0.7121832010699888,,FALSE
Cluster_3676,Cluster_1104,Peve-Ptuh,0.7239014060486567,,FALSE
Cluster_3676,Cluster_1126,Peve-Ptuh,0.21339864706843484,,FALSE
Cluster_3676,Cluster_1159,Peve-Ptuh,0.9127923302989949,,FALSE
Cluster_3676,Cluster_1338,Peve-Ptuh,-0.14595044111626054,,FALSE
Cluster_3676,Cluster_1345,Peve-Ptuh,-0.04402832244296118,,FALSE
Cluster_3676,Cluster_1827,Peve-Ptuh,-0.3844093271336263,,FALSE
Cluster_3676,Cluster_1970,Peve-Ptuh,-0.7580109597138223,,FALSE
Cluster_3676,Cluster_1990,Peve-Ptuh,0.42050923826766773,,FALSE
Cluster_3676,Cluster_1991,Peve-Ptuh,-0.657752220972291,,FALSE
Cluster_3676,Cluster_2871,Peve-Ptuh,0.810459141983209,,FALSE
Cluster_3676,Cluster_2873,Peve-Ptuh,0.6154432168824351,,FALSE
Cluster_3676,Cluster_2897,Peve-Ptuh,0.25843398870377104,,FALSE
Cluster_3676,Cluster_3017,Peve-Ptuh,0.3087021166665991,,FALSE
Cluster_3676,Cluster_3415,Peve-Ptuh,0.7117082689337484,,FALSE
Cluster_3676,Cluster_3713,Peve-Ptuh,-0.6207003781825545,,FALSE
Cluster_3676,Cluster_4092,Peve-Ptuh,-0.4250827571097165,,FALSE
Cluster_3676,Cluster_4094,Peve-Ptuh,-0.5150546400169509,,FALSE
Cluster_3676,Cluster_4485,Peve-Ptuh,-0.23068416487040444,,FALSE
Cluster_3676,Cluster_4487,Peve-Ptuh,-0.47121514327971303,,FALSE
Cluster_3676,Cluster_4489,Peve-Ptuh,-0.9486699931468565,,FALSE
Cluster_3676,Cluster_4490,Peve-Ptuh,-0.19610327955743473,,FALSE
Cluster_3676,Cluster_4609,Peve-Ptuh,0.7282291063325724,,FALSE
Cluster_3676,Cluster_4826,Peve-Ptuh,-0.6218677963579321,,FALSE
Cluster_3676,Cluster_4827,Peve-Ptuh,0.975432580246655,,FALSE
Cluster_3676,Cluster_5123,Peve-Ptuh,-0.5028254466528272,,FALSE
Cluster_3676,Cluster_5226,Peve-Ptuh,0.2579345794486672,,FALSE
Cluster_3676,Cluster_5267,Peve-Ptuh,-0.5425749797538886,,FALSE
Cluster_3676,Cluster_5627,Peve-Ptuh,-0.8365779485609686,,FALSE
Cluster_3676,Cluster_5749,Peve-Ptuh,-0.8729488401785035,,FALSE
Cluster_3676,Cluster_6456,Peve-Ptuh,0.5179022016627688,,FALSE
Cluster_3676,Cluster_6807,Peve-Ptuh,0.6407196215344431,,FALSE
Cluster_4160,Cluster_4,Peve-Ptuh,-0.21031329846732963,,FALSE
Cluster_4160,Cluster_20,Peve-Ptuh,-0.23597348720764588,,FALSE
Cluster_4160,Cluster_321,Peve-Ptuh,-0.013235568953164968,,FALSE
Cluster_4160,Cluster_372,Peve-Ptuh,-0.6366737651404487,,FALSE
Cluster_4160,Cluster_425,Peve-Ptuh,-0.3473426467964005,,FALSE
Cluster_4160,Cluster_789,Peve-Ptuh,-0.030149217942082213,,FALSE
Cluster_4160,Cluster_958,Peve-Ptuh,-0.10551359149698039,,FALSE
Cluster_4160,Cluster_1047,Peve-Ptuh,0.7705078655024362,,FALSE
Cluster_4160,Cluster_1094,Peve-Ptuh,0.19821441255263852,,FALSE
Cluster_4160,Cluster_1104,Peve-Ptuh,-0.2038640957005765,,FALSE
Cluster_4160,Cluster_1126,Peve-Ptuh,0.27476151167205076,,FALSE
Cluster_4160,Cluster_1159,Peve-Ptuh,-0.5185955490710412,,FALSE
Cluster_4160,Cluster_1338,Peve-Ptuh,0.09730156191648141,,FALSE
Cluster_4160,Cluster_1345,Peve-Ptuh,0.34183794561943726,,FALSE
Cluster_4160,Cluster_1827,Peve-Ptuh,-0.11204661239845876,,FALSE
Cluster_4160,Cluster_1970,Peve-Ptuh,0.3545996363034692,,FALSE
Cluster_4160,Cluster_1990,Peve-Ptuh,-0.5387952184158682,,FALSE
Cluster_4160,Cluster_1991,Peve-Ptuh,0.13468735856879765,,FALSE
Cluster_4160,Cluster_2871,Peve-Ptuh,-0.9968536420065246,,FALSE
Cluster_4160,Cluster_2873,Peve-Ptuh,-0.20240434753433595,,FALSE
Cluster_4160,Cluster_2897,Peve-Ptuh,-0.5414303867197078,,FALSE
Cluster_4160,Cluster_3017,Peve-Ptuh,-0.21715256038774075,,FALSE
Cluster_4160,Cluster_3415,Peve-Ptuh,-0.2753208120081095,,FALSE
Cluster_4160,Cluster_3713,Peve-Ptuh,0.8163713427384042,,FALSE
Cluster_4160,Cluster_4092,Peve-Ptuh,-0.08402734796102085,,FALSE
Cluster_4160,Cluster_4094,Peve-Ptuh,0.14796568330999177,,FALSE
Cluster_4160,Cluster_4485,Peve-Ptuh,-0.12398538703302682,,FALSE
Cluster_4160,Cluster_4487,Peve-Ptuh,-0.036524368454808456,,FALSE
Cluster_4160,Cluster_4489,Peve-Ptuh,0.6147250648852473,,FALSE
Cluster_4160,Cluster_4490,Peve-Ptuh,-0.22737864195884216,,FALSE
Cluster_4160,Cluster_4609,Peve-Ptuh,-0.6638045238901402,,FALSE
Cluster_4160,Cluster_4826,Peve-Ptuh,0.5774643395151342,,FALSE
Cluster_4160,Cluster_4827,Peve-Ptuh,-0.9268533802619086,,FALSE
Cluster_4160,Cluster_5123,Peve-Ptuh,0.3583000371134376,,FALSE
Cluster_4160,Cluster_5226,Peve-Ptuh,0.1232071393649698,,FALSE
Cluster_4160,Cluster_5267,Peve-Ptuh,0.7686997993227647,,FALSE
Cluster_4160,Cluster_5627,Peve-Ptuh,0.5539963885881802,,FALSE
Cluster_4160,Cluster_5749,Peve-Ptuh,0.9752609217007779,,FALSE
Cluster_4160,Cluster_6456,Peve-Ptuh,-0.04329246889877213,,FALSE
Cluster_4160,Cluster_6807,Peve-Ptuh,-0.0898354450003068,,FALSE
Cluster_4161,Cluster_4,Peve-Ptuh,0.28293782727890804,,FALSE
Cluster_4161,Cluster_20,Peve-Ptuh,0.02833901462600208,,FALSE
Cluster_4161,Cluster_321,Peve-Ptuh,-0.7884175531164833,,FALSE
Cluster_4161,Cluster_372,Peve-Ptuh,0.38321112473473673,,FALSE
Cluster_4161,Cluster_425,Peve-Ptuh,0.9141670647255734,,FALSE
Cluster_4161,Cluster_789,Peve-Ptuh,-0.45189975700944857,,FALSE
Cluster_4161,Cluster_958,Peve-Ptuh,-0.17206486272375832,,FALSE
Cluster_4161,Cluster_1047,Peve-Ptuh,-0.11539620640055992,,FALSE
Cluster_4161,Cluster_1094,Peve-Ptuh,0.2549154257762787,,FALSE
Cluster_4161,Cluster_1104,Peve-Ptuh,-0.006057177623266278,,FALSE
Cluster_4161,Cluster_1126,Peve-Ptuh,-0.7323700739008627,,FALSE
Cluster_4161,Cluster_1159,Peve-Ptuh,-0.026689576501267576,,FALSE
Cluster_4161,Cluster_1338,Peve-Ptuh,-0.9505867108137573,,FALSE
Cluster_4161,Cluster_1345,Peve-Ptuh,0.649669840290982,,FALSE
Cluster_4161,Cluster_1827,Peve-Ptuh,0.6611352212900611,,FALSE
Cluster_4161,Cluster_1970,Peve-Ptuh,0.4494394212815598,,FALSE
Cluster_4161,Cluster_1990,Peve-Ptuh,0.9534366952916922,,FALSE
Cluster_4161,Cluster_1991,Peve-Ptuh,-0.13669590068189305,,FALSE
Cluster_4161,Cluster_2871,Peve-Ptuh,0.3487761379241851,,FALSE
Cluster_4161,Cluster_2873,Peve-Ptuh,-0.6101312868333759,,FALSE
Cluster_4161,Cluster_2897,Peve-Ptuh,-0.5425715592513635,,FALSE
Cluster_4161,Cluster_3017,Peve-Ptuh,0.9297892197540821,,FALSE
Cluster_4161,Cluster_3415,Peve-Ptuh,0.3792086820963056,,FALSE
Cluster_4161,Cluster_3713,Peve-Ptuh,-0.7787477131203756,,FALSE
Cluster_4161,Cluster_4092,Peve-Ptuh,0.6142919174930582,,FALSE
Cluster_4161,Cluster_4094,Peve-Ptuh,-0.6165839299316774,,FALSE
Cluster_4161,Cluster_4485,Peve-Ptuh,0.8805229501736167,,FALSE
Cluster_4161,Cluster_4487,Peve-Ptuh,0.5873107121795306,,FALSE
Cluster_4161,Cluster_4489,Peve-Ptuh,0.06562475680451488,,FALSE
Cluster_4161,Cluster_4490,Peve-Ptuh,0.8285640272950675,,FALSE
Cluster_4161,Cluster_4609,Peve-Ptuh,0.7787195127823093,,FALSE
Cluster_4161,Cluster_4826,Peve-Ptuh,-0.8578745478304243,,FALSE
Cluster_4161,Cluster_4827,Peve-Ptuh,0.20485654023434585,,FALSE
Cluster_4161,Cluster_5123,Peve-Ptuh,-0.8633348708782642,,FALSE
Cluster_4161,Cluster_5226,Peve-Ptuh,0.6065973375691271,,FALSE
Cluster_4161,Cluster_5267,Peve-Ptuh,-0.8224837894284778,,FALSE
Cluster_4161,Cluster_5627,Peve-Ptuh,-0.5280030485396615,,FALSE
Cluster_4161,Cluster_5749,Peve-Ptuh,-0.4216168237226204,,FALSE
Cluster_4161,Cluster_6456,Peve-Ptuh,-0.6141742501523912,,FALSE
Cluster_4161,Cluster_6807,Peve-Ptuh,-0.17502215606647908,,FALSE
Cluster_4229,Cluster_4,Peve-Ptuh,-0.12685777366229783,,FALSE
Cluster_4229,Cluster_20,Peve-Ptuh,-0.14568454586403765,,FALSE
Cluster_4229,Cluster_321,Peve-Ptuh,0.05289137121379794,,FALSE
Cluster_4229,Cluster_372,Peve-Ptuh,-0.5701780465569122,,FALSE
Cluster_4229,Cluster_425,Peve-Ptuh,-0.32481280868211937,,FALSE
Cluster_4229,Cluster_789,Peve-Ptuh,-0.10180283099106968,,FALSE
Cluster_4229,Cluster_958,Peve-Ptuh,-0.012704834196051418,,FALSE
Cluster_4229,Cluster_1047,Peve-Ptuh,0.707991118337013,,FALSE
Cluster_4229,Cluster_1094,Peve-Ptuh,0.10727235193048267,,FALSE
Cluster_4229,Cluster_1104,Peve-Ptuh,-0.11271694784625028,,FALSE
Cluster_4229,Cluster_1126,Peve-Ptuh,0.3471756204716818,,FALSE
Cluster_4229,Cluster_1159,Peve-Ptuh,-0.4369377723616129,,FALSE
Cluster_4229,Cluster_1338,Peve-Ptuh,0.08980192440984856,,FALSE
Cluster_4229,Cluster_1345,Peve-Ptuh,0.375767414738092,,FALSE
Cluster_4229,Cluster_1827,Peve-Ptuh,-0.19110317761743795,,FALSE
Cluster_4229,Cluster_1970,Peve-Ptuh,0.2754246126995817,,FALSE
Cluster_4229,Cluster_1990,Peve-Ptuh,-0.5431794293262499,,FALSE
Cluster_4229,Cluster_1991,Peve-Ptuh,0.04597851607439411,,FALSE
Cluster_4229,Cluster_2871,Peve-Ptuh,-0.9941961970290111,,FALSE
Cluster_4229,Cluster_2873,Peve-Ptuh,-0.12626258208879243,,FALSE
Cluster_4229,Cluster_2897,Peve-Ptuh,-0.5665386010097633,,FALSE
Cluster_4229,Cluster_3017,Peve-Ptuh,-0.1985224393733245,,FALSE
Cluster_4229,Cluster_3415,Peve-Ptuh,-0.1967597116957757,,FALSE
Cluster_4229,Cluster_3713,Peve-Ptuh,0.8230785018791297,,FALSE
Cluster_4229,Cluster_4092,Peve-Ptuh,-0.1659090591082257,,FALSE
Cluster_4229,Cluster_4094,Peve-Ptuh,0.0859076380554997,,FALSE
Cluster_4229,Cluster_4485,Peve-Ptuh,-0.18054908968715844,,FALSE
Cluster_4229,Cluster_4487,Peve-Ptuh,-0.11970759296781965,,FALSE
Cluster_4229,Cluster_4489,Peve-Ptuh,0.5393679256201379,,FALSE
Cluster_4229,Cluster_4490,Peve-Ptuh,-0.2913281590216754,,FALSE
Cluster_4229,Cluster_4609,Peve-Ptuh,-0.633661933909182,,FALSE
Cluster_4229,Cluster_4826,Peve-Ptuh,0.5538294028219537,,FALSE
Cluster_4229,Cluster_4827,Peve-Ptuh,-0.8880189700416954,,FALSE
Cluster_4229,Cluster_5123,Peve-Ptuh,0.3260013037740228,,FALSE
Cluster_4229,Cluster_5226,Peve-Ptuh,0.17828149639193624,,FALSE
Cluster_4229,Cluster_5267,Peve-Ptuh,0.7821387566279331,,FALSE
Cluster_4229,Cluster_5627,Peve-Ptuh,0.49134577051620504,,FALSE
Cluster_4229,Cluster_5749,Peve-Ptuh,0.9600243742513308,,FALSE
Cluster_4229,Cluster_6456,Peve-Ptuh,0.037371799251494614,,FALSE
Cluster_4229,Cluster_6807,Peve-Ptuh,0.0030520990779844093,,FALSE
Cluster_4247,Cluster_4,Peve-Ptuh,-0.65235198598558,,FALSE
Cluster_4247,Cluster_20,Peve-Ptuh,-0.5446523394185381,,FALSE
Cluster_4247,Cluster_321,Peve-Ptuh,0.17901254189335902,,FALSE
Cluster_4247,Cluster_372,Peve-Ptuh,-0.8906284678374904,,FALSE
Cluster_4247,Cluster_425,Peve-Ptuh,-0.8483336312471094,,FALSE
Cluster_4247,Cluster_789,Peve-Ptuh,0.5608465148225384,,FALSE
Cluster_4247,Cluster_958,Peve-Ptuh,-0.35876824025627335,,FALSE
Cluster_4247,Cluster_1047,Peve-Ptuh,0.7922508929095416,,FALSE
Cluster_4247,Cluster_1094,Peve-Ptuh,0.3558353584361935,,FALSE
Cluster_4247,Cluster_1104,Peve-Ptuh,-0.5088523824964404,,FALSE
Cluster_4247,Cluster_1126,Peve-Ptuh,0.28819633344486656,,FALSE
Cluster_4247,Cluster_1159,Peve-Ptuh,-0.641188272090402,,FALSE
Cluster_4247,Cluster_1338,Peve-Ptuh,0.6580338952665533,,FALSE
Cluster_4247,Cluster_1345,Peve-Ptuh,-0.33301068723731864,,FALSE
Cluster_4247,Cluster_1827,Peve-Ptuh,-0.12110053212409096,,FALSE
Cluster_4247,Cluster_1970,Peve-Ptuh,0.2810537654099687,,FALSE
Cluster_4247,Cluster_1990,Peve-Ptuh,-0.8688240328308926,,FALSE
Cluster_4247,Cluster_1991,Peve-Ptuh,0.54294069916339,,FALSE
Cluster_4247,Cluster_2871,Peve-Ptuh,-0.8075763992230625,,FALSE
Cluster_4247,Cluster_2873,Peve-Ptuh,-0.08220250089013564,,FALSE
Cluster_4247,Cluster_2897,Peve-Ptuh,0.11335542207041292,,FALSE
Cluster_4247,Cluster_3017,Peve-Ptuh,-0.7641503513189585,,FALSE
Cluster_4247,Cluster_3415,Peve-Ptuh,-0.7271689596133348,,FALSE
Cluster_4247,Cluster_3713,Peve-Ptuh,0.9179863523757802,,FALSE
Cluster_4247,Cluster_4092,Peve-Ptuh,-0.06441517759110071,,FALSE
Cluster_4247,Cluster_4094,Peve-Ptuh,0.7230071728524071,,FALSE
Cluster_4247,Cluster_4485,Peve-Ptuh,-0.3561319791837394,,FALSE
Cluster_4247,Cluster_4487,Peve-Ptuh,-0.014679660022908974,,FALSE
Cluster_4247,Cluster_4489,Peve-Ptuh,0.6474513019788022,,FALSE
Cluster_4247,Cluster_4490,Peve-Ptuh,-0.3542183304648858,,FALSE
Cluster_4247,Cluster_4609,Peve-Ptuh,-0.9866456164127346,,FALSE
Cluster_4247,Cluster_4826,Peve-Ptuh,0.9550738241136273,,FALSE
Cluster_4247,Cluster_4827,Peve-Ptuh,-0.835968740637011,,FALSE
Cluster_4247,Cluster_5123,Peve-Ptuh,0.8664438766548815,,FALSE
Cluster_4247,Cluster_5226,Peve-Ptuh,-0.527136113825474,,FALSE
Cluster_4247,Cluster_5267,Peve-Ptuh,0.8870641110429272,,FALSE
Cluster_4247,Cluster_5627,Peve-Ptuh,0.9119230356618087,,FALSE
Cluster_4247,Cluster_5749,Peve-Ptuh,0.8925455343567398,,FALSE
Cluster_4247,Cluster_6456,Peve-Ptuh,-0.005462973922656986,,FALSE
Cluster_4247,Cluster_6807,Peve-Ptuh,-0.34809766399719677,,FALSE
Cluster_4968,Cluster_4,Peve-Ptuh,-0.8984628484182112,,FALSE
Cluster_4968,Cluster_20,Peve-Ptuh,-0.8382883520357431,,FALSE
Cluster_4968,Cluster_321,Peve-Ptuh,-0.14658330586435284,,FALSE
Cluster_4968,Cluster_372,Peve-Ptuh,-0.9919354733414911,,FALSE
Cluster_4968,Cluster_425,Peve-Ptuh,-0.7793692947270277,,FALSE
Cluster_4968,Cluster_789,Peve-Ptuh,0.7857330072904986,,FALSE
Cluster_4968,Cluster_958,Peve-Ptuh,-0.7043644933954707,,FALSE
Cluster_4968,Cluster_1047,Peve-Ptuh,0.8841238274093294,,FALSE
Cluster_4968,Cluster_1094,Peve-Ptuh,0.6875692210157612,,FALSE
Cluster_4968,Cluster_1104,Peve-Ptuh,-0.8146159410528692,,FALSE
Cluster_4968,Cluster_1126,Peve-Ptuh,-0.10314729100630247,,FALSE
Cluster_4968,Cluster_1159,Peve-Ptuh,-0.8611459871342456,miR-2036,TRUE
Cluster_4968,Cluster_1338,Peve-Ptuh,0.5711672456872061,,FALSE
Cluster_4968,Cluster_1345,Peve-Ptuh,-0.4491219905930297,,FALSE
Cluster_4968,Cluster_1827,Peve-Ptuh,0.26037448470741803,,FALSE
Cluster_4968,Cluster_1970,Peve-Ptuh,0.5630026369757121,,FALSE
Cluster_4968,Cluster_1990,Peve-Ptuh,-0.6636102397224909,,FALSE
Cluster_4968,Cluster_1991,Peve-Ptuh,0.8364034635533765,,FALSE
Cluster_4968,Cluster_2871,Peve-Ptuh,-0.6146367205186479,,FALSE
Cluster_4968,Cluster_2873,Peve-Ptuh,-0.39496373035892834,,FALSE
Cluster_4968,Cluster_2897,Peve-Ptuh,0.24110932792180653,,FALSE
Cluster_4968,Cluster_3017,Peve-Ptuh,-0.7008228885042873,,FALSE
Cluster_4968,Cluster_3415,Peve-Ptuh,-0.9342176009669642,,FALSE
Cluster_4968,Cluster_3713,Peve-Ptuh,0.6758157122617815,,FALSE
Cluster_4968,Cluster_4092,Peve-Ptuh,0.3180347577178922,,FALSE
Cluster_4968,Cluster_4094,Peve-Ptuh,0.8653324904018356,,FALSE
Cluster_4968,Cluster_4485,Peve-Ptuh,-0.033637990006862455,,FALSE
Cluster_4968,Cluster_4487,Peve-Ptuh,0.36187501223538426,,FALSE
Cluster_4968,Cluster_4489,Peve-Ptuh,0.8319205013358614,,FALSE
Cluster_4968,Cluster_4490,Peve-Ptuh,0.007667859189473759,,FALSE
Cluster_4968,Cluster_4609,Peve-Ptuh,-0.9071336301492048,,FALSE
Cluster_4968,Cluster_4826,Peve-Ptuh,0.8575765903521408,,FALSE
Cluster_4968,Cluster_4827,Peve-Ptuh,-0.8042889068958786,,FALSE
Cluster_4968,Cluster_5123,Peve-Ptuh,0.8372721376932276,,FALSE
Cluster_4968,Cluster_5226,Peve-Ptuh,-0.6898485388123405,,FALSE
Cluster_4968,Cluster_5267,Peve-Ptuh,0.6232785501194211,,FALSE
Cluster_4968,Cluster_5627,Peve-Ptuh,0.9977397401616207,,FALSE
Cluster_4968,Cluster_5749,Peve-Ptuh,0.7424839925458574,,FALSE
Cluster_4968,Cluster_6456,Peve-Ptuh,-0.36208022363301207,,FALSE
Cluster_4968,Cluster_6807,Peve-Ptuh,-0.6969151875514384,,FALSE
Cluster_5058,Cluster_4,Peve-Ptuh,-0.2565554613028158,,FALSE
Cluster_5058,Cluster_20,Peve-Ptuh,-0.2556290328820044,,FALSE
Cluster_5058,Cluster_321,Peve-Ptuh,0.054206708830617435,,FALSE
Cluster_5058,Cluster_372,Peve-Ptuh,-0.6736776363053545,,FALSE
Cluster_5058,Cluster_425,Peve-Ptuh,-0.4400372005029641,,FALSE
Cluster_5058,Cluster_789,Peve-Ptuh,0.03977578621939726,,FALSE
Cluster_5058,Cluster_958,Peve-Ptuh,-0.10888117493729453,,FALSE
Cluster_5058,Cluster_1047,Peve-Ptuh,0.7725870259311837,,FALSE
Cluster_5058,Cluster_1094,Peve-Ptuh,0.18875075924950144,,FALSE
Cluster_5058,Cluster_1104,Peve-Ptuh,-0.22119293034537585,,FALSE
Cluster_5058,Cluster_1126,Peve-Ptuh,0.32400104221954695,,FALSE
Cluster_5058,Cluster_1159,Peve-Ptuh,-0.5197009151151694,,FALSE
Cluster_5058,Cluster_1338,Peve-Ptuh,0.19877913620878956,,FALSE
Cluster_5058,Cluster_1345,Peve-Ptuh,0.24974855743859867,,FALSE
Cluster_5058,Cluster_1827,Peve-Ptuh,-0.15759732427206669,,FALSE
Cluster_5058,Cluster_1970,Peve-Ptuh,0.3151667399031391,,FALSE
Cluster_5058,Cluster_1990,Peve-Ptuh,-0.6213535007650898,,FALSE
Cluster_5058,Cluster_1991,Peve-Ptuh,0.16928673602162272,,FALSE
Cluster_5058,Cluster_2871,Peve-Ptuh,-0.9993923300543515,,FALSE
Cluster_5058,Cluster_2873,Peve-Ptuh,-0.15022266276978208,,FALSE
Cluster_5058,Cluster_2897,Peve-Ptuh,-0.45618762365800863,,FALSE
Cluster_5058,Cluster_3017,Peve-Ptuh,-0.3151499954165196,,FALSE
Cluster_5058,Cluster_3415,Peve-Ptuh,-0.32827908555209234,,FALSE
Cluster_5058,Cluster_3713,Peve-Ptuh,0.8693616437635827,,FALSE
Cluster_5058,Cluster_4092,Peve-Ptuh,-0.12473248073602969,,FALSE
Cluster_5058,Cluster_4094,Peve-Ptuh,0.2266261047550036,,FALSE
Cluster_5058,Cluster_4485,Peve-Ptuh,-0.19910723025054786,,FALSE
Cluster_5058,Cluster_4487,Peve-Ptuh,-0.07566033102039206,,FALSE
Cluster_5058,Cluster_4489,Peve-Ptuh,0.6063968488099009,,FALSE
Cluster_5058,Cluster_4490,Peve-Ptuh,-0.29109340352576824,,FALSE
Cluster_5058,Cluster_4609,Peve-Ptuh,-0.7325384591233253,,FALSE
Cluster_5058,Cluster_4826,Peve-Ptuh,0.6560720835838154,,FALSE
Cluster_5058,Cluster_4827,Peve-Ptuh,-0.9263941350075405,,FALSE
Cluster_5058,Cluster_5123,Peve-Ptuh,0.44781233695402867,,FALSE
Cluster_5058,Cluster_5226,Peve-Ptuh,0.03778821116573214,,FALSE
Cluster_5058,Cluster_5267,Peve-Ptuh,0.826272707032378,,FALSE
Cluster_5058,Cluster_5627,Peve-Ptuh,0.6085873949038175,,FALSE
Cluster_5058,Cluster_5749,Peve-Ptuh,0.9899603709717841,,FALSE
Cluster_5058,Cluster_6456,Peve-Ptuh,0.0023306630161588817,,FALSE
Cluster_5058,Cluster_6807,Peve-Ptuh,-0.09347029466762187,,FALSE
Cluster_5257,Cluster_4,Peve-Ptuh,-0.7787307161461806,,FALSE
Cluster_5257,Cluster_20,Peve-Ptuh,-0.7629064707559646,,FALSE
Cluster_5257,Cluster_321,Peve-Ptuh,-0.4287093569356066,,FALSE
Cluster_5257,Cluster_372,Peve-Ptuh,-0.4037142408212387,,FALSE
Cluster_5257,Cluster_425,Peve-Ptuh,-0.2755790833991684,,FALSE
Cluster_5257,Cluster_789,Peve-Ptuh,0.8414594158369855,,FALSE
Cluster_5257,Cluster_958,Peve-Ptuh,-0.8056883745410527,,FALSE
Cluster_5257,Cluster_1047,Peve-Ptuh,0.21846012663019457,,FALSE
Cluster_5257,Cluster_1094,Peve-Ptuh,0.7137841740408386,,FALSE
Cluster_5257,Cluster_1104,Peve-Ptuh,-0.7797976154385902,,FALSE
Cluster_5257,Cluster_1126,Peve-Ptuh,-0.6647074352741537,,FALSE
Cluster_5257,Cluster_1159,Peve-Ptuh,-0.5071605969327376,,FALSE
Cluster_5257,Cluster_1338,Peve-Ptuh,0.27618348487362154,,FALSE
Cluster_5257,Cluster_1345,Peve-Ptuh,-0.6970427264651455,,FALSE
Cluster_5257,Cluster_1827,Peve-Ptuh,0.6591333636146522,,FALSE
Cluster_5257,Cluster_1970,Peve-Ptuh,0.459433890431916,,FALSE
Cluster_5257,Cluster_1990,Peve-Ptuh,0.08368299547361646,,FALSE
Cluster_5257,Cluster_1991,Peve-Ptuh,0.8326243917860395,,FALSE
Cluster_5257,Cluster_2871,Peve-Ptuh,0.4309169916132662,,FALSE
Cluster_5257,Cluster_2873,Peve-Ptuh,-0.4704686091742249,,FALSE
Cluster_5257,Cluster_2897,Peve-Ptuh,0.6919558648189046,,FALSE
Cluster_5257,Cluster_3017,Peve-Ptuh,-0.31350692119635826,,FALSE
Cluster_5257,Cluster_3415,Peve-Ptuh,-0.7207488161638667,,FALSE
Cluster_5257,Cluster_3713,Peve-Ptuh,-0.3070337558854836,,FALSE
Cluster_5257,Cluster_4092,Peve-Ptuh,0.6839932560542062,,FALSE
Cluster_5257,Cluster_4094,Peve-Ptuh,0.6932879658447971,,FALSE
Cluster_5257,Cluster_4485,Peve-Ptuh,0.3859088944618905,,FALSE
Cluster_5257,Cluster_4487,Peve-Ptuh,0.6777787125988382,,FALSE
Cluster_5257,Cluster_4489,Peve-Ptuh,0.38171064378397207,,FALSE
Cluster_5257,Cluster_4490,Peve-Ptuh,0.5295324310862813,,FALSE
Cluster_5257,Cluster_4609,Peve-Ptuh,-0.1387832709160937,,FALSE
Cluster_5257,Cluster_4826,Peve-Ptuh,0.1440245124888441,,FALSE
Cluster_5257,Cluster_4827,Peve-Ptuh,0.0761545859820758,,FALSE
Cluster_5257,Cluster_5123,Peve-Ptuh,0.3516409090747861,,FALSE
Cluster_5257,Cluster_5226,Peve-Ptuh,-0.7719908172164303,,FALSE
Cluster_5257,Cluster_5267,Peve-Ptuh,-0.3349209513687567,,FALSE
Cluster_5257,Cluster_5627,Peve-Ptuh,0.450753859258992,,FALSE
Cluster_5257,Cluster_5749,Peve-Ptuh,-0.27593571550282886,,FALSE
Cluster_5257,Cluster_6456,Peve-Ptuh,-0.6016997327264235,,FALSE
Cluster_5257,Cluster_6807,Peve-Ptuh,-0.814330468569418,,FALSE
Cluster_5613,Cluster_4,Peve-Ptuh,0.07675752702418603,,FALSE
Cluster_5613,Cluster_20,Peve-Ptuh,0.058058946879800344,,FALSE
Cluster_5613,Cluster_321,Peve-Ptuh,0.1514448835577986,,FALSE
Cluster_5613,Cluster_372,Peve-Ptuh,-0.3921848881678938,,FALSE
Cluster_5613,Cluster_425,Peve-Ptuh,-0.21570423198263367,,FALSE
Cluster_5613,Cluster_789,Peve-Ptuh,-0.2863278611479249,,FALSE
Cluster_5613,Cluster_958,Peve-Ptuh,0.18282031942369917,,FALSE
Cluster_5613,Cluster_1047,Peve-Ptuh,0.5530268727481708,,FALSE
Cluster_5613,Cluster_1094,Peve-Ptuh,-0.08041663377151757,,FALSE
Cluster_5613,Cluster_1104,Peve-Ptuh,0.09042330685134192,,FALSE
Cluster_5613,Cluster_1126,Peve-Ptuh,0.45907403538576613,,FALSE
Cluster_5613,Cluster_1159,Peve-Ptuh,-0.2517132773202185,,FALSE
Cluster_5613,Cluster_1338,Peve-Ptuh,0.014971427862613483,,FALSE
Cluster_5613,Cluster_1345,Peve-Ptuh,0.48487563260416927,,FALSE
Cluster_5613,Cluster_1827,Peve-Ptuh,-0.324088204928362,,FALSE
Cluster_5613,Cluster_1970,Peve-Ptuh,0.12322134356751498,,FALSE
Cluster_5613,Cluster_1990,Peve-Ptuh,-0.4884296504601031,,FALSE
Cluster_5613,Cluster_1991,Peve-Ptuh,-0.1594233378400665,,FALSE
Cluster_5613,Cluster_2871,Peve-Ptuh,-0.9540497027810139,,FALSE
Cluster_5613,Cluster_2873,Peve-Ptuh,0.007580518343811888,,FALSE
Cluster_5613,Cluster_2897,Peve-Ptuh,-0.647115452683971,,FALSE
Cluster_5613,Cluster_3017,Peve-Ptuh,-0.09881393339787345,miR-2030,TRUE
Cluster_5613,Cluster_3415,Peve-Ptuh,0.0027203654649720077,,FALSE
Cluster_5613,Cluster_3713,Peve-Ptuh,0.7801963526907016,,FALSE
Cluster_5613,Cluster_4092,Peve-Ptuh,-0.3083021099507109,,FALSE
Cluster_5613,Cluster_4094,Peve-Ptuh,-0.08974757946832017,,FALSE
Cluster_5613,Cluster_4485,Peve-Ptuh,-0.25067298988176306,,FALSE
Cluster_5613,Cluster_4487,Peve-Ptuh,-0.2672229551396805,,FALSE
Cluster_5613,Cluster_4489,Peve-Ptuh,0.3690665768739101,,FALSE
Cluster_5613,Cluster_4490,Peve-Ptuh,-0.37944904090429815,,FALSE
Cluster_5613,Cluster_4609,Peve-Ptuh,-0.51166076016726,,FALSE
Cluster_5613,Cluster_4826,Peve-Ptuh,0.4425743085835956,,FALSE
Cluster_5613,Cluster_4827,Peve-Ptuh,-0.7777563532515762,,FALSE
Cluster_5613,Cluster_5123,Peve-Ptuh,0.1982763044218451,,FALSE
Cluster_5613,Cluster_5226,Peve-Ptuh,0.33431600009039086,,FALSE
Cluster_5613,Cluster_5267,Peve-Ptuh,0.7521015192059987,,FALSE
Cluster_5613,Cluster_5627,Peve-Ptuh,0.31424863400030784,,FALSE
Cluster_5613,Cluster_5749,Peve-Ptuh,0.8880917818177396,,FALSE
Cluster_5613,Cluster_6456,Peve-Ptuh,0.17879884913750402,,FALSE
Cluster_5613,Cluster_6807,Peve-Ptuh,0.1983630555248288,,FALSE
Cluster_6099,Cluster_4,Peve-Ptuh,0.6134954038977393,,FALSE
Cluster_6099,Cluster_20,Peve-Ptuh,0.6817761108352288,,FALSE
Cluster_6099,Cluster_321,Peve-Ptuh,0.3951495939588099,,FALSE
Cluster_6099,Cluster_372,Peve-Ptuh,0.881902554198462,,FALSE
Cluster_6099,Cluster_425,Peve-Ptuh,0.3801538946833498,,FALSE
Cluster_6099,Cluster_789,Peve-Ptuh,-0.3392189253867472,,FALSE
Cluster_6099,Cluster_958,Peve-Ptuh,0.5920328709382261,,FALSE
Cluster_6099,Cluster_1047,Peve-Ptuh,-0.9850406134399978,,FALSE
Cluster_6099,Cluster_1094,Peve-Ptuh,-0.6642051147631782,,FALSE
Cluster_6099,Cluster_1104,Peve-Ptuh,0.6603749706712025,,FALSE
Cluster_6099,Cluster_1126,Peve-Ptuh,0.18140918296092406,,FALSE
Cluster_6099,Cluster_1159,Peve-Ptuh,0.87838753300524,,FALSE
Cluster_6099,Cluster_1338,Peve-Ptuh,-0.0856735483374301,,FALSE
Cluster_6099,Cluster_1345,Peve-Ptuh,-0.13520227396070172,,FALSE
Cluster_6099,Cluster_1827,Peve-Ptuh,-0.3525736917617147,,FALSE
Cluster_6099,Cluster_1970,Peve-Ptuh,-0.742089888830689,,FALSE
Cluster_6099,Cluster_1990,Peve-Ptuh,0.39787131135716847,,FALSE
Cluster_6099,Cluster_1991,Peve-Ptuh,-0.582897043990515,,FALSE
Cluster_6099,Cluster_2871,Peve-Ptuh,0.8489709098277873,,FALSE
Cluster_6099,Cluster_2873,Peve-Ptuh,0.6026468435620541,,FALSE
Cluster_6099,Cluster_2897,Peve-Ptuh,0.3479830956602361,,FALSE
Cluster_6099,Cluster_3017,Peve-Ptuh,0.24791742166254857,,FALSE
Cluster_6099,Cluster_3415,Peve-Ptuh,0.6389270129542919,,FALSE
Cluster_6099,Cluster_3713,Peve-Ptuh,-0.6285475463227852,,FALSE
Cluster_6099,Cluster_4092,Peve-Ptuh,-0.3896720570712389,,FALSE
Cluster_6099,Cluster_4094,Peve-Ptuh,-0.4331415686635865,,FALSE
Cluster_6099,Cluster_4485,Peve-Ptuh,-0.23090548519196352,,FALSE
Cluster_6099,Cluster_4487,Peve-Ptuh,-0.43599534619248015,,FALSE
Cluster_6099,Cluster_4489,Peve-Ptuh,-0.9280877648842821,,FALSE
Cluster_6099,Cluster_4490,Peve-Ptuh,-0.1803073622398939,,FALSE
Cluster_6099,Cluster_4609,Peve-Ptuh,0.6954371169997127,,FALSE
Cluster_6099,Cluster_4826,Peve-Ptuh,-0.5841128479501612,,FALSE
Cluster_6099,Cluster_4827,Peve-Ptuh,0.9881691315834606,,FALSE
Cluster_6099,Cluster_5123,Peve-Ptuh,-0.44362345761244715,,FALSE
Cluster_6099,Cluster_5226,Peve-Ptuh,0.1654508448237858,,FALSE
Cluster_6099,Cluster_5267,Peve-Ptuh,-0.5503228939299577,,FALSE
Cluster_6099,Cluster_5627,Peve-Ptuh,-0.7853436650855319,,FALSE
Cluster_6099,Cluster_5749,Peve-Ptuh,-0.8949033139396345,,FALSE
Cluster_6099,Cluster_6456,Peve-Ptuh,0.49152981549227703,,FALSE
Cluster_6099,Cluster_6807,Peve-Ptuh,0.5792254673434203,,FALSE
Cluster_6234,Cluster_4,Peve-Ptuh,-0.043831461342378066,,FALSE
Cluster_6234,Cluster_20,Peve-Ptuh,-0.28010679569701913,,FALSE
Cluster_6234,Cluster_321,Peve-Ptuh,-0.73572721100963,,FALSE
Cluster_6234,Cluster_372,Peve-Ptuh,-0.2816924904347405,,FALSE
Cluster_6234,Cluster_425,Peve-Ptuh,0.4372880673247332,,FALSE
Cluster_6234,Cluster_789,Peve-Ptuh,-0.3008451480220545,,FALSE
Cluster_6234,Cluster_958,Peve-Ptuh,-0.3419938665388613,,FALSE
Cluster_6234,Cluster_1047,Peve-Ptuh,0.6015079074721895,,FALSE
Cluster_6234,Cluster_1094,Peve-Ptuh,0.48114421517675576,,FALSE
Cluster_6234,Cluster_1104,Peve-Ptuh,-0.28349777835757334,,FALSE
Cluster_6234,Cluster_1126,Peve-Ptuh,-0.467820367122358,,FALSE
Cluster_6234,Cluster_1159,Peve-Ptuh,-0.5399151576962711,,FALSE
Cluster_6234,Cluster_1338,Peve-Ptuh,-0.6859053817159735,,FALSE
Cluster_6234,Cluster_1345,Peve-Ptuh,0.7587729142088374,,FALSE
Cluster_6234,Cluster_1827,Peve-Ptuh,0.5484085419296266,,FALSE
Cluster_6234,Cluster_1970,Peve-Ptuh,0.7495025379446494,,FALSE
Cluster_6234,Cluster_1990,Peve-Ptuh,0.3502630196218209,,FALSE
Cluster_6234,Cluster_1991,Peve-Ptuh,0.10897446745347661,,FALSE
Cluster_6234,Cluster_2871,Peve-Ptuh,-0.5167745376765954,,FALSE
Cluster_6234,Cluster_2873,Peve-Ptuh,-0.7546671418591588,,FALSE
Cluster_6234,Cluster_2897,Peve-Ptuh,-0.8424396854986861,,FALSE
Cluster_6234,Cluster_3017,Peve-Ptuh,0.5590419447602494,,FALSE
Cluster_6234,Cluster_3415,Peve-Ptuh,-0.01129978169256074,,FALSE
Cluster_6234,Cluster_3713,Peve-Ptuh,0.010841200247731941,,FALSE
Cluster_6234,Cluster_4092,Peve-Ptuh,0.5362921782899445,,FALSE
Cluster_6234,Cluster_4094,Peve-Ptuh,-0.30454223115984985,,FALSE
Cluster_6234,Cluster_4485,Peve-Ptuh,0.6887978365725371,,FALSE
Cluster_6234,Cluster_4487,Peve-Ptuh,0.5539797531130214,,FALSE
Cluster_6234,Cluster_4489,Peve-Ptuh,0.6404645163630224,,FALSE
Cluster_6234,Cluster_4490,Peve-Ptuh,0.5732223891836604,,FALSE
Cluster_6234,Cluster_4609,Peve-Ptuh,0.06441288952847131,,FALSE
Cluster_6234,Cluster_4826,Peve-Ptuh,-0.20608823095719064,,FALSE
Cluster_6234,Cluster_4827,Peve-Ptuh,-0.6237321801519422,,FALSE
Cluster_6234,Cluster_5123,Peve-Ptuh,-0.37479377357537075,,FALSE
Cluster_6234,Cluster_5226,Peve-Ptuh,0.5221081208174485,,FALSE
Cluster_6234,Cluster_5267,Peve-Ptuh,-0.07138793638378062,,FALSE
Cluster_6234,Cluster_5627,Peve-Ptuh,0.09293183755996053,,FALSE
Cluster_6234,Cluster_5749,Peve-Ptuh,0.4562070404699758,,FALSE
Cluster_6234,Cluster_6456,Peve-Ptuh,-0.6364604110630837,,FALSE
Cluster_6234,Cluster_6807,Peve-Ptuh,-0.3319626939350278,,FALSE
Cluster_6235,Cluster_4,Peve-Ptuh,-0.43943862336180833,,FALSE
Cluster_6235,Cluster_20,Peve-Ptuh,-0.30926157620493744,,FALSE
Cluster_6235,Cluster_321,Peve-Ptuh,0.08987379930425328,,FALSE
Cluster_6235,Cluster_372,Peve-Ptuh,-0.013090171659304956,,FALSE
Cluster_6235,Cluster_425,Peve-Ptuh,-0.33209197003116103,,FALSE
Cluster_6235,Cluster_789,Peve-Ptuh,0.6883586941376054,,FALSE
Cluster_6235,Cluster_958,Peve-Ptuh,-0.3278674769597104,,FALSE
Cluster_6235,Cluster_1047,Peve-Ptuh,-0.2839316338181918,,FALSE
Cluster_6235,Cluster_1094,Peve-Ptuh,0.18570403767046362,,FALSE
Cluster_6235,Cluster_1104,Peve-Ptuh,-0.32369694872274385,,FALSE
Cluster_6235,Cluster_1126,Peve-Ptuh,-0.2396589864458171,,FALSE
Cluster_6235,Cluster_1159,Peve-Ptuh,0.027982693307950907,,FALSE
Cluster_6235,Cluster_1338,Peve-Ptuh,0.4959513723727505,,FALSE
Cluster_6235,Cluster_1345,Peve-Ptuh,-0.8727327593171389,,FALSE
Cluster_6235,Cluster_1827,Peve-Ptuh,0.16953538058915882,,FALSE
Cluster_6235,Cluster_1970,Peve-Ptuh,-0.13384444811270568,,FALSE
Cluster_6235,Cluster_1990,Peve-Ptuh,-0.02879716879453194,,FALSE
Cluster_6235,Cluster_1991,Peve-Ptuh,0.45440329838345184,,FALSE
Cluster_6235,Cluster_2871,Peve-Ptuh,0.6935787225123814,,FALSE
Cluster_6235,Cluster_2873,Peve-Ptuh,0.10403264965051198,,FALSE
Cluster_6235,Cluster_2897,Peve-Ptuh,0.9437108371742985,,FALSE
Cluster_6235,Cluster_3017,Peve-Ptuh,-0.4375898583032132,,FALSE
Cluster_6235,Cluster_3415,Peve-Ptuh,-0.40764942884260663,,FALSE
Cluster_6235,Cluster_3713,Peve-Ptuh,-0.33663714009527296,,FALSE
Cluster_6235,Cluster_4092,Peve-Ptuh,0.18664575507617606,,FALSE
Cluster_6235,Cluster_4094,Peve-Ptuh,0.5661846290883039,,FALSE
Cluster_6235,Cluster_4485,Peve-Ptuh,-0.07129762280487267,,FALSE
Cluster_6235,Cluster_4487,Peve-Ptuh,0.1661152961883338,,FALSE
Cluster_6235,Cluster_4489,Peve-Ptuh,-0.17315532092217303,,FALSE
Cluster_6235,Cluster_4490,Peve-Ptuh,0.09402294089822498,,FALSE
Cluster_6235,Cluster_4609,Peve-Ptuh,-0.009538559393840964,,FALSE
Cluster_6235,Cluster_4826,Peve-Ptuh,0.09669317514727645,,FALSE
Cluster_6235,Cluster_4827,Peve-Ptuh,0.5084500607552634,,FALSE
Cluster_6235,Cluster_5123,Peve-Ptuh,0.3480697475515817,,FALSE
Cluster_6235,Cluster_5226,Peve-Ptuh,-0.7680710950911706,,FALSE
Cluster_6235,Cluster_5267,Peve-Ptuh,-0.30615446395180573,,FALSE
Cluster_6235,Cluster_5627,Peve-Ptuh,0.14933658709059888,,FALSE
Cluster_6235,Cluster_5749,Peve-Ptuh,-0.5615993177369315,,FALSE
Cluster_6235,Cluster_6456,Peve-Ptuh,-0.06395453203369285,,FALSE
Cluster_6235,Cluster_6807,Peve-Ptuh,-0.3408965485987491,,FALSE
Cluster_6236,Cluster_4,Peve-Ptuh,-0.614066744840404,,FALSE
Cluster_6236,Cluster_20,Peve-Ptuh,-0.4708207507489932,,FALSE
Cluster_6236,Cluster_321,Peve-Ptuh,0.31056755824119736,,FALSE
Cluster_6236,Cluster_372,Peve-Ptuh,-0.834950509020966,,FALSE
Cluster_6236,Cluster_425,Peve-Ptuh,-0.9066924533477304,,FALSE
Cluster_6236,Cluster_789,Peve-Ptuh,0.5711553453107157,,FALSE
Cluster_6236,Cluster_958,Peve-Ptuh,-0.27256538034583755,,FALSE
Cluster_6236,Cluster_1047,Peve-Ptuh,0.6962020986537142,,FALSE
Cluster_6236,Cluster_1094,Peve-Ptuh,0.2528155038805203,,FALSE
Cluster_6236,Cluster_1104,Peve-Ptuh,-0.43353018421366607,,FALSE
Cluster_6236,Cluster_1126,Peve-Ptuh,0.3907363449677476,,FALSE
Cluster_6236,Cluster_1159,Peve-Ptuh,-0.5403891823521888,,FALSE
Cluster_6236,Cluster_1338,Peve-Ptuh,0.7527514932662217,,FALSE
Cluster_6236,Cluster_1345,Peve-Ptuh,-0.41763835366086566,,FALSE
Cluster_6236,Cluster_1827,Peve-Ptuh,-0.23456451908913378,,FALSE
Cluster_6236,Cluster_1970,Peve-Ptuh,0.14871132061985134,,FALSE
Cluster_6236,Cluster_1990,Peve-Ptuh,-0.9305492733874301,,FALSE
Cluster_6236,Cluster_1991,Peve-Ptuh,0.4917339164851284,,FALSE
Cluster_6236,Cluster_2871,Peve-Ptuh,-0.7539917548906486,,FALSE
Cluster_6236,Cluster_2873,Peve-Ptuh,0.052584721567695156,,FALSE
Cluster_6236,Cluster_2897,Peve-Ptuh,0.20954988842712072,,FALSE
Cluster_6236,Cluster_3017,Peve-Ptuh,-0.8386526400760591,,FALSE
Cluster_6236,Cluster_3415,Peve-Ptuh,-0.6968704589578563,,FALSE
Cluster_6236,Cluster_3713,Peve-Ptuh,0.935712136356411,,FALSE
Cluster_6236,Cluster_4092,Peve-Ptuh,-0.17685307791362695,,FALSE
Cluster_6236,Cluster_4094,Peve-Ptuh,0.741574601269711,,FALSE
Cluster_6236,Cluster_4485,Peve-Ptuh,-0.47969385774261425,,FALSE
Cluster_6236,Cluster_4487,Peve-Ptuh,-0.12921132067459895,,FALSE
Cluster_6236,Cluster_4489,Peve-Ptuh,0.5372400080521968,,FALSE
Cluster_6236,Cluster_4490,Peve-Ptuh,-0.4668820109724818,,FALSE
Cluster_6236,Cluster_4609,Peve-Ptuh,-0.9958063415816043,,FALSE
Cluster_6236,Cluster_4826,Peve-Ptuh,0.9851800990225742,,FALSE
Cluster_6236,Cluster_4827,Peve-Ptuh,-0.750249995274055,,FALSE
Cluster_6236,Cluster_5123,Peve-Ptuh,0.9120161582154301,,FALSE
Cluster_6236,Cluster_5226,Peve-Ptuh,-0.5737870314041487,,FALSE
Cluster_6236,Cluster_5267,Peve-Ptuh,0.918282672000501,,FALSE
Cluster_6236,Cluster_5627,Peve-Ptuh,0.8826968450514382,,FALSE
Cluster_6236,Cluster_5749,Peve-Ptuh,0.8415302921806972,,FALSE
Cluster_6236,Cluster_6456,Peve-Ptuh,0.11792438543680195,,FALSE
Cluster_6236,Cluster_6807,Peve-Ptuh,-0.2629515671314102,,FALSE
Cluster_6242,Cluster_4,Peve-Ptuh,-0.4669648317668286,,FALSE
Cluster_6242,Cluster_20,Peve-Ptuh,-0.49215662801904614,,FALSE
Cluster_6242,Cluster_321,Peve-Ptuh,-0.15153914212837294,,FALSE
Cluster_6242,Cluster_372,Peve-Ptuh,-0.8192502794771147,,FALSE
Cluster_6242,Cluster_425,Peve-Ptuh,-0.4586717615314598,,FALSE
Cluster_6242,Cluster_789,Peve-Ptuh,0.2210854399078925,,FALSE
Cluster_6242,Cluster_958,Peve-Ptuh,-0.36359295771279587,,FALSE
Cluster_6242,Cluster_1047,Peve-Ptuh,0.9113757344816156,,FALSE
Cluster_6242,Cluster_1094,Peve-Ptuh,0.4377888009216691,,FALSE
Cluster_6242,Cluster_1104,Peve-Ptuh,-0.4623503930562927,,FALSE
Cluster_6242,Cluster_1126,Peve-Ptuh,0.09263572102340774,,FALSE
Cluster_6242,Cluster_1159,Peve-Ptuh,-0.7243834755835259,,FALSE
Cluster_6242,Cluster_1338,Peve-Ptuh,0.18425101724738915,,FALSE
Cluster_6242,Cluster_1345,Peve-Ptuh,0.16654417794106055,,FALSE
Cluster_6242,Cluster_1827,Peve-Ptuh,0.08365757512140747,miR-2023,TRUE
Cluster_6242,Cluster_1970,Peve-Ptuh,0.5329704251333061,,FALSE
Cluster_6242,Cluster_1990,Peve-Ptuh,-0.5584959800087633,,FALSE
Cluster_6242,Cluster_1991,Peve-Ptuh,0.40156342805001205,,FALSE
Cluster_6242,Cluster_2871,Peve-Ptuh,-0.9592689420590631,,FALSE
Cluster_6242,Cluster_2873,Peve-Ptuh,-0.37055080624375936,,FALSE
Cluster_6242,Cluster_2897,Peve-Ptuh,-0.38629578119134544,,FALSE
Cluster_6242,Cluster_3017,Peve-Ptuh,-0.32732281292854776,,FALSE
Cluster_6242,Cluster_3415,Peve-Ptuh,-0.5198341373674288,,FALSE
Cluster_6242,Cluster_3713,Peve-Ptuh,0.7959840902286532,,FALSE
Cluster_6242,Cluster_4092,Peve-Ptuh,0.12166091623879616,,FALSE
Cluster_6242,Cluster_4094,Peve-Ptuh,0.3699472569788698,,FALSE
Cluster_6242,Cluster_4485,Peve-Ptuh,-0.011432402198588293,,FALSE
Cluster_6242,Cluster_4487,Peve-Ptuh,0.17167849686923128,,FALSE
Cluster_6242,Cluster_4489,Peve-Ptuh,0.7917511121441022,,FALSE
Cluster_6242,Cluster_4490,Peve-Ptuh,-0.08130431963054525,,FALSE
Cluster_6242,Cluster_4609,Peve-Ptuh,-0.7650215703310683,,FALSE
Cluster_6242,Cluster_4826,Peve-Ptuh,0.6713111983294312,,FALSE
Cluster_6242,Cluster_4827,Peve-Ptuh,-0.9920942119246331,,FALSE
Cluster_6242,Cluster_5123,Peve-Ptuh,0.49434571624859874,,FALSE
Cluster_6242,Cluster_5226,Peve-Ptuh,-0.09658390616672947,,FALSE
Cluster_6242,Cluster_5267,Peve-Ptuh,0.7348233735725964,,FALSE
Cluster_6242,Cluster_5627,Peve-Ptuh,0.7418648260457351,,FALSE
Cluster_6242,Cluster_5749,Peve-Ptuh,0.9824672375875876,,FALSE
Cluster_6242,Cluster_6456,Peve-Ptuh,-0.2361676862704647,,FALSE
Cluster_6242,Cluster_6807,Peve-Ptuh,-0.3490579144255989,,FALSE
Cluster_6356,Cluster_4,Peve-Ptuh,-0.1558734575605771,,FALSE
Cluster_6356,Cluster_20,Peve-Ptuh,-0.19780111865178407,,FALSE
Cluster_6356,Cluster_321,Peve-Ptuh,-0.3903587115768296,,FALSE
Cluster_6356,Cluster_372,Peve-Ptuh,0.30542187499609985,,FALSE
Cluster_6356,Cluster_425,Peve-Ptuh,0.32133358618545066,,FALSE
Cluster_6356,Cluster_789,Peve-Ptuh,0.2900222803281527,,FALSE
Cluster_6356,Cluster_958,Peve-Ptuh,-0.34922545144968303,,FALSE
Cluster_6356,Cluster_1047,Peve-Ptuh,-0.4048067178639294,,FALSE
Cluster_6356,Cluster_1094,Peve-Ptuh,0.2709003312050438,,FALSE
Cluster_6356,Cluster_1104,Peve-Ptuh,-0.2341810913899287,,FALSE
Cluster_6356,Cluster_1126,Peve-Ptuh,-0.6623675315134757,,FALSE
Cluster_6356,Cluster_1159,Peve-Ptuh,0.08022819248012204,,FALSE
Cluster_6356,Cluster_1338,Peve-Ptuh,-0.1759689588579864,,FALSE
Cluster_6356,Cluster_1345,Peve-Ptuh,-0.3655553966058636,,FALSE
Cluster_6356,Cluster_1827,Peve-Ptuh,0.5411344263812278,,FALSE
Cluster_6356,Cluster_1970,Peve-Ptuh,0.10709895036049923,,FALSE
Cluster_6356,Cluster_1990,Peve-Ptuh,0.6147527234834319,,FALSE
Cluster_6356,Cluster_1991,Peve-Ptuh,0.2647106294385186,,FALSE
Cluster_6356,Cluster_2871,Peve-Ptuh,0.9027447507729507,,FALSE
Cluster_6356,Cluster_2873,Peve-Ptuh,-0.2472023623173991,,FALSE
Cluster_6356,Cluster_2897,Peve-Ptuh,0.5138204163170735,,FALSE
Cluster_6356,Cluster_3017,Peve-Ptuh,0.22749973060173861,,FALSE
Cluster_6356,Cluster_3415,Peve-Ptuh,-0.06448027255169046,,FALSE
Cluster_6356,Cluster_3713,Peve-Ptuh,-0.8442007889915214,,FALSE
Cluster_6356,Cluster_4092,Peve-Ptuh,0.5232949320098558,,FALSE
Cluster_6356,Cluster_4094,Peve-Ptuh,0.06984573166026016,,FALSE
Cluster_6356,Cluster_4485,Peve-Ptuh,0.4789421710378365,,FALSE
Cluster_6356,Cluster_4487,Peve-Ptuh,0.4842129807685293,,FALSE
Cluster_6356,Cluster_4489,Peve-Ptuh,-0.18731297802670582,,FALSE
Cluster_6356,Cluster_4490,Peve-Ptuh,0.5955399565711333,,FALSE
Cluster_6356,Cluster_4609,Peve-Ptuh,0.5450242857754237,,FALSE
Cluster_6356,Cluster_4826,Peve-Ptuh,-0.5095258192862447,,FALSE
Cluster_6356,Cluster_4827,Peve-Ptuh,0.6596499760726103,,FALSE
Cluster_6356,Cluster_5123,Peve-Ptuh,-0.2801428627409686,,FALSE
Cluster_6356,Cluster_5226,Peve-Ptuh,-0.276020546297469,,FALSE
Cluster_6356,Cluster_5267,Peve-Ptuh,-0.8387605210405452,,FALSE
Cluster_6356,Cluster_5627,Peve-Ptuh,-0.269737719225865,,FALSE
Cluster_6356,Cluster_5749,Peve-Ptuh,-0.8367692416142543,,FALSE
Cluster_6356,Cluster_6456,Peve-Ptuh,-0.40681486721879184,,FALSE
Cluster_6356,Cluster_6807,Peve-Ptuh,-0.36363491807843706,,FALSE
Cluster_6918,Cluster_4,Peve-Ptuh,-0.4248515571537146,,FALSE
Cluster_6918,Cluster_20,Peve-Ptuh,-0.16331658155359202,,FALSE
Cluster_6918,Cluster_321,Peve-Ptuh,0.6906454310315175,,FALSE
Cluster_6918,Cluster_372,Peve-Ptuh,-0.3705238460663001,,FALSE
Cluster_6918,Cluster_425,Peve-Ptuh,-0.9175528083373053,,FALSE
Cluster_6918,Cluster_789,Peve-Ptuh,0.646486507856727,,FALSE
Cluster_6918,Cluster_958,Peve-Ptuh,0.0055858914072351995,,FALSE
Cluster_6918,Cluster_1047,Peve-Ptuh,0.039797729062607846,,FALSE
Cluster_6918,Cluster_1094,Peve-Ptuh,-0.12406967224804655,,FALSE
Cluster_6918,Cluster_1104,Peve-Ptuh,-0.1380708863557769,,FALSE
Cluster_6918,Cluster_1126,Peve-Ptuh,0.5344992874615736,,FALSE
Cluster_6918,Cluster_1159,Peve-Ptuh,-0.004571017444541674,,FALSE
Cluster_6918,Cluster_1338,Peve-Ptuh,0.9945102178844161,,FALSE
Cluster_6918,Cluster_1345,Peve-Ptuh,-0.8613225547536439,,FALSE
Cluster_6918,Cluster_1827,Peve-Ptuh,-0.491125877901742,,FALSE
Cluster_6918,Cluster_1970,Peve-Ptuh,-0.4010904610277846,,FALSE
Cluster_6918,Cluster_1990,Peve-Ptuh,-0.8440610104238678,,FALSE
Cluster_6918,Cluster_1991,Peve-Ptuh,0.30357609865916574,,FALSE
Cluster_6918,Cluster_2871,Peve-Ptuh,-0.08823526974248408,,FALSE
Cluster_6918,Cluster_2873,Peve-Ptuh,0.5340981099119196,,FALSE
Cluster_6918,Cluster_2897,Peve-Ptuh,0.7857546753703163,,FALSE
Cluster_6918,Cluster_3017,Peve-Ptuh,-0.9628370851072674,,FALSE
Cluster_6918,Cluster_3415,Peve-Ptuh,-0.49710815347286413,,FALSE
Cluster_6918,Cluster_3713,Peve-Ptuh,0.5742155707577289,,FALSE
Cluster_6918,Cluster_4092,Peve-Ptuh,-0.44332581584635733,,FALSE
Cluster_6918,Cluster_4094,Peve-Ptuh,0.7481208179020488,,FALSE
Cluster_6918,Cluster_4485,Peve-Ptuh,-0.7699425817435279,,FALSE
Cluster_6918,Cluster_4487,Peve-Ptuh,-0.4255403821003523,,FALSE
Cluster_6918,Cluster_4489,Peve-Ptuh,-0.07831427435230559,,FALSE
Cluster_6918,Cluster_4490,Peve-Ptuh,-0.6687698706054529,,FALSE
Cluster_6918,Cluster_4609,Peve-Ptuh,-0.7001841079243756,,FALSE
Cluster_6918,Cluster_4826,Peve-Ptuh,0.7942666678756272,,FALSE
Cluster_6918,Cluster_4827,Peve-Ptuh,-0.03671015147840321,,FALSE
Cluster_6918,Cluster_5123,Peve-Ptuh,0.8823867303277946,,FALSE
Cluster_6918,Cluster_5226,Peve-Ptuh,-0.7999863619963166,,FALSE
Cluster_6918,Cluster_5267,Peve-Ptuh,0.6192011678542356,,FALSE
Cluster_6918,Cluster_5627,Peve-Ptuh,0.5389343976787733,,FALSE
Cluster_6918,Cluster_5749,Peve-Ptuh,0.1995476949810424,,FALSE
Cluster_6918,Cluster_6456,Peve-Ptuh,0.4825340112455083,,FALSE
Cluster_6918,Cluster_6807,Peve-Ptuh,0.004029986347948174,,FALSE
Cluster_6919,Cluster_4,Peve-Ptuh,0.28518092265273487,,FALSE
Cluster_6919,Cluster_20,Peve-Ptuh,0.41762564861575696,,FALSE
Cluster_6919,Cluster_321,Peve-Ptuh,0.4411113062834565,,FALSE
Cluster_6919,Cluster_372,Peve-Ptuh,0.6350008741115213,,FALSE
Cluster_6919,Cluster_425,Peve-Ptuh,0.06119523986272029,,FALSE
Cluster_6919,Cluster_789,Peve-Ptuh,0.039803566529125645,,FALSE
Cluster_6919,Cluster_958,Peve-Ptuh,0.366397372905537,,FALSE
Cluster_6919,Cluster_1047,Peve-Ptuh,-0.8562321306627024,,FALSE
Cluster_6919,Cluster_1094,Peve-Ptuh,-0.48431945833564544,,FALSE
Cluster_6919,Cluster_1104,Peve-Ptuh,0.4001150244019374,,FALSE
Cluster_6919,Cluster_1126,Peve-Ptuh,0.14882262409728958,,FALSE
Cluster_6919,Cluster_1159,Peve-Ptuh,0.6991805639560762,,FALSE
Cluster_6919,Cluster_1338,Peve-Ptuh,0.2321554910043567,,FALSE
Cluster_6919,Cluster_1345,Peve-Ptuh,-0.5015340794374569,,FALSE
Cluster_6919,Cluster_1827,Peve-Ptuh,-0.29855097619009785,,FALSE
Cluster_6919,Cluster_1970,Peve-Ptuh,-0.6845924863484467,,FALSE
Cluster_6919,Cluster_1990,Peve-Ptuh,0.17890066013451483,,FALSE
Cluster_6919,Cluster_1991,Peve-Ptuh,-0.2745380872066929,,FALSE
Cluster_6919,Cluster_2871,Peve-Ptuh,0.8673461612398251,,FALSE
Cluster_6919,Cluster_2873,Peve-Ptuh,0.5854867977171243,,FALSE
Cluster_6919,Cluster_2897,Peve-Ptuh,0.6794927316756398,,FALSE
Cluster_6919,Cluster_3017,Peve-Ptuh,-0.08189785352800548,,FALSE
Cluster_6919,Cluster_3415,Peve-Ptuh,0.30419090614950467,,FALSE
Cluster_6919,Cluster_3713,Peve-Ptuh,-0.5124011899574776,,FALSE
Cluster_6919,Cluster_4092,Peve-Ptuh,-0.31540769827270865,,FALSE
Cluster_6919,Cluster_4094,Peve-Ptuh,-0.05641211164952562,,FALSE
Cluster_6919,Cluster_4485,Peve-Ptuh,-0.3179461849961953,,FALSE
Cluster_6919,Cluster_4487,Peve-Ptuh,-0.3555063606246899,,FALSE
Cluster_6919,Cluster_4489,Peve-Ptuh,-0.7950490462395259,,FALSE
Cluster_6919,Cluster_4490,Peve-Ptuh,-0.21248638501482595,,FALSE
Cluster_6919,Cluster_4609,Peve-Ptuh,0.4403583909054114,,FALSE
Cluster_6919,Cluster_4826,Peve-Ptuh,-0.3120879525695879,,FALSE
Cluster_6919,Cluster_4827,Peve-Ptuh,0.9278809685321121,,FALSE
Cluster_6919,Cluster_5123,Peve-Ptuh,-0.11147995320842988,,FALSE
Cluster_6919,Cluster_5226,Peve-Ptuh,-0.2237675265869133,,FALSE
Cluster_6919,Cluster_5267,Peve-Ptuh,-0.4348230602456245,,FALSE
Cluster_6919,Cluster_5627,Peve-Ptuh,-0.49227959873527555,,FALSE
Cluster_6919,Cluster_5749,Peve-Ptuh,-0.8465557992962014,,FALSE
Cluster_6919,Cluster_6456,Peve-Ptuh,0.4389529598644611,,FALSE
Cluster_6919,Cluster_6807,Peve-Ptuh,0.35209836488203805,,FALSE
Cluster_7882,Cluster_4,Peve-Ptuh,0.8079816442645563,,FALSE
Cluster_7882,Cluster_20,Peve-Ptuh,0.8516624337098379,,FALSE
Cluster_7882,Cluster_321,Peve-Ptuh,0.4386794858574578,,FALSE
Cluster_7882,Cluster_372,Peve-Ptuh,0.9642670567547308,,FALSE
Cluster_7882,Cluster_425,Peve-Ptuh,0.4911235243511864,,FALSE
Cluster_7882,Cluster_789,Peve-Ptuh,-0.5779255145031436,,FALSE
Cluster_7882,Cluster_958,Peve-Ptuh,0.7661919054699032,,FALSE
Cluster_7882,Cluster_1047,Peve-Ptuh,-0.9935603031256223,,FALSE
Cluster_7882,Cluster_1094,Peve-Ptuh,-0.8036657546883923,,FALSE
Cluster_7882,Cluster_1104,Peve-Ptuh,0.8339622577085821,,FALSE
Cluster_7882,Cluster_1126,Peve-Ptuh,0.30575040242577806,,FALSE
Cluster_7882,Cluster_1159,Peve-Ptuh,0.9631457830706659,,FALSE
Cluster_7882,Cluster_1338,Peve-Ptuh,-0.21663642975697942,,FALSE
Cluster_7882,Cluster_1345,Peve-Ptuh,0.10481493422817434,,FALSE
Cluster_7882,Cluster_1827,Peve-Ptuh,-0.4697501311019912,,FALSE
Cluster_7882,Cluster_1970,Peve-Ptuh,-0.7949799775155486,,FALSE
Cluster_7882,Cluster_1990,Peve-Ptuh,0.4120476194812974,,FALSE
Cluster_7882,Cluster_1991,Peve-Ptuh,-0.7846270509903919,,FALSE
Cluster_7882,Cluster_2871,Peve-Ptuh,0.7028697034867492,,FALSE
Cluster_7882,Cluster_2873,Peve-Ptuh,0.6566122017488919,,FALSE
Cluster_7882,Cluster_2897,Peve-Ptuh,0.1035258030715615,,FALSE
Cluster_7882,Cluster_3017,Peve-Ptuh,0.37811559966609387,,FALSE
Cluster_7882,Cluster_3415,Peve-Ptuh,0.8221765603491898,,FALSE
Cluster_7882,Cluster_3713,Peve-Ptuh,-0.5568088318589699,,FALSE
Cluster_7882,Cluster_4092,Peve-Ptuh,-0.5144237409610973,,FALSE
Cluster_7882,Cluster_4094,Peve-Ptuh,-0.6362334060448392,,FALSE
Cluster_7882,Cluster_4485,Peve-Ptuh,-0.2666315723812335,,FALSE
Cluster_7882,Cluster_4487,Peve-Ptuh,-0.5580116211999275,,FALSE
Cluster_7882,Cluster_4489,Peve-Ptuh,-0.9731071642102443,,FALSE
Cluster_7882,Cluster_4490,Peve-Ptuh,-0.26162463384628615,,FALSE
Cluster_7882,Cluster_4609,Peve-Ptuh,0.7416287663974992,,FALSE
Cluster_7882,Cluster_4826,Peve-Ptuh,-0.6433973126062676,,FALSE
Cluster_7882,Cluster_4827,Peve-Ptuh,0.9216369790604405,,FALSE
Cluster_7882,Cluster_5123,Peve-Ptuh,-0.5683815768256167,,FALSE
Cluster_7882,Cluster_5226,Peve-Ptuh,0.40534404681867436,,FALSE
Cluster_7882,Cluster_5267,Peve-Ptuh,-0.47839449656366423,,FALSE
Cluster_7882,Cluster_5627,Peve-Ptuh,-0.8955327036106491,,FALSE
Cluster_7882,Cluster_5749,Peve-Ptuh,-0.7930894842562212,,FALSE
Cluster_7882,Cluster_6456,Peve-Ptuh,0.5877296365476544,,FALSE
Cluster_7882,Cluster_6807,Peve-Ptuh,0.7563208522377486,,FALSE
Cluster_8071,Cluster_4,Peve-Ptuh,0.895444157395916,,FALSE
Cluster_8071,Cluster_20,Peve-Ptuh,0.8536705548474328,,FALSE
Cluster_8071,Cluster_321,Peve-Ptuh,0.20463987405709483,,FALSE
Cluster_8071,Cluster_372,Peve-Ptuh,0.9983229382208183,,FALSE
Cluster_8071,Cluster_425,Peve-Ptuh,0.735235939890805,,FALSE
Cluster_8071,Cluster_789,Peve-Ptuh,-0.7607516569773676,,FALSE
Cluster_8071,Cluster_958,Peve-Ptuh,0.7278274102054825,,FALSE
Cluster_8071,Cluster_1047,Peve-Ptuh,-0.913298180837115,,FALSE
Cluster_8071,Cluster_1094,Peve-Ptuh,-0.7201263172490877,,FALSE
Cluster_8071,Cluster_1104,Peve-Ptuh,0.8310233734148444,,FALSE
Cluster_8071,Cluster_1126,Peve-Ptuh,0.1462590728791415,,FALSE
Cluster_8071,Cluster_1159,Peve-Ptuh,0.8909887464122666,,FALSE
Cluster_8071,Cluster_1338,Peve-Ptuh,-0.5131413985533471,,FALSE
Cluster_8071,Cluster_1345,Peve-Ptuh,0.3951850782455699,,FALSE
Cluster_8071,Cluster_1827,Peve-Ptuh,-0.30600721287017585,,FALSE
Cluster_8071,Cluster_1970,Peve-Ptuh,-0.6137844346806947,,FALSE
Cluster_8071,Cluster_1990,Peve-Ptuh,0.6224561882292436,,FALSE
Cluster_8071,Cluster_1991,Peve-Ptuh,-0.8403695976501453,,FALSE
Cluster_8071,Cluster_2871,Peve-Ptuh,0.6326551600255319,,FALSE
Cluster_8071,Cluster_2873,Peve-Ptuh,0.44985316367249223,,FALSE
Cluster_8071,Cluster_2897,Peve-Ptuh,-0.18532280145609037,,FALSE
Cluster_8071,Cluster_3017,Peve-Ptuh,0.6500065337998404,,FALSE
Cluster_8071,Cluster_3415,Peve-Ptuh,0.927102675716112,,FALSE
Cluster_8071,Cluster_3713,Peve-Ptuh,-0.6573313715092606,,FALSE
Cluster_8071,Cluster_4092,Peve-Ptuh,-0.3619646884980672,,FALSE
Cluster_8071,Cluster_4094,Peve-Ptuh,-0.8359780991967695,,FALSE
Cluster_8071,Cluster_4485,Peve-Ptuh,-0.02406994115285492,,FALSE
Cluster_8071,Cluster_4487,Peve-Ptuh,-0.40607971074286603,,FALSE
Cluster_8071,Cluster_4489,Peve-Ptuh,-0.8677309016509963,,FALSE
Cluster_8071,Cluster_4490,Peve-Ptuh,-0.058344156087331484,,FALSE
Cluster_8071,Cluster_4609,Peve-Ptuh,0.8855108822704192,,FALSE
Cluster_8071,Cluster_4826,Peve-Ptuh,-0.8266587366710572,,FALSE
Cluster_8071,Cluster_4827,Peve-Ptuh,0.8319711934531449,,FALSE
Cluster_8071,Cluster_5123,Peve-Ptuh,-0.797758445159433,,FALSE
Cluster_8071,Cluster_5226,Peve-Ptuh,0.6494721356159205,,FALSE
Cluster_8071,Cluster_5267,Peve-Ptuh,-0.5993958648052762,,FALSE
Cluster_8071,Cluster_5627,Peve-Ptuh,-0.9908809429967215,,FALSE
Cluster_8071,Cluster_5749,Peve-Ptuh,-0.7558778887273229,,FALSE
Cluster_8071,Cluster_6456,Peve-Ptuh,0.411108040474929,,FALSE
Cluster_8071,Cluster_6807,Peve-Ptuh,0.7199382767295199,,FALSE
Cluster_8074,Cluster_4,Peve-Ptuh,-0.4654640391230309,,FALSE
Cluster_8074,Cluster_20,Peve-Ptuh,-0.554121401386565,,FALSE
Cluster_8074,Cluster_321,Peve-Ptuh,-0.664077202299347,,FALSE
Cluster_8074,Cluster_372,Peve-Ptuh,-0.0565566854684466,,FALSE
Cluster_8074,Cluster_425,Peve-Ptuh,0.21725234813459596,,FALSE
Cluster_8074,Cluster_789,Peve-Ptuh,0.4847841111904815,,FALSE
Cluster_8074,Cluster_958,Peve-Ptuh,-0.6924759575699913,,FALSE
Cluster_8074,Cluster_1047,Peve-Ptuh,-0.0014016319380844948,,FALSE
Cluster_8074,Cluster_1094,Peve-Ptuh,0.6386864547635405,,FALSE
Cluster_8074,Cluster_1104,Peve-Ptuh,-0.5870346847563764,,FALSE
Cluster_8074,Cluster_1126,Peve-Ptuh,-0.8753059703090912,,FALSE
Cluster_8074,Cluster_1159,Peve-Ptuh,-0.3277029728799585,,FALSE
Cluster_8074,Cluster_1338,Peve-Ptuh,-0.1907144107825502,,FALSE
Cluster_8074,Cluster_1345,Peve-Ptuh,-0.3397108159410245,,FALSE
Cluster_8074,Cluster_1827,Peve-Ptuh,0.8146203903301547,,FALSE
Cluster_8074,Cluster_1970,Peve-Ptuh,0.49190461330686447,,FALSE
Cluster_8074,Cluster_1990,Peve-Ptuh,0.5497637269391006,,FALSE
Cluster_8074,Cluster_1991,Peve-Ptuh,0.5811771934617065,,FALSE
Cluster_8074,Cluster_2871,Peve-Ptuh,0.6499745029556774,,FALSE
Cluster_8074,Cluster_2873,Peve-Ptuh,-0.5922289157498872,,FALSE
Cluster_8074,Cluster_2897,Peve-Ptuh,0.41286391754695995,,FALSE
Cluster_8074,Cluster_3017,Peve-Ptuh,0.17223925096083384,,FALSE
Cluster_8074,Cluster_3415,Peve-Ptuh,-0.36894908205888655,,FALSE
Cluster_8074,Cluster_3713,Peve-Ptuh,-0.7001278703693149,,FALSE
Cluster_8074,Cluster_4092,Peve-Ptuh,0.8103179956908292,,FALSE
Cluster_8074,Cluster_4094,Peve-Ptuh,0.2698474847472608,,FALSE
Cluster_8074,Cluster_4485,Peve-Ptuh,0.6908684285619732,,FALSE
Cluster_8074,Cluster_4487,Peve-Ptuh,0.786404613625561,,FALSE
Cluster_8074,Cluster_4489,Peve-Ptuh,0.22857694799134995,,FALSE
Cluster_8074,Cluster_4490,Peve-Ptuh,0.8002012199623604,,FALSE
Cluster_8074,Cluster_4609,Peve-Ptuh,0.3216594887445946,,FALSE
Cluster_8074,Cluster_4826,Peve-Ptuh,-0.33607542962281634,,FALSE
Cluster_8074,Cluster_4827,Peve-Ptuh,0.29767973053210295,,FALSE
Cluster_8074,Cluster_5123,Peve-Ptuh,-0.13772044741296754,,FALSE
Cluster_8074,Cluster_5226,Peve-Ptuh,-0.3809785102553345,,FALSE
Cluster_8074,Cluster_5267,Peve-Ptuh,-0.7324976716501855,,FALSE
Cluster_8074,Cluster_5627,Peve-Ptuh,0.047489318575441176,,FALSE
Cluster_8074,Cluster_5749,Peve-Ptuh,-0.5537446564419647,,FALSE
Cluster_8074,Cluster_6456,Peve-Ptuh,-0.7240954862968012,,FALSE
Cluster_8074,Cluster_6807,Peve-Ptuh,-0.7031297309510337,,FALSE
Cluster_8075,Cluster_4,Peve-Ptuh,0.9840186098801516,,FALSE
Cluster_8075,Cluster_20,Peve-Ptuh,0.9043448636862265,,FALSE
Cluster_8075,Cluster_321,Peve-Ptuh,0.18294335024589445,,FALSE
Cluster_8075,Cluster_372,Peve-Ptuh,0.9074148169156278,,FALSE
Cluster_8075,Cluster_425,Peve-Ptuh,0.7705460199469355,,FALSE
Cluster_8075,Cluster_789,Peve-Ptuh,-0.9514717914528473,,FALSE
Cluster_8075,Cluster_958,Peve-Ptuh,0.8037402957011311,,FALSE
Cluster_8075,Cluster_1047,Peve-Ptuh,-0.7230687373040573,,FALSE
Cluster_8075,Cluster_1094,Peve-Ptuh,-0.7440740495345994,,FALSE
Cluster_8075,Cluster_1104,Peve-Ptuh,0.8905250584925294,,FALSE
Cluster_8075,Cluster_1126,Peve-Ptuh,0.2564441774672602,,FALSE
Cluster_8075,Cluster_1159,Peve-Ptuh,0.8084334468283269,,FALSE
Cluster_8075,Cluster_1338,Peve-Ptuh,-0.62943311784814715,,FALSE
Cluster_8075,Cluster_1345,Peve-Ptuh,0.6804376278014894,,FALSE
Cluster_8075,Cluster_1827,Peve-Ptuh,-0.37293446828066695,,FALSE
Cluster_8075,Cluster_1970,Peve-Ptuh,-0.528500091686698,,FALSE
Cluster_8075,Cluster_1990,Peve-Ptuh,0.5464691563539172,,FALSE
Cluster_8075,Cluster_1991,Peve-Ptuh,-0.9449106030098849,,FALSE
Cluster_8075,Cluster_2871,Peve-Ptuh,0.2956413425999073,,FALSE
Cluster_8075,Cluster_2873,Peve-Ptuh,0.3957840516691254,,FALSE
Cluster_8075,Cluster_2897,Peve-Ptuh,-0.5196272497274569,,FALSE
Cluster_8075,Cluster_3017,Peve-Ptuh,0.7330485960436914,,FALSE
Cluster_8075,Cluster_3415,Peve-Ptuh,0.9969348041201863,,FALSE
Cluster_8075,Cluster_3713,Peve-Ptuh,-0.441843906501485,,FALSE
Cluster_8075,Cluster_4092,Peve-Ptuh,-0.4292481947221091,,FALSE
Cluster_8075,Cluster_4094,Peve-Ptuh,-0.9663247156795562,,FALSE
Cluster_8075,Cluster_4485,Peve-Ptuh,-0.027906508834952447,,FALSE
Cluster_8075,Cluster_4487,Peve-Ptuh,-0.4606798455103329,,FALSE
Cluster_8075,Cluster_4489,Peve-Ptuh,-0.7316134580023804,,FALSE
Cluster_8075,Cluster_4490,Peve-Ptuh,-0.12224968163376493,,FALSE
Cluster_8075,Cluster_4609,Peve-Ptuh,0.7872343453091163,,FALSE
Cluster_8075,Cluster_4826,Peve-Ptuh,-0.7643324405360209,,FALSE
Cluster_8075,Cluster_4827,Peve-Ptuh,0.5568604961944988,,FALSE
Cluster_8075,Cluster_5123,Peve-Ptuh,-0.8361913187629574,,FALSE
Cluster_8075,Cluster_5226,Peve-Ptuh,0.8745979521212993,,FALSE
Cluster_8075,Cluster_5267,Peve-Ptuh,-0.398910153449175,,FALSE
Cluster_8075,Cluster_5627,Peve-Ptuh,-0.9484752630918232,,FALSE
Cluster_8075,Cluster_5749,Peve-Ptuh,-0.45780478566888,,FALSE
Cluster_8075,Cluster_6456,Peve-Ptuh,0.4262515377791907,,FALSE
Cluster_8075,Cluster_6807,Peve-Ptuh,0.80171864496835,,FALSE
Cluster_8147,Cluster_4,Peve-Ptuh,-0.2127446638445011,,FALSE
Cluster_8147,Cluster_20,Peve-Ptuh,-0.18394655658109263,,FALSE
Cluster_8147,Cluster_321,Peve-Ptuh,-0.17807147778155197,,FALSE
Cluster_8147,Cluster_372,Peve-Ptuh,0.26221556130618645,,FALSE
Cluster_8147,Cluster_425,Peve-Ptuh,0.10857429267256964,,FALSE
Cluster_8147,Cluster_789,Peve-Ptuh,0.4149383773548293,,FALSE
Cluster_8147,Cluster_958,Peve-Ptuh,-0.2939537104482964,,FALSE
Cluster_8147,Cluster_1047,Peve-Ptuh,-0.4462381893722916,,FALSE
Cluster_8147,Cluster_1094,Peve-Ptuh,0.18457581824597066,,FALSE
Cluster_8147,Cluster_1104,Peve-Ptuh,-0.21414345355071962,,FALSE
Cluster_8147,Cluster_1126,Peve-Ptuh,-0.492494616948225,,FALSE
Cluster_8147,Cluster_1159,Peve-Ptuh,0.13573747527668314,,FALSE
Cluster_8147,Cluster_1338,Peve-Ptuh,0.07012221270196892,,FALSE
Cluster_8147,Cluster_1345,Peve-Ptuh,-0.57274359265412,,FALSE
Cluster_8147,Cluster_1827,Peve-Ptuh,0.3750300033906598,,FALSE
Cluster_8147,Cluster_1970,Peve-Ptuh,-0.04640017657685339,,FALSE
Cluster_8147,Cluster_1990,Peve-Ptuh,0.4098690376179232,,FALSE
Cluster_8147,Cluster_1991,Peve-Ptuh,0.28953677086869273,,FALSE
Cluster_8147,Cluster_2871,Peve-Ptuh,0.9035702725327189,,FALSE
Cluster_8147,Cluster_2873,Peve-Ptuh,-0.06495380632309458,,FALSE
Cluster_8147,Cluster_2897,Peve-Ptuh,0.7110846117149286,,FALSE
Cluster_8147,Cluster_3017,Peve-Ptuh,-0.0017570572655235912,,FALSE
Cluster_8147,Cluster_3415,Peve-Ptuh,-0.14098914204568733,,FALSE
Cluster_8147,Cluster_3713,Peve-Ptuh,-0.7125599040682733,,FALSE
Cluster_8147,Cluster_4092,Peve-Ptuh,0.3671404511294118,,FALSE
Cluster_8147,Cluster_4094,Peve-Ptuh,0.22199927714692594,,FALSE
Cluster_8147,Cluster_4485,Peve-Ptuh,0.25483640271828284,,FALSE
Cluster_8147,Cluster_4487,Peve-Ptuh,0.3308129676787947,,FALSE
Cluster_8147,Cluster_4489,Peve-Ptuh,-0.26245295589380474,,FALSE
Cluster_8147,Cluster_4490,Peve-Ptuh,0.39526135450104705,,FALSE
Cluster_8147,Cluster_4609,Peve-Ptuh,0.39855777224348254,,FALSE
Cluster_8147,Cluster_4826,Peve-Ptuh,-0.3336858659312624,,FALSE
Cluster_8147,Cluster_4827,Peve-Ptuh,0.6921198773293287,,FALSE
Cluster_8147,Cluster_5123,Peve-Ptuh,-0.08197310376197238,,FALSE
Cluster_8147,Cluster_5226,Peve-Ptuh,-0.4511295858560504,,FALSE
Cluster_8147,Cluster_5267,Peve-Ptuh,-0.6909244888679691,,FALSE
Cluster_8147,Cluster_5627,Peve-Ptuh,-0.17985444710651097,,FALSE
Cluster_8147,Cluster_5749,Peve-Ptuh,-0.8158632044812726,,FALSE
Cluster_8147,Cluster_6456,Peve-Ptuh,-0.23860988925914883,,FALSE
Cluster_8147,Cluster_6807,Peve-Ptuh,-0.30905619370131926,,FALSE
Cluster_9149,Cluster_4,Peve-Ptuh,-0.29548246544303597,,FALSE
Cluster_9149,Cluster_20,Peve-Ptuh,-0.09882093975394235,,FALSE
Cluster_9149,Cluster_321,Peve-Ptuh,0.645615607875814,,FALSE
Cluster_9149,Cluster_372,Peve-Ptuh,-0.5528469181458363,,FALSE
Cluster_9149,Cluster_425,Peve-Ptuh,-0.8739182398569879,,FALSE
Cluster_9149,Cluster_789,Peve-Ptuh,0.3370676868619482,,FALSE
Cluster_9149,Cluster_958,Peve-Ptuh,0.11638494313052032,,FALSE
Cluster_9149,Cluster_1047,Peve-Ptuh,0.3916866739509708,,FALSE
Cluster_9149,Cluster_1094,Peve-Ptuh,-0.14532276519098083,,FALSE
Cluster_9149,Cluster_1104,Peve-Ptuh,-0.05785499182659848,,FALSE
Cluster_9149,Cluster_1126,Peve-Ptuh,0.7183920673126711,,FALSE
Cluster_9149,Cluster_1159,Peve-Ptuh,-0.17075286360414335,,FALSE
Cluster_9149,Cluster_1338,Peve-Ptuh,0.8053082630355248,,FALSE
Cluster_9149,Cluster_1345,Peve-Ptuh,-0.3787021691629997,,FALSE
Cluster_9149,Cluster_1827,Peve-Ptuh,-0.59640822692584206,,FALSE
Cluster_9149,Cluster_1970,Peve-Ptuh,-0.23647634133269646,,FALSE
Cluster_9149,Cluster_1990,Peve-Ptuh,-0.9890364378141275,,FALSE
Cluster_9149,Cluster_1991,Peve-Ptuh,0.1456255060339913,,FALSE
Cluster_9149,Cluster_2871,Peve-Ptuh,-0.6848382149108678,,FALSE
Cluster_9149,Cluster_2873,Peve-Ptuh,0.42721395996632666,,FALSE
Cluster_9149,Cluster_2897,Peve-Ptuh,0.21329713863694014,,FALSE
Cluster_9149,Cluster_3017,Peve-Ptuh,-0.8346430286520047,,FALSE
Cluster_9149,Cluster_3415,Peve-Ptuh,-0.4006122155704164,,FALSE
Cluster_9149,Cluster_3713,Peve-Ptuh,0.960935004989766,,FALSE
Cluster_9149,Cluster_4092,Peve-Ptuh,-0.5478506190864613,,FALSE
Cluster_9149,Cluster_4094,Peve-Ptuh,0.5442766747572929,,FALSE
Cluster_9149,Cluster_4485,Peve-Ptuh,-0.7734880480913722,,FALSE
Cluster_9149,Cluster_4487,Peve-Ptuh,-0.5071060533392929,,FALSE
Cluster_9149,Cluster_4489,Peve-Ptuh,0.17962715350777883,,FALSE
Cluster_9149,Cluster_4490,Peve-Ptuh,-0.7750252377783539,,FALSE
Cluster_9149,Cluster_4609,Peve-Ptuh,-0.891090870915246,,FALSE
Cluster_9149,Cluster_4826,Peve-Ptuh,0.9214438766701544,,FALSE
Cluster_9149,Cluster_4827,Peve-Ptuh,-0.5324054760965299,,FALSE
Cluster_9149,Cluster_5123,Peve-Ptuh,0.8351878553911579,,FALSE
Cluster_9149,Cluster_5226,Peve-Ptuh,-0.4278860575897694,,FALSE
Cluster_9149,Cluster_5267,Peve-Ptuh,0.9784026602915077,,FALSE
Cluster_9149,Cluster_5627,Peve-Ptuh,0.6371009390156942,,FALSE
Cluster_9149,Cluster_5749,Peve-Ptuh,0.732167115439906,,FALSE
Cluster_9149,Cluster_6456,Peve-Ptuh,0.4959157914470698,,FALSE
Cluster_9149,Cluster_6807,Peve-Ptuh,0.12514079868267697,,FALSE
Cluster_9196,Cluster_4,Peve-Ptuh,0.018686864208887988,,FALSE
Cluster_9196,Cluster_20,Peve-Ptuh,0.2893571673905515,,FALSE
Cluster_9196,Cluster_321,Peve-Ptuh,0.9300768560828242,,FALSE
Cluster_9196,Cluster_372,Peve-Ptuh,0.031557741250594525,,FALSE
Cluster_9196,Cluster_425,Peve-Ptuh,-0.6936630485308005,,FALSE
Cluster_9196,Cluster_789,Peve-Ptuh,0.25955613800668487,,FALSE
Cluster_9196,Cluster_958,Peve-Ptuh,0.441162921669305,,FALSE
Cluster_9196,Cluster_1047,Peve-Ptuh,-0.3257974430249097,,FALSE
Cluster_9196,Cluster_1094,Peve-Ptuh,-0.5489064573567318,,FALSE
Cluster_9196,Cluster_1104,Peve-Ptuh,0.31302983776525417,,FALSE
Cluster_9196,Cluster_1126,Peve-Ptuh,0.7895060598836244,,FALSE
Cluster_9196,Cluster_1159,Peve-Ptuh,0.4210036232504044,,FALSE
Cluster_9196,Cluster_1338,Peve-Ptuh,0.8566456080688809,,FALSE
Cluster_9196,Cluster_1345,Peve-Ptuh,-0.6575140874144547,,FALSE
Cluster_9196,Cluster_1827,Peve-Ptuh,-0.7965450292659746,,FALSE
Cluster_9196,Cluster_1970,Peve-Ptuh,-0.7609767499140059,,FALSE
Cluster_9196,Cluster_1990,Peve-Ptuh,-0.7319741104660711,,FALSE
Cluster_9196,Cluster_1991,Peve-Ptuh,-0.1452452352011694,,FALSE
Cluster_9196,Cluster_2871,Peve-Ptuh,0.02931231704422362,,FALSE
Cluster_9196,Cluster_2873,Peve-Ptuh,0.8526852472287594,,FALSE
Cluster_9196,Cluster_2897,Peve-Ptuh,0.6489870838426167,,FALSE
Cluster_9196,Cluster_3017,Peve-Ptuh,-0.7652313348814103,,FALSE
Cluster_9196,Cluster_3415,Peve-Ptuh,-0.06287177011157985,,FALSE
Cluster_9196,Cluster_3713,Peve-Ptuh,0.4712740383048075,,FALSE
Cluster_9196,Cluster_4092,Peve-Ptuh,-0.7689517829176307,,FALSE
Cluster_9196,Cluster_4094,Peve-Ptuh,0.3782786954742843,,FALSE
Cluster_9196,Cluster_4485,Peve-Ptuh,-0.944646373762891,,FALSE
Cluster_9196,Cluster_4487,Peve-Ptuh,-0.7634419743443625,,FALSE
Cluster_9196,Cluster_4489,Peve-Ptuh,-0.47650219391603954,,FALSE
Cluster_9196,Cluster_4490,Peve-Ptuh,-0.8768608164904443,,FALSE
Cluster_9196,Cluster_4609,Peve-Ptuh,-0.43110790492276707,,FALSE
Cluster_9196,Cluster_4826,Peve-Ptuh,0.5545613626810417,,FALSE
Cluster_9196,Cluster_4827,Peve-Ptuh,0.23514700893514393,,FALSE
Cluster_9196,Cluster_5123,Peve-Ptuh,0.6159310778265183,,FALSE
Cluster_9196,Cluster_5226,Peve-Ptuh,-0.48367727408957567,,FALSE
Cluster_9196,Cluster_5267,Peve-Ptuh,0.5475354834001105,,FALSE
Cluster_9196,Cluster_5627,Peve-Ptuh,0.14662637128584136,,FALSE
Cluster_9196,Cluster_5749,Peve-Ptuh,0.015865262960298925,,FALSE
Cluster_9196,Cluster_6456,Peve-Ptuh,0.8112596969153736,,FALSE
Cluster_9196,Cluster_6807,Peve-Ptuh,0.4385897233166684,,FALSE
Cluster_9197,Cluster_4,Peve-Ptuh,0.22994216484893237,,FALSE
Cluster_9197,Cluster_20,Peve-Ptuh,-0.03391902291493445,,FALSE
Cluster_9197,Cluster_321,Peve-Ptuh,-0.8300381506282148,,FALSE
Cluster_9197,Cluster_372,Peve-Ptuh,0.29664755866403075,,FALSE
Cluster_9197,Cluster_425,Peve-Ptuh,0.8832771189923307,,FALSE
Cluster_9197,Cluster_789,Peve-Ptuh,-0.43042929376977546,,FALSE
Cluster_9197,Cluster_958,Peve-Ptuh,-0.22538764185662194,,FALSE
Cluster_9197,Cluster_1047,Peve-Ptuh,-0.013311745366710334,,FALSE
Cluster_9197,Cluster_1094,Peve-Ptuh,0.317865824743419,,FALSE
Cluster_9197,Cluster_1104,Peve-Ptuh,-0.065999909116872,,FALSE
Cluster_9197,Cluster_1126,Peve-Ptuh,-0.7472521620305655,,FALSE
Cluster_9197,Cluster_1159,Peve-Ptuh,-0.11411874890562738,,FALSE
Cluster_9197,Cluster_1338,Peve-Ptuh,-0.9516278206511856,,FALSE
Cluster_9197,Cluster_1345,Peve-Ptuh,0.6784880708613757,,FALSE
Cluster_9197,Cluster_1827,Peve-Ptuh,0.6940380537537147,,FALSE
Cluster_9197,Cluster_1970,Peve-Ptuh,0.5256945017138447,,FALSE
Cluster_9197,Cluster_1990,Peve-Ptuh,0.9157684099399681,,FALSE
Cluster_9197,Cluster_1991,Peve-Ptuh,-0.08679101161032256,,FALSE
Cluster_9197,Cluster_2871,Peve-Ptuh,0.2536017905517211,,FALSE
Cluster_9197,Cluster_2873,Peve-Ptuh,-0.6722942409456042,,FALSE
Cluster_9197,Cluster_2897,Peve-Ptuh,-0.5934972172504488,,FALSE
Cluster_9197,Cluster_3017,Peve-Ptuh,0.913771085146162,,FALSE
Cluster_9197,Cluster_3415,Peve-Ptuh,0.3232878697759561,,FALSE
Cluster_9197,Cluster_3713,Peve-Ptuh,-0.7119118534070416,,FALSE
Cluster_9197,Cluster_4092,Peve-Ptuh,0.6505196086079555,,FALSE
Cluster_9197,Cluster_4094,Peve-Ptuh,-0.5839856269726683,,FALSE
Cluster_9197,Cluster_4485,Peve-Ptuh,0.9056970519366371,,FALSE
Cluster_9197,Cluster_4487,Peve-Ptuh,0.6284315595208744,,FALSE
Cluster_9197,Cluster_4489,Peve-Ptuh,0.16045167045756165,,FALSE
Cluster_9197,Cluster_4490,Peve-Ptuh,0.84589765425279,,FALSE
Cluster_9197,Cluster_4609,Peve-Ptuh,0.7110570962098285,,FALSE
Cluster_9197,Cluster_4826,Peve-Ptuh,-0.802789025586803,,FALSE
Cluster_9197,Cluster_4827,Peve-Ptuh,0.09882016467417971,,FALSE
Cluster_9197,Cluster_5123,Peve-Ptuh,-0.82636600380172,,FALSE
Cluster_9197,Cluster_5226,Peve-Ptuh,0.6038557334104765,,FALSE
Cluster_9197,Cluster_5267,Peve-Ptuh,-0.7639554094140274,,FALSE
Cluster_9197,Cluster_5627,Peve-Ptuh,-0.4534609333477582,,FALSE
Cluster_9197,Cluster_5749,Peve-Ptuh,-0.32419899965171484,,FALSE
Cluster_9197,Cluster_6456,Peve-Ptuh,-0.6625349396515392,,FALSE
Cluster_9197,Cluster_6807,Peve-Ptuh,-0.22686325848636393,,FALSE
Cluster_9535,Cluster_4,Peve-Ptuh,0.5504087780335178,,FALSE
Cluster_9535,Cluster_20,Peve-Ptuh,0.3152324584785246,,FALSE
Cluster_9535,Cluster_321,Peve-Ptuh,-0.583677469140908,,FALSE
Cluster_9535,Cluster_372,Peve-Ptuh,0.5929971838732346,,FALSE
Cluster_9535,Cluster_425,Peve-Ptuh,0.9906899334802758,,FALSE
Cluster_9535,Cluster_789,Peve-Ptuh,-0.6854536123874321,,FALSE
Cluster_9535,Cluster_958,Peve-Ptuh,0.12247126814102183,,FALSE
Cluster_9535,Cluster_1047,Peve-Ptuh,-0.30879987911331636,,FALSE
Cluster_9535,Cluster_1094,Peve-Ptuh,-0.03200483909950679,,FALSE
Cluster_9535,Cluster_1104,Peve-Ptuh,0.2836078540194375,,FALSE
Cluster_9535,Cluster_1126,Peve-Ptuh,-0.5041432848166228,,FALSE
Cluster_9535,Cluster_1159,Peve-Ptuh,0.22927671999249336,,FALSE
Cluster_9535,Cluster_1338,Peve-Ptuh,-0.981812416240009,,FALSE
Cluster_9535,Cluster_1345,Peve-Ptuh,0.7672917776978609,,FALSE
Cluster_9535,Cluster_1827,Peve-Ptuh,0.41265904739283793,,FALSE
Cluster_9535,Cluster_1970,Peve-Ptuh,0.2034243253272895,,FALSE
Cluster_9535,Cluster_1990,Peve-Ptuh,0.9422343512521576,,FALSE
Cluster_9535,Cluster_1991,Peve-Ptuh,-0.42047792538259526,,FALSE
Cluster_9535,Cluster_2871,Peve-Ptuh,0.35032346203301473,,FALSE
Cluster_9535,Cluster_2873,Peve-Ptuh,-0.37368894386515,,FALSE
Cluster_9535,Cluster_2897,Peve-Ptuh,-0.633029495249729,,FALSE
Cluster_9535,Cluster_3017,Peve-Ptuh,0.9952654497280482,,FALSE
Cluster_9535,Cluster_3415,Peve-Ptuh,0.6311928205431483,,FALSE
Cluster_9535,Cluster_3713,Peve-Ptuh,-0.7558294981645677,,FALSE
Cluster_9535,Cluster_4092,Peve-Ptuh,0.3566490377195843,,FALSE
Cluster_9535,Cluster_4094,Peve-Ptuh,-0.8190619284338728,,FALSE
Cluster_9535,Cluster_4485,Peve-Ptuh,0.7058161678788287,,FALSE
Cluster_9535,Cluster_4487,Peve-Ptuh,0.32574410521398156,,FALSE
Cluster_9535,Cluster_4489,Peve-Ptuh,-0.16887717319287188,,FALSE
Cluster_9535,Cluster_4490,Peve-Ptuh,0.6287344538951507,,FALSE
Cluster_9535,Cluster_4609,Peve-Ptuh,0.8752794212357805,,FALSE
Cluster_9535,Cluster_4826,Peve-Ptuh,-0.9351492287483086,,FALSE
Cluster_9535,Cluster_4827,Peve-Ptuh,0.3216629738771487,,FALSE
Cluster_9535,Cluster_5123,Peve-Ptuh,-0.970579605679707,,FALSE
Cluster_9535,Cluster_5226,Peve-Ptuh,0.7893457396937272,,FALSE
Cluster_9535,Cluster_5267,Peve-Ptuh,-0.7788710752470654,,FALSE
Cluster_9535,Cluster_5627,Peve-Ptuh,-0.7275555842837708,,FALSE
Cluster_9535,Cluster_5749,Peve-Ptuh,-0.46427252543354963,,FALSE
Cluster_9535,Cluster_6456,Peve-Ptuh,-0.36170002889492614,,FALSE
Cluster_9535,Cluster_6807,Peve-Ptuh,0.11989740178333624,,FALSE
Cluster_10059,Cluster_4,Peve-Ptuh,0.4332241835334397,,FALSE
Cluster_10059,Cluster_20,Peve-Ptuh,0.6062161832615074,,FALSE
Cluster_10059,Cluster_321,Peve-Ptuh,0.6899894735677115,,FALSE
Cluster_10059,Cluster_372,Peve-Ptuh,0.6648994851694158,,FALSE
Cluster_10059,Cluster_425,Peve-Ptuh,-0.0325302083886229,,FALSE
Cluster_10059,Cluster_789,Peve-Ptuh,-0.09693211303523823,,FALSE
Cluster_10059,Cluster_958,Peve-Ptuh,0.6025649366150104,,FALSE
Cluster_10059,Cluster_1047,Peve-Ptuh,-0.8844404655054359,,FALSE
Cluster_10059,Cluster_1094,Peve-Ptuh,-0.7105781302066494,,FALSE
Cluster_10059,Cluster_1104,Peve-Ptuh,0.5994184748794765,,FALSE
Cluster_10059,Cluster_1126,Peve-Ptuh,0.4512472938877683,,FALSE
Cluster_10059,Cluster_1159,Peve-Ptuh,0.8290269592476414,,FALSE
Cluster_10059,Cluster_1338,Peve-Ptuh,0.32969184984049504,,FALSE
Cluster_10059,Cluster_1345,Peve-Ptuh,-0.43367425515464997,,FALSE
Cluster_10059,Cluster_1827,Peve-Ptuh,-0.5853970639720744,,FALSE
Cluster_10059,Cluster_1970,Peve-Ptuh,-0.8782830465010099,,FALSE
Cluster_10059,Cluster_1990,Peve-Ptuh,-0.015871833525150168,,FALSE
Cluster_10059,Cluster_1991,Peve-Ptuh,-0.4629303375770413,,FALSE
Cluster_10059,Cluster_2871,Peve-Ptuh,0.6854666280831461,,FALSE
Cluster_10059,Cluster_2873,Peve-Ptuh,0.8118179552256963,,FALSE
Cluster_10059,Cluster_2897,Peve-Ptuh,0.5921108894479101,,FALSE
Cluster_10059,Cluster_3017,Peve-Ptuh,-0.16736068228008427,,FALSE
Cluster_10059,Cluster_3415,Peve-Ptuh,0.419744774750432,,FALSE
Cluster_10059,Cluster_3713,Peve-Ptuh,-0.2883373973176663,,FALSE
Cluster_10059,Cluster_4092,Peve-Ptuh,-0.6001084372833763,,FALSE
Cluster_10059,Cluster_4094,Peve-Ptuh,-0.12433594497717661,,FALSE
Cluster_10059,Cluster_4485,Peve-Ptuh,-0.5734090358833132,,FALSE
Cluster_10059,Cluster_4487,Peve-Ptuh,-0.6333913601998251,,FALSE
Cluster_10059,Cluster_4489,Peve-Ptuh,-0.898600923279238,,FALSE
Cluster_10059,Cluster_4490,Peve-Ptuh,-0.4966866603294469,,FALSE
Cluster_10059,Cluster_4609,Peve-Ptuh,0.33227119117754433,,FALSE
Cluster_10059,Cluster_4826,Peve-Ptuh,-0.1922453409861753,,FALSE
Cluster_10059,Cluster_4827,Peve-Ptuh,0.863142477734598,,FALSE
Cluster_10059,Cluster_5123,Peve-Ptuh,-0.04613507279063653,,FALSE
Cluster_10059,Cluster_5226,Peve-Ptuh,-0.13121637313361928,,FALSE
Cluster_10059,Cluster_5267,Peve-Ptuh,-0.19635919342596844,,FALSE
Cluster_10059,Cluster_5627,Peve-Ptuh,-0.5095540911742962,,FALSE
Cluster_10059,Cluster_5749,Peve-Ptuh,-0.6918486506507786,,FALSE
Cluster_10059,Cluster_6456,Peve-Ptuh,0.7012536239505552,,FALSE
Cluster_10059,Cluster_6807,Peve-Ptuh,0.5911598250270453,,FALSE
Cluster_10229,Cluster_4,Peve-Ptuh,-0.12970351610426475,,FALSE
Cluster_10229,Cluster_20,Peve-Ptuh,-0.12865612208752766,,FALSE
Cluster_10229,Cluster_321,Peve-Ptuh,0.11949720438654003,,FALSE
Cluster_10229,Cluster_372,Peve-Ptuh,-0.5724399872186562,,FALSE
Cluster_10229,Cluster_425,Peve-Ptuh,-0.3786075329161755,,FALSE
Cluster_10229,Cluster_789,Peve-Ptuh,-0.07930438062367154,,FALSE
Cluster_10229,Cluster_958,Peve-Ptuh,0.01591128809032777,,FALSE
Cluster_10229,Cluster_1047,Peve-Ptuh,0.688424633985279,,FALSE
Cluster_10229,Cluster_1094,Peve-Ptuh,0.07076069140814713,,FALSE
Cluster_10229,Cluster_1104,Peve-Ptuh,-0.09387095715582548,,FALSE
Cluster_10229,Cluster_1126,Peve-Ptuh,0.4037521396376567,,FALSE
Cluster_10229,Cluster_1159,Peve-Ptuh,-0.4104297280641942,,FALSE
Cluster_10229,Cluster_1338,Peve-Ptuh,0.154460845430515,,FALSE
Cluster_10229,Cluster_1345,Peve-Ptuh,0.3259961980508292,,FALSE
Cluster_10229,Cluster_1827,Peve-Ptuh,-0.2474821831647408,,FALSE
Cluster_10229,Cluster_1970,Peve-Ptuh,0.22294573839627296,,FALSE
Cluster_10229,Cluster_1990,Peve-Ptuh,-0.5991570540332273,,FALSE
Cluster_10229,Cluster_1991,Peve-Ptuh,0.039390703607592115,,FALSE
Cluster_10229,Cluster_2871,Peve-Ptuh,-0.9947588050208577,,FALSE
Cluster_10229,Cluster_2873,Peve-Ptuh,-0.06638796427374914,,FALSE
Cluster_10229,Cluster_2897,Peve-Ptuh,-0.5183229345980732,,FALSE
Cluster_10229,Cluster_3017,Peve-Ptuh,-0.2571531454810947,,FALSE
Cluster_10229,Cluster_3415,Peve-Ptuh,-0.20566115352321887,,FALSE
Cluster_10229,Cluster_3713,Peve-Ptuh,0.8601896749835367,,FALSE
Cluster_10229,Cluster_4092,Peve-Ptuh,-0.22002536862852887,,FALSE
Cluster_10229,Cluster_4094,Peve-Ptuh,0.11733292640387431,,FALSE
Cluster_10229,Cluster_4485,Peve-Ptuh,-0.24903015772380535,,FALSE
Cluster_10229,Cluster_4487,Peve-Ptuh,-0.17322862894669058,,FALSE
Cluster_10229,Cluster_4489,Peve-Ptuh,0.5086850320070271,,FALSE
Cluster_10229,Cluster_4490,Peve-Ptuh,-0.35468668833985667,,FALSE
Cluster_10229,Cluster_4609,Peve-Ptuh,-0.6689932890680865,,FALSE
Cluster_10229,Cluster_4826,Peve-Ptuh,0.5978781372982863,,FALSE
Cluster_10229,Cluster_4827,Peve-Ptuh,-0.8745998302204335,,FALSE
Cluster_10229,Cluster_5123,Peve-Ptuh,0.3744428693105207,,FALSE
Cluster_10229,Cluster_5226,Peve-Ptuh,0.1399992583376326,,FALSE
Cluster_10229,Cluster_5267,Peve-Ptuh,0.8245301379680444,,FALSE
Cluster_10229,Cluster_5627,Peve-Ptuh,0.5065458182017926,,FALSE
Cluster_10229,Cluster_5749,Peve-Ptuh,0.9644644895515407,,FALSE
Cluster_10229,Cluster_6456,Peve-Ptuh,0.09436931265766117,,FALSE
Cluster_10229,Cluster_6807,Peve-Ptuh,0.03151376842458268,,FALSE
Cluster_11004,Cluster_4,Peve-Ptuh,-0.4488000613990617,,FALSE
Cluster_11004,Cluster_20,Peve-Ptuh,-0.30615101940860956,,FALSE
Cluster_11004,Cluster_321,Peve-Ptuh,0.1331753690552527,,FALSE
Cluster_11004,Cluster_372,Peve-Ptuh,-0.03439248520254126,,FALSE
Cluster_11004,Cluster_425,Peve-Ptuh,-0.3787656701963598,,FALSE
Cluster_11004,Cluster_789,Peve-Ptuh,0.7036289114393737,,FALSE
Cluster_11004,Cluster_958,Peve-Ptuh,-0.31317067659954406,,FALSE
Cluster_11004,Cluster_1047,Peve-Ptuh,-0.273380343400226,,FALSE
Cluster_11004,Cluster_1094,Peve-Ptuh,0.1684195349073251,,FALSE
Cluster_11004,Cluster_1104,Peve-Ptuh,-0.31843217794649353,,FALSE
Cluster_11004,Cluster_1126,Peve-Ptuh,-0.19467755584104227,,FALSE
Cluster_11004,Cluster_1159,Peve-Ptuh,0.029238276212461833,,FALSE
Cluster_11004,Cluster_1338,Peve-Ptuh,0.542307748951671,,FALSE
Cluster_11004,Cluster_1345,Peve-Ptuh,-0.8965341744195857,,FALSE
Cluster_11004,Cluster_1827,Peve-Ptuh,0.12958853958418834,,FALSE
Cluster_11004,Cluster_1970,Peve-Ptuh,-0.15739881550751167,,FALSE
Cluster_11004,Cluster_1990,Peve-Ptuh,-0.08218512177698707,,FALSE
Cluster_11004,Cluster_1991,Peve-Ptuh,0.45528282535712633,,FALSE
Cluster_11004,Cluster_2871,Peve-Ptuh,0.6637363971189673,,FALSE
Cluster_11004,Cluster_2873,Peve-Ptuh,0.13708574724111675,,FALSE
Cluster_11004,Cluster_2897,Peve-Ptuh,0.9604456609373448,,FALSE
Cluster_11004,Cluster_3017,Peve-Ptuh,-0.4836063461907168,,FALSE
Cluster_11004,Cluster_3415,Peve-Ptuh,-0.4229188708156945,,FALSE
Cluster_11004,Cluster_3713,Peve-Ptuh,-0.2877456585756458,,FALSE
Cluster_11004,Cluster_4092,Peve-Ptuh,0.14908590779653252,,FALSE
Cluster_11004,Cluster_4094,Peve-Ptuh,0.5925573946678383,,FALSE
Cluster_11004,Cluster_4485,Peve-Ptuh,-0.12005019576789598,,FALSE
Cluster_11004,Cluster_4487,Peve-Ptuh,0.1303763604871726,,FALSE
Cluster_11004,Cluster_4489,Peve-Ptuh,-0.1744677255342832,,FALSE
Cluster_11004,Cluster_4490,Peve-Ptuh,0.04576465729575884,,FALSE
Cluster_11004,Cluster_4609,Peve-Ptuh,-0.053282168042886865,,FALSE
Cluster_11004,Cluster_4826,Peve-Ptuh,0.14363864327733789,,FALSE
Cluster_11004,Cluster_4827,Peve-Ptuh,0.4895133245477686,,FALSE
Cluster_11004,Cluster_5123,Peve-Ptuh,0.3916217328004201,,FALSE
Cluster_11004,Cluster_5226,Peve-Ptuh,-0.7909347456563255,,FALSE
Cluster_11004,Cluster_5267,Peve-Ptuh,-0.25522864779260424,,FALSE
Cluster_11004,Cluster_5627,Peve-Ptuh,0.1768197935401994,,FALSE
Cluster_11004,Cluster_5749,Peve-Ptuh,-0.5296058090167112,,FALSE
Cluster_11004,Cluster_6456,Peve-Ptuh,-0.02820210515654056,,FALSE
Cluster_11004,Cluster_6807,Peve-Ptuh,-0.3258417377734346,,FALSE
Cluster_11615,Cluster_4,Peve-Ptuh,0.43912516705987154,,FALSE
Cluster_11615,Cluster_20,Peve-Ptuh,0.17915424081835152,,FALSE
Cluster_11615,Cluster_321,Peve-Ptuh,-0.6627985348067645,,FALSE
Cluster_11615,Cluster_372,Peve-Ptuh,0.3428295549086239,,FALSE
Cluster_11615,Cluster_425,Peve-Ptuh,0.8943111868793241,,FALSE
Cluster_11615,Cluster_789,Peve-Ptuh,-0.6751954984342435,,FALSE
Cluster_11615,Cluster_958,Peve-Ptuh,0.022714089191515317,,FALSE
Cluster_11615,Cluster_1047,Peve-Ptuh,-6.266389438149464e-4,,FALSE
Cluster_11615,Cluster_1094,Peve-Ptuh,0.10377327818226453,,FALSE
Cluster_11615,Cluster_1104,Peve-Ptuh,0.15701043828302352,,FALSE
Cluster_11615,Cluster_1126,Peve-Ptuh,-0.4808086899194182,,FALSE
Cluster_11615,Cluster_1159,Peve-Ptuh,-0.005914617658748665,,FALSE
Cluster_11615,Cluster_1338,Peve-Ptuh,-0.9857459972049535,,FALSE
Cluster_11615,Cluster_1345,Peve-Ptuh,0.9000603336821947,,FALSE
Cluster_11615,Cluster_1827,Peve-Ptuh,0.4484547241832495,,FALSE
Cluster_11615,Cluster_1970,Peve-Ptuh,0.39745012126637413,,FALSE
Cluster_11615,Cluster_1990,Peve-Ptuh,0.7944537481251308,,FALSE
Cluster_11615,Cluster_1991,Peve-Ptuh,-0.32667401147047537,,FALSE
Cluster_11615,Cluster_2871,Peve-Ptuh,0.0062019523735741275,,FALSE
Cluster_11615,Cluster_2873,Peve-Ptuh,-0.5185397859907076,,FALSE
Cluster_11615,Cluster_2897,Peve-Ptuh,-0.8378233176658308,,FALSE
Cluster_11615,Cluster_3017,Peve-Ptuh,0.9486811122710522,,FALSE
Cluster_11615,Cluster_3415,Peve-Ptuh,0.5037636408373647,,FALSE
Cluster_11615,Cluster_3713,Peve-Ptuh,-0.5016325184023935,,FALSE
Cluster_11615,Cluster_4092,Peve-Ptuh,0.4020303543788797,,FALSE
Cluster_11615,Cluster_4094,Peve-Ptuh,-0.757835628720193,,FALSE
Cluster_11615,Cluster_4485,Peve-Ptuh,0.7342257818229159,,FALSE
Cluster_11615,Cluster_4487,Peve-Ptuh,0.3877353856400265,,FALSE
Cluster_11615,Cluster_4489,Peve-Ptuh,0.09898943429401633,,FALSE
Cluster_11615,Cluster_4490,Peve-Ptuh,0.6218949937929503,,FALSE
Cluster_11615,Cluster_4609,Peve-Ptuh,0.6545092976666316,,FALSE
Cluster_11615,Cluster_4826,Peve-Ptuh,-0.7528153796857295,,FALSE
Cluster_11615,Cluster_4827,Peve-Ptuh,-0.024882318187861577,,FALSE
Cluster_11615,Cluster_5123,Peve-Ptuh,-0.8622641695567858,,FALSE
Cluster_11615,Cluster_5226,Peve-Ptuh,0.829237289669156,,FALSE
Cluster_11615,Cluster_5267,Peve-Ptuh,-0.5477231713207327,,FALSE
Cluster_11615,Cluster_5627,Peve-Ptuh,-0.5159472106320747,,FALSE
Cluster_11615,Cluster_5749,Peve-Ptuh,-0.1239157930952684,,FALSE
Cluster_11615,Cluster_6456,Peve-Ptuh,-0.45215061674207324,,FALSE
Cluster_11615,Cluster_6807,Peve-Ptuh,0.02559742040984324,,FALSE
Cluster_13926,Cluster_4,Peve-Ptuh,0.4173289245834226,,FALSE
Cluster_13926,Cluster_20,Peve-Ptuh,0.3498186331730457,,FALSE
Cluster_13926,Cluster_321,Peve-Ptuh,0.12880628748914855,,FALSE
Cluster_13926,Cluster_372,Peve-Ptuh,-0.044096191682526105,,FALSE
Cluster_13926,Cluster_425,Peve-Ptuh,0.12968541877530504,,FALSE
Cluster_13926,Cluster_789,Peve-Ptuh,-0.6221378673612787,,FALSE
Cluster_13926,Cluster_958,Peve-Ptuh,0.41714938677263264,,FALSE
Cluster_13926,Cluster_1047,Peve-Ptuh,0.2818744906983333,,FALSE
Cluster_13926,Cluster_1094,Peve-Ptuh,-0.2926521322137752,,FALSE
Cluster_13926,Cluster_1104,Peve-Ptuh,0.3729064804336876,,FALSE
Cluster_13926,Cluster_1126,Peve-Ptuh,0.4504938170319564,,FALSE
Cluster_13926,Cluster_1159,Peve-Ptuh,0.018954423685952557,,FALSE
Cluster_13926,Cluster_1338,Peve-Ptuh,-0.27854701284555655,,FALSE
Cluster_13926,Cluster_1345,Peve-Ptuh,0.7421955894409477,,FALSE
Cluster_13926,Cluster_1827,Peve-Ptuh,-0.3663854776517026,,FALSE
Cluster_13926,Cluster_1970,Peve-Ptuh,-0.010987470758649994,,FALSE
Cluster_13926,Cluster_1990,Peve-Ptuh,-0.19841223018972584,,FALSE
Cluster_13926,Cluster_1991,Peve-Ptuh,-0.4695664008404714,,FALSE
Cluster_13926,Cluster_2871,Peve-Ptuh,-0.7793727865969036,,FALSE
Cluster_13926,Cluster_2873,Peve-Ptuh,0.07744396839129804,,FALSE
Cluster_13926,Cluster_2897,Peve-Ptuh,-0.8345463852171663,,FALSE
Cluster_13926,Cluster_3017,Peve-Ptuh,0.230264080873336,,FALSE
Cluster_13926,Cluster_3415,Peve-Ptuh,0.36013526453056394,,FALSE
Cluster_13926,Cluster_3713,Peve-Ptuh,0.5262399468665763,,FALSE
Cluster_13926,Cluster_4092,Peve-Ptuh,-0.37396011017930636,miR-2025,TRUE
Cluster_13926,Cluster_4094,Peve-Ptuh,-0.45543160840902375,,FALSE
Cluster_13926,Cluster_4485,Peve-Ptuh,-0.16448481733604106,,FALSE
Cluster_13926,Cluster_4487,Peve-Ptuh,-0.3475667900477977,,FALSE
Cluster_13926,Cluster_4489,Peve-Ptuh,0.12116265578806391,,FALSE
Cluster_13926,Cluster_4490,Peve-Ptuh,-0.3223535849739861,,FALSE
Cluster_13926,Cluster_4609,Peve-Ptuh,-0.15927063252413787,,FALSE
Cluster_13926,Cluster_4826,Peve-Ptuh,0.09347163228996021,,FALSE
Cluster_13926,Cluster_4827,Peve-Ptuh,-0.540897772068493,,FALSE
Cluster_13926,Cluster_5123,Peve-Ptuh,-0.1626633949333174,,FALSE
Cluster_13926,Cluster_5226,Peve-Ptuh,0.6575645077958993,,FALSE
Cluster_13926,Cluster_5267,Peve-Ptuh,0.5092455900469038,,FALSE
Cluster_13926,Cluster_5627,Peve-Ptuh,-0.05695672086398662,,FALSE
Cluster_13926,Cluster_5749,Peve-Ptuh,0.657409122268637,,FALSE
Cluster_13926,Cluster_6456,Peve-Ptuh,0.2497944690415889,,FALSE
Cluster_13926,Cluster_6807,Peve-Ptuh,0.43100538657532955,,FALSE
Cluster_14602,Cluster_4,Peve-Ptuh,-0.06378080370975558,,FALSE
Cluster_14602,Cluster_20,Peve-Ptuh,-0.2971150657601944,,FALSE
Cluster_14602,Cluster_321,Peve-Ptuh,-0.7330435284008804,,FALSE
Cluster_14602,Cluster_372,Peve-Ptuh,-0.3048538793681436,,FALSE
Cluster_14602,Cluster_425,Peve-Ptuh,0.414992216770546,,FALSE
Cluster_14602,Cluster_789,Peve-Ptuh,-0.2822883870699633,,FALSE
Cluster_14602,Cluster_958,Peve-Ptuh,-0.35475322931218317,,FALSE
Cluster_14602,Cluster_1047,Peve-Ptuh,0.6208705662320043,,FALSE
Cluster_14602,Cluster_1094,Peve-Ptuh,0.4931336416402337,,FALSE
Cluster_14602,Cluster_1104,Peve-Ptuh,-0.29974806443531204,,FALSE
Cluster_14602,Cluster_1126,Peve-Ptuh,-0.4642291847812244,,FALSE
Cluster_14602,Cluster_1159,Peve-Ptuh,-0.5574261948255083,,FALSE
Cluster_14602,Cluster_1338,Peve-Ptuh,-0.6678270081252002,,FALSE
Cluster_14602,Cluster_1345,Peve-Ptuh,0.7459066188221332,,FALSE
Cluster_14602,Cluster_1827,Peve-Ptuh,0.5486598921783393,,FALSE
Cluster_14602,Cluster_1970,Peve-Ptuh,0.7579187186482094,,FALSE
Cluster_14602,Cluster_1990,Peve-Ptuh,0.32965836235243556,,FALSE
Cluster_14602,Cluster_1991,Peve-Ptuh,0.12655338606225244,,FALSE
Cluster_14602,Cluster_2871,Peve-Ptuh,-0.5328600094273251,,FALSE
Cluster_14602,Cluster_2873,Peve-Ptuh,-0.758412341610562,,FALSE
Cluster_14602,Cluster_2897,Peve-Ptuh,-0.834723408687568,,FALSE
Cluster_14602,Cluster_3017,Peve-Ptuh,0.5383801902811063,,FALSE
Cluster_14602,Cluster_3415,Peve-Ptuh,-0.03273350545063092,,FALSE
Cluster_14602,Cluster_3713,Peve-Ptuh,0.030885141796931376,,FALSE
Cluster_14602,Cluster_4092,Peve-Ptuh,0.5380495914552565,,FALSE
Cluster_14602,Cluster_4094,Peve-Ptuh,-0.282979637606437,,FALSE
Cluster_14602,Cluster_4485,Peve-Ptuh,0.6817131261481135,,FALSE
Cluster_14602,Cluster_4487,Peve-Ptuh,0.5568623131266536,,FALSE
Cluster_14602,Cluster_4489,Peve-Ptuh,0.6572780079172761,,FALSE
Cluster_14602,Cluster_4490,Peve-Ptuh,0.5671528380498302,,FALSE
Cluster_14602,Cluster_4609,Peve-Ptuh,0.04007314158623637,,FALSE
Cluster_14602,Cluster_4826,Peve-Ptuh,-0.18229573395162024,,FALSE
Cluster_14602,Cluster_4827,Peve-Ptuh,-0.6424080341353516,,FALSE
Cluster_14602,Cluster_5123,Peve-Ptuh,-0.35170503464766184,,FALSE
Cluster_14602,Cluster_5226,Peve-Ptuh,0.5044830249561942,,FALSE
Cluster_14602,Cluster_5267,Peve-Ptuh,-0.0521395550668833,,FALSE
Cluster_14602,Cluster_5627,Peve-Ptuh,0.11710168027128176,,FALSE
Cluster_14602,Cluster_5749,Peve-Ptuh,0.4752808156438468,,FALSE
Cluster_14602,Cluster_6456,Peve-Ptuh,-0.639282291886306,,FALSE
Cluster_14602,Cluster_6807,Peve-Ptuh,-0.3445304388309021,,FALSE
Cluster_14747,Cluster_4,Peve-Ptuh,-0.4877775533210767,,FALSE
Cluster_14747,Cluster_20,Peve-Ptuh,-0.5162445329643521,,FALSE
Cluster_14747,Cluster_321,Peve-Ptuh,-0.48174712048510043,,FALSE
Cluster_14747,Cluster_372,Peve-Ptuh,-0.04246543238663805,,FALSE
Cluster_14747,Cluster_425,Peve-Ptuh,0.06891837066103916,,FALSE
Cluster_14747,Cluster_789,Peve-Ptuh,0.5795361294088277,,FALSE
Cluster_14747,Cluster_958,Peve-Ptuh,-0.6288899147474648,,FALSE
Cluster_14747,Cluster_1047,Peve-Ptuh,-0.09261500791445587,,FALSE
Cluster_14747,Cluster_1094,Peve-Ptuh,0.5440541871626371,,FALSE
Cluster_14747,Cluster_1104,Peve-Ptuh,-0.5460708412729294,,FALSE
Cluster_14747,Cluster_1126,Peve-Ptuh,-0.7452815687413213,,FALSE
Cluster_14747,Cluster_1159,Peve-Ptuh,-0.23878160796932044,,FALSE
Cluster_14747,Cluster_1338,Peve-Ptuh,0.002773000333359625,,FALSE
Cluster_14747,Cluster_1345,Peve-Ptuh,-0.5263579867871128,,FALSE
Cluster_14747,Cluster_1827,Peve-Ptuh,0.6763711912007987,,FALSE
Cluster_14747,Cluster_1970,Peve-Ptuh,0.3339263924591398,,FALSE
Cluster_14747,Cluster_1990,Peve-Ptuh,0.4167564996311837,,FALSE
Cluster_14747,Cluster_1991,Peve-Ptuh,0.5815546329291212,,FALSE
Cluster_14747,Cluster_2871,Peve-Ptuh,0.7150565272248607,,FALSE
Cluster_14747,Cluster_2873,Peve-Ptuh,-0.42097104096430726,,FALSE
Cluster_14747,Cluster_2897,Peve-Ptuh,0.6053616958575188,,FALSE
Cluster_14747,Cluster_3017,Peve-Ptuh,0.0015905797453859007,,FALSE
Cluster_14747,Cluster_3415,Peve-Ptuh,-0.4037174781215856,,FALSE
Cluster_14747,Cluster_3713,Peve-Ptuh,-0.6443984046842773,,FALSE
Cluster_14747,Cluster_4092,Peve-Ptuh,0.678025056266665,,FALSE
Cluster_14747,Cluster_4094,Peve-Ptuh,0.376576224962641,,FALSE
Cluster_14747,Cluster_4485,Peve-Ptuh,0.5089287834892329,,FALSE
Cluster_14747,Cluster_4487,Peve-Ptuh,0.6531402112034929,,FALSE
Cluster_14747,Cluster_4489,Peve-Ptuh,0.11826415511530251,,FALSE
Cluster_14747,Cluster_4490,Peve-Ptuh,0.6434049873168961,,FALSE
Cluster_14747,Cluster_4609,Peve-Ptuh,0.24869058236183678,,FALSE
Cluster_14747,Cluster_4826,Peve-Ptuh,-0.23278025017145385,,FALSE
Cluster_14747,Cluster_4827,Peve-Ptuh,0.3886409291013713,,FALSE
Cluster_14747,Cluster_5123,Peve-Ptuh,-0.0032232776786761765,,FALSE
Cluster_14747,Cluster_5226,Peve-Ptuh,-0.5247399513752894,,FALSE
Cluster_14747,Cluster_5267,Peve-Ptuh,-0.6596460415136,,FALSE
Cluster_14747,Cluster_5627,Peve-Ptuh,0.07726356371240452,,FALSE
Cluster_14747,Cluster_5749,Peve-Ptuh,-0.601306347971033,,FALSE
Cluster_14747,Cluster_6456,Peve-Ptuh,-0.5739456319655101,,FALSE
Cluster_14747,Cluster_6807,Peve-Ptuh,-0.6411066069641688,,FALSE
Cluster_15329,Cluster_4,Peve-Ptuh,0.6975582364908104,,FALSE
Cluster_15329,Cluster_20,Peve-Ptuh,0.7980156721319521,,FALSE
Cluster_15329,Cluster_321,Peve-Ptuh,0.5747496470045141,,FALSE
Cluster_15329,Cluster_372,Peve-Ptuh,0.8810389649543456,,FALSE
Cluster_15329,Cluster_425,Peve-Ptuh,0.29089712913738575,,FALSE
Cluster_15329,Cluster_789,Peve-Ptuh,-0.4154268830812112,,FALSE
Cluster_15329,Cluster_958,Peve-Ptuh,0.7459921065278567,,FALSE
Cluster_15329,Cluster_1047,Peve-Ptuh,-0.98796613985392,,FALSE
Cluster_15329,Cluster_1094,Peve-Ptuh,-0.8125229496518162,,FALSE
Cluster_15329,Cluster_1104,Peve-Ptuh,0.7848714062378278,,FALSE
Cluster_15329,Cluster_1126,Peve-Ptuh,0.39834716675166576,,FALSE
Cluster_15329,Cluster_1159,Peve-Ptuh,0.9540209134230705,,FALSE
Cluster_15329,Cluster_1338,Peve-Ptuh,0.0030373597622830512,,FALSE
Cluster_15329,Cluster_1345,Peve-Ptuh,-0.10332036002758453,,FALSE
Cluster_15329,Cluster_1827,Peve-Ptuh,-0.5551268688700274,,FALSE
Cluster_15329,Cluster_1970,Peve-Ptuh,-0.8721725028196927,,FALSE
Cluster_15329,Cluster_1990,Peve-Ptuh,0.23991418778128576,,FALSE
Cluster_15329,Cluster_1991,Peve-Ptuh,-0.6977805057963069,,FALSE
Cluster_15329,Cluster_2871,Peve-Ptuh,0.7078095083285306,,FALSE
Cluster_15329,Cluster_2873,Peve-Ptuh,0.7601979432296111,,FALSE
Cluster_15329,Cluster_2897,Peve-Ptuh,0.2976784496727195,,FALSE
Cluster_15329,Cluster_3017,Peve-Ptuh,0.1655894392226471,,FALSE
Cluster_15329,Cluster_3415,Peve-Ptuh,0.6986677196792083,,FALSE
Cluster_15329,Cluster_3713,Peve-Ptuh,-0.4520291206932704,,FALSE
Cluster_15329,Cluster_4092,Peve-Ptuh,-0.5891913471128309,,FALSE
Cluster_15329,Cluster_4094,Peve-Ptuh,-0.4582212738870114,,FALSE
Cluster_15329,Cluster_4485,Peve-Ptuh,-0.41927724136708167,,FALSE
Cluster_15329,Cluster_4487,Peve-Ptuh,-0.6297027812482889,,FALSE
Cluster_15329,Cluster_4489,Peve-Ptuh,-0.9863957917114309,,FALSE
Cluster_15329,Cluster_4490,Peve-Ptuh,-0.38734284388952217,,FALSE
Cluster_15329,Cluster_4609,Peve-Ptuh,0.5955394363320714,,FALSE
Cluster_15329,Cluster_4826,Peve-Ptuh,-0.475988553574444,,FALSE
Cluster_15329,Cluster_4827,Peve-Ptuh,0.9268229679456976,,FALSE
Cluster_15329,Cluster_5123,Peve-Ptuh,-0.37368075636363096,,FALSE
Cluster_15329,Cluster_5226,Peve-Ptuh,0.21081687249926234,,FALSE
Cluster_15329,Cluster_5267,Peve-Ptuh,-0.36419970160576953,,FALSE
Cluster_15329,Cluster_5627,Peve-Ptuh,-0.7739301755515061,,FALSE
Cluster_15329,Cluster_5749,Peve-Ptuh,-0.7695733561838816,,FALSE
Cluster_15329,Cluster_6456,Peve-Ptuh,0.6747081166144709,,FALSE
Cluster_15329,Cluster_6807,Peve-Ptuh,0.73536033417355,,FALSE
